run,generation,degenerate,holistic,other,compositional,popsize,turnover_rounds,group_rounds
38,0,0.9987713554999793,1.4267839920713722e-08,0.0012266915175253483,1.938714656782331e-06,25,20,20
38,1,0.6991625895207211,4.257729285619594e-05,0.28952740010541367,0.011267433081001295,25,20,20
38,2,0.5513527036246281,0.0032023754860373943,0.43427460758558284,0.011170313303756335,25,20,20
38,3,0.31807217979586777,0.013417151108630801,0.6513459169825464,0.017164752112952642,25,20,20
38,4,0.2829170237218646,0.0007286089231710294,0.6797475777484867,0.036606789606475613,25,20,20
38,5,0.16922799704990293,0.015424031554234087,0.7662849994526704,0.04906297194318718,25,20,20
38,6,0.09682112089759025,0.0007277617939905258,0.8712609966520855,0.031190120656330908,25,20,20
38,7,0.08926825014787435,0.0007277473029285154,0.8705945249502502,0.03940947759894458,25,20,20
38,8,0.08926907957024302,0.0007276929638614267,0.8216854197243374,0.08831780774155625,25,20,20
38,9,0.0855541953066561,0.0007276444883517215,0.7949192446457135,0.11879891555927685,25,20,20
38,10,0.08555433138598004,0.0007276452785728805,0.7542158827163741,0.15950214061907197,25,20,20
38,11,0.05327497986919263,0.0007276452132106224,0.7503572701287261,0.1956401047888697,25,20,20
38,12,0.09172324344250489,0.00072876052980165,0.7080470250696197,0.19950097095807295,25,20,20
38,13,0.09205265199397548,0.0007287607059429118,0.6751114736717098,0.23210711362837116,25,20,20
38,14,0.0920529558248387,0.0007287607059429112,0.675111258236972,0.23210702523224566,25,20,20
38,15,0.09205449907452881,0.0007287612252147918,0.6751080185971873,0.23210872110306874,25,20,20
38,16,0.14838098412092632,0.0007294420247601157,0.6187143111675462,0.2321752626867669,25,20,20
38,17,0.14837618369499916,0.0007321728432725735,0.6187163767701586,0.2321752666915688,25,20,20
38,18,0.15728319920898567,4.5359797500160766e-06,0.6105366897287576,0.23217557508250608,25,20,20
38,19,0.15729446201882102,1.8051743796678544e-06,0.5705298576088564,0.2721738751979425,25,20,20
38,20,0.1968364524866001,1.8300956025688525e-06,0.5309878421473443,0.2721738752704528,25,20,20
38,21,0.19683643895876113,1.830073055907394e-06,0.5235940567733948,0.279567674194788,25,20,20
38,22,0.2011538473393618,1.1491055299663022e-06,0.5192774533387443,0.27956755021636387,25,20,20
38,23,0.23520440009644383,1.1486622659279057e-06,0.48522690106824834,0.27956755017304163,25,20,20
38,24,0.24809065779627815,1.149017265370691e-06,0.4723406383430444,0.2795675548434118,25,20,20
38,25,0.24887307064595718,1.1486627926079175e-06,0.47155819448209546,0.2795675862091541,25,20,20
38,26,0.24888151484105867,1.148662796823779e-06,0.47155437169019215,0.27956296480595183,25,20,20
38,27,0.24888188216190962,1.1486627968245292e-06,0.4715540078762875,0.27956296129900554,25,20,20
38,28,0.2307527708919684,1.1486627968454448e-06,0.4896831191462285,0.27956296129900576,25,20,20
38,29,0.19211318387377893,3.4139675443505715e-06,0.5283204375354137,0.2795629646232627,25,20,20
38,30,0.2090591877827386,3.4139940345759913e-06,0.5113742975808823,0.27956310064234424,25,20,20
38,31,0.2090591877827354,3.41399403035834e-06,0.511374291009286,0.2795631072139479,25,20,20
38,32,0.2150056953173762,3.413918023014219e-06,0.5054277835507613,0.2795631072138387,25,20,20
38,33,0.2150056953171941,3.4139180187217678e-06,0.5054230783065978,0.2795678124581885,25,20,20
38,34,0.21471318404718404,1.2565377733546562e-05,0.5057064246835214,0.27956782589156154,25,20,20
38,35,0.17530081215373378,1.2565377733513297e-05,0.5451188805656088,0.2795677419029246,25,20,20
38,36,0.1753016455421027,1.2605783085334342e-05,0.5445029060016401,0.28018284267317295,25,20,20
38,37,0.17515636460599282,1.2831699105174355e-05,0.544647332492085,0.2801834712028177,25,20,20
38,38,0.20022726941418334,1.3016816693825074e-05,0.5195762270916507,0.28018348667747306,25,20,20
38,39,0.17814024160489697,1.3737425021027847e-05,0.5418369474038094,0.28000907356627414,25,20,20
38,40,0.17814024160489703,1.3737425021030468e-05,0.541837099968607,0.2800089210014767,25,20,20
38,41,0.17805256998949626,1.3737407054791779e-05,0.5419249098098294,0.28000878279362135,25,20,20
38,42,0.17826366890811815,1.373731351148605e-05,0.5417151871411666,0.280007406637205,25,20,20
38,43,0.1782636616884006,1.4081895364153079e-05,0.5459946908173169,0.2757275655989195,25,20,20
38,44,0.13992986467128948,1.4791480936634075e-05,0.5843277199026822,0.27572762394509265,25,20,20
38,45,0.1399298646712894,1.4791480936560104e-05,0.5843342415974756,0.27572110225029933,25,20,20
38,46,0.13992988646481921,1.4791481096728056e-05,0.5843342173655088,0.27572110468857614,25,20,20
38,47,0.14218514039167507,1.4620749214162092e-05,0.5820789509792899,0.2757212878798219,25,20,20
38,48,0.1421851403918572,1.4620749458851291e-05,0.5820806896008379,0.27571954925784703,25,20,20
38,49,0.14221614702900084,1.3928442065094411e-05,0.582050435482715,0.27571948904622023,25,20,20
38,50,0.14233468732966784,1.3928442079101868e-05,0.5819318951807512,0.2757194890475038,25,20,20
38,51,0.14233298473908712,1.3927741130359527e-05,0.5774659623983024,0.2801871251214817,25,20,20
38,52,0.14336698729891956,1.28124276413625e-05,0.5764330767301505,0.28018712354329045,25,20,20
38,53,0.14336698771672501,1.2811637449939953e-05,0.5872692573152171,0.2693509433306096,25,20,20
38,54,0.1464920834670871,1.2811637938722531e-05,0.5841441615631984,0.2693509433317769,25,20,20
38,55,0.14649203777477596,1.3917854925686347e-05,0.5837817028669534,0.2697123415033464,25,20,20
38,56,0.14649036740858168,4.772654780086709e-06,0.5837925318620334,0.26971232807460604,25,20,20
38,57,0.1474518737585834,4.801515211315899e-06,0.5828307331790197,0.26971259154718674,25,20,20
38,58,0.14733541986525253,4.80153060284456e-06,0.5829471870582207,0.2697125915459257,25,20,20
38,59,0.17320804432398051,4.773032116086881e-06,0.5570745911403486,0.2697125915035568,25,20,20
38,60,0.1718616629521657,1.2849606900134803e-05,0.558412898729143,0.26971258871179205,25,20,20
38,61,0.20499018331302898,1.2849684761900643e-05,0.5252843782841169,0.26971258871809334,25,20,20
38,62,0.20499018341678257,1.284968501712422e-05,0.5188940144674475,0.27610295243075367,25,20,20
38,63,0.20477315324913625,1.2854729030217458e-05,0.5191110155501595,0.2761029764716746,25,20,20
38,64,0.20477315324913625,1.2854729030218732e-05,0.5191110141219513,0.27610297789988264,25,20,20
38,65,0.23882506084299707,1.2854806211800349e-05,0.4850591088888488,0.2761029754619424,25,20,20
38,66,0.2378635331647699,1.2854461267424841e-05,0.486020902864918,0.2761027095090452,25,20,20
38,67,0.2378635331647699,1.2854461267424841e-05,0.4860143000991616,0.2761093122748016,25,20,20
38,68,0.23786352872474964,1.2903501377119048e-05,0.4860142554990503,0.276109312274823,25,20,20
38,69,0.23786525506544087,0.00013739338647570905,0.48588803968399424,0.276109311864089,25,20,20
38,70,0.2125926825016969,0.0010361761414627657,0.5101853326034506,0.27618580875338933,25,20,20
38,71,0.21259268250169774,0.001036176141462915,0.5101876102752185,0.27618353108162025,25,20,20
38,72,0.21264507975765654,0.001037433236805962,0.5101339558578674,0.27618353114766964,25,20,20
38,73,0.21264526291195707,0.0010373297898798551,0.5101355215645432,0.2761818857336179,25,20,20
38,74,0.21264526291195715,0.0010373297898842173,0.5101419722857572,0.2761754350123993,25,20,20
38,75,0.2126452629118206,0.0010373297898841883,0.5101469136998701,0.27617049359842294,25,20,20
38,76,0.2493212482080739,0.0010373297894417327,0.4734709284049623,0.27617049359752105,25,20,20
38,77,0.28925630492612053,0.001037304868217428,0.4335358966806436,0.2761704935250179,25,20,20
38,78,0.2894529992402128,0.001037304868161789,0.4333392023668723,0.2761704935247525,25,20,20
38,79,0.28945299924279977,0.001037304868161939,0.4334825677135508,0.2760271281754867,25,20,20
38,80,0.28945310179287775,0.0010370858189931965,0.43348270470876005,0.2760271076793683,25,20,20
38,81,0.285589932557264,0.0010370858996896926,0.4373458738569327,0.2760271076861133,25,20,20
38,82,0.28538976949572176,0.0010370859006757398,0.4375460163645977,0.27602712823900405,25,20,20
38,83,0.28538976949567624,0.0010370859004311549,0.43754403760529137,0.27602910699860056,25,20,20
38,84,0.28538976949567624,0.001037085900422704,0.43727778737940504,0.27629535722449555,25,20,20
38,85,0.2847578848248461,0.0010370860793509982,0.4379096718417747,0.2762953572540277,25,20,20
38,86,0.28295519029277727,0.0010371222281454029,0.43970747833760726,0.27630020914146963,25,20,20
38,87,0.2803426816619954,0.001037365376129069,0.4423197234699678,0.2763002294919076,25,20,20
38,88,0.2803426816619954,0.0010373653761289938,0.44231977135546474,0.27630018160641084,25,20,20
38,89,0.28034268113006655,0.0010373653756967775,0.4376515283040788,0.2809684251901575,25,20,20
38,90,0.2803426811300674,0.0010373653757010672,0.43765805376148004,0.28096189973275115,25,20,20
38,91,0.28041282816640367,0.0010360315412870833,0.4379438438164044,0.2806072964759044,25,20,20
38,92,0.2804037288009655,0.0010360333029476524,0.4371790154822262,0.28138122241386027,25,20,20
38,93,0.29214837977005215,0.001036024215052239,0.4254345246557411,0.2813810713591542,25,20,20
38,94,0.2909689704155938,0.0010360587638117238,0.4266138250316366,0.2813811457889581,25,20,20
38,95,0.2909689352027347,0.0010360626012128325,0.4266138564117244,0.2813811457843276,25,20,20
38,96,0.29439591036651264,0.00103603452621284,0.4231801848181575,0.28138787028911594,25,20,20
38,97,0.2945937634485457,0.0010360345201379986,0.4229823318006225,0.28138787023069206,25,20,20
38,98,0.29459376344595867,0.0010360345201421396,0.42284358954081563,0.2815266124930819,25,20,20
38,99,0.29460824235130323,0.0010360345933356613,0.42282911054472455,0.2815266125106348,25,20,20
38,100,0.29460824235148536,0.0010360345933357357,0.4228246051084898,0.2815311179466874,25,20,20
38,101,0.2946082423514853,0.0010360345933356618,0.4228199843217977,0.28153573873337934,25,20,20
38,102,0.2946082423514886,0.0010360345935802554,0.42282473874264825,0.28153098431228096,25,20,20
38,103,0.29460824235148775,0.0010360345935802571,0.42281975567851054,0.2815359673764194,25,20,20
38,104,0.29460824235148786,0.0010360345938232542,0.4230859444048574,0.2812697786498293,25,20,20
38,105,0.29460824235130567,0.0010360345938188872,0.4230857462889697,0.28126997676590365,25,20,20
38,106,0.29460824235130567,0.0010360345938145957,0.42308420135415753,0.28127152170072006,25,20,20
38,107,0.2956717034463018,0.001035995261616039,0.39587844470723843,0.3074138565848426,25,20,20
38,108,0.29567170344630184,0.00103599526162033,0.39588497267864065,0.307407328613436,25,20,20
38,109,0.29567170344648075,0.0010359952613801019,0.3958803358840152,0.3074119654081227,25,20,20
38,110,0.2957902823237584,0.0010359851797612665,0.3957617670870745,0.30741196540940446,25,20,20
38,111,0.2955942709490419,0.0010359851066790906,0.39595777684158096,0.30741196710269686,25,20,20
38,112,0.2945299674689985,0.0010359840335260539,0.3837797027478379,0.3206543457496349,25,20,20
38,113,0.2799503790653935,0.001035944848623426,0.398359426895391,0.32065424919059005,25,20,20
38,114,0.27995037906539344,0.0010359448483804317,0.39809318884553363,0.3209204872406905,25,20,20
38,115,0.2799521261051474,0.0010359430857534834,0.398873249680548,0.3201386811285492,25,20,20
38,116,0.2799521261051466,0.0010359430857533353,0.3988710844726608,0.32014084633643763,25,20,20
38,117,0.2799521261051474,0.0010359430857576277,0.3988776912061667,0.32013423960292653,25,20,20
38,118,0.2799521261051474,0.001035943085997919,0.3988777897428566,0.3201341410659964,25,20,20
38,119,0.27995241217999883,0.0009011121679751592,0.399012334707765,0.3201341409442602,25,20,20
38,120,0.2799524121799989,0.0009011121679751605,0.39901236754119523,0.32013410811082993,25,20,20
38,121,0.2799524121799525,0.0009011121682189886,0.3991052677580676,0.32004120789376034,25,20,20
38,122,0.2805870467772531,0.0009011121669217566,0.3985371747401836,0.319974666315641,25,20,20
38,123,0.28058704677743607,0.0009011121666779271,0.3984473134928732,0.32006452756301224,25,20,20
38,124,0.2805870467774353,0.0009011121666736362,0.39844082264543634,0.3200710184104541,25,20,20
38,125,0.2805870467774353,0.0009011121666737101,0.39844232980871913,0.32006951124717126,25,20,20
38,126,0.26945569805099556,0.0009011150213658725,0.4095728868866182,0.32007030004102005,25,20,20
38,127,0.26945569805081343,0.0009011150213615069,0.40957280261992174,0.3200703843079029,25,20,20
38,128,0.25521781959004847,0.0009010789020277585,0.4238155681066611,0.3200655334012616,25,20,20
38,129,0.2545485447225249,2.299042372259128e-06,0.42290365710426137,0.3225454991308402,25,20,20
38,130,0.25456347267295276,2.29614888646446e-06,0.42534960721347015,0.3200846239646895,25,20,20
38,131,0.22111524518594794,2.052920209958501e-06,0.45879809828634044,0.32008460360750013,25,20,20
38,132,0.2211152451859479,2.05292020988321e-06,0.45879798437217145,0.32008471752166917,25,20,20
38,133,0.22111524518595108,2.0529202141462615e-06,0.4590642033308266,0.3198184985630061,25,20,20
38,134,0.22111524518595108,2.0529202141462637e-06,0.459062695557815,0.3198200063360175,25,20,20
38,135,0.21409522798741018,2.5340019801183028e-06,0.46608215355924526,0.319820084451362,25,20,20
38,136,0.2140952279872241,2.534001984184872e-06,0.4660836345381505,0.31981860347263885,25,20,20
38,137,0.21402634747694024,2.534002133362878e-06,0.46615251261076274,0.3198186059101614,25,20,20
38,138,0.21482992239739412,2.528704323695921e-06,0.46534899059917817,0.3198185582991016,25,20,20
38,139,0.21482992239739418,2.528704323694624e-06,0.4653489925993232,0.3198185562989568,25,20,20
38,140,0.2304264587805169,2.528386568830921e-06,0.44975245758752613,0.319818555245387,25,20,20
38,141,0.23042645878051693,2.528386568829941e-06,0.4497495026442603,0.3198215101886528,25,20,20
38,142,0.23042645878051693,2.5283865688286436e-06,0.44975178043056524,0.31981923240234783,25,20,20
38,143,0.23743803977162753,2.0589665709571754e-06,0.4427375231611845,0.31982237810061565,25,20,20
38,144,0.23743803977162758,2.0589665752461945e-06,0.4427376059465529,0.3198222953152429,25,20,20
38,145,0.23730166699478036,2.064114245301035e-06,0.4428739723069273,0.31982229658404576,25,20,20
38,146,0.23730166699478036,2.0641142452257438e-06,0.44287385644490085,0.31982241244607224,25,20,20
38,147,0.23734164434602867,2.0655902058671806e-06,0.4428336759392599,0.31982261412450486,25,20,20
38,148,0.24201452709186064,2.132497342881684e-06,0.4376267827021612,0.32035655770863464,25,20,20
38,149,0.24201452709186067,2.132497342883004e-06,0.43762441746932446,0.32035892294147134,25,20,20
38,150,0.2221582386259896,2.1409980084957674e-06,0.45747848504656674,0.3203611353294344,25,20,20
38,151,0.2205380459264125,2.1211278076933978e-06,0.4586975244636447,0.3207623084821341,25,20,20
38,152,0.22056567548275272,2.0949636022502323e-06,0.42124438024231403,0.3581878493113297,25,20,20
38,153,0.22056416156078718,2.095473862880706e-06,0.4212458960907794,0.3581878468745688,25,20,20
38,154,0.22054949204605737,2.1876265412409165e-05,0.42124206296854866,0.35818656871997995,25,20,20
38,155,0.22054948769388238,2.1014595954250375e-06,0.4212633730182113,0.3581850378283093,25,20,20
38,156,0.25650602539308154,2.1006172388242176e-06,0.38530683577200286,0.3581850382176758,25,20,20
38,157,0.2565060253930815,2.1006172345325803e-06,0.38530663911301066,0.3581852348766723,25,20,20
38,158,0.25223274866729045,2.032979869137369e-06,0.39011016721057296,0.3576550511422654,25,20,20
38,159,0.2522327486672904,2.032979864847218e-06,0.3901085344879774,0.35765668386486543,25,20,20
38,160,0.25223274866729034,2.032979860482332e-06,0.3901020436393888,0.35766317471345843,25,20,20
38,161,0.2541509635165878,2.0363182890441453e-06,0.3881846195862386,0.3576623805788824,25,20,20
38,162,0.25255388440177656,1.3267328735486409e-06,0.3897823304954272,0.35766245836992033,25,20,20
38,163,0.252525969139654,1.3259622182921265e-06,0.38724049308185615,0.36023221181626885,25,20,20
38,164,0.25252590378827056,1.325962491895598e-06,0.3872405584317245,0.3602322118175092,25,20,20
38,165,0.2524083627981314,2.7194714959574793e-06,0.3873567038692485,0.3602322138611199,25,20,20
38,166,0.24899899892628674,2.71902188500556e-06,0.39077279025972744,0.3602254917920995,25,20,20
38,167,0.24716007767101542,2.7190315976099907e-06,0.3930181856534973,0.3598190176438882,25,20,20
38,168,0.253675970167797,2.7244395863743423e-06,0.38650226327191073,0.35981904212070476,25,20,20
38,169,0.25674713404003047,1.4182889728958338e-06,0.38343240561638436,0.3598190420546118,25,20,20
38,170,0.2567471340400305,1.4182889728958575e-06,0.3834341097878062,0.3598173378831898,25,20,20
38,171,0.25668740359546954,1.4188043657269867e-06,0.3834939758118059,0.35981720178835824,25,20,20
38,172,0.2596460133242519,1.4192019432437418e-06,0.38053536562127555,0.35981720185252797,25,20,20
38,173,0.25964601332424553,1.419201943091901e-06,0.38053089206538976,0.35982167540842047,25,20,20
38,174,0.259646299160867,3.882134978190637e-06,0.38052827944874745,0.3598215392554065,25,20,20
38,175,0.25914423025575134,3.881901160596294e-06,0.38103431011650196,0.3598175777265861,25,20,20
38,176,0.2591442302583461,3.881915099975608e-06,0.3810466311148779,0.35980525671167585,25,20,20
38,177,0.2591442302583461,3.881915099975608e-06,0.3810465956940599,0.35980529213249407,25,20,20
38,178,0.2610552615211328,3.881399181369018e-06,0.3791355637870975,0.35980529329258815,25,20,20
38,179,0.2610550696547968,0.015486656556312097,0.3624507137082981,0.361007560080593,25,20,20
38,180,0.2610550859339529,0.015486656045899489,0.3624506979403048,0.3610075600798443,25,20,20
38,181,0.2610550859339528,0.015486656045903779,0.3624522923836938,0.3610059656364512,25,20,20
38,182,0.2610550859339497,0.015486656045899517,0.3625591168192595,0.3608991412008934,25,20,20
38,183,0.22395562926093274,0.015487480791401758,0.399428265644625,0.3611286243030427,25,20,20
38,184,0.22395562940885344,0.01548748079165063,0.39906194304983345,0.3614949467496647,25,20,20
38,185,0.22395562940625877,0.015487480777711251,0.3990544197497081,0.3615024700663241,25,20,20
38,186,0.19107351585978818,0.015487531790360911,0.43192961177107364,0.36150934057877904,25,20,20
38,187,0.19157445405962878,0.015487531790029475,0.4314286752829572,0.36150933886738684,25,20,20
38,188,0.18856747666740564,0.015487531400853016,0.43443551700103566,0.36150947493070695,25,20,20
38,189,0.17170833118104614,0.015487531614508627,0.4512946603060751,0.3615094768983714,25,20,20
38,190,0.1870985881214353,0.015487551015505408,0.4359042924161624,0.36150956844689847,25,20,20
38,191,0.1870985881214353,0.015487551015505405,0.4359042119408138,0.3615096489222471,25,20,20
38,192,0.19288533951507256,0.015486157491376525,0.4301188526053632,0.36150965038818866,25,20,20
38,193,0.15594916269990625,0.015486230387765153,0.46705482940511833,0.3615097775072099,25,20,20
38,194,0.1559491626999062,0.01548623038752057,0.4670482059154308,0.36151640099714205,25,20,20
38,195,0.15588098467157405,0.015486230387550521,0.4671165176356567,0.3615162673052182,25,20,20
38,196,0.15588092241781248,0.0008071289089116119,0.4830235034015884,0.36028844527168646,25,20,20
38,197,0.1569076516693971,0.00080712940604244,0.4819892102008062,0.36029600872375334,25,20,20
38,198,0.1569076516694003,0.0008071294062870349,0.4819940437346392,0.36029117518967235,25,20,20
38,199,0.1569076516694002,0.0008071294062870349,0.481992342121995,0.3602928768023168,25,20,20
38,200,0.18984789501324836,0.000804666041606654,0.4490545418731249,0.36029289707202006,25,20,20
38,201,0.18984789501343047,0.0008046660416025117,0.4490530842319216,0.36029435471304544,25,20,20
38,202,0.1898478950134337,0.0008046660416068043,0.4490578316778353,0.3602896072671241,25,20,20
38,203,0.1901075874612081,0.0008046608939642142,0.44879814564637677,0.36028960599845045,25,20,20
38,204,0.19269609517241626,0.0008046608937194179,0.44620963793541324,0.36028960599845,25,20,20
38,205,0.19269609517223413,0.000804660893723559,0.4462096693520357,0.3602895745820055,25,20,20
38,206,0.1926960951722309,0.000804660893478964,0.4462048358528199,0.3602944080814692,25,20,20
38,207,0.18691030119811777,0.000804660894018359,0.4512623761580768,0.36102266174978603,25,20,20
38,208,0.18604692499812012,0.0008046098980651478,0.45213267387203565,0.36101579123177807,25,20,20
38,209,0.1860469249968922,9.341421459208274e-07,0.4495510634836816,0.36440107737727934,25,20,20
38,210,0.186080024824916,9.341211096107108e-07,0.44951413476994806,0.3644049062840272,25,20,20
38,211,0.1837630646069489,1.0554320377257583e-07,0.45206143107949137,0.3641753987703579,25,20,20
38,212,0.1837630646071311,1.0554320392313734e-07,0.45206160075821145,0.3641752290914556,25,20,20
38,213,0.18376863215281186,1.3032417977566842e-08,0.45205634635733366,0.364175008457438,25,20,20
38,214,0.18375132922502213,4.264959855016036e-08,0.452073622104444,0.3641750060209368,25,20,20
38,215,0.1837371558417949,3.033195093336815e-07,0.4520862705953366,0.3641762702433609,25,20,20
38,216,0.15920101428250213,0.00013734527732617118,0.4764853852246248,0.36417625521554625,25,20,20
38,217,0.19704454136463273,0.00013736456616874593,0.43864174524717003,0.36417634882202804,25,20,20
38,218,0.19704454121671197,0.00013736456591986968,0.43863491058845155,0.36418318362891605,25,20,20
38,219,0.1970445412167112,0.00013736456591994625,0.43863479494246554,0.3641832992749034,25,20,20
38,220,0.1970445412169233,0.0001373607266570491,0.4385169294411131,0.3643011686153062,25,20,20
38,221,0.1969106383571507,0.00013736072787883837,0.43864946749791983,0.36430253341704905,25,20,20
38,222,0.1969106383571507,0.00013736072787883706,0.4386493536487285,0.3643026472662406,25,20,20
38,223,0.16097775674712028,0.0001402970485952202,0.47458066017586836,0.36430128602841455,25,20,20
38,224,0.1762981982903783,0.00014029728549284155,0.4592677811279605,0.36429372329616716,25,20,20
38,225,0.17629819829037832,0.00014029728549284286,0.45926789569047777,0.36429360873364997,25,20,20
38,226,0.17629819828151386,0.00014029777825996575,0.4592677612914439,0.3642937426487807,25,20,20
38,227,0.21225644934993884,0.00014029777897622353,0.4240377452055112,0.36356550766557205,25,20,20
38,228,0.21225644934993884,0.00014029777897622486,0.4240378590547026,0.3635653938163806,25,20,20
38,229,0.21148684340793797,0.00014029778639658604,0.42480746498983635,0.3635653938158272,25,20,20
38,230,0.21148684340793797,0.0001402977864008772,0.4248121665679752,0.3635606922376844,25,20,20
38,231,0.211486843407938,0.0001402977864008772,0.4248121347230633,0.36356072408259643,25,20,20
38,232,0.211486843407938,0.00014029778640087723,0.4248121672712045,0.3635606915344551,25,20,20
38,233,0.21148921942063745,0.0008678556630820943,0.4276515443791824,0.35999138053709645,25,20,20
38,234,0.21148921942064064,0.0008678556630863858,0.4276516272138885,0.3599912977023829,25,20,20
38,235,0.21148921942064075,0.0008678556630863104,0.42765621506165125,0.3599867098546201,25,20,20
38,236,0.2115145719191472,0.0008678370289321232,0.4182620613866373,0.36935552966528135,25,20,20
38,237,0.21151457206705565,0.0008678370289279068,0.41827115381647895,0.3693464370875354,25,20,20
38,238,0.21151219648445183,0.0007331070772359681,0.4184080655673457,0.369346630870964,25,20,20
38,239,0.21141420426914903,0.0007307887996720319,0.4185085700283262,0.3693464369028503,25,20,20
38,240,0.20786188384688056,0.0007278530601333899,0.38880135789327924,0.4026089051997046,25,20,20
38,241,0.21190151558498688,0.0007278530586510979,0.38476174835259996,0.40260888300375997,25,20,20
38,242,0.19600831316305883,0.0007278654980003139,0.40065493793382245,0.4026088834051174,25,20,20
38,243,0.19600670998217085,0.0007285637548061079,0.4006558428575785,0.40260888340544343,25,20,20
38,244,0.19555272265505125,0.0007285643682161183,0.40110982951942903,0.40260888345730245,25,20,20
38,245,0.19555272265505125,0.0007285643682161923,0.4011097974351744,0.402608915541557,25,20,20
38,246,0.19555272265764617,0.0007285643823967011,0.4011194667292745,0.4025992462306812,25,20,20
38,247,0.19555383934555295,0.0007286033517794263,0.4011111426314388,0.40260641467122754,25,20,20
38,248,0.23392044582929208,1.0454042634620443e-06,0.36347316171571703,0.4026053470507256,25,20,20
38,249,0.23559027259840662,1.045879568928909e-06,0.36180333341980486,0.40260534810221915,25,20,20
38,250,0.22954596192858848,1.046032468436743e-06,0.3678476435690918,0.40260534846985,25,20,20
38,251,0.22954596192877055,1.0460324728036488e-06,0.3678430439867288,0.40260994805202655,25,20,20
38,252,0.2627650109620693,1.0443804053825443e-06,0.33462399631490763,0.4026099483426164,25,20,20
38,253,0.26276501096206606,1.0443804011653665e-06,0.3346193641556085,0.4026145805019229,25,20,20
38,254,0.25918384742371064,0.000796231950285607,0.3336141279340672,0.40640579269193516,25,20,20
38,255,0.2607920596658765,0.0007962319502939631,0.3320059157199838,0.40640579266384436,25,20,20
38,256,0.22734520266962494,0.0007964888535879626,0.36545251579813653,0.4064057926786493,25,20,20
38,257,0.193324259249308,0.0007966616853666682,0.399426332288197,0.4064527467771276,25,20,20
38,258,0.19332425925144592,0.0007966623400082285,0.40647456739595955,0.3994045110125844,25,20,20
38,259,0.19332425925126373,0.0007966623400081517,0.40647442474301365,0.3994046536657125,25,20,20
38,260,0.19332425223672803,0.0007966616675015675,0.3999886100410932,0.4058904760546762,25,20,20
38,261,0.1873683637033454,0.0008187066197719539,0.3999315009474654,0.4118814287294162,25,20,20
38,262,0.18732624255109745,0.0008187061428537504,0.3999774514838005,0.41187759982224625,25,20,20
38,263,0.18732605510631553,0.0013745141414747868,0.39942183130680115,0.41187759944540664,25,20,20
38,264,0.15442258089960015,0.0013759804561716865,0.43232367714972364,0.41187776149450067,25,20,20
38,265,0.1544214668055966,0.0013759277000012376,0.4323320136120183,0.4118705918823802,25,20,20
38,266,0.15442146680300245,0.0013759276858208032,0.43232685125193554,0.41187575425923784,25,20,20
38,267,0.1544214668008645,0.0013759270311749536,0.42527402714325513,0.418928579024702,25,20,20
38,268,0.15442146680086768,0.0013759270311749546,0.42527873551718093,0.4189238706507731,25,20,20
38,269,0.15442146730216638,0.0013759270546906406,0.43153804947045743,0.41266455617268244,25,20,20
38,270,0.15410018336401826,0.0013759271448667016,0.4318593333107569,0.412664556180355,25,20,20
38,271,0.15410018336405454,0.0013759271561543818,0.44003636490510856,0.4044875245746794,25,20,20
38,272,0.14920895999246675,0.0013759270682169873,0.44492758806556354,0.40448752487374967,25,20,20
38,273,0.14920895999219524,0.001375927068212747,0.4446760819278241,0.4047390310117649,25,20,20
38,274,0.16378330255056922,0.001375943014580325,0.43010172210055736,0.4047390323342908,25,20,20
38,275,0.1658464644311592,0.0013759237141577837,0.4280386731265503,0.40473893872813144,25,20,20
38,276,0.19979740544947103,0.0005807399882613467,0.39867412986166223,0.40094772470060425,25,20,20
38,277,0.22022921417579153,0.0005807286751041461,0.3782423330086899,0.40094772414041296,25,20,20
38,278,0.22022921417579153,0.0005807286751041461,0.3782423330085132,0.40094772414058966,25,20,20
38,279,0.2261558564180363,0.0005807243577903315,0.37231569545728527,0.4009477237668866,25,20,20
38,280,0.26590410094513595,0.0005807243593987235,0.33256742639601705,0.40094774829944685,25,20,20
38,281,0.2659041009554801,0.00058072434811955,0.32439695292413956,0.40911822177225937,25,20,20
38,282,0.26588283317819994,0.0005792865295529622,0.32441970466472386,0.40911817562752184,25,20,20
38,283,0.3052516799889948,0.0005570738246893003,0.2910337026309318,0.40315754355538297,25,20,20
38,284,0.26888055172666336,0.0005570695317100938,0.32747612379589564,0.4030862549457299,25,20,20
38,285,0.26888206909223145,0.0005577872324254914,0.327467366649598,0.403092777025743,25,20,20
38,286,0.25180539901752275,0.0005578045228314846,0.34441126889717966,0.40322552756246405,25,20,20
38,287,0.2518001036292447,0.0005578045165851198,0.34441656429209877,0.40322552756206986,25,20,20
38,288,0.25539290020229666,0.0005578045153116729,0.3408237677233567,0.403225527559033,25,20,20
38,289,0.2291931345663922,0.0005577998855684119,0.36702336923038703,0.40322569631765165,25,20,20
38,290,0.22919313441848055,0.0005577998855719576,0.373263665689638,0.3969854000063087,25,20,20
38,291,0.19220371051627524,0.0005601829082018891,0.41025050721354167,0.39698559936198075,25,20,20
38,292,0.1537594288592013,0.0005607502472031134,0.44869163051744076,0.39698819037615335,25,20,20
38,293,0.1537606599940365,0.000560721672695626,0.4486905641938047,0.3969880541394616,25,20,20
38,294,0.15433753089975458,0.0005616405591828556,0.4481083165733506,0.39699251196771046,25,20,20
38,295,0.1854961728051311,0.0005592576152026783,0.416952256598893,0.39699231298077264,25,20,20
38,296,0.18549617280512792,0.0005592576152026779,0.4170770413029408,0.3968675282767281,25,20,20
38,297,0.18549617280512873,0.0005592576152068933,0.41694771645668693,0.3969968531229769,25,20,20
38,298,0.20249639808494826,0.0005592405594424193,0.39994403911091353,0.3970003222446952,25,20,20
38,299,0.23519196771224224,0.0005586732960987189,0.3672516522822524,0.3969977067094056,25,20,20
38,300,0.23519197561729657,0.0005586732725830225,0.3611136539054261,0.40313569720469344,25,20,20
38,301,0.21879518610169213,0.0005586738597945101,0.3775073954057998,0.40313874463271226,25,20,20
38,302,0.21879518610169213,0.000558673859794436,0.3775073940221577,0.4031387460163544,25,20,20
38,303,0.25188445938699194,0.0005586730735234148,0.3444241076154988,0.40313275992398445,25,20,20
38,304,0.22918974214687143,0.0006366202899767418,0.3670439210202534,0.4031297165428971,25,20,20
38,305,0.22871286732609486,0.0006357022778557666,0.36752616751197265,0.40312526288407535,25,20,20
38,306,0.22871286732609403,0.000635702277851475,0.3675260107920058,0.40312541960404713,25,20,20
38,307,0.2230884381416277,0.0007562377592509152,0.3730299043852528,0.4031254197138673,25,20,20
38,308,0.22904686336524457,0.000756237680600208,0.36707147960902126,0.40312541934513296,25,20,20
38,309,0.26874447621975,0.0007562371790837681,0.3273740019171037,0.40312528468406156,25,20,20
38,310,0.26904127990977195,0.0007562371789773342,0.32707719991805695,0.4031252829931928,25,20,20
38,311,0.2690315922942681,0.0007562526081655896,0.336455565950927,0.3937565891466355,25,20,20
38,312,0.2690315922942681,0.0007562526081655908,0.33645556593185255,0.3937565891657101,25,20,20
38,313,0.26822880550509565,0.0006783062389368665,0.3373288622498514,0.39376402600611243,25,20,20
38,314,0.26821539342476036,0.0006785212551446517,0.337276574670131,0.3938295106499603,25,20,20
38,315,0.271807645340605,0.0006785216156922152,0.3336843223335571,0.39382951071014255,25,20,20
38,316,0.2755060156327227,0.0006783876086985442,0.3283595620588677,0.3954560346997089,25,20,20
38,317,0.2811673679701523,0.0006783876342392523,0.3226982100412154,0.3954560343543918,25,20,20
38,318,0.281165331978815,0.000676971676717978,0.322708184070413,0.3954495122740523,25,20,20
38,319,0.28116533198800636,0.0006769716767181585,0.32104932352544324,0.3971083728098305,25,20,20
38,320,0.3209493412518978,0.0005564362843484518,0.28138584976335096,0.3971083727004023,25,20,20
38,321,0.32094934124270647,0.0005564362843446518,0.27679512815566143,0.4016990943172866,25,20,20
38,322,0.3170182228532549,0.0005564362740997937,0.2807264125542024,0.4016989283184419,25,20,20
38,323,0.316724730871888,0.0005564362788190224,0.2810199045086108,0.40169892834068155,25,20,20
38,324,0.316724730871888,0.0005564362788190951,0.28101987310315196,0.4016989597461403,25,20,20
38,325,0.316724730871888,0.0005564362788190977,0.281019949505602,0.40169888334369014,25,20,20
38,326,0.31606513607786973,0.0005564359245547501,0.28167954468400835,0.40169888331356646,25,20,20
38,327,0.32206213572010844,0.0005564358472860805,0.27568254513195695,0.4016988833006481,25,20,20
38,328,0.3219476381887538,0.0005564349728690825,0.27579704763574375,0.4016988792026322,25,20,20
38,329,0.3219476381887546,0.0005564349728692305,0.27579712872214474,0.40169879811623027,25,20,20
38,330,0.3219476381887546,0.000556434972869229,0.2757970141718314,0.4016989126665436,25,20,20
38,331,0.3162100894090636,0.0005564347944009598,0.28153456315256536,0.40169891264396923,25,20,20
38,332,0.31621008939868317,0.0005564347943923792,0.2815279239493526,0.4017055518575712,25,20,20
38,333,0.3097427626143138,0.0005564434023628172,0.28799524140563787,0.40170555257768414,25,20,20
38,334,0.30970229198237814,0.0005564844980359258,0.2880245061800217,0.4017167173395622,25,20,20
38,335,0.34339095384481866,0.0005564844981199434,0.25433582315885117,0.40171673849820905,25,20,20
38,336,0.3143937460683537,0.0005564842997242037,0.2834692510359357,0.4015805185959847,25,20,20
38,337,0.3086406316186229,0.0005564843708876066,0.2892211907509325,0.4015816932595559,25,20,20
38,338,0.2777875564613944,0.0005583283006789402,0.3200636524300796,0.4015904628078449,25,20,20
38,339,0.2777875564613944,0.0005583283006788649,0.3200636504170473,0.4015904648208773,25,20,20
38,340,0.2721246024100081,0.0005582872046389609,0.32573781384903505,0.4015792965363154,25,20,20
38,341,0.26842534435903725,0.0005581804751294083,0.2963062218948088,0.4347102532710226,25,20,20
38,342,0.26802716769470275,0.000558180386217659,0.2967043969406471,0.4347102549784305,25,20,20
38,343,0.2963897311906359,0.0005560758582703995,0.26835397212026896,0.4347002208308243,25,20,20
38,344,0.2937990845419567,0.0005560766009053218,0.2709446180233525,0.434700220833785,25,20,20
38,345,0.29334360950415517,0.0005560769553978954,0.2714000943551399,0.43470021918530655,25,20,20
38,346,0.29334360933309095,0.00038588830693480855,0.2715702830005343,0.43470021935943803,25,20,20
38,347,0.32915736499017323,0.00038588831223731855,0.23575650530229783,0.4347002413952912,25,20,20
38,348,0.32915736499017634,0.00038588831224164343,0.2361296134882719,0.43432713320930944,25,20,20
38,349,0.32915736499017617,0.00038588831224171743,0.23612502586542575,0.4343317208321558,25,20,20
38,350,0.32925766442406007,0.0003883015990431853,0.23602231308265864,0.43433172089423705,25,20,20
38,351,0.32925766442406323,0.0003883015992856026,0.23639535451492427,0.43395867946172556,25,20,20
38,352,0.32925766442406323,0.0003883015992855286,0.23639535313110543,0.4339586808455445,25,20,20
38,353,0.36887844350228977,0.00038588831359202347,0.19677696287473076,0.4339587053093868,25,20,20
38,354,0.3688784435125996,0.00038588831383069415,0.19667022045674837,0.43406544771682065,25,20,20
38,355,0.36887844351259647,0.0003858883135925699,0.19629724089621436,0.4344384272775963,25,20,20
38,356,0.36887518426109744,0.0003858883134788074,0.19630050014784534,0.43443842727757803,25,20,20
38,357,0.37522148134041594,0.0003858797055367259,0.18995421238913246,0.43443842656491455,25,20,20
38,358,0.37522148134041594,0.00038587970553250953,0.1899541853636478,0.4344384535904034,25,20,20
38,359,0.3749651358401182,0.0003858799682626781,0.1902105311595802,0.43443845303203865,25,20,20
38,360,0.37593079923404266,0.00038587996193057984,0.18924486780215027,0.43443845300187633,25,20,20
38,361,0.3759307992340434,0.00038587996193057854,0.18925135750513106,0.4344319632988947,25,20,20
38,362,0.3758791482603057,0.0003873388506829739,0.1893089283423803,0.43442458454662997,25,20,20
38,363,0.3758791482603057,0.0003873388506829739,0.18931351734876564,0.43441999554024463,25,20,20
38,364,0.3820344013354348,0.0003873388677967379,0.18315826383257813,0.43441999596418923,25,20,20
38,365,0.3820659074081384,0.00038733879333875703,0.18312791154349178,0.4344188422550302,25,20,20
38,366,0.38206590740795626,0.00038733879333446673,0.18313431760630525,0.43441243619240333,25,20,20
38,367,0.38206590740795554,0.00038733879333875757,0.1831343172997251,0.4344124364989799,25,20,20
38,368,0.4120747178805515,0.0003873380861736029,0.15312550759999236,0.43441243643328215,25,20,20
38,369,0.3749941295730814,0.00038739888812187694,0.17231099993198407,0.4523074716068117,25,20,20
38,370,0.3749941295730846,0.00038739888812195224,0.17230638095261544,0.45231209058617705,25,20,20
38,371,0.39045666559238407,0.0003863593878732577,0.15684491077369075,0.4523120642460512,25,20,20
38,372,0.39045666559238407,0.0003863593878774723,0.15684953043488511,0.45230744458485256,25,20,20
38,373,0.3962260108089199,0.00038635938645378777,0.15108020577323317,0.4523074240313923,25,20,20
38,374,0.36618817492802697,0.0003864475706832297,0.18111794596064823,0.4523074315406401,25,20,20
38,375,0.38969799524216464,0.0003860465909002766,0.15760856076200472,0.45230739740492965,25,20,20
38,376,0.3896979952421653,0.00038604659089598635,0.15761064378680267,0.4523053143801352,25,20,20
38,377,0.3731201201143815,0.0003860466406101208,0.17418851890654644,0.45230531433846133,25,20,20
38,378,0.37032520467879115,0.0003859859336037232,0.19018129480803758,0.4391075145795661,25,20,20
38,379,0.3672885362277136,0.00038589770565428653,0.19321805885722776,0.43910750720940295,25,20,20
38,380,0.36728853622771285,0.00038589770565413724,0.19321797573792174,0.43910759032870983,25,20,20
38,381,0.3672868623635017,0.0003858970137321504,0.19256682797250044,0.4397604126502644,25,20,20
38,382,0.3682828369139783,0.0003858771640877811,0.19157087493197633,0.4397604109899564,25,20,20
38,383,0.3682828369139811,0.0003858771640916381,0.19622974095991108,0.43510154496201486,25,20,20
38,384,0.3688145851711009,0.0003858768997230862,0.19569801693478367,0.4351015209943915,25,20,20
38,385,0.3749338493406365,0.0003858768997226964,0.18957875276524783,0.43510152099439225,25,20,20
38,386,0.37444431251503035,0.00038587689972466847,0.1900682895608346,0.43510152102440947,25,20,20
38,387,0.3744443125047173,0.00038587689948167155,0.18980865643311567,0.4353611541626844,25,20,20
38,388,0.37444461291217057,0.00038587689948160276,0.18980835602567175,0.435361154162675,25,20,20
38,389,0.34091940791695086,0.0003866355170697644,0.22332914536437495,0.4353648112016032,25,20,20
38,390,0.3409194079169964,0.00038663551706540083,0.223324941209942,0.43536901535599504,25,20,20
38,391,0.3412994761332483,0.00038663543196706214,0.22294487263424645,0.4353690158005375,25,20,20
38,392,0.3411813930382142,0.00038663551770969226,0.22306293233097765,0.4353690391130977,25,20,20
38,393,0.3075109346614314,0.0003866355265776307,0.25672577208215125,0.4353766577298393,25,20,20
38,394,0.30722285776689334,0.0003866355265776316,0.2570138489766984,0.43537665772983025,25,20,20
38,395,0.2677561652235466,0.0003882540821600202,0.29647865693742426,0.435376923756867,25,20,20
38,396,0.2687159898119076,0.00038663554347278324,0.2955205883865903,0.4353767862580283,25,20,20
38,397,0.26773881924313114,0.0003866355355263687,0.29649788747885314,0.43537665774248724,25,20,20
38,398,0.26773881083677725,0.00038663553552201294,0.29637186915850067,0.43550268446919804,25,20,20
38,399,0.267738810836822,0.0003866355357665965,0.29637629397101534,0.43549825965639416,25,20,20
38,400,0.2453383776529812,0.0003866353781841697,0.3187766614713446,0.43549832549748835,25,20,20
38,401,0.24533837765316333,0.000386635378428766,0.31877476237537755,0.43550022459302873,25,20,20
38,402,0.24500318033120966,0.0003866357547426347,0.3191098605195717,0.4355003233944742,25,20,20
38,403,0.24500318873635363,0.000386635768640301,0.31923501418434413,0.4353751613106603,25,20,20
38,404,0.2820735229955863,0.00038588224151932547,0.2821691121729268,0.4353714825899666,25,20,20
38,405,0.2784804080352009,0.00038588274476974885,0.2857622266255374,0.4353714825944918,25,20,20
38,406,0.27848040803515617,0.0003858827445252406,0.2857556394431979,0.43537806977712057,25,20,20
38,407,0.27848040803515545,0.0003858827445294556,0.28575571878804445,0.43537799043227055,25,20,20
38,408,0.27848040803515545,0.0003858827445294582,0.28576041918972833,0.43537329003058667,25,20,20
38,409,0.27848040803515345,0.0003858827445256765,0.28110166908829576,0.44003204013202507,25,20,20
38,410,0.2784804080351558,0.00038588274452989286,0.28110174845826486,0.44003196076204937,25,20,20
38,411,0.2784804080351558,0.0003858827445298902,0.28109704720812123,0.44003666201219294,25,20,20
38,412,0.2666745005123569,0.0003858833044217839,0.2926998980727297,0.44023971811049156,25,20,20
38,413,0.2666745005123569,0.00038588330442185915,0.2926999805407172,0.440239635642504,25,20,20
38,414,0.26661755253942254,0.00038815090033570484,0.2927546609966525,0.44023963556358886,25,20,20
38,415,0.26661755253924363,0.00038815090009118515,0.2927499099846354,0.44024438657602943,25,20,20
38,416,0.2695950162982123,0.0003881509047475277,0.2897665435349056,0.44025028926213444,25,20,20
38,417,0.26959501629821225,0.00038815090474331133,0.28976642934429553,0.44025040345274874,25,20,20
38,418,0.2695950162982123,0.00038815090474760304,0.28976662600307057,0.44025020679396937,25,20,20
38,419,0.26959501629820914,0.0003881509047433114,0.28976645775871024,0.4402503750383371,25,20,20
38,420,0.260911817650849,0.0003881599177508122,0.29850391008082033,0.44019611235057965,25,20,20
38,421,0.25791679568425974,0.0003881599044246034,0.3015048347513554,0.4401902096599599,25,20,20
38,422,0.2579167956842598,0.00038815990442467736,0.30150480089264003,0.4401902435186753,25,20,20
38,423,0.23460976752758267,0.00038816005106933715,0.3248117910747937,0.44019028134655436,25,20,20
38,424,0.23460976752776475,0.00038816005107362826,0.3248164678794199,0.44018560454174177,25,20,20
38,425,0.1961362031910765,0.00038962548302673227,0.36328856505181234,0.4401856062740835,25,20,20
38,426,0.1961361947859326,0.00038962546912906583,0.36316150932516095,0.44031267041977656,25,20,20
38,427,0.19030615991841052,0.0003896297077234466,0.3689915641475179,0.44031264622634714,25,20,20
38,428,0.19030615991840738,0.0003896297077234466,0.36899156189338983,0.44031264848047835,25,20,20
38,429,0.19030616003882014,0.0003917321931336873,0.37641887530317014,0.4328832324648752,25,20,20
38,430,0.19030616003882014,0.00039173219313361077,0.3764187947974762,0.43288331297056926,25,20,20
38,431,0.2111254113686633,0.00039172224414240557,0.35574844562756225,0.4327344207596322,25,20,20
38,432,0.2508601368028737,0.00039172223518252005,0.3160213599700155,0.43272678099192846,25,20,20
38,433,0.25057262012412884,0.0003917222478667759,0.3163087797376054,0.432726877890399,25,20,20
38,434,0.2505726201241288,0.00039172224786669933,0.31630419148005273,0.4327314661479517,25,20,20
38,435,0.2505500442850171,0.00039172225103291445,0.31632676730858705,0.4327314661553629,25,20,20
38,436,0.2505500448969405,0.00039207757859830496,0.32102195223564495,0.42803592528881557,25,20,20
38,437,0.2505082957229312,0.0003920778431151696,0.32106376700312816,0.42803585943082445,25,20,20
38,438,0.2505082957229312,0.00039207784311516835,0.32106379989587863,0.4280358265380738,25,20,20
38,439,0.25050829572293437,0.00039207784311524364,0.3210638341571098,0.4280357922768394,25,20,20
38,440,0.25021765386366934,0.0003920779333302626,0.32135447549604407,0.4280357927069548,25,20,20
38,441,0.2502176538636688,0.0003920779335740777,0.3214797256749733,0.4279105425277823,25,20,20
38,442,0.2502176538636688,0.00039207793357836864,0.3214863295989496,0.42790393860380166,25,20,20
38,443,0.2500967133334128,0.0003920779351956341,0.32160727011269846,0.4279039386186914,25,20,20
38,444,0.2500967133334129,0.0003920779351999265,0.3216118598053598,0.42789934892602566,25,20,20
38,445,0.2503138778622752,0.00039207784657531165,0.3213946957952375,0.4278993484959103,25,20,20
38,446,0.2503138784429656,0.0003920778465753154,0.3169871107626895,0.4323069329477681,25,20,20
38,447,0.25031387844296554,0.00039207784657102374,0.3169869959850407,0.43230704772542095,25,20,20
38,448,0.21991063172435546,0.00039210036523650097,0.34739022006892994,0.4323070478414765,25,20,20
38,449,0.21991063172435546,0.00039210036523650363,0.34739021868776193,0.4323070492226445,25,20,20
38,450,0.2199106317245364,0.0003921003652406914,0.34765648412994304,0.4320407837802783,25,20,20
38,451,0.2199106317245364,0.0003921003652406907,0.34802950544810396,0.43166776246211747,25,20,20
38,452,0.214049028097201,0.00040147979437314815,0.35383702491048297,0.4317124671979415,25,20,20
38,453,0.21404859848968782,0.0003992130286196939,0.353839721344141,0.431712467137552,25,20,20
38,454,0.21404859848968463,0.00039921302862389616,0.35396912617967174,0.4315830623020202,25,20,20
38,455,0.17412471343626235,0.00039921302719047105,0.39389301114752584,0.4315830623890213,25,20,20
38,456,0.1741247134360808,0.0003992130269423649,0.3937630571464765,0.4317130163905002,25,20,20
38,457,0.17412471343865213,0.0003992130269466151,0.39413618660244887,0.4313398869319523,25,20,20
38,458,0.15815631168779157,0.0003992245271397228,0.4101045192416793,0.43133994454338875,25,20,20
38,459,0.15451846129452845,0.00039925486704726486,0.4137420668247168,0.4313402170137071,25,20,20
38,460,0.15451846129452843,0.00039925486704291466,0.4136126616219881,0.4314696222164401,25,20,20
38,461,0.15451852696717372,0.00041901855100923217,0.41349860454970544,0.43156384993211055,25,20,20
38,462,0.1415305791240379,0.00041902207045529835,0.4264865326430052,0.4315638661625006,25,20,20
38,463,0.12834591989897956,0.0004190219319925071,0.439671227686362,0.4315638304826654,25,20,20
38,464,0.12834498760387061,0.0004190219319951701,0.4396721600256816,0.431563830438453,25,20,20
38,465,0.09435949894938243,0.00040969034384530297,0.4729838017072461,0.4322470089995259,25,20,20
38,466,0.09442826457671742,0.0004096903524790739,0.4729150360721544,0.43224700899864865,25,20,20
38,467,0.07069065304979402,0.0004096793716980439,0.4966527137575884,0.43224695382091805,25,20,20
38,468,0.07069065304979408,0.0004096793717023355,0.49665279655709427,0.43224687102140785,25,20,20
38,469,0.07069065027604134,0.00040962223679674953,0.49388125033445085,0.4350184771527097,25,20,20
38,470,0.07069064968598082,0.00040962223679667445,0.49376475255615426,0.435134975521067,25,20,20
38,471,0.07069064968597762,0.00040962223679238464,0.4937600503626713,0.4351396777145575,25,20,20
38,472,0.07069065065439516,2.3746045893494553e-05,0.4940330627899068,0.43525254050980344,25,20,20
38,473,0.07122319125697225,2.3746033210364413e-05,0.49350061952113505,0.43525244318868145,25,20,20
38,474,0.07122319125697225,2.3746033210291155e-05,0.49313412068644474,0.4356189420233716,25,20,20
38,475,0.07122319125697221,2.374603320607481e-05,0.49313403930401006,0.43561902340581055,25,20,20
38,476,0.0712315122867672,6.839271213218535e-05,0.49308107044549615,0.43561902455560314,25,20,20
38,477,0.07123151228658627,6.83927121279236e-05,0.49281472265051035,0.4358853723507741,25,20,20
38,478,0.07123151228658625,6.839271212363246e-05,0.49281010099200784,0.4358899940092812,25,20,20
38,479,0.07124744034915378,6.83927121322983e-05,0.49279404736586857,0.43589011957284435,25,20,20
38,480,0.07472553822999456,6.839272015756087e-05,0.4893160708582648,0.4358899981915821,25,20,20
38,481,0.07472553822999534,6.839272016185199e-05,0.4893206591742868,0.4358854098755549,25,20,20
38,482,0.07472553589579019,6.839266413694817e-05,0.4866218740300803,0.4385841974099919,25,20,20
38,483,0.0782502317387673,6.839265534812262e-05,0.4830971782364402,0.43858419736944365,25,20,20
38,484,0.0782502317387673,6.839265534812263e-05,0.4830971782730827,0.43858419733280124,25,20,20
38,485,0.07825023161835451,6.62901699379559e-05,0.4756741161692354,0.4460093620424716,25,20,20
38,486,0.07825023161830898,6.629016993795455e-05,0.4756675795964726,0.4460158986152799,25,20,20
38,487,0.07825023169837877,0.039411716614057936,0.4364349982655977,0.4459030534219642,25,20,20
38,488,0.07825023169837883,0.039411716614062224,0.43642859077531476,0.4459094609122427,25,20,20
38,489,0.0747559440137215,0.03941171660603857,0.4399228806152871,0.44590945876495264,25,20,20
38,490,0.07475594401372157,0.039411716606038504,0.43992280522545435,0.44590953415478546,25,20,20
38,491,0.07660144046001433,0.039412502579763614,0.438076522971035,0.4459095339891855,25,20,20
38,492,0.0928057572857025,0.03941248536032891,0.4224804930740069,0.44530126427996003,25,20,20
38,493,0.09280575728570256,0.03941248536033328,0.42248709632650394,0.44529466102745857,25,20,20
38,494,0.09280575584935324,0.040044634763773325,0.4218549661356265,0.44529464325124535,25,20,20
38,495,0.1314081227639111,0.04004316441211471,0.3832540717239422,0.44529464110003014,25,20,20
38,496,0.1314081227639111,0.04004316441211471,0.3832540716872998,0.4452946411366725,25,20,20
38,497,0.1314082156225,0.040023264453400785,0.37997513071108047,0.4485933892130171,25,20,20
38,498,0.13541441621398645,0.04003597044109579,0.3759551583225072,0.44859445502240936,25,20,20
38,499,0.17142276703865086,0.040035970432780996,0.3399468117266185,0.4485944508019489,25,20,20
38,500,0.17185397260899005,0.040035970256538295,0.33951560633963573,0.448594450794835,25,20,20
38,501,0.18893784753201262,0.040035970447686565,0.32243173122680696,0.44859445079349336,25,20,20
38,502,0.16829225454150276,0.040036021503390876,0.34307727301374075,0.4485944509413649,25,20,20
38,503,0.1682922545415056,0.04003602150360363,0.34759191366082937,0.44407981029406085,25,20,20
38,504,0.20234280825041517,0.04003602150349066,0.3135413599526827,0.4440798102934112,25,20,20
38,505,0.20234280883825234,0.04003602150373365,0.31380802351194736,0.44381314614606643,25,20,20
38,506,0.2023456184159452,0.04003580726828418,0.31712405161128365,0.4404945227044869,25,20,20
38,507,0.2024320048376704,0.04003580674886908,0.31703766332006933,0.4404945250933905,25,20,20
38,508,0.20243200425242833,0.040035806748870736,0.31677821791219246,0.4407539710865079,25,20,20
38,509,0.20804503737236618,0.04003577632087284,0.3112848288062078,0.44063435750055313,25,20,20
38,510,0.20803674239407194,0.03999112879022551,0.3113377701093042,0.4406343587063973,25,20,20
38,511,0.208036742394072,0.03999112879022551,0.31133779715769544,0.4406343316580059,25,20,20
38,512,0.20803674239407122,0.039991128790221146,0.31133779480126933,0.44063433401443725,25,20,20
38,513,0.21385378412487582,0.03999113395270787,0.3055207470520353,0.44063433487038006,25,20,20
38,514,0.21433715303994627,0.03999113395282171,0.30503737813683224,0.4406343348703987,25,20,20
38,515,0.21433715303994622,0.03999113395282159,0.3054038767584329,0.44026783624879834,25,20,20
38,516,0.21249256057215432,0.03999034747720511,0.30724912170425844,0.4402679702463809,25,20,20
38,517,0.21249256057215438,0.03999034747720511,0.3072490440386115,0.440268047912028,25,20,20
38,518,0.2124902195773789,0.03999029623036175,0.30725143642812575,0.44026804776413264,25,20,20
38,519,0.21249966261616507,0.03999054728381337,0.3033527046932719,0.4441570854067485,25,20,20
38,520,0.21249966261616898,0.039990547283813446,0.303354874288356,0.4441549158116602,25,20,20
38,521,0.21249966261357392,0.03999054728356887,0.3033476561439769,0.44416213395887894,25,20,20
38,522,0.1729586501314668,0.0399912820146948,0.3428844319612313,0.4441656358926053,25,20,20
38,523,0.1729417739147966,0.039991282023695306,0.3429013105575895,0.4441656335039164,25,20,20
38,524,0.1737391298437057,0.039991306030521166,0.342103930620608,0.44416563350516297,25,20,20
38,525,0.13374128635839913,0.03999135733089049,0.3821017227308093,0.4441656335799006,25,20,20
38,526,0.13381056710612094,0.039990835218195624,0.3820354529473113,0.4441631447283717,25,20,20
38,527,0.13381056710612094,0.0399908352181957,0.38203553533525586,0.4441630623404268,25,20,20
38,528,0.13381056710612094,0.039990835218195846,0.3824086369325357,0.4437899607431468,25,20,20
38,529,0.13381056710612094,0.039990835218195776,0.3824086349291889,0.4437899627464936,25,20,20
38,530,0.13381056710616646,0.03999083521819992,0.3820378982106445,0.4441606994649884,25,20,20
38,531,0.13380789623479694,0.03999245201145541,0.3821148635484142,0.4440847882053326,25,20,20
38,532,0.13380789623479694,0.039992452011455557,0.3824832655095303,0.4437163862442163,25,20,20
38,533,0.13380789623479697,0.03999245201145548,0.38248323105676507,0.44371642069698164,25,20,20
38,534,0.13380790457824274,0.0399924520117019,0.382907426084956,0.44329221732509844,25,20,20
38,535,0.1124933647331976,0.03999245282292348,0.4042142699420659,0.44329991250181516,25,20,20
38,536,0.11251622545310667,0.03999460562831213,0.3708338661965653,0.47665530272201795,25,20,20
38,537,0.11255502815848636,0.039994843132994125,0.3707949602570258,0.476655168451496,25,20,20
38,538,0.11253214574043362,0.03999268981659098,0.3641842925643332,0.48329087187864467,25,20,20
38,539,0.11248081303851219,0.03999268982473036,0.3642356253003293,0.48329087183643066,25,20,20
38,540,0.11168346590845239,0.03999266581843023,0.3650329964379344,0.48329087183518493,25,20,20
38,541,0.11168346590822477,0.039992665818189874,0.36502428884079585,0.48329957943279145,25,20,20
38,542,0.11172059703080431,0.0399926811720526,0.35690538252536497,0.4913813392717789,25,20,20
38,543,0.11172059703080744,0.03999268117205697,0.3569099771581158,0.49137674463902065,25,20,20
38,544,0.11531315935034075,0.03999268162849006,0.35331741237928077,0.49137674664188913,25,20,20
38,545,0.11842767492668066,0.03999268063852192,0.350210592946757,0.49136905148804094,25,20,20
38,546,0.11791363677606355,0.03999272132005663,0.3507256034979422,0.4913680384059387,25,20,20
38,547,0.11791363677606674,0.039992721320052486,0.3507255235680509,0.4913681183358309,25,20,20
38,548,0.11787650506929723,0.039992705966189236,0.3243174892027558,0.5178132997617579,25,20,20
38,549,0.1178765066668924,0.022565292658395245,0.34174490073427216,0.5178132999404415,25,20,20
38,550,0.11424318332691302,0.022565297849391937,0.3453768285745695,0.5178146902491263,25,20,20
38,551,0.11424318172932985,0.024897082151046662,0.34304504604912245,0.5178146900705018,25,20,20
38,552,0.1184612488235995,0.024995523666741393,0.33872015186373927,0.5178230756459201,25,20,20
38,553,0.11846124882359949,0.024995523666745532,0.33835365457379185,0.5181895729358633,25,20,20
38,554,0.11845059305618452,0.024995312768051784,0.30678344622240744,0.5497706479533554,25,20,20
38,555,0.11845059305618452,0.024995312768047534,0.3064104234071716,0.5501436707685956,25,20,20
38,556,0.11845059305618771,0.02499531276804761,0.30641042683722014,0.5501436673385436,25,20,20
38,557,0.11464979466806671,0.024995313011337266,0.3102112242066268,0.5501436681139683,25,20,20
38,558,0.11458523820499873,0.024995307850445507,0.31027578583947063,0.5501436681050839,25,20,20
38,559,0.1145852382024009,0.02499530785044551,0.31027579599592503,0.5501436579512272,25,20,20
38,560,0.1147765380269278,0.024995307848858804,0.3100844970198947,0.5501436571043175,25,20,20
38,561,0.11477653802710985,0.02499530784885888,0.310089254872697,0.5501388992513331,25,20,20
38,562,0.11477653802710988,0.02499530784886317,0.3100846552490982,0.5501434988749276,25,20,20
38,563,0.11477653802710666,0.024995307848858807,0.3100800335679565,0.550148120556077,25,20,20
38,564,0.11477653802710985,0.024995307848863172,0.31008231932162167,0.5501458348024044,25,20,20
38,565,0.11477653804579288,0.0011920982669592142,0.3338855288765014,0.5501458348107466,25,20,20
38,566,0.11052145348935237,0.001091797541794387,0.3382493011092969,0.5501374478595569,25,20,20
38,567,0.11052145348917025,0.0010917975417900198,0.3382491029934092,0.5501376459756312,25,20,20
38,568,0.11052145348917096,0.0010917975417895872,0.3429013675774079,0.5454853813916318,25,20,20
38,569,0.11052145348916775,0.0010917975417895104,0.34290128364759903,0.5454854653214438,25,20,20
38,570,0.15046849184155411,0.0010917975244945988,0.3029542452835732,0.5454854653503765,25,20,20
38,571,0.15870216123426986,0.0010802191647599952,0.2947331384011144,0.5454844811998545,25,20,20
38,572,0.15870216123169853,0.001080219164755745,0.2947331262370194,0.5454844933665249,25,20,20
38,573,0.18894468101690814,0.0010802230806843524,0.26449058386785673,0.5454845120345501,25,20,20
38,574,0.18894468101690814,0.0010802230806886434,0.26449528741908696,0.5454798084833157,25,20,20
38,575,0.1889447210875793,0.03727026967224972,0.22830518393244656,0.5454798253077237,25,20,20
38,576,0.1889447210875793,0.037270269672249653,0.22830301436272063,0.5454819948774496,25,20,20
38,577,0.1889447210875792,0.03727026967224973,0.22830301491462177,0.5454819943255484,25,20,20
38,578,0.18894600359703287,0.03727026967219428,0.2283017324054857,0.5454819943252864,25,20,20
38,579,0.17792323062438176,0.03726915275506852,0.23932571781852183,0.545481898802027,25,20,20
38,580,0.14257660961994462,0.03733744920851458,0.2745983287022338,0.5454876124693062,25,20,20
38,581,0.1634655691556751,0.0373697700864975,0.2536742516137334,0.5454904091440931,25,20,20
38,582,0.1634655691556751,0.0373697700864975,0.2539405014887368,0.5452241592690897,25,20,20
38,583,0.17499939128385125,0.037369755853051315,0.2424066942644495,0.5452241585986468,25,20,20
38,584,0.17499835566672528,0.03736970505471648,0.2424077783623571,0.5452241609162001,25,20,20
38,585,0.17499835566672528,0.037369705054716554,0.2420369388040128,0.5455950004745442,25,20,20
38,586,0.1749983155781936,0.03836706990404635,0.24103961359274714,0.5455950009250122,25,20,20
38,587,0.1749983155781936,0.03836706990404635,0.2410397616852266,0.5455948528325328,25,20,20
38,588,0.17498588593443354,0.038387191414006955,0.24093750160961264,0.5456894210419466,25,20,20
38,589,0.17498588593443354,0.038387191414006885,0.2409399592353596,0.5456869634161997,25,20,20
38,590,0.17422392010794208,0.03831920708060212,0.24169076252524666,0.5457661102862084,25,20,20
38,591,0.17473025788366658,0.03831920708059993,0.24118442646017876,0.5457661085755545,25,20,20
38,592,0.17473024954022087,0.038319207080353586,0.24076034389905568,0.5461901994803696,25,20,20
38,593,0.1751922784096569,0.03831920682194515,0.2400904963048366,0.5463980184635611,25,20,20
38,594,0.20067950108825724,0.038319206358018776,0.2146022553501783,0.5463990372035453,25,20,20
38,595,0.20564105238983746,0.03831920635952935,0.20964172678308327,0.5463980144675493,25,20,20
38,596,0.20564105238979274,0.03831920635976966,0.20964419544319757,0.5463955458072396,25,20,20
38,597,0.24418875369168,0.03831920612236303,0.17130422107259896,0.5461878191133582,25,20,20
38,598,0.24418875369167992,0.038319206122362955,0.17130880700715584,0.5461832331788015,25,20,20
38,599,0.244188753691676,0.03831920612235859,0.17130652266977683,0.5461855175161887,25,20,20
38,600,0.2441887536908416,0.040052487980383855,0.16957325809586327,0.5461855002329115,25,20,20
38,601,0.24475192304352672,0.040020183136494476,0.1643795667971592,0.5508483270228193,25,20,20
38,602,0.2444784634274522,0.04002018349087896,0.1646530260881881,0.5508483269934806,25,20,20
38,603,0.2444784634276343,0.04002018349087911,0.16465308803181583,0.5508482650496707,25,20,20
38,604,0.24447846343021853,0.0400201834909059,0.16026179701459953,0.555239556064276,25,20,20
38,605,0.2444784634302186,0.040020183490905976,0.16039109748121888,0.5551102555976564,25,20,20
38,606,0.24446492301900016,0.04003930304525122,0.16047035113568944,0.5550254228000585,25,20,20
38,607,0.24446492301899694,0.040039303045251155,0.16047034971810833,0.5550254242176428,25,20,20
38,608,0.2444649230189968,0.040039303045251155,0.16046561434855316,0.5550301595871983,25,20,20
38,609,0.24446492301899686,0.040039303045251086,0.16046558093040647,0.555030193005345,25,20,20
38,610,0.24293750401297587,0.04003932331722364,0.1619928862321903,0.5550302864376095,25,20,20
38,611,0.2429375040130214,0.040039323317468234,0.16173138884055782,0.5552917838289518,25,20,20
38,612,0.2205417457089428,0.040039323311248355,0.18412724180820725,0.5552916891716007,25,20,20
38,613,0.22054174570898752,0.04003932331124844,0.1841272418334676,0.5552916891462956,25,20,20
38,614,0.21412843216961785,0.04003931494549369,0.1952061853119509,0.5506260675729369,25,20,20
38,615,0.21412843216962105,0.04003931494548947,0.19520156568043184,0.550630687204457,25,20,20
38,616,0.21412843216966657,0.04003931494549376,0.1952035106061113,0.5506287422787275,25,20,20
38,617,0.21412843216962105,0.04003931494548947,0.19519686583192178,0.5506353870529669,25,20,20
38,618,0.21412843216943891,0.0400393149454894,0.19519680443980125,0.5506354484452693,25,20,20
38,619,0.21412843887257044,0.040039350966664174,0.20340170520510323,0.542430504955661,25,20,20
38,620,0.21412843887256724,0.040039350966664104,0.20340162328300326,0.5424305868777641,25,20,20
38,621,0.21412843887256977,0.040039350966660316,0.19874292245102476,0.547089287709744,25,20,20
38,622,0.21412843859253608,0.04003585560734087,0.19884235224239666,0.5469933535577253,25,20,20
38,623,0.21412967297222563,0.04001925336513938,0.1988577445097056,0.5469933291529283,25,20,20
38,624,0.21414420348972577,0.0400192530107529,0.1988432143471031,0.5469933291524174,25,20,20
38,625,0.21442906567480627,0.040019253010752764,0.1985583521625522,0.5469933291518878,25,20,20
38,626,0.21442906566313674,0.04001921283849667,0.19403347827934384,0.551518243219022,25,20,20
38,627,0.21442906566313671,0.0400192128384966,0.19391795381100607,0.5516337676873599,25,20,20
38,628,0.21290221132925222,0.040019213205584984,0.19544471287001147,0.5516338625951507,25,20,20
38,629,0.2129022113424834,0.04001920830878834,0.19544471775357766,0.5516338625951505,25,20,20
38,630,0.21290221134243795,0.04001920830854367,0.1954400459997833,0.5516385343492349,25,20,20
38,631,0.22265740567765696,0.040019204391809636,0.18568487424920824,0.5516385156813248,25,20,20
38,632,0.22265740567761141,0.040019204391564964,0.1856801551837413,0.551643234747082,25,20,20
38,633,0.222657405677609,0.040019204391564964,0.1856802160116121,0.5516431739192136,25,20,20
38,634,0.22265740567779,0.04001920440541533,0.18594766346307975,0.5513757264537146,25,20,20
38,635,0.22265740567778758,0.040019204405411124,0.18594908986674208,0.5513743000500587,25,20,20
38,636,0.2226574056776066,0.04001920439156075,0.18568164242757465,0.5516417475032575,25,20,20
38,637,0.22265740567760695,0.03999680407079762,0.18570404274833574,0.5516417475032592,25,20,20
38,638,0.2226729110256474,0.03999660739276897,0.18568873193333538,0.5516417496482477,25,20,20
38,639,0.2226956674215378,0.03999661427559589,0.15442020818053048,0.5828875101223348,25,20,20
38,640,0.2226956674215378,0.03999661427559597,0.15442681097458488,0.5828809073282804,25,20,20
38,641,0.22267167569201063,0.03999657827691214,0.1456968332239554,0.5916349128071208,25,20,20
38,642,0.22267167569201068,0.039996578276916384,0.1460699345359021,0.5912618114951699,25,20,20
38,643,0.2226561968110225,0.03999658345604839,0.14607754256084976,0.5912696771720783,25,20,20
38,644,0.22265619681106805,0.03999658346998769,0.1460897476279971,0.5912574720909461,25,20,20
38,645,0.22265619681106727,0.039996583469987614,0.1460873451134376,0.5912598746055066,25,20,20
38,646,0.20840148490332233,0.03999657622254625,0.16034206609069684,0.5912598727834348,25,20,20
38,647,0.2084014849032767,0.03999657620860695,0.16032985899674973,0.5912720798913668,25,20,20
38,648,0.20840148490327665,0.03999657620836243,0.16032510655431756,0.5912768323340436,25,20,20
38,649,0.19903202316851626,0.039996556147061886,0.16969386215746976,0.591277558526953,25,20,20
38,650,0.16159792911822574,0.03999658467668524,0.20669545708195491,0.5917100291231342,25,20,20
38,651,0.16117184178446478,0.03999658988982644,0.20712151519006294,0.5917100531356465,25,20,20
38,652,0.16117184178446797,0.03999658988982659,0.20712811998676628,0.5917034483389397,25,20,20
38,653,0.16117184178446792,0.03999658988983088,0.20712809909141933,0.5917034692342823,25,20,20
38,654,0.16475991083022934,0.039996532993456235,0.20354088323474484,0.5917026729415696,25,20,20
38,655,0.16372980368717482,0.039996639602813584,0.20493106883166193,0.5913424878783501,25,20,20
38,656,0.16372980369755694,0.03999663960281366,0.2049311899728024,0.5913423667268273,25,20,20
38,657,0.16372980369755685,0.03878086683501672,0.20614696274060124,0.5913423667268255,25,20,20
38,658,0.18217165284829362,0.038780867224021444,0.18771218469667186,0.5913352952310139,25,20,20
38,659,0.182171652848339,0.03878086722402145,0.18783738278335538,0.591210097144285,25,20,20
38,660,0.1821716528483398,0.03878086722402565,0.18796668278137857,0.5910807971462566,25,20,20
38,661,0.1773658857917754,0.038781333462937606,0.19277190558217205,0.5910808751631155,25,20,20
38,662,0.17737789463175702,0.03876190163229454,0.19270376442877446,0.5911564393071733,25,20,20
38,663,0.1774700516648312,0.03876194386208692,0.19268695601026295,0.5910810484628183,25,20,20
38,664,0.2003711657091178,0.03876194386219392,0.16978584199013513,0.5910810484385527,25,20,20
38,665,0.20037116570653069,0.03876194386195439,0.1696605899906061,0.5912063004409085,25,20,20
38,666,0.20037116570653077,0.03876194386195439,0.16992693953041965,0.5909399509010951,25,20,20
38,667,0.2002848054387243,0.0387619439351251,0.17001329936484827,0.5909399512613015,25,20,20
38,668,0.20028480542834218,0.03876194393512924,0.1700177993069504,0.5909354513295773,25,20,20
38,669,0.20028480542834218,0.03876194393513353,0.17001039923054617,0.5909428514059772,25,20,20
38,670,0.2002848054283,0.03876194393513346,0.16988339462470112,0.5910698560118646,25,20,20
38,671,0.2002848054282984,0.03876194393513347,0.16975398527473332,0.591199265361834,25,20,20
38,672,0.2002848054282984,0.03876194393537791,0.16975404635097768,0.5911992042853452,25,20,20
38,673,0.2002848054282952,0.038761943935377983,0.17001558099518466,0.5909376696411414,25,20,20
38,674,0.18381301061065314,0.03876194394988163,0.1864873747669686,0.5909376706724951,25,20,20
38,675,0.18381301061083521,0.0387619439501263,0.1864939973606236,0.5909310480784135,25,20,20
38,676,0.18381301061074407,0.03876194395012622,0.18649384788654214,0.5909311975525862,25,20,20
38,677,0.18381301061074407,0.03876194395012193,0.18649370701494802,0.5909313384241845,25,20,20
38,678,0.18381301061160582,0.03953198633881803,0.18572366431215148,0.5909313387374232,25,20,20
38,679,0.18381301061160585,0.03953198635262734,0.18609209201125926,0.5905629110245059,25,20,20
38,680,0.18381301061160585,0.039531986352627266,0.18582575966809084,0.5908292433676745,25,20,20
38,681,0.18381301061160824,0.039531986352627266,0.18591645900867704,0.590738544027086,25,20,20
38,682,0.18381301061160818,0.039531986352627266,0.18565011224360517,0.591004890792158,25,20,20
38,683,0.1727343121390199,0.039532019999348036,0.18928975794641634,0.5984439099152145,25,20,20
38,684,0.17273431213888318,0.039532019999103454,0.1894126225328991,0.5983210453291129,25,20,20
38,685,0.17273431213906532,0.039532019999347974,0.18941737499604305,0.5983162928655424,25,20,20
38,686,0.1727343121390621,0.039532019999347905,0.1893250925295116,0.5984085753320771,25,20,20
38,687,0.17273431213841708,0.03997719939923576,0.1888799134379517,0.5984085750243942,25,20,20
38,688,0.1389587899206066,0.0399771941860981,0.22265546481876314,0.5984085510745307,25,20,20
38,689,0.10506095810009629,0.039977195796709025,0.25655328784813064,0.5984085582550643,25,20,20
38,690,0.10506095810009629,0.03997719579670903,0.25655325515881106,0.5984085909443837,25,20,20
38,691,0.10506095810009622,0.03997719578289543,0.2561802382697822,0.5987816078472262,25,20,20
38,692,0.10506095810009622,0.03997719578289114,0.25618481837066637,0.5987770277463462,25,20,20
38,693,0.13313885967792635,0.03997719459897802,0.22810692583758393,0.5987770198855104,25,20,20
38,694,0.13313885967792716,0.03997719459897806,0.22773396686920677,0.5991499788538865,25,20,20
38,695,0.14392653216375337,0.03997719480364745,0.21694629250560227,0.5991499805269954,25,20,20
38,696,0.14392653216375664,0.03997719480364752,0.21694629419640582,0.5991499788361886,25,20,20
38,697,0.1439265321637566,0.03997719480364752,0.21694626029964734,0.599150012732947,25,20,20
38,698,0.14392653216375667,0.039977194803647594,0.21694629443107705,0.5991499786015172,25,20,20
38,699,0.14392653216375342,0.03997719480340301,0.21693965701782605,0.599156616015016,25,20,20
38,700,0.14847417663797816,0.04022096439554456,0.21214824279211367,0.5991566161743621,25,20,20
38,701,0.14847417663797816,0.04022096439554456,0.21215480701829934,0.5991500519481765,25,20,20
38,702,0.1476900823645023,0.040220963974107356,0.2129389017103207,0.5991500519510695,25,20,20
38,703,0.14769008237481532,0.040220963974350356,0.21319869225909424,0.59889026139174,25,20,20
38,704,0.1476900823754397,0.03899841034140786,0.21442124589158232,0.5988902613915701,25,20,20
38,705,0.14769008237539524,0.038998410341412076,0.21429179845363217,0.5990197088295605,25,20,20
38,706,0.147690082375396,0.0389984103416566,0.2142965180632839,0.5990149892196635,25,20,20
38,707,0.14769008237521702,0.038998410341656665,0.21429831609443614,0.5990131911886902,25,20,20
38,708,0.1476900289198731,0.038998522455376945,0.2143706378703287,0.5989408107544221,25,20,20
38,709,0.14769002891987618,0.03899852246927478,0.21448948367405926,0.5988219649367906,25,20,20
38,710,0.14769002890956315,0.038998522469031786,0.21422320278667725,0.5990882458347287,25,20,20
38,711,0.14769002890956234,0.03899852246878719,0.2142183699641812,0.5990930786574702,25,20,20
38,712,0.1475574579266299,0.038998527633955414,0.2143509103231593,0.5990931041162562,25,20,20
38,713,0.16948064223375667,0.03899849377712441,0.19986759853013003,0.59165326545899,25,20,20
38,714,0.16948064223375675,0.0389984937771287,0.19986769053528808,0.5916531734538275,25,20,20
38,715,0.16948064223313225,0.04020532794602654,0.1986608563724003,0.5916531734484419,25,20,20
38,716,0.1919500866118443,0.04020486131646958,0.17619195564189258,0.5916530964297945,25,20,20
38,717,0.1919500866118442,0.04020486131646529,0.17619183660917895,0.5916532154625124,25,20,20
38,718,0.1919500866118442,0.0402048613164653,0.17619175755569633,0.591653294515995,25,20,20
38,719,0.22131412143515594,0.03996109677816029,0.14707148748514573,0.5916532943015383,25,20,20
38,720,0.221314121435156,0.039961096778164576,0.14707619023515564,0.591648591551524,25,20,20
38,721,0.2213161335363615,0.03996085596482704,0.1470744024434379,0.5916486080553739,25,20,20
38,722,0.22131613368428968,0.03996085596482712,0.14707886359493505,0.5916441467559483,25,20,20
38,723,0.22131613368428968,0.03996085596482712,0.14707886158720554,0.5916441487636779,25,20,20
38,724,0.22131613368428968,0.039960855964831406,0.1470790561570157,0.5916439541938634,25,20,20
38,725,0.2025835196925408,0.039960856397120284,0.1658116707103434,0.5916439531999955,25,20,20
38,726,0.20248245943964108,0.03996081473232817,0.16590287911367468,0.5916538467143568,25,20,20
38,727,0.20194893556172733,0.03996081473187854,0.16643640308298452,0.5916538466234108,25,20,20
38,728,0.20194893541379833,0.03996081473187418,0.16643179751384046,0.5916584523404882,25,20,20
38,729,0.20194893541380154,0.039960814731870034,0.16661110446876085,0.5914791453855688,25,20,20
38,730,0.16254311516919395,0.03996118595501059,0.20601657839651252,0.5914791204792825,25,20,20
38,731,0.162543115169194,0.039961185955010664,0.20601665945871858,0.5914790394170761,25,20,20
38,732,0.1620870295499885,0.04031139550577749,0.20612202161489976,0.5914795533293337,25,20,20
38,733,0.16208702954998855,0.04031139550577749,0.20612392397129478,0.5914776509729388,25,20,20
38,734,0.1620859694628068,0.04031139571457855,0.20613484535763288,0.5914677894649816,25,20,20
38,735,0.19773721139667572,0.04031139955038698,0.1704837901553208,0.5914675988976161,25,20,20
38,736,0.1977372113966765,0.040311399550391265,0.17048398692596275,0.591467402126969,25,20,20
38,737,0.19773721139667647,0.04031139955038698,0.17047936387619633,0.5914720251767398,25,20,20
38,738,0.1977372046935852,0.04031136352942839,0.16693385374494774,0.5950175780320381,25,20,20
38,739,0.19773720469358513,0.04031136352942839,0.16693385375680517,0.5950175780201807,25,20,20
38,740,0.19769536555447903,0.040311364232571825,0.16697301326258235,0.5950202569503665,25,20,20
38,741,0.1599005973885618,0.04031384305778658,0.20476796741308903,0.5950175921405619,25,20,20
38,742,0.16410913915996297,0.040313843527527767,0.20055944380867707,0.5950175735038319,25,20,20
38,743,0.12424936161418726,0.04031383836107474,0.24041925113829302,0.5950175488864445,25,20,20
38,744,0.08455620572147327,0.04031383835518104,0.24141988390389188,0.6337100720194531,25,20,20
38,745,0.11255902181863676,0.040313838359728564,0.21341312286199746,0.6337140169596358,25,20,20
38,746,0.11255902181863352,0.04031383835973278,0.213413123486488,0.6337140163351447,25,20,20
38,747,0.11255902181863357,0.04031383835973278,0.2134132052320065,0.6337139345896261,25,20,20
38,748,0.11255787689330282,0.03996350126834483,0.2137652013483146,0.6337134204900369,25,20,20
38,749,0.0845544505441904,0.03996350210877419,0.24177234224083485,0.6337097051061993,25,20,20
38,750,0.08455448596178046,0.03996350210876053,0.24177230682325798,0.6337097051061993,25,20,20
38,751,0.08455448596178045,0.03996350210875624,0.24176570173993547,0.6337163101895261,25,20,20
38,752,0.046444687260013134,0.03996358383793091,0.2798632255840659,0.6337285033179885,25,20,20
38,753,0.04644468726001319,0.039963583837930916,0.2798631145691857,0.6337286143328685,25,20,20
38,754,0.046444687260013245,0.039963583837935204,0.27986331039180073,0.6337284185102493,25,20,20
38,755,0.08257358173168088,0.03996358383798559,0.24373441592008294,0.6337284185102493,25,20,20
38,756,0.08257358173168008,0.03996358383798129,0.2437342997155697,0.6337285347147676,25,20,20
38,757,0.08257358173168015,0.03996358383822589,0.24373905413622426,0.6337237802938683,25,20,20
38,758,0.08257358173167616,0.03996358382432376,0.24362008753297573,0.6338427469110232,25,20,20
38,759,0.08099687493834397,0.03996110502025806,0.24519928719122547,0.6338427328501711,25,20,20
38,760,0.08099687493813086,0.03996846449562405,0.24519192771607262,0.6338427328501711,25,20,20
38,761,0.08099687493831294,0.03996846449561976,0.24519498226576605,0.6338396783003,25,20,20
38,762,0.08099687493830977,0.03996846449537511,0.24518837824507195,0.633846282321242,25,20,20
38,763,0.08099687493813082,0.03996846450927352,0.24531474952993151,0.6337199110226631,25,20,20
38,764,0.08099481957682389,0.03996889605377978,0.24531638984578205,0.6337198945236134,25,20,20
38,765,0.08099481957682383,0.03996889605377978,0.24531631010799312,0.6337199742614026,25,20,20
38,766,0.08099435346959043,0.039968896053302096,0.244009304362163,0.6350274461149438,25,20,20
38,767,0.08099435346959362,0.03996889605354615,0.24410230768053537,0.6349344427963242,25,20,20
38,768,0.08099436133341749,0.03996847213486665,0.2438793006006314,0.6351578659310836,25,20,20
38,769,0.08099436133341749,0.03996847213486673,0.24387938119434602,0.6351577853373689,25,20,20
38,770,0.08099436133359962,0.03996847213487094,0.2438840039703445,0.6351531625611841,25,20,20
38,771,0.07868510005191057,0.039968472138910735,0.246193264521487,0.635153163287691,25,20,20
38,772,0.0786851000519113,0.03996847213891081,0.24619337900110394,0.6351530488080731,25,20,20
38,773,0.0786851000519113,0.03996847213890652,0.24618905275067973,0.6351573750585016,25,20,20
38,774,0.0786851000519113,0.0399684721389066,0.24618916719103687,0.6351572606181445,25,20,20
38,775,0.0786851000622531,0.0399684721526327,0.24153370815122752,0.6398127196338861,25,20,20
38,776,0.0786851000622531,0.03996847215262849,0.2415291198853346,0.6398173078997833,25,20,20
38,777,0.07868510006224992,0.039968472138973074,0.2416658493131781,0.6396805784855985,25,20,20
38,778,0.07868510006224985,0.03996847213872848,0.2416610138272732,0.6396854139717479,25,20,20
38,779,0.07903822079704749,0.03996848202632306,0.24130778559212498,0.6396855115845042,25,20,20
38,780,0.08508746044344954,0.03996848202384887,0.23525854625039241,0.6396855112823082,25,20,20
38,781,0.08565081044661417,0.03996949545788695,0.23442811286546586,0.6399515812300323,25,20,20
38,782,0.08565081044661417,0.03996949545788688,0.2344282255625875,0.6399514685329107,25,20,20
38,783,0.08565081044661418,0.03996949545788688,0.23442828607761815,0.6399514080178802,25,20,20
38,784,0.08565081045519202,0.03996949545809261,0.24067365337173868,0.6337060407149768,25,20,20
38,785,0.08565110857399771,0.03996951014400283,0.24089676367033833,0.6334826176116615,25,20,20
38,786,0.0856511085739977,0.03996951014400283,0.24089673471977713,0.6334826465622228,25,20,20
38,787,0.08565110857399452,0.03996951014400268,0.24071731160853738,0.6336620696734658,25,20,20
38,788,0.08565110857657744,0.03996951015786155,0.24096058113547936,0.633418800130082,25,20,20
38,789,0.08565110857657665,0.03996951015802074,0.25493022518658515,0.6194491560788177,25,20,20
38,790,0.08754432041619001,0.03996948128917831,0.25303697679281223,0.6194492215018197,25,20,20
38,791,0.10565070040377743,0.039969480080622864,0.23492814180463495,0.6194516777109643,25,20,20
38,792,0.10565070040377428,0.0399694800803831,0.23483525464329144,0.6195445648725508,25,20,20
38,793,0.10565070041415513,0.03996948008062762,0.2348399471715974,0.6195398723336194,25,20,20
38,794,0.10672254652696003,0.03996947937339908,0.2337681034815274,0.6195398706181128,25,20,20
38,795,0.10672254652781527,0.039557498052342724,0.23418008480163371,0.6195398706182077,25,20,20
38,796,0.10672254652697494,0.024553750247969325,0.24918383260694335,0.6195398706181122,25,20,20
38,797,0.06692198575424907,0.024553750246356042,0.2889843937628761,0.619539870236518,25,20,20
38,798,0.06692198575424911,0.024553750246355966,0.2889858993494068,0.6195383646499872,25,20,20
38,799,0.06692198575425226,0.024553750246355966,0.28898444171052123,0.6195398222888697,25,20,20
38,800,0.06692198574405235,0.024553750232662538,0.28898718202573637,0.619537081997548,25,20,20
38,801,0.06692198574405234,0.024553750232662614,0.2889915065472338,0.6195327574760504,25,20,20
38,802,0.06532196039192197,0.02456777537458186,0.29058969953016595,0.6195205647033295,25,20,20
38,803,0.07605215677189531,0.024566777340460987,0.280125336988313,0.6192557288993297,25,20,20
38,804,0.07605215677189531,0.02456677734046091,0.28012525462344673,0.619255811264196,25,20,20
38,805,0.0760521567718953,0.02456677734021799,0.2798636039494641,0.6195174619384217,25,20,20
38,806,0.07605215677189531,0.02456677734021799,0.27987033656539495,0.619510729322491,25,20,20
38,807,0.07605215677189536,0.02456677734021799,0.2798704174164916,0.6195106484713943,25,20,20
38,808,0.07435162080810803,0.03934036613309589,0.2667970430423671,0.6195109700164286,25,20,20
38,809,0.07435162082920196,0.01590670464304452,0.2902307040060407,0.6195109705217123,25,20,20
38,810,0.0743516208266677,0.015906704629429783,0.2900797314950941,0.6196619430488081,25,20,20
38,811,0.0743516208266677,0.015906704629429707,0.2900796176060032,0.619662056937899,25,20,20
38,812,0.07435162081241024,0.015906460302461373,0.2900798623123968,0.6196620565727313,25,20,20
38,813,0.07435162081241105,0.015906460302465664,0.29008650681489895,0.619655412070224,25,20,20
38,814,0.07435162081259312,0.01590646030246574,0.2900865479360858,0.6196553709488549,25,20,20
38,815,0.07435162081259315,0.01590646030246574,0.29008882607947095,0.6196530928054698,25,20,20
38,816,0.07352703619045156,0.01590646076235747,0.29090644704998697,0.6196600559972038,25,20,20
38,817,0.07352703618169162,0.01590646076214752,0.28465645698862707,0.6259100460675335,25,20,20
38,818,0.05403499287276814,0.015939776481754202,0.3041150859134418,0.6259101447320351,25,20,20
38,819,0.05403499287276894,0.015939776481758417,0.30412160938358207,0.6259036212618896,25,20,20
38,820,0.0540349928726327,0.015939776481758417,0.30449502749328,0.6255302031523275,25,20,20
38,821,0.05054860222499001,0.01593977557527489,0.30798838223437597,0.6255232399653575,25,20,20
38,822,0.05054860222498646,0.015939775575030832,0.3082692426751294,0.6252423795248518,25,20,20
38,823,0.05054978697420152,0.015939776075482665,0.308267921381356,0.6252425155689583,25,20,20
38,824,0.05054978697420151,0.015939776075482665,0.3082656418159274,0.6252447951343869,25,20,20
38,825,0.0505497869845817,0.01593977607572724,0.30827321917283795,0.6252372177668517,25,20,20
38,826,0.050549786984581686,0.015939776075568055,0.2943099492984821,0.6392004876413669,25,20,20
38,827,0.05056149889203788,0.0014459239369178577,0.30879246946285477,0.6392001077081889,25,20,20
38,828,0.05056149895258307,0.00032755000439514833,0.30991084332830554,0.6392001077147157,25,20,20
38,829,0.06800734551100548,0.00032794914102206974,0.2924650704426904,0.639199634905282,25,20,20
38,830,0.06802372789886567,0.00032794915001026095,0.2924488240459829,0.6391994989051413,25,20,20
38,831,0.06802372789886565,0.00032794915001033625,0.29244220529462434,0.6392061176564999,25,20,20
38,832,0.06796136864150917,0.00032753390004104573,0.2924493829735355,0.6392617144849146,25,20,20
38,833,0.06796136864150838,0.0003275339000368301,0.2924428913849208,0.6392682060735343,25,20,20
38,834,0.10781918275178842,0.00032753339028983883,0.2525850532586086,0.6392682305993135,25,20,20
38,835,0.10781918275178841,0.00032753339028981156,0.2528511894074637,0.6390020944504583,25,20,20
38,836,0.10781918275178841,0.00032753339028981156,0.2528512698625963,0.6390020139953257,25,20,20
38,837,0.10781918275178841,0.00032753339028973767,0.252846570037451,0.6390067138204709,25,20,20
38,838,0.10781918275178606,0.0003275333902898115,0.25293870707959587,0.6389145767783282,25,20,20
38,839,0.10781918275369237,0.000327533390469482,0.26345507852649974,0.6283982053293383,25,20,20
38,840,0.10781918274331219,0.0003275333902291946,0.26344761732590866,0.6284056665405497,25,20,20
38,841,0.10781918274331219,0.0003275333902291946,0.26344753886838723,0.6284057449980712,25,20,20
38,842,0.08734575086211971,0.0002942193454910981,0.28395438345753754,0.6284056463348513,25,20,20
38,843,0.08734575086211972,0.00029421934549531446,0.2839544648401524,0.6284055649522321,25,20,20
38,844,0.08734575086021261,0.0002942193453155688,0.27334587503460217,0.6390141547598693,25,20,20
38,845,0.0873457508612304,0.0002944723964561398,0.27334562197581236,0.6390141547665005,25,20,20
38,846,0.08734575086123048,0.00029447239645614243,0.2733457363490116,0.6390140403933011,25,20,20
38,847,0.09161594636928007,0.0003083385851481174,0.2691182617355581,0.6389574533100133,25,20,20
38,848,0.09161594636928007,0.0003083385851480434,0.2691182278423598,0.6389574872032115,25,20,20
38,849,0.09161594636914348,0.00030833858489924407,0.26911169909130467,0.6389640159546521,25,20,20
38,850,0.09161594636914348,0.00030833858489924407,0.26910509632554824,0.6389706187204086,25,20,20
38,851,0.09161594636914343,0.00030833858489927134,0.2688389601760461,0.6392367548699107,25,20,20
38,852,0.09161594636894625,0.0003079962712987291,0.2688393030014948,0.6392367543582598,25,20,20
38,853,0.09161594636819156,0.0003221627767263988,0.26882513650334056,0.6392367543517411,25,20,20
38,854,0.09328087465843056,4.245287629624771e-05,0.26722714616650384,0.6394495262987688,25,20,20
38,855,0.09328087465843053,4.245287629624771e-05,0.2672271801360921,0.6394494923291805,25,20,20
38,856,0.09328087465843056,4.2452876300572585e-05,0.2676001675605556,0.6390765049047127,25,20,20
38,857,0.09328087465843056,4.245287630057253e-05,0.26760017010923476,0.6390765023560334,25,20,20
38,858,0.0932808746480497,4.245287605605156e-05,0.2675954170658982,0.6390812554099956,25,20,20
38,859,0.0932808746480497,4.245287605176125e-05,0.2675952488481909,0.6390814236277071,25,20,20
38,860,0.10030452238018789,2.858655580783499e-05,0.2605854681442177,0.6390814229197864,25,20,20
38,861,0.10030452230048305,4.848294839690703e-05,0.26056557182250173,0.6390814229286179,25,20,20
38,862,0.10030452230048305,4.848294840119686e-05,0.2605702469324838,0.6390767478186316,25,20,20
38,863,0.133517057647216,2.8819243991271143e-05,0.22737737494548438,0.6390767481633081,25,20,20
38,864,0.133517057647216,2.881924399127117e-05,0.22737748740724956,0.6390766357015427,25,20,20
38,865,0.13351705764717045,2.881924399127117e-05,0.2273774253647244,0.6390766977441134,25,20,20
38,866,0.13351705764717042,2.8819243995488818e-05,0.22737746400676978,0.6390766591020638,25,20,20
38,867,0.133513571502118,3.5129402911592804e-05,0.22566084570949715,0.6407904533854727,25,20,20
38,868,0.13351357842412093,3.512940291088787e-05,0.23282723377537493,0.6336240583975928,25,20,20
38,869,0.13351357842412093,3.512940291088655e-05,0.23282715331012394,0.6336241388628437,25,20,20
38,870,0.133513578424075,3.5129402910810674e-05,0.23245361310262172,0.6339976790703918,25,20,20
38,871,0.1334466697271858,2.8819246857507322e-05,0.23016725845402555,0.6363572525719303,25,20,20
38,872,0.13341808511048675,2.8817572268301542e-05,0.2301958447465966,0.6363572525706486,25,20,20
38,873,0.13341808511048675,2.8817572268300265e-05,0.2301958434399446,0.6363572538773006,25,20,20
38,874,0.13341808511048672,2.8817572268223676e-05,0.23019576035095338,0.6363573369662919,25,20,20
38,875,0.13341808511048997,2.881757226837326e-05,0.2304621009036679,0.6360909964135739,25,20,20
38,876,0.13341808511048675,2.8817572268300265e-05,0.23019590337706286,0.6363571939401823,25,20,20
38,877,0.13341808592236362,1.4646540321015796e-05,0.23021007323231615,0.6363571943049992,25,20,20
38,878,0.13341808592254534,1.4646540325300163e-05,0.2303023791157873,0.6362648884213421,25,20,20
38,879,0.13341808592254772,1.4646540325375425e-05,0.23030234055124368,0.6362649269858833,25,20,20
38,880,0.12302234576314314,1.464654042780627e-05,0.24069806243764627,0.636264945258783,25,20,20
38,881,0.1230222988973194,1.4474336332572655e-05,0.24069826141524564,0.6362649653511021,25,20,20
38,882,0.08321753063070346,1.4474336344022318e-05,0.28050305181918883,0.6362649432137634,25,20,20
38,883,0.05541466533436266,1.4487404144947475e-05,0.3081035596150622,0.63646728764643,25,20,20
38,884,0.05541466671699988,1.4487405054943056e-05,0.31198861566020564,0.6325822302177393,25,20,20
38,885,0.055414666717003055,1.4487405055016506e-05,0.3122548493837272,0.6323159964942144,25,20,20
38,886,0.05541466671704859,1.448740505509176e-05,0.31225489327980316,0.6323159525980929,25,20,20
38,887,0.07665746943768022,1.4478001720485582e-05,0.2910146538439268,0.6323133987166724,25,20,20
38,888,0.07665746943768016,1.447800171615941e-05,0.2906415512243434,0.63268650133626,25,20,20
38,889,0.07665746943749845,1.4478001711876362e-05,0.2905493591900637,0.6327786933707257,25,20,20
38,890,0.07665746943749527,1.4478001711801595e-05,0.29028301103166465,0.633045041529128,25,20,20
38,891,0.07665746943749527,1.4478001711801596e-05,0.29028301173278653,0.6330450408280061,25,20,20
38,892,0.07492516405641497,1.4464933808588034e-05,0.29221769288733573,0.6328426781224403,25,20,20
38,893,0.07492516405641499,1.4464933812878984e-05,0.292224296822029,0.6328360741877429,25,20,20
38,894,0.07492516405636991,1.4464933812804434e-05,0.29185122128154406,0.6332091497282729,25,20,20
38,895,0.07492516405632439,1.44649338085146e-05,0.2918530780525163,0.6332072929573505,25,20,20
38,896,0.07492515834263891,1.4464933834726957e-05,0.2919457092297063,0.6331146674938197,25,20,20
38,897,0.07492515834263974,1.4464933843205869e-05,0.2920750957789667,0.6329852809445502,25,20,20
38,898,0.07492515834264286,1.446493384749614e-05,0.29207517609205774,0.6329852006314518,25,20,20
38,899,0.04178300762046826,1.4219782525119492e-05,0.3252175722765018,0.6329852003205046,25,20,20
38,900,0.041783007620650375,1.4219782529410647e-05,0.3252222760986292,0.6329804964981902,25,20,20
38,901,0.041783007620650396,1.4219782533702243e-05,0.3252224183203515,0.6329803542764637,25,20,20
38,902,0.04171289797328421,1.5648533640102356e-05,0.32528451621826543,0.6329869372748096,25,20,20
38,903,0.06352864122271382,1.5621537492723762e-05,0.30368157895595144,0.6327741582838413,25,20,20
38,904,0.04080608383657267,1.562251063623934e-05,0.326404135360879,0.632774158291911,25,20,20
38,905,0.040806083836572665,1.562251063622675e-05,0.32653351442345285,0.6326447792293373,25,20,20
38,906,0.04080608383657265,1.5622510632009123e-05,0.3265335085770789,0.6326447850757156,25,20,20
38,907,0.04080608785754339,1.56225085017921e-05,0.3265450846479835,0.6326332049859706,25,20,20
38,908,0.04080608785754339,1.562250849750181e-05,0.3265448894116818,0.6326334002222765,25,20,20
38,909,0.040806087857543395,1.5622508493299334e-05,0.32642007002927764,0.632758219604685,25,20,20
38,910,0.0408060878575474,1.562250849330327e-05,0.32642227373815963,0.6327560158957989,25,20,20
38,911,0.040806087788488134,0.0008057044264494779,0.32563219164578006,0.6327560161392818,25,20,20
38,912,0.04080608778848818,0.000805704426453693,0.32562578408627696,0.6327624236987807,25,20,20
38,913,0.04080608778848818,0.0008057044264536956,0.3256258979699983,0.6327623098150592,25,20,20
38,914,0.040806087788484983,0.0008057044264494778,0.3256257837664475,0.6327624240186173,25,20,20
38,915,0.04080608778848498,0.0008057044264494013,0.325621082248312,0.6327671255367529,25,20,20
38,916,0.040806087788484914,0.0008057044264494,0.32562100032195046,0.6327672074631144,25,20,20
38,917,0.04080608086652753,0.0008057044266903971,0.3184610871725523,0.639927127534229,25,20,20
38,918,0.04082195807360005,0.0008057049289346789,0.31800202158721036,0.6403703154102537,25,20,20
38,919,0.040821958882220157,1.9312796382219193e-06,0.31880463278243987,0.6403714770557006,25,20,20
38,920,0.04082195888204123,1.931279878514284e-06,0.31880663199501236,0.6403694778430669,25,20,20
38,921,0.04082195888204123,1.931279878512964e-06,0.3188065195088148,0.6403695903292647,25,20,20
38,922,0.04082195888204039,1.9312798700320543e-06,0.31905009377408916,0.6401260160639995,25,20,20
38,923,0.04082195888204039,1.9312798699567396e-06,0.31904997848541133,0.6401261313526774,25,20,20
38,924,0.04082195888204044,1.9312798700320078e-06,0.3190500604792701,0.6401260493588186,25,20,20
38,925,0.04080474705493462,1.931286809145997e-06,0.3195103265754606,0.6396829950827948,25,20,20
38,926,0.0408047470548923,1.931286809159061e-06,0.3195081903589393,0.6396851312993583,25,20,20
38,927,0.053215452913842824,1.937856724873207e-06,0.3070974471466084,0.639685162082824,25,20,20
38,928,0.05323365074009853,1.9379891182173944e-06,0.3005345301772244,0.6462298810935594,25,20,20
38,929,0.05326232563698565,1.9380185654803577e-06,0.3005058552508886,0.6462298810935613,25,20,20
38,930,0.05325023952989692,1.940370341847083e-06,0.3049147847492941,0.641833035350468,25,20,20
38,931,0.05325028560327473,1.6874025493071866e-06,0.30491499200215066,0.6418330349920253,25,20,20
38,932,0.05354196821453999,1.6874024401349833e-06,0.3046233093910127,0.6418330349920073,25,20,20
38,933,0.05354196821453999,1.6874024402102519e-06,0.30462342397640385,0.6418329204066161,25,20,20
38,934,0.05441889493535314,1.6997642740636728e-06,0.30374642130543117,0.6418329839949395,25,20,20
38,935,0.05441889493535312,1.6997642697740442e-06,0.3037399292815248,0.6418394760188504,25,20,20
38,936,0.07968121530355803,1.7111535966841168e-06,0.2784775426824016,0.6418395308604431,25,20,20
38,937,0.0796812153035588,1.7111535966848196e-06,0.2781045554072217,0.6422125181356222,25,20,20
38,938,0.0796812153035588,1.711153596610826e-06,0.27810455401475953,0.6422125195280843,25,20,20
38,939,0.0796812153035588,1.7111535966108035e-06,0.27810455398014233,0.6422125195627016,25,20,20
38,940,0.0890308187101908,5.585425190857788e-07,0.2687613704203939,0.6422072523268951,25,20,20
38,941,0.0890308187101876,5.5854248089456e-07,0.2750064158871888,0.6359622068601419,25,20,20
38,942,0.08903081871034774,5.58542696950091e-07,0.2796654787069024,0.6313031440400525,25,20,20
38,943,0.0890308187103477,5.585426969513887e-07,0.2796654787173547,0.6313031440296004,25,20,20
38,944,0.10322600327225682,2.8239376960344177e-07,0.26547188610962225,0.6313018282243507,25,20,20
38,945,0.10322600327226004,2.823937739683505e-07,0.2654784913375097,0.6312952229964557,25,20,20
38,946,0.12610512678157174,2.9354925219904037e-07,0.24259949175480944,0.6312950879143664,25,20,20
38,947,0.12610512678386493,2.935494720449281e-07,0.2472522887466899,0.6266422909199728,25,20,20
38,948,0.12610641477070444,5.450897027922533e-07,0.24725074922593532,0.6266422909136569,25,20,20
38,949,0.12610641477070444,5.450897029427854e-07,0.24725237222048013,0.6266406679191113,25,20,20
38,950,0.12610641477070453,5.450897029441288e-07,0.24725245413695976,0.6266405860026316,25,20,20
38,951,0.12610641477070136,5.450897028690538e-07,0.24725055175073102,0.6266424883888636,25,20,20
38,952,0.12610641478632303,2.971779558528188e-07,0.24725077832857256,0.6266425097071474,25,20,20
38,953,0.12611906279217988,3.183496842011642e-07,0.22911312113567883,0.6447674977224562,25,20,20
38,954,0.12611906279218071,3.1834968420250785e-07,0.22911319909940414,0.64476741975873,25,20,20
38,955,0.12611906279217996,3.183496842012097e-07,0.2291131481877898,0.6447674706703451,25,20,20
38,956,0.10327366523503566,3.097242586177513e-07,0.24668736137910546,0.6500386636615987,25,20,20
38,957,0.10327366523508118,3.0972450321139743e-07,0.2466921138271826,0.6500339112132315,25,20,20
38,958,0.10327366523503566,3.0972425854376247e-07,0.24695361147547196,0.6497724135652322,25,20,20
38,959,0.10327092093927825,7.138709758779746e-05,0.2468852783646738,0.6497724135984594,25,20,20
38,960,0.10327092093927824,7.138709738146713e-05,0.24063578000774058,0.6560219119555988,25,20,20
38,961,0.10326972434181095,0.0006744996711091782,0.24003384849819556,0.6560219274888837,25,20,20
38,962,0.10326972434180781,0.0006744996708645946,0.2400318469405355,0.6560239290467916,25,20,20
38,963,0.10278148590485174,0.0006744996770547693,0.24052008537130137,0.6560239290467916,25,20,20
38,964,0.10298666277356823,0.0006744997626973461,0.24023664406143483,0.656102193402299,25,20,20
38,965,0.10298666277356588,0.0006744997626931303,0.24023166109897826,0.6561071763647621,25,20,20
38,966,0.10298666277356905,0.0006744997627015582,0.24060468225506904,0.6557341552086601,25,20,20
38,967,0.10298666277360749,0.0006744997627052416,0.24685429606383824,0.6494845413998486,25,20,20
38,968,0.11895648575064913,0.0006744997627510884,0.23088447308570842,0.6494845414008913,25,20,20
38,969,0.11895648575064591,0.0006744997627553753,0.2308869022333597,0.649482112253239,25,20,20
38,970,0.11895648575064273,0.000674499762746872,0.2305139617940527,0.6498550526925578,25,20,20
38,971,0.11895648575064348,0.0006744997627511616,0.23052048582463736,0.6498485286619679,25,20,20
38,972,0.11895648575064348,0.0006744997627469459,0.23051813895932813,0.6498508755272813,25,20,20
38,973,0.11886161144319664,0.0006744968418027918,0.23588419381469655,0.6445796979003036,25,20,20
38,974,0.11886161934808052,0.0006744975868212645,0.23838721847484204,0.6420766645902559,25,20,20
38,975,0.11742952846401884,0.0006744979387629925,0.2398140404090045,0.6420819331882135,25,20,20
38,976,0.11742952846402205,0.0006744979387672836,0.2398185807927835,0.642077392804427,25,20,20
38,977,0.11742952846402206,0.0006744979387629925,0.2398186749393043,0.6420772986579101,25,20,20
38,978,0.11742947377417315,0.020858793663423837,0.21963390488183865,0.6420778276805638,25,20,20
38,979,0.11742947377417634,0.020858793663423914,0.21963398843681337,0.6420777441255856,25,20,20
38,980,0.1181324346664602,0.020858776397231122,0.21893112871212192,0.6420776602241866,25,20,20
38,981,0.11812427879272144,0.020858776280261906,0.2188071305271597,0.6422098143998564,25,20,20
38,982,0.11628454443540043,0.020858767255717718,0.22064691731578534,0.6422097709930966,25,20,20
38,983,0.1162844608998034,0.04003008339032333,0.20147622926733028,0.6422092264425426,25,20,20
38,984,0.11628446089984808,0.04003008339032755,0.2014748043162255,0.6422106513935982,25,20,20
38,985,0.11628446085125076,0.03843578202391062,0.20306910573145967,0.6422106513933783,25,20,20
38,986,0.11628446085875653,0.03843578202391372,0.2141460026907859,0.6311337544265437,25,20,20
38,987,0.11554925215954275,0.03843581783121605,0.2146033901126159,0.6314115398966255,25,20,20
38,988,0.11554925215954279,0.038435817831215975,0.2146034708421925,0.6314114591670489,25,20,20
38,989,0.11554925215954201,0.038435817831215975,0.2146033493566556,0.6314115806525865,25,20,20
38,990,0.10848489486885483,0.03843578450485947,0.22194551203038146,0.6311338085959044,25,20,20
38,991,0.10847273102051476,0.03843576328400098,0.23866824180537285,0.6144232638901108,25,20,20
38,992,0.10847276464342526,0.038435763284489936,0.22770660682734056,0.6253848652447437,25,20,20
38,993,0.11761269592022368,0.03843576020091255,0.21856669334022155,0.6253848505386419,25,20,20
38,994,0.11761269592026878,0.03843576098706548,0.21900102139553954,0.6249505216971261,25,20,20
38,995,0.11761269592026875,0.0384357609870654,0.21899885618873052,0.6249526869039351,25,20,20
38,996,0.11758675607202951,0.03836468527951602,0.21909586369653364,0.6249526949519205,25,20,20
38,997,0.11758675607199107,0.03836468527951241,0.21284625128040321,0.631202307368093,25,20,20
38,998,0.11758675607199104,0.038364685279512485,0.21284382743732028,0.631204731211176,25,20,20
38,999,0.11758675607216995,0.03836468527975706,0.21285107896790162,0.6311974796801713,25,20,20
38,1000,0.11758677750055999,0.038364685315765354,0.21113558116611522,0.6329129560175591,25,20,20
38,1001,0.11758677750056,0.03836468531600565,0.21114208896354605,0.6329064482198877,25,20,20
38,1002,0.11783160716755173,0.03836468286211185,0.2115218931261071,0.6322818168442285,25,20,20
38,1003,0.11783160716755176,0.03836468286187156,0.21151693160420737,0.6322867783663685,25,20,20
38,1004,0.11942888512595476,0.03836468283375918,0.2113352967003841,0.630871135339901,25,20,20
38,1005,0.11955027470841696,0.03836472947653414,0.21118896943602827,0.6308960263790198,25,20,20
38,1006,0.11955027470859872,0.0383647294767773,0.2114406399375387,0.6306443558770846,25,20,20
38,1007,0.11956197803499746,0.039261164452963244,0.2105324983819764,0.6306443591300621,25,20,20
38,1008,0.11964075539575182,0.03926116961401161,0.21045371542751595,0.6306443595627198,25,20,20
38,1009,0.11964072176533551,0.03926116961351963,0.21033373822489523,0.630764370396249,25,20,20
38,1010,0.1196407217651537,0.03926116961327647,0.2100886457097509,0.6310094629118184,25,20,20
38,1011,0.11964072176510822,0.039261169613272175,0.210088529501005,0.631009579120614,25,20,20
38,1012,0.11964072176510827,0.039261169613272175,0.21008856232546108,0.6310095462961578,25,20,20
38,1013,0.11964069954835076,0.039261169576564225,0.2118732495836409,0.6292248812914434,25,20,20
38,1014,0.11792155630740417,0.03926112293328475,0.2136171007187054,0.629200220040605,25,20,20
38,1015,0.1176706108976437,0.0392611229013708,0.2153790283587825,0.6276892378422021,25,20,20
38,1016,0.11767061089765439,0.039261122901337195,0.21547366750052518,0.6275945987004824,25,20,20
38,1017,0.11780283767616304,0.03926111764989936,0.21534144683693604,0.627594597837001,25,20,20
38,1018,0.11780283767616298,0.039261117649899285,0.215341334007766,0.6275947106661711,25,20,20
38,1019,0.11780283767616298,0.039261117649899285,0.21534122204512335,0.6275948226288139,25,20,20
38,1020,0.11780283767531208,0.04086494865578103,0.21373739104533004,0.6275948226235765,25,20,20
38,1021,0.11082641451228006,0.04086518805067781,0.2207135547774843,0.6275948426595571,25,20,20
38,1022,0.11082606000554042,0.04086536525448599,0.22071372519781818,0.6275948495421545,25,20,20
38,1023,0.11082606000554363,0.04086536525449028,0.22071182235282866,0.6275967523871366,25,20,20
38,1024,0.11082867632694902,0.04086536525518532,0.2207040007619419,0.627601957655923,25,20,20
38,1025,0.11082867632679134,0.04086536525497353,0.21622432549197207,0.6320816329262623,25,20,20
38,1026,0.11082867632679134,0.04086536525497361,0.2162290248528094,0.6320769335654249,25,20,20
38,1027,0.11082867632679529,0.04086536525521828,0.21623369657801703,0.6320722618399686,25,20,20
38,1028,0.11082867632697732,0.04086536525546285,0.2162408583758956,0.6320651000416633,25,20,20
38,1029,0.11082867632697335,0.04086536525522247,0.21623764629941672,0.6320683121183867,25,20,20
38,1030,0.11082867632692904,0.04086536446907384,0.21580340105439638,0.6325025581495999,25,20,20
38,1031,0.1108286763269258,0.040865364469073774,0.21562409418322015,0.6326818650207795,25,20,20
38,1032,0.11082867632692903,0.04086536446907806,0.21562175966731215,0.63268419953668,25,20,20
38,1033,0.11082867632468135,0.040865364468858224,0.2109646383169194,0.6373413208895403,25,20,20
38,1034,0.10508368377764193,0.040865364377025454,0.2167878953113067,0.6372630565340254,25,20,20
38,1035,0.10508970886829187,0.04086536686840637,0.21458385582662068,0.6394610684366806,25,20,20
38,1036,0.10507921425513994,0.03996892908642589,0.21549081165537454,0.6394610450030591,25,20,20
38,1037,0.11097148029798029,0.039968929181360316,0.20959852017069114,0.6394610703499672,25,20,20
38,1038,0.1109714802979795,0.039968929181356104,0.20959194267144463,0.639467647849219,25,20,20
38,1039,0.1109714802979763,0.03996892918135181,0.20958735495155806,0.639472235569113,25,20,20
38,1040,0.1026915092207557,0.039979375353307776,0.21785688932747674,0.6394722260984594,25,20,20
38,1041,0.10269150922057367,0.039979375353058996,0.21784806708829843,0.6394810483380684,25,20,20
38,1042,0.11068049969365745,0.03996893419219755,0.20986814732454032,0.6394824187896038,25,20,20
38,1043,0.11067788337941405,0.03996893419209172,0.20642379416270135,0.6429293882657925,25,20,20
38,1044,0.1106778833794561,0.039968934192334694,0.2066854428465145,0.6426677395816942,25,20,20
38,1045,0.11067788337941377,0.03996893419233462,0.20668320382906774,0.6426699785991835,25,20,20
38,1046,0.11067667720608433,0.039968932680859284,0.20668440916381134,0.6426699809492447,25,20,20
38,1047,0.11067667720608433,0.03996893268085921,0.2066821300977132,0.6426722600153429,25,20,20
38,1048,0.11067667735399599,0.039968932680863496,0.20669130499055696,0.6426630849745832,25,20,20
38,1049,0.11067671107748271,0.0399689326813527,0.2067010002100749,0.6426533560310895,25,20,20
38,1050,0.11067671107747952,0.0399689326813527,0.20670095952253636,0.6426533967186313,25,20,20
38,1051,0.11226037027652204,0.03996894217239796,0.20511475985773714,0.6426559276933426,25,20,20
38,1052,0.11226037027652204,0.03996894217239789,0.20511468019925772,0.6426560073518222,25,20,20
38,1053,0.11226037026260877,0.03996894217239717,0.2051145818339015,0.6426561057310924,25,20,20
38,1054,0.11201659684604458,0.03996922109369241,0.2053594143245628,0.6426547677357,25,20,20
38,1055,0.11391789349867355,0.03996922074165176,0.20346338659205848,0.6426494991676155,25,20,20
38,1056,0.11391789349867434,0.03996922074165184,0.20319867784943985,0.6429142079102336,25,20,20
38,1057,0.11391789349867355,0.03996922074165176,0.20319713449219176,0.6429157512674826,25,20,20
38,1058,0.11391789349867273,0.039969220741647465,0.20319705365904245,0.6429158321006367,25,20,20
38,1059,0.11391789349867273,0.039969220741647465,0.20319710767938964,0.6429157780802897,25,20,20
38,1060,0.1139178933508066,0.03996922075558241,0.20320013846375448,0.6429127474298559,25,20,20
38,1061,0.14011262109854722,0.039969220759897756,0.1770055797726735,0.6429125783688812,25,20,20
38,1062,0.14011262109854716,0.039969220759897756,0.1770121833647597,0.6429059747767955,25,20,20
38,1063,0.14011262109850836,0.03996922075965065,0.17674754225069397,0.643170615891147,25,20,20
38,1064,0.14011262109850914,0.03996922075965079,0.17674758178533004,0.64317057635651,25,20,20
38,1065,0.14011262109853925,0.0011231631929557206,0.2155936393431982,0.6431705763653067,25,20,20
38,1066,0.14010792836525804,0.001123162667977907,0.2177676190630372,0.6410012899037261,25,20,20
38,1067,0.14010792836525804,0.0011231626679779083,0.21776758436009544,0.641001324606668,25,20,20
38,1068,0.14010792836525804,0.0011231626679779098,0.21776769825407138,0.641001210712692,25,20,20
38,1069,0.14010793283579603,2.047142406368673e-05,0.2188703850274158,0.6410012107127239,25,20,20
38,1070,0.14010793283579612,2.047142406368543e-05,0.21887038568728984,0.6410012100528496,25,20,20
38,1071,0.14010793283579612,2.047142406368413e-05,0.2188703875695408,0.6410012081705989,25,20,20
38,1072,0.14010793283579612,2.0471424063684122e-05,0.2188769092802338,0.6409946864599061,25,20,20
38,1073,0.14695246099043927,2.0232121269355315e-05,0.2120326162754716,0.6409946906128193,25,20,20
38,1074,0.14695246099043932,2.0232121273646753e-05,0.21203415669034928,0.6409931501979373,25,20,20
38,1075,0.14695246099043927,2.023212126942924e-05,0.21203261758537445,0.6409946893029165,25,20,20
38,1076,0.14695246099043366,2.0232121273643758e-05,0.2120356100270757,0.6409916968612166,25,20,20
38,1077,0.14320171623116162,2.0236629503296682e-05,0.21578635253414957,0.640991694605185,25,20,20
38,1078,0.143201716231164,2.0236629503296682e-05,0.2157863082038269,0.6409917389355051,25,20,20
38,1079,0.13808539051478616,2.0418875407408574e-05,0.22090242831965856,0.6409917622901473,25,20,20
38,1080,0.13650215513223218,2.252834857616044e-05,0.18966299628276065,0.6738123202364309,25,20,20
38,1081,0.13650215513223218,2.2528348576160437e-05,0.18966288378630863,0.673812432732883,25,20,20
38,1082,0.1365021214087455,2.2528348087029092e-05,0.1896578873712158,0.6738174628719513,25,20,20
38,1083,0.1365021214087455,2.252834808702777e-05,0.1896512803589165,0.6738240698842506,25,20,20
38,1084,0.13650212141134463,2.25283483316879e-05,0.1896579851140096,0.6738173651263136,25,20,20
38,1085,0.13650211694115877,2.3030540050308236e-05,0.18965748740124228,0.6738173651175481,25,20,20
38,1086,0.13650211694115877,2.3030540046092042e-05,0.18965594702293673,0.6738189054958578,25,20,20
38,1087,0.13859762655095553,2.284391805368627e-05,0.18749431490251148,0.6738852146284787,25,20,20
38,1088,0.1385976265509555,2.2843918053611035e-05,0.18748976756907332,0.673889761961917,25,20,20
38,1089,0.13859719703599951,2.0724953679721877e-05,0.1803176890227023,0.6810643889876178,25,20,20
38,1090,0.11240754836656963,2.528364296024091e-05,0.20650246259618008,0.6810647053942894,25,20,20
38,1091,0.1124075404644572,2.5282897945975964e-05,0.20408782750283763,0.6834793491347585,25,20,20
38,1092,0.11240754046445715,2.528289794597469e-05,0.20408554805280044,0.6834816285847957,25,20,20
38,1093,0.11242128605094383,2.072420466216274e-05,0.20407674219685837,0.6834812475475348,25,20,20
38,1094,0.11242128605094377,2.072420466208875e-05,0.20407666109127814,0.6834813286531154,25,20,20
38,1095,0.11242128605094384,2.0724204666380215e-05,0.20407828432376177,0.6834797054206274,25,20,20
38,1096,0.11242128605094384,2.0724204666306265e-05,0.20407831570496568,0.6834796740394237,25,20,20
38,1097,0.11242128605094384,2.072420466623212e-05,0.20417049909114296,0.6833874906532463,25,20,20
38,1098,0.1124215451381526,1.9957244924973537e-05,0.20417097836028272,0.683387519256639,25,20,20
38,1099,0.11309639226768647,1.967321760081234e-05,0.20349646359047047,0.6833874709242417,25,20,20
38,1100,0.11307755832831871,1.967324435726895e-05,0.2035152975450333,0.6833874708822906,25,20,20
38,1101,0.11307910491909892,1.8187939101317808e-07,0.20353327092167725,0.6833874422798327,25,20,20
38,1102,0.11307910491909892,1.8187939101188032e-07,0.20353327093175494,0.6833874422697549,25,20,20
38,1103,0.10414763721717771,6.228487268373799e-07,0.21246425952909148,0.6833874804050035,25,20,20
38,1104,0.10774833457009292,6.489485025666821e-07,0.20845907386421786,0.6837919426171861,25,20,20
38,1105,0.10774833457009286,6.489484982764725e-07,0.20845756440022106,0.6837934520811872,25,20,20
38,1106,0.10774833456732141,6.48948493917985e-07,0.20836755184897093,0.6838834646352132,25,20,20
38,1107,0.10774833456745682,6.489347976082849e-07,0.2086215829480457,0.6836294335496992,25,20,20
38,1108,0.10774833456745737,6.489448863962703e-07,0.21967994931218984,0.6725710671754657,25,20,20
38,1109,0.10780242661721412,6.469784899089617e-07,0.21964997462783525,0.6725469517764602,25,20,20
38,1110,0.11470477051875752,6.467542731310303e-07,0.2128139853630343,0.6724805973639346,25,20,20
38,1111,0.11470477051875756,6.467544323701906e-07,0.2267838594256817,0.6585107233011278,25,20,20
38,1112,0.08034165314071989,6.474849082181292e-07,0.26114697265154857,0.658510726722822,25,20,20
38,1113,0.08034165314072311,6.474849082933871e-07,0.2611531573825933,0.6585045419917739,25,20,20
38,1114,0.08034165314090685,6.474849937885781e-07,0.24718995070673244,0.6724677486673657,25,20,20
38,1115,0.0773726248481493,6.119959668575016e-05,0.2505028002061337,0.6720633753490297,25,20,20
38,1116,0.0773726248483282,6.119959692604228e-05,0.2505071386389089,0.6720590369158355,25,20,20
38,1117,0.07737262565209997,6.142957707602265e-05,0.2504596770513761,0.6721062677194455,25,20,20
38,1118,0.07737262565210395,6.142957732060618e-05,0.2504662676494025,0.6720996771211705,25,20,20
38,1119,0.07737262565210078,6.142957756513988e-05,0.25037633354689093,0.6721896112234411,25,20,20
38,1120,0.07737273165817081,6.271751002886272e-05,0.25037495241967805,0.6721895984121207,25,20,20
38,1121,0.07737273165817082,6.271751002878744e-05,0.2503684301219466,0.6721961207098524,25,20,20
38,1122,0.07737273204326768,6.271751926161482e-05,0.2643388781308179,0.6582256723066522,25,20,20
38,1123,0.08019223200712432,6.227655000840584e-05,0.26151985692916235,0.6582256345137045,25,20,20
38,1124,0.08019223200712032,6.227654976389886e-05,0.26151785371925296,0.6582276377238625,25,20,20
38,1125,0.08019223200712032,6.227654976389889e-05,0.26151785438568803,0.6582276370574276,25,20,20
38,1126,0.08019223200452126,6.227654952352988e-05,0.2615158511849933,0.658229640260962,25,20,20
38,1127,0.08019223200456306,6.227733567638186e-05,0.26194395444994834,0.6578015362098122,25,20,20
38,1128,0.06778115926106792,6.228024264859298e-05,0.27435502405495243,0.6578015364413307,25,20,20
38,1129,0.06778115926102302,6.22794564957436e-05,0.2739252847566435,0.6582312765258373,25,20,20
38,1130,0.06778115927112616,6.227945649350369e-05,0.27429142922926947,0.6578651320431105,25,20,20
38,1131,0.06778115927094407,6.227945625313585e-05,0.27429132998660377,0.6578652312861984,25,20,20
38,1132,0.03398626840832696,6.233053760905583e-05,0.30808616796531213,0.6578652330887508,25,20,20
38,1133,0.042042112021239836,0.0004455420213790555,0.29964710517741167,0.6578652407799683,25,20,20
38,1134,0.04204211202123985,0.0004455420213747657,0.2996446812014297,0.6578676647559546,25,20,20
38,1135,0.04204211202124065,0.0004455420213748405,0.2996491881357851,0.6578631578215983,25,20,20
38,1136,0.042042112021240634,0.00044554202113023173,0.29964690825203066,0.6578654377055975,25,20,20
38,1137,0.042042112021240634,0.00044554202113030573,0.299646989332592,0.6578653566250361,25,20,20
38,1138,0.04204211201095538,0.00044554202088789195,0.2992735908621221,0.6582387551060339,25,20,20
38,1139,0.04204211201095538,0.0004455420347949065,0.29936131490980344,0.6581510310444455,25,20,20
38,1140,0.042042111628635775,0.00044554202580673977,0.28539728136117004,0.6721150649843868,25,20,20
38,1141,0.0420421116286358,0.0004455420258066658,0.2853926960170004,0.6721196503285563,25,20,20
38,1142,0.05350689832322825,0.00044555802579186835,0.27392789350524593,0.6721196501457334,25,20,20
38,1143,0.053506898323231494,0.0004455580257918696,0.2740201084022483,0.6720274352487279,25,20,20
38,1144,0.04533643271859329,0.0004455549676679512,0.28218842389354637,0.6720295884201916,25,20,20
38,1145,0.04533643271859647,0.00044555496766373687,0.2821819018916738,0.6720361104220653,25,20,20
38,1146,0.046297685773806316,0.00044411652555907395,0.2812219564495033,0.6720362412511307,25,20,20
38,1147,0.04629768577380637,0.00044411652555914795,0.28122654317554463,0.6720316545250894,25,20,20
38,1148,0.04881033859653616,0.00044408858589477604,0.27871393115997706,0.6720316416575917,25,20,20
38,1149,0.04887557689377323,0.00044408944271486823,0.27864176337307645,0.6720385702904346,25,20,20
38,1150,0.04887557689377323,0.00044408944271486823,0.2786416834650416,0.6720386501984694,25,20,20
38,1151,0.048875576893773164,0.0004440894427148669,0.27863940469073356,0.6720409289727776,25,20,20
38,1152,0.04887557689377633,0.00044408942880773893,0.2789200868960321,0.671760246781383,25,20,20
38,1153,0.04887710402766192,0.00044408942999498704,0.2760894819172524,0.6745893246250906,25,20,20
38,1154,0.04549710460179513,0.00044412068060450667,0.2519787837216316,0.7020799909959676,25,20,20
38,1155,0.04549710460179513,0.0004441206806044327,0.2519787026756876,0.7020800720419116,25,20,20
38,1156,0.04549710460179521,0.00044412068084909195,0.2519853348236404,0.7020734398937141,25,20,20
38,1157,0.05449205334185308,0.00044410492109945405,0.2429925304596029,0.7020713112774435,25,20,20
38,1158,0.054492053341849755,0.00044410492110131394,0.2433589852861245,0.7017048564509237,25,20,20
38,1159,0.05449205334184982,0.000444104921101314,0.2433590387888925,0.7017048029481556,25,20,20
38,1160,0.05449205334184902,0.00044410492109695025,0.24335903640399742,0.7017048053330558,25,20,20
38,1161,0.05449205334184969,0.00044410492109702294,0.24335441826984236,0.7017094234672101,25,20,20
38,1162,0.0544920533418505,0.00044410492110131454,0.24335445827222787,0.7017093834648196,25,20,20
38,1163,0.054490284191164376,0.0004441050356469402,0.24335599341528547,0.7017096173579036,25,20,20
38,1164,0.05439650143353822,0.00044407333523703346,0.23792552258418598,0.7072339026470388,25,20,20
38,1165,0.054396501433541425,0.0004440733352371073,0.23801781671810518,0.7071416085131164,25,20,20
38,1166,0.05439650143354147,0.00044407333523725523,0.23801539459103985,0.7071440306401814,25,20,20
38,1167,0.054396501433538275,0.00044407333523725453,0.23838841365507285,0.7067710115761514,25,20,20
38,1168,0.054396501433541446,0.00044407333523732793,0.23865555940154068,0.7065038658296804,25,20,20
38,1169,0.054396501433538205,0.00044407333524161644,0.23856796755374263,0.706591457677477,25,20,20
38,1170,0.05439650143353743,0.00044407333523725225,0.2385678478627195,0.7065915773685054,25,20,20
38,1171,0.08105609561456889,0.0004443110648132796,0.21190799944006053,0.7065915938805573,25,20,20
38,1172,0.08105609561456567,0.00044431106481320577,0.21181570441780068,0.7066838889028204,25,20,20
38,1173,0.08105609561178849,0.00044431106457283755,0.21181399409519674,0.7066855992284417,25,20,20
38,1174,0.10402597470670863,0.000444311177934813,0.18885140995062874,0.7066783041647274,25,20,20
38,1175,0.10402597470670863,0.000444311177934739,0.18885141157335764,0.7066783025419987,25,20,20
38,1176,0.10402597470671188,0.0004443111779346633,0.18848503747406276,0.7070446766412904,25,20,20
38,1177,0.08139644853988065,0.0004849107997420018,0.21107981385145333,0.7070388268089232,25,20,20
38,1178,0.0813964485398799,0.00048491079974192776,0.21108443146154302,0.7070342091988343,25,20,20
38,1179,0.08139644853988065,0.00048491079974606876,0.2110839009900442,0.7070347396703284,25,20,20
38,1180,0.08143363064635352,0.00048469618875804816,0.20103830545847576,0.7170433677064119,25,20,20
38,1181,0.08143210351246812,0.0004846961774820853,0.19318358163298197,0.724899618677067,25,20,20
38,1182,0.08143210351246806,0.0004846961774820845,0.19317907473937995,0.7249041255706691,25,20,20
38,1183,0.08143210351246807,0.00048469617748208183,0.19318375653441403,0.7248994437756348,25,20,20
38,1184,0.08143210351246807,0.0004846961774777933,0.19317916685680764,0.7249040334532455,25,20,20
38,1185,0.08143210351247047,0.0004846961774778685,0.19317969875638252,0.7249035015536681,25,20,20
38,1186,0.08143210351229323,0.00048469617723127426,0.19280673975263615,0.7252764605578385,25,20,20
38,1187,0.08143210351247536,0.00048469617723556407,0.192811492363361,0.7252717079469271,25,20,20
38,1188,0.08081111340279047,0.0004241506633682228,0.17917608658900175,0.7395886493448386,25,20,20
38,1189,0.08081111340278968,0.00042415066336815087,0.17880524744354898,0.7399594884902921,25,20,20
38,1190,0.08081111340283514,0.0004241506773088756,0.1788087898579497,0.7399559460619052,25,20,20
38,1191,0.08081111288408221,0.0004241498166507571,0.1788090250593502,0.7399557122399159,25,20,20
38,1192,0.08081111288408302,0.000424149816650717,0.17918193198187143,0.7395828053173937,25,20,20
38,1193,0.08081111288408299,0.0004241498166507157,0.17918193062438767,0.7395828066748775,25,20,20
38,1194,0.08236704513153964,0.0004239157403789087,0.17762623148021614,0.7395828076478643,25,20,20
38,1195,0.07140402887128412,0.00042391578648048655,0.18858923677806427,0.7395828185641714,25,20,20
38,1196,0.07140402888166184,0.00042391578672937373,0.18859394405947327,0.7395781112721356,25,20,20
38,1197,0.07140402888166178,0.00042391578672937373,0.18858914438820043,0.7395829109434086,25,20,20
38,1198,0.07140402889204663,0.0004239157864933721,0.18858734396432456,0.7395847113571353,25,20,20
38,1199,0.08218267136337389,0.0004239198342392704,0.1778087316215074,0.7395846771808792,25,20,20
38,1200,0.08218267136337389,0.0004239198342393457,0.1778088121164031,0.7395845966859832,25,20,20
38,1201,0.04554025946895769,0.0004251912098863574,0.21443819975478653,0.7395963495663689,25,20,20
38,1202,0.04554025945857277,0.00042519120987769975,0.21443807012737667,0.7395964792041724,25,20,20
38,1203,0.04554025945857356,0.000425191209882064,0.21443591302367737,0.7395986363078664,25,20,20
38,1204,0.04554025944819265,0.00042519120963317806,0.21443112302236944,0.7396034263198042,25,20,20
38,1205,0.011759406779837606,0.00042518683495353126,0.24821199854239,0.7396034078428173,25,20,20
38,1206,0.011759406779837564,0.00042518683495770636,0.24858039973512602,0.7392350066500771,25,20,20
38,1207,0.011759406779837606,0.000425186834953456,0.24820737834183212,0.7396080280433753,25,20,20
38,1208,0.011759406779657476,0.00042518683471053575,0.24794330538179332,0.7398721010038372,25,20,20
38,1209,0.011759406779657476,0.00042518683471046305,0.24794333678742958,0.7398720695982012,25,20,20
38,1210,0.011759406779657472,0.0004251868347105371,0.247943295681745,0.7398721107038857,25,20,20
38,1211,0.011759406779657417,0.0004251868347148281,0.24794127037820118,0.7398741360074252,25,20,20
38,1212,0.011759406779657415,0.0004251868347148295,0.2479366479450654,0.7398787584405611,25,20,20
38,1213,0.011759406779660557,0.0004251868347148281,0.24793672923836302,0.7398786771472602,25,20,20
38,1214,0.01175940677970289,0.00042518683471475373,0.24794105691567522,0.7398743494699057,25,20,20
38,1215,0.011759406779702114,0.0004251868347105048,0.24756806969682948,0.7402473366887564,25,20,20
38,1216,0.011735826817374104,0.0004251928506781226,0.24261098906788545,0.7452279912640607,25,20,20
38,1217,0.015124024801836364,0.0004266407652845266,0.23920777719813519,0.7452415572347423,25,20,20
38,1218,0.015124024801836364,0.00042664076528452525,0.23920777720838976,0.7452415572244877,25,20,20
38,1219,0.015226636860070314,0.00042668318335052955,0.2391051227409224,0.7452415572156557,25,20,20
38,1220,0.015226636860073493,0.00042668318335489314,0.23911161231686456,0.7452350676397059,25,20,20
38,1221,0.015226636860073606,0.0004266831833548932,0.2391117774878463,0.745234902468724,25,20,20
38,1222,0.05467448090305324,0.00038608259300394325,0.19970324912095053,0.7452361873829918,25,20,20
38,1223,0.05467448090305644,0.00038608259300830684,0.19970974118528528,0.7452296953186496,25,20,20
38,1224,0.054674480903193115,0.0003860825790676587,0.1997047478485571,0.7452346886691817,25,20,20
38,1225,0.054674480903189916,0.00038608257906336886,0.19970664845544772,0.7452327880622986,25,20,20
38,1226,0.020372134052305688,0.00038608400405861876,0.23401039117024214,0.7452313907733924,25,20,20
38,1227,0.020372134052305688,0.00038608400405862,0.23401505304940654,0.7452267288942279,25,20,20
38,1228,0.020372134052301746,0.00038608400405444235,0.23364205851551784,0.7455997234281247,25,20,20
38,1229,0.020372134052301746,0.0003860840040545163,0.23364206051825437,0.7455997214253881,25,20,20
38,1230,0.014766660695243385,0.0003867808252114206,0.23924684383761477,0.7455997146419291,25,20,20
38,1231,0.014766660695246564,0.000386780825211348,0.23924676932872205,0.7455997891508188,25,20,20
38,1232,0.014677246517276173,0.0003867492532454543,0.2392529369915368,0.7456830672379404,25,20,20
38,1233,0.014676849925386964,0.0003867492530407501,0.23240736545853027,0.752529035363041,25,20,20
38,1234,0.014800218235484172,0.0003867278691324214,0.25077422032124075,0.7340388335741417,25,20,20
38,1235,0.011770815875614874,0.00038545231931709137,0.25381665242022605,0.734027079384841,25,20,20
38,1236,0.011770815875614078,0.00038545231931279983,0.2538166124176632,0.734027119387409,25,20,20
38,1237,0.011770815875613965,0.0003854523193128011,0.25381644971878914,0.7340272820862833,25,20,20
38,1238,0.011770815875613167,0.0003854523193127259,0.25381417054956135,0.7340295612555119,25,20,20
38,1239,0.011770815875613167,0.0003854523193126506,0.2538140889177339,0.7340296428873394,25,20,20
38,1240,0.04789337655610055,0.0003847540757844381,0.21769222649906195,0.7340296428690521,25,20,20
38,1241,0.04492603201293904,0.00038332064897016085,0.22067450494400004,0.7340161423940887,25,20,20
38,1242,0.04492603201293586,0.0003833206492104086,0.22066963605037823,0.7340210112874734,25,20,20
38,1243,0.04492603201275373,0.0003833206492104091,0.2206650795989131,0.7340255677391211,25,20,20
38,1244,0.04492603201275373,0.0003833206492104077,0.2206649991336622,0.7340256482043721,25,20,20
38,1245,0.0449088148333016,0.00038353956403311954,0.22065224551213058,0.7340554000905333,25,20,20
38,1246,0.0449088148333016,0.00038353956403312084,0.22065876723541206,0.7340488783672515,25,20,20
38,1247,0.04490881483329841,0.000383539564028756,0.22065218986074026,0.734055455741931,25,20,20
38,1248,0.04490881483329841,0.00038353956402875736,0.22065219124816654,0.7340554543545048,25,20,20
38,1249,0.04490881483329842,0.0003835395640287599,0.22065219474481024,0.7340554508578611,25,20,20
38,1250,0.044417694156675715,0.00038353949899995053,0.22114338220441435,0.7340553841399081,25,20,20
38,1251,0.044417694156675715,0.00038353949899994923,0.2211433817053288,0.7340553846389937,25,20,20
38,1252,0.044417694303635014,0.00038353951309354445,0.22140355730433722,0.7337952088789322,25,20,20
38,1253,0.044417694303635014,0.00038353951309354445,0.22140355729423955,0.7337952088890298,25,20,20
38,1254,0.044407116627053995,0.0003836156426408173,0.23570151600427183,0.7195077517260312,25,20,20
38,1255,0.044407116627008476,0.00038361564263660037,0.23569502313011903,0.719514244600234,25,20,20
38,1256,0.04440711662701167,0.0003836156426366756,0.23569718842974896,0.7195120793006009,25,20,20
38,1257,0.048835099381410174,0.00038360537128851417,0.23133498974486383,0.719446305502436,25,20,20
38,1258,0.048835099234450875,0.0003836053571949177,0.23106821079421555,0.7197130846141373,25,20,20
38,1259,0.0488363249053363,0.00038359092533397183,0.23106700076194112,0.7197130834073872,25,20,20
38,1260,0.0488363249053363,0.0003835909253339706,0.23106700074953004,0.7197130834197982,25,20,20
38,1261,0.0488363249053331,0.00038359092533389523,0.2310647229777902,0.7197153611915413,25,20,20
38,1262,0.0488363249053331,0.0003835909253338939,0.2310646963875952,0.7197153877817363,25,20,20
38,1263,0.048836324905514636,0.000383590925577726,0.23119410502692386,0.7195859791419822,25,20,20
38,1264,0.048836205882145343,0.00039727458329568435,0.2312102923152123,0.7195562272193449,25,20,20
38,1265,0.04883620588232745,0.0003972745832956667,0.2312133902109743,0.7195531293234007,25,20,20
38,1266,0.04883620588250953,0.00039727459723497066,0.23122570974247622,0.7195408097777775,25,20,20
38,1267,0.04883620588255187,0.0003972745972350472,0.23122782774611192,0.7195386917740995,25,20,20
38,1268,0.048836205882597385,0.00039727459723511995,0.2312344314598575,0.7195320880603081,25,20,20
38,1269,0.044507368826777256,0.0003972740650922998,0.2355807694463531,0.7195145876617757,25,20,20
38,1270,0.044513226029463546,0.0003972740219611083,0.23557491623932109,0.7195145837092528,25,20,20
38,1271,0.04451322602928145,0.000397274008021803,0.23556267716690216,0.719526822795793,25,20,20
38,1272,0.04451322603177596,0.00039727477185313255,0.2371205236679376,0.7179689755284313,25,20,20
38,1273,0.04451322603177597,0.0003972747718530586,0.23711862072501588,0.7179708784713532,25,20,20
38,1274,0.044513226031730434,0.00039727477185298206,0.23711634001093557,0.7179731591854791,25,20,20
38,1275,0.04804836824964204,0.00039727478791555277,0.23358119341250277,0.717973163549938,25,20,20
38,1276,0.047932178896237916,0.00039732301472241604,0.23369733043445357,0.7179731676545843,25,20,20
38,1277,0.047932178896237916,0.0003973230147224913,0.23369744521185398,0.7179730528771837,25,20,20
38,1278,0.04793217889605578,0.0003973230147224147,0.2336988961344307,0.7179716019547893,25,20,20
38,1279,0.04793217889605579,0.0003973230147223421,0.2336988222431178,0.7179716758461022,25,20,20
38,1280,0.047932178896052655,0.00039732301472241604,0.23369889674159847,0.7179716013476246,25,20,20
38,1281,0.0479321788960527,0.00039732301472670764,0.23369909256421348,0.7179714055250053,25,20,20
38,1282,0.047932178896052655,0.00039732301472670715,0.23396530960600248,0.7177051884832163,25,20,20
38,1283,0.047932178896052655,0.0003973230147224155,0.23396511097463524,0.7177053871145879,25,20,20
38,1284,0.04793217889605264,0.0003973230147224155,0.2339605235878905,0.7177099745013327,25,20,20
38,1285,0.04793217889605264,0.0003973230147224907,0.2339628003137949,0.7177076977754281,25,20,20
38,1286,0.039799272565953475,0.016964455071255782,0.22552771156227855,0.7177085608005107,25,20,20
38,1287,0.03979927256595346,0.016964455071255855,0.22553427435593223,0.7177019980068571,25,20,20
38,1288,0.039799272565953454,0.016964455071260143,0.22553617736422452,0.7177000949985605,25,20,20
38,1289,0.039799272565908844,0.016964455071260296,0.22552969196730077,0.7177065803955284,25,20,20
38,1290,0.039799269353127206,0.016950805709856295,0.22554334454776762,0.7177065803892474,25,20,20
38,1291,0.03678837492047887,0.016950820187665923,0.2285542288260118,0.7177065760658426,25,20,20
38,1292,0.03678837492047887,0.01695082018766592,0.22855422793770244,0.7177065769541521,25,20,20
38,1293,0.036788374920478886,0.01695082018767021,0.2285544231848894,0.7177063817069609,25,20,20
38,1294,0.03678837492052442,0.016950820187674503,0.22855462252215777,0.7177061823696427,25,20,20
38,1295,0.03678944045442738,4.260860835084633e-07,0.24550482150343542,0.717705311956053,25,20,20
38,1296,0.036789440454427315,4.2608607921814666e-07,0.24550473869385178,0.717705394765641,25,20,20
38,1297,0.03628174550865784,0.0010895339389657124,0.24492172709526092,0.7177069934571148,25,20,20
38,1298,0.03628174550847572,0.0010895339387211162,0.24491689227058036,0.7177118282822221,25,20,20
38,1299,0.036281745508478916,0.0010895339387254827,0.24491925802508707,0.7177094625277078,25,20,20
38,1300,0.036281745508478916,0.0010895339387254075,0.24491455814937113,0.717714162403424,25,20,20
38,1301,0.03628174550829743,0.0010895339384815767,0.24478665577507616,0.7178420647781444,25,20,20
38,1302,0.036281745508297436,0.001089533938481578,0.2447867355575996,0.7178419849956209,25,20,20
38,1303,0.03628174565565525,0.0010895339384859263,0.24494568321165533,0.717683037194203,25,20,20
38,1304,0.03628174565565207,0.0010895339384858515,0.24467864573811762,0.7179500746677436,25,20,20
38,1305,0.03628174565565207,0.0010895339384858528,0.24467872608794605,0.7179499943179154,25,20,20
38,1306,0.036281745655652085,0.0010895339384858539,0.244683052719065,0.7179456676867964,25,20,20
38,1307,0.036281745655651176,0.0010895339384857032,0.2446895351609232,0.717939185244939,25,20,20
38,1308,0.03628168454253736,0.0010894251517656118,0.24466070617532829,0.717968184130368,25,20,20
38,1309,0.03628168454253736,0.0010894251517656116,0.24466059371356297,0.7179682965921333,25,20,20
38,1310,0.052103718658999314,0.001089428657969607,0.22883855856347923,0.7179682941195513,25,20,20
38,1311,0.05210371865900246,0.0010894286579696837,0.22883847928544881,0.7179683733975786,25,20,20
38,1312,0.05210371851157038,0.001089428657965332,0.22869960192926114,0.7181072509012028,25,20,20
38,1313,0.05210371851152486,0.0010894286579610415,0.22869944444995396,0.7181074083805595,25,20,20
38,1314,0.05210371851152487,0.001089428657961117,0.22869947788061928,0.7181073749498943,25,20,20
38,1315,0.052103718511524816,0.001089428657961043,0.22869785972412587,0.7181089931063879,25,20,20
38,1316,0.042985137127941886,0.0010922324574443507,0.23706351561361746,0.718859114800996,25,20,20
38,1317,0.042985137127941886,0.0010922324574485658,0.2370571080793893,0.7188655223352198,25,20,20
38,1318,0.04298513712793949,0.0010922324574485658,0.2370586472472379,0.7188639831673737,25,20,20
38,1319,0.04298513712793948,0.001092232457448493,0.2370586124441989,0.7188640179704128,25,20,20
38,1320,0.04298513712544657,0.0010922316936172417,0.23550084382056596,0.7204217873603695,25,20,20
38,1321,0.04296904833659882,3.149414118915581e-06,0.20123029386823685,0.7557975083810443,25,20,20
38,1322,0.04296904833659883,3.1494141189894573e-06,0.20159679294458552,0.7554310093046955,25,20,20
38,1323,0.04297171162903747,2.90060045816542e-06,0.20159437846557943,0.7554310093049242,25,20,20
38,1324,0.04297171162903745,2.9006004581641215e-06,0.20159437645717015,0.7554310113133336,25,20,20
38,1325,0.04297171162903745,2.9006004581640986e-06,0.2015944098390228,0.755430977931481,25,20,20
38,1326,0.04297171162908298,2.9006004667437767e-06,0.2015990847558539,0.7554263030145958,25,20,20
38,1327,0.04297171163167771,2.9006144018314546e-06,0.20161120909527447,0.7554141786586454,25,20,20
38,1328,0.042971711631676165,2.9006144017561394e-06,0.20161113207909132,0.7554142556748302,25,20,20
38,1329,0.04297171148431915,2.900614401771649e-06,0.2014568068474482,0.7555685810538302,25,20,20
38,1330,0.07573196267796896,9.287826809586756e-08,0.16944948466296336,0.7548184597807992,25,20,20
38,1331,0.07573196267797214,9.287826794935304e-08,0.1690764112836081,0.7551915331601513,25,20,20
38,1332,0.07573196267797146,9.287826365827434e-08,0.1690733301178974,0.755194614325867,25,20,20
38,1333,0.0916697106717562,5.51022956971542e-07,0.15313291802289444,0.7551968202823913,25,20,20
38,1334,0.09166971067175625,5.510229570455362e-07,0.1531329465794386,0.7551967917258472,25,20,20
38,1335,0.09219809732049564,5.509332977909667e-07,0.15260456044011037,0.7551967913060953,25,20,20
38,1336,0.09219809732049565,5.509332978662357e-07,0.15260464153164718,0.7551967102145585,25,20,20
38,1337,0.09219809732049561,5.509332935766069e-07,0.15260464205060356,0.7551967096956064,25,20,20
38,1338,0.09219809790853989,5.509337797338722e-07,0.1528573097601874,0.754944041397492,25,20,20
38,1339,0.09219809790853985,5.509337839494846e-07,0.15286377326223655,0.7549375778954388,25,20,20
38,1340,0.0921980979111079,5.509475971114174e-07,0.15323792439682601,0.7545634267444682,25,20,20
38,1341,0.09219809790851316,5.509336577321028e-07,0.153225602812764,0.7545757483450644,25,20,20
38,1342,0.09219809790851313,5.509336578047644e-07,0.15323220486276687,0.7545691462950614,25,20,20
38,1343,0.09219809790851632,5.509336620213971e-07,0.15296815197713834,0.7548331991806826,25,20,20
38,1344,0.09219809790851546,5.509338346542086e-07,0.16402370994290458,0.7437776412147449,25,20,20
38,1345,0.09219809790851549,5.509338346529112e-07,0.1640237099328229,0.7437776412248266,25,20,20
38,1346,0.0921980973204744,5.509333485709371e-07,0.1637710441167318,0.7440303076294448,25,20,20
38,1347,0.09219809815572516,5.510120681394877e-07,0.19980913934937733,0.707992211482828,25,20,20
38,1348,0.07232828985618336,5.666047371156601e-07,0.21967893076260953,0.7079922127764695,25,20,20
38,1349,0.07232828985614104,5.666047328261318e-07,0.2196759239708045,0.7079952195683213,25,20,20
38,1350,0.07232828985614105,5.666047329014243e-07,0.2196759253648004,0.7079952181743252,25,20,20
38,1351,0.05687789857409573,1.9014376455463593e-06,0.23512498112411404,0.7079952188641445,25,20,20
38,1352,0.05687789857409564,1.9014376454723458e-06,0.23512339865907655,0.7079968013291821,25,20,20
38,1353,0.05687619805970796,1.8613703823774675e-06,0.23050716323516643,0.7126147773347431,25,20,20
38,1354,0.056739226801828045,1.8614068669089119e-06,0.23067131628141227,0.7125875955098928,25,20,20
38,1355,0.05673922679925678,1.8613930537469551e-06,0.2303018364784388,0.7129570753292508,25,20,20
38,1356,0.05673922679925678,1.8613930537456577e-06,0.23030183450532643,0.712957077302363,25,20,20
38,1357,0.056739226799256484,1.8613932664284354e-06,0.2348208023608573,0.70843810944662,25,20,20
38,1358,0.05673922679925654,1.8613932664297343e-06,0.23482088333747417,0.708438028470003,25,20,20
38,1359,0.05673922679925652,1.86139326221338e-06,0.23482538792570753,0.7084335238817739,25,20,20
38,1360,0.05673922679925972,1.8613932665043071e-06,0.23482538968480807,0.708433522122666,25,20,20
38,1361,0.0567392267992597,1.8613932664277171e-06,0.23482530724997341,0.7084336045575005,25,20,20
38,1362,0.05673922679925968,1.8613932621367905e-06,0.2348187013421885,0.7084402104652895,25,20,20
38,1363,0.05673922679926288,1.8613932664279437e-06,0.23482340492309783,0.7084355068843726,25,20,20
38,1364,0.0567392267992597,1.8613932621368365e-06,0.2348187413038341,0.7084401705036438,25,20,20
38,1365,0.05673922679925968,1.8613932620628772e-06,0.23481683765545622,0.7084420741520219,25,20,20
38,1366,0.016798105820673436,1.8833451326608717e-06,0.2747578320292649,0.7084421788049282,25,20,20
38,1367,0.01679810582071896,1.8833590719648926e-06,0.27476545174959915,0.7084345590706091,25,20,20
38,1368,0.01679810582071656,1.8833590676747432e-06,0.27476377163355276,0.708436239186662,25,20,20
38,1369,0.01679810582071656,1.8833590676760402e-06,0.27476381217189666,0.708436198648318,25,20,20
38,1370,0.016798105954460543,1.883320550278905e-06,0.24097439539067086,0.7422256153343174,25,20,20
38,1371,0.01602441524253981,5.328912348952103e-07,0.2417494385153719,0.7422256133508526,25,20,20
38,1372,0.01602441524253981,5.328912348939125e-07,0.24174935943745704,0.7422256924287675,25,20,20
38,1373,0.016024415242539797,5.328912348912946e-07,0.2417427524251895,0.742232299441035,25,20,20
38,1374,0.016007688958815255,5.111969174979597e-07,0.22902967171671024,0.7549621281275566,25,20,20
38,1375,0.016022469015590596,5.111294211363515e-07,0.2290734637423719,0.754903556112616,25,20,20
38,1376,0.016022469015590596,5.111294211376268e-07,0.2290734657053859,0.7549035541496019,25,20,20
38,1377,0.016022469015679313,5.111292442160764e-07,0.2180295474814172,0.7659474723736588,25,20,20
38,1378,0.016022469015679257,5.11129244143403e-07,0.2180295043638467,0.7659475154912293,25,20,20
38,1379,0.01602246901572196,5.111290315343274e-07,0.213512961412753,0.7704640584424931,25,20,20
38,1380,0.016022469015722757,5.111290358259641e-07,0.21351315671950533,0.7704638631357357,25,20,20
38,1381,0.016022469015722803,5.111290401144536e-07,0.21351782038629585,0.7704591994689409,25,20,20
38,1382,0.016022468881843728,5.111288709533215e-07,0.20734398446869332,0.7766330355205916,25,20,20
38,1383,0.037370547931331564,7.113263022463335e-05,0.1859251784511045,0.7766331409873395,25,20,20
38,1384,0.03737054793128605,7.113261628950567e-05,0.18628596079313925,0.7762723586592855,25,20,20
38,1385,0.037335141963766964,7.113235894509805e-05,0.1990513003626089,0.7635424253146789,25,20,20
38,1386,0.03733514196376702,7.1132359189693e-05,0.19905613585861215,0.763537589818431,25,20,20
38,1387,0.03733514196376702,7.113235894515688e-05,0.19905847842241134,0.7635352472548763,25,20,20
38,1388,0.03733514196376383,7.113235894508162e-05,0.19905377631905563,0.7635399493582353,25,20,20
38,1389,0.03733514196376143,7.113235894508161e-05,0.19905571860285168,0.7635380070744416,25,20,20
38,1390,0.03733514196376063,7.113235894078868e-05,0.1990556377696998,0.7635380879075987,25,20,20
38,1391,0.03733514196394102,7.113235918738163e-05,0.1994286790164883,0.7631650466603831,25,20,20
38,1392,0.03733514196394182,7.113235918738164e-05,0.19942420782007095,0.7631695178567994,25,20,20
38,1393,0.07718230464035955,7.108422135078883e-05,0.15957707321498807,0.7631695379233011,25,20,20
38,1394,0.07715263784284071,7.109233822919128e-05,0.15960673189552307,0.7631695379234076,25,20,20
38,1395,0.07715259546784516,7.108441711237696e-05,0.15960678219174007,0.7631695379233028,25,20,20
38,1396,0.07715259805296835,7.134027981031875e-05,0.15960652300537398,0.7631695386618479,25,20,20
38,1397,0.07715259805297153,7.134027980614241e-05,0.15923814967096525,0.7635379119962576,25,20,20
38,1398,0.07715259805297159,7.134028005073735e-05,0.15924298516696844,0.7635330765000097,25,20,20
38,1399,0.07715259805319738,7.134106828138545e-05,0.15957285866711263,0.7632032022114091,25,20,20
38,1400,0.07715259805297159,7.134028005073995e-05,0.15924306483076678,0.7635329968362115,25,20,20
38,1401,0.07715259805297156,7.13402800508152e-05,0.1592431073372861,0.7635329543296918,25,20,20
38,1402,0.07715259805297156,7.134028005081521e-05,0.15924299090067187,0.7635330707663059,25,20,20
38,1403,0.07715259805292599,7.134028004644878e-05,0.15923851652416887,0.7635375451428588,25,20,20
38,1404,0.07816133506567916,1.3679407885822776e-06,0.1582998563642332,0.7635374406292992,25,20,20
38,1405,0.07816133506568153,1.3679407886547783e-06,0.1583919218724778,0.7634453751210521,25,20,20
38,1406,0.07816133506568153,1.3679407886560982e-06,0.15839169327443012,0.7634456037191,25,20,20
38,1407,0.07816133506806844,1.368726694990288e-06,0.15845301300513162,0.763384283200105,25,20,20
38,1408,0.05674059079473121,7.200482274154927e-07,0.179447649112182,0.7638110400448587,25,20,20
38,1409,0.056740590794730414,7.200482274141938e-07,0.1794541847822497,0.7638045043747919,25,20,20
38,1410,0.04162507863289626,2.5832974324856884e-07,0.19457236068527956,0.7638023023520814,25,20,20
38,1411,0.0416250786303321,2.5754359032142456e-07,0.19414271644023592,0.7642319473858421,25,20,20
38,1412,0.041625078630516156,2.5755719646810326e-07,0.19440426889795195,0.7639703949143359,25,20,20
38,1413,0.041625079220089234,2.575713359027635e-07,0.1945470167905482,0.7638276464180269,25,20,20
38,1414,0.04162507863051536,2.5755719639414447e-07,0.19439762589966444,0.7639770379126242,25,20,20
38,1415,0.041165056877584025,2.576449126251121e-07,0.19485762415204794,0.7639770613254558,25,20,20
38,1416,0.04116505687758403,2.576449127004265e-07,0.19485774527121108,0.7639769402062925,25,20,20
38,1417,0.04116505687758483,2.576449169920409e-07,0.19485794054334335,0.7639767449341551,25,20,20
38,1418,0.040214329660020455,2.7167475357855445e-07,0.19623146738963215,0.763553931275593,25,20,20
38,1419,0.040214329660017256,2.716747535798515e-07,0.19622678356429016,0.7635586151009381,25,20,20
38,1420,0.0402143235255434,2.571655862331308e-07,0.19623074832681764,0.763554670982052,25,20,20
38,1421,0.040214323525543376,2.5716558623439656e-07,0.19623532904167454,0.763550090267195,25,20,20
38,1422,0.040214323525543376,2.5716558616040956e-07,0.19660373104268106,0.7631816882661886,25,20,20
38,1423,0.040214323525543376,2.571655861604097e-07,0.19659903121851308,0.7631863880903564,25,20,20
38,1424,0.04021432352545239,2.5716558615777105e-07,0.19658510771609883,0.7632003115928616,25,20,20
38,1425,0.04021432352545239,2.5716558615517786e-07,0.1962120044667582,0.7635734148422023,25,20,20
38,1426,0.04021432352527149,2.571517354161885e-07,0.19594732072343826,0.7638380985995548,25,20,20
38,1427,0.040214323525270684,2.5715173534092334e-07,0.19594572411061695,0.7638396952123773,25,20,20
38,1428,0.04021432352531302,2.571517311252667e-07,0.1959484065043288,0.7638370128186276,25,20,20
38,1429,0.040214323527908026,2.5715197570491957e-07,0.19595565852473049,0.7638297607953862,25,20,20
38,1430,0.040214323527908026,2.5715197570491957e-07,0.19595569965104076,0.7638297196690758,25,20,20
38,1431,0.04021432352790805,2.571519756296515e-07,0.19595561965517824,0.7638297996649382,25,20,20
38,1432,0.04323653631645656,1.5068009867378727e-06,0.19293205091135912,0.7638299059711978,25,20,20
38,1433,0.04323653631645653,1.5068009825233311e-06,0.19292742986293443,0.7638345270196264,25,20,20
38,1434,0.04323653631645333,1.5068009825206676e-06,0.19292572426520008,0.763836232617364,25,20,20
38,1435,0.04323653631645338,1.5068009825206679e-06,0.19293042577685743,0.7638315311057066,25,20,20
38,1436,0.04323653631645344,1.5068012247880379e-06,0.19330346515895985,0.7634584917233619,25,20,20
38,1437,0.04323653631645663,1.5068012291529231e-06,0.19331004462217996,0.7634519122601341,25,20,20
38,1438,0.04323653631645669,1.506801229228184e-06,0.1933081417109521,0.7634538151713619,25,20,20
38,1439,0.043236536316453494,1.5068012292294812e-06,0.19330811298318923,0.7634538438991282,25,20,20
38,1440,0.043236536316452766,1.5068012292292487e-06,0.19331028251752136,0.7634516743647969,25,20,20
38,1441,0.04323653631645277,1.5068012292292722e-06,0.1933103204915404,0.7634516363907778,25,20,20
38,1442,0.04323653631645277,1.5068012292318908e-06,0.19331040099350383,0.7634515558888145,25,20,20
38,1443,0.043236536316454376,1.5068012293824814e-06,0.19331014184520184,0.7634518150371147,25,20,20
38,1444,0.04323653631645443,1.5068012293811848e-06,0.19331010988805833,0.7634518469942583,25,20,20
38,1445,0.04323653631645448,1.5068012336696973e-06,0.1933147329378246,0.7634472239444875,25,20,20
38,1446,0.043236536124670134,1.5067225290859391e-06,0.16188214985121152,0.7948798073015886,25,20,20
38,1447,0.043236536122075064,1.5067222844323164e-06,0.16187485332428267,0.7948871038313571,25,20,20
38,1448,0.043236536122075064,1.5067222844310183e-06,0.16187493234861472,0.7948870248070251,25,20,20
38,1449,0.04323653612207501,1.5067222844297206e-06,0.16187488841866993,0.7948870687369698,25,20,20
38,1450,0.04021443706307024,2.8147830212610424e-07,0.16489168556797196,0.7948935958906546,25,20,20
38,1451,0.04021443706307025,2.8147830634116084e-07,0.1648871809795412,0.7948981004790813,25,20,20
38,1452,0.04021443706302473,2.814783061919094e-07,0.16487789403529718,0.794907387423371,25,20,20
38,1453,0.04021443706302546,2.814783061901565e-07,0.1648821337538498,0.7949031477048177,25,20,20
38,1454,0.04021443706302546,2.8147830619015567e-07,0.1648820977649256,0.7949031836937419,25,20,20
38,1455,0.04021443706302624,2.8147830189983945e-07,0.16488201746980002,0.794903263988871,25,20,20
38,1456,0.04021443706320716,2.814921522688651e-07,0.165149468306057,0.7946358131385829,25,20,20
38,1457,0.04021443706320477,2.814923925178772e-07,0.16514459944943538,0.7946406819949666,25,20,20
38,1458,0.04028433322627399,2.5708322380744455e-07,0.16508136117448985,0.7946340485160114,25,20,20
38,1459,0.04028433322627399,2.5708322380614684e-07,0.16508135978706362,0.7946340499034377,25,20,20
38,1460,0.04107797766986706,3.0317450440828435e-07,0.1642876731114657,0.794634046044163,25,20,20
38,1461,0.04107797438364764,2.918426055776013e-07,0.16428768846183267,0.7946340453119148,25,20,20
38,1462,0.041077974383648436,2.9184260565286936e-07,0.16428776778928167,0.7946339659844649,25,20,20
38,1463,0.04107797438364838,2.918426013630584e-07,0.16428966842535186,0.7946320653483988,25,20,20
38,1464,0.04325832812397177,3.1818917353856587e-07,0.16170490393177214,0.7950364497550833,25,20,20
38,1465,0.043258328123971845,3.1818917782819017e-07,0.1617114679321528,0.795029885754698,25,20,20
38,1466,0.043258328126265067,3.1820171342426403e-07,0.16637062409382228,0.7903707295781998,25,20,20
38,1467,0.043258328126265067,3.182019579316542e-07,0.16637713975999202,0.7903642139117855,25,20,20
38,1468,0.04325832812627221,3.182022051890166e-07,0.16663689344131105,0.7901044602302121,25,20,20
38,1469,0.04325832812626902,3.182022051152183e-07,0.16654467838726728,0.7901966752842591,25,20,20
38,1470,0.029946983703288396,6.882945064991429e-07,0.17693898840797775,0.7931133395942278,25,20,20
38,1471,0.029946983701176898,6.882819751848245e-07,0.17237213476090804,0.7976801932559403,25,20,20
38,1472,0.0299469837011777,6.882958735987372e-07,0.17250175514615468,0.7975505728567944,25,20,20
38,1473,0.029946983701177713,6.882958736000583e-07,0.1725017140768093,0.7975506139261397,25,20,20
38,1474,0.029946983701177713,6.882958736727316e-07,0.17250171604501588,0.7975506119579332,25,20,20
38,1475,0.029946983715436044,1.4613557445513866e-05,0.1724877907752591,0.7975506119518593,25,20,20
38,1476,0.029946983715617378,1.4613557445619086e-05,0.17248289641670908,0.7975555063102279,25,20,20
38,1477,0.02994698371561731,1.4613557441402114e-05,0.17247633438235246,0.7975620683445888,25,20,20
38,1478,0.02994698371561725,1.4613557196809761e-05,0.17273783207186055,0.7973005706553253,25,20,20
38,1479,0.02994698307214767,1.4613557181823653e-05,0.1681323194249724,0.8019060839456982,25,20,20
38,1480,0.003932390771327451,1.4269328470600051e-05,0.19706396567161552,0.7989893742285868,25,20,20
38,1481,0.0038873554562808103,1.4243314327224111e-05,0.19710889263410766,0.7989895085952847,25,20,20
38,1482,0.003887355456280811,1.4243314327299402e-05,0.19710897510227263,0.7989894261271197,25,20,20
38,1483,0.0038873554560990894,1.4243314323092914e-05,0.1970167543195359,0.7990816469100421,25,20,20
38,1484,0.003887319460507812,1.4243314062285822e-05,0.197016786132384,0.7990816510930451,25,20,20
38,1485,0.003887319460507811,1.4243314062211829e-05,0.1970167063635349,0.7990817308618943,25,20,20
38,1486,0.0038873194605007254,1.4243313819244785e-05,0.19675054515319096,0.7993478920724884,25,20,20
38,1487,0.0038873194457578718,0.0004037651831175441,0.1963610231165292,0.7993478922545952,25,20,20
38,1488,0.0038873194458034057,0.0004037651831218355,0.19636330891728537,0.799345606453789,25,20,20
38,1489,0.0038873194561843266,0.00040376518336643054,0.19636806305776086,0.799340852302688,25,20,20
38,1490,0.003887319456366392,0.00040376518360673517,0.19637270133908902,0.7993362140209375,25,20,20
38,1491,0.0038873194563663243,0.0004037651833686837,0.19600428136782408,0.7997046339924405,25,20,20
38,1492,0.0038873194565204367,0.00040376585290443094,0.20230292243105347,0.7934059922595215,25,20,20
38,1493,0.005780907880242465,0.00040376607442465726,0.2004094691298702,0.7934058569154624,25,20,20
38,1494,0.0057809078698616,0.0004037660741800623,0.20040625559493655,0.7934090704610215,25,20,20
38,1495,0.005780907869819263,0.0004037660741758462,0.20040400558460733,0.7934113204713973,25,20,20
38,1496,0.005780907869820059,0.00040376607417599413,0.2001377574915168,0.7936775685644867,25,20,20
38,1497,0.005780907869820044,0.00040376607417599283,0.2001377181057296,0.793677607950274,25,20,20
38,1498,0.005780907869819259,0.0004037660741758436,0.20013774948506377,0.7936775765709407,25,20,20
38,1499,0.005780907869819262,0.000403766074175825,0.20014080196133407,0.7936745240946703,25,20,20
38,1500,0.005780907869823255,0.00040376607418011773,0.2001425505953614,0.7936727754606347,25,20,20
38,1501,0.003947407122129853,0.00040524229391003844,0.20196753910587753,0.793679811478082,25,20,20
38,1502,0.003947407122129056,0.0004052422939057488,0.20196093457058534,0.7936864160133793,25,20,20
38,1503,0.006913599529485464,0.000405242684853807,0.19899474409554543,0.7936864136901148,25,20,20
38,1504,0.006913599532080253,0.0004052426848539563,0.1990065849883603,0.7936745727947051,25,20,20
38,1505,0.006913601651172611,2.1889511304558076e-06,0.19940963678474738,0.79367457261295,25,20,20
38,1506,0.006913601648577876,2.1889511303078856e-06,0.19939779733903332,0.793686412061259,25,20,20
38,1507,0.005309705845811906,2.1428843376645563e-06,0.20100173928148984,0.7936864119883613,25,20,20
38,1508,0.005309705845629841,2.14288409314486e-06,0.20100350909834852,0.7936846421719291,25,20,20
38,1509,0.005309705845633037,2.1428840932201524e-06,0.2010035486151663,0.7936846026551083,25,20,20
38,1510,0.005309705845629855,2.1428840931448838e-06,0.20100354824571148,0.7936846030245662,25,20,20
38,1511,0.005231553429544201,1.479740317437178e-06,0.20086837452101944,0.7938985923091191,25,20,20
38,1512,0.0052315534395085215,1.4797403173631768e-06,0.20247815761569946,0.7922888092044748,25,20,20
38,1513,0.0052315534395085085,1.4797403173631317e-06,0.2024782321137906,0.792288734706384,25,20,20
38,1514,0.0052315534393579215,1.4790830863513143e-06,0.2008639828079162,0.7939029846696388,25,20,20
38,1515,0.00523155343935872,1.4790833308598323e-06,0.200865947432968,0.7939010200443418,25,20,20
38,1516,0.005231553439358664,1.4790833307858637e-06,0.2008644382084528,0.7939025292688574,25,20,20
38,1517,0.00523155343935865,1.4790833308598118e-06,0.20086443759874675,0.7939025298785632,25,20,20
38,1518,0.00523155343936014,1.4790697244856421e-06,0.2007122360358835,0.7940547314550314,25,20,20
38,1519,0.005231553439405662,1.4790836637896595e-06,0.2007244431404177,0.7940425243365122,25,20,20
38,1520,0.005231553439405606,1.4790836637870633e-06,0.20073104673179376,0.7940359207451361,25,20,20
38,1521,0.005231553439405607,1.479083663787041e-06,0.20073107954014607,0.7940358879367839,25,20,20
38,1522,0.00523140756113344,6.657690206255468e-07,0.20095306519304618,0.7938148614767992,25,20,20
38,1523,0.0052314075611334275,6.657690206255472e-07,0.2009529777482253,0.7938149489216202,25,20,20
38,1524,0.0052314075611334275,6.657690207008034e-07,0.200959579494233,0.7938083471756123,25,20,20
38,1525,0.005231407551169107,6.657690207748047e-07,0.19934979639955303,0.7954181302802565,25,20,20
38,1526,0.005231407551169107,6.657690250651294e-07,0.1993498883886181,0.7954180382911871,25,20,20
38,1527,0.005231407551347468,6.657829225586908e-07,0.19948160086058192,0.7952863258051476,25,20,20
38,1528,0.005231407551347466,6.65782922484732e-07,0.1994751125284957,0.7952928141372338,25,20,20
38,1529,0.005231407551529174,6.65783166540682e-07,0.19956775848913902,0.7952001681761648,25,20,20
38,1530,0.005231407551528377,6.657692681267468e-07,0.19943813552059506,0.7953297911586078,25,20,20
38,1531,0.0052462142789321395,2.8082018066295196e-08,0.19941742685589406,0.7953363307831554,25,20,20
38,1532,0.0053881850937802355,3.169376045188874e-08,0.19927314506226357,0.7953386381501961,25,20,20
38,1533,0.0053881850937802355,3.1693764741721834e-08,0.1992778472017255,0.7953339360107298,25,20,20
38,1534,0.0053881850935981,3.169352014646405e-08,0.19927313857189463,0.7953386446409878,25,20,20
38,1535,0.005388185093596978,3.169352009254464e-08,0.21323873333032253,0.7813730498825612,25,20,20
38,1536,0.005388185093596125,3.169327550876698e-08,0.2132320952928869,0.7813796879202423,25,20,20
38,1537,0.005388185093641513,3.1693279787843586e-08,0.21336163278270237,0.781250150430377,25,20,20
38,1538,0.005388185096055339,3.167963104578828e-08,0.21323228200408204,0.781379501220232,25,20,20
38,1539,0.005388185096055339,3.1679630970541784e-08,0.21323224718269734,0.7813795360416168,25,20,20
38,1540,0.005388185096055339,3.1679630973137675e-08,0.21322572125875744,0.7813860619655566,25,20,20
38,1541,0.005388185096100868,3.167963526278946e-08,0.21323224827635073,0.7813795349479136,25,20,20
38,1542,0.005388185096100868,3.167963526278946e-08,0.2132322482763506,0.7813795349479133,25,20,20
38,1543,0.005388185096100937,3.169348592667969e-08,0.21349855650140728,0.781113226709006,25,20,20
38,1544,0.005388185096100937,3.1693486000696414e-08,0.21349852509448805,0.781113258115925,25,20,20
38,1545,0.005388185096055486,3.167954677197192e-08,0.21348632012929877,0.781125463095099,25,20,20
38,1546,0.005388185220824527,3.16795084623829e-08,0.2197506976714156,0.7748610854282512,25,20,20
38,1547,0.005373376379216081,3.1242515925226984e-08,0.21977204657514046,0.7748545458031273,25,20,20
38,1548,0.005373376379034361,3.1242271870574236e-08,0.21967939860189703,0.7749471937767964,25,20,20
38,1549,0.004935338629571395,4.903630079380806e-09,0.22051827391277898,0.7745463825540199,25,20,20
38,1550,0.002038297521291339,4.521790856414795e-09,0.22341531248102978,0.7745463854758887,25,20,20
38,1551,0.0020452587113612463,0.0019934555439527126,0.22124815968079514,0.7747131260638903,25,20,20
38,1552,0.0020452587113577213,0.00199345553164376,0.21656376725648538,0.7793975185005126,25,20,20
38,1553,0.002045258711357722,0.00199345553164376,0.21656376725630866,0.7793975185006892,25,20,20
38,1554,0.0020452587113577226,0.0019934555316394684,0.2165683497243822,0.77939293603262,25,20,20
38,1555,0.0020452587113577226,0.0019934555316393947,0.21657483863566512,0.7793864471213374,25,20,20
38,1556,0.002045258711357778,0.0019934555316393193,0.21657955385695665,0.7793817319000459,25,20,20
38,1557,0.0020452587113569806,0.0019934555316436097,0.21658106033959743,0.7793802254174017,25,20,20
38,1558,0.0022263846450125326,0.002031175839161394,0.21636573002303255,0.7793767094927937,25,20,20
38,1559,0.0022263846450125326,0.002031175839157179,0.21636264735171717,0.7793797921641133,25,20,20
38,1560,0.0022263846450125313,0.002031175839157181,0.21636264568926675,0.7793797938265637,25,20,20
38,1561,0.03998374150066761,0.0019934555235472844,0.17864306641001287,0.7793797365657729,25,20,20
38,1562,0.03998374150048846,0.0019934555233032934,0.17853106302086996,0.7794917399553388,25,20,20
38,1563,0.03997840780397844,0.0020788659964044876,0.17845098882954627,0.7794917373700713,25,20,20
38,1564,0.03997840780397844,0.0020788659964087798,0.1784510288047268,0.7794916973948866,25,20,20
38,1565,0.03997840780397446,0.0020788659964045618,0.17844939548233693,0.7794933307172847,25,20,20
38,1566,0.03997840780397446,0.002078865996400272,0.17844788648505802,0.7794948397145679,25,20,20
38,1567,0.03982178923993485,0.002078861527858047,0.1472036131927518,0.8108957360394559,25,20,20
38,1568,0.03982178923993485,0.0020788615278579735,0.1472034993404794,0.8108958498917282,25,20,20
38,1569,0.03982178923993485,0.002078861527853683,0.1472033802975924,0.8108959689346196,25,20,20
38,1570,0.03982178911516507,0.002078861527647453,0.14093734816736103,0.817162001189827,25,20,20
38,1571,0.03982178911516509,0.002078861527647527,0.14093734819768394,0.8171620011595039,25,20,20
38,1572,0.03982178911512295,0.0020788615276432503,0.14081254124420864,0.817286808113026,25,20,20
38,1573,0.03982178911512375,0.0020788615278878454,0.140817374783058,0.8172819745739313,25,20,20
38,1574,0.03982178911512049,0.002078861527887844,0.14081264625444728,0.8172867031025451,25,20,20
38,1575,0.03982178911512326,0.002078861527891702,0.14546671455160046,0.8126326348053855,25,20,20
38,1576,0.039425578228477524,0.0020788667149011534,0.1457853416109951,0.8127102134456271,25,20,20
38,1577,0.03942557822847747,0.0020788667010547056,0.1455190932550645,0.8129764618154042,25,20,20
38,1578,0.040066296582237156,0.0020788615172331183,0.14495595871776512,0.8128988831827654,25,20,20
38,1579,0.04012869567808006,8.541050383803773e-05,0.1470534790438981,0.8127324147741847,25,20,20
38,1580,0.04012869567807731,8.541050384276132e-05,0.14240121943944234,0.8173846743786384,25,20,20
38,1581,0.06841548024471424,8.541050392190396e-05,0.11411443487198496,0.8173846743793796,25,20,20
38,1582,0.06841548024471422,8.541050392190398e-05,0.1141079131218495,0.8173911961295149,25,20,20
38,1583,0.06841548024471421,8.541050392190398e-05,0.11410791199277406,0.8173911972585904,25,20,20
38,1584,0.06841548024471415,8.54105039219027e-05,0.11410142252445402,0.8173976867269104,25,20,20
38,1585,0.06841548024476293,8.541050392626652e-05,0.11410601389248885,0.8173930953588224,25,20,20
38,1586,0.06841548024476612,8.541050392626782e-05,0.11410598252355814,0.81739312672775,25,20,20
38,1587,0.05717933039813196,8.541416091237487e-05,0.12534211127558556,0.8173931441653706,25,20,20
38,1588,0.05717933039813189,8.54141609037943e-05,0.1253356187685159,0.817399636672449,25,20,20
38,1589,0.057179330395537305,8.541416065496755e-05,0.1253397415471298,0.8173955138966784,25,20,20
38,1590,0.05717933039553731,8.541416065925869e-05,0.12533974386312408,0.8173955115806798,25,20,20
38,1591,0.057179330395582706,8.541416090301816e-05,0.12546461323281047,0.8172706422107041,25,20,20
38,1592,0.05717933039558191,8.541416065842449e-05,0.12546638245559275,0.8172688729881672,25,20,20
38,1593,0.057179330379325904,8.541416047489664e-05,0.1168763121590822,0.8258589433011173,25,20,20
38,1594,0.05717933037950802,8.541416071949219e-05,0.11688102751676127,0.8258542279430116,25,20,20
38,1595,0.055949471345356654,8.541050508822553e-05,0.11811090763012227,0.8258542105194331,25,20,20
38,1596,0.055949471345311065,8.541050508386045e-05,0.11810631200226351,0.825858806147342,25,20,20
38,1597,0.055949471345307804,8.541050508814894e-05,0.1181077700051773,0.8258573481444269,25,20,20
38,1598,0.05594947134530782,8.541050508814896e-05,0.11811426259255416,0.8258508555570501,25,20,20
38,1599,0.055949471345311,8.541050508393312e-05,0.11810964459812659,0.8258554735514787,25,20,20
38,1600,0.055885616663845374,3.4936787495189163e-07,0.11825689703628388,0.8258571369319958,25,20,20
38,1601,0.05584805841813151,3.6273117196471767e-07,0.11829114038905773,0.82586043846164,25,20,20
38,1602,0.05584805841813147,3.627311719646817e-07,0.1182976303860875,0.8258539484646101,25,20,20
38,1603,0.055848058417952526,3.6273093163088534e-07,0.11855922010749605,0.825592358743621,25,20,20
38,1604,0.05584805841795256,3.6273093166543613e-07,0.11893218108091481,0.825219397770202,25,20,20
38,1605,0.05584805841795263,3.62730931665483e-07,0.1189256586013288,0.8252259202497879,25,20,20
38,1606,0.05584805841795263,3.6273093166546064e-07,0.11892577106316354,0.8252258077879532,25,20,20
38,1607,0.055816302946871545,3.5427195304007657e-07,0.11896108528528032,0.825222257495896,25,20,20
38,1608,0.05581630314703627,5.446587640472356e-09,0.11896309948988008,0.8252205919164973,25,20,20
38,1609,0.05581630314703314,5.446587565203408e-09,0.11896309748642896,0.8252205939199516,25,20,20
38,1610,0.0558163031470331,5.446583239032749e-09,0.11859889249364333,0.8255847989127416,25,20,20
38,1611,0.055816303147030816,5.446587530670762e-09,0.11859900661457337,0.8255846847918096,25,20,20
38,1612,0.055816303147030816,5.446587604664827e-09,0.1185989211785127,0.82558477022787,25,20,20
38,1613,0.055816303147030816,5.446587604688005e-09,0.1185988097668437,0.8255848816395389,25,20,20
38,1614,0.055816303147033966,5.446587680743899e-09,0.11885625129647255,0.8253274401099069,25,20,20
38,1615,0.04230201621490758,0.0003450507898258231,0.1319677798368844,0.8253851531583831,25,20,20
38,1616,0.042302016214907534,0.00034505078982574914,0.13196931821523125,0.8253836147800364,25,20,20
38,1617,0.04230196794845423,0.0008519374111333808,0.13146177208567025,0.8253843225547429,25,20,20
38,1618,0.036061878947098905,0.0008519486244859588,0.1375369149253872,0.8255492575030291,25,20,20
38,1619,0.036061878947098905,0.000851948624485882,0.13753529404547232,0.8255508783829439,25,20,20
38,1620,0.03606187894709896,0.000851948624490173,0.13754187151361277,0.825544300914799,25,20,20
38,1621,0.03606187894709896,0.0008519486244900976,0.13754178707260314,0.8255443853558089,25,20,20
38,1622,0.03606187894714428,0.00085194863838851,0.1376713279427317,0.8254148444717363,25,20,20
38,1623,0.03606187894709875,0.0008519486383799296,0.13766471909812514,0.825421453316397,25,20,20
38,1624,0.05463944982186679,0.0008519374237177632,0.11925207021162891,0.825256542542787,25,20,20
38,1625,0.054639449821912364,0.0008519374237220544,0.11925524970297686,0.8252533630513891,25,20,20
38,1626,0.05463944982191251,0.0008519374234825868,0.11912587778785394,0.8253827349667512,25,20,20
38,1627,0.04247724499570664,0.0005683909937324505,0.13133613245196682,0.8256182315585942,25,20,20
38,1628,0.04247724499566106,0.000568390993728084,0.13133283764898143,0.8256215263616294,25,20,20
38,1629,0.042477244995661786,0.0005683909937281578,0.1313328399095,0.8256215241011101,25,20,20
38,1630,0.042477244995661786,0.0005683909937281578,0.13133284385561375,0.8256215201549963,25,20,20
38,1631,0.04247724499561625,0.0005683909937239408,0.1313262757099319,0.8256280883007279,25,20,20
38,1632,0.04247724499561535,0.0005683909937195727,0.13132610553143406,0.8256282584792309,25,20,20
38,1633,0.042477244995615365,0.0005683909937196467,0.1313245999485431,0.8256297640621219,25,20,20
38,1634,0.04012639189487987,0.000519119816094967,0.1340174135879035,0.8253370747011215,25,20,20
38,1635,0.0401271553217736,0.000519119305396212,0.13401658202800484,0.8253371433448256,25,20,20
38,1636,0.04012715532172821,0.0005191192915020879,0.1338916630396344,0.8254620623471354,25,20,20
38,1637,0.04012715532168348,0.0005191192915063033,0.13389616859652595,0.8254575567902844,25,20,20
38,1638,0.06691160886387876,0.0005191194633043391,0.10705831942856671,0.8255109522442505,25,20,20
38,1639,0.06691160886387557,0.0005191194633043391,0.10705821122653507,0.8255110604462853,25,20,20
38,1640,0.06691160886387637,0.0005191194633001984,0.10705366307112288,0.8255156086017008,25,20,20
38,1641,0.06660669680987896,0.0005191194616444854,0.10735859848079819,0.8255155852476785,25,20,20
38,1642,0.06634726290379839,0.000506891743806749,0.1076307803412492,0.8255150650111464,25,20,20
38,1643,0.06634726290602896,0.0005068917555716683,0.09991062717228565,0.8332352181661143,25,20,20
38,1644,0.06634726290602895,0.0005068917555715942,0.09991053974779553,0.8332353055906044,25,20,20
38,1645,0.06634726290602583,0.0005068917555673325,0.09973650208492148,0.833409343253486,25,20,20
38,1646,0.06634726290602583,0.0005068917555672572,0.09973646351276626,0.8334093818256413,25,20,20
38,1647,0.06634726290602504,0.0005068917555586749,0.09973175728110023,0.8334140880573166,25,20,20
38,1648,0.06634726290607042,0.0005068917555588236,0.09986128165414251,0.8332845636842289,25,20,20
38,1649,0.066347262906115,0.0005068917555588234,0.0999842442710084,0.8331616010673183,25,20,20
38,1650,0.06634726290629714,0.0005068917555631146,0.09998894704296234,0.8331568982951779,25,20,20
38,1651,0.06634726290629714,0.0005068917555631146,0.09998894506994027,0.8331569002682001,25,20,20
38,1652,0.0667816765163176,0.000506891754013218,0.09955453229629892,0.8331568994333707,25,20,20
38,1653,0.0667816770764131,1.2474683010251192e-08,0.10006214224099735,0.833156168207907,25,20,20
38,1654,0.06678167707640993,1.2474683009451138e-08,0.09980240657247955,0.833415903876428,25,20,20
38,1655,0.06678167707900531,1.247469159357687e-08,0.09980489693359346,0.8334134135127104,25,20,20
38,1656,0.06678167707900537,1.2474691594873798e-08,0.09980487190371662,0.8334134385425871,25,20,20
38,1657,0.06679730666222194,1.291767158456338e-08,0.09938926819479554,0.8338134122253114,25,20,20
38,1658,0.06679730666226748,1.2917680091568716e-08,0.09938736991292746,0.8338153105071254,25,20,20
38,1659,0.06679730666226753,1.2917924676867258e-08,0.09939400088047919,0.8338086795393289,25,20,20
38,1660,0.06679730666226753,1.2917928941238827e-08,0.09966033355667403,0.8335423468631302,25,20,20
38,1661,0.06679730666226756,1.2917928941215868e-08,0.09965380903636956,0.8335488713834345,25,20,20
38,1662,0.0666501315224856,1.2919517156620348e-08,0.09980098416715091,0.8335488713908468,25,20,20
38,1663,0.06665013152248565,1.293345638409374e-08,0.09981318780616542,0.833536667737893,25,20,20
38,1664,0.0666501315224856,1.2933456382796007e-08,0.09981310788751281,0.8335367476565456,25,20,20
38,1665,0.06665013152999368,1.291952023710572e-08,0.11087080525926249,0.8224790502912239,25,20,20
38,1666,0.056233004514495505,1.6663748803313648e-08,0.12122890536295225,0.8225380734588039,25,20,20
38,1667,0.056233004514540975,1.666374880461409e-08,0.12113684057485324,0.8226301382468572,25,20,20
38,1668,0.056233004514540975,1.666374887986064e-08,0.1211369210452295,0.8226300577764809,25,20,20
38,1669,0.056233004514359655,1.6663989170950515e-08,0.12113892025796533,0.822628058563686,25,20,20
38,1670,0.05623300451436284,1.666423376594799e-08,0.121143754367081,0.8226232244543225,25,20,20
38,1671,0.05623300451691242,1.6664478422160218e-08,0.12115023061505946,0.8226167482035497,25,20,20
38,1672,0.05623300451686704,1.6664482611460393e-08,0.12128699421762552,0.8224799846010248,25,20,20
38,1673,0.05623300450936135,1.666447953102144e-08,0.1102170598484184,0.8335499189777407,25,20,20
38,1674,0.05623300451101599,1.666447533454417e-08,0.12472023609718214,0.8190467427273264,25,20,20
38,1675,0.05623300450842168,1.6664230675736455e-08,0.12472753534110065,0.8190394434862468,25,20,20
38,1676,0.056233004508424875,1.666423075230232e-08,0.1247275913986683,0.8190393874286754,25,20,20
38,1677,0.05623300450842494,1.6664235042089876e-08,0.12473229352632983,0.8190346853010094,25,20,20
38,1678,0.05623301287844552,1.6652955753856768e-08,0.11877019956186671,0.8249967709067314,25,20,20
38,1679,0.05623301287844552,1.665295578043429e-08,0.1185104727927773,0.8252564976758208,25,20,20
38,1680,0.05623301289133238,1.6666806136869265e-08,0.1187903909844951,0.8249765794573658,25,20,20
38,1681,0.05623301289133156,1.6666805987629412e-08,0.11879023701947773,0.8249767334223843,25,20,20
38,1682,0.05623301289133153,1.6666806061600948e-08,0.1187902714634533,0.8249766989784086,25,20,20
38,1683,0.05623301289133153,1.6666801873805914e-08,0.11853054296595987,0.8252364274759061,25,20,20
38,1684,0.05623301289146827,1.666680601625571e-08,0.1184052590995937,0.8253617113421317,25,20,20
38,1685,0.05709689097900487,1.4441107713037184e-06,0.11793311947864547,0.8249685454315774,25,20,20
38,1686,0.05663253883974624,9.80128831940397e-06,0.11573755998920353,0.8276200998827298,25,20,20
38,1687,0.05663253883974624,9.80128831947792e-06,0.11573767383492013,0.8276199860370131,25,20,20
38,1688,0.056632538839700715,9.801288310896934e-06,0.1157395743643565,0.8276180855076308,25,20,20
38,1689,0.05663253883970072,9.801288310889035e-06,0.11582526207786606,0.8275323977941212,25,20,20
38,1690,0.056632538839700715,9.801288310813745e-06,0.11582518158297019,0.8275324782890173,25,20,20
38,1691,0.056632538907543994,9.80128997682607e-06,0.13662016729028767,0.8067374925121906,25,20,20
38,1692,0.05663253890754321,9.801289732243835e-06,0.13698658154730928,0.8063710782554145,25,20,20
38,1693,0.029845687978336068,1.15772640756353e-05,0.16383053082093146,0.8063122039366566,25,20,20
38,1694,0.02984568797815393,1.15772640713428e-05,0.16382628832689924,0.8063164464308751,25,20,20
38,1695,0.02984574936946919,1.1571325445438204e-05,0.16382623288304884,0.8063164464220369,25,20,20
38,1696,0.029845749369469175,1.1571325445438227e-05,0.16381962786839097,0.8063230514366948,25,20,20
38,1697,0.029845749369469918,1.1571325441148634e-05,0.16381313794096922,0.8063295413641204,25,20,20
38,1698,0.029845749379827296,1.1571325685262337e-05,0.16390873723616958,0.8062339420583184,25,20,20
38,1699,0.029845749380011388,1.157132568944996e-05,0.16417090553406927,0.8059717737602305,25,20,20
38,1700,0.029845749382582727,1.1571325927506744e-05,0.16445240836673541,0.805690270924755,25,20,20
38,1701,0.029845749372225422,1.15713396245508e-05,0.16436380706650922,0.8057788722216414,25,20,20
38,1702,0.02984574937222782,1.1571339624553395e-05,0.1643499643152919,0.8057927149728564,25,20,20
38,1703,0.02984574937223096,1.1571339620412825e-05,0.16434540472112336,0.8057972745670257,25,20,20
38,1704,0.029845749369635577,1.1571339611828744e-05,0.16434952275893483,0.8057931565318184,25,20,20
38,1705,0.029845756846029466,1.1571339619437163e-05,0.1685135156719992,0.8016291561423526,25,20,20
38,1706,0.029845756846030202,1.1571325678280705e-05,0.168506557650821,0.8016361141774712,25,20,20
38,1707,0.02943059633307018,2.039069482509146e-06,0.17158961231581668,0.7989777522816311,25,20,20
38,1708,0.02943058885672484,2.0390697185010354e-06,0.16723201804060403,0.8033353540329533,25,20,20
38,1709,0.02943058048447314,2.0390692327733443e-06,0.16694434055748886,0.8036230398888057,25,20,20
38,1710,0.02943077227985675,0.000671596870525419,0.1677794592917676,0.8021181715578507,25,20,20
38,1711,0.029430714111172592,0.0007061729461537596,0.16774494138444826,0.8021181715582266,25,20,20
38,1712,0.02943071409828567,0.0007061729323076537,0.16783812366331743,0.8020249893060903,25,20,20
38,1713,0.02943071409828566,0.0007061729323075798,0.16783812118695626,0.8020249917824515,25,20,20
38,1714,0.029430714098283267,0.0007061729323075043,0.167838093217993,0.802025019751417,25,20,20
38,1715,0.02943071409810235,0.0007061729323075034,0.16783565368466793,0.8020274592849229,25,20,20
38,1716,0.029444901443741477,3.6621071449598646e-05,0.1715912093171923,0.7989272681676173,25,20,20
38,1717,0.02944490144374468,3.6621071693655895e-05,0.17168385727761654,0.7988346202069458,25,20,20
38,1718,0.030606026688053557,3.6830717139707845e-05,0.17057501998399766,0.7987821226108086,25,20,20
38,1719,0.03349470064765543,2.269632522983425e-06,0.16772090532654668,0.7987821243932746,25,20,20
38,1720,0.04542380759077919,2.0598063385574325e-06,0.15579297471089107,0.7987811578919921,25,20,20
38,1721,0.045423807590779235,2.059806338482222e-06,0.15578642477921162,0.7987877078236717,25,20,20
38,1722,0.04542380759077925,2.059806338558834e-06,0.15578650530942498,0.7987876272934581,25,20,20
38,1723,0.04542380759077925,2.05980633855888e-06,0.15578654724201763,0.7987875853608655,25,20,20
38,1724,0.04542380759077605,2.0598063386315533e-06,0.15578646647720018,0.798787666125686,25,20,20
38,1725,0.04542380759077923,2.0598065852259183e-06,0.15615296417174923,0.7984211684308871,25,20,20
38,1726,0.04542380759077925,2.05980682982087e-06,0.15615775912249932,0.7984163734798924,25,20,20
38,1727,0.0454238075907793,2.0598070721635083e-06,0.1565307671115139,0.7980433654906355,25,20,20
38,1728,0.04542380759078243,2.0598073167469806e-06,0.15653741664344165,0.7980367159584599,25,20,20
38,1729,0.0454238075882111,2.0598070744071465e-06,0.15616370207128719,0.7984104305334282,25,20,20
38,1730,0.045548257067398484,2.059807072948607e-06,0.1560392525923647,0.7984104305331647,25,20,20
38,1731,0.045548257067399345,2.059807068772307e-06,0.15566630802049,0.7987833751050427,25,20,20
38,1732,0.045548257067399386,2.0598073116926206e-06,0.1559325439552012,0.7985171391700885,25,20,20
38,1733,0.045548257067402585,2.0598073117692102e-06,0.1559325459937897,0.7985171371314967,25,20,20
38,1734,0.045548257067399386,2.059807067250812e-06,0.15593431526165527,0.7985153678638788,25,20,20
38,1735,0.04554825706758032,2.0598073102464267e-06,0.15620066802557747,0.7982490150995328,25,20,20
38,1736,0.045548257067580346,2.0598073061339267e-06,0.1559344518115241,0.7985152313135903,25,20,20
38,1737,0.045415937426811874,2.059807307600008e-06,0.15606677145228431,0.7985152313135971,25,20,20
38,1738,0.045415937426811916,2.059807063080325e-06,0.15606201950917514,0.7985199832569507,25,20,20
38,1739,0.045415937426811916,2.059807063080325e-06,0.15606201950932944,0.7985199832567964,25,20,20
38,1740,0.045415937426812665,2.059806820811668e-06,0.1556955040844098,0.7988864986819577,25,20,20
38,1741,0.045415937426810264,2.0598068251014926e-06,0.15570012375706435,0.798881879009301,25,20,20
38,1742,0.045415937426809425,2.0598068251001716e-06,0.15570008033567811,0.798881922430688,25,20,20
38,1743,0.04541593742680937,2.059806580516193e-06,0.1556935612789129,0.7988884414876978,25,20,20
38,1744,0.04541593742680625,2.0598063339983945e-06,0.15532057245983993,0.7992614303070205,25,20,20
38,1745,0.04541593742680306,2.059806089414899e-06,0.15532047443966898,0.7992615283274391,25,20,20
38,1746,0.045415937426799925,2.059806093527421e-06,0.15558669039114395,0.7989953123759632,25,20,20
38,1747,0.045413242235063184,2.0538640201385414e-06,0.1556053367138534,0.7989793671870636,25,20,20
38,1748,0.045413242235063184,2.0538640217251565e-06,0.15534568924750844,0.7992390146534071,25,20,20
38,1749,0.045418574135158846,1.8032420207543226e-06,0.15530646181647156,0.7992731608063498,25,20,20
38,1750,0.011251775172167564,1.8039804926442109e-06,0.18947325997924583,0.799273160868094,25,20,20
38,1751,0.04546075518058983,1.8032436658414288e-06,0.15526287664708924,0.7992745649286561,25,20,20
38,1752,0.04546075518058663,1.8032434217828863e-06,0.15517023066381333,0.7993672109121793,25,20,20
38,1753,0.04546075519096759,1.8032434175977279e-06,0.15490863568984395,0.7996288058757713,25,20,20
38,1754,0.04544907119161711,2.1113435914031806e-05,0.15488507158080111,0.7996447437916682,25,20,20
38,1755,0.045449071191616265,2.1113435669524843e-05,0.1548830691411819,0.7996467462315329,25,20,20
38,1756,0.0454490711915677,2.1113435425924547e-05,0.15470355329220756,0.7998262620807992,25,20,20
38,1757,0.07905329035953788,1.933371528843893e-05,0.12110126270131148,0.7998261132238629,25,20,20
38,1758,0.07905329039169562,2.3578387257948593e-08,0.12116437318200093,0.7997823128479169,25,20,20
38,1759,0.07905329039169481,2.357838718266958e-08,0.12115776722438626,0.7997889188055325,25,20,20
38,1760,0.07905329039169402,2.357838718139461e-08,0.12115772726288981,0.7997889587670296,25,20,20
38,1761,0.07905329039169323,2.357839135770664e-08,0.12153071458384948,0.7994159714460666,25,20,20
38,1762,0.07905329039169325,2.3578391285055885e-08,0.12153287687117467,0.7994138091587414,25,20,20
38,1763,0.07905329039169326,2.3578391286330352e-08,0.12153449633229045,0.7994121896976254,25,20,20
38,1764,0.07905329039169326,2.357839121106223e-08,0.12153441436327334,0.7994122716666429,25,20,20
38,1765,0.07905340877331878,9.047614891712705e-06,0.12153051305920283,0.7994070305525873,25,20,20
38,1766,0.07099153577208164,9.0540994935415e-06,0.12959288676314887,0.7994065233652765,25,20,20
38,1767,0.07099153577208234,9.054099925731626e-06,0.1342516710289563,0.7947477390990362,25,20,20
38,1768,0.07098620924487042,9.085143909342042e-06,0.10493450703820496,0.8240701985730149,25,20,20
38,1769,0.04105155490251197,9.078670474257096e-06,0.13486999746127762,0.8240693689657366,25,20,20
38,1770,0.04105155490251197,9.078670470080747e-06,0.13450349903603395,0.8244358673909844,25,20,20
38,1771,0.04105155490251202,9.078670470082047e-06,0.1345036617463545,0.8244357046806639,25,20,20
38,1772,0.04105155490251202,9.078670470082026e-06,0.13449717119585528,0.8244421952311629,25,20,20
38,1773,0.041051554902512805,9.078670713149815e-06,0.13476124555910618,0.8241781208676682,25,20,20
38,1774,0.04105155490251201,9.078670708786018e-06,0.1347566224666987,0.8241827439600806,25,20,20
38,1775,0.0548619035019644,9.059480718341814e-06,0.12091338636712164,0.8242156506501961,25,20,20
38,1776,0.054861903501964376,9.059480718265247e-06,0.1209133038535645,0.8242157331637532,25,20,20
38,1777,0.05486190350196437,9.059480718337923e-06,0.1209117654453039,0.8242172715720136,25,20,20
38,1778,0.05486190350219127,9.05949461843154e-06,0.12104905323606072,0.8240799837671298,25,20,20
38,1779,0.05486190350219128,9.059494795481926e-06,0.13210689682889398,0.8130221401741196,25,20,20
38,1780,0.054861903502372945,9.059495039466699e-06,0.13219908597252306,0.8129299510300647,25,20,20
38,1781,0.054861903502146044,9.059481139373061e-06,0.13206179709693233,0.8130672399197825,25,20,20
38,1782,0.05486190350214604,9.059481139297804e-06,0.13205519213611677,0.8130738448805982,25,20,20
38,1783,0.054861903502145246,9.059480896228696e-06,0.1317889206986859,0.813340116318273,25,20,20
38,1784,0.054861897303784254,9.026232515613547e-06,0.1211478979659917,0.8239811784977087,25,20,20
38,1785,0.05486189730360138,9.026232511248148e-06,0.12114565015498822,0.8239834263088994,25,20,20
38,1786,0.05486189730360458,9.026232511174237e-06,0.12113907492611303,0.8239900015377718,25,20,20
38,1787,0.05486189730360458,9.026232511249506e-06,0.12113899357762048,0.8239900828862645,25,20,20
38,1788,0.05486189729322358,9.026232511246874e-06,0.1211343711826841,0.8239947052915818,25,20,20
38,1789,0.05486189729322675,9.026232515508615e-06,0.12140070262316155,0.8237283738510968,25,20,20
38,1790,0.07795732927129974,9.024107647203894e-06,0.09833818123564445,0.823695465385409,25,20,20
38,1791,0.07795732927129659,9.024107643016125e-06,0.09807199079766604,0.8239616558233948,25,20,20
38,1792,0.07795732927129738,9.024107470255833e-06,0.08701634781491821,0.8350172988063145,25,20,20
38,1793,0.07795732927129735,9.024107470255833e-06,0.08701634704502098,0.8350172995762115,25,20,20
38,1794,0.07795732927129409,9.024107470180518e-06,0.08702286794404555,0.8350107786771902,25,20,20
38,1795,0.07795732927111237,9.024107226194438e-06,0.0869352647462258,0.8350983818754356,25,20,20
38,1796,0.07795732927111235,9.024107226119123e-06,0.08693535222640245,0.8350982943952591,25,20,20
38,1797,0.07795732927111315,9.024107226121743e-06,0.08693546637642584,0.8350981802452349,25,20,20
38,1798,0.0779573292737084,9.024107230412906e-06,0.08693989446466847,0.8350937521543926,25,20,20
38,1799,0.07795732927370844,9.02410723041161e-06,0.0869333715264193,0.8351002750926417,25,20,20
38,1800,0.07795732927370844,9.024107230335051e-06,0.08692867227664433,0.8351049743424168,25,20,20
38,1801,0.0779573292711132,9.024107225969916e-06,0.0869241682641077,0.835109478357553,25,20,20
38,1802,0.07795732927111329,9.024106793855059e-06,0.08226542370241315,0.8397682229196798,25,20,20
38,1803,0.07795732927111336,9.024107038450012e-06,0.08227025862298759,0.8397633879988606,25,20,20
38,1804,0.07795732928149188,9.02410704274018e-06,0.08227195202440875,0.8397616945870567,25,20,20
38,1805,0.07795732928167226,9.02410705116682e-06,0.08264498006265888,0.8393886665486177,25,20,20
38,1806,0.06733630453480365,9.029463806842333e-06,0.09326526568144818,0.8393894003199417,25,20,20
38,1807,0.06733630453480367,9.029463806842333e-06,0.09326529849320316,0.8393893675081866,25,20,20
38,1808,0.06733630453480367,9.029463806842289e-06,0.09326529729731156,0.8393893687040781,25,20,20
38,1809,0.06733630453480287,9.029463806839671e-06,0.09326506670057548,0.8393895993008151,25,20,20
38,1810,0.06733630453480292,9.029463806914962e-06,0.09326498267843406,0.8393896833229562,25,20,20
38,1811,0.06733630453480287,9.02946380691494e-06,0.09326501464604853,0.8393896513553416,25,20,20
38,1812,0.06733630453480291,9.029463806916226e-06,0.09327150411433209,0.8393831618870581,25,20,20
38,1813,0.0673363045348061,9.029463807066832e-06,0.09327162529741685,0.83938304070397,25,20,20
38,1814,0.0673363045348061,9.02946380706551e-06,0.09327170177094526,0.8393829642304415,25,20,20
38,1815,0.0673363045348061,9.029463807066786e-06,0.09327170323487298,0.8393829627665138,25,20,20
38,1816,0.06733630453485163,9.029463807216064e-06,0.09327393119253066,0.8393807348088105,25,20,20
38,1817,0.07413388991106673,9.255407187887336e-06,0.0864140348415997,0.8394428198401457,25,20,20
38,1818,0.07413388991106673,9.255407187887358e-06,0.0864139223694897,0.8394429323122555,25,20,20
38,1819,0.07413388991088579,9.255406949183136e-06,0.0861498491340342,0.8397070055481308,25,20,20
38,1820,0.07413388991088578,9.255406953443556e-06,0.08641615312752085,0.8394407015546399,25,20,20
38,1821,0.07413388991088578,9.255406953552486e-06,0.09747395214349693,0.8283829025386636,25,20,20
38,1822,0.07413388992878737,9.260888655361252e-06,0.1326339113449381,0.7932229378376193,25,20,20
38,1823,0.07413388992865247,9.26088864693461e-06,0.1322609459915423,0.7935959031911584,25,20,20
38,1824,0.07413429392128323,9.798005795460091e-06,0.1371000155804798,0.7887558924924416,25,20,20
38,1825,0.07413429392128322,9.798005795387418e-06,0.13709998076880076,0.7887559273041205,25,20,20
38,1826,0.07573771934565222,9.571036537013678e-06,0.13555960075439702,0.7886931088634134,25,20,20
38,1827,0.07573771934565222,9.571036541305069e-06,0.13556179781719163,0.7886909118006146,25,20,20
38,1828,0.07573771934565537,9.571036541305293e-06,0.13555971599972463,0.7886929936180784,25,20,20
38,1829,0.07573771933527444,9.571036537015127e-06,0.13555809395772264,0.7886946156704657,25,20,20
38,1830,0.07573771933527444,9.571036537087799e-06,0.1355580959259292,0.788694613702259,25,20,20
38,1831,0.0757377193352736,9.571036536937216e-06,0.13555797405632458,0.7886947355718648,25,20,20
38,1832,0.0757377193352736,9.57103653686191e-06,0.13555327083611374,0.7886994387920755,25,20,20
38,1833,0.07573771933527365,9.571036776630344e-06,0.1356433297841124,0.788609379843837,25,20,20
38,1834,0.07573771933527684,9.571036780997299e-06,0.1356432707838649,0.7886094388440771,25,20,20
38,1835,0.0757377193352768,9.571036781071306e-06,0.13563682008882616,0.7886158895391158,25,20,20
38,1836,0.07573771933527683,9.57103678114662e-06,0.13563693534764273,0.7886157742802993,25,20,20
38,1837,0.07573771934565778,9.571036785437747e-06,0.13564167306407984,0.7886110365534771,25,20,20
38,1838,0.07573771934561224,9.57103678528979e-06,0.13563947849038335,0.7886132311272191,25,20,20
38,1839,0.07573771933523131,9.57103678107392e-06,0.13564134421866886,0.7886113654093188,25,20,20
38,1840,0.07741323854435367,9.571024248933128e-06,0.13396576608878022,0.7886114243426173,25,20,20
38,1841,0.07741323854435365,9.571024248856516e-06,0.13396564944253744,0.7886115409888602,25,20,20
38,1842,0.0804442421055663,1.0281897651614961e-05,0.13092787891904262,0.7886175970777397,25,20,20
38,1843,0.0804442421055663,1.028189765154099e-05,0.13093440063867764,0.7886110753581047,25,20,20
38,1844,0.08044424210556317,1.0281897647280524e-05,0.1306696885805489,0.788875787416241,25,20,20
38,1845,0.0804442421055631,1.0281897402685596e-05,0.13066485359360602,0.7888806224034284,25,20,20
38,1846,0.08044424210721715,1.0281897405419209e-05,0.14517520190561187,0.7743702740897663,25,20,20
38,1847,0.08044424210721716,1.0281897405268625e-05,0.14517984554193944,0.7743656304534389,25,20,20
38,1848,0.08044424210721716,1.0281897405193368e-05,0.1451798448732485,0.7743656311221297,25,20,20
38,1849,0.08044424210556389,1.0281897402459757e-05,0.13066954361478395,0.78887593238225,25,20,20
38,1850,0.08044424211594466,1.0281897647143655e-05,0.13066528163719573,0.7888801943492126,25,20,20
38,1851,0.08044424211594464,1.0281897647142312e-05,0.13066516377810453,0.788880312208304,25,20,20
38,1852,0.08044424211594464,1.0281897647217605e-05,0.1306652810276438,0.7888801949587646,25,20,20
38,1853,0.08044424211594778,1.0281897651493801e-05,0.13079477337844975,0.7887507026079512,25,20,20
38,1854,0.07749430813441696,1.027762813167052e-05,0.13374468181999494,0.788750732417457,25,20,20
38,1855,0.07749430813441376,1.0277628131595228e-05,0.13374464230335548,0.7887507719340994,25,20,20
38,1856,0.07749430813441376,1.0277628131519983e-05,0.13374452752598615,0.7887508867114689,25,20,20
38,1857,0.07749430813459467,1.0277628131594813e-05,0.1340133019598164,0.7884821122774575,25,20,20
38,1858,0.07749430813459786,1.0277628376179652e-05,0.13402000641655568,0.7884754078204704,25,20,20
38,1859,0.07749430813459547,1.0277628376178355e-05,0.13402000641671574,0.7884754078203129,25,20,20
38,1860,0.07749430813459228,1.0277628371961967e-05,0.13402453671945225,0.7884708775175837,25,20,20
38,1861,0.07749430813477405,1.0277628367748327e-05,0.1341161823165628,0.7883792319202957,25,20,20
38,1862,0.07749430813477408,1.0277628367749648e-05,0.13411626034114288,0.7883791538957154,25,20,20
38,1863,0.07749300341183309,1.0303660626802524e-05,0.13411766093926844,0.7883790319882718,25,20,20
38,1864,0.07749300341165218,1.0303660631020169e-05,0.13385359203058275,0.7886431008971343,25,20,20
38,1865,0.07749289343427013,1.320790063833778e-06,0.09874297806992587,0.8237628077057398,25,20,20
38,1866,0.04021665201227329,2.1830214415735246e-06,0.13601424762526704,0.8237669173410183,25,20,20
38,1867,0.04021665201227329,2.183035137714765e-06,0.13601578844070064,0.8237653765118885,25,20,20
38,1868,0.040216652014843764,2.1830350101545575e-06,0.13638172417880853,0.8233994407713376,25,20,20
38,1869,0.04021665201502867,2.1830352541406395e-06,0.1364739446251426,0.8233072203245747,25,20,20
38,1870,0.04021665201502869,2.1830352584302465e-06,0.13647394634512733,0.8233072186045857,25,20,20
38,1871,0.040216652015210796,2.1830355030251525e-06,0.13647870333711656,0.8233024616121698,25,20,20
38,1872,0.040216652015214766,2.183035746017225e-06,0.13674531089602823,0.8230358540530112,25,20,20
38,1873,0.04021665201539692,2.183035750275223e-06,0.12568759413554229,0.8340935708133109,25,20,20
38,1874,0.040216652015215945,2.1830357545638626e-06,0.1255983731779153,0.8341827917711145,25,20,20
38,1875,0.04021665201521281,2.1830357502722482e-06,0.1256029059509915,0.8341782589980455,25,20,20
38,1876,0.040216652015030656,2.183035745905342e-06,0.12560433009418548,0.8341768348550381,25,20,20
38,1877,0.040216652015030704,2.1830357416893036e-06,0.12569192086570471,0.834089244083523,25,20,20
38,1878,0.04021665201521283,2.183035986359535e-06,0.12569675590108736,0.8340844090477135,25,20,20
38,1879,0.04021665200483127,2.183035741675636e-06,0.12569444713936012,0.8340867178200669,25,20,20
38,1880,0.04021665200483133,2.1830357459672494e-06,0.12569302153842452,0.8340881434209984,25,20,20
38,1881,0.04021665200483133,2.18303574596857e-06,0.12569313462058307,0.8340880303388396,25,20,20
38,1882,0.04021665200483132,2.183035745893478e-06,0.12560246267669434,0.8341787022827283,25,20,20
38,1883,0.03124240108446378,2.1833693612143763e-06,0.13457363265035677,0.834181782895818,25,20,20
38,1884,0.0276552216101642,2.232493840648355e-05,0.13814064531424,0.8341818081371893,25,20,20
38,1885,0.0276552216101642,2.2324938406530472e-05,0.13840037208849235,0.833922081362937,25,20,20
38,1886,0.04554080845657122,2.2324543384511603e-05,0.12051789642787307,0.8339189705721712,25,20,20
38,1887,0.04554080845657128,2.2324543139917954e-05,0.12051779858408646,0.8339190684162024,25,20,20
38,1888,0.04554080845657126,2.2324543139915352e-05,0.12051617768880489,0.8339206893114841,25,20,20
38,1889,0.045540808456571276,2.2324543144208274e-05,0.1205162981727499,0.8339205688275348,25,20,20
38,1890,0.045540808456571276,2.2324543148348656e-05,0.12051820279257167,0.8339186642077088,25,20,20
38,1891,0.04554080845657122,2.2324543148425235e-05,0.12052000927302194,0.8339168577272583,25,20,20
38,1892,0.04554080845657118,2.2324543148499208e-05,0.1205185293985663,0.833918337601714,25,20,20
38,1893,0.045540808456568056,2.232455681688549e-05,0.12034423560767209,0.834092631378943,25,20,20
38,1894,0.04554054038558863,2.1624369698129246e-06,0.11552462883967078,0.8389326683377705,25,20,20
38,1895,0.045540540385588676,2.162436969886188e-06,0.11553111306360353,0.8389261841138377,25,20,20
38,1896,0.04609974371625688,9.094216926471298e-07,0.11497923974911814,0.8389201071129322,25,20,20
38,1897,0.04609974371625688,9.094216925705993e-07,0.11497271746387608,0.8389266293981744,25,20,20
38,1898,0.04609974371368567,9.094078794086429e-07,0.1145985392877467,0.8393008075906883,25,20,20
38,1899,0.04609974371368567,9.094078794839342e-07,0.11459862234159766,0.839300724536837,25,20,20
38,1900,0.04609974371368481,9.093939681042877e-07,0.1145063105697412,0.8393930363226059,25,20,20
38,1901,0.04609974371368481,9.093939723206329e-07,0.11450635198478283,0.8393929949075598,25,20,20
38,1902,0.04609974371368561,9.093939681054093e-07,0.11459844929025946,0.8393008976020866,25,20,20
38,1903,0.04609974371368482,9.093939638137726e-07,0.11459833308574621,0.839301013806605,25,20,20
38,1904,0.04609974371368483,9.093942067354077e-07,0.11486460253875273,0.8390347443533556,25,20,20
38,1905,0.04609974371350271,9.093939621404547e-07,0.11486637178644964,0.8390329751060854,25,20,20
38,1906,0.04609974371350273,9.093939622157475e-07,0.11486176250135881,0.8390375843911761,25,20,20
38,1907,0.04609974371350592,9.093939665056039e-07,0.11485986189447196,0.8390394849980555,25,20,20
38,1908,0.046099743713505906,9.093939665069013e-07,0.11485980055556838,0.8390395463369593,25,20,20
38,1909,0.046099743713506704,9.093939707983148e-07,0.11486200117594954,0.839037345716573,25,20,20
38,1910,0.033571140315366836,9.236192681542188e-07,0.12739052369607962,0.8390374123692869,25,20,20
38,1911,0.04527059144171175,9.108031120720713e-07,0.11569115037109402,0.8390373473840826,25,20,20
38,1912,0.045270591441760474,9.108033566530348e-07,0.11569840294849737,0.8390300948063859,25,20,20
38,1913,0.04527059144175968,9.108033523619089e-07,0.1156959785463418,0.8390325192085467,25,20,20
38,1914,0.04527059144171495,9.108033565762689e-07,0.11570243994757214,0.8390260578073568,25,20,20
38,1915,0.04527059145209429,9.108036010788647e-07,0.11561780384225279,0.8391106939020523,25,20,20
38,1916,0.04527082338041242,9.05417763960284e-07,0.11563260411239241,0.8390956670894315,25,20,20
38,1917,0.04527082338041321,9.054175209646779e-07,0.11536636855505072,0.8393619026470154,25,20,20
38,1918,0.045270814924578566,8.641959649357788e-07,0.1105291517497235,0.844199169129733,25,20,20
38,1919,0.045270583109618616,9.042013445929734e-07,0.07994701755000802,0.8747814951390289,25,20,20
38,1920,0.04527058310961784,9.042013403755189e-07,0.07995134065808719,0.8747771720309546,25,20,20
38,1921,0.045270583109798805,9.042013404498197e-07,0.08021149678121246,0.8745170159076484,25,20,20
38,1922,0.04527058310979562,9.042013362339344e-07,0.08020690851193667,0.8745216041769317,25,20,20
38,1923,0.04527058310979555,9.042013361586648e-07,0.08020678928642783,0.8745217234024406,25,20,20
38,1924,0.045270583109795544,9.042013360859914e-07,0.08020675514474011,0.8745217575441285,25,20,20
38,1925,0.04527058310979469,9.042010920248686e-07,0.0801144159228577,0.8746140967662558,25,20,20
38,1926,0.045270583109797945,9.042010920236172e-07,0.08011444382720512,0.8746140688619052,25,20,20
38,1927,0.045605786892649706,9.027985790750624e-07,0.07977914560079945,0.874614164707972,25,20,20
38,1928,0.045605786892649734,9.027985791516299e-07,0.07977918615718316,0.8746141241515882,25,20,20
38,1929,0.04560578676136783,8.626972983569391e-07,0.07518887331577845,0.8792044772255555,25,20,20
38,1930,0.04560578676136785,8.626972984308871e-07,0.07518898720334782,0.879204363337986,25,20,20
38,1931,0.04560578676136781,8.626972982829993e-07,0.0751867103268419,0.8792066402144921,25,20,20
38,1932,0.04560578676118569,8.626972982816873e-07,0.07518205511305784,0.8792112954284587,25,20,20
38,1933,0.04560578676120066,8.62698526193498e-07,0.11172015590989919,0.8426731946303744,25,20,20
38,1934,0.045605786761200647,8.626985261182104e-07,0.11171795860081878,0.8426753919394548,25,20,20
38,1935,0.045605786761200647,8.626985303340723e-07,0.1117225796758686,0.8426707708644007,25,20,20
38,1936,0.04560578676120059,8.626985303340723e-07,0.1117226573415157,0.8426706931987538,25,20,20
38,1937,0.045605786761151866,8.626982857530853e-07,0.11171540332578603,0.8426779472147767,25,20,20
38,1938,0.04560578676133359,8.626985298090349e-07,0.11180804930286847,0.8425853012372684,25,20,20
38,1939,0.04560578676133438,8.626985341731078e-07,0.11180979006849327,0.8425835604716386,25,20,20
38,1940,0.04560104974520446,8.622495648297263e-07,0.11181452967415222,0.8425835583310787,25,20,20
38,1941,0.04560104974502347,8.622495646801919e-07,0.11154792315601691,0.842850164849395,25,20,20
38,1942,0.04560104974502353,8.622495647552868e-07,0.11164006318026917,0.8427580248251426,25,20,20
38,1943,0.04560104974506906,8.622495648305787e-07,0.11164013807586974,0.8427579499294966,25,20,20
38,1944,0.045601049745069844,8.622495604953462e-07,0.11137403540488551,0.8430240526004843,25,20,20
38,1945,0.04560104977374868,7.998617157360016e-06,0.114794655538179,0.839596296070915,25,20,20
38,1946,0.0456010497737479,7.998617152994599e-06,0.11479314256292314,0.8395978090461762,25,20,20
38,1947,0.0456010497763422,7.998617393363544e-06,0.11479328153131935,0.8395976700749452,25,20,20
38,1948,0.04560104977634218,7.998617393286977e-06,0.11479335399804484,0.8395975976082198,25,20,20
38,1949,0.04560104977634212,7.998617388995847e-06,0.11478869040560584,0.8396022612006633,25,20,20
38,1950,0.04560104977652424,7.998617393286996e-06,0.11479333013202961,0.839597621474053,25,20,20
38,1951,0.04560104977652424,7.99861739343494e-06,0.11479318462770906,0.8395977669783734,25,20,20
38,1952,0.04560104977652422,7.998617389146631e-06,0.11479318286898219,0.8395977687371046,25,20,20
38,1953,0.045601049776527416,7.998617393437761e-06,0.11479784649032097,0.8395931051157582,25,20,20
38,1954,0.04560104977648188,7.998617393436417e-06,0.11479780636921194,0.8395931452369129,25,20,20
38,1955,0.04560104977648189,7.998617393436375e-06,0.11479788775122163,0.8395930638549032,25,20,20
38,1956,0.0456010497764819,7.998617393436397e-06,0.11479788975341246,0.8395930618527123,25,20,20
38,1957,0.045601049776481946,7.998617397653352e-06,0.11480438034961735,0.8395865712565032,25,20,20
38,1958,0.04560104977630062,7.998617397654628e-06,0.11480437417077093,0.8395865774355309,25,20,20
38,1959,0.08295457573750059,7.136475104830188e-06,0.07745581955510568,0.8395824682322888,25,20,20
38,1960,0.0829545757374998,7.1364751005377635e-06,0.07745107157267145,0.8395872162147281,25,20,20
38,1961,0.08295457573749974,7.136475096245539e-06,0.0774445795240984,0.8395937082633054,25,20,20
38,1962,0.08295457573749974,7.13647509617027e-06,0.07745110254550473,0.8395871852418992,25,20,20
38,1963,0.08295457573749665,7.136475091817507e-06,0.07741397091301697,0.8396243168743943,25,20,20
38,1964,0.08295457573749665,7.1364750918175305e-06,0.07741389102950177,0.8396243967579095,25,20,20
38,1965,0.08295457573749353,7.136475091819343e-06,0.07740930838020792,0.8396289794072065,25,20,20
38,1966,0.08295457573749353,7.136475091820641e-06,0.07740930779436501,0.8396289799930494,25,20,20
38,1967,0.08295457573749353,7.136475095998284e-06,0.07778229582274614,0.839255991964664,25,20,20
38,1968,0.08295457573749346,7.13647509170534e-06,0.07778687778951734,0.8392514099978972,25,20,20
38,1969,0.08295457573749428,7.136488904868636e-06,0.07816105909941719,0.8388772286741835,25,20,20
38,1970,0.08295457573749428,7.136488904868614e-06,0.07816113817731146,0.8388771495962891,25,20,20
38,1971,0.08295457573489916,7.136488664499874e-06,0.07815909681308489,0.8388791909633511,25,20,20
38,1972,0.08295457573471744,7.136488420443901e-06,0.07806633635364393,0.838971951423218,25,20,20
38,1973,0.08295457573471823,7.136488420445221e-06,0.0780664858750314,0.8389718019018297,25,20,20
38,1974,0.08295457573471748,7.136488424768797e-06,0.07843935917451388,0.8385989286023439,25,20,20
38,1975,0.08295457573471669,7.136488424619558e-06,0.07843935513303257,0.8385989326438259,25,20,20
38,1976,0.08295457573471669,7.13648842461694e-06,0.07843927463307417,0.8385990131437845,25,20,20
38,1977,0.08295457573453181,7.136488180630859e-06,0.07834711422387235,0.8386911735534152,25,20,20
38,1978,0.07938595814347801,7.136506488078408e-06,0.08191572945105915,0.8386911758989742,25,20,20
38,1979,0.07938595814348122,7.1365064881549986e-06,0.08191111047280518,0.838695794877225,25,20,20
38,1980,0.07938595813310108,7.1365062435773115e-06,0.08190353453013659,0.8387033708305184,25,20,20
38,1981,0.07938595813310187,7.13650624786694e-06,0.08190991048293216,0.8386969948777176,25,20,20
38,1982,0.07938595813310192,7.136506247868498e-06,0.08190748591076033,0.8386994194498896,25,20,20
38,1983,0.07938595813309869,7.13650624786843e-06,0.08191398326288928,0.8386929220977636,25,20,20
38,1984,0.07938595813309954,7.136506247898567e-06,0.0816331875156437,0.8389737178450086,25,20,20
38,1985,0.07936870191897287,2.6881604017045543e-05,0.08163070100680311,0.8389737154702065,25,20,20
38,1986,0.07936870191897281,2.6881604017044242e-05,0.08163073294980856,0.838973683527201,25,20,20
38,1987,0.07936870191915495,2.688160401711954e-05,0.08162424861108858,0.8389801678657388,25,20,20
38,1988,0.07936870191933704,2.68816040129439e-05,0.0812513105422713,0.8393531059343782,25,20,20
38,1989,0.07936870191933697,2.6881604012946503e-05,0.08115894982540504,0.8394454666512446,25,20,20
38,1990,0.07936870191933698,2.6881604013021774e-05,0.0811589525330192,0.8394454639436303,25,20,20
38,1991,0.07936870299510015,7.142696671849506e-06,0.08117868985368065,0.8394454644545469,25,20,20
38,1992,0.07936870299510015,7.142696676140968e-06,0.08118019685053783,0.8394439574576854,25,20,20
38,1993,0.07936870299510021,7.14269667613967e-06,0.0811801961706794,0.8394439581375438,25,20,20
38,1994,0.07936870299510021,7.1426966761422664e-06,0.08118008439991975,0.8394440699083036,25,20,20
38,1995,0.07936870299510022,7.142696676217523e-06,0.08118008443039798,0.8394440698778253,25,20,20
38,1996,0.0793687029951034,7.142696676143565e-06,0.08117364344510587,0.8394505108631144,25,20,20
38,1997,0.07936870299510256,7.142696671935807e-06,0.0810814511990907,0.8395427031091343,25,20,20
38,1998,0.07936870299510256,7.142696672011089e-06,0.08108607056515309,0.8395380837430717,25,20,20
38,1999,0.07936870299510256,7.142696671937127e-06,0.08108139718215249,0.8395427571260724,25,20,20
38,2000,0.07936870299510257,7.142696671938448e-06,0.08108151103134398,0.8395426432768811,25,20,20
38,2001,0.07936870299496633,7.1426966761153376e-06,0.08145534609462328,0.8391688082137336,25,20,20
38,2002,0.0793687030053472,7.142696680479169e-06,0.08146011628085185,0.8391640380171198,25,20,20
38,2003,0.07936870300539278,7.142710619781889e-06,0.0814723233848767,0.8391518308991099,25,20,20
38,2004,0.07936870300539361,7.14271062400062e-06,0.0814745471214981,0.8391496071624835,25,20,20
38,2005,0.07949349233022426,7.1426199802653975e-06,0.08134975832664847,0.8391496067231465,25,20,20
38,2006,0.07949349233022501,7.14261998019289e-06,0.08138699493357668,0.8391123701162178,25,20,20
38,2007,0.07949349233022186,7.142619980266852e-06,0.08139153295891718,0.8391078320908804,25,20,20
38,2008,0.07949349233022182,7.142619984481909e-06,0.08138702837130021,0.8391123366784932,25,20,20
38,2009,0.07949349233022501,7.142620229138527e-06,0.08138705719324368,0.8391123078563019,25,20,20
38,2010,0.06350516348677376,7.1426172844265375e-06,0.09737548255274556,0.8391122113431964,25,20,20
38,2011,0.05231312435083986,7.1429387561782515e-06,0.10856746984772879,0.8391122628626749,25,20,20
38,2012,0.05231312435083993,7.142938760468102e-06,0.10857218939018916,0.8391075433202101,25,20,20
38,2013,0.05231312435083914,7.1429249473813705e-06,0.10819962953579176,0.8394801031884215,25,20,20
38,2014,0.05231312435083914,7.142924951597717e-06,0.10819974370156028,0.8394799890226488,25,20,20
38,2015,0.05231312435083924,7.1429249515977395e-06,0.10820454001260282,0.839475192711606,25,20,20
38,2016,0.05231312435083923,7.142924947307576e-06,0.10820303102231256,0.8394767017019007,25,20,20
38,2017,0.05231312435083923,7.142924947231012e-06,0.10820141013230007,0.8394783225919131,25,20,20
38,2018,0.05231312435083917,7.142924942940673e-06,0.10820121486095123,0.8394785178632663,25,20,20
38,2019,0.05231312435065709,7.142924947156535e-06,0.10820579632519232,0.8394739363992032,25,20,20
38,2020,0.05231312435065629,7.142924947153972e-06,0.10807626637001574,0.8396034663543805,25,20,20
38,2021,0.05231312435065698,7.142925191748922e-06,0.10807630358257811,0.8396034291415729,25,20,20
38,2022,0.052313124350659844,7.1429253674842894e-06,0.11912797507717031,0.8285517576468022,25,20,20
38,2023,0.05231312435065906,7.14292536326993e-06,0.11912139957741434,0.8285583331465631,25,20,20
38,2024,0.05231312435065906,7.142925363346489e-06,0.11912610084373135,0.828553631880246,25,20,20
38,2025,0.05231312435066224,7.1429253675641545e-06,0.11912618221641422,0.8285535505075556,25,20,20
38,2026,0.05231312435066231,7.142925367640717e-06,0.1191292629344531,0.8285504697895165,25,20,20
38,2027,0.05231312435066229,7.142925363350377e-06,0.11912914675340609,0.828550585970568,25,20,20
38,2028,0.052313124350661495,7.142925603639897e-06,0.11913348496769348,0.8285462477560411,25,20,20
38,2029,0.05231312435066462,7.142925607855763e-06,0.1191350279698571,0.82854470475387,25,20,20
38,2030,0.05231312435066457,7.142925603563031e-06,0.11913274701777667,0.8285469857059549,25,20,20
38,2031,0.05231312435066696,7.142925358968078e-06,0.11913270980570695,0.8285470229182667,25,20,20
38,2032,0.05742118557999862,7.142603888878949e-06,0.11402470041723081,0.8285469713988813,25,20,20
38,2033,0.05742118557999858,7.1425899539411335e-06,0.1140190324647139,0.8285526393653332,25,20,20
38,2034,0.057421185579952676,7.142589949613705e-06,0.11364503158413164,0.8289266402459659,25,20,20
38,2035,0.057421185579950275,7.142589945396026e-06,0.11365143990417156,0.8289202319259326,25,20,20
38,2036,0.05742118557995348,7.142603886553826e-06,0.11365843793416426,0.8289132338819953,25,20,20
38,2037,0.05742134866611695,2.2530565301300964e-07,0.11369921635947122,0.8288792096687583,25,20,20
38,2038,0.05742134866611695,2.2530565301171156e-07,0.11369918293208632,0.8288792430961434,25,20,20
38,2039,0.05742134866611402,2.253054729114593e-07,0.10264252761128347,0.8399358984171293,25,20,20
38,2040,0.05742123181235545,1.031362325372119e-08,0.10264177012877405,0.8399369877452468,25,20,20
38,2041,0.05742118562564102,6.62771900924209e-09,0.10264280257210602,0.8399360051745336,25,20,20
38,2042,0.05742118562582314,6.627723299280051e-09,0.1026413542651049,0.8399374534813484,25,20,20
38,2043,0.057421185615443016,6.627719009420936e-09,0.10263670949497582,0.8399420982618618,25,20,20
38,2044,0.057421185750108794,4.786390916394028e-08,0.10622715340566076,0.8363516129803208,25,20,20
38,2045,0.057421185750108,4.7863909088670676e-08,0.10622711248838175,0.8363516538976006,25,20,20
38,2046,0.057421185750108794,4.786391342654342e-08,0.10649344725725106,0.8360853191287262,25,20,20
38,2047,0.05742118575011199,4.786415642213534e-08,0.1067597986839244,0.8358189677018066,25,20,20
38,2048,0.057421185750111924,4.786415213228377e-08,0.10675516512646734,0.8358236012592681,25,20,20
38,2049,0.057421185750111924,4.7863911764542313e-08,0.10675027508963154,0.8358284912963444,25,20,20
38,2050,0.057421185750111896,4.7863911736462344e-08,0.10701190372214363,0.8355668626638324,25,20,20
38,2051,0.057421185750108704,4.786391166246756e-08,0.10701193367563457,0.8355668327103445,25,20,20
38,2052,0.057421185750109495,4.786391166117001e-08,0.10701866561536104,0.8355601007706173,25,20,20
38,2053,0.05742118575010631,4.7863911659872414e-08,0.10701386875255972,0.835564897633422,25,20,20
38,2054,0.031219067014779934,0.00018098310626020773,0.13301991331970878,0.8355800365592506,25,20,20
38,2055,0.03121906701478072,0.0001809831062603566,0.13311209301837376,0.8354878568605848,25,20,20
38,2056,0.031219067014783896,0.00018098310650335218,0.1333783310949411,0.8352216187837712,25,20,20
38,2057,0.031219067014601767,0.00018098310649898553,0.13337507814572294,0.8352248717331758,25,20,20
38,2058,0.031219067014600966,0.00018098310649464902,0.13310885919906718,0.8354910906798367,25,20,20
38,2059,0.04505136634028527,0.00018196694360409407,0.11927525652747317,0.835491410188637,25,20,20
38,2060,0.045051366340467386,0.0001819669436083839,0.11927984789801295,0.835486818817911,25,20,20
38,2061,0.04505136634046734,0.00018196694360409147,0.11927514434606577,0.8354915223698625,25,20,20
38,2062,0.04505136634028841,0.00018196694360409017,0.11927514268281542,0.8354915240332917,25,20,20
38,2063,0.04505136634028523,0.00018196694336116857,0.11900887322522163,0.8357577934911317,25,20,20
38,2064,0.045051366340285254,0.00018196694336116987,0.11900898911129072,0.8357576776050625,25,20,20
38,2065,0.04505136634028445,0.00018196694336109493,0.11891677751860381,0.8358498891977503,25,20,20
38,2066,0.045051366340284525,0.0001819669433610223,0.11891680991361878,0.8358498568027354,25,20,20
38,2067,0.04664930919626669,0.00018196656529585417,0.11731896643881136,0.8358497577996257,25,20,20
38,2068,0.04664930919626671,0.0001819665652960029,0.11744686706762955,0.8357218571708073,25,20,20
38,2069,0.04664930919644889,0.00018196656529600552,0.11745031714544407,0.8357184070928106,25,20,20
38,2070,0.04664930919644887,0.0001819665652960795,0.11745028372753996,0.8357184405107146,25,20,20
38,2071,0.04664930920671908,0.00018196735144908102,0.11788472566878784,0.8352839977730436,25,20,20
38,2072,0.04929892775536283,0.0001809835107677442,0.11523641147062005,0.8352836772632487,25,20,20
38,2073,0.04929892775536283,0.00018098351076767022,0.11523633041422339,0.8352837583196455,25,20,20
38,2074,0.049298927755359684,0.00018098351076767147,0.11523633038525745,0.8352837583486147,25,20,20
38,2075,0.049298927755359684,0.00018098351076767147,0.11523621595040055,0.8352838727834713,25,20,20
38,2076,0.0492989277553565,0.00018098351052896696,0.11497456757584068,0.8355455211582731,25,20,20
38,2077,0.0492989277553565,0.0001809835105289683,0.11497456828053945,0.8355455204535746,25,20,20
38,2078,0.049298927755353314,0.00018098351052467807,0.11497293989879356,0.835547148835328,25,20,20
38,2079,0.049298927755352516,0.00018098351052460538,0.1149710361019007,0.8355490526322217,25,20,20
38,2080,0.04929892775539479,0.00018098349683178525,0.11505679857008566,0.8354632901776873,25,20,20
38,2081,0.0492989277552126,0.0001809834968317826,0.11505334990401885,0.835466738843936,25,20,20
38,2082,0.04929892775521262,0.00018098349658720166,0.11504885072048004,0.8354712380277195,25,20,20
38,2083,0.04929892775521255,0.00018098349658719905,0.11504873528188998,0.8354713534663095,25,20,20
38,2084,0.04929892775521255,0.00018098349659144932,0.11542172403902833,0.8350983647091668,25,20,20
38,2085,0.04929892775516702,0.0001809834965871584,0.11541518631484612,0.8351049024333989,25,20,20
38,2086,0.04929892775516698,0.0001809834965828659,0.11541721679059803,0.8351028719576513,25,20,20
38,2087,0.049298927755170176,0.00018098349658715623,0.11541733230454586,0.8351027564436961,25,20,20
38,2088,0.049298927755167005,0.00018098349658289184,0.1151509975236766,0.835369091224573,25,20,20
38,2089,0.04929892762073318,0.00018094226165912356,0.1479902214269918,0.8025299086906156,25,20,20
38,2090,0.04929892762073318,0.00018094226165912486,0.14799030105608268,0.8025298290615248,25,20,20
38,2091,0.04929892773001666,0.018131201225713833,0.13004004250008414,0.8025298285441856,25,20,20
38,2092,0.04929892773001352,0.018131201225709614,0.1300398747652392,0.8025299962790379,25,20,20
38,2093,0.04929892773001352,0.018131201225709614,0.13003984195688703,0.8025300290873902,25,20,20
38,2094,0.04929892773001363,0.018131201225709687,0.13013206358531632,0.8024378074589608,25,20,20
38,2095,0.04929892773001363,0.018131201225709687,0.1301320649626235,0.8024378060816535,25,20,20
38,2096,0.049298927730014326,0.01813120122571398,0.13003988533949373,0.8025299857047783,25,20,20
38,2097,0.04929892773005985,0.018131201225718346,0.1300400846168338,0.8025297864273883,25,20,20
38,2098,0.04929892773005986,0.018131201225722485,0.1299107597754017,0.8026591112688162,25,20,20
38,2099,0.049298927730059866,0.018131201225722562,0.12991303661865483,0.8026568344255631,25,20,20
38,2100,0.04929892773001439,0.018131201225474226,0.12982030259723915,0.8027495684472725,25,20,20
38,2101,0.0810507892423007,0.0179502663355685,0.09826441915006566,0.802734525272065,25,20,20
38,2102,0.08105202305945962,0.01795026684432265,0.10183329582060578,0.7991644142756118,25,20,20
38,2103,0.08105204635619075,0.017950266058338826,0.11375221904286721,0.7872454685426031,25,20,20
38,2104,0.08105204635619076,0.01795026605833461,0.11375862717961596,0.7872390604058586,25,20,20
38,2105,0.08105204635614523,0.017950266058330243,0.1137584698630678,0.7872392177224566,25,20,20
38,2106,0.08105204972516819,3.557936453962102e-07,0.13170837676090852,0.787239217720279,25,20,20
38,2107,0.0843995872235323,3.7999520910674113e-07,0.12836095362792535,0.7872390791533345,25,20,20
38,2108,0.08439958722353236,3.7999521332309094e-07,0.12836108181048056,0.7872389509707749,25,20,20
38,2109,0.08439958722353554,3.799952132478259e-07,0.12835888614134838,0.7872411466399037,25,20,20
38,2110,0.08439958722353555,3.7999521324784826e-07,0.1283656221420696,0.7872344106391825,25,20,20
38,2111,0.08439958722353795,3.799952089575234e-07,0.1283655835912341,0.78723444919002,25,20,20
38,2112,0.08439958722353795,3.799952089562036e-07,0.1283608837711929,0.7872391490100609,25,20,20
38,2113,0.08439958722353876,3.8000915011660056e-07,0.12836788237695307,0.7872321503903587,25,20,20
38,2114,0.08439958723391966,3.800091544830498e-07,0.12836594839867133,0.7872340843582549,25,20,20
38,2115,0.08439958723391966,3.800091544077585e-07,0.12836586534482036,0.7872341674121063,25,20,20
38,2116,0.08105083759392814,3.55315643289382e-07,0.13171463723783197,0.7872341698525973,25,20,20
38,2117,0.08105083759397352,3.5531564327730536e-07,0.1318394705907312,0.7871093364996525,25,20,20
38,2118,0.08105083303893328,3.560818100695549e-07,0.1318394743797654,0.7871093364994927,25,20,20
38,2119,0.08105083303893328,3.560818100695102e-07,0.13183947551669695,0.7871093353625612,25,20,20
38,2120,0.08105083303893332,3.5608181436227913e-07,0.13183448442330406,0.7871143264559497,25,20,20
38,2121,0.08105083303893014,3.56081814288308e-07,0.1318344039237666,0.7871144069554903,25,20,20
38,2122,0.08105083303893335,3.560818185799448e-07,0.1318345992202378,0.7871142116590115,25,20,20
38,2123,0.08129975432184317,3.5572937791848244e-07,0.13158577404060465,0.7871141159081755,25,20,20
38,2124,0.08129975432184393,3.5572937374146784e-07,0.13158578956055877,0.7871141003882246,25,20,20
38,2125,0.042615162236981884,3.8407108711393673e-07,0.17027035309951583,0.7871141005924156,25,20,20
38,2126,0.042615162236981884,3.8407108711393673e-07,0.17027043556632826,0.7871140181256031,25,20,20
38,2127,0.042615162236981884,3.8407108711522565e-07,0.1702750543455495,0.7871093993463819,25,20,20
38,2128,0.041017739329506524,3.840565798414797e-07,0.171872251350905,0.7871096252630082,25,20,20
38,2129,0.04101773935312792,3.840654168906751e-07,0.17187211481756734,0.7871097617638882,25,20,20
38,2130,0.041017739353127906,3.840654170385919e-07,0.1718765137539215,0.7871053628275341,25,20,20
38,2131,0.041017739353127566,3.8406541276082194e-07,0.17217115562471985,0.7868107209567404,25,20,20
38,2132,0.04101771604612629,3.840652435834275e-07,0.15981779329552281,0.7991641065931089,25,20,20
38,2133,0.04101771973524373,2.8559082537169483e-08,0.15981814511272432,0.799164106592951,25,20,20
38,2134,0.04101771974562581,2.855909104514696e-08,0.1598118200561806,0.7991704316391041,25,20,20
38,2135,0.04101771974562579,2.8559091044454986e-08,0.15981826733419977,0.7991639843610848,25,20,20
38,2136,0.041017719745625805,2.855909111972386e-08,0.1598182678333797,0.7991639838619048,25,20,20
38,2137,0.028174631730346317,7.000975112922673e-08,0.17266118373696776,0.7991641145229343,25,20,20
38,2138,0.02817463173034871,6.999581426000531e-08,0.17265888791039719,0.7991664103634392,25,20,20
38,2139,0.028174631730348766,6.999581425999557e-08,0.17292520761300068,0.7989000906608358,25,20,20
38,2140,0.02817463173034878,6.999581433530951e-08,0.17292534814520638,0.79889995012863,25,20,20
38,2141,0.027165608410479804,4.2173468392454326e-08,0.1739342608639097,0.7989000885521407,25,20,20
38,2142,0.027165608410434805,4.217371297642385e-08,0.1735167150296253,0.7993176343862253,25,20,20
38,2143,0.02716560804366509,4.214696020690636e-08,0.17351685440003223,0.7993174954093416,25,20,20
38,2144,0.02716560804366509,4.214696020822646e-08,0.1735167739306742,0.7993175758787,25,20,20
38,2145,0.02716560804366513,4.214696449676221e-08,0.17352143610553444,0.7993129137038353,25,20,20
38,2146,0.027165608043665076,4.214696449414438e-08,0.17352143327122296,0.7993129165381468,25,20,20
38,2147,0.027165608043665062,4.214696456681832e-08,0.17352146923502335,0.7993128805743462,25,20,20
38,2148,0.027165608043665003,4.214696027698482e-08,0.17351676708672728,0.7993175827226467,25,20,20
38,2149,0.027165608043664205,4.214696027566412e-08,0.17351003247280528,0.7993243173365697,25,20,20
38,2150,0.027165608043664163,4.214696012774621e-08,0.173505049148968,0.7993293006604073,25,20,20
38,2151,0.027165608046249984,4.2147208107514686e-08,0.1736539084379119,0.7991804413686294,25,20,20
38,2152,0.02716560804624679,4.214720381768157e-08,0.17364931870619396,0.7991850311003549,25,20,20
38,2153,0.027165608046246056,4.214720374309248e-08,0.17327620137957328,0.7995581484269764,25,20,20
38,2154,0.02716560804624925,4.214720381836141e-08,0.17327628388751612,0.7995580659190302,25,20,20
38,2155,0.027165608035868316,4.214719945453001e-08,0.17327156433805724,0.7995627854788746,25,20,20
38,2156,0.02715696762969833,4.162790700667039e-08,0.1732803438705441,0.79956264687185,25,20,20
38,2157,0.027156967629698343,4.1627907005360124e-08,0.1736533820845066,0.7991896086578876,25,20,20
38,2158,0.02715696762969833,4.1627907079344184e-08,0.17328037865592297,0.7995626120864712,25,20,20
38,2159,0.027156967629698384,4.1627907081962026e-08,0.17328038207592036,0.7995626086664737,25,20,20
38,2160,0.02715696762969833,4.1627907080664285e-08,0.1732804930908005,0.7995624976515937,25,20,20
38,2161,0.02715696776723697,4.1628147373671944e-08,0.17328704800026098,0.7995559426043541,25,20,20
38,2162,0.027156967767237025,4.162814744764064e-08,0.17328866900274825,0.7995543216018669,25,20,20
38,2163,0.027156967767237826,4.1628391955030875e-08,0.17329518763447477,0.7995478029698948,25,20,20
38,2164,0.02715722751366656,3.940565946296964e-07,0.17329457545937188,0.7995478029703668,25,20,20
38,2165,0.027157227513666546,3.94056594554428e-07,0.1732944330694971,0.7995479453602417,25,20,20
38,2166,0.027157227513665748,3.9405634997176936e-07,0.173287801520199,0.7995545769097848,25,20,20
38,2167,0.027157227513665706,3.940563457548141e-07,0.17328127809264046,0.7995611003373476,25,20,20
38,2168,0.02715722751107987,3.940560977724739e-07,0.17313079841762943,0.7997115800151923,25,20,20
38,2169,0.02715722751108067,3.940563422934543e-07,0.1731355939446858,0.7997067844878911,25,20,20
38,2170,0.027157227511079882,3.9405610198963276e-07,0.17313546258558246,0.7997069158472355,25,20,20
38,2171,0.0486862959139031,1.8211375919168246e-05,0.1515021922219186,0.7997933004882597,25,20,20
38,2172,0.048686295913903124,1.8211375919170815e-05,0.15150230677588708,0.7997931859342912,25,20,20
38,2173,0.048686295913903124,1.821137567887667e-05,0.15150037738697322,0.7997951153234452,25,20,20
38,2174,0.0486862957659824,1.8211375430003026e-05,0.1514936579818172,0.7998018348767709,25,20,20
38,2175,0.048686295776330775,1.821137567383214e-05,0.15162393486266199,0.799671557985334,25,20,20
38,2176,0.04868629577633391,1.8211375678048005e-05,0.15162701650368712,0.7996684763443015,25,20,20
38,2177,0.048686295776333856,1.821137567804666e-05,0.151627070022622,0.7996684228253668,25,20,20
38,2178,0.048686295776333856,1.8211375678046684e-05,0.15162707059818398,0.7996684222498047,25,20,20
38,2179,0.04868629577633071,1.8211375673755093e-05,0.15162690235382364,0.7996685904941724,25,20,20
38,2180,0.04868629576598234,1.821137542992598e-05,0.15149662547297882,0.7997988673856095,25,20,20
38,2181,0.04868629576598553,1.8211375434217134e-05,0.1515013290538882,0.7997941638046927,25,20,20
38,2182,0.04868629576598552,1.821137543421842e-05,0.15150594783189417,0.7997895450266869,25,20,20
38,2183,0.04868629576598546,1.821137543421711e-05,0.1512395996794166,0.8000558931791644,25,20,20
38,2184,0.04868629576598546,1.821137543414053e-05,0.15123489842108997,0.800060594437491,25,20,20
38,2185,0.048686295765985516,1.8211375434066562e-05,0.15123640551550574,0.8000590873430754,25,20,20
38,2186,0.07040259100834557,1.8211378692324107e-05,0.12952034390790318,0.8000588537050594,25,20,20
38,2187,0.07040259100834552,1.821137868803266e-05,0.1295187168596659,0.8000604807533008,25,20,20
38,2188,0.07040259100834552,1.821137868803398e-05,0.12951883075236423,0.8000603668606026,25,20,20
38,2189,0.07048739323573411,1.8211879286670386e-05,0.12943402798250767,0.8000603669024718,25,20,20
38,2190,0.0704873932357341,1.8211879286670386e-05,0.12943861333237489,0.8000557815526047,25,20,20
38,2191,0.07048739324609218,1.8211879286745478e-05,0.12953127871879766,0.7999631161558237,25,20,20
38,2192,0.07048739324608899,1.8211879282454324e-05,0.12952665701901478,0.799967737855614,25,20,20
38,2193,0.07048739324608583,1.821187928245481e-05,0.12952214962284425,0.7999722452517878,25,20,20
38,2194,0.07048739324608587,1.821187928674701e-05,0.12952875483948487,0.7999656400351429,25,20,20
38,2195,0.07048739324608268,1.8211879286745688e-05,0.12952875413472195,0.799965640739909,25,20,20
38,2196,0.07048739324608275,1.821187929103735e-05,0.12952886959430143,0.7999655252803253,25,20,20
38,2197,0.0704873932460827,1.8211879286746216e-05,0.12953090007027085,0.7999634948043601,25,20,20
38,2198,0.07048739324626474,1.8211879286747494e-05,0.12954107217946703,0.7999533226949819,25,20,20
38,2199,0.07048739324626478,1.8211879282531146e-05,0.12954095801336352,0.7999534368610896,25,20,20
38,2200,0.08247237806747715,1.8917771544230318e-05,0.11755523804762039,0.7999534661133585,25,20,20
38,2201,0.08247237806752587,1.8917771544305633e-05,0.11755528242153038,0.7999534217393998,25,20,20
38,2202,0.0824723780675266,1.8917771544380175e-05,0.1179283996382759,0.7995803045226532,25,20,20
38,2203,0.08247237806752974,1.891777154437994e-05,0.1179305742128613,0.7995781299480648,25,20,20
38,2204,0.09376277579047194,1.8211598070018916e-05,0.10664091193991368,0.7995781006715448,25,20,20
38,2205,0.09376277579306666,1.821159807431127e-05,0.10626807922472477,0.7999509333841347,25,20,20
38,2206,0.09376277579047114,1.821159806994567e-05,0.10626779371936237,0.799951218892097,25,20,20
38,2207,0.09376277579051669,1.8211598314005334e-05,0.10636005740512353,0.7998589552060463,25,20,20
38,2208,0.09376277579033779,1.8211598318295352e-05,0.10635302009456421,0.7998659925167803,25,20,20
38,2209,0.09376277579033779,1.8211598318295352e-05,0.10635293821343772,0.7998660743979067,25,20,20
38,2210,0.09376277579033859,1.8211598318444593e-05,0.10635296880695545,0.7998660438043881,25,20,20
38,2211,0.09376277580069596,1.8211598562503445e-05,0.10644526737772597,0.799773745223016,25,20,20
38,2212,0.09376277580069597,1.8211598562426866e-05,0.10644064801146612,0.799778364589276,25,20,20
38,2213,0.09376277579033793,1.8211598562351772e-05,0.10634795064860889,0.7998710619624912,25,20,20
38,2214,0.09376610313065145,1.8535854890577712e-05,0.10634427024807183,0.7998710907663863,25,20,20
38,2215,0.09376610313323842,1.8535855134393734e-05,0.10647635768212454,0.7997390033295027,25,20,20
38,2216,0.09376610313318968,1.853585513439109e-05,0.10647628073548003,0.7997390802761959,25,20,20
38,2217,0.0937661031331905,1.853585513875651e-05,0.10647802227420038,0.7997373387374701,25,20,20
38,2218,0.09376610313319288,1.853585513439109e-05,0.1064763883666123,0.7997389726450601,25,20,20
38,2219,0.09376254404481438,2.7097612709687028e-05,0.1064714144935078,0.7997389438489677,25,20,20
38,2220,0.09376254404481442,2.7097612714013222e-05,0.10683779560886225,0.7993725627336089,25,20,20
38,2221,0.09376254404481442,2.7097612714014523e-05,0.10683771511516209,0.7993726432273092,25,20,20
38,2222,0.09376254405398415,2.709762503344124e-05,0.11149686812686811,0.7947134901941142,25,20,20
38,2223,0.09376254405398095,2.709762502914861e-05,0.11149370488869403,0.7947166534322957,25,20,20
38,2224,0.09376254405393544,2.7097624789305313e-05,0.11140155539393741,0.7948088029273377,25,20,20
38,2225,0.09376254405393544,2.7097624789379262e-05,0.11140147059777722,0.7948088877234977,25,20,20
38,2226,0.0937625524852995,2.7097625038172876e-05,0.1114088278105661,0.7948015220790962,25,20,20
38,2227,0.0937625524852995,2.7097625038172896e-05,0.11140882784518338,0.7948015220444787,25,20,20
38,2228,0.09376254405393544,2.7097624789304015e-05,0.11140152065034081,0.7948088376709344,25,20,20
38,2229,0.09376254405393615,2.7097624789270527e-05,0.11103077744554594,0.7951795808757283,25,20,20
38,2230,0.09376254405393619,2.7097624789271824e-05,0.11103738387197212,0.7951729744493021,25,20,20
38,2231,0.09376254405393619,2.7097624789271824e-05,0.11103738478465493,0.7951729735366192,25,20,20
38,2232,0.09376254405397853,2.7097638724284436e-05,0.11104733382257999,0.7951630244847168,25,20,20
38,2233,0.0937625440539786,2.7097638724283142e-05,0.11104263408953492,0.7951677242177619,25,20,20
38,2234,0.07292674359488624,0.0009439278361079686,0.13096978708610432,0.7951595414829014,25,20,20
38,2235,0.07292674359488945,0.0009439278361079698,0.13096982646695968,0.7951595021020428,25,20,20
38,2236,0.07292674359488949,0.0009439278361079683,0.13096332906790348,0.7951659995010989,25,20,20
38,2237,0.07292674359488949,0.0009439278361079696,0.13096336295458313,0.7951659656144193,25,20,20
38,2238,0.07292674359488943,0.0009439278361079711,0.1309633343924641,0.7951659941765383,25,20,20
38,2239,0.07292671717067849,0.0010218639077052092,0.13088542247040386,0.795165996451212,25,20,20
38,2240,0.07292671717067854,0.0010218639077052844,0.13088550554909642,0.7951659133725193,25,20,20
38,2241,0.09119212202739232,0.001021863910446834,0.11262010072263727,0.795165913339523,25,20,20
38,2242,0.09119212202734676,0.0010218638965076065,0.11260786227272607,0.7951781518034191,25,20,20
38,2243,0.1033806823681919,0.0010218628452755946,0.1004193348262466,0.7951781199602851,25,20,20
38,2244,0.10338068236819592,0.0010218628452799622,0.10042594157853085,0.7951715132079926,25,20,20
38,2245,0.10338068236819511,0.0010218628452756695,0.10042357161336359,0.7951738831731651,25,20,20
38,2246,0.10338068236819833,0.0010218628452800362,0.10042214641784712,0.7951753083686742,25,20,20
38,2247,0.10338068236819835,0.0010218628452800373,0.10051435775972051,0.7950830970268009,25,20,20
38,2248,0.10338068236819829,0.0010218628452757456,0.10051416110072849,0.7950832936857972,25,20,20
38,2249,0.10338068236819824,0.0010218628452800373,0.10051435625679274,0.7950830985297287,25,20,20
38,2250,0.10338068236819903,0.001021862845519578,0.10064368289296732,0.7949537718933137,25,20,20
38,2251,0.10338068236819899,0.001021862845519652,0.10064368345362679,0.7949537713326542,25,20,20
38,2252,0.10338068236819897,0.0010218628455195768,0.10055147012106533,0.7950459846652157,25,20,20
38,2253,0.10338068236819897,0.0010218628455195755,0.10055139013055056,0.7950460646557305,25,20,20
38,2254,0.10338068235902612,0.0010218628332001477,0.09589685447548843,0.7997006003322851,25,20,20
38,2255,0.10338068235902616,0.001021862833200223,0.09589847754919527,0.7996989772585781,25,20,20
38,2256,0.10338068235643914,0.0010218628329606233,0.09576642805244917,0.799831026758151,25,20,20
38,2257,0.10353730778356644,0.0010218224399343467,0.09560994183420156,0.7998309279422975,25,20,20
38,2258,0.10353730778356324,0.0010218224399344959,0.09561453406007678,0.7998263357164255,25,20,20
38,2259,0.10283604684750752,8.719787517273158e-05,0.09731615400738891,0.7997606012699306,25,20,20
38,2260,0.10283604684750751,8.719787516843911e-05,0.09731145242854992,0.799765302848774,25,20,20
38,2261,0.10283604685007551,8.719787516858812e-05,0.097735550853625,0.7993412044211305,25,20,20
38,2262,0.10283604685007472,8.719787492475702e-05,0.09760602767385528,0.7994707276011449,25,20,20
38,2263,0.10283907697663949,8.718121872009235e-05,0.09761548166553592,0.7994582601391039,25,20,20
38,2264,0.10283907697407146,8.718121871994205e-05,0.09719600567359667,0.7998777361336116,25,20,20
38,2265,0.10283907697407146,8.718121871994075e-05,0.09719597178691693,0.799877770020291,25,20,20
38,2266,0.10290333079022965,8.741480585103533e-05,0.0971314453200116,0.7998778090839075,25,20,20
38,2267,0.10290333079045492,8.741480585532808e-05,0.0971338322128544,0.7998754221908349,25,20,20
38,2268,0.10290333079045565,8.741480585532809e-05,0.09713573583173407,0.7998735185719547,25,20,20
38,2269,0.10290333079045538,8.74148058580456e-05,0.11109900350395722,0.785910250899729,25,20,20
38,2270,0.09290799836996752,8.718134418019914e-05,0.12109460844619174,0.78591021183966,25,20,20
38,2271,0.10189957703328048,8.718124307704626e-05,0.11210283995700575,0.7859104017666363,25,20,20
38,2272,0.10163370058092569,8.718122979410528e-05,0.11236860254440716,0.7859105156448727,25,20,20
38,2273,0.1016337007518888,8.718141348104719e-05,0.12915407857523006,0.7691250392594009,25,20,20
38,2274,0.10163370075188885,8.718141348539866e-05,0.12928348625422395,0.7689956315804026,25,20,20
38,2275,0.10163370075188885,8.718141348554821e-05,0.12954511570032237,0.7687340021343041,25,20,20
38,2276,0.10163370075189172,8.718141348940518e-05,0.13420398300032313,0.7640751348342966,25,20,20
38,2277,0.10257805305614459,8.71813889192199e-05,0.13325982065270747,0.7640749449022296,25,20,20
38,2278,0.10257805305614459,8.718138891907166e-05,0.1329935167494705,0.7643412488054666,25,20,20
38,2279,0.10348527198811924,3.3477806945977475e-08,0.13217344801018935,0.7643412465238855,25,20,20
38,2280,0.10348527198811919,3.3477802655050965e-08,0.13216695595175573,0.7643477385823235,25,20,20
38,2281,0.10348527198811919,3.3477802653753224e-08,0.132166989345774,0.7643477051883052,25,20,20
38,2282,0.09724306903651767,3.3776774264096376e-08,0.13840915123127653,0.7643477459554326,25,20,20
38,2283,0.09724306903651775,3.377676997506859e-08,0.13841373205285312,0.7643431651338602,25,20,20
38,2284,0.09724306903667208,3.3776976377746914e-08,0.14466379421432307,0.7580931029720294,25,20,20
38,2285,0.09723906668752075,4.034366821784542e-05,0.1446274861624777,0.7580931034817848,25,20,20
38,2286,0.09723906668770288,4.0343668217919375e-05,0.1446321091350615,0.7580884805090189,25,20,20
38,2287,0.09723906668770288,4.034366821792067e-05,0.1446351881781765,0.7580854014659039,25,20,20
38,2288,0.0972390666773447,4.034366797371128e-05,0.14454274458910907,0.7581778450655736,25,20,20
38,2289,0.09723906682426015,4.034368162824486e-05,0.13853045907096598,0.7641901304231467,25,20,20
38,2290,0.0972390655083174,2.7712205398316244e-08,0.13857077688424113,0.764190129895237,25,20,20
38,2291,0.09723906550808895,2.771220110559642e-08,0.13857062876274903,0.7641902780169617,25,20,20
38,2292,0.09723906536102002,2.769834446206174e-08,0.13833522275408072,0.7644256841865557,25,20,20
38,2293,0.09723906536101996,2.7698344386770452e-08,0.13833514026107407,0.7644257666795624,25,20,20
38,2294,0.09723906536101995,2.769834438545035e-08,0.1383351402257564,0.7644257667148803,25,20,20
38,2295,0.0972390653610199,2.7698348674478138e-08,0.13833055940417982,0.7644303475364527,25,20,20
38,2296,0.09723906536101987,2.7698348747128653e-08,0.1383283082777479,0.7644325986628844,25,20,20
38,2297,0.09723906537133206,2.7698587451305467e-08,0.13859230282541563,0.7641686041046658,25,20,20
38,2298,0.09723906537133206,2.7698587527885643e-08,0.13859700407280184,0.7641639028572795,25,20,20
38,2299,0.09723906537133217,2.7698587527908655e-08,0.13860173944235699,0.7641591674877246,25,20,20
38,2300,0.09723906537150988,2.7712494541297936e-08,0.13868756047747013,0.764073346438527,25,20,20
38,2301,0.09723906537155516,2.7712494541293664e-08,0.13881286309899138,0.7639480438169604,25,20,20
38,2302,0.097239678373739,2.7528884207122267e-08,0.14805689802357283,0.7547033960738052,25,20,20
38,2303,0.09723967837373905,2.752888428109305e-08,0.1480569520753313,0.7547033420220467,25,20,20
38,2304,0.09723967837355735,2.751497297546823e-08,0.14796463959972547,0.7547956545117455,25,20,20
38,2305,0.09638319597991912,0.014518578920553537,0.13430182303498306,0.7547964020645455,25,20,20
38,2306,0.09642248780228588,0.01451857892564342,0.11969782628237534,0.7693611069896967,25,20,20
38,2307,0.09642248780228588,0.01451857892564342,0.11969794071723232,0.7693609925548398,25,20,20
38,2308,0.09637174592056232,0.039981008089251646,0.09428700098395643,0.7693602450062305,25,20,20
38,2309,0.09637174592056225,0.03998100808924736,0.09428688771943083,0.76936035827076,25,20,20
38,2310,0.09637174592058009,0.038761095024376864,0.09550680078445303,0.7693603582705903,25,20,20
38,2311,0.09637174592058009,0.03876109502437258,0.0953819805329021,0.7694851785221455,25,20,20
38,2312,0.06427122216901962,0.03876122654876358,0.12748219786493997,0.7694853534172775,25,20,20
38,2313,0.0642712221690196,0.0387612265487635,0.1274821110027473,0.7694854402794701,25,20,20
38,2314,0.0642712221690196,0.0387612265487635,0.1274774913789319,0.7694900599032855,25,20,20
38,2315,0.08433769423415054,0.03876109473631086,0.10741131319745426,0.7694898978320849,25,20,20
38,2316,0.08429781855651142,0.03876109473136076,0.08739127738260356,0.7895498093295242,25,20,20
38,2317,0.0842978185564797,0.00027239005564773616,0.12587998206373632,0.7895498093241364,25,20,20
38,2318,0.10042113384593454,0.000272389849498983,0.10975678087649442,0.7895496954280721,25,20,20
38,2319,0.10042113384593454,0.0002723898494989077,0.10975673835914171,0.7895497379454247,25,20,20
38,2320,0.10042113384593535,0.000272389849498983,0.10975890359263415,0.7895475727119313,25,20,20
38,2321,0.10042113384593536,0.00027238984950319885,0.10976357869604661,0.7895428976085147,25,20,20
38,2322,0.10042113384593536,0.0002723898494989085,0.10976357415180246,0.789542902152763,25,20,20
38,2323,0.10042113384593537,0.00027238984949883586,0.10976349510414624,0.7895429812004194,25,20,20
38,2324,0.1004211338459354,0.0002723898494987593,0.1097590238426674,0.7895474524618984,25,20,20
38,2325,0.10042113384593615,0.0002723898495063428,0.11441766437001592,0.7848888119345415,25,20,20
38,2326,0.10042113384593615,0.0002723898495063428,0.11441762638353697,0.7848888499210205,25,20,20
38,2327,0.1004211338459361,0.0002723898495062688,0.11441300557215346,0.7848934707324041,25,20,20
38,2328,0.10042113384611502,0.0002723898495104852,0.11441311881439488,0.7848933574899795,25,20,20
38,2329,0.1004211338462964,0.0002723906377410567,0.11474291065539217,0.7845635648605702,25,20,20
38,2330,0.10042113384642123,7.154112677973656e-06,0.11500814699617753,0.7845635650447228,25,20,20
38,2331,0.1004211338361082,7.1541124350533675e-06,0.1147418958205059,0.7848298162309506,25,20,20
38,2332,0.1004211338361082,7.1541124351286145e-06,0.11474197778934553,0.7848297342621109,25,20,20
38,2333,0.10042113383865806,7.1541126840134e-06,0.11461677564681168,0.7849549364018462,25,20,20
38,2334,0.1004211344111034,7.154126172024655e-06,0.11592389612782124,0.783647815334903,25,20,20
38,2335,0.10042113441110344,7.154126171950683e-06,0.11592378298238622,0.7836479284803382,25,20,20
38,2336,0.10042139816836912,7.16628501630692e-06,0.1159235070662754,0.7836479284803403,25,20,20
38,2337,0.10042139816818697,7.166285012014008e-06,0.11592342376359195,0.78364801178321,25,20,20
38,2338,0.10042139816559237,7.166294851917155e-06,0.12697703413260145,0.7725944014069551,25,20,20
38,2339,0.0845493455840155,7.190239426171366e-06,0.14284900520176388,0.7725944589747951,25,20,20
38,2340,0.08454934558401886,7.190251190457266e-06,0.149094174239696,0.7663492899250953,25,20,20
38,2341,0.08164950203020079,3.88405487809759e-05,0.15195982012388481,0.7663518372971343,25,20,20
38,2342,0.08164950203001935,3.8839760550329094e-05,0.15162994577978325,0.7666817124296479,25,20,20
38,2343,0.08164950203001854,3.883976055025511e-05,0.151627668109065,0.766683990100367,25,20,20
38,2344,0.08164950203001517,3.883974878167935e-05,0.14537779690732888,0.7729338613138751,25,20,20
38,2345,0.08165869459874385,3.883974900221292e-05,0.14536860433733512,0.7729338613149196,25,20,20
38,2346,0.08165869459874385,3.8839749002212966e-05,0.14536868281937598,0.7729337828328785,25,20,20
38,2347,0.08165843308506984,0.0141845167358806,0.13122326723224365,0.7729337829468064,25,20,20
38,2348,0.08165843308506979,0.014184516735884887,0.13122796794916256,0.7729290822298832,25,20,20
38,2349,0.08165843308507298,0.01418451673588918,0.1312280841783503,0.7729289660006878,25,20,20
38,2350,0.08165843308507377,0.014184516735889252,0.13122820132624116,0.772928848852796,25,20,20
38,2351,0.0907191063268913,0.014152866923104407,0.12220177765253522,0.7729262490974692,25,20,20
38,2352,0.09071910632689378,0.014152866923096825,0.11754615784216911,0.7775818689078404,25,20,20
38,2353,0.09071910632946512,0.014152866923339167,0.11791921499939098,0.7772088117478049,25,20,20
38,2354,0.09071910575720134,0.014152866923749568,0.11674168846322941,0.7783863388558195,25,20,20
38,2355,0.09071922248123339,0.014145716073158343,0.11674812693776683,0.7783869345078415,25,20,20
38,2356,0.09071922248123658,0.014145716087097646,0.11676044591761425,0.7783746155140515,25,20,20
38,2357,0.09071919316354193,0.014145716086886966,0.11175821669395443,0.7833768740556166,25,20,20
38,2358,0.09071919316354193,0.014145716086886964,0.11175821668367929,0.7833768740658923,25,20,20
38,2359,0.052781165199171684,0.014145761598701765,0.14969619900193482,0.7833768742001921,25,20,20
38,2360,0.052781165199171684,0.014145761598701689,0.14969611653394727,0.7833769566681796,25,20,20
38,2361,0.052781165199171746,0.014145761598705979,0.1497007062264077,0.7833723669757149,25,20,20
38,2362,0.052781165199171746,0.014145761598705979,0.14970066882934072,0.7833724043727816,25,20,20
38,2363,0.05278116519917173,0.014145761598705979,0.14970257172924317,0.7833705014728792,25,20,20
38,2364,0.05278116519921121,0.014145761611029161,0.15436163314912052,0.7787114400406392,25,20,20
38,2365,0.05278116519921153,0.014145761611025381,0.14970433469575972,0.7833687384940033,25,20,20
38,2366,0.05278116519920835,0.014145761611025456,0.1497011144489505,0.7833719587408158,25,20,20
38,2367,0.05278116519902703,0.014145761611025454,0.14970298263153536,0.7833700905584121,25,20,20
38,2368,0.0527811651964557,0.014145761610783111,0.1493299588929409,0.7837431142998202,25,20,20
38,2369,0.0527811651964557,0.01414576161078326,0.1497029480183776,0.7833701251743839,25,20,20
38,2370,0.05278116519645575,0.014145761610787627,0.14970522608492223,0.7833678471078348,25,20,20
38,2371,0.05278116520677182,0.014145761610791816,0.14997191635463186,0.7831011568278047,25,20,20
38,2372,0.05278119590986677,0.014145802832611756,0.1534334009663464,0.7796396002911753,25,20,20
38,2373,0.05278124747581861,0.013379871488039192,0.15419928075300415,0.7796396002831384,25,20,20
38,2374,0.05278124747581856,0.01337987148803505,0.15456768018598044,0.7792712008501661,25,20,20
38,2375,0.05278124746550244,0.013379871488030784,0.1543009108434418,0.7795379702030252,25,20,20
38,2376,0.05278124746549926,0.013379871488030706,0.15429957186734874,0.7795393091791215,25,20,20
38,2377,0.05278124746549932,0.013379871488026565,0.15429714739652053,0.7795417336499537,25,20,20
38,2378,0.05278124746549933,0.013379871488026414,0.15429727723650916,0.7795416038099653,25,20,20
38,2379,0.05278124746549931,0.013379871488026414,0.1542972418503984,0.7795416391960758,25,20,20
38,2380,0.05278124747587883,0.013379871488026562,0.15430743902475982,0.7795314420113347,25,20,20
38,2381,0.05278124747592436,0.013379871488026636,0.15431409258346074,0.7795247884525881,25,20,20
38,2382,0.052781247475887326,0.013379871475703378,0.14965505706672513,0.7841838239816841,25,20,20
38,2383,0.05278124747588727,0.01337987147594797,0.14965978290325857,0.7841790981449062,25,20,20
38,2384,0.05676006167014405,0.013379992370402499,0.145680847710136,0.7841790982493173,25,20,20
38,2385,0.05676006167009856,0.013379992370402423,0.14567434363753987,0.784185602321959,25,20,20
38,2386,0.05121258878061416,0.013380083477175755,0.15122172566053146,0.7841856020816784,25,20,20
38,2387,0.06334545972041802,0.013380082975195419,0.13908885643048813,0.7841856008738983,25,20,20
38,2388,0.06334545972041485,0.013380082961260406,0.1390831413853337,0.784191315932991,25,20,20
38,2389,0.06334545972041482,0.013380082961256116,0.1390766173586754,0.7841978399596538,25,20,20
38,2390,0.06334535031710727,0.013507897846851514,0.13894950771155057,0.7841972441244915,25,20,20
38,2391,0.07949964861430031,0.01350787425505978,0.12279529054346966,0.784197186587171,25,20,20
38,2392,0.07949964861430031,0.013507874255059855,0.12280189473242535,0.7841905823982154,25,20,20
38,2393,0.07949964861430349,0.013507874255304515,0.12280179367572742,0.7841906834546655,25,20,20
38,2394,0.0794996486144856,0.013507874255304666,0.1228017289313795,0.7841907481988311,25,20,20
38,2395,0.07949964861448237,0.013507874255300372,0.12280153365882725,0.7841909434713905,25,20,20
38,2396,0.05424963833585718,0.013507896776099836,0.14793521294419054,0.7843072519438532,25,20,20
38,2397,0.054249638335857185,0.013507896776095542,0.147933015983443,0.784309448904605,25,20,20
38,2398,0.05424963833567506,0.013507896776095468,0.14793945496003777,0.7843030099281925,25,20,20
38,2399,0.054249638335674255,0.013507896776095395,0.14793945414347764,0.7843030107447534,25,20,20
38,2400,0.054249669128549075,0.013380489163620885,0.1480668306635363,0.7843030110442943,25,20,20
38,2401,0.054249669128549026,0.01338048916362081,0.14806680362763322,0.7843030380801974,25,20,20
38,2402,0.054249669128549026,0.013380489163620812,0.14806691747682466,0.7843029242310058,25,20,20
38,2403,0.0542496692592049,0.013380489176150883,0.15274163899893228,0.7796282025657123,25,20,20
38,2404,0.05424966924882537,0.013380489176150732,0.15273144037748487,0.7796384011975394,25,20,20
38,2405,0.05424966924882537,0.013380489176150732,0.15273144037748487,0.7796384011975394,25,20,20
38,2406,0.054764244396205856,0.013380083469751756,0.1522162393063445,0.7796394328276981,25,20,20
38,2407,0.054764244396205815,0.013380083469751607,0.1522140765879631,0.7796415955460796,25,20,20
38,2408,0.054764244396205794,0.013380083469751685,0.15221396095042722,0.7796417111836155,25,20,20
38,2409,0.05476424439866277,0.013380083482075028,0.15687273231623838,0.774982939803024,25,20,20
38,2410,0.05476421369538632,0.013380042246356678,0.1532816646875382,0.778574079370719,25,20,20
38,2411,0.054764213564731226,0.01338004223383097,0.14861164333761545,0.7832441008638226,25,20,20
38,2412,0.05476421356473202,0.013380042233830897,0.14861165907254628,0.7832440851288909,25,20,20
38,2413,0.054764213564732815,0.013380042233830896,0.1486182792169006,0.7832374649845357,25,20,20
38,2414,0.05476421356473202,0.01338004223383097,0.14861624643605406,0.783239497765383,25,20,20
38,2415,0.05476421356473202,0.01338004223383097,0.14860975609744553,0.7832459881039915,25,20,20
38,2416,0.05476421356473203,0.013380042233830897,0.14860733241390184,0.7832484117875353,25,20,20
38,2417,0.05476421356473203,0.013380042233830823,0.14860073024141163,0.7832550139600255,25,20,20
38,2418,0.05476421356473141,0.013380042223742032,0.13754230908682966,0.794313435124697,25,20,20
38,2419,0.054764213562274434,0.013380042211418686,0.13288344981040526,0.7989722944159016,25,20,20
38,2420,0.05476421356245657,0.01338004221141876,0.13288348459422478,0.7989722596318998,25,20,20
38,2421,0.054764213562453395,0.013380042211174104,0.13287685504355476,0.7989788891828177,25,20,20
38,2422,0.054249600374094965,0.013380047292106829,0.13339249508168916,0.7989778572521089,25,20,20
38,2423,0.054249600374094965,0.013380047292106827,0.13339249509176695,0.7989778572420312,25,20,20
38,2424,0.05424960037409576,0.013380047292349172,0.1337655031290033,0.7986048492045518,25,20,20
38,2425,0.05424960037409574,0.013380047292349095,0.1337589008837849,0.7986114514497703,25,20,20
38,2426,0.054249600389580675,0.013380042905899532,0.1337589052547482,0.7986114514497723,25,20,20
38,2427,0.054249600389580675,0.013380042905899607,0.13375898574964407,0.7986113709548763,25,20,20
38,2428,0.05424960038958073,0.013380042905903824,0.13375909994043167,0.7986112567640845,25,20,20
38,2429,0.05428072476688377,0.013421421109555232,0.13348817289873455,0.7988096812248271,25,20,20
38,2430,0.05428072476688696,0.013421421109559526,0.13348828770150553,0.7988095664220488,25,20,20
38,2431,0.054280725491924,0.013421900209682185,0.13348780787623565,0.7988095664221588,25,20,20
38,2432,0.054280725491924,0.013421900209682185,0.13348778082590962,0.7988095934724848,25,20,20
38,2433,0.054280725492105324,0.01342190020969069,0.13312126977324143,0.7991761045249632,25,20,20
38,2434,0.05428076491474177,0.013421419868732012,0.13312171068612189,0.799176104530405,25,20,20
38,2435,0.05428076491474177,0.013421419868731861,0.1327486077014159,0.7995492075151109,25,20,20
38,2436,0.054280764914740987,0.013421419868493855,0.13264181849702505,0.7996559967197405,25,20,20
38,2437,0.05428076491474093,0.013421419868489565,0.13264164831298825,0.7996561669037817,25,20,20
38,2438,0.05428076491474407,0.013421419868733624,0.13273390501118276,0.7995639102053399,25,20,20
38,2439,0.05428076491474412,0.013421419868733702,0.1327340183064109,0.7995637969101115,25,20,20
38,2440,0.05427026740358858,0.013421419516165083,0.13274451451968608,0.7995637985605606,25,20,20
38,2441,0.05427026740358933,0.013421419516409603,0.13274923412912135,0.7995590789508801,25,20,20
38,2442,0.054256427674825386,0.013379788681049895,0.13300312911203974,0.7993606545320856,25,20,20
38,2443,0.054256427674825386,0.013379788681049895,0.13300305323930592,0.7993607304048193,25,20,20
38,2444,0.05425658573074506,3.201132833177608e-07,0.14638236384988024,0.7993607303060918,25,20,20
38,2445,0.05425658573060133,3.2011348957126345e-07,0.1526320485745842,0.7931110455813254,25,20,20
38,2446,0.054256585740943455,3.2011328753480166e-07,0.14638855593206512,0.7993545382137043,25,20,20
38,2447,0.054256585740943455,3.2011328760875976e-07,0.14639513363618462,0.7993479605095846,25,20,20
38,2448,0.05425658574094031,3.2011328339240545e-07,0.14639963906910894,0.7993434550766676,25,20,20
38,2449,0.05425658574093713,3.201130394075999e-07,0.14630745826979336,0.7994356358762303,25,20,20
38,2450,0.0782945743002352,2.986314907350727e-07,0.12238043358243507,0.7993246934858395,25,20,20
38,2451,0.07829457444767345,2.9864538655056076e-07,0.12251772009701027,0.7991874068099304,25,20,20
38,2452,0.0782779110121798,2.98144144517861e-07,0.12253438405393746,0.7991874067897391,25,20,20
38,2453,0.07827791101217986,2.9814414887339045e-07,0.12262665739285933,0.7990951334508126,25,20,20
38,2454,0.07827791101217986,2.9814414897135987e-07,0.13659652400535294,0.7851252668383191,25,20,20
38,2455,0.07827791101217987,2.9814415021910764e-07,0.15030005809227615,0.7714217327513946,25,20,20
38,2456,0.07827791086474162,2.981302544775683e-07,0.15016288544244974,0.771558905562555,25,20,20
38,2457,0.0782779192472991,2.981441172216835e-07,0.13643362856918828,0.7852881540393962,25,20,20
38,2458,0.0782779192472991,2.981441172229912e-07,0.13644011747137216,0.7852816651372123,25,20,20
38,2459,0.0782779192472999,2.981441215144621e-07,0.1364351382805127,0.7852866443280666,25,20,20
38,2460,0.07827791924734538,2.981441215157557e-07,0.13643733700048633,0.7852844456080476,25,20,20
38,2461,0.07827791924739085,2.981441172354909e-07,0.13634731642335404,0.7853744661851387,25,20,20
38,2462,0.07827791924757005,2.9815777476997496e-07,0.13646144895218887,0.7852603336424671,25,20,20
38,2463,0.0782779192475701,2.981577747700205e-07,0.136463150564833,0.7852586320298226,25,20,20
38,2464,0.07828717771470953,2.943642790686529e-07,0.13645389589664586,0.785258632024366,25,20,20
38,2465,0.07828717771471273,2.94364279069948e-07,0.13645549108889832,0.7852570368321102,25,20,20
38,2466,0.07828717771453035,2.943503769418325e-07,0.13633663953545572,0.7853758883996373,25,20,20
38,2467,0.07828717771434988,2.943503684399248e-07,0.13596354624496082,0.7857489816903211,25,20,20
38,2468,0.07924224481956195,3.4784826511166916e-06,0.13499776820984385,0.7857565084879434,25,20,20
38,2469,0.07924224481956195,3.4784828934567463e-06,0.13536861252766666,0.7853856641698782,25,20,20
38,2470,0.07923417770517163,3.5927473866955585e-06,0.13537656537755763,0.785385664169884,25,20,20
38,2471,0.07834219058282633,4.349470901295685e-07,0.13627911157596162,0.7853782628941228,25,20,20
38,2472,0.07834219058282554,4.3494708576413873e-07,0.13627748801000655,0.7853798864600828,25,20,20
38,2473,0.07834219058282556,4.349470900542319e-07,0.1362797385583673,0.7853776359117178,25,20,20
38,2474,0.07834219058278002,4.349470899776927e-07,0.13627745803615465,0.7853799164339759,25,20,20
38,2475,0.07834114226731372,3.254734398746062e-07,0.13627861546106496,0.7853799167981822,25,20,20
38,2476,0.0783411422673137,3.254731975332528e-07,0.1359056074285906,0.7857529248308984,25,20,20
38,2477,0.07834114241523212,3.254729615187194e-07,0.13590802196251103,0.7857505101492955,25,20,20
38,2478,0.07834095915855038,3.213562328817813e-07,0.1359082097002303,0.7857505097849865,25,20,20
38,2479,0.07893214489193792,1.3970686090942656e-05,0.13530337428546205,0.7857505101365095,25,20,20
38,2480,0.07893214489175587,1.3970686086625153e-05,0.1355630993012897,0.7854907851208682,25,20,20
38,2481,0.07893214488137533,1.3970686082257597e-05,0.1355567589353734,0.7854971254971693,25,20,20
38,2482,0.07893213649881783,1.3970672214003172e-05,0.13531626501737648,0.7857376278115918,25,20,20
38,2483,0.07893213649881864,1.3970672214078402e-05,0.13532286933075213,0.7857310234982154,25,20,20
38,2484,0.07893213649885705,1.3970672214066446e-05,0.14156613583003488,0.7794877569988944,25,20,20
38,2485,0.07893213650157023,1.3970672457019776e-05,0.1418370474057582,0.7792168454202149,25,20,20
38,2486,0.07893213650157103,1.3970672457021072e-05,0.1418437820095787,0.7792101108163937,25,20,20
38,2487,0.07893213650157023,1.397067245265598e-05,0.1418391923098839,0.7792147005160934,25,20,20
38,2488,0.07893213649881153,1.3970672454236175e-05,0.14156835986996874,0.7794855329587657,25,20,20
38,2489,0.07893213649880834,1.3970672454234859e-05,0.14156673186936333,0.7794871609593741,25,20,20
38,2490,0.07893213650006534,1.3970674138154772e-05,0.17672150560434566,0.7443323872214508,25,20,20
38,2491,0.07893213650006613,1.3970674142331106e-05,0.1770945267172246,0.7439593661085669,25,20,20
38,2492,0.07897063987459876,1.3970951770709797e-05,0.16784590881928044,0.7531694803543502,25,20,20
38,2493,0.053615456066447714,1.3971208027769675e-05,0.19320105858739212,0.7531695141381318,25,20,20
38,2494,0.03956745463537501,1.3971469294539234e-05,0.2072336003641635,0.7531849735311665,25,20,20
38,2495,0.039567454635378196,1.3971469294539258e-05,0.20723530056854458,0.7531832733267823,25,20,20
38,2496,0.03956745463537824,1.3971469049931769e-05,0.20723294305385054,0.7531856308417209,25,20,20
38,2497,0.03956745463537745,1.3971469049857833e-05,0.20722633948029043,0.7531922344152818,25,20,20
38,2498,0.039567454782189156,1.3971483129373893e-05,0.20753290839587443,0.7528856653388067,25,20,20
38,2499,0.03956745478218835,1.3971483129373871e-05,0.20752617575506796,0.752892397979614,25,20,20
38,2500,0.03956745478219001,1.3971483129353822e-05,0.19356299839715835,0.766855575337522,25,20,20
38,2501,0.07883653198196391,1.4256460388407006e-05,0.1543091067869646,0.7668401047706833,25,20,20
38,2502,0.07883653198196386,1.425646038855654e-05,0.15457373554571383,0.7665754760119339,25,20,20
38,2503,0.07867884236576751,1.7519300529735279e-06,0.15474386901550907,0.7665755366886705,25,20,20
38,2504,0.07867884236576744,1.7519300487104763e-06,0.15447765018190418,0.7668417555222798,25,20,20
38,2505,0.07867925621937817,1.7916313734161942e-06,0.15378807862592617,0.7675308735233222,25,20,20
38,2506,0.07867925607145897,1.7916313649105346e-06,0.15404716152414294,0.7672717907730332,25,20,20
38,2507,0.07867925607145898,1.7916313649105579e-06,0.15404716349925296,0.7672717887979232,25,20,20
38,2508,0.07922210626488126,1.972100370806415e-06,0.15350419146060204,0.767271730174146,25,20,20
38,2509,0.07922210611806962,1.9720862955819905e-06,0.15319770533185595,0.7675782164637789,25,20,20
38,2510,0.0792221061180728,1.9720862956585576e-06,0.15319778746498636,0.7675781343306453,25,20,20
38,2511,0.07922210611807202,1.972086291408274e-06,0.15282468438320546,0.7679512374124313,25,20,20
38,2512,0.07922210611807204,1.972086291408252e-06,0.1528312893790187,0.7679446324166181,25,20,20
38,2513,0.07922210611807198,1.972086291405634e-06,0.15283128654470737,0.7679446352509295,25,20,20
38,2514,0.07922210611807279,1.972086291480926e-06,0.15283140252448554,0.7679445192711505,25,20,20
38,2515,0.07922210611807284,1.972086291479652e-06,0.15283131653951354,0.7679446052561225,25,20,20
38,2516,0.07922210611806964,1.972086291404359e-06,0.1528378377457235,0.7679380840499158,25,20,20
38,2517,0.07922210611811792,1.9720865337455197e-06,0.15294462742204015,0.7678312943733084,25,20,20
38,2518,0.07986546153826601,1.6865914257612334e-06,0.15230158178848752,0.767831270081821,25,20,20
38,2519,0.07986546153844803,1.6865914214708936e-06,0.1523115856577154,0.7678212662124153,25,20,20
38,2520,0.07986546213011209,1.6865911834200976e-06,0.15194331341913322,0.7681895378595714,25,20,20
38,2521,0.07986546213011211,1.6865911834940686e-06,0.15193678947284062,0.7681960618058641,25,20,20
38,2522,0.07986546213011206,1.68659118349278e-06,0.15193211579374347,0.7682007354849612,25,20,20
38,2523,0.07986546213011136,1.6865911834928033e-06,0.15193208240863162,0.7682007688700736,25,20,20
38,2524,0.07986546213011136,1.6865911834928027e-06,0.1519320833315896,0.7682007679471157,25,20,20
38,2525,0.0798654621442967,0.0008072950734963487,0.151126474834868,0.7682007679473396,25,20,20
38,2526,0.07986546229067291,0.0008072950735005965,0.15155057134989824,0.7677766712859289,25,20,20
38,2527,0.0811997735958652,0.0008072694534850139,0.11442040806242192,0.8035725488882286,25,20,20
38,2528,0.08119977359586918,0.0008072694537330486,0.11454982215624274,0.8034431347941557,25,20,20
38,2529,0.08119977344949283,0.0008072694537288008,0.11412575835818359,0.8038671987385955,25,20,20
38,2530,0.08119935960615048,0.000807229752408367,0.10885617334810896,0.8091372372933331,25,20,20
38,2531,0.08119935961652944,0.0008072297663475967,0.10860216199172106,0.8093912486254027,25,20,20
38,2532,0.08119935961653019,0.0008072297802887571,0.10860913353498163,0.8093842770682003,25,20,20
38,2533,0.08119935961912414,0.0008072297802869771,0.10861445599491189,0.8093789546056778,25,20,20
38,2534,0.08119935961912414,0.0008072297802870509,0.10861453707547303,0.8093788735251165,25,20,20
38,2535,0.08119935903000719,0.0008072297805273699,0.10861209135536747,0.8093813198340986,25,20,20
38,2536,0.08119935903000687,0.0008072297805273681,0.11326995569365071,0.8047234554958156,25,20,20
38,2537,0.08119935902982797,0.0008072297805273667,0.1132645528438787,0.8047288583457666,25,20,20
38,2538,0.08119935902741615,0.0008072297668326466,0.1132589362441054,0.8047344749616464,25,20,20
38,2539,0.08119935902741615,0.0008072297668326466,0.11325893620948807,0.8047344749962636,25,20,20
38,2540,0.08119935902982829,0.0008072297668326412,0.11325956545525939,0.80473384574808,25,20,20
38,2541,0.08119935902982542,0.0008072297668327154,0.10860007996025116,0.8093933312430912,25,20,20
38,2542,0.08119935901944643,0.0008072297528933388,0.10858787332408439,0.8094055379035763,25,20,20
38,2543,0.08119935901944643,0.0008072297528933361,0.10858775897215382,0.8094056522555069,25,20,20
38,2544,0.08119935901944729,0.0008072297667436311,0.10885512536653782,0.8091382858472717,25,20,20
38,2545,0.08119935901944735,0.0008072297667437064,0.10886164710757154,0.8091317641062378,25,20,20
38,2546,0.08119935901685228,0.0008072297664991268,0.10885442787050367,0.8091389833461453,25,20,20
38,2547,0.08119935901685225,0.0008072297664991295,0.1088543899973676,0.8091390212192813,25,20,20
38,2548,0.08119935901685225,0.0008072297664992033,0.1088543894229369,0.8091390217937121,25,20,20
38,2549,0.08119935901493705,1.837427574498468e-06,0.10965978144587071,0.8091390221116181,25,20,20
38,2550,0.08119935989733226,1.621188819009234e-06,0.10959147248551077,0.8092075464283383,25,20,20
38,2551,0.08119935989733545,1.6211888190105312e-06,0.10959147392490129,0.8092075449889444,25,20,20
38,2552,0.08119935989733545,1.6211888190092115e-06,0.10959147251313289,0.8092075464007128,25,20,20
38,2553,0.0811993598973355,1.621188818936538e-06,0.1095915531373091,0.8092074657765366,25,20,20
38,2554,0.08119935989733548,1.6211888188612465e-06,0.10959143723983095,0.8092075816740149,25,20,20
38,2555,0.08119935989733629,1.6211890634447879e-06,0.10959814169673411,0.8092008772168663,25,20,20
38,2556,0.08119935989733629,1.6211890634447656e-06,0.10959810888838123,0.8092009100252191,25,20,20
38,2557,0.0811993598870295,1.6211890591835114e-06,0.10930751005296754,0.8094915088709439,25,20,20
38,2558,0.08116085651128539,1.6209097469612587e-06,0.08340352001033194,0.8354340025686358,25,20,20
38,2559,0.08116085561561981,1.8653577469280167e-06,0.0834718010927372,0.835365477933896,25,20,20
38,2560,0.08116085561562306,1.8653577469293603e-06,0.08347342213374481,0.8353638568928852,25,20,20
38,2561,0.08116085561562626,1.8653579914389303e-06,0.08348001131396696,0.8353572677124155,25,20,20
38,2562,0.081160855615623,1.865357991511558e-06,0.08347847135352064,0.835358807672865,25,20,20
38,2563,0.07007288744792109,2.6676043678564942e-06,0.09457093496764335,0.835353509980068,25,20,20
38,2564,0.070072887448082,2.667604367847742e-06,0.0992303877794511,0.8306940571680993,25,20,20
38,2565,0.0700728874480812,2.667604123264201e-06,0.099223683322548,0.8307007616252479,25,20,20
38,2566,0.039909271547901415,2.7045289079036262e-06,0.12938726218957444,0.8307007617336167,25,20,20
38,2567,0.039909271547901415,2.704528907904946e-06,0.12938726361161793,0.8307007603115731,25,20,20
38,2568,0.03990927154790143,2.7045291524435975e-06,0.1293889181879715,0.830699105734975,25,20,20
38,2569,0.038511259140982725,2.704367645134401e-06,0.1388712018083639,0.8226148346830087,25,20,20
38,2570,0.038511259140982725,2.704367645134401e-06,0.1388712018083639,0.8226148346830087,25,20,20
38,2571,0.03851125914098274,2.7043676451344006e-06,0.13887120384524146,0.8226148326461312,25,20,20
38,2572,0.03909550995564915,1.901082017999596e-06,0.13828782470547682,0.8226147642568564,25,20,20
38,2573,0.03820679676966403,2.8636213389550355e-07,0.13917815498051142,0.8226147618876911,25,20,20
38,2574,0.03820679676966483,2.863621381858206e-07,0.1391783502291839,0.8226145666390136,25,20,20
38,2575,0.023987419960891012,6.810932595344367e-07,0.14759187810394114,0.8284200208419087,25,20,20
38,2576,0.023987419963488014,6.810932638245281e-07,0.14758756820456148,0.828424330738687,25,20,20
38,2577,0.023987419963487955,6.810932638219321e-07,0.14758757300192957,0.8284243259413189,25,20,20
38,2578,0.023987419963488753,6.81093263823253e-07,0.14758973882641374,0.828422160116834,25,20,20
38,2579,0.02398741996353429,6.810932681146348e-07,0.14759210367037737,0.8284197952728205,25,20,20
38,2580,0.02398741996353429,6.810932680419842e-07,0.14759213509502567,0.8284197638481723,25,20,20
38,2581,0.023987419963535043,6.810932679680528e-07,0.1475899741320074,0.8284219248111903,25,20,20
38,2582,0.0239874199635351,6.810932679667547e-07,0.14758994215563537,0.8284219567875623,25,20,20
38,2583,0.023987419963715867,6.810932722306086e-07,0.14771931334581448,0.8282925855971981,25,20,20
38,2584,0.023987419963715825,6.810932723045452e-07,0.14772583564767358,0.8282860632953389,25,20,20
38,2585,0.023987419963715024,6.810932722292618e-07,0.1477215069540903,0.8282903919889232,25,20,20
38,2586,0.0156969159443056,0.007588037195462567,0.153595238843997,0.8231198080162353,25,20,20
38,2587,0.015696915834617672,0.007588036644840708,0.14130720465639135,0.8354078428641506,25,20,20
38,2588,0.0156969158346169,0.0075880366445925974,0.14149344145704013,0.8352216060637503,25,20,20
38,2589,0.015696915832021513,0.007588036644347913,0.1414911178614938,0.8352239296621368,25,20,20
38,2590,0.00992286975502056,3.2246701301233457e-07,0.12368060060975888,0.8663962071682078,25,20,20
38,2591,0.009922869620829475,2.8581104051754677e-07,0.11549006738790941,0.8745867771802207,25,20,20
38,2592,0.00992286962082949,2.8581104059018514e-07,0.11549666951752272,0.8745801750506073,25,20,20
38,2593,0.009922869620647921,2.8581103210997307e-07,0.11537370583548558,0.8747031387328345,25,20,20
38,2594,0.009922869620647123,2.858110321099497e-07,0.11537803033953221,0.8746988142287887,25,20,20
38,2595,0.009922869623217548,2.8579718599251915e-07,0.11548458198952155,0.8745922625900753,25,20,20
38,2596,0.009922869623217548,2.8579694145518804e-07,0.1154829873856039,0.8745938571942372,25,20,20
38,2597,0.009922869623217536,2.8579694153045195e-07,0.11548515038488065,0.8745916941949605,25,20,20
38,2598,0.009922869623214342,2.8579669694695643e-07,0.11547844735894149,0.8745983972211475,25,20,20
38,2599,0.009922869623217537,2.85810638106034e-07,0.11548544735190173,0.8745913972142428,25,20,20
38,2600,0.011028877519839355,3.031316134002766e-07,0.11424530844137028,0.874725510907177,25,20,20
38,2601,0.0013121888304509467,2.6705022186465373e-07,0.12396180412111123,0.8747257399982162,25,20,20
38,2602,0.0013121888304517462,2.670502261557844e-07,0.12396642722129846,0.8747211168980238,25,20,20
38,2603,0.0013121888304509477,2.670502218633795e-07,0.12396172450432003,0.8747258196150074,25,20,20
38,2604,0.0013121888304509334,2.670502217867902e-07,0.12396166394502303,0.8747258801743044,25,20,20
38,2605,0.0013121888304964628,2.670502217880881e-07,0.12396170325670282,0.8747258408625791,25,20,20
38,2606,0.001312188830336392,2.670502260137963e-07,0.11930874106725692,0.8793788030521809,25,20,20
38,2607,0.0013121888303363786,2.670502259385628e-07,0.11930217680870456,0.8793853673107335,25,20,20
38,2608,0.001312188830339573,2.67050225941227e-07,0.11930212387740395,0.8793854202420309,25,20,20
38,2609,0.0013121888303396423,2.670502302326517e-07,0.11930387163760897,0.8793836724818215,25,20,20
38,2610,0.00131218883033963,2.6705023030664603e-07,0.11930387104021768,0.8793836730792127,25,20,20
38,2611,0.0013121888395124883,2.6706254967937674e-07,0.12396296045591734,0.8747245836420217,25,20,20
38,2612,0.0013121888395116908,2.6706255381996866e-07,0.123967433044197,0.8747201110537385,25,20,20
38,2613,0.0013121888396482714,2.6706279839835885e-07,0.1239681240535292,0.874719420044025,25,20,20
38,2614,0.0013121888396027247,2.6706279403191565e-07,0.12396368069156105,0.874723863406043,25,20,20
38,2615,0.0013121888396027245,2.670627940305956e-07,0.1239636786838315,0.8747238654137726,25,20,20
38,2616,0.001312188839648185,2.670630386258065e-07,0.1239666739501561,0.8747208701471579,25,20,20
38,2617,0.00131218883964818,2.670630386253516e-07,0.12397091586993915,0.8747166282273748,25,20,20
38,2618,0.0013121888396473399,2.670630344084189e-07,0.12396443046941708,0.8747231136279021,25,20,20
38,2619,0.0013121888401292604,0.0004037017557942583,0.12356099577623125,0.8747231136278458,25,20,20
38,2620,0.0013121888401260648,0.000403701755794183,0.12356091324394625,0.8747231961601338,25,20,20
38,2621,0.0013121888401556971,0.0004037017557969766,0.13753111853426878,0.8607529908697786,25,20,20
38,2622,0.0013121888401102252,0.0004037017557927596,0.13752613342218528,0.8607579759819118,25,20,20
38,2623,0.001312188840155669,0.00040370175579711106,0.13764941844937792,0.8606346909546694,25,20,20
38,2624,0.001312188840129233,0.0004037017557943201,0.12367929699905286,0.8746048124050237,25,20,20
38,2625,0.001312188840129218,0.0004037017557942462,0.1236792903147672,0.8746048190893095,25,20,20
38,2626,0.0013121888400837586,0.00040370175554543613,0.12367462896024055,0.8746094804441306,25,20,20
38,2627,0.0013121888400805777,0.0004037017555454362,0.12367643769784742,0.8746076717065268,25,20,20
38,2628,0.0013121888400773824,0.0004037017555454349,0.12368301293582164,0.8746010964685557,25,20,20
38,2629,0.0013121888400781673,0.0004037017555454362,0.12367652603162718,0.8746075833727496,25,20,20
38,2630,0.001312188840074973,0.0004037017416042772,0.12366960850547928,0.8746145009128417,25,20,20
38,2631,0.001312188840075085,0.00040370174160856873,0.12366462772654167,0.874619481691775,25,20,20
38,2632,0.0013121888400750997,0.0004037017416086427,0.12366690548594839,0.8746172039323681,25,20,20
38,2633,0.006059663172492465,0.0004037360348954528,0.11891945844087796,0.874617142351734,25,20,20
38,2634,0.006059663172495615,0.00040373603513779477,0.11929030134565749,0.8742462994467091,25,20,20
38,2635,0.006059663172495617,0.0004037360351420864,0.1192904580444321,0.87424614274793,25,20,20
38,2636,0.006059663172495617,0.00040373603514216037,0.11928393632479707,0.8742526644675651,25,20,20
38,2637,0.006059663172495615,0.0004037360351420864,0.1192882629221586,0.8742483378702035,25,20,20
38,2638,0.0060596631725008876,6.13529135967058e-08,0.119691937604438,0.8742483378701474,25,20,20
38,2639,0.006059663172497707,6.135291366935596e-08,0.11969199685542384,0.8742482786191649,25,20,20
38,2640,0.006059663172498492,6.13529179609474e-08,0.11968558711303137,0.8742546883615522,25,20,20
38,2641,0.006059663172498476,6.13529178856549e-08,0.11968558650883254,0.8742546889657511,25,20,20
38,2642,0.006059663172544007,6.135292225074345e-08,0.11969022010694713,0.8742500553675866,25,20,20
38,2643,0.006059663172726128,6.135292654189713e-08,0.11969492396368436,0.8742453515106631,25,20,20
38,2644,0.006059663172726017,6.135292225041267e-08,0.11969330197686548,0.8742469734974863,25,20,20
38,2645,0.006059663172725961,6.135292217512388e-08,0.11969167890315868,0.8742485965711931,25,20,20
38,2646,0.006059663172725961,6.135291788350949e-08,0.11969156412593998,0.8742487113484161,25,20,20
38,2647,0.00605966317272596,6.135291788480723e-08,0.1196915961286919,0.8742486793456642,25,20,20
38,2648,0.00605966317272596,6.135291788353186e-08,0.11969148166922591,0.8742487938051302,25,20,20
38,2649,0.006059663172725961,6.135291780828651e-08,0.11969140004952065,0.8742488754248358,25,20,20
38,2650,0.00605966317268043,6.135291344190021e-08,0.11968665202662693,0.8742536234477792,25,20,20
38,2651,0.006059663172543913,6.135290922738205e-08,0.11968217775951158,0.8742580977150353,25,20,20
38,2652,0.04473544830736535,4.421135121421993e-08,0.08114052305494017,0.8741239844263434,25,20,20
38,2653,0.044735448307319965,4.4211346938059544e-08,0.08101225678972003,0.874252250691613,25,20,20
38,2654,0.044735448307319965,4.4211346939379645e-08,0.08101225820148836,0.8742522492798447,25,20,20
38,2655,0.04473544830732321,4.421134701598954e-08,0.08101396867029868,0.8742505388110312,25,20,20
38,2656,0.04473544830732321,4.421134701466944e-08,0.0810140491396568,0.874250458341673,25,20,20
38,2657,0.044735448307141164,4.4211102434994105e-08,0.08100679713300986,0.8742577103487467,25,20,20
38,2658,0.04473545666180821,4.421285504969893e-08,0.07667528329907061,0.8785892158262663,25,20,20
38,2659,0.04473545666181061,4.4212855049699265e-08,0.07667530841534771,0.8785891907099865,25,20,20
38,2660,0.04473545666181055,4.421285504840154e-08,0.0766752284966951,0.8785892706286391,25,20,20
38,2661,0.04473545666181055,4.421285497572821e-08,0.07667508941172904,0.8785894097136056,25,20,20
38,2662,0.04473545748819156,2.8860486879537914e-07,0.07667484419321774,0.8785894097137218,25,20,20
38,2663,0.044735457488192354,2.8860486458056744e-07,0.07679966229848896,0.8784645916084541,25,20,20
38,2664,0.04473545748814676,2.8860486450397755e-07,0.07679943274550892,0.8784648211614798,25,20,20
38,2665,0.04473545748832773,2.8860486465353504e-07,0.07706611120563064,0.878198142701177,25,20,20
38,2666,0.04473545748575652,2.88604860475965e-07,0.07669219318649279,0.8785720607228903,25,20,20
38,2667,0.044735457485755796,2.8860485619037766e-07,0.11662331356914095,0.8386409403402467,25,20,20
38,2668,0.04473545748575578,2.8860485618778177e-07,0.11662342400807883,0.8386408299013088,25,20,20
38,2669,0.04473545748575578,2.886048562630047e-07,0.11662353843613628,0.8386407154732513,25,20,20
38,2670,0.04473545748580133,2.8860485626432554e-07,0.11663018826787681,0.8386340656414651,25,20,20
38,2671,0.044735457483202665,2.8860485189761045e-07,0.11662788940233478,0.8386363645096098,25,20,20
38,2672,0.044735449119366014,2.8859077983490644e-07,0.11630692741635061,0.8389573348735029,25,20,20
38,2673,0.04486032441768633,2.525959927298273e-07,0.11618208810202446,0.838957334884296,25,20,20
38,2674,0.04486032441768953,2.5259599702095815e-07,0.1161867896853226,0.8389526333009902,25,20,20
38,2675,0.04486032441768948,2.52596239942593e-07,0.11645305911327121,0.8386863638727988,25,20,20
38,2676,0.04486032441768629,2.5259623994239556e-07,0.1165436423713653,0.8385957806147079,25,20,20
38,2677,0.044860324417685504,2.525962398673746e-07,0.11641423660108768,0.8387251863849863,25,20,20
38,2678,0.04486032441768545,2.525962397909621e-07,0.11632194287418321,0.8388174801118908,25,20,20
38,2679,0.044860324417686254,2.525962441576897e-07,0.11632345400291247,0.8388159689831565,25,20,20
38,2680,0.04486032442027261,2.525964898562349e-07,0.11604309610843633,0.8390963268748007,25,20,20
38,2681,0.04486032442027261,2.5259648993019384e-07,0.11604958444052253,0.8390898385427144,25,20,20
38,2682,0.04486032442026943,2.5259648571562964e-07,0.11604496336291831,0.839094459620326,25,20,20
38,2683,0.04486032442026937,2.525964856416579e-07,0.1160495821056316,0.8390898408776128,25,20,20
38,2684,0.044853973956006106,2.5250566370852397e-07,0.11605593225531048,0.8390898412830197,25,20,20
38,2685,0.04485397395600366,2.5250566807489146e-07,0.11605390696322246,0.8390918665751057,25,20,20
38,2686,0.04485397395341419,2.5250518003442153e-07,0.11596122013668475,0.839184553404721,25,20,20
38,2687,0.04122650079537258,2.524973577913951e-07,0.11958867178880096,0.8391845749184685,25,20,20
38,2688,0.04122650079537179,2.524975980385656e-07,0.1195887838451436,0.8391844628618865,25,20,20
38,2689,0.04122650079537179,2.5249759803856566e-07,0.119588864875864,0.8391843818311662,25,20,20
38,2690,0.04491091562195128,2.5241674897617073e-07,0.11590447164650658,0.8391843603147932,25,20,20
38,2691,0.006534506253923045,2.5391117579279754e-07,0.11733294865111374,0.8761322911837874,25,20,20
38,2692,0.006534506253877517,2.539111757901566e-07,0.11733303142502878,0.8761322084099179,25,20,20
38,2693,0.006534506253878316,2.5391117579145515e-07,0.11733318596845481,0.8761320538664913,25,20,20
38,2694,0.006534506253879107,2.5391117586476966e-07,0.1177062243083042,0.875759015526641,25,20,20
38,2695,0.0064096317794014954,2.9379952180434186e-07,0.11783105890522902,0.8757590155158478,25,20,20
38,2696,0.004865811920189445,2.9230501123587693e-07,0.11632281690731708,0.8788110788674822,25,20,20
38,2697,0.004865811920189444,2.9230501123453364e-07,0.11632281489756291,0.8788110808772364,25,20,20
38,2698,0.0048658119200084594,2.923050110849985e-07,0.11606266098221804,0.8790712347927623,25,20,20
38,2699,0.00562249180348715,3.552902550086168e-08,0.11530623787426565,0.8790712347932211,25,20,20
38,2700,0.005622491813800866,3.554263311302613e-08,0.11530665365712396,0.8790708189864415,25,20,20
38,2701,0.0056224918034871365,3.5528782505232836e-08,0.11503999983697248,0.8793374728307574,25,20,20
38,2702,0.00562249180348799,3.5528786788281986e-08,0.11513230739462504,0.8792451652730996,25,20,20
38,2703,0.00562249180348799,3.5528786789580533e-08,0.11512574093033613,0.8792517317373886,25,20,20
38,2704,0.006463692148408536,3.5992138792768456e-08,0.11428453611552154,0.8792517357439306,25,20,20
38,2705,0.0064636921484085355,3.599213879276862e-08,0.1142798363016288,0.8792564355578233,25,20,20
38,2706,0.006463692148407738,3.599213879406596e-08,0.11427976284254314,0.8792565090169098,25,20,20
38,2707,0.006463692148407738,3.599213879276902e-08,0.11427976189459665,0.8792565099648563,25,20,20
38,2708,0.0066383109104439265,3.7431456468219795e-08,0.11354884339291425,0.8798128082651853,25,20,20
38,2709,0.0066383109106260395,3.743170112572042e-08,0.11355543399618157,0.8798062176614913,25,20,20
38,2710,0.006638310910626095,3.743170119965974e-08,0.11356009531092179,0.8798015563467508,25,20,20
38,2711,0.006638310910626067,3.743169690952068e-08,0.11355781654182166,0.8798038351158552,25,20,20
38,2712,0.00663831091062608,3.7431696835571926e-08,0.11355781715137357,0.8798038345063034,25,20,20
38,2713,0.0066383109106253535,3.743169247179981e-08,0.1135547349455703,0.8798069167121118,25,20,20
38,2714,0.006638310910625322,3.743169254708333e-08,0.11324369804854757,0.8801179536091346,25,20,20
38,2715,0.013395851706565858,9.083715334445805e-10,0.10571730706832681,0.8808868403167357,25,20,20
38,2716,0.013395851706566658,9.083716074161468e-10,0.10571082023319732,0.8808933271518643,25,20,20
38,2717,0.0133958517065667,9.086162175247202e-10,0.10570644655432136,0.8808977008304956,25,20,20
38,2718,0.013395851706566686,9.083716036274274e-10,0.10570474946955086,0.8808993979155106,25,20,20
38,2719,0.01339585170656663,9.081269935412258e-10,0.10570238911063003,0.8809017582746762,25,20,20
38,2720,0.001609727483752557,8.584910472076912e-10,0.118736709251392,0.879653562406364,25,20,20
38,2721,0.0016097274837493616,8.584909719019719e-10,0.11873198124933453,0.8796582904084249,25,20,20
38,2722,0.0016097274837494177,8.584909719243377e-10,0.11873206177817215,0.8796582098795872,25,20,20
38,2723,0.0016097274863360956,8.723867137849858e-10,0.11886923357619664,0.8795210380650802,25,20,20
38,2724,0.0016097274861539964,8.721421302778536e-10,0.1188626444006885,0.8795276272410151,25,20,20
38,2725,0.00159847222217116,1.4722208177827241e-08,0.11894727785220942,0.8794542352034108,25,20,20
38,2726,0.0015984722221712168,1.472220817912538e-08,0.11894735977878784,0.8794541532768324,25,20,20
38,2727,0.0015984722221711622,1.4722212468753563e-08,0.11895396379931229,0.8794475492563036,25,20,20
38,2728,0.001598472222171177,1.472221676166529e-08,0.11895412051042596,0.8794473925451858,25,20,20
38,2729,0.001598472222171135,1.472221668642823e-08,0.11894942170637393,0.879452091349238,25,20,20
38,2730,0.001599825124668615,1.4759531955055996e-08,0.11717112390546007,0.8812290362103397,25,20,20
38,2731,0.001598473049554708,1.4722217121743434e-08,0.11901687410431133,0.879384638123918,25,20,20
38,2732,0.0015984730495546518,1.4722217045156955e-08,0.11901525056885269,0.8793862616593766,25,20,20
38,2733,0.001598473049554651,1.4722217044632053e-08,0.11928150580052486,0.8791200064277044,25,20,20
38,2734,0.0015984730495545957,1.4722217043289178e-08,0.11928158708117835,0.8791199251470511,25,20,20
38,2735,0.0004476765198483112,1.4106727497923845e-08,0.12043238821344618,0.8791199211599785,25,20,20
38,2736,0.00044767651985151984,1.4106972081442555e-08,0.12043909124814636,0.8791132181250303,25,20,20
38,2737,0.00044767651985152016,1.410697208274029e-08,0.12043901221505719,0.8791132971581195,25,20,20
38,2738,0.0004476765302304432,1.4106976373054114e-08,0.12043909514984279,0.8791132142129505,25,20,20
38,2739,0.0004476765302304432,1.4106976449630644e-08,0.12044561744741729,0.879106691915376,25,20,20
38,2740,0.0004476765302336383,1.410697637439724e-08,0.1204438109676815,0.8791084983951087,25,20,20
38,2741,0.00044767653023044423,1.4106975621988397e-08,0.12056662964945661,0.8789856797133376,25,20,20
38,2742,0.00044767653023045827,1.4106975624606237e-08,0.12056663365532018,0.8789856757074742,25,20,20
38,2743,3.5988993429618007e-06,1.5525514375128724e-08,0.1210104767322985,0.8789859088428448,25,20,20
38,2744,3.5988993429470933e-06,1.552527054399649e-08,0.12088106747765796,0.8791153180977291,25,20,20
38,2745,3.598899342948072e-06,1.5525270619287776e-08,0.12088114797255368,0.8791152376028332,25,20,20
38,2746,3.5988993429342916e-06,1.5525270579265347e-08,0.1212540546067677,0.878742330968619,25,20,20
38,2747,3.5988993884674456e-06,1.552527072854271e-08,0.12125633605643849,0.8787400495189026,25,20,20
38,2748,3.598896804971097e-06,1.5511375060673522e-08,0.12112067134860433,0.878875714243216,25,20,20
38,2749,3.5988967627035044e-06,1.5511383493379502e-08,0.12111844687077337,0.8788779387210807,25,20,20
38,2750,3.5988967626483045e-06,1.5511379211650247e-08,0.1210328733413536,0.8789635122505046,25,20,20
38,2751,3.5988967633921197e-06,1.551138350329191e-08,0.12103294995542437,0.8789634356364289,25,20,20
38,2752,3.5988967633913993e-06,1.5511383428068924e-08,0.12103286817842142,0.8789635174134318,25,20,20
38,2753,3.5988967633215716e-06,1.5511383502017034e-08,0.12103132927214838,0.8789650563197049,25,20,20
38,2754,3.598896760126202e-06,1.551138342670548e-08,0.12102970629588887,0.8789666792959676,25,20,20
38,2755,3.598896941001259e-06,1.5511383426696532e-08,0.12132041864257731,0.8786759669490983,25,20,20
38,2756,3.5988969442524733e-06,1.5511387719166614e-08,0.12131843254050151,0.8786779530511666,25,20,20
38,2757,3.598896943453846e-06,1.5511387642600014e-08,0.12131831722418428,0.8786780683674849,25,20,20
38,2758,3.598896765774035e-06,1.5511387717877893e-08,0.1210276873751635,0.878968698216683,25,20,20
38,2759,3.5988967650396466e-06,1.551138764590705e-08,0.12065457113334148,0.8793418144585057,25,20,20
38,2760,1.6325822079728832e-05,3.155342092017718e-07,0.12064530889791525,0.879338049745796,25,20,20
38,2761,1.632582221146333e-05,3.155343861254634e-07,0.1314369077072599,0.8685464509361428,25,20,20
38,2762,1.632582239078898e-05,3.155343904057481e-07,0.13152913187193271,0.8684542267712864,25,20,20
38,2763,1.6325822388322064e-05,3.1553438197302717e-07,0.13152904552294947,0.8684543131202805,25,20,20
38,2764,3.983800494086304e-06,2.504025392168582e-08,0.1315416780138908,0.8684543131453615,25,20,20
38,2765,1.496085339960878e-06,2.3397088913312762e-08,0.13154440045570742,0.8684540800618648,25,20,20
38,2766,1.4960853407457373e-06,2.3397088913312772e-08,0.13154442748814069,0.8684540530294305,25,20,20
38,2767,1.4960879120202832e-06,2.3397088913952517e-08,0.1319118237737118,0.8680866567412884,25,20,20
38,2768,1.496087911220674e-06,2.3397084621013923e-08,0.1319116657425249,0.8680868147724802,25,20,20
38,2769,1.4960879120743474e-06,2.3397080518654493e-08,0.1315408764392498,0.8684576040757583,25,20,20
38,2770,1.4960879120603366e-06,2.3397080443363266e-08,0.13154076112761237,0.8684577193873957,25,20,20
38,2771,1.4960878258758168e-06,2.3396912028148628e-08,0.12048306649666068,0.8795154140186021,25,20,20
38,2772,1.496090421109208e-06,2.3396916394601777e-08,0.12048766761245294,0.8795108129002103,25,20,20
38,2773,1.4960930166216335e-06,2.3396924901270684e-08,0.1204878600779579,0.8795106204321013,25,20,20
38,2774,1.4960930165655006e-06,2.339716933425894e-08,0.1204922505332339,0.8795062299765809,25,20,20
38,2775,1.4960930165662335e-06,2.3397169334212998e-08,0.12049233172337587,0.8795061487864391,25,20,20
38,2776,1.49609301650943e-06,2.3397169331593936e-08,0.12049893556158907,0.8794995449482257,25,20,20
38,2777,1.496095793614934e-06,2.3397413904956406e-08,0.12050743548121336,0.8794910450255797,25,20,20
38,2778,1.4960957936287054e-06,2.339741390623155e-08,0.12051403991002829,0.8794844405967646,25,20,20
38,2779,1.4960854570384964e-06,2.3397413831575602e-08,0.1205204227308274,0.8794780577863023,25,20,20
38,2780,1.496085411524175e-06,2.3397409539374354e-08,0.12051385450668267,0.8794846260104968,25,20,20
38,2781,1.4960854115244382e-06,2.3397409540694862e-08,0.12051385593748318,0.8794846245796962,25,20,20
38,2782,1.496085365932764e-06,2.3397401107970763e-08,0.12051832044125359,0.8794801600759798,25,20,20
38,2783,1.504432353085008e-06,2.3411453319652118e-08,0.12053973350204604,0.8794587386541479,25,20,20
38,2784,1.5044323562792759e-06,2.3411449031321278e-08,0.120533157458491,0.8794653146977042,25,20,20
38,2785,1.5044323562940056e-06,2.3411693626844155e-08,0.12053789755552055,0.87946057460043,25,20,20
38,2786,1.5044323563636152e-06,2.3411697891215434e-08,0.12080423730458124,0.879194234851365,25,20,20
38,2787,1.5044323595455749e-06,2.3411698041753074e-08,0.12080437879005639,0.8791940933658864,25,20,20
38,2788,1.5044323587491587e-06,2.341169804179941e-08,0.12080435054134148,0.8791941216146022,25,20,20
38,2789,1.5044323619745416e-06,2.3411698041776874e-08,0.12111351098761004,0.8788849611683303,25,20,20
38,2790,1.5044323596484955e-06,2.3411698043120397e-08,0.12111344693586554,0.8788850252200772,25,20,20
38,2791,1.503641065781987e-06,2.3412389815989064e-08,0.12108043829469242,0.878918034651852,25,20,20
38,2792,1.5036410649681104e-06,2.341239395633135e-08,0.1210869642962843,0.8789115086502569,25,20,20
38,2793,1.5036410657668489e-06,2.341239824728045e-08,0.12109357024334483,0.8789049027031913,25,20,20
38,2794,1.5036436604920487e-06,2.3412402539603842e-08,0.12108727742957118,0.8789111955143659,25,20,20
38,2795,1.5036410649683562e-06,2.3412393957651226e-08,0.12109356848408429,0.878904904462457,25,20,20
38,2796,8.536506484840018e-06,2.3397512963319783e-08,0.12108314184350226,0.878908298252501,25,20,20
38,2797,8.537267955149896e-06,2.3398139903230424e-08,0.12105098793947593,0.8789404513944301,25,20,20
38,2798,8.537267955871712e-06,2.339837798164247e-08,0.12115775283861942,0.8788336864950476,25,20,20
38,2799,8.53726795582969e-06,2.339837376598489e-08,0.12115122943445313,0.8788402098992182,25,20,20
38,2800,8.537265363554672e-06,2.339836525933072e-08,0.12115565693157089,0.8788357824047012,25,20,20
38,2801,8.537265409067878e-06,2.339812073906444e-08,0.12115764946240015,0.8788337898740708,25,20,20
38,2802,8.537265409067125e-06,2.339812073908681e-08,0.12115756957888482,0.8788338697575862,25,20,20
38,2803,8.537265591196057e-06,2.3398120814378286e-08,0.12115107421961169,0.8788403651166771,25,20,20
38,2804,8.537265587146134e-06,2.339811652056594e-08,0.12114632709517428,0.8788451122411226,25,20,20
38,2805,8.53726558713312e-06,2.3398116446102186e-08,0.12140795815053468,0.8785834811857623,25,20,20
38,2806,8.537265587145888e-06,2.3398116444804036e-08,0.12140799352785106,0.8785834458084458,25,20,20
38,2807,8.5372655416317e-06,2.3398116518769752e-08,0.1214059607569997,0.8785854785793427,25,20,20
38,2808,8.5372667601731e-06,2.349145982733383e-08,0.15670807800484776,0.8432833612369325,25,20,20
38,2809,8.537266759375573e-06,2.3491219534741636e-08,0.15670797945505346,0.8432834597869676,25,20,20
38,2810,8.528927581855052e-06,2.3477411918699562e-08,0.15631740401908606,0.8436740435759202,25,20,20
38,2811,8.52893771253496e-06,2.3477416106434573e-08,0.15658449396657093,0.8434069536183004,25,20,20
38,2812,8.52893771253252e-06,2.3477416103770383e-08,0.1565844911769888,0.8434069564078825,25,20,20
38,2813,8.529445739143216e-06,2.3477416092967318e-08,0.16224557556706085,0.8377458715097835,25,20,20
38,2814,8.529445735891796e-06,2.347741601636356e-08,0.1622408731011328,0.8377505739757148,25,20,20
38,2815,8.529435423069925e-06,2.3477411827308473e-08,0.16197375455448235,0.8380176925326823,25,20,20
38,2816,8.529432645963196e-06,2.3477167177356575e-08,0.16196517215456907,0.8380262749356173,25,20,20
38,2817,8.52892480226238e-06,2.34774117867712e-08,0.15630824817152889,0.8436831994262571,25,20,20
38,2818,8.528924619741249e-06,2.34774074299199e-08,0.15621605394641422,0.8437753936515588,25,20,20
38,2819,8.528924620540086e-06,2.3477411722876765e-08,0.1562162498388705,0.8437751977590975,25,20,20
38,2820,0.00013086805367802992,3.100500567426082e-08,0.15609727909624746,0.8437718218450689,25,20,20
38,2821,0.00013086805367808522,3.100525019313409e-08,0.1558357816633963,0.8440333192776756,25,20,20
38,2822,0.0001308680432972231,3.100500914379727e-08,0.16208053250210339,0.8377885684495904,25,20,20
38,2823,0.00013086804329720935,3.100500914379727e-08,0.16208041803807774,0.8377886829136161,25,20,20
38,2824,0.00013086804329720935,3.100500921905391e-08,0.16208702021932445,0.8377820807323691,25,20,20
38,2825,0.00013086804334264015,3.100501357590327e-08,0.16217932790098646,0.8376897730506575,25,20,20
38,2826,0.00013086804334265438,3.1005013578521524e-08,0.16217948245447902,0.837689618497165,25,20,20
38,2827,0.00013086804074743404,3.100525379560965e-08,0.16218142259776122,0.8376876783562378,25,20,20
38,2828,0.00013086804092952043,3.1005009351218034e-08,0.1621767529291593,0.837692348024902,25,20,20
38,2829,0.00018775263055873816,1.3712206113335417e-06,0.1621119148852603,0.8376989612635697,25,20,20
38,2830,5.786139701417962e-05,1.363760146251165e-06,0.1621823988169043,0.8377583760259355,25,20,20
38,2831,5.812477095361902e-05,1.7172807406655357e-06,0.16687789153575786,0.8330622664125482,25,20,20
38,2832,5.812477095361902e-05,1.7172807406655136e-06,0.1668777776764886,0.8330623802718173,25,20,20
38,2833,5.8124770950394136e-05,1.7172807407407831e-06,0.1665620932723041,0.8333780646760051,25,20,20
38,2834,5.8124770995142405e-05,1.7172807365244344e-06,0.16656429760107613,0.8333758603471924,25,20,20
38,2835,5.812477099515616e-05,1.7172807365270295e-06,0.16656430052210594,0.8333758574261626,25,20,20
38,2836,5.812477099518342e-05,1.7172807364318962e-06,0.17761752130511804,0.8223226366431504,25,20,20
38,2837,5.812477099598204e-05,1.7172807364332062e-06,0.17761103444018855,0.8223291235080791,25,20,20
38,2838,5.812477099598228e-05,1.7172807364345263e-06,0.17761763862798857,0.8223225193202791,25,20,20
38,2839,5.786182665616265e-05,1.416885384254612e-06,0.1776198862029364,0.8223208350850232,25,20,20
38,2840,5.907315319067537e-05,1.3641766029326604e-06,0.1776187297495862,0.8223208329206202,25,20,20
38,2841,5.907315319147328e-05,1.364176602933981e-06,0.17761876784982092,0.8223207948203844,25,20,20
38,2842,5.907315314684136e-05,1.3641765986537206e-06,0.17752657748208742,0.8224129851881671,25,20,20
38,2843,5.907315296471464e-05,1.364176598505802e-06,0.17752644119090472,0.822413121479532,25,20,20
38,2844,5.907315296391576e-05,1.364176598429235e-06,0.17752643448195168,0.822413128188486,25,20,20
38,2845,5.907315294255697e-05,1.3641765697948327e-06,0.182196284782733,0.8177432778877548,25,20,20
38,2846,5.907316324625238e-05,1.3641770573778297e-06,0.18232384024388712,0.8176157224158094,25,20,20
38,2847,5.907316324545353e-05,1.3641770573012633e-06,0.18232372291986096,0.8176158397398363,25,20,20
38,2848,5.9073163245439534e-05,1.3641770572986453e-06,0.18232371891399737,0.8176158437457001,25,20,20
38,2849,5.907316324542576e-05,1.3641768127164475e-06,0.18231701588858906,0.8176225467713527,25,20,20
38,2850,5.907316324538065e-05,1.3641768091694827e-06,0.17607403113929895,0.8238655315206463,25,20,20
38,2851,5.9073163242185166e-05,1.3641768091668645e-06,0.17607400069006296,0.8238655619698857,25,20,20
38,2852,5.90731632422813e-05,1.364176809165544e-06,0.17607568217289132,0.8238638804870572,25,20,20
38,2853,5.907316324228228e-05,1.3641768091668645e-06,0.1760756835846596,0.8238638790752888,25,20,20
38,2854,5.907316324226949e-05,1.3641768134577684e-06,0.17608224953011917,0.823857313129825,25,20,20
38,2855,5.907316312703133e-05,1.3641765974183137e-06,0.1714148903592404,0.8285246723010351,25,20,20
38,2856,5.907315277778975e-05,1.3641761097600505e-06,0.1712849352869066,0.8286546273842057,25,20,20
38,2857,5.9073152823319864e-05,1.364176354428966e-06,0.171289768816399,0.8286497938544233,25,20,20
38,2858,5.907315282332033e-05,1.364176354428966e-06,0.1712963752524,0.8286431874184222,25,20,20
38,2859,5.907315282307782e-05,1.3641765135433998e-06,0.1852661321036272,0.8146734305670361,25,20,20
38,2860,5.907374268246772e-05,1.3641904965202293e-06,0.17142631458876362,0.8285132474780573,25,20,20
38,2861,5.907374272768691e-05,1.3641907395131175e-06,0.1716864318006937,0.828253130265839,25,20,20
38,2862,5.9073742727674646e-05,1.3641907395342935e-06,0.16063078779661033,0.8393087742699226,25,20,20
38,2863,5.907374272767343e-05,1.3641907352433222e-06,0.16062418386259686,0.83931537820394,25,20,20
38,2864,5.9073751533436416e-05,1.3641907389471777e-06,0.16669772436063396,0.8332418376970935,25,20,20
38,2865,5.9073751579023635e-05,1.3641907433123807e-06,0.1666950387173231,0.8332445233403544,25,20,20
38,2866,5.9122328156312664e-05,1.5482053762119483e-05,0.16667299464557783,0.8332524009725034,25,20,20
38,2867,5.9122337324614355e-05,1.548205376225114e-05,0.17134994274276824,0.8285754528661445,25,20,20
38,2868,5.915212639928545e-05,1.548205397412672e-05,0.17601838513197524,0.8239069806876512,25,20,20
38,2869,5.9152126398495246e-05,1.5482053731786556e-05,0.17564530951905577,0.8242800563008137,25,20,20
38,2870,0.03964280941627325,1.548658610199763e-05,0.1360616237071574,0.8242800802904672,25,20,20
38,2871,0.039642809416273135,1.5486586101996357e-05,0.13605991319733035,0.8242817908002944,25,20,20
38,2872,0.03964280941631852,1.5486600000410233e-05,0.13618953432516273,0.8241521696585182,25,20,20
38,2873,0.03602509499351905,1.5486357943584614e-05,0.13980722881577323,0.824152189832764,25,20,20
38,2874,0.03602509498435155,1.5486357943602174e-05,0.1351368842109013,0.8288225344468033,25,20,20
38,2875,0.036025094984306394,1.5486357704900236e-05,0.13487676747862837,0.8290826511793601,25,20,20
38,2876,0.0360250949843032,1.5486357704974182e-05,0.13487200916364103,0.8290874094943504,25,20,20
38,2877,0.05306646595972758,0.00033207591329156546,0.1175201786760311,0.8290812794509493,25,20,20
38,2878,0.05306646595972763,0.00033207591329585657,0.11752476836849153,0.8290766897584844,25,20,20
38,2879,0.05306641661910485,0.0003323479699055003,0.11759185562448934,0.8290093797865,25,20,20
38,2880,0.053066416619286995,0.0003323479699097919,0.11759197127238959,0.8290092641384135,25,20,20
38,2881,0.05702400136949629,0.00033234317141084935,0.11363443510206789,0.8290092203570247,25,20,20
38,2882,0.05702400137987527,0.00033234318535022874,0.11364675667585127,0.828996898758923,25,20,20
38,2883,0.05702400137987527,0.00033234318535022874,0.11364676760190529,0.8289968878328691,25,20,20
38,2884,0.05702400137982989,0.00033234317145181485,0.11351714648637266,0.8291265089623455,25,20,20
38,2885,0.057024001379784306,0.00033234317144759795,0.11377956028636867,0.8288640951623993,25,20,20
38,2886,0.05702400137996642,0.0003323431714561785,0.1137795637655373,0.8288640916830401,25,20,20
38,2887,0.057024001379967215,0.0003323431714605441,0.11377975970375089,0.8288638957448213,25,20,20
38,2888,0.0570240013797859,0.0003323431714563289,0.11377489500630313,0.8288687604424547,25,20,20
38,2889,0.05702400137983063,0.0003323431717007637,0.11377492532282732,0.8288687301256412,25,20,20
38,2890,0.07958318879665965,1.439515302691363e-05,0.09153416913815658,0.8288682469121567,25,20,20
38,2891,0.07958318879661402,1.4395153030533385e-05,0.09777730570232958,0.8226251103480258,25,20,20
38,2892,0.07958315900753934,1.4395152814366875e-05,0.09310225824217762,0.8273001875974686,25,20,20
38,2893,0.07958315900753941,1.4395152814365623e-05,0.09310449844255222,0.827297947397094,25,20,20
38,2894,0.07979083452786764,1.439010912301126e-05,0.09289680337570928,0.8272979719872999,25,20,20
38,2895,0.0797908345278237,1.4390108878428615e-05,0.0928969021836966,0.8272978731796011,25,20,20
38,2896,0.07979083451744474,1.4390094939049299e-05,0.09288466307672573,0.8273101123108905,25,20,20
38,2897,0.07979083451744472,1.4390094938975333e-05,0.09288238843016657,0.8273123869574497,25,20,20
38,2898,0.07979083451744551,1.4390094938827097e-05,0.09261621005351973,0.8275785653340957,25,20,20
38,2899,0.07979083451726338,1.4390094934460212e-05,0.09261601192753431,0.8275787634602676,25,20,20
38,2900,0.07979083452764228,1.4390108869473323e-05,0.09262172821785156,0.8275730471456363,25,20,20
38,2901,0.07979083452764546,1.4390108873661137e-05,0.09288802825972457,0.8273067471037561,25,20,20
38,2902,0.07979083393783074,1.4390094740019425e-05,0.09302431111167613,0.827170464855753,25,20,20
38,2903,0.07979084233722303,1.4390094748568604e-05,0.09318319303350237,0.8270115745345261,25,20,20
38,2904,0.07992124209768062,1.4390004124527652e-05,0.09305281796881346,0.8270115499293814,25,20,20
38,2905,0.07992124209767983,1.439000412460292e-05,0.09305274650443461,0.8270116213937609,25,20,20
38,2906,0.07992124209767902,1.4390004120311307e-05,0.09305257758997076,0.82701179030823,25,20,20
38,2907,0.07998240069017948,1.4592183586240408e-05,0.09146422050575008,0.8285387866204843,25,20,20
38,2908,0.0799824006901788,1.4592183582619288e-05,0.08521435070290345,0.8347886564233353,25,20,20
38,2909,0.07998256647387199,1.2893481146947456e-05,0.08176691813354178,0.8382376219114392,25,20,20
38,2910,0.07998256647405408,1.2893481391444233e-05,0.08177541652007758,0.8382291235244769,25,20,20
38,2911,0.07998240082274947,2.365808555267135e-06,0.051720028572155935,0.8682952047965391,25,20,20
38,2912,0.07998240082274953,2.365808555268424e-06,0.05198637614904512,0.8680288572196498,25,20,20
38,2913,0.07998240082275271,2.365808799850645e-06,0.05199307718560681,0.8680221561828404,25,20,20
38,2914,0.07998240082270723,2.365808555255699e-06,0.051989865307777695,0.8680253680609598,25,20,20
38,2915,0.079982400822662,2.365808546732175e-06,0.05172364015746464,0.8682915932113265,25,20,20
38,2916,0.079982400822662,2.365808546732153e-06,0.05172364034935329,0.8682915930194376,25,20,20
38,2917,0.07998240082266206,2.3658085468087625e-06,0.05172526132603423,0.8682899720427567,25,20,20
38,2918,0.07998240082266204,2.365808551100337e-06,0.05172312407687058,0.868292109291916,25,20,20
38,2919,0.07998240082266199,2.365808546810504e-06,0.05171850101480352,0.8682967323539873,25,20,20
38,2920,0.07998240082270741,2.3658224366396475e-06,0.05187266643910596,0.8681425669157496,25,20,20
38,2921,0.07998240082270736,2.3658224323467066e-06,0.05187252411224195,0.868142709242618,25,20,20
38,2922,0.07998240082270736,2.3658224324219528e-06,0.05187263927333661,0.8681425940815233,25,20,20
38,2923,0.07998240082270575,2.365822432419334e-06,0.051865907242349574,0.8681493261125119,25,20,20
38,2924,0.07998240082275118,2.3658226764759075e-06,0.05195890918530051,0.8680563241692716,25,20,20
38,2925,0.04179639997024807,2.3788720089695007e-06,0.09014489634046603,0.868056324817277,25,20,20
38,2926,0.041796399970248116,2.3788720132611155e-06,0.09013848658172925,0.8680627345760094,25,20,20
38,2927,0.04179639997006607,2.3788717687643412e-06,0.09013002099311343,0.8680712001650518,25,20,20
38,2928,0.04179835260523619,2.3788718242131928e-06,0.09012806835775694,0.8680712001651828,25,20,20
38,2929,0.041674037018959095,2.3789607715428233e-06,0.09025238384777091,0.8680712001724986,25,20,20
38,2930,0.04167403701895835,2.378960767252675e-06,0.09025068167584552,0.8680729023444289,25,20,20
38,2931,0.041674037018958415,2.378960767252675e-06,0.09025076216130866,0.8680728218589658,25,20,20
38,2932,0.04167403688629827,2.1534907829458225e-07,0.08376805701259256,0.8745576907520305,25,20,20
38,2933,0.04167403687753803,2.1536301582506795e-07,0.07770151655030175,0.880624231209144,25,20,20
38,2934,0.04167403687753803,2.1536301590033734e-07,0.07770155393666851,0.880624193822777,25,20,20
38,2935,0.04167402847814575,2.1536300742385607e-07,0.07754263858051301,0.8807831175783332,25,20,20
38,2936,0.041674028478145705,2.153630073473155e-07,0.07754124561680203,0.8807845105420443,25,20,20
38,2937,0.041674028478148904,2.1536300727336783e-07,0.0775413680526126,0.8807843881062308,25,20,20
38,2938,0.041674028478329815,2.1536301153640353e-07,0.0778074859768971,0.8805182701817611,25,20,20
38,2939,0.04167402847828439,2.153627674811505e-07,0.07771440357486331,0.8806113525840845,25,20,20
38,2940,0.041674028478238985,2.1534887765202964e-07,0.07756015908294181,0.8807655970899413,25,20,20
38,2941,0.04167402847823897,2.153488776515461e-07,0.07756466597583973,0.8807610901970432,25,20,20
38,2942,0.04167402847823658,2.1534863314329627e-07,0.07755807883302891,0.8807676773401008,25,20,20
38,2943,0.04167402847823654,2.1534863314329666e-07,0.07755815076454889,0.8807676054085809,25,20,20
38,2944,0.04167402847823732,2.1534863321856515e-07,0.07755811423069353,0.8807676419424354,25,20,20
38,2945,0.03993529446908722,2.0229768203067926e-07,0.07892767115771766,0.8811368320755125,25,20,20
38,2946,0.0399352944587083,2.0228374265138607e-07,0.07891551336736195,0.8811489898901868,25,20,20
38,2947,0.03987413784368711,4.52596712210074e-05,0.08052499675316233,0.8795556057319296,25,20,20
38,2948,0.03990324537392085,4.5260530790766405e-05,0.08086507956949424,0.8791864145257945,25,20,20
38,2949,0.03990324537392086,4.526053079084299e-05,0.08086508019167285,0.8791864139036157,25,20,20
38,2950,0.03990324537392085,4.526053079076773e-05,0.08086502416310601,0.8791864699321827,25,20,20
38,2951,0.03915366350429682,4.526080347985631e-05,0.08160919313429668,0.879191882557928,25,20,20
38,2952,0.039154879490260364,1.2441762916576083e-09,0.08165310033203835,0.8791920189335262,25,20,20
38,2953,0.07787216989443638,3.846083138161806e-10,0.042935810787498536,0.8791920189334563,25,20,20
38,2954,0.07787216989443638,3.8460831249607685e-10,0.042935809365455053,0.8791920203554998,25,20,20
38,2955,0.07787216989443639,3.846083877471056e-10,0.042940483074378054,0.8791873466465766,25,20,20
38,2956,0.07787216989443953,3.8485298141066116e-10,0.04267897041841711,0.8794488593022898,25,20,20
38,2957,0.07787216989443953,3.8485298008975226e-10,0.042679059804705446,0.8794487699160015,25,20,20
38,2958,0.07787216989443953,3.848530553809794e-10,0.042679175081045836,0.8794486546396609,25,20,20
38,2959,0.07787216989448384,3.9866650138087567e-10,0.04305220805660521,0.8790756216502439,25,20,20
38,2960,0.07787216989466447,1.1868969976612806e-09,0.04337738023390914,0.8787504486845289,25,20,20
38,2961,0.07787216989466442,1.1868969976389126e-09,0.0433772164504815,0.8787506124679565,25,20,20
38,2962,0.07787216989466438,1.186892781776535e-09,0.0433726282020545,0.8787552007163879,25,20,20
38,2963,0.07787216989466436,1.1868927065076754e-09,0.04337262674968633,0.8787552021687561,25,20,20
38,2964,0.07787216989462245,1.1733221766336843e-09,0.043266517059056576,0.8788613118729982,25,20,20
38,2965,0.07787216989457692,1.1593809436356443e-09,0.043259632161415255,0.8788681967846265,25,20,20
38,2966,0.07787216989457373,1.1593852788432929e-09,0.043525813692407746,0.8786020152536327,25,20,20
38,2967,0.0778721698945738,1.1593854267611096e-09,0.043532304226611335,0.8785955247194289,25,20,20
38,2968,0.07787216989439293,1.1731943270197169e-09,0.043640137050495714,0.8784876918819167,25,20,20
38,2969,0.07787216989452393,1.183282985233495e-09,0.05469846738500823,0.8674293615371844,25,20,20
38,2970,0.07787216989452472,1.183287278167988e-09,0.05469854821815745,0.8674292807040301,25,20,20
38,2971,0.0778721698945247,1.1832914953299753e-09,0.05470162869638123,0.8674262002258021,25,20,20
38,2972,0.07787216989452232,1.1832915986382368e-09,0.054439992862892736,0.867687836059293,25,20,20
38,2973,0.07787216989434487,3.9506524474990605e-10,0.05411031521274937,0.8680175144978403,25,20,20
38,2974,0.07787216989434488,3.950694611178e-10,0.05411039659518755,0.8680174331153979,25,20,20
38,2975,0.07787216989434483,3.950694010303531e-10,0.05397357338482383,0.8681542563257616,25,20,20
38,2976,0.07787216989434163,3.948264836067674e-10,0.05370661525413078,0.8684212144567008,25,20,20
38,2977,0.07787216989434244,3.9507107990142283e-10,0.05371144936344234,0.8684163803471441,25,20,20
38,2978,0.07787216989434244,3.950710811991586e-10,0.05371144994932581,0.8684163797612605,25,20,20
38,2979,0.07787216989434323,3.953151410997048e-10,0.05380363074331915,0.8683241989670223,25,20,20
38,2980,0.07787216989434324,3.9531514109969723e-10,0.05381012330995323,0.8683177064003881,25,20,20
38,2981,0.07787216989434005,3.950705474450877e-10,0.053805404285191746,0.8683224254253975,25,20,20
38,2982,0.07787216989434004,3.950705474458972e-10,0.053805289823191264,0.8683225398873979,25,20,20
38,2983,0.07787216990472136,3.948303180767471e-10,0.05380068027715131,0.8683271494232969,25,20,20
38,2984,0.07787216990472216,3.94830319374482e-10,0.05380090886615786,0.8683269208342895,25,20,20
38,2985,0.07708836758998555,5.511877590940086e-07,0.05443701770285658,0.8684740635193984,25,20,20
38,2986,0.07708836758998236,5.511877548010736e-07,0.05443690290008172,0.8684741783221809,25,20,20
38,2987,0.07708836758998308,5.51173945930668e-07,0.05406291886002715,0.8688481623760436,25,20,20
38,2988,0.07708836758998441,5.511739458575795e-07,0.06031305531788101,0.8625980259181882,25,20,20
38,2989,0.07708836758998443,5.511739459037931e-07,0.06057919134096272,0.8623318898951067,25,20,20
38,2990,0.07708836758998443,5.511739459051364e-07,0.0605791933507168,0.8623318878853524,25,20,20
38,2991,0.07710560754071064,5.52666316603704e-07,0.06056195459832296,0.8623318851946489,25,20,20
38,2992,0.07710560754071064,5.526663165297327e-07,0.06056202976465833,0.8623318100283136,25,20,20
38,2993,0.0771056075407138,5.526801552681654e-07,0.060850331473104265,0.8620435083060259,25,20,20
38,2994,0.07710560754071459,5.526801553434346e-07,0.06085044736499195,0.8620433924141375,25,20,20
38,2995,0.07710560754071381,5.526801553434347e-07,0.06085022077411947,0.8620436190050106,25,20,20
38,2996,0.0771056075407138,5.526801510510071e-07,0.06084551772133679,0.8620483220577975,25,20,20
38,2997,0.07710560754071305,5.526801552660545e-07,0.0608455970661807,0.8620482427129501,25,20,20
38,2998,0.0788437411569227,1.8875596128073846e-09,0.0592551552075267,0.8619011017479903,25,20,20
38,2999,0.07884374115710427,1.887559600266292e-09,0.05938449407591886,0.8617717628794166,25,20,20
38,3000,0.07884374115710348,1.8873155416635545e-09,0.05929228117845018,0.8618639757771301,25,20,20
38,3001,0.07884374115696664,1.8873113378658657e-09,0.05917164396813722,0.8619846129875842,25,20,20
38,3002,0.055680484330871784,2.330108093342197e-09,0.08233261421697156,0.8619868991220477,25,20,20
38,3003,0.055680484330871804,2.3301080933421955e-09,0.08233265217869092,0.8619868611603284,25,20,20
38,3004,0.0556804843308679,2.3162650645933453e-09,0.0820442363601494,0.8622752769927169,25,20,20
38,3005,0.055680484330868675,2.3162651398390457e-09,0.08204431428829326,0.8622751990645722,25,20,20
38,3006,0.055680484330825515,2.3162681694130114e-09,0.09309333816983363,0.8512261751830722,25,20,20
38,3007,0.05568048433082871,2.3165122266351104e-09,0.09318598546382281,0.8511335278888358,25,20,20
38,3008,0.05572977320260939,2.0241609049837657e-09,0.09313894448158391,0.8511312802916453,25,20,20
38,3009,0.07901701224423426,1.9640270370389345e-09,0.06985174575713414,0.8511312400346039,25,20,20
38,3010,0.07901701239216835,1.963783056425023e-09,0.06976133958533522,0.8512216460587128,25,20,20
38,3011,0.07899460294124983,1.8763133490880184e-09,0.06978374912385188,0.8512216460585844,25,20,20
38,3012,0.07899460294124977,1.876313198552356e-09,0.06977714423771776,0.8512282509447187,25,20,20
38,3013,0.07829351901533234,2.1075108364095498e-08,0.07048361832582709,0.8512228415837321,25,20,20
38,3014,0.07829351901533234,2.1075108362752222e-08,0.07048358565453458,0.8512228742550245,25,20,20
38,3015,0.07829351901533153,2.1075103996316418e-08,0.07047888403526378,0.8512275758743004,25,20,20
38,3016,0.07829351901533158,2.1075104010191542e-08,0.07034955914000406,0.8513569007695599,25,20,20
38,3017,0.0782935190153769,2.107509979491932e-08,0.07047893145590792,0.8512275284536149,25,20,20
38,3018,0.07829351902568839,2.1075339759133225e-08,0.059687368654342904,0.8620190912446284,25,20,20
38,3019,0.07829351902568839,2.107533549653948e-08,0.05942764019042882,0.8622788197085468,25,20,20
38,3020,0.07829351902568833,2.1075335496530697e-08,0.05943222613643566,0.8622742337625401,25,20,20
38,3021,0.07829351902568835,2.1075335497828215e-08,0.0594387506817354,0.8622677092172404,25,20,20
38,3022,0.07829351902568835,2.1075335574427112e-08,0.05944535288734483,0.862261107011631,25,20,20
38,3023,0.07829351902568833,2.107533550049057e-08,0.05943886251841337,0.8622675973805625,25,20,20
38,3024,0.07829351902573384,2.1075580008740895e-08,0.05944548384181629,0.8622609760568696,25,20,20
38,3025,0.07829351902573391,2.1075580008749676e-08,0.059440897895809475,0.8622655620028763,25,20,20
38,3026,0.07829351902573446,2.1592788273285435e-08,0.07341069296903056,0.8482957664124464,25,20,20
38,3027,0.07827507333881817,2.034129120219657e-08,0.0734254070912798,0.8482994992286105,25,20,20
38,3028,0.07827507333881817,2.0341291202174205e-08,0.07342532323713132,0.8482995830827589,25,20,20
38,3029,0.07827507319088085,2.0341291125565613e-08,0.07342296898667124,0.8483019374811565,25,20,20
38,3030,0.07827507319087952,2.0341291124683273e-08,0.06717502951886717,0.8545498769489618,25,20,20
38,3031,0.0782750731804982,2.0341286833059556e-08,0.06718140915823616,0.8545434973199784,25,20,20
38,3032,0.0782750731804982,2.0341286756505393e-08,0.06717480496943744,0.8545501015087773,25,20,20
38,3033,0.07827507318050139,2.0341286833094423e-08,0.06717488888914862,0.8545500175890628,25,20,20
38,3034,0.0782750731805046,2.0341291124225266e-08,0.06717959248015566,0.8545453139980483,25,20,20
38,3035,0.09495000694358437,2.0094162017902888e-08,0.05050848732330603,0.8545414856389472,25,20,20
38,3036,0.09495000694358438,2.009416201662872e-08,0.050508715887324064,0.8545412570749291,25,20,20
38,3037,0.060170786028744636,5.500913214063771e-10,0.08528795740716227,0.8545412560140013,25,20,20
38,3038,0.060170786028699255,5.500913203107602e-10,0.08515847090047086,0.8546707425207382,25,20,20
38,3039,0.0825209881273456,9.019345668464062e-10,0.0628083088926532,0.8546707020780664,25,20,20
38,3040,0.08252098812734557,9.019346392761168e-10,0.06293775676109974,0.8545412542096199,25,20,20
38,3041,0.08259549760230873,8.987577751660499e-10,0.06286324728958137,0.8545412542093519,25,20,20
38,3042,0.08259549760230875,8.98761991540117e-10,0.06286330715870762,0.8545411943402215,25,20,20
38,3043,0.07898420112370942,0.0010265865289102298,0.06544648778153012,0.85454272456585,25,20,20
38,3044,0.07898420860010245,0.0010265865289177643,0.06997699440366259,0.8500122104673169,25,20,20
38,3045,0.07895126124443914,1.0202301320776622e-05,0.07102785842382811,0.8500106780304116,25,20,20
38,3046,0.07895125376804532,1.0202301313242186e-05,0.06649086207385263,0.8545476818567884,25,20,20
38,3047,0.07895125376807559,1.0202301492912902e-05,0.07709924156414023,0.8439393023662909,25,20,20
38,3048,0.07895125376825347,1.0202301492915438e-05,0.07870913993570079,0.8423294039945525,25,20,20
38,3049,0.0794355803969918,1.0201953246377891e-05,0.07822481365535826,0.8423294039944034,25,20,20
38,3050,0.07943558039699193,1.0201953246303923e-05,0.07822644162055421,0.8423277760292074,25,20,20
38,3051,0.07943558039699272,1.020195325059533e-05,0.07822874734842017,0.8423254703013363,25,20,20
38,3052,0.07943558039699267,1.0201953250670598e-05,0.07822715221643858,0.8423270654333179,25,20,20
38,3053,0.07943558039703788,1.0201953493637652e-05,0.07849336214405253,0.8420608555054158,25,20,20
38,3054,0.07943558039703787,1.020195349792772e-05,0.0784933235734044,0.8420608940760596,25,20,20
38,3055,0.079435580397041,1.0201953502142769e-05,0.07849340493919785,0.8420608127102588,25,20,20
38,3056,0.07943558039704096,1.020195350214145e-05,0.07849340491433568,0.842060812735121,25,20,20
38,3057,0.07943558039704096,1.0201953502140153e-05,0.07849351604657763,0.8420607016028788,25,20,20
38,3058,0.07943558039704096,1.0201953506355833e-05,0.07850000667716549,0.8420542109722868,25,20,20
38,3059,0.079435580397041,1.020195350206442e-05,0.07850252542253726,0.8420516922269192,25,20,20
38,3060,0.07943558039708334,1.020195349784936e-05,0.07850906281402371,0.8420451548353947,25,20,20
38,3061,0.07943558039708329,1.0201953493559044e-05,0.07850886756701698,0.8420453500824059,25,20,20
38,3062,0.07943558054454875,1.0201436293849989e-05,0.06466877039516565,0.8558854476239912,25,20,20
38,3063,0.05511488510750712,1.0209433502488912e-05,0.08898945654852179,0.8558854489104681,25,20,20
38,3064,0.054645366636532466,1.0209785787465471e-05,0.08945897466564617,0.8558854489120334,25,20,20
38,3065,0.05464536663653565,1.0209785791831624e-05,0.08946538921225015,0.8558790343654219,25,20,20
38,3066,0.05464536663653804,1.0209785791906397e-05,0.08946968960029585,0.8558747339773737,25,20,20
38,3067,0.054645366636492804,1.0209785544722996e-05,0.08920345262090543,0.8561409709570565,25,20,20
38,3068,0.0546453666390799,1.0209785544798016e-05,0.08933337760266077,0.8560110459727142,25,20,20
38,3069,0.054645366636493595,1.0209785544725612e-05,0.0892034907277181,0.8561409328502431,25,20,20
38,3070,0.05464536663649675,1.0209785544800728e-05,0.08928917816908578,0.8560552454088721,25,20,20
38,3071,0.05464536663649675,1.0209785544877141e-05,0.08937667419773962,0.8559677493802182,25,20,20
38,3072,0.05464536663649675,1.0209785544875823e-05,0.0893766727859713,0.8559677507919865,25,20,20
38,3073,0.05464536648903074,1.020978553631902e-05,0.08924694291653658,0.8560974808088959,25,20,20
38,3074,0.05464536648903074,1.020978553631902e-05,0.08924694290423636,0.8560974808211965,25,20,20
38,3075,0.05464551346752713,4.2066682056766494e-05,0.08921487729207231,0.8560975425583435,25,20,20
38,3076,0.0546455134674816,4.206668181225694e-05,0.08920825527615502,0.8561041645745509,25,20,20
38,3077,0.05464551346747841,4.2066681807890765e-05,0.08920164865099783,0.8561107711997157,25,20,20
38,3078,0.05464584162566892,4.209761954678728e-05,0.1018932661575298,0.8434187945972543,25,20,20
38,3079,0.054645841625666526,4.2097619542497674e-05,0.10188673893879542,0.8434253218159954,25,20,20
38,3080,0.05464584162584746,4.209761978541801e-05,0.10215297584179195,0.8431590849125752,25,20,20
38,3081,0.04907394505490339,4.209727152935618e-05,0.10765692090858868,0.8432270367649786,25,20,20
38,3082,0.04907394505490019,4.209727152506635e-05,0.1076522187497228,0.8432317389238518,25,20,20
38,3083,0.04907394505490019,4.209727152506637e-05,0.10765229920485547,0.8432316584687192,25,20,20
38,3084,0.07262357568880161,3.895610405698923e-08,0.08414478862351382,0.8432315967315802,25,20,20
38,3085,0.07262357568862378,3.8956104055752286e-08,0.08253959315103689,0.844836792204235,25,20,20
38,3086,0.07262357568862066,3.895610405462247e-08,0.08245200103391986,0.8449243843213553,25,20,20
38,3087,0.07262357568880279,3.895634865087343e-08,0.08245022954811977,0.8449261558067286,25,20,20
38,3088,0.09742045781113688,3.095283894146836e-08,0.05765335674527838,0.8449261544907456,25,20,20
38,3089,0.09742045781113688,3.0952838866176673e-08,0.057653390125954405,0.8449261211100698,25,20,20
38,3090,0.09742045781128555,3.095290373054791e-08,0.047047250565305454,0.8555322606705051,25,20,20
38,3091,0.0978931881958792,3.115690125524671e-08,0.046574464554840746,0.8555323160923787,25,20,20
38,3092,0.09789318819845053,3.115714359915553e-08,0.04694752029618715,0.8551592603482188,25,20,20
38,3093,0.09789318819863264,3.115714789064612e-08,0.04694915508561462,0.8551576255586048,25,20,20
38,3094,0.09789318819863264,3.1157147893242e-08,0.04694926898167344,0.855157511662546,25,20,20
38,3095,0.09789318819867782,3.117096105396349e-08,0.04732333583478595,0.8547834447955752,25,20,20
38,3096,0.09789318819863345,3.1157392560858775e-08,0.04695399001846912,0.8551527906255048,25,20,20
38,3097,0.09789318819845137,3.115738819414526e-08,0.04695226781674393,0.8551545128274165,25,20,20
38,3098,0.09789318819863309,3.11573882705812e-08,0.047044454193010496,0.855062326450968,25,20,20
38,3099,0.09789318819845462,3.1157388196786384e-08,0.046956915773277624,0.8551498648708795,25,20,20
38,3100,0.09789318819845459,3.115738812305892e-08,0.04682749921344924,0.855279281430708,25,20,20
38,3101,0.09789286062979968,2.3353997773465e-10,0.03428791453421578,0.8678192246024444,25,20,20
38,3102,0.09789286062980286,2.335400529951346e-10,0.03429250435041877,0.8678146347862382,25,20,20
38,3103,0.09789286062998499,2.335486335516955e-10,0.034299110595590356,0.8678080285408758,25,20,20
38,3104,0.0978928606298532,2.2346418990214704e-10,0.023245366498379622,0.8788617726483027,25,20,20
38,3105,0.09789286062985315,2.2346433914739242e-10,0.023245365756036793,0.8788617733906454,25,20,20
38,3106,0.09789286062980765,2.234643378615249e-10,0.023238747009014897,0.878868392137713,25,20,20
38,3107,0.10477413193395572,1.8501459576549799e-07,0.0163564494045909,0.8788692336468575,25,20,20
38,3108,0.07964656762982908,4.265670832209732e-08,0.04148505287143844,0.8788683368420236,25,20,20
38,3109,0.08523336379248668,5.774501811754584e-08,0.03596619219763841,0.8788003862648562,25,20,20
38,3110,0.08523336393995887,5.77450224679112e-08,0.03609393645964684,0.8786726418553714,25,20,20
38,3111,0.08523336393982187,5.7745256228707215e-08,0.036460450950166486,0.878306127364755,25,20,20
38,3112,0.08523336393982425,5.774525622870727e-08,0.036460417555946464,0.8783061607589727,25,20,20
38,3113,0.08523336393982425,5.774525201437038e-08,0.036453894169267684,0.8783126841456557,25,20,20
38,3114,0.08523336393982434,5.774525209096071e-08,0.03645384417021561,0.8783127341447077,25,20,20
38,3115,0.08523336393725302,5.774500974967014e-08,0.03608082290976347,0.8786857554079733,25,20,20
38,3116,0.11165014606382094,2.4864537450767e-07,0.009663850002802905,0.8786857552880015,25,20,20
38,3117,0.11165014606638896,2.4865918767062925e-07,0.010033267875129323,0.8783163373992938,25,20,20
38,3118,0.11165014606638893,2.4865918759665813e-07,0.010033153985535434,0.8783164512888879,25,20,20
38,3119,0.11165014606638893,2.4865918759665813e-07,0.01003315397526024,0.8783164512991631,25,20,20
38,3120,0.10653100457584114,1.8689121613535525e-08,0.015152524855745097,0.878316451879292,25,20,20
38,3121,0.10653100472344783,1.8689365741573957e-08,0.015245992231355737,0.8782229843558305,25,20,20
38,3122,0.106531004723451,1.868936988218434e-08,0.015245993655524344,0.8782229829316548,25,20,20
38,3123,0.10653100472345098,1.8689369808172387e-08,0.015512243734923367,0.877956732852256,25,20,20
38,3124,0.1191768300386828,2.009425484708383e-08,0.0028664171779483466,0.877956732689114,25,20,20
38,3125,0.1191768294491472,2.008036409587258e-08,0.002714384326307854,0.8781087661441808,25,20,20
38,3126,0.11917682944910207,2.008012175452042e-08,0.002341376718886463,0.8784817737518896,25,20,20
38,3127,0.11917682944891993,2.0079877142844615e-08,0.0023390528695367576,0.8784840976016661,25,20,20
38,3128,0.11917682944891993,2.0079877218719182e-08,0.0027121558532848078,0.8781109946179181,25,20,20
38,3129,0.11945357282022397,1.510738536872045e-08,0.002435417877549541,0.8781109941948411,25,20,20
38,3130,0.11945357281765272,1.5093572204439953e-08,0.002067840375462841,0.8784785717133122,25,20,20
38,3131,0.11945699274663504,1.5093571740179127e-08,0.002064420446609597,0.8784785717131837,25,20,20
38,3132,0.11945699274664143,1.509357174223764e-08,0.001691427896236037,0.8788515642635508,25,20,20
38,3133,0.11945699259903476,1.509333186450594e-08,0.0019710624184149307,0.8785719298892185,25,20,20
38,3134,0.11945699259885263,1.5093087269553534e-08,0.0019662299505211504,0.8785767623575389,25,20,20
38,3135,0.11945699259885263,1.5093087195613663e-08,0.001966231112438408,0.8785767611956217,25,20,20
38,3136,0.11945699259884951,1.509332524841964e-08,0.0023346494132112376,0.878208342894614,25,20,20
38,3137,0.11945699259884947,1.5093325323630348e-08,0.002341225767114721,0.8782017665407105,25,20,20
38,3138,0.11945699259884947,1.5093325323607173e-08,0.002341224682331545,0.8782017676254936,25,20,20
38,3139,0.11945699259902522,1.5093325396234816e-08,0.002341279490672405,0.878201712816977,25,20,20
38,3140,0.1194569925990276,1.509332531083901e-08,0.002343149024659356,0.8781998432829878,25,20,20
38,3141,0.11945699259902762,1.509356989175767e-08,0.002083520881042868,0.8784594714263598,25,20,20
38,3142,0.119983239493579,1.2311816183938375e-12,0.0015572903556338425,0.8784594701495559,25,20,20
38,3143,0.11998323949357896,1.2269299915603048e-12,0.0011842689272024368,0.8788324915779917,25,20,20
38,3144,0.1199811591691752,1.228341520597023e-12,0.0011863492514762454,0.8788324915781202,25,20,20
38,3145,0.11998115916917516,1.2284154692701853e-12,0.0011816747766070508,0.8788371660529894,25,20,20
38,3146,0.11998115902170536,1.2283534309996247e-12,0.0010604166971331882,0.8789584242799332,25,20,20
38,3147,0.11998115902188745,1.5167583511420713e-11,0.001066133432555707,0.8789527075303891,25,20,20
38,3148,0.11998115903220016,2.9017877341061158e-11,0.0012412888314802758,0.8787775521073016,25,20,20
38,3149,0.11998115903220094,2.9017952655061766e-11,0.0012414067842805036,0.8787774341545007,25,20,20
38,3150,0.119981159034456,7.752902779996612e-10,0.0036827930661290148,0.8763360471241248,25,20,20
38,3151,0.11998656426138421,7.752903124335085e-10,0.003677387839200572,0.8763360471241249,25,20,20
38,3152,0.1199865642613834,7.752902397597103e-10,0.0036773523593808216,0.8763360826039456,25,20,20
38,3153,0.11998656426120131,7.613510105017098e-10,0.0039313637490037716,0.876082071228444,25,20,20
38,3154,0.11998656426120212,7.613510104889316e-10,0.003937941768038793,0.876075493209408,25,20,20
38,3155,0.1199865642611989,7.613467208409215e-10,0.003931305014781659,0.8760821299626727,25,20,20
38,3156,0.11998656426119891,7.613467208409187e-10,0.003931384117018025,0.8760820508604364,25,20,20
38,3157,0.11998656426119897,7.613467961093715e-10,0.0039313848680840755,0.8760820501093702,25,20,20
38,3158,0.1196056549884913,7.630056037958202e-10,0.0043122941243411,0.8760820501241621,25,20,20
38,3159,0.1196056549884921,7.632501847199993e-10,0.004318918093032017,0.8760754261552259,25,20,20
38,3160,0.11960565497822379,7.630114065836112e-10,0.00405916684659234,0.8763351774121726,25,20,20
38,3161,0.11960565497822379,7.630156242390848e-10,0.004052757084008334,0.8763415871747524,25,20,20
38,3162,0.1196056549784027,7.632601930140971e-10,0.004061577420016675,0.8763327668383206,25,20,20
38,3163,0.11960565497840508,7.632601917077237e-10,0.004066163045601299,0.8763281812127336,25,20,20
38,3164,0.11960565497840829,7.632602669990241e-10,0.004066166475649857,0.8763281777826818,25,20,20
38,3165,0.11960565497840907,7.630156848233116e-10,0.004061741703194444,0.8763326025553809,25,20,20
38,3166,0.11960565497840907,7.630156835715099e-10,0.004061740814884982,0.8763326034436903,25,20,20
38,3167,0.119605654978409,7.630156835627262e-10,0.004066326760891796,0.8763280174976836,25,20,20
38,3168,0.11960565497840893,7.630156095678488e-10,0.004066410178435016,0.8763279340801405,25,20,20
38,3169,0.11960565497840893,7.63015682218517e-10,0.00406637628440184,0.8763279679741736,25,20,20
38,3170,0.1196056549783634,7.630113912914287e-10,0.00405988194780291,0.8763344623108221,25,20,20
38,3171,0.1196056549783602,7.627668077723167e-10,0.0040532933771282535,0.8763410508817445,25,20,20
38,3172,0.1196056549783602,7.627667325126476e-10,0.004048706680055389,0.8763456375788173,25,20,20
38,3173,0.11960565497818253,7.625237408147146e-10,0.0037870912872529816,0.8766072529720406,25,20,20
38,3174,0.1196056549781794,7.627682477750004e-10,0.003789092034557705,0.8766052522244944,25,20,20
38,3175,0.1196056549781786,7.627639548405076e-10,0.0037888947546958294,0.8766054495043614,25,20,20
38,3176,0.11960565497817865,7.62768321000324e-10,0.003795500171537335,0.8765988440875155,25,20,20
38,3177,0.11960565497817865,7.62772612637077e-10,0.003795697416178701,0.8765986468428699,25,20,20
38,3178,0.11960565497818265,7.630171847033466e-10,0.0038041637562020295,0.8765901805025981,25,20,20
38,3179,0.11960565496786991,7.491668170791191e-10,0.003536795130331408,0.8768575491526319,25,20,20
38,3180,0.1196056549678707,7.491668175890228e-10,0.003270580101091471,0.8771237641818708,25,20,20
38,3181,0.11960565496786671,7.489223194711676e-10,0.0032620816787422863,0.8771322626044684,25,20,20
38,3182,0.11960565496786671,7.489223207688999e-10,0.0032621136814941576,0.8771322306017163,25,20,20
38,3183,0.11960565496786676,7.489266103976788e-10,0.0032686390891608795,0.8771257051940452,25,20,20
38,3184,0.11960565496786359,7.489265338310133e-10,0.0032685551593520257,0.8771257891238574,25,20,20
38,3185,0.11960565496786359,7.489266065045369e-10,0.0032685924548204225,0.8771257518283889,25,20,20
38,3186,0.11960565496786357,7.489223901467931e-10,0.003274999974723014,0.8771193443084906,25,20,20
38,3187,0.11960565497824634,7.628678914386815e-10,0.0032797883038795605,0.8771145559550056,25,20,20
38,3188,0.11960565497824628,7.626233092180925e-10,0.0032796902742867635,0.8771146539848431,25,20,20
38,3189,0.11960565497824634,7.628662295866472e-10,0.003545959727447699,0.8768483845314391,25,20,20
38,3190,0.11960565498862724,7.631108985365183e-10,0.0035441899094749603,0.8768501543387863,25,20,20
38,3191,0.11800526079033745,1.797715009523991e-09,0.005144488261681954,0.876850249150265,25,20,20
38,3192,0.11800526080071856,1.7979553205627584e-09,0.005141791137827945,0.8768529462634976,25,20,20
38,3193,0.1179951488845753,1.890453788974548e-09,0.0051519025207279615,0.8768529467042425,25,20,20
38,3194,0.11799514887419757,1.8902091213221436e-09,0.005148769536551631,0.8768560796990412,25,20,20
38,3195,0.11799514887419518,1.890452116444868e-09,0.00541041852412933,0.876594430711223,25,20,20
38,3196,0.11799514887420154,1.890452116442057e-09,0.005530254325733789,0.8764745949096121,25,20,20
38,3197,0.11799514886381796,1.8765066151278756e-09,0.005523266814818957,0.876481582444856,25,20,20
38,3198,0.10652958567764152,5.5424443592376275e-09,0.016988826749173788,0.8764815820307399,25,20,20
38,3199,0.09599771035243768,5.018468250861836e-09,0.027520796161188955,0.8764814884679042,25,20,20
38,3200,0.09599771035243768,5.018468175615994e-09,0.027520756700744893,0.8764815279283485,25,20,20
38,3201,0.09599771035243848,5.018472465244577e-09,0.027527282120337934,0.8764750025087504,25,20,20
38,3202,0.09599771035243848,5.018472391295757e-09,0.027527280117601406,0.876475004511487,25,20,20
38,3203,0.09599771035225643,5.018227745954878e-09,0.027518457755372636,0.8764838268741425,25,20,20
38,3204,0.09599771035225643,5.018227670675869e-09,0.02751185299082869,0.8764904316386866,25,20,20
38,3205,0.09599771035225645,5.018227670676603e-09,0.027514173041976155,0.876488111587539,25,20,20
38,3206,0.09599771035230117,5.017983163720524e-09,0.027521474568287813,0.8764808100614272,25,20,20
38,3207,0.09624953774569367,5.1975786069562044e-09,0.027269621964518133,0.8764808350922091,25,20,20
38,3208,0.09624953774569368,5.197578606978767e-09,0.02727615247934196,0.8764743045773854,25,20,20
38,3209,0.09624953774569374,5.197578756194131e-09,0.027276112289878154,0.8764743447668489,25,20,20
38,3210,0.09624953774569293,5.197578680925262e-09,0.027276108825141167,0.8764743482315868,25,20,20
38,3211,0.09624953774569293,5.197578682222605e-09,0.027276110325675323,0.8764743467310526,25,20,20
38,3212,0.09624953774586832,5.19757868356374e-09,0.027253980759876114,0.8764964762966766,25,20,20
38,3213,0.09624953774605244,5.1975830961804885e-09,0.027520747931283965,0.8762297091250802,25,20,20
38,3214,0.09624953774609796,5.197587387107571e-09,0.027527242267882862,0.8762232147884313,25,20,20
38,3215,0.09624953774609804,5.197594968069919e-09,0.03218599429856381,0.8715644627577429,25,20,20
38,3216,0.09624953774591948,5.1975950420009356e-09,0.032088256096404484,0.8716622009600806,25,20,20
38,3217,0.09624953774591948,5.197595043321844e-09,0.03208829466856987,0.8716621623879154,25,20,20
38,3218,0.09624953774591628,5.197594968075678e-09,0.032088325109116536,0.871662131947372,25,20,20
38,3219,0.09550324479549648,7.909363930198094e-07,0.032833701007934174,0.8716622632601759,25,20,20
38,3220,0.09550324479549648,7.909363930184884e-07,0.032833586072084905,0.8716623781960253,25,20,20
38,3221,0.09550324479549904,7.909479054050366e-07,0.03884435651180099,0.8656516077447942,25,20,20
38,3222,0.08138414846365771,1.813915942087516e-08,0.047132980380021984,0.8714828530171606,25,20,20
38,3223,0.05719914411054099,1.4540322779626928e-06,0.07131631214562817,0.8714830897115526,25,20,20
38,3224,0.057199144120923105,1.4540322865446528e-06,0.0713099876969885,0.8714894141498015,25,20,20
38,3225,0.05719914412092306,1.454032286545928e-06,0.07131001968737616,0.871489382159414,25,20,20
38,3226,0.05719914412092301,1.4540322863954144e-06,0.07130364546404513,0.8714957563827451,25,20,20
38,3227,0.05719914412110513,1.4540461698508883e-06,0.07147377871212035,0.8713256231206046,25,20,20
38,3228,0.05733039961288055,1.4538649141534156e-06,0.07134254844730745,0.8713255980748975,25,20,20
38,3229,0.0487068707326822,2.9104429428386806e-06,0.08578910453503039,0.865501114289345,25,20,20
38,3230,0.07833721902319482,1.4404269448461617e-06,0.05616711957866584,0.8654942209711943,25,20,20
38,3231,0.07833721902319798,1.4404269372638931e-06,0.051777026129186915,0.8698843144206778,25,20,20
38,3232,0.07833721903357956,1.4404269374144689e-06,0.05177910977741103,0.8698822307620719,25,20,20
38,3233,0.07833721903114559,1.439694604242603e-06,0.04934987920678631,0.8723114620674639,25,20,20
38,3234,0.07833721903096348,1.4396807250769392e-06,0.049182048994042396,0.872479292294269,25,20,20
38,3235,0.07833721903096351,1.4396804870147346e-06,0.04890123455138754,0.872760106737162,25,20,20
38,3236,0.07833721903096351,1.4396804870147348e-06,0.04890123455138751,0.872760106737162,25,20,20
38,3237,0.07833721903091799,1.439680486940767e-06,0.04888730905638497,0.8727740322322102,25,20,20
38,3238,0.0783372190309148,1.4396665477133043e-06,0.048881592282146835,0.8727797490203908,25,20,20
38,3239,0.0783372190309148,1.4396665477133168e-06,0.048875071276310834,0.8727862700262267,25,20,20
38,3240,0.07833721903073387,1.439666543303319e-06,0.04860838736931217,0.8730529539334106,25,20,20
38,3241,0.07833721903073382,1.4396665390880626e-06,0.04897678680133054,0.8726845545013966,25,20,20
38,3242,0.0843325265938352,1.4396638837176848e-06,0.04298147954523621,0.8726845541970448,25,20,20
38,3243,0.08433252659378974,1.4396776925887778e-06,0.043349052093676316,0.8723169816348413,25,20,20
38,3244,0.08433252659378974,1.4396776925997255e-06,0.043259110883156954,0.8724069228453607,25,20,20
38,3245,0.08433252659378976,1.4396776926762922e-06,0.04325919396204973,0.8724068397664676,25,20,20
38,3246,0.08433252659379216,1.4396776885355568e-06,0.04334488192254832,0.8723211518059709,25,20,20
38,3247,0.08433252659383837,1.4396659374453453e-06,0.03707010091727448,0.8785959328229497,25,20,20
38,3248,0.0843329406503055,1.4793749336803565e-06,0.04261351062870069,0.8730520693460605,25,20,20
38,3249,0.08433294065030232,1.4793749337530068e-06,0.04260888913454874,0.8730566908402156,25,20,20
38,3250,0.08433294065030304,1.4793611206662558e-06,0.04223482571424679,0.8734307542743299,25,20,20
38,3251,0.08433294063992268,1.4793611205852839e-06,0.042235751833173636,0.8734298281657833,25,20,20
38,3252,0.08433294062954509,1.4793611205126148e-06,0.04223575645823506,0.8734298235510994,25,20,20
38,3253,0.0843329406295459,1.4793611204373468e-06,0.042249679939307686,0.8734159000700261,25,20,20
38,3254,0.08433294062954669,1.4793611220569276e-06,0.041985065099669754,0.8736805149096611,25,20,20
38,3255,0.0800114417937125,3.971762215519337e-08,0.0463082402622711,0.8736802782263937,25,20,20
38,3256,0.06941316323964748,4.6455913650082783e-07,0.05690604099393146,0.8736803312072839,25,20,20
38,3257,0.06941316323965069,4.6455913657550877e-07,0.056534606255993776,0.8740517659452182,25,20,20
38,3258,0.06941316324223852,4.645591365618529e-07,0.05666227955010645,0.8739240926485178,25,20,20
38,3259,0.06941316324223766,4.6455889194665696e-07,0.05666054189300837,0.8739258303058612,25,20,20
38,3260,0.06941316323964976,4.6455888766763313e-07,0.056530504367998946,0.8740558678334629,25,20,20
38,3261,0.06941316323969449,4.645591322682292e-07,0.056534301787083976,0.8740520704140886,25,20,20
38,3262,0.06941316323969128,4.6455913234350654e-07,0.0562655597795629,0.8743208124216127,25,20,20
38,3263,0.06941317160306208,4.6534736686868925e-07,0.05659312271905298,0.8739932403305174,25,20,20
38,3264,0.06941317160306211,4.653473667220728e-07,0.05659625218592039,0.8739901108636501,25,20,20
38,3265,0.0655047952996973,4.653473617143068e-07,0.060504628146979524,0.8739901112059608,25,20,20
38,3266,0.06556004815203488,4.948725172110669e-07,0.060449069134887665,0.8739903878405596,25,20,20
38,3267,0.06556003978866089,4.940842826092759e-07,0.060119341904043014,0.8743201242230129,25,20,20
38,3268,0.06556003978866007,4.940842826832469e-07,0.060105364367483066,0.8743341017595736,25,20,20
38,3269,0.06556003978883894,4.94084291261184e-07,0.06010717432177395,0.8743322918050953,25,20,20
38,3270,0.06556003978883894,4.940842912611707e-07,0.06048025504921536,0.8739592110776541,25,20,20
38,3271,0.06556004038025862,4.940982220581641e-07,0.060485969068047284,0.8739534964534715,25,20,20
38,3272,0.06556004038025863,4.940982263484808e-07,0.06048605187781116,0.8739534136437033,25,20,20
38,3273,0.06556004038025863,4.940982220573276e-07,0.060481430207707444,0.8739580353138113,25,20,20
38,3274,0.06556004039063942,4.940979775389841e-07,0.06047890790157452,0.8739605576098082,25,20,20
38,3275,0.06556004039063942,4.940979775389841e-07,0.06047890790157458,0.8739605576098082,25,20,20
38,3276,0.06556004039064027,4.940979817454672e-07,0.060571184908015316,0.8738682806033625,25,20,20
38,3277,0.0655600403908207,4.948852967327164e-07,0.06094673372198676,0.8734927310018956,25,20,20
38,3278,0.06556004039086535,4.948992317549986e-07,0.06086674723721336,0.8735727174726894,25,20,20
38,3279,0.061469618243333704,1.0532953813937456e-05,0.06494718430607718,0.8735726644967751,25,20,20
38,3280,0.06146961824333691,1.053295381408801e-05,0.06494887360210477,0.873570975200744,25,20,20
38,3281,0.061469618243518695,1.0532954061271453e-05,0.06521519106817868,0.8733046577342413,25,20,20
38,3282,0.06146961824356396,1.0532954065537395e-05,0.06546689035655887,0.8730529584458115,25,20,20
38,3283,0.07573747874419645,7.518506029053754e-08,0.05120809556941424,0.873054350501329,25,20,20
38,3284,0.07573747875457736,7.518530488550697e-08,0.05121285052525549,0.8730495955348622,25,20,20
38,3285,0.07573747875453182,7.518506028359084e-08,0.051209018260229486,0.8730534278001782,25,20,20
38,3286,0.07573747875453182,7.518506457388432e-08,0.05120913168981939,0.8730533143705841,25,20,20
38,3287,0.07573747875452949,7.518506453388443e-08,0.051582045983178205,0.8726804000772276,25,20,20
38,3288,0.0757374787545263,7.51850646078557e-08,0.051580424839002915,0.8726820212214063,25,20,20
38,3289,0.07573747874414857,7.51848242290789e-08,0.05157721112812078,0.8726852349429065,25,20,20
38,3290,0.07573747873377017,7.597097707843396e-08,0.05200934046233459,0.8722531048329182,25,20,20
38,3291,0.07573747873377021,7.597097707845633e-08,0.05200930849472016,0.8722531368005325,25,20,20
38,3292,0.07573747873381573,7.598491638379378e-08,0.05202154756731946,0.8722408977139484,25,20,20
38,3293,0.07589452802024063,7.600807815464562e-08,0.051865864933202416,0.8722395310384787,25,20,20
38,3294,0.07589452802019511,7.599414311367974e-08,0.05211987665567115,0.8719855193299907,25,20,20
38,3295,0.07589452802019432,7.599414326290165e-08,0.0521244239756409,0.8719809720100214,25,20,20
38,3296,0.036175994371748704,7.086179811699192e-08,0.0918429881406802,0.8719809466257729,25,20,20
38,3297,0.03617599378014697,7.084785881341351e-08,0.09183074894788625,0.8719931864241078,25,20,20
38,3298,0.03617599436798415,7.08481017324957e-08,0.09209744640118396,0.87172648838273,25,20,20
38,3299,0.07558671587747909,7.092131659013646e-08,0.052608994646993965,0.8718042185542103,25,20,20
38,3300,0.07558671528964192,7.092107359710544e-08,0.052342216147752224,0.8720709976415323,25,20,20
38,3301,0.07558671528982358,7.092107780488696e-08,0.05243443607419808,0.8719787777149004,25,20,20
38,3302,0.07558630171772973,2.1447777818859177e-06,0.05414909015745789,0.8702624633470305,25,20,20
38,3303,0.0755863023093315,2.1447917254054164e-06,0.0541613306347283,0.8702502222642147,25,20,20
38,3304,0.07558630230933151,2.1447919641379714e-06,0.05416134987970533,0.8702502030189989,25,20,20
38,3305,0.07558630230933155,2.144791963990046e-06,0.054156651426208666,0.8702549014724957,25,20,20
38,3306,0.07558630230933155,2.1447919639887487e-06,0.054156618618052245,0.8702549342806524,25,20,20
38,3307,0.07558630230915113,2.1440046490010164e-06,0.05378557669635565,0.8706259769898443,25,20,20
38,3308,0.07558630229876905,2.1440048844791285e-06,0.05387759288597243,0.8705339608103742,25,20,20
38,3309,0.07558630229895116,2.1440046405682977e-06,0.05378546219891067,0.8706260914974976,25,20,20
38,3310,0.0755863022989511,2.144004640567e-06,0.05379198670855015,0.8706195669878583,25,20,20
38,3311,0.07558630229913002,2.1440048850126953e-06,0.05379513292821327,0.8706164207677718,25,20,20
38,3312,0.0755863022990845,2.14399094578393e-06,0.0537828944625465,0.8706286592474233,25,20,20
38,3313,0.07558630229908131,2.1439909414924694e-06,0.05378130803120173,0.8706302456787754,25,20,20
38,3314,0.0755863022990821,2.1440048398324297e-06,0.05391084792102529,0.8705007057750528,25,20,20
38,3315,0.07558630181470885,3.043938334877397e-08,0.04678230472996149,0.8776313630159462,25,20,20
38,3316,0.07558630181470892,3.0439387640164876e-08,0.046784582286976344,0.8776290854589271,25,20,20
38,3317,0.07558630181470892,3.043938764144003e-08,0.046784582287499175,0.8776290854584043,25,20,20
38,3318,0.07558630182354303,3.043959480777533e-08,0.0527929235954834,0.8716207441413786,25,20,20
38,3319,0.07558630182354302,3.0439839262999996e-08,0.052796041583497474,0.8716176261531201,25,20,20
38,3320,0.07558630182353993,2.9667627060497484e-08,0.052369844916006415,0.8720438235928266,25,20,20
38,3321,0.0755863018235399,2.9667383302036027e-08,0.052240438164833564,0.8721732303442432,25,20,20
38,3322,0.0755863018235399,2.966737901350108e-08,0.05223577398925637,0.8721778945198246,25,20,20
38,3323,0.07558630182349031,2.9667374646759432e-08,0.05223343204203456,0.8721802364671005,25,20,20
38,3324,0.0755863018234903,2.966713164985603e-08,0.051967118107398486,0.8724465504019796,25,20,20
38,3325,0.07949127963322199,2.9668676713212715e-08,0.04806214105646707,0.8724465496416343,25,20,20
38,3326,0.07949127963304027,2.9668672506716438e-08,0.0479764428157157,0.8725322478825717,25,20,20
38,3327,0.0556441462219461,0.0003671247673077559,0.07153419206167656,0.8724545369490694,25,20,20
38,3328,0.07308072375405414,3.385435704622901e-08,0.05446358278801979,0.8724556596035691,25,20,20
38,3329,0.07308072375405414,3.385436133652249e-08,0.054463741459885584,0.8724555009316991,25,20,20
38,3330,0.07308848645887416,3.385276581876606e-08,0.05445597876439434,0.8724555009239658,25,20,20
38,3331,0.07308848645887416,3.385276589402548e-08,0.05446064202504769,0.8724508376633124,25,20,20
38,3332,0.0730884864588741,3.38527659666765e-08,0.05446075446725352,0.8724507252211066,25,20,20
38,3333,0.07308848645882886,3.385276170203128e-08,0.0542091690673312,0.8727023106210784,25,20,20
38,3334,0.07308848645882886,3.385276162545475e-08,0.054202564302944116,0.8727089153854657,25,20,20
38,3335,0.07308848645882805,3.383886328549422e-08,0.0540730244129042,0.8728384552894046,25,20,20
38,3336,0.07308848645882805,3.3838863282876376e-08,0.054072943912945794,0.8728385357893633,25,20,20
38,3337,0.073088486458828,3.3824926850545834e-08,0.05406940219325542,0.8728420775229901,25,20,20
38,3338,0.073088486458828,3.382492685054499e-08,0.054075966966660276,0.8728355127495854,25,20,20
38,3339,0.07308848645864588,3.382468225427208e-08,0.054071131440871126,0.8728403482758011,25,20,20
38,3340,0.07308848645864663,3.3824682254959966e-08,0.05406472222742186,0.8728467574892497,25,20,20
38,3341,0.0730884864586498,3.3824686532716715e-08,0.05419414097645097,0.8727173387402132,25,20,20
38,3342,0.07308848645869533,3.383862776705802e-08,0.054201141012194025,0.8727103386904834,25,20,20
38,3343,0.07308848645887428,3.383862363854189e-08,0.05407177161881114,0.8728397080836915,25,20,20
38,3344,0.07308848645887506,3.383862356459399e-08,0.05407613224503579,0.872835347457466,25,20,20
38,3345,0.07308848645869294,3.383837895883097e-08,0.054072851012917554,0.8728386286900109,25,20,20
38,3346,0.07308848645873846,3.3852319609649856e-08,0.05408098104988857,0.8728304986390537,25,20,20
38,3347,0.07308848645873767,3.385231531803547e-08,0.05408086482096366,0.8728306148679837,25,20,20
38,3348,0.07308848645873846,3.3852315244073783e-08,0.054076317541613135,0.8728351621473336,25,20,20
38,3349,0.0800683829591463,2.9575508431883308e-08,0.047097567211133916,0.8728340202542116,25,20,20
38,3350,0.08006838295918473,2.958726919194763e-08,0.05334697173070712,0.8665846157228393,25,20,20
38,3351,0.08006838295918473,2.9587269193267734e-08,0.05334697372816147,0.866584613725385,25,20,20
38,3352,0.08006838354954865,2.9587243527080473e-08,0.05343288778549884,0.8664986990777092,25,20,20
38,3353,0.08006838295794688,2.9573300006275e-08,0.05342526607512833,0.8665063213936248,25,20,20
38,3354,0.08006630766133965,2.9573300513679567e-08,0.053427341371859116,0.8665063213935009,25,20,20
38,3355,0.0800663076613044,2.956153974375566e-08,0.04727004766222951,0.8726636151149265,25,20,20
38,3356,0.08006630766130442,2.9561539816407176e-08,0.04726352598115913,0.8726701367959968,25,20,20
38,3357,0.04164672623361762,7.230908890726071e-08,0.08567145479305122,0.872681746664242,25,20,20
38,3358,0.041646726224826534,7.230888166841099e-08,0.07970304712401415,0.8786501543422776,25,20,20
38,3359,0.041646726224644756,7.230863448625713e-08,0.07944140246844912,0.8789117989982715,25,20,20
38,3360,0.04164672622464158,7.23086302797941e-08,0.07934912344797816,0.8790040780187499,25,20,20
38,3361,0.04161783214202768,4.302646552631996e-08,0.07895041918008058,0.879431705651426,25,20,20
38,3362,0.04161783214202768,4.302646552634233e-08,0.0789504191802581,0.8794317056512486,25,20,20
38,3363,0.04161783214202848,4.302646974269625e-08,0.07894591461610734,0.8794362102153944,25,20,20
38,3364,0.04161783214202848,4.3026469742696234e-08,0.0789459964972338,0.879436128334268,25,20,20
38,3365,0.041617832142028535,4.302646981926035e-08,0.07894761744939516,0.8794345073821066,25,20,20
38,3366,0.04161783214198234,4.302647284773131e-08,0.08987330496364612,0.8685088198678992,25,20,20
38,3367,0.04059489463436527,3.2577861401319577e-07,0.09089595888940495,0.8685088206976165,25,20,20
38,3368,0.04059489463436527,3.257786140118982e-07,0.09089379590320938,0.868510983683812,25,20,20
38,3369,0.040594894634364484,3.257786097942513e-07,0.09089587839924039,0.8685089011877859,25,20,20
38,3370,0.04059489463436454,3.2577860979426034e-07,0.09089129243735877,0.8685134871496675,25,20,20
38,3371,0.04059489463436534,3.257786140717553e-07,0.09102070614547145,0.8683840734415498,25,20,20
38,3372,0.04059489463432067,3.2576516253628685e-07,0.09101724110513666,0.8683875384953805,25,20,20
38,3373,0.040594894634319825,3.257654028934604e-07,0.09064649047688192,0.868758289123396,25,20,20
38,3374,0.04059489463432306,3.257654028948043e-07,0.09063999312475224,0.8687647864755224,25,20,20
38,3375,0.03984635690303952,3.070362797903034e-07,0.09139993053282451,0.8687534055278566,25,20,20
38,3376,0.039846356903040316,3.070362799395444e-07,0.09140004342837722,0.8687532926323028,25,20,20
38,3377,0.039846357490867935,3.070365187122639e-07,0.091662765198617,0.8684905702739968,25,20,20
38,3378,0.03984635749090817,3.070367348329718e-07,0.09632207475193173,0.8638312607204257,25,20,20
38,3379,0.040864816595738034,2.4284624070844825e-08,0.09530389922106948,0.8638312598985687,25,20,20
38,3380,0.06948381932347429,3.983074778612893e-10,0.06668413529324975,0.8638320449849686,25,20,20
38,3381,0.06948381932606837,3.9782686988559816e-10,0.06668864508629825,0.8638275351898066,25,20,20
38,3382,0.0694826950486049,3.9782445901373404e-10,0.06668976894600077,0.86382753560757,25,20,20
38,3383,0.06948269504883182,3.975884043279892e-10,0.0668172984279965,0.8637000061255833,25,20,20
38,3384,0.06948270340326725,1.9728443112645726e-09,0.05613169593971916,0.8743855986841693,25,20,20
38,3385,0.06948270340326719,1.972844235995652e-09,0.05613161428287269,0.8743856803410156,25,20,20
38,3386,0.06948270340326718,1.9728441620286025e-09,0.056129336516734345,0.8743879581071542,25,20,20
38,3387,0.06948493923901196,1.972843672907714e-09,0.056127101106482696,0.8743879576816614,25,20,20
38,3388,0.06948493923901192,1.972843596343604e-09,0.05612547758112253,0.8743895812070218,25,20,20
38,3389,0.06948493923901271,1.9728435976637283e-09,0.05612547961853654,0.874389579169607,25,20,20
38,3390,0.06948493923901272,1.9728436716344456e-09,0.056125593506105444,0.874389465282038,25,20,20
38,3391,0.06948493923883058,1.972843521073734e-09,0.05612542767870406,0.8743896311096216,25,20,20
38,3392,0.06948493923882813,1.972843595044451e-09,0.056125439181388195,0.8743896196069398,25,20,20
38,3393,0.0694849392387887,1.972627532067399e-09,0.05612491324558234,0.8743901455430013,25,20,20
38,3394,0.06944426272530513,1.7215819682432457e-09,0.056593494315139097,0.8739622412379734,25,20,20
38,3395,0.06944426272530513,1.721581966923142e-09,0.056593574784497266,0.8739621607686152,25,20,20
38,3396,0.06944426213747751,1.721338903072914e-09,0.056326150884370554,0.8742295852568127,25,20,20
38,3397,0.06944426213488257,1.7213303217270237e-09,0.05631686220559483,0.8742388739381919,25,20,20
38,3398,0.041253728415640796,1.5680826118119366e-06,0.08450684279444788,0.8742378607072997,25,20,20
38,3399,0.041253728415640796,1.568082611813257e-06,0.08450684480217738,0.8742378586995702,25,20,20
38,3400,0.041253728415640796,1.5680826118145776e-06,0.08450676434309436,0.874237939158653,25,20,20
38,3401,0.041253728415640775,1.5680826118885524e-06,0.08413834687636233,0.8746063566253851,25,20,20
38,3402,0.041253728418208124,1.5688687648156969e-06,0.08457278739832824,0.8741719153146988,25,20,20
38,3403,0.04125372841820814,1.5688687691081481e-06,0.08457740906913236,0.8741672936438905,25,20,20
38,3404,0.041253728418388785,1.5696569997536515e-06,0.08490728198113356,0.873837419943478,25,20,20
38,3405,0.04125372841839198,1.5696569998302185e-06,0.08490736647643247,0.873837335448176,25,20,20
38,3406,0.04125372782798332,1.5696433288456057e-06,0.08482115742593732,0.8739235451027508,25,20,20
38,3407,0.04125372782798251,1.5696433286950452e-06,0.08482096406513355,0.8739237384635556,25,20,20
38,3408,0.0412537278279825,1.569643324477877e-06,0.0848209617603918,0.8739237407683017,25,20,20
38,3409,0.0794777762475818,3.168806446269026e-09,0.04659848053241818,0.8739237400511936,25,20,20
38,3410,0.07947777624758261,3.16880644886488e-09,0.0466052137346239,0.8739170068489871,25,20,20
38,3411,0.0794777762475801,3.168806436894483e-09,0.05285500041638886,0.8676672201672245,25,20,20
38,3412,0.07947654473833954,3.1776239693374438e-09,0.05285622952054576,0.8676672225634904,25,20,20
38,3413,0.07947654473833957,3.1776238953523695e-09,0.052858134699783205,0.8676653173842531,25,20,20
38,3414,0.0794765363839041,1.6023648835652922e-09,0.05249052338871259,0.8680329386250182,25,20,20
38,3415,0.0794765363839041,1.602364810900546e-09,0.05248593649345439,0.8680375255202765,25,20,20
38,3416,0.07947653638390337,1.6023648830722946e-09,0.05274553506073338,0.8677779269529983,25,20,20
38,3417,0.07947653638390416,1.6026079521567767e-09,0.053007185963861725,0.8675162760496259,25,20,20
38,3418,0.07947653638372672,8.143773819225843e-10,0.05267739554952822,0.8678460672523676,25,20,20
38,3419,0.07947653638372672,8.143774558937076e-10,0.052677509403825144,0.8678459533980707,25,20,20
38,3420,0.07947653638115935,2.822460271165711e-11,0.05224776870700452,0.8682756948836114,25,20,20
38,3421,0.07947653638115935,2.822460143650734e-11,0.05224116227048068,0.8682823013201353,25,20,20
38,3422,0.07947653638115615,2.8224524869841714e-11,0.052241158805902146,0.8682823047847171,25,20,20
38,3423,0.07947653638115615,2.7984234263047885e-11,0.052234651043178724,0.8682888125476811,25,20,20
38,3424,0.07947653638115615,2.7988393687453724e-11,0.04758053236435142,0.8729429312265043,25,20,20
38,3425,0.07947653638115852,2.7753826514700654e-11,0.04768728386172798,0.8728361797293599,25,20,20
38,3426,0.07947653638115854,2.7753903104129433e-11,0.04768736636518742,0.8728360972259004,25,20,20
38,3427,0.07947653638115768,2.774962689814125e-11,0.04756253863009416,0.8729609249609984,25,20,20
38,3428,0.0794765363903296,2.774912848750555e-11,0.05221736849512205,0.8683060950867992,25,20,20
38,3429,0.07947653639032898,2.777174286753583e-11,0.0841133056092197,0.8364101579726796,25,20,20
38,3430,0.07947653639032905,2.777174286753589e-11,0.08411346881705897,0.8364099947648402,25,20,20
38,3431,0.07947653639032909,2.7775958707142614e-11,0.08411805705715122,0.8364054065247437,25,20,20
38,3432,0.07947653639051043,2.7776107924247516e-11,0.08411594215553216,0.8364075214261811,25,20,20
38,3433,0.07947653638133777,2.7772390474879005e-11,0.0794579878334302,0.8410654757574595,25,20,20
38,3434,0.0794765365292486,4.171267661886945e-11,0.07946521014076989,0.8410582532882688,25,20,20
38,3435,0.07947653652924859,4.171267529836163e-11,0.07946521010529799,0.8410582533237406,25,20,20
38,3436,0.07947653652902485,4.170412119549487e-11,0.07934011797325824,0.8411833454560127,25,20,20
38,3437,0.07999736444641266,3.407020501600454e-11,0.07881925644328021,0.8411833790762365,25,20,20
38,3438,0.07999736444641266,3.4070131053513373e-11,0.07881463566134238,0.8411879998581745,25,20,20
38,3439,0.07999736444646124,3.431403394059032e-11,0.07894491109042469,0.8410577244287997,25,20,20
38,3440,0.07999736444641274,3.407013109945268e-11,0.07881470081502229,0.8411879347044945,25,20,20
38,3441,0.07999736444659165,3.4074422230916436e-11,0.07881460836022444,0.8411880271591091,25,20,20
38,3442,0.0799973673287702,2.2356349405539354e-07,0.08066857181539153,0.8393338372923441,25,20,20
38,3443,0.0799973673287702,2.23563493980147e-07,0.08066849134501528,0.8393339177627205,25,20,20
38,3444,0.07999736732881572,2.235634981958011e-07,0.0806750206105049,0.8393273884971809,25,20,20
38,3445,0.07946565537460935,2.2858920942060707e-07,0.08120670316533174,0.8393274128708502,25,20,20
38,3446,0.0794656553746093,2.2858920934534068e-07,0.08120508162732744,0.8393290344088545,25,20,20
38,3447,0.0794656524936811,2.539197046286467e-07,0.08120505949381597,0.839329034092799,25,20,20
38,3448,0.07946565249368188,2.5391970455338703e-07,0.08120051220332751,0.8393335813832867,25,20,20
38,3449,0.079465652345771,2.5390575997714986e-07,0.08119109141688786,0.8393430023315819,25,20,20
38,3450,0.07946565234558886,2.5390575982791006e-07,0.081190964161652,0.8393431295870001,25,20,20
38,3451,0.07946565234530298,0.0007793624294907181,0.08041185564450268,0.8393431295807037,25,20,20
38,3452,0.07946565234530217,0.0007793624294906427,0.08041173715605696,0.8393432480691501,25,20,20
38,3453,0.0794656523453014,0.0007793624294905687,0.08041166123608827,0.8393433239891195,25,20,20
38,3454,0.07906390968387927,0.0007812659303807191,0.08080246109672895,0.8393523632890111,25,20,20
38,3455,0.07906390968387927,0.0007812659303807191,0.08080253699412791,0.8393522873916122,25,20,20
38,3456,0.07914285946474048,0.0007815529328576432,0.08072188470399594,0.8393537028984065,25,20,20
38,3457,0.07914285946474049,0.0007815529331021817,0.0807235933005192,0.8393519943016389,25,20,20
38,3458,0.07914285946474049,0.0007815529331021817,0.08072367318403444,0.8393519144181235,25,20,20
38,3459,0.07914285946473734,0.0007815529330936811,0.08035065004755174,0.839724937554618,25,20,20
38,3460,0.07914285946473729,0.0007815529330893914,0.08034597436001009,0.8397296132421637,25,20,20
38,3461,0.07914285946473734,0.0007815529330894677,0.08047549654644212,0.8396000910557316,25,20,20
38,3462,0.07914285946478349,0.0007815529330937424,0.08063449669593682,0.8394410909061866,25,20,20
38,3463,0.07914285947775833,0.0007815529333383865,0.08064328834093637,0.8394322992479676,25,20,20
38,3464,0.07914285947775833,0.0007815529333426774,0.08064974110638631,0.8394258464825133,25,20,20
38,3465,0.07914285947775754,0.000781552933342676,0.08064958797470809,0.8394259996141923,25,20,20
38,3466,0.0795816975680629,0.0007812659119919103,0.08021245247140225,0.8394245840485429,25,20,20
38,3467,0.08009572585097838,0.0007812610648772407,0.07969845337953788,0.8394245597046059,25,20,20
38,3468,0.08009439071458424,0.000781261064905209,0.07969978851603275,0.8394245597044773,25,20,20
38,3469,0.08009439071444766,0.000781261064901067,0.07969531471606428,0.8394290335045866,25,20,20
38,3470,0.08009439071444766,0.0007812610649011423,0.07969535326388219,0.8394289949567687,25,20,20
38,3471,0.08009439071444763,0.0007812610646566037,0.07969373149605827,0.8394306167248371,25,20,20
38,3472,0.0800943907144935,0.0007812610646566063,0.08009165844627483,0.8390326897745749,25,20,20
38,3473,0.08009439071449355,0.0007812610646566049,0.08009323943206531,0.8390311087887844,25,20,20
38,3474,0.08009439071449348,0.000781261064656679,0.08009977789531889,0.839024570325531,25,20,20
38,3475,0.08009439071444797,0.000781261064898871,0.08047266833278977,0.8386516798878639,25,20,20
38,3476,0.08009439071448819,0.0007812610774343768,0.08486553514730516,0.8342588130607729,25,20,20
38,3477,0.08009439071449138,0.0007812610774343754,0.08487573428346665,0.8342486139246083,25,20,20
38,3478,0.08009439071449133,0.0007812610774342991,0.08474621465581221,0.8343781335522626,25,20,20
38,3479,0.08009439071449133,0.0007812610774342964,0.08474621603698022,0.8343781321710947,25,20,20
38,3480,0.08009439072904154,1.6327129943630486e-05,0.08551114996351653,0.8343781321774988,25,20,20
38,3481,0.07990151198985322,1.632712991619253e-05,0.08570402870259723,0.8343781321776338,25,20,20
38,3482,0.07990151198985244,1.6327130156483117e-05,0.0857105364646301,0.8343716244153612,25,20,20
38,3483,0.08135073615720625,1.442444047305262e-05,0.0842722902353698,0.834362549166951,25,20,20
38,3484,0.08135073615716079,1.4424440473053313e-05,0.08426584235231477,0.8343689970500516,25,20,20
38,3485,0.08135073615716085,1.442444047727098e-05,0.08426592374293848,0.8343689156594233,25,20,20
38,3486,0.0813507361571585,1.4425232656422346e-05,0.08438687693424761,0.8342479616759374,25,20,20
38,3487,0.08117160224964451,1.4425055646075772e-05,0.0845659869062475,0.8342479857884625,25,20,20
38,3488,0.08117160224964445,1.4425055641859426e-05,0.08456587271563741,0.8342480999790769,25,20,20
38,3489,0.08117160224964445,1.4425055641858085e-05,0.08456587142882192,0.8342481012658921,25,20,20
38,3490,0.1192977834071644,1.4424243362536547e-05,0.04643969115152498,0.8342481011979477,25,20,20
38,3491,0.1192977834071644,1.4424243362539142e-05,0.04643953078831051,0.8342482615611623,25,20,20
38,3492,0.11929778340716368,1.4424243362539606e-05,0.04643520303408069,0.8342525893153927,25,20,20
38,3493,0.11929778340716368,1.4424243362613554e-05,0.04643523784534698,0.8342525545041266,25,20,20
38,3494,0.11929778340890866,1.442474266473366e-05,0.06130620929176296,0.8193815825566634,25,20,20
38,3495,0.11929778340890872,1.4424742823970203e-05,0.07527600290735978,0.8054117889409071,25,20,20
38,3496,0.11929778340890872,1.4424742823970225e-05,0.07527592445859485,0.805411867389672,25,20,20
38,3497,0.1192982361404153,1.4424742878707793e-05,0.07527549586159535,0.8054118432551101,25,20,20
38,3498,0.11929823614041542,1.4424742878709151e-05,0.07527536772228202,0.8054119713944234,25,20,20
38,3499,0.11929823614041862,1.442474288307538e-05,0.07528197168714887,0.8054053674295492,25,20,20
38,3500,0.11929823614037247,1.4424742878799423e-05,0.07512294447518564,0.8055643946415627,25,20,20
38,3501,0.11929823614037251,1.4424742883015768e-05,0.07512305866579572,0.8055642804509481,25,20,20
38,3502,0.1192982361403757,1.4424742883089736e-05,0.07512522407533219,0.8055621150414085,25,20,20
38,3503,0.11929823614037335,1.4424743126079343e-05,0.07538998491856565,0.8052973541979342,25,20,20
38,3504,0.11929823614037321,1.442474312178635e-05,0.07538991777816421,0.8052974213383401,25,20,20
38,3505,0.11930622502500642,1.442474301082609e-05,0.07538192717396507,0.8052974230580172,25,20,20
38,3506,0.11930622502509663,1.4424743015078998e-05,0.07575592657279218,0.8049234236590955,25,20,20
38,3507,0.11930622502353415,1.4424243961241755e-05,0.0609745240017804,0.8197048267307239,25,20,20
38,3508,0.1193062250235333,1.442424371817688e-05,0.06070756389910572,0.8199717868336424,25,20,20
38,3509,0.11930622502362523,1.4424243713926637e-05,0.060335186884513475,0.8203441638481469,25,20,20
38,3510,0.11949899706444533,1.4424245307602171e-05,0.06014241484210134,0.8203441638481453,25,20,20
38,3511,0.11950036213419046,1.4424243713439027e-05,0.060141049774081294,0.8203441638480143,25,20,20
38,3512,0.11950036213405388,1.4424243717728644e-05,0.0601461611228686,0.8203390524993595,25,20,20
38,3513,0.11950036213405468,1.4424243722095317e-05,0.06014840179716624,0.8203368118250566,25,20,20
38,3514,0.11950036228061668,1.4424257535254974e-05,0.06051599327120484,0.8199692201906429,25,20,20
38,3515,0.11950036226764184,1.4424257290684803e-05,0.06051369196044996,0.8199715215146172,25,20,20
38,3516,0.11950036226764184,1.442425729068487e-05,0.06051377305218932,0.8199714404228778,25,20,20
38,3517,0.11950036226764177,1.4424257492784674e-05,0.06676128426601483,0.8137239292088502,25,20,20
38,3518,0.1033429960028127,1.4424261246660782e-05,0.08291865222889666,0.8137239275070435,25,20,20
38,3519,0.10334299600281265,1.4424261250949113e-05,0.0829252553014746,0.8137173244344615,25,20,20
38,3520,0.10334299600281265,1.4424261250873844e-05,0.08292529637262921,0.8137172833633071,25,20,20
38,3521,0.10334299600299517,1.4424261255229379e-05,0.08301797425835222,0.8136246054773971,25,20,20
38,3522,0.1033429960029977,1.442426104884081e-05,0.07676976501555283,0.8198728147204004,25,20,20
38,3523,0.10334299600299772,1.4424261053131712e-05,0.07677629046820496,0.8198662892677439,25,20,20
38,3524,0.10334299600299446,1.4424261057318178e-05,0.07704099861794907,0.8196015811179989,25,20,20
38,3525,0.1033429960029521,1.4424261057318857e-05,0.07703446076710482,0.8196081189688855,25,20,20
38,3526,0.1033429960029521,1.4424261053027929e-05,0.07702789481957034,0.8196146849164243,25,20,20
38,3527,0.10334299600313417,1.4424261048812874e-05,0.07703249590028179,0.819610083835535,25,20,20
38,3528,0.10334299600501148,1.4424835749520771e-05,0.07413118687941295,0.822511392279826,25,20,20
38,3529,0.10334299600482941,1.4424835749520775e-05,0.07412866720624213,0.8225139119531788,25,20,20
38,3530,0.10334299600482627,1.4424835749519018e-05,0.07413317408451527,0.8225094050749088,25,20,20
38,3531,0.10334299600464376,1.4424835745163505e-05,0.07404060866055752,0.8226019704990535,25,20,20
38,3532,0.10334299600464451,1.4424835749379368e-05,0.07404307800108842,0.8225995011585175,25,20,20
38,3533,0.10334299600464451,1.4424835745116315e-05,0.07377674721146828,0.822865831948142,25,20,20
38,3534,0.10334299600464769,1.4424835745191584e-05,0.0737767506291575,0.8228658285304493,25,20,20
38,3535,0.10334299600464775,1.4424835749407798e-05,0.07377189501969936,0.8228706841399033,25,20,20
38,3536,0.1033429960046477,1.4424835749452936e-05,0.07403594872267806,0.8226066304369246,25,20,20
38,3537,0.0815158295413834,1.443729850506648e-05,0.09567011230327685,0.8227996208568343,25,20,20
38,3538,0.08151582954138334,1.4437298500850596e-05,0.09566552471880825,0.8228042084413072,25,20,20
38,3539,0.08151582954138333,1.4437298496559668e-05,0.09565891881102352,0.8228108143490964,25,20,20
38,3540,0.08151587554697759,0.0008025060715350399,0.09487080367633614,0.8228108147051507,25,20,20
38,3541,0.08151587554697447,0.000802506071530749,0.09486434014411337,0.8228172782373809,25,20,20
38,3542,0.0815158755469752,0.0008025060717752699,0.09486903264940888,0.8228125857318402,25,20,20
38,3543,0.0815158755469752,0.0008025060717795629,0.09486914742663406,0.8228124709546107,25,20,20
38,3544,0.08151587554679267,0.0008025060715312803,0.09478606745357068,0.8228955509281048,25,20,20
38,3545,0.0815158755467468,0.000802506071531353,0.09438817393386524,0.823293444447856,25,20,20
38,3546,0.0815158755467468,0.0008025060715313531,0.09439477835340085,0.8232868400283203,25,20,20
38,3547,0.0815158755467492,0.0008025060715313536,0.09439022763045561,0.8232913907512632,25,20,20
38,3548,0.0815158759556443,0.0008025060715343202,0.10674358959468468,0.8109380283781361,25,20,20
38,3549,0.08151587595564665,0.0008025052793594601,0.10661713943636002,0.8110644793286328,25,20,20
38,3550,0.0815158759556443,0.0008025052795990744,0.10674649906375532,0.8109351197010003,25,20,20
38,3551,0.08151587595569287,0.0008025052796003334,0.10655289453386169,0.8111287242308439,25,20,20
38,3552,0.08151587595569292,0.0008025052796002581,0.1065529417539013,0.8111286770108046,25,20,20
38,3553,0.08151587595569286,0.0008025052795959679,0.10655119455700492,0.8111304242077053,25,20,20
38,3554,0.08151587580913162,0.0008025052660250758,0.10655011996503008,0.8111314989598122,25,20,20
38,3555,0.08151587580931377,0.0008025052660251511,0.10654368102788743,0.8111379378967726,25,20,20
38,3556,0.08151587580931306,0.0008025052657848459,0.10654548494621123,0.8111361339786898,25,20,20
38,3557,0.0815158758093162,0.0008025052660294394,0.1065486974772931,0.8111329214473603,25,20,20
38,3558,0.08137420886811761,0.0008025103116634152,0.10669031126736706,0.8111329695528514,25,20,20
38,3559,0.08137420895834456,0.0008025103116676865,0.10060018029673494,0.8172231004332522,25,20,20
38,3560,0.08137420895816243,0.0008025103116676126,0.10060009755832479,0.8172231831718446,25,20,20
38,3561,0.08137420895816158,0.0008025103114237805,0.10047065652354537,0.8173526242068686,25,20,20
38,3562,0.08137420895812131,0.0008025102988882014,0.09581148555479281,0.8220117951881973,25,20,20
38,3563,0.0813742089581245,0.0008025102988924931,0.09581164226239502,0.8220116384805876,25,20,20
38,3564,0.0813742089581213,0.0008025102986478995,0.09580683579280821,0.8220164449504221,25,20,20
38,3565,0.08137420895811814,0.000802510298647898,0.09581145478387823,0.8220118259593554,25,20,20
38,3566,0.08137420895830022,0.0008025102986522648,0.0958130416520813,0.8220102390909658,25,20,20
38,3567,0.08137420895830015,0.0008025102986479737,0.09580651868375296,0.8220167620592985,25,20,20
38,3568,0.08137420895830016,0.0008025102988909694,0.09607284215351702,0.8217504385892915,25,20,20
38,3569,0.08137420895830015,0.0008025102988866329,0.09580662336417829,0.8220166573786345,25,20,20
38,3570,0.08137420895830255,0.0008025102986442928,0.09543674537477562,0.8223865353682772,25,20,20
38,3571,0.08137420895829937,0.0008025102986444408,0.09543820276556284,0.822385077977493,25,20,20
38,3572,0.08137420895829939,0.0008025102986445173,0.09543820195613692,0.8223850787869189,25,20,20
38,3573,0.08137536735769166,0.021022032629505832,0.0752175215854761,0.8223850784273264,25,20,20
38,3574,0.08137536735769244,0.021022032629505832,0.07522188232817377,0.8223807176846278,25,20,20
38,3575,0.08137536735769324,0.021022032629505832,0.07522853215774668,0.8223740678550542,25,20,20
38,3576,0.08137536735769324,0.021022032629505763,0.07522545174985346,0.8223771482629475,25,20,20
38,3577,0.08137536735769244,0.021022032629505832,0.07521888297649972,0.822383717036302,25,20,20
38,3578,0.08137537570734857,0.021022032643316004,0.07561372155871454,0.8219888700906207,25,20,20
38,3579,0.08125173575283653,0.021022032646493636,0.075737361510049,0.8219888700906209,25,20,20
38,3580,0.08125173575265446,0.021022032646489344,0.07574031272045896,0.8219859188803973,25,20,20
38,3581,0.08125173582227457,0.021039814818169925,0.09982132209624213,0.7978871272633132,25,20,20
38,3582,0.08125173582227457,0.021039814817926935,0.09955497160587122,0.7981534777539271,25,20,20
38,3583,0.08125173582227457,0.021039814817926935,0.09955488557531632,0.798153563784482,25,20,20
38,3584,0.08125173582227457,0.021039814817926935,0.09955485913521647,0.798153590224582,25,20,20
38,3585,0.08125173582227457,0.021039814817927008,0.09955478465989977,0.7981536646998986,25,20,20
38,3586,0.0812517358222777,0.021039814817931227,0.09955672221274384,0.7981517271470472,25,20,20
38,3587,0.0795511120918148,0.021039802360693048,0.10145034640263889,0.7979587391448533,25,20,20
38,3588,0.07955111209181559,0.0210398023606932,0.10145040246812569,0.7979586830793656,25,20,20
38,3589,0.07955111209181558,0.021039802360693124,0.10145040301751486,0.7979586825299764,25,20,20
38,3590,0.07955111209199765,0.021039802360693124,0.10144732462788779,0.7979617609194213,25,20,20
38,3591,0.07955111209199846,0.02103980236069742,0.10144951699204448,0.7979595685552596,25,20,20
38,3592,0.07955111210230523,0.021039802360701677,0.10173362435276413,0.7976754611842289,25,20,20
38,3593,0.07955006597859608,0.03938939420946975,0.08338507862520457,0.7976754611867293,25,20,20
38,3594,0.07955006597864081,0.0393893942097101,0.08339135132950987,0.7976691884821389,25,20,20
38,3595,0.07955006596833403,0.039389394209705844,0.08310533875035428,0.7979552010716056,25,20,20
38,3596,0.07955006596833243,0.039389394209701556,0.08325772792414755,0.7978028118978182,25,20,20
38,3597,0.07998328146280893,0.03938940750323703,0.08282443925971718,0.7978028717742365,25,20,20
38,3598,0.07998328153231159,0.03938940750326627,0.11796747079075164,0.7626598401736705,25,20,20
38,3599,0.07998328153231077,0.03938940750351079,0.11796786245506946,0.7626594485091088,25,20,20
38,3600,0.07998328153230765,0.03938940750351079,0.1179633555329302,0.7626639554312511,25,20,20
38,3601,0.0961186431584853,0.03938940237213761,0.10170584854427021,0.7627861059251067,25,20,20
38,3602,0.0961186431584845,0.039389402372137464,0.10170576345184927,0.7627861910175285,25,20,20
38,3603,0.0961186348088284,0.03938940235833151,0.10131551314512677,0.763176449687713,25,20,20
38,3604,0.09611863480882843,0.03938940235833151,0.10131562961688187,0.7631763332159579,25,20,20
38,3605,0.09611863430975177,0.03938940235832442,0.09517762557886057,0.769314337753063,25,20,20
38,3606,0.09611863430974864,0.03938940235832442,0.0951821819922163,0.7693097813397104,25,20,20
38,3607,0.09611863430974864,0.0393894023583245,0.09518688180880193,0.7693050815231247,25,20,20
38,3608,0.09611863430975182,0.039389402358324575,0.09518684984244402,0.7693051134894792,25,20,20
38,3609,0.09611863430970631,0.03938940235808,0.09517835141626053,0.7693136119159528,25,20,20
38,3610,0.09611863430970631,0.03938940235808,0.09517373069845583,0.7693182326337576,25,20,20
38,3611,0.09611863430966094,0.0393894023578364,0.09499432307704156,0.7694976402554606,25,20,20
38,3612,0.09611863430966094,0.0393894023578364,0.09500084482717693,0.7694911185053251,25,20,20
38,3613,0.09611863430966494,0.039389402358080985,0.09500655842829606,0.7694854049039574,25,20,20
38,3614,0.09611863430984786,0.03938940235808949,0.0950082195724742,0.769483743759588,25,20,20
38,3615,0.09611863430984867,0.039389402358089416,0.09500822158416371,0.7694837417478976,25,20,20
38,3616,0.09611863430966971,0.03938940235808934,0.09509889915845887,0.7693930641737816,25,20,20
38,3617,0.09611863430948686,0.03938940237189428,0.09547030484672778,0.7690216584718906,25,20,20
38,3618,0.09611863430948367,0.03938940237189862,0.09573652780071687,0.7687554355179003,25,20,20
38,3619,0.09611863430948128,0.03938940237189869,0.09564650479802542,0.7688454585205942,25,20,20
38,3620,0.09611863430948048,0.03938940237189869,0.09564648988719938,0.7688454734314208,25,20,20
38,3621,0.09611863430948044,0.0393894023718944,0.09564633121490371,0.768845632103721,25,20,20
38,3622,0.09611863430948359,0.03938940237189437,0.09591247397007034,0.7685794893485511,25,20,20
38,3623,0.09611863430948202,0.03938940237189439,0.09577566502923913,0.7687162982893839,25,20,20
38,3624,0.09611863430943672,0.03938940237189424,0.09565208563715501,0.7688398776815135,25,20,20
38,3625,0.09611863430943518,0.039389402371890044,0.0955226376451418,0.7689693256735325,25,20,20
38,3626,0.0961186342383373,0.03937161962541556,0.10027831825919117,0.7642314278770553,25,20,20
38,3627,0.0961186342383373,0.03937161962541563,0.10027839930513506,0.7642313468311113,25,20,20
38,3628,0.0961186342383373,0.03937161962541556,0.10027843071077135,0.7642313154254751,25,20,20
38,3629,0.09645997374872392,0.039371614578113154,0.0999371443610049,0.7642312673121577,25,20,20
38,3630,0.09646000365334219,0.03937161457852443,0.06924610340309269,0.7949222783650405,25,20,20
38,3631,0.07988030898090792,0.039371606743943265,0.08579933145867649,0.7949487528164733,25,20,20
38,3632,0.07988015068411589,0.039988731148798105,0.08518236535608693,0.794948752811,25,20,20
38,3633,0.07988015068411668,0.039988731148798036,0.08518898433272272,0.7949421338343632,25,20,20
38,3634,0.07988015068411673,0.03998873114879796,0.08518444628329441,0.7949466718837914,25,20,20
38,3635,0.07988015068411593,0.03998873114879795,0.08518241515344453,0.7949487030136422,25,20,20
38,3636,0.07988015068411587,0.03998873114879795,0.0851824479369551,0.7949486702301316,25,20,20
38,3637,0.07988015068411908,0.039988731148798105,0.08518464710567684,0.7949464710614064,25,20,20
38,3638,0.07988015068412219,0.039988731149038476,0.08518659849024507,0.7949445196765946,25,20,20
38,3639,0.079880150684119,0.03998873114903832,0.08518431952284516,0.7949467986439978,25,20,20
38,3640,0.07988015068411901,0.0399887311490384,0.08518440833678508,0.7949467098300578,25,20,20
38,3641,0.07988015083142687,0.039988731162681625,0.08535024023862496,0.7947808777672668,25,20,20
38,3642,0.07988015083142685,0.039988731162681625,0.08535482619713544,0.7947762918087564,25,20,20
38,3643,0.07988015068412216,0.0399887311487981,0.08531182445958425,0.7948192937074958,25,20,20
38,3644,0.07988015068412214,0.03998873114879803,0.08530992144892866,0.7948211967181515,25,20,20
38,3645,0.08118920038966328,0.039990905558584824,0.08414738134360096,0.7946725127081511,25,20,20
38,3646,0.08118920039050453,0.03875167911419092,0.08538660778715368,0.7946725127081511,25,20,20
38,3647,0.08118920038966353,0.03997920506648671,0.0841590818356971,0.7946725127081529,25,20,20
38,3648,0.08118920038966275,0.03997920506648671,0.0841568441266898,0.794674750417161,25,20,20
38,3649,0.0798977326484718,0.03997710900154214,0.08545041106468503,0.7946747472853013,25,20,20
38,3650,0.07989773264846863,0.039977109001542124,0.08558720912038208,0.7945379492296075,25,20,20
38,3651,0.07989770267434611,0.03997710900110162,0.08097627170235283,0.7991489166221997,25,20,20
38,3652,0.0798977026743469,0.039977109000861315,0.08097804273909281,0.7991471455856994,25,20,20
38,3653,0.040014467621366935,0.039977109015706,0.12086127763574282,0.7991471457271848,25,20,20
38,3654,0.040014467621366935,0.039977109015705926,0.1208565763784563,0.7991518469844714,25,20,20
38,3655,0.04001446762140535,0.03997710901570593,0.12712268590039028,0.7928857374624989,25,20,20
38,3656,0.04001446762140541,0.03997710901595047,0.12712493097269612,0.7928834923899484,25,20,20
38,3657,0.040014467621629246,0.0399771090161986,0.12723878994966123,0.7927696334125109,25,20,20
38,3658,0.04001446762181077,0.0399771090162021,0.1273659603527358,0.7926424630092513,25,20,20
38,3659,0.04001446762181077,0.039977109016202175,0.12737256454169146,0.7926358588202956,25,20,20
38,3660,0.04001446762181066,0.03997710901620225,0.12737099755961304,0.7926374258023741,25,20,20
38,3661,0.04001446762181067,0.03997710901620225,0.1273709975949307,0.7926374257670564,25,20,20
38,3662,0.04001446762181073,0.03997710901620644,0.12763072622392005,0.7923776971380627,25,20,20
38,3663,0.04001446762181072,0.039977109016206366,0.12763068484016546,0.7923777385218174,25,20,20
38,3664,0.04001446762180672,0.039977109015961715,0.1276233497835438,0.7923850735786876,25,20,20
38,3665,0.04001446762176832,0.039977109015961715,0.12135951982703828,0.7986489035352315,25,20,20
38,3666,0.040014467621765124,0.039977109015717056,0.12135292921113282,0.7986554941513849,25,20,20
38,3667,0.04001446762153815,0.03997710901571184,0.12150533823560483,0.7985030851271451,25,20,20
38,3668,0.04001446762153811,0.03997710901570755,0.12150086466950247,0.7985075586932515,25,20,20
38,3669,0.04001446762153809,0.03997710901570329,0.12123461445332064,0.7987738089094375,25,20,20
38,3670,0.04001446762154128,0.039977109015707585,0.12123253157178956,0.7987758917909612,25,20,20
38,3671,0.0400144676213597,0.03997710901545947,0.12110311471255952,0.7989053086506209,25,20,20
38,3672,0.04001446762140474,0.0399771090016502,0.12110308442235515,0.7989053389545892,25,20,20
38,3673,0.040014467621403996,0.03997710900164591,0.12109650691483187,0.7989119164621176,25,20,20
38,3674,0.040014467621404044,0.03997710900165012,0.12110303035429203,0.7989053930226531,25,20,20
38,3675,0.04001446762140406,0.03997710900165013,0.12110299744718685,0.7989054259297582,25,20,20
38,3676,0.04001446762140411,0.03997710900189472,0.1211077511994194,0.798900672177281,25,20,20
38,3677,0.04001446762140411,0.039977109001894724,0.12110775316243329,0.7989006702142671,25,20,20
38,3678,0.040014467621359,0.03997710900189055,0.12074123829558642,0.7992671850811632,25,20,20
38,3679,0.040014467621359,0.03997710900189484,0.12074120496878922,0.7992672184079562,25,20,20
38,3680,0.04001446762135665,0.03997710900189062,0.12074112427345987,0.7992672991032922,25,20,20
38,3681,0.04001446762135665,0.03997710900189062,0.12074112368777384,0.799267299688978,25,20,20
38,3682,0.04001446762135665,0.03997710900189069,0.12074120097763476,0.7992672223991171,25,20,20
38,3683,0.04001446763173752,0.0399771090018923,0.12047968459282955,0.7995287387735398,25,20,20
38,3684,0.04001446763174072,0.03997710900189237,0.1204798261139176,0.7995285972524485,25,20,20
38,3685,0.001145615870070892,0.03997866256240384,0.1593469875719976,0.7995287339955267,25,20,20
38,3686,0.0011456158700748733,0.03997866256240811,0.15947688301235005,0.799398838555166,25,20,20
38,3687,0.0011456158700749286,0.03997866256240811,0.15947685022901625,0.7993988713384997,25,20,20
38,3688,0.0011456158700749292,0.03997866256240819,0.15947696481437215,0.799398756753144,25,20,20
38,3689,0.0011456160175123164,0.03997866257630393,0.1596141367521476,0.7992615846540353,25,20,20
38,3690,0.0011456160175123157,0.03997866257630401,0.15960954914243877,0.7992661722637443,25,20,20
38,3691,0.0011223325624612893,0.03997858475173863,0.15963291053625786,0.7992661721495418,25,20,20
38,3692,0.0011223325624644287,0.039978584751734415,0.15962638854834393,0.7992726941374569,25,20,20
38,3693,0.0011223325625059756,0.03997858475173443,0.15950310187946792,0.7993959808062914,25,20,20
38,3694,0.0011223325625028362,0.03997858475173864,0.15950962386738188,0.7993894588183764,25,20,20
38,3695,0.001867154126525217,0.03997987951044617,0.15876340278583054,0.7993895635771977,25,20,20
38,3696,0.0018671541161482358,0.03997987951022274,0.1952967812783948,0.7628561850952348,25,20,20
38,3697,0.0018671541161482356,0.03997987951021856,0.19503514984938902,0.7631178165242447,25,20,20
38,3698,0.0018671541161482356,0.03997987951021856,0.19503503541451145,0.7631179309591222,25,20,20
38,3699,0.0008631521301901379,0.03997832594683869,0.19604072770545758,0.7631177942175141,25,20,20
38,3700,0.0008631521301901389,0.03997832594683869,0.19604080878080624,0.7631177131421655,25,20,20
38,3701,0.0008631521301901939,0.039978325946838845,0.1963070603753492,0.7628514615476222,25,20,20
38,3702,0.0008631521301901386,0.039978325946837395,0.21027032110823307,0.7488882008147395,25,20,20
38,3703,0.0008631521301909478,0.039978325946837395,0.21039565926209158,0.7487628626608803,25,20,20
38,3704,0.0007465465644502091,0.03997833099435507,0.21051090788641308,0.7487642145547808,25,20,20
38,3705,0.0007465466018425695,0.039978333886492495,0.20805198106571843,0.7512231384459461,25,20,20
38,3706,0.0007465466018393735,0.03997833388649242,0.20805183815720432,0.7512232813544638,25,20,20
38,3707,0.0007465466018848449,0.03997833388673274,0.20779220984562521,0.7514829096657571,25,20,20
38,3708,0.0007465499015834229,0.03997833388675943,0.2111853224474317,0.7480897937642251,25,20,20
38,3709,0.0007465499015834229,0.03997833388675943,0.21117883354507103,0.7480962826665858,25,20,20
38,3710,0.0007465498384549156,0.03997832883466277,0.18223864967148948,0.7770364716553925,25,20,20
38,3711,0.0007465810340691103,0.039978329860844375,0.18223847801298812,0.7770366110920982,25,20,20
38,3712,0.0007465810340722495,0.03997832986084423,0.18197684836626773,0.7772982407388155,25,20,20
38,3713,1.6090594788437537e-05,0.0399770342525622,0.1827087391739007,0.7772981359787475,25,20,20
38,3714,1.6091181855343385e-05,0.03997703425232187,0.18301780178010646,0.7769890727857153,25,20,20
38,3715,1.6091181809816045e-05,0.039977034252317585,0.18301127547544271,0.776995599090429,25,20,20
38,3716,1.6090594697382952e-05,0.039977034252313325,0.18269550829650283,0.7773113668564854,25,20,20
38,3717,1.6090594697382935e-05,0.039977034252313325,0.18269088755428656,0.7773159875987016,25,20,20
38,3718,1.6090447441283233e-05,0.039977034238421874,0.18255379774383063,0.777453077570305,25,20,20
38,3719,1.609044744126873e-05,0.03997703423841758,0.18255364104633487,0.777453234267805,25,20,20
38,3720,2.9952162186674593e-05,0.03997703134913493,0.18104478231126322,0.7789482341774141,25,20,20
38,3721,2.9952162186618543e-05,0.03997703134913501,0.1813109514564736,0.7786820650322036,25,20,20
38,3722,2.995216218733891e-05,0.0399770313493414,0.1875606699493831,0.7724323465390871,25,20,20
38,3723,2.995216218803819e-05,0.039977031349557525,0.1922200333708781,0.7677729831173755,25,20,20
38,3724,2.9952162191232176e-05,0.03997703134956182,0.19222652403249615,0.7677664924557499,25,20,20
38,3725,2.9952162190567123e-05,0.039977031349355506,0.18598329514938058,0.7740097213390724,25,20,20
38,3726,2.995216219062343e-05,0.03997703134935543,0.18598332750907803,0.7740096889793752,25,20,20
38,3727,2.99521621906935e-05,0.039977031349359794,0.18598555315560353,0.7740074633328453,25,20,20
38,3728,2.9952162190818387e-05,0.03997703134935987,0.18599014003460698,0.7740028764538418,25,20,20
38,3729,2.9952162190819146e-05,0.039977031349360016,0.1859948013325792,0.7739982151558693,25,20,20
38,3730,2.9952162371262564e-05,0.03997703134960661,0.1863678416647614,0.7736251748232601,25,20,20
38,3731,2.99521623680677e-05,0.03997703134960669,0.18636475963033483,0.77362825685769,25,20,20
38,3732,2.9952162367942585e-05,0.039977031349606534,0.18636013934378007,0.773632877144245,25,20,20
38,3733,2.9952162367188637e-05,0.03997703134985106,0.18623493485305026,0.7737580816347313,25,20,20
38,3734,2.9952162367189623e-05,0.03997703134985106,0.1862349367396246,0.7737580797481569,25,20,20
38,3735,2.99521623671884e-05,0.03997703134985091,0.18623023686746426,0.7737627796203174,25,20,20
38,3736,2.9952160605909205e-05,0.03997703133974442,0.18914179699823905,0.7708512195014104,25,20,20
38,3737,2.9952160605908957e-05,0.039977031339499904,0.18914166336427654,0.7708513531356176,25,20,20
38,3738,7.445508402345252e-05,0.039977031332493584,0.18909716044783076,0.7708513531356522,25,20,20
38,3739,7.4455097918925e-05,0.039977031407506504,0.21506076777879127,0.7448877457157832,25,20,20
38,3740,7.445509791888282e-05,0.039977031407506504,0.21542916975739523,0.7445193437371798,25,20,20
38,3741,0.000434669844086936,0.04000732585963003,0.20701413649155037,0.7525438678047326,25,20,20
38,3742,0.000434669846678043,0.040007325859631605,0.19317401028132788,0.7663839940123626,25,20,20
38,3743,0.00043466984668123835,0.040007325859635824,0.1931740138194547,0.7663839904742283,25,20,20
38,3744,0.0004346698466812523,0.04000732585963598,0.1933035353963083,0.7662544688973747,25,20,20
38,3745,0.0004346698569627061,0.04000732664695514,0.1936776567791141,0.7658803467169684,25,20,20
38,3746,7.445525458996775e-05,0.0399770321196687,0.2021588290297005,0.7577896835960413,25,20,20
38,3747,7.44552545910772e-05,0.03997703211942646,0.20191524166552274,0.7580332709604601,25,20,20
38,3748,7.445540251628269e-05,0.03997703211942224,0.2019134001436585,0.7580351123344035,25,20,20
38,3749,7.445540251974996e-05,0.03996812115153063,0.20192231111154832,0.7580351123344018,25,20,20
38,3750,7.445540251979238e-05,0.03996812115177515,0.20155404276690753,0.758403380678798,25,20,20
38,3751,7.445540270187208e-05,0.03996812115153063,0.20155089656906,0.758406526876708,25,20,20
38,3752,7.436070981857761e-05,0.03996812106095118,0.2015511285197982,0.7584063897094319,25,20,20
38,3753,7.43607098185218e-05,0.0399681210609511,0.20155116188781835,0.7584063563414121,25,20,20
38,3754,7.436070981852107e-05,0.03996812106095523,0.20155116194146575,0.7584063562877605,25,20,20
38,3755,7.436070981845176e-05,0.03996812106095523,0.2015511289595896,0.7584063892696367,25,20,20
38,3756,7.436070981845178e-05,0.03996812106095523,0.20155101378954754,0.7584065044396787,25,20,20
38,3757,7.436070722740011e-05,0.0399681210609508,0.20142130122348012,0.7585362170083417,25,20,20
38,3758,7.436070722745643e-05,0.03996812106095088,0.2014213819315406,0.7585361363002808,25,20,20
38,3759,7.43607072275115e-05,0.03996812106095088,0.2014213028849412,0.75853621534688,25,20,20
38,3760,7.436070727262157e-05,0.039968121060955056,0.20152812811677306,0.7584293901149987,25,20,20
38,3761,7.436070745470102e-05,0.039968121060959344,0.20152986824359698,0.7584276499879884,25,20,20
38,3762,0.03854713028053143,0.039968121060950275,0.16305733310254525,0.7584274155559728,25,20,20
38,3763,0.038547130280486376,0.0399681210609461,0.1629505081331896,0.7585342405253777,25,20,20
38,3764,0.038547130280486425,0.039968121060950386,0.16295059089929712,0.758534157759266,25,20,20
38,3765,0.038547130280487174,0.039968121061194926,0.16268661867994294,0.7587981299783749,25,20,20
38,3766,0.03854713028048712,0.03996812106095041,0.16268189904614289,0.7588028496124194,25,20,20
38,3767,0.03854713028048712,0.03996812106095048,0.1626835185288034,0.7588012301297588,25,20,20
38,3768,0.03854713013255872,0.03996812106095033,0.16267875552447764,0.7588059932820131,25,20,20
38,3769,0.038547130132557936,0.03996812106070579,0.1626786743283939,0.758806074478342,25,20,20
38,3770,0.03854713013256107,0.03996812106070993,0.16267434889979973,0.7588103999069291,25,20,20
38,3771,0.03851677994597319,0.03996812191623036,0.16270469823086894,0.7588103999069274,25,20,20
38,3772,0.038516779945791835,0.039968121916468334,0.16307762201326612,0.7584374761244734,25,20,20
38,3773,0.038562177233670517,0.03996812191355222,0.16707423232357763,0.7543954685292005,25,20,20
38,3774,0.00010452012894753046,0.039968122781860516,0.2055317695655037,0.7543955875236885,25,20,20
38,3775,0.00010452013926046757,0.039968122781864776,0.20579852883226082,0.7541288282466142,25,20,20
38,3776,0.00010452013926047962,0.039968122781864776,0.2058035121802968,0.7541238448985781,25,20,20
38,3777,0.00010452013926042357,0.039968122781864776,0.20580359816526872,0.7541237589136061,25,20,20
38,3778,0.00010452013907828832,0.03996812278186049,0.20580185663471767,0.7541255004443436,25,20,20
38,3779,0.00010452013907902981,0.03996812278210501,0.20580660895111383,0.754120748127702,25,20,20
38,3780,0.00010452013907895997,0.03996812278210072,0.20617740582308566,0.7537499512557347,25,20,20
38,3781,0.00010452013907902372,0.03993703195800313,0.2062084966471815,0.7537499512557365,25,20,20
38,3782,0.00010452013907901096,0.039937031958003064,0.20620193180471158,0.7537565160982064,25,20,20
38,3783,0.00010452013907827464,0.039937031957760716,0.2058288492838879,0.7541295986192732,25,20,20
38,3784,0.00010452013907873843,0.03993703195791562,0.21979852678945724,0.7401599211135484,25,20,20
38,3785,0.00010475354236124612,0.039937031102377715,0.21979829424051178,0.7401599211147485,25,20,20
38,3786,4.556524749438837e-05,0.03993703110237315,0.21986391108800357,0.740153492562128,25,20,20
38,3787,4.556524749052354e-05,0.03999959237732202,0.21980134981306043,0.7401534925621263,25,20,20
38,3788,4.6058770240383944e-05,0.039999592377527246,0.2191439748926645,0.7408103739595672,25,20,20
38,3789,4.623441143547739e-05,0.040009028979078314,0.219134592875509,0.7408101437339765,25,20,20
38,3790,4.623441143547739e-05,0.040009028979078314,0.21913455633235882,0.7408101802771266,25,20,20
38,3791,4.623441143547739e-05,0.040009028979078314,0.21913917568716876,0.7408055609223169,25,20,20
38,3792,4.623442060781101e-05,0.04000902899123855,0.20982876556903968,0.7501159710191135,25,20,20
38,3793,4.624723122665289e-05,0.03999994657818309,0.20983783490765656,0.7501159712829331,25,20,20
38,3794,4.624723122670869e-05,0.039999946578183024,0.2098377224654508,0.7501160837251389,25,20,20
38,3795,4.624723122942758e-05,0.039999946578389484,0.21608260714005736,0.7438711990503232,25,20,20
38,3796,4.624576235274327e-05,0.04001966834818009,0.2160628868420006,0.743871199047466,25,20,20
38,3797,6.270541155514949e-05,0.04001966742138882,0.21604643034701193,0.7438711968200441,25,20,20
38,3798,6.270541155514946e-05,0.04001966742138883,0.2160464303382555,0.7438711968288007,25,20,20
38,3799,6.27054115559341e-05,0.04001966742138884,0.2159171054783965,0.7440005216886588,25,20,20
38,3800,6.271286953334322e-05,0.0400196674339325,0.22054138485092498,0.7393762348456092,25,20,20
38,3801,6.271286935120843e-05,0.04001966743393244,0.22053981002441653,0.7393778096723002,25,20,20
38,3802,6.271301681623182e-05,0.040019667433936784,0.2206698556223753,0.739247763926872,25,20,20
38,3803,6.271301681623061e-05,0.040019667433936784,0.22066974312384044,0.7392478764254068,25,20,20
38,3804,6.271301681628569e-05,0.04001966743393687,0.2206743639107501,0.7392432556384972,25,20,20
38,3805,6.271301681628642e-05,0.04001966743393687,0.22030596217419082,0.7396116573750562,25,20,20
38,3806,6.271301681550262e-05,0.040019667433692424,0.2203027502476069,0.7396148693018856,25,20,20
38,3807,6.271301681868277e-05,0.04001966743369235,0.22030583020267935,0.73961178934681,25,20,20
38,3808,0.01379166014538574,0.04001968144104475,0.20657683508960012,0.7396118233239696,25,20,20
38,3809,0.013791660145382545,0.04001968144104061,0.20684088797654565,0.7393477704370316,25,20,20
38,3810,0.013791660135069666,0.040019681441036355,0.20657413026936677,0.7396145281545278,25,20,20
38,3811,8.440238265627542e-05,0.0400877509489358,0.22021335073949133,0.7396144959289166,25,20,20
38,3812,8.44023852545245e-05,0.04008775094894016,0.2202200336925055,0.7396078129732999,25,20,20
38,3813,8.440223778950091e-05,0.04008775094893581,0.2200899873634525,0.7397378594498223,25,20,20
38,3814,8.440223778955695e-05,0.0400877509489401,0.22009007017303608,0.7397377766402344,25,20,20
38,3815,8.440223779269639e-05,0.04008775094894439,0.22009026402262596,0.7397375827906371,25,20,20
38,3816,8.440223779587028e-05,0.04008775094894439,0.22035742531804062,0.7394704214952192,25,20,20
38,3817,8.440223779581521e-05,0.04008775094894432,0.22035272454058535,0.7394751222726746,25,20,20
38,3818,8.440223779580046e-05,0.04008775094894425,0.22035044584952634,0.7394774009637337,25,20,20
38,3819,8.440223779586084e-05,0.03836968394188593,0.22206851285649293,0.7394774009638253,25,20,20
38,3820,8.440223779587461e-05,0.03836968394189023,0.22207321571743904,0.7394726981028751,25,20,20
38,3821,0.001683945380652691,0.0383696855825002,0.22119877826818526,0.7387475907686624,25,20,20
38,3822,0.0016839453806526917,0.038369685582500125,0.22093256120004048,0.739013807836807,25,20,20
38,3823,0.0016839453806526358,0.038369685582500125,0.22093255835563153,0.7390138106812161,25,20,20
38,3824,0.0016839453806981137,0.0383696855825002,0.22093477380334478,0.7390115952334573,25,20,20
38,3825,0.0016839453807432109,0.03836968559630907,0.22130425099048842,0.7386421180324598,25,20,20
38,3826,0.001683945380788737,0.0383696856102498,0.22131249580482493,0.738633873204137,25,20,20
38,3827,0.001683945380743203,0.03836968561024543,0.22131019955936326,0.7386361694496485,25,20,20
38,3828,0.0016839453781448976,0.03836968561024107,0.2213101178228025,0.738636251188812,25,20,20
38,3829,0.0016839453781429775,0.038369685610034676,0.21506273511233942,0.7448836338994833,25,20,20
38,3830,0.0016663341151744108,0.038369685600914576,0.21508034642791066,0.7448836338560015,25,20,20
38,3831,0.0016663341151712165,0.0383696856009145,0.2150757573620148,0.7448882229219006,25,20,20
38,3832,0.0016663341151261057,0.03836968558710134,0.21470169047213222,0.7452622898256416,25,20,20
38,3833,0.0016663341151261619,0.03836968558710142,0.21470639175858452,0.7452575885391891,25,20,20
38,3834,0.0016663341150806351,0.03836968557316069,0.2146981464451001,0.7452658338666598,25,20,20
38,3835,0.0016663341254622018,0.03836968557316506,0.21470055291689621,0.7452634273844778,25,20,20
38,3836,0.0016663341162902034,0.03836968556084572,0.21004769377657984,0.7499162865462854,25,20,20
38,3837,0.0016663341162902034,0.03836968556084572,0.21004769505872234,0.749916285264143,25,20,20
38,3838,0.001666334116293388,0.03836968557474413,0.21017720356750252,0.7497867767414612,25,20,20
38,3839,0.00166632665831518,0.038369685562196165,0.20555284138467664,0.7544111463948134,25,20,20
38,3840,0.001666326659533703,0.03836968556361757,0.23619586568741732,0.7237681220894321,25,20,20
38,3841,0.0016663266595336478,0.038369685563617494,0.2361912449007253,0.7237727428761244,25,20,20
38,3842,0.0016663266595336476,0.038369685563617494,0.23619113101684697,0.7237728567600027,25,20,20
38,3843,0.0016663266595336465,0.038369685563617494,0.23619104994149837,0.7237729378353512,25,20,20
38,3844,0.0016663266595336465,0.03836968556361757,0.23618456103021554,0.7237794267466339,25,20,20
38,3845,0.001666326659536842,0.03836968556361757,0.23618458892067398,0.7237793988561724,25,20,20
38,3846,0.001666326660404487,0.04005589748571461,0.23449837699224663,0.7237793988616352,25,20,20
38,3847,0.001666326660404486,0.04005589748571468,0.23450307774051599,0.7237746981133655,25,20,20
38,3848,0.0016663266604044868,0.04005589748571461,0.23450307633762257,0.7237746995162592,25,20,20
38,3849,0.001666326660404543,0.040055897485718896,0.23450956839605624,0.7237682074578211,25,20,20
38,3850,0.0016663266500229774,0.04005589748571453,0.2345071883989985,0.7237705874652649,25,20,20
38,3851,0.0016663266500229353,0.04005589748571024,0.23487370120529424,0.7234040746589734,25,20,20
38,3852,0.0016663266498414375,0.04005589748570596,0.23474886847298548,0.723528907391468,25,20,20
38,3853,0.001666326650023538,0.04005589749964519,0.23476107414979924,0.723516701700533,25,20,20
38,3854,0.04005347272559564,0.04005589604056382,0.19637434645250829,0.7235162847813323,25,20,20
38,3855,0.04005347272559564,0.04005589604056396,0.1963789318510683,0.7235116993827723,25,20,20
38,3856,0.07980652436866878,0.04005589604056536,0.1566258802005686,0.7235116993901962,25,20,20
38,3857,0.07593027780972972,0.0400559004574208,0.16050089888153718,0.7235129228513121,25,20,20
38,3858,0.07593027780973377,0.0400559004574208,0.160497865361224,0.723515956371621,25,20,20
38,3859,0.07593027780973377,0.0400559004574208,0.16049784029825404,0.7235159814345912,25,20,20
38,3860,0.07593027780973298,0.04005590045742072,0.1605022435246005,0.7235115782082455,25,20,20
38,3861,0.07593027780955089,0.04005590044348572,0.16049011923040157,0.7235237025165615,25,20,20
38,3862,0.07593027785663367,0.03882463823045669,0.16172138109496173,0.7235237028179476,25,20,20
38,3863,0.07593027780868346,0.04006573502011053,0.1604802846601028,0.7235237025111029,25,20,20
38,3864,0.07591516534592442,0.04006573415180679,0.1604955168413615,0.7235235836609074,25,20,20
38,3865,0.07591516534592359,0.04006573415181101,0.16048905427257604,0.7235300462296894,25,20,20
38,3866,0.07589337370384239,0.040065729554612795,0.16051209870717442,0.7235287980343703,25,20,20
38,3867,0.07589337370384241,0.0400657295546128,0.16051221517892958,0.7235286815626152,25,20,20
38,3868,0.07589337370384241,0.040065729554857335,0.16050925010627673,0.7235316466350236,25,20,20
38,3869,0.075893373703888,0.040065729554861707,0.16051167824901832,0.7235292184922321,25,20,20
38,3870,0.07589337369360336,0.040065728767542545,0.16014253835527598,0.7238983591835786,25,20,20
38,3871,0.07589337369360336,0.04006572876754691,0.15976954077496042,0.7242713567638893,25,20,20
38,3872,0.07589337369360022,0.04006572876755118,0.16003584359210804,0.7240050539467411,25,20,20
38,3873,0.07589337369360019,0.04006572876755125,0.1600293196336694,0.7240115779051797,25,20,20
38,3874,0.07589337369360019,0.04006572876755133,0.16003592242494413,0.7240049751139047,25,20,20
38,3875,0.07589318538937018,0.040046007017629066,0.16005583246740365,0.7240049751255979,25,20,20
38,3876,0.07591714260923346,0.04004604591285342,0.15942952888823753,0.7246072825896768,25,20,20
38,3877,0.0759171426092334,0.04004604591284916,0.1591698011820999,0.7248670102958188,25,20,20
38,3878,0.0759171426092334,0.04004604591284916,0.15916968671807435,0.7248671247598444,25,20,20
38,3879,0.07591714260923346,0.040046045912849194,0.15954265952401406,0.7244941519539044,25,20,20
38,3880,0.07591714260923106,0.040046045912844976,0.15954258015404105,0.7244942313238839,25,20,20
38,3881,0.07591714260922791,0.04004604591284498,0.15927549536904245,0.7247613161088856,25,20,20
38,3882,0.07591714260941,0.040046045912840764,0.15928163741486984,0.7247551740628801,25,20,20
38,3883,0.07591714260940682,0.04004604589918693,0.1591587194886746,0.7248780920027323,25,20,20
38,3884,0.07591714260940922,0.04004604589918693,0.15916031264333896,0.7248764988480656,25,20,20
38,3885,0.07591714260940917,0.04004604589894232,0.15915868944836142,0.7248781220432877,25,20,20
38,3886,0.07591714260940917,0.040046045898937954,0.15915859676616326,0.7248782147254904,25,20,20
38,3887,0.07591714260940918,0.04004604589893803,0.15915871066603227,0.7248781008256212,25,20,20
38,3888,0.07591714260940925,0.04004604589894225,0.15915871307358925,0.72487809841806,25,20,20
38,3889,0.07542237707980802,0.040046330691221675,0.1596531929751735,0.7248780992537975,25,20,20
38,3890,0.07542237707986875,0.011308339062127139,0.18839118460274185,0.7248780992552625,25,20,20
38,3891,0.07542237707987196,0.011308339062122853,0.18838474192861912,0.7248845419293863,25,20,20
38,3892,0.07542237707987508,0.011308339062122927,0.1883804158508392,0.7248888680071631,25,20,20
38,3893,0.07542237707987508,0.011308339062127215,0.18837393134133748,0.7248953525166606,25,20,20
38,3894,0.07542237707987826,0.01130833906212729,0.18837393275891856,0.7248953510990762,25,20,20
38,3895,0.07542237708000601,0.011308339072216003,0.19943071268219184,0.713838571165586,25,20,20
38,3896,0.07542237708000601,0.01130833907197571,0.19942420488493845,0.7138450789630798,25,20,20
38,3897,0.07542237708000286,0.01130833907197571,0.19942415071385713,0.7138451331341642,25,20,20
38,3898,0.07542237708000292,0.011308339071975638,0.19942172702363056,0.7138475568243908,25,20,20
38,3899,0.07053881580154661,0.011308339145120224,0.20430528826928104,0.713847556784052,25,20,20
38,3900,0.07053881580172555,0.011308339145115934,0.20430617274417123,0.7138466723089871,25,20,20
38,3901,0.07053881580172866,0.011308339145358925,0.2045724156080234,0.7135804294448889,25,20,20
38,3902,0.07053881580172548,0.011308339145116005,0.2043061461504352,0.7138466989027232,25,20,20
38,3903,0.07053881580172548,0.011308339145116005,0.20430614618512205,0.7138466988680363,25,20,20
38,3904,0.07053881580172429,0.011308339145120194,0.20456936317236185,0.7135834818807935,25,20,20
38,3905,0.0705388158017251,0.011308339145120118,0.20456628500033497,0.7135865600528196,25,20,20
38,3906,0.07053882571220527,0.011309094598829927,0.20905779876895822,0.7090942809200065,25,20,20
38,3907,0.07053882571220207,0.011309094598829927,0.20905620264873678,0.7090958770402309,25,20,20
38,3908,0.07053882571219888,0.011309094598829776,0.20905620180574222,0.7090958778832289,25,20,20
38,3909,0.07053882571895509,0.011309094599148079,0.22302614374060667,0.6951259359412899,25,20,20
38,3910,0.07053882571895506,0.011309094599143863,0.2230307245229351,0.6951213551589658,25,20,20
38,3911,0.07053882571895506,0.011309094599139648,0.223030643140497,0.695121436541408,25,20,20
38,3912,0.07053882571895427,0.01130909459913957,0.22302902004283953,0.6951230596390664,25,20,20
38,3913,0.0705388257189574,0.01130909459914386,0.22302693916977503,0.6951251405121235,25,20,20
38,3914,0.0705388257189574,0.01130909459914386,0.22302693915949978,0.6951251405223986,25,20,20
38,3915,0.0705388257187753,0.011309094599143785,0.22302060387489459,0.6951314758071859,25,20,20
38,3916,0.07053882571877525,0.011309094599139462,0.22264752880964978,0.695504550872435,25,20,20
38,3917,0.07053887169366023,0.0008709575964110639,0.23308561947696177,0.6955045512329664,25,20,20
38,3918,0.0705388716936603,0.0008709575964110625,0.23308558762159692,0.6955045830883312,25,20,20
38,3919,0.0705388716936603,0.0008709575964110611,0.23308547457387857,0.6955046961360494,25,20,20
38,3920,0.07053887169366024,0.0008709575964109858,0.233085507950688,0.69550466275924,25,20,20
38,3921,0.07315654202947697,0.0008709619811019146,0.23046666347182146,0.6955058325175991,25,20,20
38,3922,0.07315654202947697,0.0008709619811019131,0.2304666268141904,0.6955058691752304,25,20,20
38,3923,0.07315654202943138,0.0008709619810975478,0.2304642798295338,0.6955082161599371,25,20,20
38,3924,0.07315654202943453,0.0008709619811018095,0.23073049688674033,0.695241999102723,25,20,20
38,3925,0.07315654202943453,0.0008709619811018079,0.23073277312392318,0.6952397228655403,25,20,20
38,3926,0.08278431418383506,0.0008749663280929925,0.22168435944024525,0.6946563600478268,25,20,20
38,3927,0.0827843141838359,0.0008749663280973588,0.22168880183436013,0.6946519176537066,25,20,20
38,3928,0.082784314183655,0.0008749663280973849,0.22142261652270723,0.6949181029655404,25,20,20
38,3929,0.08278431418365498,0.0008749663280973823,0.22142261251684364,0.694918106971404,25,20,20
38,3930,0.08278431418365179,0.0008749663280930892,0.22142241582284847,0.6949183036654066,25,20,20
38,3931,0.0887115520826895,0.0008749618688196452,0.21549635248528257,0.6949171335632082,25,20,20
38,3932,0.08944328998045782,0.0008746771674225983,0.21476490012421387,0.6949171327279057,25,20,20
38,3933,0.0894432899805034,0.0008746771676671833,0.21477145659958002,0.6949105762522494,25,20,20
38,3934,0.08945183955001763,0.0008746770767833885,0.21476290712134102,0.6949105762518579,25,20,20
38,3935,0.08945183955001763,0.0008746770767833871,0.21476290709690887,0.6949105762762899,25,20,20
38,3936,0.08945183955004034,0.0008746770666982389,0.20977799101206113,0.6998954923712002,25,20,20
38,3937,0.08945183955004034,0.0008746770666940239,0.20977787685656524,0.6998956065267002,25,20,20
38,3938,0.08945183954988588,0.000874677066690458,0.20370442778428952,0.7059690555991339,25,20,20
38,3939,0.08945183954988907,0.0008746770666904592,0.20370450985918714,0.7059689735242332,25,20,20
38,3940,0.08945183954988589,0.0008746770666863457,0.20370450926039654,0.7059689741230311,25,20,20
38,3941,0.08945183954988595,0.0008746770666863469,0.20370450928525877,0.7059689740981687,25,20,20
38,3942,0.10819287145962075,0.0008706483371075568,0.18498449605474396,0.7059519841485276,25,20,20
38,3943,0.10819287145966548,0.000870648337103267,0.1849824100810567,0.7059540701221745,25,20,20
38,3944,0.10819287145984754,0.0008706483371032684,0.18498712532731978,0.7059493548757293,25,20,20
38,3945,0.10819287145984754,0.0008706483371031188,0.1847209088526507,0.7062155713503985,25,20,20
38,3946,0.10819287145984838,0.0008706491299025982,0.1848185629601627,0.7061179164500863,25,20,20
38,3947,0.10819287145984838,0.0008706491299026721,0.18482326279558323,0.7061132166146658,25,20,20
38,3948,0.10819287145984752,0.0008706483371032667,0.18472803027789955,0.7062084499251496,25,20,20
38,3949,0.10819287145984748,0.0008706483371032652,0.18472799745344345,0.7062084827496058,25,20,20
38,3950,0.1081928714596654,0.0008706483371032655,0.1847248226637294,0.706211657539502,25,20,20
38,3951,0.108266177534948,0.0008712800719153399,0.18485595943427507,0.7060065829588613,25,20,20
38,3952,0.10826613161699021,8.426217530370166e-05,0.18564302324591986,0.706006582961786,25,20,20
38,3953,0.10855561595466197,0.00012440613251560396,0.18531335457701614,0.7060066233358059,25,20,20
38,3954,0.08325642730448318,0.004259772543316207,0.20647305948928008,0.7060107406629206,25,20,20
38,3955,0.08325642730448318,0.004259772543316132,0.2064683576564052,0.7060154424957955,25,20,20
38,3956,0.08325642730448324,0.004259772543320348,0.20646989805240815,0.7060139020997883,25,20,20
38,3957,0.08325642730448331,0.004259772543324641,0.20647210264822832,0.7060116975039638,25,20,20
38,3958,0.08325642730448651,0.004259772543328934,0.2064722999178118,0.7060115002343728,25,20,20
38,3959,0.0832564273044897,0.00425977254332901,0.20647229701737557,0.7060115031348055,25,20,20
38,3960,0.08320551181004131,0.004198901644382428,0.20658407457946304,0.7060115119661122,25,20,20
38,3961,0.08320551181004131,0.004198901644382504,0.20658415763313662,0.7060114289124388,25,20,20
38,3962,0.08320551195796946,0.00419890164439101,0.2065889183638114,0.7060066680338275,25,20,20
38,3963,0.08305602193277456,0.0041989016459937425,0.20673840817891562,0.7060066682423156,25,20,20
38,3964,0.08305602193277456,0.004198901645993741,0.20673844095197336,0.7060066354692579,25,20,20
38,3965,0.08305603036788783,0.0041989016456840215,0.19277521147974763,0.7199698565066806,25,20,20
38,3966,0.08305596104260335,0.005321051217012786,0.191653131744585,0.7199698559957974,25,20,20
38,3967,0.08305596104260335,0.005321051217012787,0.19165301796327863,0.7199699697771037,25,20,20
38,3968,0.12214107551256782,0.005266504889650211,0.15262248545055,0.7199699341472318,25,20,20
38,3969,0.12206777926649337,0.005265118164627355,0.15269739640746852,0.7199697061614111,25,20,20
38,3970,0.12206777926649018,0.005265118164627277,0.15269728745632438,0.7199698151125585,25,20,20
38,3971,0.12206777926649093,0.005265118164627203,0.15269581848314823,0.7199712840857341,25,20,20
38,3972,0.1220677792664909,0.005265118164627203,0.1526957914625412,0.7199713111063408,25,20,20
38,3973,0.12206777926649093,0.005265118164627281,0.15269579626047186,0.7199713063084101,25,20,20
38,3974,0.12206777926649093,0.005265118164627281,0.15269579621709758,0.7199713063517844,25,20,20
38,3975,0.12206777926648772,0.005265118164622987,0.15269560153081113,0.7199715010380783,25,20,20
38,3976,0.12206777082461827,0.005265118164614479,0.15269350788781583,0.7199736031229516,25,20,20
38,3977,0.12206777082461821,0.005265118164610189,0.15269192497650394,0.7199751860342677,25,20,20
38,3978,0.08290455009452666,0.0052652376116060695,0.1913132991665726,0.720516913127294,25,20,20
38,3979,0.09667881015790526,0.0011581756330432493,0.18165213234736688,0.7205108818616834,25,20,20
38,3980,0.09667881015790604,0.0011581756330432493,0.1816521289935514,0.7205108852154981,25,20,20
38,3981,0.09667881015808698,0.001158175633047511,0.1819184755164724,0.7202445386923919,25,20,20
38,3982,0.09667881015808698,0.0011581756330516521,0.18191397088761974,0.7202490433212406,25,20,20
38,3983,0.09667881015808698,0.0011581756330516495,0.18191396878901245,0.7202490454198479,25,20,20
38,3984,0.09667881015808703,0.0011581756332962316,0.18192063328360408,0.7202423809250115,25,20,20
38,3985,0.09667881015808709,0.0011581764262020354,0.18201506197182699,0.7201479514438828,25,20,20
38,3986,0.09667881074849997,0.0011581764262062434,0.1821030428238743,0.7200599700014184,25,20,20
38,3987,0.09667881074850003,0.0011581764264508387,0.18210778235389571,0.7200552304711526,25,20,20
38,3988,0.09667881074850238,0.0011581756335451831,0.18201334870286934,0.7201496649150824,25,20,20
38,3989,0.09695774845851438,0.0011647479908490337,0.18169650145923946,0.720181002091396,25,20,20
38,3990,0.09695774845855279,0.001164786161599842,0.1879936540774283,0.7138838113024183,25,20,20
38,3991,0.09695774845855354,0.0011647861613552598,0.187993683649455,0.7138837817306354,25,20,20
38,3992,0.09695774845859897,0.0011647861615990142,0.18811893780868216,0.7137585275711192,25,20,20
38,3993,0.09695774845859581,0.0011647861615990127,0.18812105415175912,0.7137564112280453,25,20,20
38,3994,0.09695774845855355,0.001164786161355257,0.18799118172679768,0.7138862836532929,25,20,20
38,3995,0.09695774845855355,0.0011647861613509655,0.18799098586956198,0.7138864795105329,25,20,20
38,3996,0.09695774845855354,0.001164786161346674,0.18798880972337714,0.7138886556567223,25,20,20
38,3997,0.09695774845850794,0.0011647861613465998,0.18798653297550522,0.71389093240464,25,20,20
38,3998,0.09695775559037825,0.0011647479908063077,0.18787089926667488,0.7140065971521403,25,20,20
38,3999,0.09695775559238738,0.0011647479908057292,0.1938543914160972,0.7080231050007094,25,20,20
38,4000,0.0603096741785568,0.0011660665252945703,0.23050104425677648,0.7080232150393719,25,20,20
38,4001,0.06030967417855362,0.0011660665252945703,0.23050107655146504,0.7080231827446866,25,20,20
38,4002,0.0603096741785544,0.001166066525294573,0.23050780859221962,0.7080164507039313,25,20,20
38,4003,0.060309674178554415,0.0011660665252946482,0.23050789025848753,0.7080163690376632,25,20,20
38,4004,0.06030967417855362,0.0011660665252947215,0.23087425920386984,0.7076500000922817,25,20,20
38,4005,0.06361469429999339,0.001158853923341977,0.2275764622684714,0.7076499895081935,25,20,20
38,4006,0.06361469429999339,0.001158853923341903,0.22757638121225238,0.7076500705644126,25,20,20
38,4007,0.06334189899251083,0.0011523973190400165,0.22788641657848946,0.70761928710996,25,20,20
38,4008,0.06334189899255627,0.0011523973190400915,0.22797860178690832,0.7075271019014957,25,20,20
38,4009,0.09991100125895022,0.0011523973057179127,0.19140949953384528,0.7075271019014867,25,20,20
38,4010,0.11114821503671007,0.0011240786120066777,0.18019675830902696,0.707530948042256,25,20,20
38,4011,0.11114821503671005,0.001124078611762082,0.18019363904110502,0.7075340673104225,25,20,20
38,4012,0.1111482150367101,0.0011240786117662986,0.180193720423363,0.7075339859281603,25,20,20
38,4013,0.11114821503671328,0.001124078611766371,0.18028593543394195,0.7074417709175779,25,20,20
38,4014,0.11127047176349807,0.0011240786102059011,0.18016367870098823,0.7074417709253074,25,20,20
38,4015,0.11127047177385604,0.0011240786104500327,0.1802567628984264,0.707348686717267,25,20,20
38,4016,0.12199509713294544,0.0011240787242124048,0.169536022786983,0.7073448013558586,25,20,20
38,4017,0.12199509713294464,0.0011240787242124048,0.16952929017051854,0.7073515339723241,25,20,20
38,4018,0.12199509713294145,0.0011240787242123324,0.16943710854385974,0.7074437155989862,25,20,20
38,4019,0.12199509713294145,0.0011240787242123298,0.16943699465122386,0.707443829491622,25,20,20
38,4020,0.12199509711410789,2.271363173081028e-06,0.17055880203983684,0.7074438294828821,25,20,20
38,4021,0.12199509711209996,2.271363173763287e-06,0.16430916009595514,0.713693471428771,25,20,20
38,4022,0.1219966647207445,2.3083132351207338e-06,0.17159004805653932,0.706410978909481,25,20,20
38,4023,0.12199666471056743,2.3083129952523178e-06,0.17176328692779524,0.7062377400486421,25,20,20
38,4024,0.12199666595294788,2.185428743249782e-05,0.17174373970198928,0.7062377400576303,25,20,20
38,4025,0.12199666596332881,2.1854287677168072e-05,0.17174695405091914,0.7062345256980749,25,20,20
38,4026,0.12199666596332887,2.1854287677169397e-05,0.1717469934283806,0.7062344863206134,25,20,20
38,4027,0.12199666596332881,2.185428767716808e-05,0.17174695405091914,0.7062345256980749,25,20,20
38,4028,0.12199666595294795,2.1854287432574396e-05,0.17174223276769196,0.7062392469919275,25,20,20
38,4029,0.12199666595276701,2.1854287428386587e-05,0.17147596376276567,0.7065055159970389,25,20,20
38,4030,0.12199666557078898,1.8995444630348158e-06,0.17149454746140289,0.706506887423345,25,20,20
38,4031,0.12199666557078898,1.899544463110076e-06,0.1714992472970207,0.7065021875877271,25,20,20
38,4032,0.12199666557078899,1.8995444631113736e-06,0.17149932778668334,0.7065021070980645,25,20,20
38,4033,0.1219249772036391,1.8995475904202088e-06,0.17157101615804515,0.7065021070907251,25,20,20
38,4034,0.12192497705571094,1.8995475818392511e-06,0.17156628884545227,0.7065068345512548,25,20,20
38,4035,0.12192496992380221,1.8995473713257538e-06,0.1653848504549073,0.7126882800739192,25,20,20
38,4036,0.12192496992380221,1.8995473712504714e-06,0.16538022969718372,0.7126929008316428,25,20,20
38,4037,0.08523907275784631,1.1824474888230975e-05,0.20071891405786993,0.7140301887093952,25,20,20
38,4038,0.08523907275784631,1.1824474888304972e-05,0.20071894885684924,0.7140301539104158,25,20,20
38,4039,0.08523907276815605,1.1824474892417427e-05,0.2009855605215818,0.7137635422353695,25,20,20
38,4040,0.08523907276815612,1.1824474896708376e-05,0.20099208593954437,0.7137570168174027,25,20,20
38,4041,0.0852390727681585,1.1824474896708374e-05,0.2009936790942061,0.7137554236627386,25,20,20
38,4042,0.08523907276815842,1.1824474896631789e-05,0.20099367962981943,0.7137554231271254,25,20,20
38,4043,0.0852390727681584,1.1824474892414796e-05,0.20099367794031722,0.7137554248166319,25,20,20
38,4044,0.0852390727681584,1.1824474892487465e-05,0.2009982986787904,0.7137508040781587,25,20,20
38,4045,0.08523907276816159,1.1824474892413526e-05,0.20099180352260032,0.7137572992343457,25,20,20
38,4046,0.08523907276797944,1.1824474888047943e-05,0.200991606828756,0.7137574959283767,25,20,20
38,4047,0.08523907276798263,1.1824488786387926e-05,0.20112114674449114,0.7136279559987396,25,20,20
38,4048,0.08523907277673944,1.1824488793553527e-05,0.20736926890806853,0.7073798338263982,25,20,20
38,4049,0.06931230052458727,1.247085680089837e-05,0.22329231310786932,0.7073829155107424,25,20,20
38,4050,0.06931073232571197,1.2433906979935122e-05,0.21592265020154372,0.7147541835657641,25,20,20
38,4051,0.06931073232570878,1.2433906979933824e-05,0.21592254056402332,0.7147542932032878,25,20,20
38,4052,0.0693107323257088,1.243390697993512e-05,0.21592416003743872,0.7147526737298722,25,20,20
38,4053,0.06931073231539665,1.24339069756747e-05,0.2156574407444776,0.7150193930331497,25,20,20
38,4054,0.069310732315439,1.2433893081625864e-05,0.2155325227225398,0.7151443110689393,25,20,20
38,4055,0.06931073231543819,1.2433893081624566e-05,0.21553248322354981,0.71514435056793,25,20,20
38,4056,0.06931073231543819,1.2433893081549261e-05,0.21552778000333894,0.7151490537881409,25,20,20
38,4057,0.06931073231543822,1.2433893081550605e-05,0.215528011970626,0.7151488218208538,25,20,20
38,4058,0.06931073230667822,1.2433893074309739e-05,0.20927829522467958,0.7213985385755679,25,20,20
38,4059,0.035718581217380224,1.2433625651135678e-05,0.2405198744603061,0.7237491106966627,25,20,20
38,4060,0.035718581227683156,1.243362589488831e-05,0.24055785097570076,0.7237111341707212,25,20,20
38,4061,0.012366527479641924,1.1800495391302731e-05,0.2637155162187698,0.723906155806197,25,20,20
38,4062,0.012366527479641927,1.1800495635898253e-05,0.26372014186037607,0.7239015301643462,25,20,20
38,4063,0.012366527479641927,1.1800495635973507e-05,0.2637267460493316,0.7238949259753902,25,20,20
38,4064,0.012366527479642725,1.1800495640264435e-05,0.2637333525719831,0.7238883194527334,25,20,20
38,4065,0.049548182518443264,1.1807068949727706e-05,0.22674961178124975,0.7236903986313565,25,20,20
38,4066,0.04933684092474883,1.1667259418215747e-05,0.2275028213513162,0.7231486704645158,25,20,20
38,4067,0.04933684092475201,1.166725941828972e-05,0.22750285557722943,0.7231486362385994,25,20,20
38,4068,0.04933684092491288,1.1667271732253659e-05,0.2318044717777258,0.7188470200256286,25,20,20
38,4069,0.049336840924916074,1.1667271732254957e-05,0.23180447226645498,0.7188470195368961,25,20,20
38,4070,0.049336840924916074,1.1667271732254968e-05,0.23179798336393748,0.7188535084394139,25,20,20
38,4071,0.04933684092491368,1.1667271736471314e-05,0.23179806428074226,0.7188534275226072,25,20,20
38,4072,0.0493449636454578,1.1379621613481306e-05,0.2317916006457706,0.7188520560871587,25,20,20
38,4073,0.04934496364527563,1.1379621368804096e-05,0.23178777394740874,0.7188558827859474,25,20,20
38,4074,0.04934496364523003,1.1379621124220334e-05,0.2317811827557684,0.7188624739778773,25,20,20
38,4075,0.04934496379315077,1.137962137309662e-05,0.23178790154336254,0.7188557550421134,25,20,20
38,4076,0.04933880170759074,1.1267833903753275e-05,0.23179472917066818,0.7188552012878364,25,20,20
38,4077,0.04933880170759074,1.1267833903753253e-05,0.23179469636231523,0.7188552340961892,25,20,20
38,4078,0.017383215551979664,1.1248760742213418e-05,0.2637500900824994,0.7188554456047769,25,20,20
38,4079,0.025949684357700443,2.9686102009397704e-05,0.25507113215848676,0.7189494973818017,25,20,20
38,4080,0.025949684357697303,2.9686102009322433e-05,0.25507109792227484,0.718949531618017,25,20,20
38,4081,0.025949684357700488,2.9686102013598866e-05,0.2552005513728226,0.7188200781674615,25,20,20
38,4082,0.020712211465183455,3.016806662603322e-05,0.2627869669378968,0.7164706535302919,25,20,20
38,4083,0.017644872361072293,2.0248196848727585e-05,0.2672015133737884,0.7151333660682893,25,20,20
38,4084,0.017644872360911494,2.024818453897872e-05,0.2625334000975158,0.7198014793570324,25,20,20
38,4085,0.01764487236086598,2.0248184538903943e-05,0.26252889239468646,0.7198059870599076,25,20,20
38,4086,0.006837128889431276,5.206096747836655e-07,0.27345052542894943,0.7197118250719439,25,20,20
38,4087,0.005944185827941376,4.923161236247993e-07,0.27434336290784606,0.7197119589480883,25,20,20
38,4088,0.005944185827941307,4.923161194091414e-07,0.27433687228851605,0.7197184495674226,25,20,20
38,4089,0.007202132082629285,4.923190309953835e-07,0.2730789260170368,0.7197184495813019,25,20,20
38,4090,0.007202132072280979,4.923187913847862e-07,0.272955254924508,0.7198421206844188,25,20,20
38,4091,0.007202132072281771,4.923190343798999e-07,0.27322149156295966,0.7195758840457234,25,20,20
38,4092,0.007202132072280971,4.923190300882631e-07,0.27322129625621,0.7195760793524779,25,20,20
38,4093,0.007202132072280971,4.923190301641154e-07,0.2735943187848254,0.7192030568238624,25,20,20
38,4094,0.0072021320722809555,4.92318785567272e-07,0.2735895766713095,0.7192077989376233,25,20,20
38,4095,0.007214144145634486,4.915818078138936e-07,0.2735777619215295,0.7192076023510271,25,20,20
38,4096,0.007214144145634216,4.915818035727757e-07,0.28754136054711804,0.7052440037254432,25,20,20
38,4097,0.0072141441456310875,4.915817993703345e-07,0.28741190937068817,0.7053734549018806,25,20,20
38,4098,0.007156181713273338,4.918375114294674e-07,0.2874700042477459,0.705373322201469,25,20,20
38,4099,0.007156181713276517,4.918377536981576e-07,0.28784304366345187,0.7050002827855176,25,20,20
38,4100,0.007156181713278919,4.918375106303706e-07,0.28757672159990844,0.7052666048493017,25,20,20
38,4101,0.007156181713278904,4.918375106303704e-07,0.28758320990163955,0.7052601165475708,25,20,20
38,4102,0.007156145826107985,4.918375466261263e-07,0.28758324982408234,0.705260112512263,25,20,20
38,4103,0.007156145826107987,4.918375423364976e-07,0.28758134574752836,0.7052620165888212,25,20,20
38,4104,0.0014481932923123154,6.195785069269014e-07,0.2932893643577675,0.705261822771413,25,20,20
38,4105,0.001448193292312301,6.195785069268782e-07,0.29328913575092863,0.7052620513782518,25,20,20
38,4106,0.0014481932923122462,6.195785069268558e-07,0.29328913572590964,0.7052620514032709,25,20,20
38,4107,0.0014463973360444046,4.926854697852769e-07,0.29329106210730843,0.7052620478711771,25,20,20
38,4108,0.001446397336041224,4.926854740749058e-07,0.29329763815169846,0.7052554718267858,25,20,20
38,4109,0.0014463973360412234,4.926854783652281e-07,0.29329307864749127,0.7052600313309888,25,20,20
38,4110,0.0035905832878589806,1.9027059563057027e-06,0.2911406442934057,0.7052668697127783,25,20,20
38,4111,0.003590583287855801,1.9027057139617435e-06,0.2907675218240263,0.7056399921824031,25,20,20
38,4112,0.0035905832982375337,1.9027057097461065e-06,0.29076257095047636,0.7056449430455757,25,20,20
38,4113,0.003590583308618554,1.9027057097469931e-06,0.29076661624022093,0.7056408977454499,25,20,20
38,4114,0.0035905832982400018,1.9027057097456752e-06,0.2907650441751195,0.7056424698209299,25,20,20
38,4115,0.0035905832982400148,1.9027057098196468e-06,0.29076515760033744,0.7056423563957119,25,20,20
38,4116,0.00359262868727698,1.949263658622645e-06,0.2907630657218268,0.7056423563272369,25,20,20
38,4117,0.0035926286872777747,1.949277508991618e-06,0.2910239103926782,0.7053815116425342,25,20,20
38,4118,0.003853100632010565,1.9446564072555525e-06,0.29076344346647465,0.7053815112451067,25,20,20
38,4119,0.0038531006320105636,1.944656407255576e-06,0.2907633894463049,0.7053815652652764,25,20,20
38,4120,0.0038531006320105515,1.9446564115441113e-06,0.2907664721123514,0.7053784825992259,25,20,20
38,4121,0.003853100632010551,1.9446564114688198e-06,0.2907665595255603,0.7053783951860172,25,20,20
38,4122,0.002254855044778273,5.346372793926666e-07,0.29236591127327066,0.7053786990446713,25,20,20
38,4123,0.0022548910094296794,5.346226605459769e-07,0.29236587532203734,0.7053786990458718,25,20,20
38,4124,0.002254843818265349,5.256326736534e-08,0.2923663500661649,0.7053787535523017,25,20,20
38,4125,0.0022548438078842732,5.2563263148085414e-08,0.29236219058563273,0.7053829130432194,25,20,20
38,4126,0.002254843807884385,5.256326314813096e-08,0.2923621912925791,0.7053829123362729,25,20,20
38,4127,0.002254843807883591,5.254941285312902e-08,0.29209485771026805,0.7056502459324351,25,20,20
38,4128,0.002254843807928599,5.2549412953858104e-08,0.2781248138759048,0.7196202897667533,25,20,20
38,4129,0.0022548438079285954,5.2549412879882594e-08,0.278126934350813,0.7196181692918451,25,20,20
38,4130,0.002254843807928582,5.25494086635147e-08,0.2781268529683748,0.7196182506742875,25,20,20
38,4131,0.002254843807928584,5.254941300136512e-08,0.27839318591508616,0.7193519177275718,25,20,20
38,4132,0.002254843807928528,5.254940870972252e-08,0.27839315747210064,0.7193519461705619,25,20,20
38,4133,0.0022548446032213307,1.4188350975963977e-05,0.2783802241835806,0.7193507428622216,25,20,20
38,4134,0.0022548446032189346,1.4188351220473527e-05,0.278386845684985,0.7193441213605751,25,20,20
38,4135,0.0022548446032189338,1.4188351216257644e-05,0.278382257410272,0.7193487096352924,25,20,20
38,4136,0.0022528337897633516,1.4140974289286205e-05,0.27838431560311633,0.7193487096328309,25,20,20
38,4137,0.0022599695837812977,1.4142442646552653e-05,0.27837717809620444,0.7193487098773678,25,20,20
38,4138,0.0022599695837812977,1.4142442646478681e-05,0.2783771767035654,0.7193487112700068,25,20,20
38,4139,0.0005157350331245188,1.4142938752162498e-05,0.28012841473187694,0.7193417072962456,25,20,20
38,4140,0.00051573503312452,1.4142938756453447e-05,0.28013502122466805,0.7193351008034503,25,20,20
38,4141,0.0005157350331244639,1.4142938756453423e-05,0.2801350205266939,0.7193351015014244,25,20,20
38,4142,0.0005157350331244776,1.4142952654792066e-05,0.2802645604298823,0.7192055615843373,25,20,20
38,4143,0.0005085991964829768,1.4385830641467237e-05,0.2802714532745119,0.7192055616983627,25,20,20
38,4144,0.02614888045026615,1.4392093641485654e-05,0.2546311666993942,0.719205560756697,25,20,20
38,4145,0.02614888045026615,1.4392093641484356e-05,0.2546310528155159,0.7192056746405753,25,20,20
38,4146,0.02614888045026615,1.4392093641484378e-05,0.2546311332706485,0.7192055941854426,25,20,20
38,4147,0.02700215147940701,1.4391610011148226e-05,0.2533641353166026,0.7196193215939779,25,20,20
38,4148,0.02700215147940694,1.4391596112734312e-05,0.25323451377261436,0.7197489431518648,25,20,20
38,4149,0.02700215147940694,1.4391596112733038e-05,0.2532346262444575,0.7197488306800217,25,20,20
38,4150,0.027003107946053588,1.57013005670411e-05,0.253232360072765,0.7197488306806135,25,20,20
38,4151,0.027003107946053602,1.570130056711439e-05,0.2536053494438447,0.7193758413095337,25,20,20
38,4152,0.02700310794605366,1.5701300567116986e-05,0.2536075465456742,0.7193736442077042,25,20,20
38,4153,0.0023172395983925022,1.5694773520439493e-05,0.2782934193199445,0.7193736463081415,25,20,20
38,4154,0.0014134537262023147,1.5694756939255798e-05,0.279611068509846,0.7189597830070111,25,20,20
38,4155,0.0014134537262030847,1.569475693933104e-05,0.2796089062477154,0.7189619452691415,25,20,20
38,4156,0.0023764637236474116,1.5694756787960335e-05,0.27864589863838246,0.7189619428811812,25,20,20
38,4157,0.0023764637236466137,1.5694756787959017e-05,0.27864586379244144,0.7189619777271231,25,20,20
38,4158,0.002376463575725941,1.569475653915934e-05,0.27863906995373533,0.7189687717139988,25,20,20
38,4159,0.002376463575908054,1.569475678366891e-05,0.2786456591441273,0.7189621825231799,25,20,20
38,4160,0.0023764635759080666,1.5694756783668913e-05,0.27864565917942435,0.7189621824878829,25,20,20
38,4161,0.0014135591225102764,1.5694756174816234e-05,0.27960856596809835,0.7189621801532153,25,20,20
38,4162,0.001413559122464744,1.569475617474097e-05,0.2796062861666697,0.7189644599546898,25,20,20
38,4163,0.001413559122464744,1.5694756174739675e-05,0.27960628477924354,0.718964461342116,25,20,20
38,4164,0.0004344818866053243,1.5695249701840698e-05,0.2805853591685767,0.7189644636951152,25,20,20
38,4165,0.0004344818866053231,1.569524969754977e-05,0.28057875268588406,0.7189710701778123,25,20,20
38,4166,0.03347833435380349,1.4385593284169192e-05,0.24753620986930197,0.71897107018361,25,20,20
38,4167,0.0334783343538035,1.4385593284094626e-05,0.24716550028671785,0.7193417797661941,25,20,20
38,4168,0.03347833435380434,1.4385593528149882e-05,0.24725619043423688,0.7192510896184302,25,20,20
38,4169,0.03347833435380439,1.4385593528150595e-05,0.24688320275208459,0.7196240773005823,25,20,20
38,4170,0.03347833437426843,0.00041781395952372686,0.24647977454836142,0.7196240771178459,25,20,20
38,4171,0.033478334374086316,0.0004178139592791421,0.246473069495766,0.7196307821708681,25,20,20
38,4172,0.0334783343740895,0.0004178139592834213,0.2465630940732939,0.7195407575933325,25,20,20
38,4173,0.0334783343740903,0.00041781395928771296,0.24656328934542632,0.7195405623211951,25,20,20
38,4174,0.07190456269410529,0.0004180954766845289,0.2081354360673571,0.7195419057618527,25,20,20
38,4175,0.07292027771918148,0.0004178136116743144,0.20712134635151302,0.7195405623176307,25,20,20
38,4176,0.07292027771918148,0.0004178136116743158,0.20712131295749472,0.7195405957116492,25,20,20
38,4177,0.07292027771918154,0.0004178136116743158,0.2071260144448099,0.719535894224334,25,20,20
38,4178,0.07292027771918155,0.00041781361167431705,0.207126130916565,0.7195357777525788,25,20,20
38,4179,0.07292027772176513,0.00041781440376722915,0.20716910735207275,0.7194928005223946,25,20,20
38,4180,0.0729202778564309,0.00041785563995738495,0.21075963175242018,0.7159022347511912,25,20,20
38,4181,0.07292053633393082,0.0004037198433433432,0.21077350943545586,0.715902234387269,25,20,20
38,4182,0.07292332673297715,1.382860199326517e-05,0.2111606100927237,0.715902234572305,25,20,20
38,4183,0.0729233267329772,1.3828601993266466e-05,0.2111606125548921,0.7159022321101365,25,20,20
38,4184,0.0729233267329772,1.3828601993267762e-05,0.21116069218398287,0.7159021524810456,25,20,20
38,4185,0.07292332673297641,1.3828601748758194e-05,0.21115410298980708,0.7159087416754667,25,20,20
38,4186,0.07276871569963521,1.3833563130077257e-05,0.21130733574289884,0.7159101149943349,25,20,20
38,4187,0.07276871569704844,1.3832771032884804e-05,0.2111721390891649,0.7160453124427528,25,20,20
38,4188,0.07856851451785068,1.3832770510925866e-05,0.20537234027012993,0.7160453124415078,25,20,20
38,4189,0.07856851451785063,1.3832770510925868e-05,0.2053676387584725,0.7160500139531653,25,20,20
38,4190,0.1089456641392982,1.3832854095974064e-05,0.1749904671018353,0.71605003590477,25,20,20
38,4191,0.10894566413929825,1.3832854100267032e-05,0.1749904717078862,0.7160500312987148,25,20,20
38,4192,0.1089456641392983,1.3832854103887934e-05,0.18123998021004836,0.7098005227965488,25,20,20
38,4193,0.10894566426995557,1.3832854323640713e-05,0.18591422941521477,0.7051262734605054,25,20,20
38,4194,0.10894463596321742,1.383236535416394e-05,0.18591526054219204,0.705126271129236,25,20,20
38,4195,0.10894464144748256,1.3832374422239253e-05,0.1999016626508056,0.6911398635272892,25,20,20
38,4196,0.10894464144748181,1.3832374661780042e-05,0.20003098909470285,0.6910105370831532,25,20,20
38,4197,0.10894464144748175,1.383237441794632e-05,0.19990158181765627,0.6911399443604437,25,20,20
38,4198,0.10894464144748489,1.383237466036224e-05,0.20027458781898552,0.6907669383588687,25,20,20
38,4199,0.10894464144748497,1.383237466028959e-05,0.20027917544176949,0.6907623507360848,25,20,20
38,4200,0.10894464144748502,1.3832374664505959e-05,0.20027928963255723,0.690762236545293,25,20,20
38,4201,0.10894464144748497,1.3832374660289613e-05,0.20027917544194712,0.6907623507359074,25,20,20
38,4202,0.10894464144748489,1.3832374655997968e-05,0.2002790564056703,0.6907624697721886,25,20,20
38,4203,0.10894464144748495,1.38323746559227e-05,0.20027910429161974,0.6907624218862393,25,20,20
38,4204,0.10174128102047506,1.383112976410676e-05,0.20583192000897224,0.6924129678407881,25,20,20
38,4205,0.10174128102052034,1.3831129764034093e-05,0.20608403904360764,0.6921608488061076,25,20,20
38,4206,0.06934088450974284,1.6548777730846156e-05,0.2401336371224645,0.6905089295900608,25,20,20
38,4207,0.06934088450974284,1.6548777735137083e-05,0.24014016111382575,0.690502405598695,25,20,20
38,4208,0.06934088450974048,1.6548777492796434e-05,0.23976715654035577,0.6908754101724098,25,20,20
38,4209,0.06939861722671904,1.6645411470313853e-05,0.2397093230397723,0.6908754143220377,25,20,20
38,4210,0.07294545542803857,1.6645872271184187e-05,0.23616236015212347,0.6908755385475663,25,20,20
38,4211,0.07294545542803851,1.664587227118548e-05,0.23616689819031816,0.6908710005093717,25,20,20
38,4212,0.07294545542803844,1.664587226763984e-05,0.22992201047029126,0.6971158882294022,25,20,20
38,4213,0.0728299538211476,1.39261112244986e-05,0.23004023190825798,0.6971158881593695,25,20,20
38,4214,0.07282995383152852,1.3926111228863729e-05,0.2300449514924245,0.6971111685648175,25,20,20
38,4215,0.07282995383152849,1.3926111224648073e-05,0.2300384280881045,0.6971176919691418,25,20,20
38,4216,0.07282995383152849,1.3926111224648073e-05,0.23003850719034077,0.6971176128669054,25,20,20
38,4217,0.07283084710050551,1.3926120109350351e-05,0.23003761154444316,0.6971176152349418,25,20,20
38,4218,0.07261594416497036,1.3930611979333016e-05,0.23025253154993888,0.6971175936731108,25,20,20
38,4219,0.07261594416497043,1.3930611983548682e-05,0.23025443621043176,0.6971156890126134,25,20,20
38,4220,0.08575648669285343,1.3930146669746583e-05,0.21711401839468966,0.697115564765787,25,20,20
38,4221,0.08575648669285338,1.3930146665456956e-05,0.21710741590698807,0.697122167253493,25,20,20
38,4222,0.08575648669285417,1.3930146669746608e-05,0.21711394133891357,0.6971156418215623,25,20,20
38,4223,0.09271094090325555,2.1780338025498375e-05,0.21015094658125735,0.6971163321774613,25,20,20
38,4224,0.09271094090321029,2.1780338025571064e-05,0.209898860390248,0.6973684183685157,25,20,20
38,4225,0.09271094090321265,2.1780338263697355e-05,0.2102653763560583,0.697001902402465,25,20,20
38,4226,0.09271094090321265,2.1780338263694763e-05,0.21026537305130322,0.69700190570722,25,20,20
38,4227,0.09271094090321345,2.1780338263770044e-05,0.2102673162446108,0.6969999625139116,25,20,20
38,4228,0.09635930985221253,2.1780337675091165e-05,0.20661894970637779,0.6969999601037344,25,20,20
38,4229,0.0963593098522125,2.1780337675164765e-05,0.20671120261813922,0.6969077071919731,25,20,20
38,4230,0.0963593098522125,2.1780337675167357e-05,0.20671780665177455,0.6969011031583379,25,20,20
38,4231,0.09635930984183388,2.178033784780039e-05,0.2177709308217466,0.6858479789985718,25,20,20
38,4232,0.09669719723796782,2.1780409324268702e-05,0.2173672519978075,0.685913770354901,25,20,20
38,4233,0.09669719724834673,2.1780423088505587e-05,0.20631632898761695,0.6969646933409485,25,20,20
38,4234,0.09669719724834595,2.1780423088430303e-05,0.20630980044444214,0.6969712218841241,25,20,20
38,4235,0.08653725464041818,2.1792103331234263e-05,0.21653231099739878,0.6969086422588525,25,20,20
38,4236,0.0829046503937968,2.179261378818587e-05,0.22016491234411098,0.6969086446483044,25,20,20
38,4237,0.08320870617228053,2.179225832241328e-05,0.21985833152270737,0.6969111700466901,25,20,20
38,4238,0.08320870604162403,2.1792258111111353e-05,0.21545030002557206,0.7013192016746934,25,20,20
38,4239,0.08320870604162404,2.179225811111134e-05,0.2158234173086924,0.700946084391573,25,20,20
38,4240,0.12237998017670103,2.1792094823925314e-05,0.17665467112610614,0.7009435566023692,25,20,20
38,4241,0.12237998017670104,2.1792094826691784e-05,0.19062442260100226,0.6869738051274704,25,20,20
38,4242,0.1020526078423336,9.205858261542738e-05,0.2108756847950111,0.6869796487800403,25,20,20
38,4243,0.10205260784233358,9.20585826154274e-05,0.2105025674928585,0.6873527660821928,25,20,20
38,4244,0.10205260784233358,9.205858261542611e-05,0.210502566580207,0.6873527669948443,25,20,20
38,4245,0.10205260784233358,9.20585826154274e-05,0.21050260604270463,0.6873527275323467,25,20,20
38,4246,0.10205260784492039,9.205937447020526e-05,0.2102647627255299,0.6875905700550798,25,20,20
38,4247,0.10205260784492116,9.205937447028056e-05,0.2102647152544314,0.6875906175261776,25,20,20
38,4248,0.10216890542931686,9.205852256653437e-05,0.21014841852195204,0.6875906175261655,25,20,20
38,4249,0.10216890542931688,9.20585225708095e-05,0.21027133592692893,0.6874677001211842,25,20,20
38,4250,0.10512261335517048,9.205767903508074e-05,0.20731762884594077,0.6874677001198545,25,20,20
38,4251,0.10512261335516973,9.205767927958767e-05,0.20732426488717628,0.6874610640783752,25,20,20
38,4252,0.10512261335516968,9.205767927951236e-05,0.207330787869535,0.6874545410960168,25,20,20
38,4253,0.10512261335516968,9.20576792795111e-05,0.20732418155853133,0.6874611474070204,25,20,20
38,4254,0.10512261335257972,9.205688718231599e-05,0.2071889848694341,0.687596344890805,25,20,20
38,4255,0.10512261335257975,9.205688717798077e-05,0.20692265592858639,0.6878626738316568,25,20,20
38,4256,0.10512261335257973,9.205688717797946e-05,0.20692485098734578,0.6878604787728975,25,20,20
38,4257,0.10512261335258292,9.205688717805604e-05,0.20692493479163823,0.6878603949686019,25,20,20
38,4258,0.1051226133526284,9.205688742257606e-05,0.2068374760214982,0.6879478537384517,25,20,20
38,4259,0.10512261335263469,9.205688766699303e-05,0.19313395751766158,0.7016513722420377,25,20,20
38,4260,0.1051226133526315,9.205688766699232e-05,0.19350697658169466,0.7012783531780077,25,20,20
38,4261,0.10512260801628813,9.205687860328325e-05,0.17952734717769409,0.7152579879274154,25,20,20
38,4262,0.1051226080164427,9.205687857215532e-05,0.18392017769433522,0.7108651574106508,25,20,20
38,4263,0.10512260801644269,9.205687857207876e-05,0.183920064865042,0.7108652702399445,25,20,20
38,4264,0.08288634963901727,9.356977233644748e-05,0.20615075271189545,0.7108693278767513,25,20,20
38,4265,0.08136829891457531,0.0001562826027814323,0.2076060889884206,0.7108693294942232,25,20,20
38,4266,0.08136829876665348,0.00015628260277713996,0.20760591857608504,0.7108695000544849,25,20,20
38,4267,0.08136829876649257,0.00015628260256108574,0.2029468222798988,0.715528596351048,25,20,20
38,4268,0.08136829876649179,0.00015628260280335182,0.20331982684763575,0.7151555917830698,25,20,20
38,4269,0.08136829875611057,0.0001562825888621168,0.20331282706923667,0.715162591585791,25,20,20
38,4270,0.08136829875611057,0.00015628258886211547,0.20331290751956302,0.7151625111354647,25,20,20
38,4271,0.08339363121983476,9.356975841709711e-05,0.20135028950376488,0.7151625095179837,25,20,20
38,4272,0.08339363121983476,9.356975841702184e-05,0.20134801393931157,0.7151647850824371,25,20,20
38,4273,0.08339363121979249,9.356975817235165e-05,0.20134990787222876,0.7151628911498068,25,20,20
38,4274,0.08339363121979249,9.356975817654075e-05,0.20160963636956533,0.714903162652466,25,20,20
38,4275,0.11106193386534123,9.20523594732304e-05,0.17395011987899842,0.7148958938961876,25,20,20
38,4276,0.11106193386534122,9.205235923088773e-05,0.17357699799733303,0.7152690157780954,25,20,20
38,4277,0.1410322543963882,9.205243416994642e-05,0.14360667703470972,0.7152690161347326,25,20,20
38,4278,0.14103225439638814,9.205243392965381e-05,0.14360657848628844,0.7152691146833942,25,20,20
38,4279,0.14103225439638814,9.205243392965381e-05,0.1436065784862884,0.7152691146833942,25,20,20
38,4280,0.1386909020539096,1.3964499857450674e-05,0.14603254804802757,0.7152625853982052,25,20,20
38,4281,0.1386909020671716,1.3923263916181695e-05,0.1424469544117594,0.7188482202571526,25,20,20
38,4282,0.1386597440973364,1.8930021380705823e-05,0.14246105154686348,0.7188602743344203,25,20,20
38,4283,0.1386597440973365,1.893002138078094e-05,0.14255335364054372,0.7187679722407401,25,20,20
38,4284,0.1386597440973365,1.8930021380779624e-05,0.14255335160779226,0.7187679742734915,25,20,20
38,4285,0.13865974409733567,1.8930021136725654e-05,0.1428333865018201,0.7184879393797083,25,20,20
38,4286,0.12503860512049692,1.903560522037651e-05,0.1564242741664886,0.7185180851077945,25,20,20
38,4287,0.1250386051204969,1.903560522030122e-05,0.15642430554706174,0.7185180537272214,25,20,20
38,4288,0.12503860512054246,1.9035605464884775e-05,0.15605789130402167,0.7188844679699714,25,20,20
38,4289,0.1250386051205424,1.9035605464960012e-05,0.15605586535908433,0.7188864939149088,25,20,20
38,4290,0.12503860512054246,1.9035605464961336e-05,0.15605586539422164,0.7188864938797712,25,20,20
38,4291,0.12709362983547307,1.9031369935559394e-05,0.15399584737944866,0.718891491415143,25,20,20
38,4292,0.1270908429254258,5.465116759823484e-06,0.1540111717375186,0.718892520220296,25,20,20
38,4293,0.1270908429254226,5.465116759748201e-06,0.15400646821231678,0.7188972237455011,25,20,20
38,4294,0.13339920404794894,5.474975600764681e-06,0.14769807328678802,0.7188972476896625,25,20,20
38,4295,0.11848249003199561,5.558644016531931e-06,0.16264484941331608,0.7188671019106715,25,20,20
38,4296,0.1175092201350381,5.529898902289404e-06,0.16361815269502825,0.7188670972710307,25,20,20
38,4297,0.11750922013507922,5.52991066715282e-06,0.1694951586225149,0.7129900913317377,25,20,20
38,4298,0.11739224018037986,5.585646743365038e-06,0.16961208340171174,0.7129900907711645,25,20,20
38,4299,0.11739224077213681,5.585646751947985e-06,0.16961383439302893,0.7129883391880818,25,20,20
38,4300,0.11739224077470732,5.5856469858381366e-06,0.16972099597080267,0.7128811776075038,25,20,20
38,4301,0.11739224077470732,5.585646985836837e-06,0.16972099399769033,0.712881179580616,25,20,20
38,4302,0.1573206733274499,4.822603871388158e-07,0.1298097229684038,0.7128691214437605,25,20,20
38,4303,0.15732067332744992,4.82260382937641e-07,0.1296818227956264,0.7129970216165421,25,20,20
38,4304,0.15732067332745,4.822603830116344e-07,0.12968192523974753,0.7129969191724207,25,20,20
38,4305,0.15732067332745397,4.822742622027201e-07,0.1295881263277122,0.7130907180705727,25,20,20
38,4306,0.1573206731795713,4.822742556585548e-07,0.12995631772136754,0.7127225268248065,25,20,20
38,4307,0.1573206731770008,4.822740132448729e-07,0.12971235357821884,0.7129664909707683,25,20,20
38,4308,0.15732067317700157,4.822742535653522e-07,0.1297081080567245,0.7129707364920215,25,20,20
38,4309,0.12253631172678885,0.00028518540622011665,0.16416595103180484,0.7130125518351856,25,20,20
38,4310,0.12253631172678885,0.00028518540622011665,0.16416595362386016,0.7130125492431303,25,20,20
38,4311,0.1225363117267881,0.0002851854062200888,0.1641702976937756,0.7130082051732157,25,20,20
38,4312,0.1225363117267881,0.0002851854062200888,0.1641703801605881,0.7130081227064032,25,20,20
38,4313,0.12253631231458241,0.00028518619564695755,0.16443991170010225,0.7127385897896679,25,20,20
38,4314,0.12253631231453684,0.0002851861954023727,0.16443320722922153,0.7127452942608389,25,20,20
38,4315,0.08355969166294253,0.00028518618304342524,0.20340969025858566,0.7127454318954275,25,20,20
38,4316,0.08355969403032415,0.000285431186508564,0.20340944252923243,0.7127454322539337,25,20,20
38,4317,0.0835596940303242,0.00028543118650864056,0.20340955583300052,0.7127453189501655,25,20,20
38,4318,0.0835596940303242,0.00028543118650864186,0.20340955650081688,0.7127453182823491,25,20,20
38,4319,0.08392479311838291,0.0002854263085506662,0.2030444857470034,0.7127452948260621,25,20,20
38,4320,0.08392479253058857,0.00028542551912379746,0.20277492711339118,0.7130148548368956,25,20,20
38,4321,0.08392479254096756,0.00028542553306317673,0.20278724609511925,0.7130025358308493,25,20,20
38,4322,0.08294674092800709,0.00028542577791024594,0.20376543402007666,0.7130023992740055,25,20,20
38,4323,0.08294674092800708,0.000285425777910172,0.20376534657262746,0.7130024867214547,25,20,20
38,4324,0.08294674092796515,0.00028542577766783194,0.2033923341452504,0.713375499149116,25,20,20
38,4325,0.07971403299051792,9.018368652647849e-07,0.20695553809108513,0.7133295270815312,25,20,20
38,4326,0.07971399633880007,7.266767013682895e-07,0.20695655014358422,0.7133287268409138,25,20,20
38,4327,0.08068957648015443,7.269372087011267e-07,0.20597327543831184,0.7133364211443245,25,20,20
38,4328,0.08068957648015125,7.269372086997834e-07,0.20597328026037373,0.7133364163222657,25,20,20
38,4329,0.08068957648011094,7.269254480382531e-07,0.1998527060056814,0.719456990588759,25,20,20
38,4330,0.08068957662706772,7.269395413917871e-07,0.20012017445530322,0.719189521978087,25,20,20
38,4331,0.08068957662706774,7.269395413931075e-07,0.20012021453923154,0.7191894818941589,25,20,20
38,4332,0.08068957662706769,7.269395413918099e-07,0.20011562548912198,0.7191940709442686,25,20,20
38,4333,0.0806895784613752,7.36027531499451e-07,0.19991076819319425,0.7193989173178985,25,20,20
38,4334,0.0806895784613776,7.360275315734261e-07,0.199783516922409,0.7195261685886812,25,20,20
38,4335,0.0806895749394207,5.172389187303362e-07,0.19978476840549578,0.7195251394161646,25,20,20
38,4336,0.08068957493941672,5.172250353514643e-07,0.19961451369733704,0.7196953941382107,25,20,20
38,4337,0.08068957493941747,5.17225035352775e-07,0.1996195435879001,0.7196903642476468,25,20,20
38,4338,0.08096994028174252,5.12169197144807e-07,0.19933918414680002,0.7196903634022601,25,20,20
38,4339,0.08096994000570834,5.121693545490706e-07,0.19933918206848594,0.7196903657564513,25,20,20
38,4340,0.10554088709579945,5.118348938361117e-07,0.1747750475340422,0.7196835535352646,25,20,20
38,4341,0.10554088709579945,5.11834893911426e-07,0.174775161430769,0.7196834396385379,25,20,20
38,4342,0.10554088709580028,5.118351376671685e-07,0.17490500045372526,0.7195536006153369,25,20,20
38,4343,0.10554088709580295,5.11846902780701e-07,0.1811544417038592,0.7133041593534353,25,20,20
38,4344,0.06916531350514363,5.118467973151582e-07,0.2175300152948708,0.7133041593531877,25,20,20
38,4345,0.06916531335818762,5.118327041121846e-07,0.21726263135198137,0.7135715434571265,25,20,20
38,4346,0.06916531335818762,5.118327041108868e-07,0.21726251833895,0.7135716564701577,25,20,20
38,4347,0.06916531335818808,5.118415332205237e-07,0.23122611110196253,0.6996080636983157,25,20,20
38,4348,0.069165709167304,5.118328659323969e-07,0.22430762970842302,0.7065261492914066,25,20,20
38,4349,0.06916570916730326,5.11832861729928e-07,0.22417821568491916,0.7066555633149153,25,20,20
38,4350,0.06916570916730644,5.118328617286257e-07,0.22418063956843887,0.7066531394313925,25,20,20
38,4351,0.06916531335819402,5.118324596160994e-07,0.21713326713497444,0.7137009076743714,25,20,20
38,4352,0.08268542833024844,1.0177210765186673e-06,0.2036126462484995,0.7137009077001747,25,20,20
38,4353,0.08268626662965273,0.00012718964617896184,0.2034856328307113,0.7137009108934562,25,20,20
38,4354,0.0826862633972323,0.00012694983292064544,0.20348587624139128,0.7137009105284542,25,20,20
38,4355,0.0826862633972323,0.00012694983292064674,0.20348582222445316,0.7137009645453927,25,20,20
38,4356,0.0826862633972323,0.00012694983292486299,0.20348286221909853,0.7137039245507429,25,20,20
38,4357,0.08268626339723234,0.00012694983292057147,0.20379688615710506,0.713389900612741,25,20,20
38,4358,0.08268765955956442,0.0001269363905226439,0.20400026506086744,0.7131851389890446,25,20,20
38,4359,0.08268765955956515,0.00012693639076982613,0.2042664834593668,0.7129189205902974,25,20,20
38,4360,0.08268765955956515,0.00012693639076982483,0.20427110377437022,0.712914300275294,25,20,20
38,4361,0.08268765955956836,0.00012693639101441978,0.2042759378490407,0.7129094662003758,25,20,20
38,4362,0.08268765955957073,0.00012693639101441848,0.20427399028612153,0.7129114137632926,25,20,20
38,4363,0.0826876595649239,0.00012693637949748736,0.19815417019053427,0.7190312338650436,25,20,20
38,4364,0.0826876595649239,0.00012693637949741471,0.19815415861939634,0.7190312454361816,25,20,20
38,4365,0.08268765956492072,0.00012693637925281976,0.19814955369462897,0.7190358503611967,25,20,20
38,4366,0.08268765956492079,0.0001269363792528185,0.19814955369466042,0.7190358503611654,25,20,20
38,4367,0.08268891960851063,0.00012693638669164842,0.1981480686266868,0.7190360753781095,25,20,20
38,4368,0.08268891960851063,0.0001269363866916484,0.1981479547387519,0.7190361892660445,25,20,20
38,4369,0.08268891960851063,0.000126937179247298,0.19811793311163892,0.7190662101006018,25,20,20
38,4370,0.08268892803952499,0.00012693717949615785,0.19812687003439813,0.7190572647465794,25,20,20
38,4371,0.08268892803952504,0.00012693717949630674,0.1982191358918857,0.7189649988890915,25,20,20
38,4372,0.08268892803952105,0.00012693717949208928,0.19834421413583936,0.7188399206451461,25,20,20
38,4373,0.08268892803952024,0.0001269371794919401,0.19834413105990736,0.7188400037210791,25,20,20
38,4374,0.0826889196085059,0.0001269371930934466,0.19860253393379615,0.7185816092646032,25,20,20
38,4375,0.08268891960850588,0.00012693719309773757,0.19860890986932053,0.7185752333290745,25,20,20
38,4376,0.08268891960850903,0.00012693719309773751,0.19860904521466258,0.7185750979837294,25,20,20
38,4377,0.08268891960850588,0.00012693719310192403,0.19887309871185177,0.7183110444865392,25,20,20
38,4378,0.08268891960850588,0.00012693719310192275,0.1988685590105098,0.7183155841878812,25,20,20
38,4379,0.08268891960850587,0.0001269371931062137,0.19887504911174392,0.7183090940866427,25,20,20
38,4380,0.08268891960850587,0.0001269371931105801,0.19887958949499876,0.7183045537033838,25,20,20
38,4381,0.0826889196085059,0.00012693719311058078,0.19887318023218625,0.7183109629661962,25,20,20
38,4382,0.08268891960850269,0.00012693719311065736,0.19856401753871547,0.71862012565967,25,20,20
38,4383,0.08268891960850581,0.000126937179260291,0.19829659855601783,0.7188875446562151,25,20,20
38,4384,0.08268891959813082,0.00012693716556550798,0.19828911248942993,0.7188950307468727,25,20,20
38,4385,0.08268891959812684,0.00012693716532098827,0.19829088174662174,0.7188932614899295,25,20,20
38,4386,0.08268891959812763,0.00012693716532098936,0.19841141452173372,0.7187727287148169,25,20,20
38,4387,0.08268891959813247,0.00012693716507379706,0.2028220302464105,0.7143621129903823,25,20,20
38,4388,0.08268891959813247,0.00012693716507379706,0.20282012731604354,0.7143640159207493,25,20,20
38,4389,0.08268891974606923,0.00012693716508222963,0.20273032315226305,0.7144538199365846,25,20,20
38,4390,0.08268891974606918,0.00012693716507796788,0.2024686917075021,0.7147154513813498,25,20,20
38,4391,0.08268891974606733,0.00012693716507796744,0.20871891854611782,0.7084652245427361,25,20,20
38,4392,0.08268891974606722,0.00012693716507789236,0.20862661714338696,0.7085575259454672,25,20,20
38,4393,0.08081562336984588,0.00012693749462327662,0.21049498593813326,0.7085624531973969,25,20,20
38,4394,0.08081562336984906,0.00012693749462327662,0.21048846567914337,0.7085689734563836,25,20,20
38,4395,0.06899425695237744,0.00013464738356017302,0.2223014348197986,0.7085696608442629,25,20,20
38,4396,0.06899425694702171,0.00013464738331206457,0.22217636262243778,0.7086947330472279,25,20,20
38,4397,0.0689942569470216,0.0001346473833119893,0.2221716611092137,0.708699434560452,25,20,20
38,4398,0.06899425694702166,0.00013464738331199063,0.22217174105238593,0.70869935461728,25,20,20
38,4399,0.09743160889627023,0.00013465098726288133,0.1937345109012715,0.7086992292151949,25,20,20
38,4400,0.09743160895419856,0.00013465098726330658,0.22741555738360705,0.6750181826749315,25,20,20
38,4401,0.13185227363482913,0.00012643529843215197,0.19300379579783114,0.6750174952689069,25,20,20
38,4402,0.13185227363482993,0.0001264352984364284,0.19313332486909704,0.674887966197636,25,20,20
38,4403,0.1318522734869426,0.00012643609130808794,0.19322671218960116,0.6747945782321476,25,20,20
38,4404,0.13185227348694178,0.00012643529850875782,0.1931290575051307,0.6748922337094183,25,20,20
38,4405,0.13185227348694184,0.0001264352985088331,0.1931244379368571,0.6748968532776918,25,20,20
38,4406,0.13185227348693618,0.0001264352985088432,0.18845409269100283,0.6795671985235517,25,20,20
38,4407,0.13185227348693299,0.00012643529850447677,0.18844938852259896,0.6795719026919632,25,20,20
38,4408,0.10343197368121508,0.00012648869347261376,0.21686963515763902,0.6795719024676735,25,20,20
38,4409,0.1039252384842558,0.0007889056531043769,0.21571395309041586,0.6795719027722242,25,20,20
38,4410,0.10392523863216882,0.0007889056535893184,0.21559313369545655,0.6796927220187857,25,20,20
38,4411,0.10392523863216883,0.0007889056535851012,0.2155866450195049,0.6796992106947415,25,20,20
38,4412,0.10392570838675733,0.000788904874574964,0.21639917929827385,0.6788862074403943,25,20,20
38,4413,0.10475520498326793,0.0006627320898650065,0.2156958586444078,0.6788862042824586,25,20,20
38,4414,0.104755204983264,0.0006627320898650055,0.21557532427721643,0.6790067386496539,25,20,20
38,4415,0.11898704485856604,0.000662732226443959,0.20134348301854646,0.6790067398964434,25,20,20
38,4416,0.11898704485857003,0.000662732226448253,0.20134740210180443,0.6790028208131773,25,20,20
38,4417,0.11898244491885025,0.0006639794416421444,0.20134453676975833,0.6790090388697491,25,20,20
38,4418,0.11898244491885025,0.0006639794416421444,0.20134453610369374,0.6790090395358136,25,20,20
38,4419,0.11898244491885025,0.000663979441642069,0.20133983624278584,0.6790137393967215,25,20,20
38,4420,0.11898244491884706,0.0006639794416419924,0.2013397523129769,0.6790138233265337,25,20,20
38,4421,0.11898244491885102,0.0006639794554923627,0.2016072004807199,0.6787463751449367,25,20,20
38,4422,0.11898244477352433,0.0006639794552469746,0.2017284449441047,0.6786251308271241,25,20,20
38,4423,0.11898244477352439,0.0006639794552512668,0.20173505086182753,0.6786185249093968,25,20,20
38,4424,0.11898244477352433,0.0006639794552469765,0.20173493469271503,0.6786186410785138,25,20,20
38,4425,0.11898340780407439,0.0006639794623534943,0.20179649946257489,0.6785561132709972,25,20,20
38,4426,0.11898340780407095,0.0006639794485059657,0.2154989202601428,0.6648536924872797,25,20,20
38,4427,0.11898340780407095,0.0006639794485101804,0.21549892169505047,0.6648536910523676,25,20,20
38,4428,0.11898340780407093,0.0006639794485101806,0.2153694825270473,0.6649831302203708,25,20,20
38,4429,0.11898340780407093,0.0006639794485101794,0.215369481139621,0.664983131607797,25,20,20
38,4430,0.11898340780407093,0.000663979448510104,0.21536951253072525,0.6649831002166928,25,20,20
38,4431,0.11898340780406695,0.0006639794485058854,0.21537219824139572,0.6649804145060307,25,20,20
38,4432,0.12262228615664333,0.0006626752178801314,0.21174084225967146,0.6649741963658045,25,20,20
38,4433,0.12262228615664333,0.00066267521788013,0.21174090299774437,0.6649741356277314,25,20,20
38,4434,0.12262228615405635,0.0006626752176362989,0.2116211479942007,0.6650938906341061,25,20,20
38,4435,0.12262228615405721,0.0006626752176363755,0.21162126390282793,0.6650937747254778,25,20,20
38,4436,0.11898719075657095,0.0006626752176369277,0.21525635929879985,0.6650937747269912,25,20,20
38,4437,0.12822530369421073,0.0006830988230402562,0.2059944652927852,0.6650971321899631,25,20,20
38,4438,0.12869849365648545,0.0006830990816646122,0.20552120716995428,0.6650972000918948,25,20,20
38,4439,0.1282204898833922,0.00010243461108527341,0.2065797533002684,0.6650973222052542,25,20,20
38,4440,0.12822048988339296,0.00010243461108956502,0.20657986807818038,0.6650972074273372,25,20,20
38,4441,0.128220489291636,0.00010243461108098338,0.20657803659316298,0.66509903950412,25,20,20
38,4442,0.128220489291636,0.00010243461108090941,0.20694455108874318,0.6647325250085399,25,20,20
38,4443,0.1674659866937494,0.0001024346200924193,0.16769909705440278,0.664732481631755,25,20,20
38,4444,0.1674659866937493,0.00010243462009241938,0.16768889700560358,0.6647426816805543,25,20,20
38,4445,0.16746472700256448,0.00010243463051952316,0.16769024571862,0.6647425926482962,25,20,20
38,4446,0.16746472700256448,0.00010243463051952319,0.16731712850749722,0.6651157098594189,25,20,20
38,4447,0.16746472700256365,0.00010243463051523027,0.16731693180322377,0.6651159065636976,25,20,20
38,4448,0.16746472700256365,0.00010243463051515634,0.16731681792238642,0.665116020444535,25,20,20
38,4449,0.1330802791141181,0.00010247522918703882,0.20170106463487802,0.6651161810218151,25,20,20
38,4450,0.13308027911412124,0.0001024752291828243,0.20169644500286313,0.6651208006538308,25,20,20
38,4451,0.11050506698514295,8.277392370149718e-05,0.22428800554674105,0.6651241535444129,25,20,20
38,4452,0.11050506698514245,8.277392369873069e-05,0.21031825120227193,0.679093907888885,25,20,20
38,4453,0.11050506698514238,8.277392369858145e-05,0.2103159735439136,0.6790961855472437,25,20,20
38,4454,0.15035877360907268,7.639314461642102e-07,0.1705443993225758,0.6790960631369054,25,20,20
38,4455,0.1503587736090759,7.639314503788104e-07,0.17054249919940467,0.6790979632600691,25,20,20
38,4456,0.1503587736090759,7.639314503774895e-07,0.17054249860476475,0.6790979638547091,25,20,20
38,4457,0.15035877375651366,7.639314589297634e-07,0.17067934726998882,0.6789611150420386,25,20,20
38,4458,0.15061938545712564,7.638427313466527e-07,0.17041873566565513,0.678961115034488,25,20,20
38,4459,0.11082079353376394,7.638428606263661e-07,0.21021732755302128,0.6789611150703527,25,20,20
38,4460,0.1108207933863253,7.638428519961591e-07,0.21008036096268384,0.6790980818081376,25,20,20
38,4461,0.10558549680886341,7.229913797512792e-07,0.21531588349430858,0.6790978967054473,25,20,20
38,4462,0.10558549680886335,7.229913839671181e-07,0.21532044463980313,0.6790933355599484,25,20,20
38,4463,0.10558549680886334,7.229913838931465e-07,0.215320330750055,0.6790934494496966,25,20,20
38,4464,0.10558549680886413,7.229916284766879e-07,0.2153270352069543,0.679086744992552,25,20,20
38,4465,0.10551513014988964,7.22991972581128e-07,0.1758021782307665,0.7186819686273707,25,20,20
38,4466,0.10551513014988645,7.22991968365243e-07,0.17579759053547606,0.7186865563226685,25,20,20
38,4467,0.10551513014988645,7.22991968365243e-07,0.1757975899699861,0.7186865568881585,25,20,20
38,4468,0.1055151301498872,7.229919683659369e-07,0.17579112840354175,0.7186930184546021,25,20,20
38,4469,0.1055151301498872,7.229919683659369e-07,0.17579112840354175,0.7186930184546021,25,20,20
38,4470,0.09093835484039575,7.228798621441651e-07,0.19037282905673433,0.7186880932230079,25,20,20
38,4471,0.08699539568407401,7.274687068211214e-07,0.19431453734017318,0.7186893395070458,25,20,20
38,4472,0.08699539568407486,7.274687111125688e-07,0.19431628545878035,0.7186875913884334,25,20,20
38,4473,0.08699539568407491,7.274687153190316e-07,0.19440847653756824,0.7185954003096414,25,20,20
38,4474,0.08699540900197236,7.279165131693486e-07,0.1944016299914933,0.7186022330900214,25,20,20
38,4475,0.08699540900197243,7.279165088821344e-07,0.19439699288001006,0.7186068702015088,25,20,20
38,4476,0.08699540900197239,7.279165088834323e-07,0.19439691014751928,0.7186069529339995,25,20,20
38,4477,0.08699540900456793,7.279165132490318e-07,0.19439718369617098,0.7186066793827479,25,20,20
38,4478,0.10292894401039247,7.277055800064643e-07,0.17846355520874102,0.7186067730752863,25,20,20
38,4479,0.10292894401039247,7.277055800064643e-07,0.17846355579442702,0.7186067724896003,25,20,20
38,4480,0.10686882120822493,7.231167907327407e-07,0.17452492946942158,0.7186055262055624,25,20,20
38,4481,0.10517850451002243,1.5052792234419335e-08,0.1762187599657251,0.7186027204714605,25,20,20
38,4482,0.10520122502788846,1.505877500424753e-08,0.1761961351236941,0.7186026247896425,25,20,20
38,4483,0.10520122502788526,1.505877502562747e-08,0.19016591781647296,0.704632842096867,25,20,20
38,4484,0.10520122502788519,1.5058770819164295e-08,0.19007372565378597,0.7047250342595582,25,20,20
38,4485,0.105201215940573,1.505826953330671e-08,0.18966907640125769,0.7051296925998998,25,20,20
38,4486,0.10520121594057304,1.5058273825553323e-08,0.18967568230888282,0.7051230866922702,25,20,20
38,4487,0.10520121653229289,1.5058282333967464e-08,0.18967990928240905,0.7051188591270158,25,20,20
38,4488,0.10520121653229292,1.5058286624893574e-08,0.18968639930381034,0.7051123691056101,25,20,20
38,4489,0.10520121653229218,1.5058282331975425e-08,0.18968641816037113,0.7051123502490542,25,20,20
38,4490,0.10520121653229211,1.5058282329356372e-08,0.1896863531426678,0.7051124152667576,25,20,20
38,4491,0.11952839103249896,1.4888813410147663e-08,0.17536006206193733,0.7051115320167507,25,20,20
38,4492,0.11952839103249896,1.488881341014847e-08,0.17536006272843507,0.7051115313502528,25,20,20
38,4493,0.11952839044077912,1.4888804826443102e-08,0.17535583633959512,0.7051157583308213,25,20,20
38,4494,0.11952760089055156,1.5168816522510825e-08,0.16092155657078167,0.7195508273698498,25,20,20
38,4495,0.12000728044658139,1.51567731781411e-08,0.1604418770269243,0.7195508273697212,25,20,20
38,4496,0.1200072804465814,1.5156777469755486e-08,0.16044207426146742,0.7195506301351742,25,20,20
38,4497,0.12000728044658457,1.5156781762184318e-08,0.16044661463492865,0.7195460897617054,25,20,20
38,4498,0.08180251681320247,2.5518182508868738e-06,0.19863633112517323,0.7195586002433731,25,20,20
38,4499,0.08180251681320247,2.551818250885598e-06,0.19863644359701635,0.7195584877715301,25,20,20
38,4500,0.08180251681060774,2.551818490653869e-06,0.19872846461609314,0.7194664667548081,25,20,20
38,4501,0.08180251681060774,2.551818490653891e-06,0.1987284645916816,0.7194664667792199,25,20,20
38,4502,0.08180251681060774,2.5518184906525705e-06,0.1987284660075571,0.7194664653633445,25,20,20
38,4503,0.08180251695761953,2.551818733808495e-06,0.19898094451348103,0.7192139867101656,25,20,20
38,4504,0.08180234349617824,2.551532843262843e-06,0.20996007740898284,0.7082350275619951,25,20,20
38,4505,0.08180234334916646,2.5515326001821868e-06,0.20970759831854952,0.7084875067996832,25,20,20
38,4506,0.08168462252500484,2.5515325726391736e-06,0.209825319142737,0.7084875067996849,25,20,20
38,4507,0.0816846225820864,2.5515313589377033e-06,0.17946104073704727,0.7388517851495073,25,20,20
38,4508,0.0816846225820832,2.551531354646573e-06,0.17945649101362826,0.7388563348729339,25,20,20
38,4509,0.08168462258208325,2.551531358938035e-06,0.1794580000272852,0.7388548258592723,25,20,20
38,4510,0.0816846225820832,2.5515313546471083e-06,0.1794515079688516,0.7388613179177104,25,20,20
38,4511,0.08164988539166834,2.5371587497394596e-06,0.17949016538995738,0.7388574120596246,25,20,20
38,4512,0.08164988539166834,2.5371587497381166e-06,0.17949016476963353,0.7388574126799488,25,20,20
38,4513,0.0816498853916683,2.5371587454466326e-06,0.17948865775773395,0.7388589196918525,25,20,20
38,4514,0.08164988539184974,2.537946976093456e-06,0.1798184502106529,0.7385291264505216,25,20,20
38,4515,0.08164988539184888,2.53794697180458e-06,0.17981681546655262,0.7385307611946271,25,20,20
38,4516,0.08164988539184966,2.537946971879849e-06,0.17981677893269732,0.7385307977284816,25,20,20
38,4517,0.08164988539184964,2.5379469718785274e-06,0.17981689270518258,0.7385306839559963,25,20,20
38,4518,0.08153511473460297,2.5379323646637274e-06,0.17993166337827918,0.7385306839547532,25,20,20
38,4519,0.08153511473460381,2.53793236893245e-06,0.16596416937228767,0.7524981779607397,25,20,20
38,4520,0.0815351147344224,2.537144138286924e-06,0.1656342964256686,0.7528280516957708,25,20,20
38,4521,0.0815351147344224,2.5371441382142727e-06,0.16563429502277505,0.7528280530986643,25,20,20
38,4522,0.10489491585349864,2.5371440434996165e-06,0.14227449392985048,0.7528280530726077,25,20,20
38,4523,0.11706544242414252,2.5372260683025895e-06,0.1301039672943923,0.7528280530553972,25,20,20
38,4524,0.11706544242418798,2.537226064160904e-06,0.1300975928309622,0.7528344275187859,25,20,20
38,4525,0.11706544242418801,2.537226064236173e-06,0.13009756148522952,0.7528344588645186,25,20,20
38,4526,0.12013953176201327,2.537246547720951e-06,0.12702347209363204,0.7528344588978073,25,20,20
38,4527,0.12013953176201328,2.537246547797518e-06,0.12702344073766797,0.7528344902537714,25,20,20
38,4528,0.12013953176201328,2.5372465477988376e-06,0.12702340534189227,0.7528345256495471,25,20,20
38,4529,0.12013953176201247,2.537246303664944e-06,0.1269311106587917,0.7529268203328927,25,20,20
38,4530,0.12013953176201247,2.5372463036649213e-06,0.12693114407741912,0.7529267869142652,25,20,20
38,4531,0.12013953176201175,2.537246303664922e-06,0.1269311099451505,0.7529268210465345,25,20,20
38,4532,0.12013953176201175,2.5372463036649445e-06,0.12693110997976778,0.7529268210119173,25,20,20
38,4533,0.12013953176201256,2.537246303815527e-06,0.12693119368478045,0.7529267373069036,25,20,20
38,4534,0.08383382010793955,2.5372865176792323e-06,0.16323690302725175,0.7529267395782917,25,20,20
38,4535,0.08383382010798501,2.5372867664893236e-06,0.1632415637205813,0.7529220788846679,25,20,20
38,4536,0.0838338202558963,2.5372872556235525e-06,0.16325087015137657,0.752912772305472,25,20,20
38,4537,0.0838338202558987,2.5372875000679674e-06,0.1632556205554749,0.752908021901127,25,20,20
38,4538,0.08383382025589875,2.53728750006667e-06,0.16325562063447183,0.7529080218221301,25,20,20
38,4539,0.08335563471515471,2.5372870546880437e-06,0.1637338062065799,0.7529080217912114,25,20,20
38,4540,0.08335563471515477,2.5372870546867697e-06,0.16373388893928692,0.7529079390585042,25,20,20
38,4541,0.08335563471515477,2.5372870546854717e-06,0.1637337750554086,0.7529080529423825,25,20,20
38,4542,0.08335563471533688,2.5372872992778285e-06,0.16373849610307598,0.7529033318942886,25,20,20
38,4543,0.08335563456742559,2.537286810067033e-06,0.16372910659323428,0.7529127215525309,25,20,20
38,4544,0.08327741188833915,6.526662077576075e-10,0.16382237625265667,0.7529002112063384,25,20,20
38,4545,0.08327741188833922,6.526705326537027e-10,0.1641954781757629,0.7525271092832275,25,20,20
38,4546,0.08327694213370133,6.388047190081266e-10,0.16329177057032418,0.7534312866571699,25,20,20
38,4547,0.0832769421336558,6.390491634223632e-10,0.16329637403644978,0.7534266831908454,25,20,20
38,4548,0.08327694213369773,6.388088213821924e-10,0.16366465817120537,0.7530583990562881,25,20,20
38,4549,0.08327694213369778,6.388088966746982e-10,0.16366473934376555,0.7530583178837279,25,20,20
38,4550,0.083276942133701,6.388090469108997e-10,0.16375691822504557,0.7529661390024442,25,20,20
38,4551,0.08327694213351888,6.38564451935852e-10,0.1637588173314536,0.752964239896463,25,20,20
38,4552,0.08327694213351966,6.385730341977816e-10,0.16376352075393746,0.7529595364739694,25,20,20
38,4553,0.08170090111829595,7.09415374011569e-10,0.16533956133086658,0.7529595368414213,25,20,20
38,4554,0.08170090111829277,7.096598206187538e-10,0.16525200811638988,0.7530470900556565,25,20,20
38,4555,0.08170090111829274,7.096555290043686e-10,0.16525181088184684,0.753047287290204,25,20,20
38,4556,0.08170090111829197,7.096470220116463e-10,0.16524724912850014,0.7530518490435599,25,20,20
38,4557,0.08170090111829119,7.094024410886122e-10,0.16524066103362145,0.753058437138684,25,20,20
38,4558,0.08170090111833671,7.09402441134456e-10,0.1652421164116998,0.75305698176056,25,20,20
38,4559,0.08170090111829116,7.094024384935264e-10,0.1652405445950993,0.7530585535772061,25,20,20
38,4560,0.08170090111829115,7.094024384935303e-10,0.16523381056740022,0.7530652876049052,25,20,20
38,4561,0.08170090112855898,7.094024485967401e-10,0.16512745220033953,0.753171645961698,25,20,20
38,4562,0.08170090112855898,7.093982327576086e-10,0.1651228312309119,0.7531762669311298,25,20,20
38,4563,0.08170090112855977,7.096405014250863e-10,0.1654958705326514,0.7528032276291472,25,20,20
38,4564,0.08170090112855977,7.096405040202474e-10,0.16550057231570642,0.7527985258460923,25,20,20
38,4565,0.08170090112855977,7.096405053407565e-10,0.16550061170320457,0.752798486458594,25,20,20
38,4566,0.0817009011285598,7.096447956574057e-10,0.16550080694011635,0.7527982912216779,25,20,20
38,4567,0.08170090099466741,7.09634694132222e-10,0.1593297304809634,0.7589693678147336,25,20,20
38,4568,0.08170090099466741,7.096389837612098e-10,0.15933629701294783,0.7589628012827448,25,20,20
38,4569,0.07964714446416571,1.4694530558508872e-09,0.16136611614088853,0.7589867379254923,25,20,20
38,4570,0.0796471444641657,1.4692084608761883e-09,0.16136128064488178,0.7589915734217437,25,20,20
38,4571,0.07964714446416568,1.469212676737812e-09,0.16136584169081472,0.7589870123758066,25,20,20
38,4572,0.06800565407146804,1.589946061464787e-08,0.17300725004007197,0.7589870799889991,25,20,20
38,4573,0.06800565407406342,1.589970951671479e-08,0.17300973371822048,0.7589845963080063,25,20,20
38,4574,0.06800565407406342,1.5899713808106163e-08,0.17301201324668716,0.7589823167795354,25,20,20
38,4575,0.07159419042933973,1.543403026148293e-08,0.16943044852224542,0.7589753456143845,25,20,20
38,4576,0.07159419042933975,1.5434030336507728e-08,0.16955997905127365,0.7588458150853561,25,20,20
38,4577,0.07159419042934294,1.5434026047489127e-08,0.16956148601678245,0.7588443081198484,25,20,20
38,4578,0.07159419042934209,1.5434021680820007e-08,0.1695591128346928,0.7588466813019433,25,20,20
38,4579,0.07159419042934206,1.5434021642782977e-08,0.16992561022010855,0.7584801839165274,25,20,20
38,4580,0.07159419042934206,1.5434021641485395e-08,0.16992561024857736,0.7584801838880587,25,20,20
38,4581,0.071594190429523,1.5434025904544667e-08,0.17019195873451104,0.7582138354019398,25,20,20
38,4582,0.07159419042934287,1.543402600787646e-08,0.16993031441653084,0.7584754797201001,25,20,20
38,4583,0.04039434795644805,1.5982259708742113e-08,0.1837981534040327,0.7758074826572596,25,20,20
38,4584,0.04039434795644805,1.5982255418909017e-08,0.18379345126457086,0.7758121847967259,25,20,20
38,4585,0.037639923134866395,1.680835150618696e-08,0.1654419968303311,0.7969180632264512,25,20,20
38,4586,0.036106751852724404,1.6779956865224764e-08,0.16696210583613247,0.7969311255311865,25,20,20
38,4587,0.033330104364612,4.075242292066493e-08,0.1697386170658518,0.796931237817114,25,20,20
38,4588,0.03333010436460966,4.0752422994659304e-08,0.16973703401840454,0.7969328208645634,25,20,20
38,4589,0.03333010436461285,4.07524231452194e-08,0.16973715133330894,0.7969327035496555,25,20,20
38,4590,0.033330104364794895,4.07524274343936e-08,0.16974139277176964,0.7969284621110084,25,20,20
38,4591,0.03400851621444589,6.211832812415772e-08,0.16907601663662625,0.7969154050306004,25,20,20
38,4592,0.03400851621444589,6.211832383406386e-08,0.16908034187154727,0.7969110797956835,25,20,20
38,4593,0.034008516214442744,6.211832375879539e-08,0.1690803457753678,0.7969110758918663,25,20,20
38,4594,0.03400851621444273,6.21180791632721e-08,0.16907568471278858,0.79691573695469,25,20,20
38,4595,0.034008516214442785,6.211807916329541e-08,0.16907106539333194,0.7969203562741466,25,20,20
38,4596,0.05969425104152805,4.098756825926289e-08,0.1433817027660282,0.7969240052048755,25,20,20
38,4597,0.07182272306171203,2.6557322355166693e-08,0.13125331275940527,0.7969239376215604,25,20,20
38,4598,0.07182272306171204,2.655732242916106e-08,0.13125328140620776,0.7969239689747577,25,20,20
38,4599,0.07182272306171204,2.6557322427818813e-08,0.13124667524538564,0.7969305751355799,25,20,20
38,4600,0.07182272306171199,2.6557322352527196e-08,0.13124667047337332,0.7969305799075923,25,20,20
38,4601,0.07182272306171206,2.655732227593664e-08,0.13151378854973506,0.7966634618312305,25,20,20
38,4602,0.07182272306152994,2.655731369535812e-08,0.131507261372429,0.7966699890087273,25,20,20
38,4603,0.06874686414471827,2.6536605704022205e-08,0.13458312034325629,0.7966699889754194,25,20,20
38,4604,0.06874686414490036,2.6536601454414862e-08,0.13421164155388174,0.7970414677646164,25,20,20
38,4605,0.06874686414490352,2.6536605717520085e-08,0.13447797647024656,0.7967751328482442,25,20,20
38,4606,0.06874686414490273,2.6536601426397874e-08,0.13447338815422102,0.7967797211642746,25,20,20
38,4607,0.06874686414490279,2.6536601352452702e-08,0.1344734741036868,0.7967796352148089,25,20,20
38,4608,0.06874682307086222,2.500933921239142e-08,0.13291367961514136,0.7983394723046573,25,20,20
38,4609,0.06874682307085984,2.500933924025766e-08,0.13265395261885918,0.7985991993009418,25,20,20
38,4610,0.0687468231930913,2.5679676373103556e-08,0.13890217526945633,0.7923509758577758,25,20,20
38,4611,0.0679362907470685,8.423712114618647e-05,0.13962860642885302,0.7923508657029333,25,20,20
38,4612,0.06793629074706845,8.423712114618647e-05,0.1396284432207973,0.7923510289109891,25,20,20
38,4613,0.05006479667307936,8.424858078504e-05,0.15749992490649123,0.7923510298396452,25,20,20
38,4614,0.028901838709038605,8.582508709334691e-05,0.17866130724029936,0.7923510289635693,25,20,20
38,4615,0.02890183870885961,8.582508709771118e-05,0.17865979392981504,0.7923525422742282,25,20,20
38,4616,0.02890183870885961,8.582508709771119e-05,0.17865982731375557,0.7923525088902877,25,20,20
38,4617,0.028901838708860345,8.58250871019615e-05,0.17903285637250807,0.7919794798315302,25,20,20
38,4618,0.02790148349497036,8.663886898939599e-05,0.1800524541936268,0.7919594234424125,25,20,20
38,4619,0.02790148349497039,8.663886898932206e-05,0.18005249277392316,0.7919593848621163,25,20,20
38,4620,0.0014947354587931823,8.666475118946391e-05,0.20646286707210781,0.7919557327179086,25,20,20
38,4621,0.0010119658119441888,8.585042455829313e-05,0.20695033352802827,0.7919518502354685,25,20,20
38,4622,0.0010119658119440778,8.585042455836839e-05,0.20668324813357983,0.792218935629917,25,20,20
38,4623,0.0010119658119843026,8.58511267552567e-05,0.21134295207250506,0.7875592309887551,25,20,20
38,4624,0.0010119658145790365,8.585112675525803e-05,0.21134301291411578,0.7875591701445497,25,20,20
38,4625,0.0010119658145782448,8.5851126751009e-05,0.2109765060879414,0.7879256769707291,25,20,20
38,4626,0.0010119658145775023,8.585112699130159e-05,0.21097660459708695,0.7879255784613441,25,20,20
38,4627,0.0010119658145774867,8.585112699130028e-05,0.210976637353178,0.7879255457052533,25,20,20
38,4628,0.0010119658145783387,8.585112699564497e-05,0.21114953690912425,0.7877526461493018,25,20,20
38,4629,0.0010716827943191315,8.582545352702034e-05,0.21070437150000992,0.7881381202521439,25,20,20
38,4630,0.0010716827968631315,8.58254532866971e-05,0.21079232071621332,0.788050171033637,25,20,20
38,4631,0.0010511516206198517,8.836609552271246e-05,0.21046489652404543,0.7883955857598122,25,20,20
38,4632,0.001051151620801993,8.836609553129442e-05,0.21046512037392595,0.788395361909741,25,20,20
38,4633,0.001051151620801937,8.836609553114387e-05,0.21046284129352408,0.7883976409901432,25,20,20
38,4634,0.0010511516208019365,8.83660955310686e-05,0.21046272601700675,0.7883977562666605,25,20,20
38,4635,0.001051151620844029,8.836610937738551e-05,0.21072928905807217,0.7881311932117065,25,20,20
38,4636,0.0010511516208431772,8.836610937311479e-05,0.21054986651946175,0.7883106157503221,25,20,20
38,4637,0.0010511516208431783,8.836610937319133e-05,0.2105564707082606,0.7883040115615233,25,20,20
38,4638,0.00016052936614528276,8.677815238091187e-05,0.211448681002404,0.7883040114790698,25,20,20
38,4639,0.0001605292415005433,8.677749573425628e-05,0.2052102956376388,0.7945423976251265,25,20,20
38,4640,0.0015165394375035379,8.42373204427438e-05,0.16908429338011188,0.8293149298619414,25,20,20
38,4641,0.0015165394373214515,8.42373204384522e-05,0.16908426477723823,0.8293149584650016,25,20,20
38,4642,0.0015165394372762334,8.423730659212114e-05,0.16894703355469864,0.8294521897014328,25,20,20
38,4643,0.00014585267485102828,8.423658433989265e-05,0.1654374140470185,0.8343324966937903,25,20,20
38,4644,0.0001471471077096874,8.423759349701079e-05,0.1654359778385054,0.8343326374602875,25,20,20
38,4645,0.00014714710770968766,8.423759349708608e-05,0.16543751822875774,0.8343310970700354,25,20,20
38,4646,0.00014714710770968842,8.423759349708608e-05,0.16543748424885765,0.8343311310499355,25,20,20
38,4647,0.0009410227439311985,8.423701554399579e-05,0.16463693591640818,0.8343378043241164,25,20,20
38,4648,0.0009410227413514411,8.423701675056841e-05,0.20117525299950237,0.7977994872423956,25,20,20
38,4649,0.00014682358883147644,8.423657674907131e-05,0.20196838062321606,0.7978005592112034,25,20,20
38,4650,0.0011057389080760562,1.1626780003565985e-09,0.2010937005565755,0.7978005593726707,25,20,20
38,4651,0.0011057389078939558,1.1487386223491807e-09,0.20108146008225752,0.7978127998611102,25,20,20
38,4652,0.001208308900964995,4.357606686045809e-08,0.20097884766181984,0.7978127998611488,25,20,20
38,4653,0.0012083089009650098,4.3576066935743655e-08,0.20098035536974992,0.7978112921532187,25,20,20
38,4654,0.0012083089009650098,4.3576066860487226e-08,0.20097375260281722,0.7978178949201515,25,20,20
38,4655,0.0012083089009279242,4.287386997220269e-08,0.19631866902111,0.8024729792040928,25,20,20
38,4656,0.0012083089009279242,4.2873869972812554e-08,0.19632507826996,0.8024665699552429,25,20,20
38,4657,0.0010714912839952333,4.331525609497158e-08,0.1960917585113637,0.8028367068893858,25,20,20
38,4658,0.0010714912839952192,4.331526038457753e-08,0.19609820934712346,0.8028302560536218,25,20,20
38,4659,0.0010714912736822832,4.3315256121562135e-08,0.1958361515669846,0.8030923138440776,25,20,20
38,4660,0.0010715109879461291,4.3344518344703096e-08,0.19776466390387282,0.8011637817636631,25,20,20
38,4661,0.001071510987946115,4.334451405377584e-08,0.19775813966660902,0.8011703060009313,25,20,20
38,4662,0.0010715109879468575,4.33442738366483e-08,0.19775613967168945,0.8011723059960904,25,20,20
38,4663,0.0010715109879469123,4.3344269660316416e-08,0.19738773764336315,0.8015407080244205,25,20,20
38,4664,0.0010715109877647625,4.3344265293532766e-08,0.19738607422644872,0.8015423714415215,25,20,20
38,4665,0.006818427190323958,2.118947202440869e-07,0.19202445159568035,0.8011569093192747,25,20,20
38,4666,0.00681842719032709,2.1189495995113842e-07,0.19198726854640857,0.8011940923683037,25,20,20
38,4667,0.006818427187740768,2.1189519598268702e-07,0.19189941036605082,0.8012819505510119,25,20,20
38,4668,0.006818427187740027,2.1189519161629565e-07,0.191894869102506,0.8012864918145617,25,20,20
38,4669,0.006818427187739971,2.118951916915649e-07,0.19189482119340628,0.8012865397236614,25,20,20
38,4670,0.006818427187739971,2.118951916915873e-07,0.19189474014844002,0.8012866207686278,25,20,20
38,4671,0.006722397817760319,9.157828478990639e-06,0.19198181061869082,0.8012866337350691,25,20,20
38,4672,0.006722397817761111,9.15782848751676e-06,0.19224344073997268,0.801025003613778,25,20,20
38,4673,0.006722397817761167,9.157828487593319e-06,0.19224814202063453,0.8010203023331163,25,20,20
38,4674,0.006722397817761167,9.157828487593305e-06,0.19225466505089353,0.8010137793028573,25,20,20
38,4675,0.006715821788629499,5.163591566759066e-07,0.19226989500679575,0.8010137668454176,25,20,20
38,4676,0.0067158217886326725,5.163591609389585e-07,0.19253622653830857,0.8007474353138975,25,20,20
38,4677,0.006715821788632729,5.163591652207143e-07,0.19262852030326813,0.8006551415489335,25,20,20
38,4678,0.006715821788632743,5.163591694969196e-07,0.19275334800536154,0.8005303138468359,25,20,20
38,4679,0.0067158217886327445,5.163591652812618e-07,0.19274688462746625,0.8005367772247354,25,20,20
38,4680,0.006715821788632687,5.16359160999506e-07,0.1926545908625067,0.8006290709896993,25,20,20
38,4681,0.006715821788629486,5.163589169409665e-07,0.19256232542277563,0.8007213364296776,25,20,20
38,4682,0.006715821788629499,5.163589169409693e-07,0.19256078704631974,0.8007228748061338,25,20,20
38,4683,0.006715821788632639,5.163589169396809e-07,0.19255616789878652,0.800727493953664,25,20,20
38,4684,0.006715821788635743,5.163589168499553e-07,0.19269297186339673,0.8005906899890508,25,20,20
38,4685,0.0067158217289142366,5.286026037827667e-07,0.19269296017029866,0.8005906894981832,25,20,20
38,4686,0.006715821728914321,5.286026037827674e-07,0.19269296021432236,0.8005906894541595,25,20,20
38,4687,0.006715821728915118,5.286026080744043e-07,0.19269307641883565,0.8005905732496411,25,20,20
38,4688,0.006715821728915119,5.286026081496508e-07,0.1926931112402202,0.8005905384282564,25,20,20
38,4689,0.006715821728915119,5.286026081522683e-07,0.19269781244768758,0.800585837220789,25,20,20
38,4690,0.006715821728911924,5.286026080782744e-07,0.19269784336227727,0.8005858063062027,25,20,20
38,4691,0.006715821875475345,5.286028504154397e-07,0.1930669542160404,0.8002166953056338,25,20,20
38,4692,0.005910527194783266,5.286543626917117e-07,0.19423475291447598,0.7998541912363784,25,20,20
38,4693,0.005910527194786476,5.286543669089035e-07,0.1942347536102141,0.799854190540633,25,20,20
38,4694,0.0059105271947864045,5.286543668349441e-07,0.19422815278971545,0.7998607913611316,25,20,20
38,4695,0.005910527194786419,5.286543668349214e-07,0.19423464536695012,0.7998542987838969,25,20,20
38,4696,0.005910527194786391,5.286543667598958e-07,0.1941051953695561,0.7999837487812911,25,20,20
38,4697,0.005910527784539325,5.286682667788198e-07,0.19424236976907255,0.7998465737781215,25,20,20
38,4698,0.005910527784538477,5.286680244348382e-07,0.1938692486867506,0.8002196948606869,25,20,20
38,4699,0.005910527784537698,5.286680202003321e-07,0.19360311232603752,0.8004858312214048,25,20,20
38,4700,0.005910527784583214,5.286680244909798e-07,0.19360762156407202,0.8004813219833206,25,20,20
38,4701,0.005910527784576811,5.286680201985046e-07,0.19360291876497437,0.8004860247824288,25,20,20
38,4702,0.005910527784576867,5.286680202011451e-07,0.1936045388351227,0.8004844047122804,25,20,20
38,4703,0.005910527784757809,5.29454173127041e-07,0.19403897735779396,0.8000499654032754,25,20,20
38,4704,0.0059105276381944015,5.294541753822328e-07,0.19367000020688416,0.8004189427007463,25,20,20
38,4705,0.005910527640775767,5.294680300140809e-07,0.19393736895408267,0.8001515739371118,25,20,20
38,4706,0.005910527640775767,5.294680300880658e-07,0.19394198971160875,0.8001469531795854,25,20,20
38,4707,0.005910527640772648,5.294680258250371e-07,0.1936757386848072,0.8004132042063944,25,20,20
38,4708,0.005909638715989219,5.289755825677276e-07,0.19368412699859325,0.800405705309835,25,20,20
38,4709,0.005909826321805396,1.4624438046585307e-05,0.19366982273742464,0.8004057265027239,25,20,20
38,4710,0.005909826321805382,1.4624438046508718e-05,0.1936697396482798,0.8004058095918688,25,20,20
38,4711,0.006485982721833971,1.7819745301481283e-07,0.1931080503441623,0.8004057887365512,25,20,20
38,4712,0.0059122018936952295,4.15757985850014e-07,0.19368042150232792,0.8004069608459915,25,20,20
38,4713,0.005912201893695228,4.1575798584999164e-07,0.19368042066616784,0.8004069616821516,25,20,20
38,4714,0.005909637938597296,1.984393926069549e-07,0.19368437436307606,0.8004057892589346,25,20,20
38,4715,0.005909637938598095,1.9843939260827581e-07,0.19368452833091432,0.8004056352910954,25,20,20
38,4716,0.005909637938597298,1.984393968985693e-07,0.19368457102142123,0.8004055926005852,25,20,20
38,4717,0.005909637938597283,1.9843915230361696e-07,0.1936797381087119,0.8004104255135391,25,20,20
38,4718,0.005909637948979015,1.9843915245417183e-07,0.19368145068950368,0.8004087129223653,25,20,20
38,4719,0.005857977871607901,1.9894051434785647e-07,0.19374099388460905,0.8004008293032692,25,20,20
38,4720,0.005857977871611083,1.9972874070304747e-07,0.19407067156022792,0.8000711508394209,25,20,20
38,4721,0.005857958168272558,1.9971002728737906e-07,0.1618807832672825,0.8322610588544184,25,20,20
38,4722,0.005857958168273409,2.0050220643874569e-07,0.1620119350089103,0.8321299063206107,25,20,20
38,4723,0.005857958168272558,1.997100272886776e-07,0.16188082123128575,0.8322610208904152,25,20,20
38,4724,0.005857958168454694,1.9971027197657966e-07,0.16188244596895543,0.8322593961523185,25,20,20
38,4725,0.005857958168452309,1.9892204133109414e-07,0.16155930566322424,0.8325825372462827,25,20,20
38,4726,0.005857958168452309,1.9892204125713168e-07,0.16155460582780376,0.8325872370817033,25,20,20
38,4727,0.0058579581684523084,1.9892204125713086e-07,0.1615546797153808,0.8325871631941263,25,20,20
38,4728,0.005857958168452365,1.9892204554805736e-07,0.16156117177381446,0.8325806711356882,25,20,20
38,4729,0.0058579581684523084,1.989220455480342e-07,0.16156120370652627,0.8325806392029764,25,20,20
38,4730,0.005857958168452323,1.989222893791664e-07,0.16169064635538266,0.8324511965538762,25,20,20
38,4731,0.0058579866177862,1.9892270200959028e-07,0.1679529684064051,0.8261888460531072,25,20,20
38,4732,0.005857986617604065,1.9892245739697068e-07,0.16795593103224316,0.8261858834276958,25,20,20
38,4733,0.005857986617600871,1.9892245741591602e-07,0.1679528331657493,0.8261889812941929,25,20,20
38,4734,0.005857986027847936,1.9890855732170045e-07,0.16781554289190484,0.8263262721716903,25,20,20
38,4735,0.005857986027802405,1.9890854881468497e-07,0.16781095227143225,0.826330862792217,25,20,20
38,4736,0.005857986029309873,1.9812239867792236e-07,0.1813561773807668,0.812785638467525,25,20,20
38,4737,0.005857986018368735,1.9811064329495055e-07,0.17520857647127047,0.818933239399718,25,20,20
38,4738,0.008197878741558336,1.8332960994747313e-07,0.17286863271248584,0.8189333052163461,25,20,20
38,4739,0.04804896479565859,1.8282965084242695e-07,0.13301754954874345,0.8189333028259473,25,20,20
38,4740,0.048048973196651586,1.8282965247834805e-07,0.11918133587628553,0.8327695080974107,25,20,20
38,4741,0.048048973196651586,1.8282965240439914e-07,0.11918592183570448,0.8327649221379917,25,20,20
38,4742,0.04804897319665155,1.828296523278102e-07,0.11919251333367369,0.8327583306400226,25,20,20
38,4743,0.04804897319665155,1.8282965232913033e-07,0.11919251534140325,0.8327583286322932,25,20,20
38,4744,0.04804897319665155,1.8282965233045123e-07,0.11919263181331258,0.8327582121603838,25,20,20
38,4745,0.04804897319665235,1.8282965240443127e-07,0.11918801507266132,0.8327628289010341,25,20,20
38,4746,0.04804897319665235,1.8282965232916864e-07,0.11918643146208892,0.8327644125116065,25,20,20
38,4747,0.04213566993216697,1.8290521376956687e-07,0.12509973465090213,0.8327644125117172,25,20,20
38,4748,0.04213567052128235,1.829054573659041e-07,0.1252754159516497,0.8325887306216105,25,20,20
38,4749,0.04213567052128235,1.8290521282857264e-07,0.12527376141061375,0.8325903851628912,25,20,20
38,4750,0.04213566993216702,1.8290497352204633e-07,0.1250980824256596,0.8327660647371999,25,20,20
38,4751,0.042135669932167004,1.8290497344704429e-07,0.1249685607130252,0.8328955864498343,25,20,20
38,4752,0.042135669932167004,1.8290497344704429e-07,0.12496856128860809,0.8328955858742514,25,20,20
38,4753,0.042135669932167844,1.8290497766269815e-07,0.12497512330005633,0.8328890238627982,25,20,20
38,4754,0.042135669932167844,1.829049734457403e-07,0.12497014046613807,0.8328940066967208,25,20,20
38,4755,0.04213566992178617,1.829049733717744e-07,0.1249685431867256,0.8328956039865151,25,20,20
38,4756,0.042135669921968336,1.8290497352101387e-07,0.12497527070063949,0.8328888764724188,25,20,20
38,4757,0.03980457999179266,1.6934265502077457e-07,0.12730644002999467,0.8328888106355576,25,20,20
38,4758,0.03980455154245873,1.6934224238775494e-07,0.12104249709700655,0.8391527820182924,25,20,20
38,4759,0.039804551542504105,1.6934224245347345e-07,0.1211301012269388,0.8390651778883145,25,20,20
38,4760,0.039804551540105676,1.6932839218834634e-07,0.1208649707442492,0.8393303083872525,25,20,20
38,4761,0.039804551540105676,1.6932815264686597e-07,0.1207420522981268,0.8394532268336143,25,20,20
38,4762,0.039804551540105676,1.6932815264814134e-07,0.12074205369565073,0.8394532254360905,25,20,20
38,4763,0.03979608478772975,1.6933233429384173e-07,0.120750656699404,0.8394530891805327,25,20,20
38,4764,0.0397960847877298,1.6933233429384173e-07,0.12075062476647629,0.8394531211134603,25,20,20
38,4765,0.03979608478777533,1.6933233865945023e-07,0.12074421704195233,0.8394595288379344,25,20,20
38,4766,0.03979608478777538,1.6933233858552466e-07,0.12074418368191467,0.8394595621979718,25,20,20
38,4767,0.03978862165376152,1.6979310113060254e-07,0.1207515241693742,0.8394596843837635,25,20,20
38,4768,0.039788621653761534,1.697931054209647e-07,0.12075171944105763,0.8394594891120758,25,20,20
38,4769,0.033967490274754056,7.982792061637327e-10,0.12657302984236893,0.8394594790845984,25,20,20
38,4770,0.051097732207080096,5.480363168246271e-10,0.10944274862908866,0.8394595186157956,25,20,20
38,4771,0.05109773220707924,5.480320998729637e-10,0.10943621939067563,0.8394660478542137,25,20,20
38,4772,0.05109773220703378,5.482723182438095e-10,0.1094426536419854,0.839459613602709,25,20,20
38,4773,0.05109773220721586,5.482766836876726e-10,0.10944428420318289,0.8394579830413251,25,20,20
38,4774,0.051097732207215835,5.482808260625444e-10,0.10943775243945311,0.8394645148050506,25,20,20
38,4775,0.051097732207215835,5.482807507707675e-10,0.10943771306557817,0.8394645541789256,25,20,20
38,4776,0.05109773220721504,5.482808247426732e-10,0.10943100747507024,0.8394712597694343,25,20,20
38,4777,0.05109773220721822,5.482766096925147e-10,0.109432379777961,0.8394698874665445,25,20,20
38,4778,0.05109773220721583,5.482766831564665e-10,0.10956034127920228,0.8393419259653055,25,20,20
38,4779,0.017157726758059447,5.851601625791181e-09,0.14341697270206888,0.8394252946882704,25,20,20
38,4780,0.017157726758059502,5.851601625618024e-09,0.14350915127309352,0.8393331161172458,25,20,20
38,4781,0.01715772675805945,5.851601551672503e-09,0.1435076427518056,0.8393346246385337,25,20,20
38,4782,0.017157726758104973,5.851601627628922e-09,0.14350123676116172,0.8393410306291319,25,20,20
38,4783,0.01714145295187786,0.001083077165177693,0.14242721486865745,0.8393482550142873,25,20,20
38,4784,0.01714145295205999,0.0010830771651819844,0.14242893600903778,0.8393465338737207,25,20,20
38,4785,0.017175472553494515,0.0010830767088207149,0.14239503907152032,0.839346411666165,25,20,20
38,4786,0.017175472563841842,0.0010830767227164566,0.142532210877986,0.839209239835456,25,20,20
38,4787,0.01717547256379641,0.0010830767227121,0.14243990520269334,0.8393015455107985,25,20,20
38,4788,0.01717547256397859,0.0010830767227163922,0.14244460994801236,0.839296840765293,25,20,20
38,4789,0.01717546416129717,0.001083076722711966,0.142301272454356,0.8394401866616353,25,20,20
38,4790,0.017175464150949886,0.0010830767088162254,0.14216398759597826,0.839577471544256,25,20,20
38,4791,0.01717546415076701,0.001083076708811934,0.142161751843548,0.8395797072968731,25,20,20
38,4792,0.017175464150766956,0.0010830767088118602,0.14206953846143383,0.8396719206789875,25,20,20
38,4793,0.017175464150767684,0.0010830767085673516,0.14206951254255362,0.8396719465981117,25,20,20
38,4794,0.017175464150767754,0.0010830767088096942,0.14244255396271016,0.8392989051777126,25,20,20
38,4795,0.017175472269240807,0.0010830774741898905,0.1436677478286155,0.8380737024279544,25,20,20
38,4796,0.017175472269422926,0.0010830774741898918,0.1436693424129521,0.8380721078434358,25,20,20
38,4797,0.04001881606344617,0.0010830774689994812,0.12082603647455742,0.838072069992998,25,20,20
38,4798,0.040018820696865395,6.999605416638933e-09,0.1219032738706607,0.8380778984328695,25,20,20
38,4799,0.04001882069686534,6.999605340049975e-09,0.12190315856928124,0.8380780137342491,25,20,20
38,4800,0.04001882069686614,6.999609631176352e-09,0.12190790455408425,0.8380732677494414,25,20,20
38,4801,0.04001882069686614,6.999609631176353e-09,0.1219079032386642,0.8380732690648612,25,20,20
38,4802,0.021900973809302213,1.8130329496084066e-08,0.14002568671541984,0.8380733213449497,25,20,20
38,4803,0.02190097380912007,1.813032520446972e-08,0.14002560340265865,0.8380734046578973,25,20,20
38,4804,0.021900973808938736,1.8130329494553007e-08,0.14002626487051184,0.8380727431902212,25,20,20
38,4805,0.02190097380893879,1.8130329645088672e-08,0.1400328690797871,0.8380661389809457,25,20,20
38,4806,0.021900973808937994,1.8130325353684962e-08,0.1400306110254065,0.8380683970353313,25,20,20
38,4807,0.021900973808755858,1.8130320986943365e-08,0.1400288985378473,0.8380701095230769,25,20,20
38,4808,0.021900973808755872,1.8130321062234658e-08,0.1400288671572741,0.8380701409036501,25,20,20
38,4809,0.021900973808755064,1.813032091348105e-08,0.1398994171592833,0.8381995909016414,25,20,20
38,4810,0.021951974937256303,1.86401662167047e-08,0.13984814315891717,0.8381998632636614,25,20,20
38,4811,0.021951974937256234,1.863992387276789e-08,0.13947513513277882,0.8385728712900421,25,20,20
38,4812,0.021951974937256234,1.8640168307508397e-08,0.13947516386414704,0.8385728425584295,25,20,20
38,4813,0.04972317470277967,1.812143145286136e-08,0.11170423579448363,0.8385725713813056,25,20,20
38,4814,0.04972317470277977,1.8121435745649635e-08,0.11169907213144539,0.8385777350443394,25,20,20
38,4815,0.049723166584303556,1.7356051361490633e-08,0.11020766063390218,0.8400691554257433,25,20,20
38,4816,0.049723166584303556,1.735605121093018e-08,0.11063175490199383,0.8396450611576518,25,20,20
38,4817,0.06686751996242313,6.231759375022166e-09,0.09348746491194547,0.8396450088938724,25,20,20
38,4818,0.06686751996242388,6.245454093785191e-09,0.09349315292424432,0.8396393208678781,25,20,20
38,4819,0.06686751996242382,6.245454093762017e-09,0.09349318485695612,0.8396392889351664,25,20,20
38,4820,0.06686751996242382,6.245454170327889e-09,0.09349326533240065,0.8396392084597217,25,20,20
38,4821,0.06686751996242378,6.245454170327887e-09,0.09349326591826697,0.8396392078738555,25,20,20
38,4822,0.06686751996500204,6.245940158769351e-09,0.09375963400791477,0.8393728397811434,25,20,20
38,4823,0.06686751996500198,6.245940083500025e-09,0.09375955046511568,0.8393729233239426,25,20,20
38,4824,0.06686751996500515,6.259790451138653e-09,0.09402688477132468,0.83910558900388,25,20,20
38,4825,0.06686751996500435,6.259790452458996e-09,0.09360270741854158,0.8395297663566639,25,20,20
38,4826,0.06686751996500441,6.2597905264446595e-09,0.0936072956151024,0.839525178160103,25,20,20
38,4827,0.06686751996500362,6.259786233533336e-09,0.09360949259330045,0.8395229811819098,25,20,20
38,4828,0.0670874127795299,6.253464004392631e-09,0.09338960147407954,0.8395229794929268,25,20,20
38,4829,0.06708741277952987,6.253464003095405e-09,0.09338954741859216,0.8395230335484141,25,20,20
38,4830,0.06708741277952987,6.253464078352046e-09,0.09339603773818088,0.8395165432288253,25,20,20
38,4831,0.06708741277952993,6.253464078352522e-09,0.09339600500884551,0.8395165759581605,25,20,20
38,4832,0.06708741277952993,6.253464152319786e-09,0.09339596206344034,0.8395166189035657,25,20,20
38,4833,0.06708741277965853,6.249702518124164e-09,0.10418696085323553,0.8287256201174032,25,20,20
38,4834,0.06708741278717052,6.249879440076045e-09,0.11524506892108248,0.8176675120418673,25,20,20
38,4835,0.06720754118963077,9.828257586262882e-09,0.11512492398285508,0.8176675249992564,25,20,20
38,4836,0.040309702545310834,1.0324953447067061e-08,0.14202263071984791,0.8176676564098885,25,20,20
38,4837,0.04030970254512875,1.0324949156873761e-08,0.1420209969208235,0.8176692902090993,25,20,20
38,4838,0.040309736104670674,1.1105596791198174e-08,0.13116650061721924,0.8285237521725141,25,20,20
38,4839,0.03935123624863083,1.1128923545312688e-08,0.13212499418315138,0.8285237584392949,25,20,20
38,4840,0.03935123624881096,1.1129166464394998e-08,0.1323847393371533,0.8282640132848698,25,20,20
38,4841,0.03923231943887329,1.2101598359868553e-05,0.13249158272907832,0.828263996233689,25,20,20
38,4842,0.039232319438917945,1.2101598322767724e-05,0.13259822921632863,0.8281573497464312,25,20,20
38,4843,0.03923010347470851,1.0878317850352584e-08,0.13256100278363322,0.8282088828633409,25,20,20
38,4844,0.03968822292499317,1.1244982439031263e-08,0.1321027866710539,0.8282089791589707,25,20,20
38,4845,0.039688222924993126,1.124522642383387e-08,0.1321949668207502,0.8281167990090306,25,20,20
38,4846,0.03968822292499391,1.1245230790224133e-08,0.13219727674073864,0.828114489089037,25,20,20
38,4847,0.03999345057104038,1.0880049992482048e-08,0.13189214578492467,0.8281143927639854,25,20,20
38,4848,0.03999341701136667,1.0089313699951541e-08,0.13169289568749185,0.8283136772118281,25,20,20
38,4849,0.03999341700385786,1.0089383297095276e-08,0.12100786329227935,0.8389987096144799,25,20,20
38,4850,0.030218290043295615,1.009135986164128e-08,0.13072239318992468,0.8390593066754203,25,20,20
38,4851,0.03021829004329567,1.0091359864305467e-08,0.13072239577758923,0.8390593040877554,25,20,20
38,4852,0.030218290043250193,1.0091359789036578e-08,0.13072239374300323,0.8390593061223869,25,20,20
38,4853,0.03999553903838289,1.008941076851247e-08,0.12100574137793864,0.8389987094942678,25,20,20
38,4854,0.03999553903838278,1.0089565666747492e-08,0.1349740450754335,0.825030405796618,25,20,20
38,4855,0.039995539038382724,1.0089565665381036e-08,0.13497415637164722,0.8250302945004044,25,20,20
38,4856,0.039995539038382724,1.008956566535867e-08,0.1349740439098819,0.8250304069621697,25,20,20
38,4857,0.03999553903820185,1.0089322744990713e-08,0.13470777421477098,0.8252966766577045,25,20,20
38,4858,0.03999553903820185,1.0089322745013085e-08,0.13470766175293616,0.8252967891195392,25,20,20
38,4859,0.039995539038383876,1.0103261975058849e-08,0.1347199001241795,0.8252845507341746,25,20,20
38,4860,0.03999553903838708,1.0103505957012418e-08,0.13481258080208824,0.8251918700560188,25,20,20
38,4861,0.039995539038387026,1.0103505957008284e-08,0.13481477587092985,0.8251896749871773,25,20,20
38,4862,0.03999553903842936,1.0103261975054587e-08,0.13472216942409998,0.8252822814342088,25,20,20
38,4863,0.039995539038428576,1.010326190109195e-08,0.13472216939892132,0.8252822814593883,25,20,20
38,4864,0.03999553903842852,1.0103261828404435e-08,0.13471758123913008,0.8252868696191797,25,20,20
38,4865,0.03999553903861066,1.0103261902376278e-08,0.13471763192708547,0.825286818931042,25,20,20
38,4866,0.04000121859409531,1.0101638848421508e-08,0.1347119528064428,0.8252868184978231,25,20,20
38,4867,0.04000121859409611,1.0101638849742022e-08,0.13471195283375373,0.8252868184705114,25,20,20
38,4868,0.040001218594050675,1.0087736721820026e-08,0.13459526507550545,0.8254035062427073,25,20,20
38,4869,0.040001218594050675,1.008749699827883e-08,0.1347693018287654,0.8252294694896871,25,20,20
38,4870,0.040001218604249426,1.0087737377398505e-08,0.1347694327153184,0.8252293385926949,25,20,20
38,4871,0.04000121767398255,2.826493161501158e-07,0.1348655826321105,0.8251329170445902,25,20,20
38,4872,0.04000121767398017,2.8264907384667786e-07,0.13449908443324626,0.8254994152436992,25,20,20
38,4873,0.04000121767379882,2.826493183536291e-07,0.13450562431622912,0.8254928753606531,25,20,20
38,4874,0.04000121767375329,2.8264932256949115e-07,0.13451017083289904,0.8254883288440245,25,20,20
38,4875,0.040001217673753295,2.8264931835361695e-07,0.13451207212220617,0.8254864275547216,25,20,20
38,4876,0.04000121767135596,2.826488324373468e-07,0.1345129012893719,0.825485598390439,25,20,20
38,4877,0.04000121767135596,2.8264883243604907e-07,0.1345128999019457,0.8254855997778653,25,20,20
38,4878,0.04000121767154081,2.826488367149148e-07,0.134613788917206,0.8253847107624159,25,20,20
38,4879,0.040001217671541606,2.826488366396817e-07,0.1346095852547776,0.8253889144248435,25,20,20
38,4880,0.04000121502894745,0.015054735982582466,0.11955513444433691,0.8253889145441329,25,20,20
38,4881,0.04000374617674402,0.015840616385118127,0.11875252137666069,0.8254031160614765,25,20,20
38,4882,0.040003746176744015,0.015840616385116614,0.11901216884685491,0.8251434685912838,25,20,20
38,4883,0.040003746176744015,0.01584061638511232,0.11900746693271244,0.8251481705054308,25,20,20
38,4884,0.040003746176747984,0.015840616385355385,0.11927450754774092,0.8248811298901554,25,20,20
38,4885,0.04000374617656711,0.015840616385359604,0.11900750353789079,0.8251481339001822,25,20,20
38,4886,0.040003746176567094,0.015840616385359524,0.11900089879676014,0.825154738641313,25,20,20
38,4887,0.03979194212181325,0.01584062145224391,0.11921269692996578,0.8251547394959767,25,20,20
38,4888,0.039791009991085494,0.015840620932066826,0.11921376846490267,0.8251546006119456,25,20,20
38,4889,0.03979100999108867,0.015840620932066826,0.11948096771392672,0.8248874013629183,25,20,20
38,4890,0.03979100999108866,0.01584062093206249,0.11921463645393321,0.8251537326229161,25,20,20
38,4891,0.0397910099910886,0.015840620932058198,0.11921446626153051,0.8251539028153233,25,20,20
38,4892,0.039791009990903806,0.015840620932053916,0.1191089913002633,0.8252593777767794,25,20,20
38,4893,0.03979100999090385,0.015840620932053972,0.13016691194903987,0.8142014571280026,25,20,20
38,4894,0.02768865788581498,0.015840816708057436,0.1422681115752588,0.814202413830869,25,20,20
38,4895,0.027688657885996316,0.015840816708057436,0.1422636052297049,0.8142069201762412,25,20,20
38,4896,0.027688656824107212,0.04076308533756464,0.11734133778128081,0.8142069200570472,25,20,20
38,4897,0.027688656824107226,0.04076308533756893,0.117347942267022,0.8142003155713017,25,20,20
38,4898,0.02768865682410724,0.040763085337569,0.1173480247703271,0.8142002330679965,25,20,20
38,4899,0.02768865682410725,0.04076308533756901,0.11771884834708306,0.8138294094912405,25,20,20
38,4900,0.027688656834488134,0.0407630853375733,0.11772350605608115,0.8138247517718572,25,20,20
38,4901,0.027688656844868084,0.040763085337817945,0.11773200719051777,0.8138162506267962,25,20,20
38,4902,0.04000277659174603,0.040762884494930096,0.10541904584405792,0.8138152930692659,25,20,20
38,4903,0.040002776581366126,0.040762884494862456,0.1164683883365504,0.8027659505872211,25,20,20
38,4904,0.0400027765813661,0.04076288449486237,0.11609528310482813,0.8031390558189435,25,20,20
38,4905,0.04000277658136537,0.04076288449461938,0.11582904647911396,0.8034052924449013,25,20,20
38,4906,0.040002776581365376,0.040762884494619386,0.11582916084112338,0.8034051780828919,25,20,20
38,4907,0.04000247267008729,0.04076288450341036,0.11582946231419579,0.8034051805123064,25,20,20
38,4908,0.04000247267008729,0.040762884503255464,0.10186429180397039,0.8173703510226864,25,20,20
38,4909,0.0400024726699084,0.04076288448931616,0.10185676854938634,0.8173778742913886,25,20,20
38,4910,0.04000247266990867,0.04076288455809617,0.13838837990272781,0.7808462628692676,25,20,20
38,4911,0.04000247267076165,0.040777200588119886,0.13837406387185106,0.7808462628692676,25,20,20
38,4912,0.04000247266038071,0.040777200588115514,0.13836940471066506,0.780850922040839,25,20,20
38,4913,0.04000247267075882,0.04077720058811552,0.13810565358001323,0.7811146731611126,25,20,20
38,4914,0.04000247266037754,0.040777200588115514,0.13810220487575747,0.7811181218757496,25,20,20
38,4915,0.056861195252540436,0.0407773228406572,0.12124335223404152,0.7811181296727606,25,20,20
38,4916,0.05029076659494912,0.04077756952669714,0.12781237764818976,0.7811192862301638,25,20,20
38,4917,0.05029076659494915,0.04077756952669714,0.12781699642123925,0.7811146674571142,25,20,20
38,4918,0.05029076659408101,0.040754758994121155,0.12783980695468347,0.7811146674571141,25,20,20
38,4919,0.050290766594110636,0.04075475899428034,0.14180968891908086,0.7671447854925286,25,20,20
38,4920,0.05029076659411379,0.04075475899410342,0.1307518326544899,0.7782026417572933,25,20,20
38,4921,0.05029076659411373,0.04075475899410334,0.1307471333757465,0.7782073410360368,25,20,20
38,4922,0.05029076659429582,0.04075475900804265,0.1307594534931318,0.7781950209045302,25,20,20
38,4923,0.05029076659447527,0.040754759008038356,0.13116415766098297,0.7777903167365037,25,20,20
38,4924,0.0502930802349091,0.04034246261587463,0.13160862663305134,0.7777558305161653,25,20,20
38,4925,0.0502930802349091,0.04034246261587463,0.1316085142059033,0.7777559429433132,25,20,20
38,4926,0.050293080234905904,0.0403424626158747,0.1316103206857998,0.7777541364634197,25,20,20
38,4927,0.05640620483598517,0.04034250772797063,0.12549828353609724,0.7777530038999472,25,20,20
38,4928,0.05640620483598756,0.0403425077279707,0.12558817853896231,0.7776631088970796,25,20,20
38,4929,0.05640620483580544,0.04034250772796634,0.12558821041733945,0.7776630770188888,25,20,20
38,4930,0.05640620483562337,0.04034250771403137,0.12584222214583113,0.7774090653045141,25,20,20
38,4931,0.056406204835626556,0.04034250771403567,0.12584393860525822,0.7774073488450794,25,20,20
38,4932,0.05640620483685586,0.040342752287668635,0.12930545414249436,0.7739455887329818,25,20,20
38,4933,0.05640620483685506,0.040342752287664346,0.1292988482108085,0.7739521946646728,25,20,20
38,4934,0.05640620483685506,0.040342752287664346,0.12929896267027458,0.7739520802052069,25,20,20
38,4935,0.05640620483685586,0.040342752287668635,0.12930545473345678,0.7739455881420194,25,20,20
38,4936,0.05640620483685586,0.039135503073216095,0.13051270394261835,0.7739455881473104,25,20,20
38,4937,0.05640620483685267,0.039135503073216026,0.13042040783763764,0.7740378842522944,25,20,20
38,4938,0.05640620483685642,0.040373109105133274,0.12918280181100747,0.7740378842470037,25,20,20
38,4939,0.056406204836830016,0.040373109104982666,0.11521952892138357,0.7880011571368045,25,20,20
38,4940,0.05640620483682761,0.04037310910498266,0.1153473164702523,0.7878733695879383,25,20,20
38,4941,0.03966540282499475,0.040372987713815436,0.13208801763520198,0.7878735918259884,25,20,20
38,4942,0.03966540283537647,0.0403729877138198,0.1320897621568452,0.787871847293959,25,20,20
38,4943,0.03954959966029858,0.040372986843659094,0.1322057986652761,0.7878716148307667,25,20,20
38,4944,0.039549599660298564,0.040372986843659094,0.1322056844186892,0.7878717290773537,25,20,20
38,4945,0.039549599660298564,0.040372986843659094,0.1322056837176429,0.7878717297784,25,20,20
38,4946,0.03954959964992083,0.04037298684341451,0.13220096824416752,0.7878764452624977,25,20,20
38,4947,0.03954959964992083,0.04037298684341451,0.13220287060002167,0.7878745429066434,25,20,20
38,4948,0.039549599649917645,0.04037298684341451,0.1322094069905552,0.7878680065161129,25,20,20
38,4949,0.039549599649917645,0.04037298684341452,0.1322094069907105,0.7878680065159576,25,20,20
38,4950,0.03954959964991687,0.04037298684317575,0.13194256306967722,0.7881348504372302,25,20,20
38,4951,0.03954959964991767,0.040372986843175675,0.13193835259182546,0.7881390609150811,25,20,20
38,4952,0.03954959964991766,0.040372986843171386,0.13193182713917334,0.7881455863677377,25,20,20
38,4953,0.03954472158662869,0.040006613711697295,0.13233432656777577,0.7881143381338983,25,20,20
38,4954,0.039544721586448395,0.040006613711697295,0.13192942562894544,0.7885192390729088,25,20,20
38,4955,0.0395447215864476,0.04000661371169309,0.13192942386074286,0.7885192408411164,25,20,20
38,4956,0.0395447215864476,0.04000661371169309,0.1319295049463873,0.7885191597554718,25,20,20
38,4957,0.0395447215864476,0.04000661371169309,0.13192942657976428,0.7885192381220948,25,20,20
38,4958,0.03954472157606587,0.040006613711688725,0.13192779792924533,0.7885208667829998,25,20,20
38,4959,0.03954472157606667,0.040006613711933314,0.13193450038853352,0.7885141643234664,25,20,20
38,4960,0.03965889647791895,0.04000661371193336,0.13182009226416982,0.7885143975459777,25,20,20
38,4961,0.039658896477964535,0.04000661371217787,0.1318201925562545,0.788514297253603,25,20,20
38,4962,0.039658896477964535,0.04000661371217787,0.13182007812602795,0.7885144116838295,25,20,20
38,4963,0.03965889647796137,0.04000661371216929,0.13181347385858835,0.7885210159512808,25,20,20
38,4964,0.03965913153888979,0.0399994222393044,0.13182042671871005,0.7885210195030953,25,20,20
38,4965,0.039659131538892195,0.0399994222393044,0.1318203552132955,0.7885210910085074,25,20,20
38,4966,0.03965913153889221,0.0399994222393044,0.13181816015453607,0.7885232860672666,25,20,20
38,4967,0.03965913153889221,0.03999942223930014,0.13155190997580418,0.7887895362460027,25,20,20
38,4968,0.03965913153889141,0.03999942223930014,0.13154959672993058,0.7887918494918772,25,20,20
38,4969,0.07850686493830915,0.039999399511836405,0.09270188811281008,0.7887918474370439,25,20,20
38,4970,0.07850686493830597,0.03999939951183211,0.09270176937722796,0.7887919661726334,25,20,20
38,4971,0.07850686493830598,0.03999939951183648,0.09270647151005659,0.7887872640398003,25,20,20
38,4972,0.07850686493848488,0.03999939951183655,0.09270717305844174,0.7887865624912364,25,20,20
38,4973,0.07850686493848483,0.03999939951183654,0.09270717091511495,0.788786564634563,25,20,20
38,4974,0.07850686493848481,0.03999939951183647,0.09270056749855629,0.788793168051122,25,20,20
38,4975,0.07850686494448039,0.039999399970779614,0.13229534035557672,0.7491983947291626,25,20,20
38,4976,0.07850686494448045,0.03999939998459278,0.1326692910955423,0.7488244439753841,25,20,20
38,4977,0.07850686494448049,0.03999939998459286,0.13267391442358156,0.7488198206473448,25,20,20
38,4978,0.07850686494448049,0.03999939998459707,0.1326785026739318,0.7488152323969902,25,20,20
38,4979,0.07850686494448054,0.039999399984597145,0.13268320383486387,0.748810531236058,25,20,20
38,4980,0.07850686494448053,0.03999939998459707,0.13268314919574697,0.748810585875175,25,20,20
38,4981,0.07850686494448049,0.0399993999710269,0.13257532038268807,0.7489184147018042,25,20,20
38,4982,0.07850686494448049,0.039999399971026896,0.1325752392970436,0.7489184957874486,25,20,20
38,4983,0.11809925722286987,0.03999939997110305,0.09298308024175751,0.7489182625642689,25,20,20
38,4984,0.11809925722287228,0.03999939997134688,0.09298307923932507,0.748918263566455,25,20,20
38,4985,0.11924525001432348,0.03999939996505162,0.09183708813633557,0.7489182618842887,25,20,20
38,4986,0.11924525002033677,0.04000636095529928,0.091830147599636,0.7489182414247277,25,20,20
38,4987,0.11924525002033677,0.04000636095529928,0.09183014551112637,0.7489182435132373,25,20,20
38,4988,0.11924525002051896,0.04000636095529938,0.0807738861440598,0.7599745028801215,25,20,20
38,4989,0.11924525002051901,0.040006360955543975,0.08077872164006303,0.7599696673838736,25,20,20
38,4990,0.11924525002051896,0.04000636095529945,0.0807804916140599,0.7599678974101213,25,20,20
38,4991,0.11924525288135843,0.04001166927119397,0.08077518011841278,0.7599678977290344,25,20,20
38,4992,0.11924525288135922,0.04001166927143696,0.08104144975417221,0.7597016280930311,25,20,20
38,4993,0.11924525288135919,0.040011669271436894,0.08103496073967403,0.7597081171075294,25,20,20
38,4994,0.11924525288135922,0.04001166927143696,0.081035000952288,0.7597080768949153,25,20,20
38,4995,0.11924525053298658,0.040003689447224475,0.0810429833302746,0.7597080766895138,25,20,20
38,4996,0.11924525053302862,0.040003689460826816,0.08118090271424848,0.7595701572918955,25,20,20
38,4997,0.11924525053302867,0.040003689460583886,0.0809161738809567,0.7598348861254302,25,20,20
38,4998,0.11924525053302867,0.040003689460583886,0.08091617260428619,0.7598348874021008,25,20,20
38,4999,0.11924525053561823,0.040003689460832235,0.0810084165003026,0.7597426435032465,25,20,20
38,5000,0.11924525068308284,0.04000368947473475,0.08113385595082377,0.759617203891358,25,20,20
38,5001,0.11926250801789968,0.04000371755045751,0.08152179365921784,0.7592119807724245,25,20,20
38,5002,0.11926250801789968,0.040003717550457576,0.08152649549209262,0.7592072789395499,25,20,20
38,5003,0.11926250801790024,0.04000371755061674,0.09549624990971972,0.745237524521763,25,20,20
38,5004,0.11924555986530484,0.04000368953614264,0.0955132261186746,0.7452375244798776,25,20,20
38,5005,0.1192455598653048,0.04000368953614257,0.0955086787855162,0.7452420718130361,25,20,20
38,5006,0.11924555986530402,0.04000368953589965,0.09524394963089886,0.7455068009678972,25,20,20
38,5007,0.11924555986560796,0.014180625351173395,0.12106701381541898,0.7455068009677998,25,20,20
38,5008,0.11924555986560793,0.014180625351173244,0.12106539166713189,0.7455084231160869,25,20,20
38,5009,0.11924555986556315,0.014180625350928662,0.12106542122442203,0.7455083935590859,25,20,20
38,5010,0.11904460282042059,0.0141806254443715,0.12126637773806415,0.7455083939971437,25,20,20
38,5011,0.1083146521772869,0.014180629249600679,0.13199532606275408,0.7455093925103587,25,20,20
38,5012,0.10831465217728688,0.014180629249600679,0.13199517409264944,0.7455095444804634,25,20,20
38,5013,0.10831465217728693,0.014180629249600563,0.13236357384060643,0.7451411447325065,25,20,20
38,5014,0.1083146521772869,0.014180629249840855,0.1323655747450854,0.7451391438277869,25,20,20
38,5015,0.07139855086677036,0.01424168537938436,0.16921542252390742,0.745144341229937,25,20,20
38,5016,0.07150063711409117,0.0002029908994559932,0.18315203075540906,0.7451443412310431,25,20,20
38,5017,0.07150063723917352,0.00020299037926699848,0.18315203114975262,0.7451443412318066,25,20,20
38,5018,0.07155891828861555,0.00020299028886348273,0.18309375061429894,0.7451443408082219,25,20,20
38,5019,0.07155891829120509,0.00020299030277914126,0.18318615860758566,0.7450519327984302,25,20,20
38,5020,0.07155891829116384,0.0002029902889287754,0.1829188535431542,0.7453192378767532,25,20,20
38,5021,0.07155891829116336,0.00020299028878087918,0.20709478684957136,0.7211433045704829,25,20,20
38,5022,0.07155891829116343,0.000202990289025476,0.20709952846965965,0.7211385629501499,25,20,20
38,5023,0.07155891829098121,0.00020299028902532674,0.2071025669733735,0.7211355244466184,25,20,20
38,5024,0.07155891829098121,0.00020299028902532682,0.20710256442469407,0.7211355269952978,25,20,20
38,5025,0.07155892672216316,0.00020299028902954198,0.20710261758492113,0.7211354654038848,25,20,20
38,5026,0.07155892657469848,0.00020299027512696782,0.24351068581312144,0.6847273973370513,25,20,20
38,5027,0.07155892657469855,0.00020299027513124426,0.24363550672530263,0.684602576424866,25,20,20
38,5028,0.07155892657469858,0.0002029902748867373,0.24363042521886644,0.6846076579315468,25,20,20
38,5029,0.07155892657469541,0.00020299027506366152,0.2546882286535333,0.6735498544967063,25,20,20
38,5030,0.07155892657469616,0.00020299027506366152,0.25468672301768924,0.6735513601325497,25,20,20
38,5031,0.04258067719596113,0.00020555356207424072,0.28366329934498175,0.673550469896982,25,20,20
38,5032,0.04258067719595798,0.00020555356207845556,0.2836649041625386,0.6735488650794239,25,20,20
38,5033,0.04258067719336843,0.00020555356183440574,0.2835726648270196,0.6736411044177766,25,20,20
38,5034,0.04258067719336844,0.0002055535618344084,0.28357277789892377,0.6736409913458723,25,20,20
38,5035,0.0425806687620044,0.00020555356158553952,0.28356547070407795,0.6736483069723314,25,20,20
38,5036,0.04258066876200445,0.00020555356158982914,0.2835719627380792,0.6736418149383256,25,20,20
38,5037,0.0425806687620045,0.00020555356158983017,0.28369678309163676,0.6735169945847683,25,20,20
38,5038,0.04258067713409974,0.00020555357549871487,0.27292737703802106,0.68428639225238,25,20,20
38,5039,0.04258067713410286,0.000205553575498727,0.27280255849928187,0.6844112107911161,25,20,20
38,5040,0.040629322524581644,0.0010509398270456534,0.2739137245001566,0.684406013148215,25,20,20
38,5041,0.040629322524581644,0.001050939827041363,0.2739137179190349,0.684406019729341,25,20,20
38,5042,0.0406293225245809,0.0010509398270413617,0.27391178158905277,0.6844079560593239,25,20,20
38,5043,0.040629322524580846,0.001050939827041363,0.2739070643804647,0.6844126732679121,25,20,20
38,5044,0.04062931415248557,0.0010509398129554788,0.273618662202927,0.684701083831631,25,20,20
38,5045,0.040009907401331694,0.0010509449584961167,0.2741610590889721,0.6847780885511995,25,20,20
38,5046,0.0400099073987454,0.0010509449445804597,0.27407332616004604,0.6848658214966272,25,20,20
38,5047,0.03933538704466078,0.00014422531788275286,0.2756545193164916,0.684865868320964,25,20,20
38,5048,0.04013039372767221,0.0001410045102712314,0.2748564720310906,0.6848721297309649,25,20,20
38,5049,0.04013039372767214,0.0001410045102711587,0.27485492944316947,0.6848736723188864,25,20,20
38,5050,0.040130393727672145,0.00014100451027116,0.27485504249088766,0.6848735592711681,25,20,20
38,5051,0.04013039372767209,0.00014100451027108368,0.27472552288775265,0.6850030788743031,25,20,20
38,5052,0.040130393727715104,0.00014100452258011137,0.2794145361530399,0.6803140655966645,25,20,20
38,5053,0.040130393727715034,0.00014100452257585978,0.27904151333111676,0.6806870884185919,25,20,20
38,5054,0.040142553373690965,3.948177213995381e-06,0.2791535720540748,0.6806999263950199,25,20,20
38,5055,0.040142265452876164,3.948177674617989e-06,0.2791538575817849,0.6806999287876637,25,20,20
38,5056,0.04014226545305829,3.948177678909137e-06,0.279158610691346,0.6806951756779163,25,20,20
38,5057,0.04063351138529174,3.93388401228588e-06,0.2786635756621269,0.6806989790685687,25,20,20
38,5058,0.04063351138510963,3.933884008071321e-06,0.27865890572543084,0.680703649005451,25,20,20
38,5059,0.040633511385108824,3.933884012285885e-06,0.2786634919627326,0.680699062768146,25,20,20
38,5060,0.0406335113855636,3.933885234186845e-06,0.2786199776389766,0.6807425770902248,25,20,20
38,5061,0.040633511385702335,3.933872929516279e-06,0.2740208964747767,0.6853416582665912,25,20,20
38,5062,0.040633511385702335,3.933872929516303e-06,0.2740208953256252,0.6853416594157425,25,20,20
38,5063,0.040633511385702335,3.93387292951628e-06,0.27402092874425255,0.6853416259971155,25,20,20
38,5064,0.04063351138552064,3.933872929449499e-06,0.27393111281227883,0.685431441929271,25,20,20
38,5065,0.04063351138552064,3.933872925233843e-06,0.2739245898739106,0.6854379648676434,25,20,20
38,5066,0.040633511385523784,3.933872925307458e-06,0.27392759437735387,0.6854349603641969,25,20,20
38,5067,0.0406337447513935,7.674500886933837e-05,0.27385433857780883,0.6854351716619282,25,20,20
38,5068,0.040633744751390276,7.674500887370215e-05,0.2738543376033223,0.685435172636414,25,20,20
38,5069,0.040633744751390276,7.674500887370215e-05,0.2738608279419308,0.6854286822978054,25,20,20
38,5070,0.04021223543626494,7.674475017445348e-05,0.2742860727485338,0.685424947065027,25,20,20
38,5071,0.040212235436261796,7.674475017023761e-05,0.27428145166063106,0.6854295681529371,25,20,20
38,5072,0.04021223624589298,7.674475018280723e-05,0.276000891828278,0.6837101271756459,25,20,20
38,5073,0.041701322696875785,7.426559409128374e-05,0.274513980784835,0.6837104309241967,25,20,20
38,5074,0.041701322696875785,7.426559409128374e-05,0.2745074570990301,0.6837169546100016,25,20,20
38,5075,0.04170132269687574,7.426559409128373e-05,0.27451207537715944,0.6837123363318723,25,20,20
38,5076,0.04170132269687574,7.42655940912811e-05,0.27451199685029276,0.6837124148587391,25,20,20
38,5077,0.04170132269687894,7.426559409563668e-05,0.2746041848285208,0.6836202268805036,25,20,20
38,5078,0.06508045342643949,1.4544614168160426e-06,0.25129807890500616,0.6836200132071367,25,20,20
38,5079,0.0651853143532376,1.4136159650286046e-06,0.25119366691396694,0.6836196051168294,25,20,20
38,5080,0.06513157224187101,1.4136396464908915e-06,0.2512475455515183,0.6836194685669638,25,20,20
38,5081,0.06513157224187104,1.4136396507812305e-06,0.25124766172081114,0.6836193523976668,25,20,20
38,5082,0.06513157224187104,1.4136396507812544e-06,0.2512476622199326,0.6836193518985454,25,20,20
38,5083,0.10254767858037553,1.3665488734169582e-06,0.2138316069082264,0.6836193479625245,25,20,20
38,5084,0.10254767858037867,1.3665491121209368e-06,0.21409776217520451,0.6833531926953046,25,20,20
38,5085,0.1025476785803787,1.366549112119671e-06,0.214093203333554,0.6833577515369551,25,20,20
38,5086,0.10254767858055916,1.3665493587138955e-06,0.2144662215182622,0.68298473335182,25,20,20
38,5087,0.10254767858055916,1.3665493587152385e-06,0.21446624601990893,0.6829847088501733,25,20,20
38,5088,0.10254767858055597,1.366549115720944e-06,0.2141998961826907,0.6832510586876376,25,20,20
38,5089,0.10254767858055916,1.3665491115045901e-06,0.21420440139452857,0.6832465534758008,25,20,20
38,5090,0.10254767858055995,1.3665491115811331e-06,0.2142045178599973,0.6832464370103309,25,20,20
38,5091,0.08656478054264628,1.3665600656048758e-06,0.2301842291962652,0.6832496237010227,25,20,20
38,5092,0.0865647805424659,1.3665598233768577e-06,0.22981769983382805,0.6836161530638825,25,20,20
38,5093,0.08583996194084495,5.3752257142189485e-08,0.23055009034220422,0.683609893964693,25,20,20
38,5094,0.08583996194084496,5.375226147871899e-08,0.2308163422012343,0.6833436421056583,25,20,20
38,5095,0.08583996194102708,5.3752506137517354e-08,0.2308230472740659,0.6833369370323997,25,20,20
38,5096,0.08583996194102707,5.375250606224841e-08,0.23082307998727006,0.6833369043191958,25,20,20
38,5097,0.08583996194084495,5.375226569439915e-08,0.23082298140722954,0.6833370028996589,25,20,20
38,5098,0.08583996194089005,5.375250803709855e-08,0.23119598504839395,0.682963999258207,25,20,20
38,5099,0.08583996195126764,5.3752507963415006e-08,0.2311936050144679,0.6829663792817555,25,20,20
38,5100,0.08583996195108971,5.3829225850140434e-08,0.23469770090357756,0.6794622833161054,25,20,20
38,5101,0.08584258009239233,1.4118745998263173e-05,0.23461516718530476,0.6795281339763031,25,20,20
38,5102,0.08039287358744403,1.4113750763831757e-05,0.2401418424359659,0.6794511702258241,25,20,20
38,5103,0.1201239010362675,1.4065696406399451e-05,0.20042370101902945,0.6794383322482944,25,20,20
38,5104,0.1201073781061675,1.4163903154321073e-05,0.19891898043604794,0.6809594775546293,25,20,20
38,5105,0.12010737810616749,1.4163903149955958e-05,0.19891439236586447,0.6809640656248175,25,20,20
38,5106,0.1201073781061643,1.4163903149890034e-05,0.19882869641086334,0.6810497615798218,25,20,20
38,5107,0.1201073781153371,1.4163903361730822e-05,0.20348149476333205,0.6763969632179676,25,20,20
38,5108,0.12010737810513762,1.4163903357440714e-05,0.20348932222484709,0.6763891357666562,25,20,20
38,5109,0.12010737810513762,1.4163903357368049e-05,0.20348478358703623,0.6763936744044671,25,20,20
38,5110,0.1261967868607302,1.4163749956500641e-05,0.19739541596137586,0.6763936334279365,25,20,20
38,5111,0.12619678745040805,1.4163764098665875e-05,0.19751527206293445,0.6762737767225577,25,20,20
38,5112,0.12619678745036292,1.4163763856323176e-05,0.19714215394746928,0.6766468948383104,25,20,20
38,5113,0.12619678745036372,1.4163763860689878e-05,0.19714377901193392,0.6766452697738404,25,20,20
38,5114,0.1261943476658648,9.882918307362804e-08,0.1972264280521613,0.6765791254527894,25,20,20
38,5115,0.10675538369154612,1.253062956324402e-07,0.21666854788713777,0.6765759431150186,25,20,20
38,5116,0.1066867405774298,1.2479728931917881e-07,0.2167371938935749,0.6765759407317041,25,20,20
38,5117,0.1066867405776119,1.2479729361081653e-07,0.21673724966358954,0.6765758849615032,25,20,20
38,5118,0.10668673976800043,1.2479729124053544e-07,0.21341021797308707,0.6799029174616195,25,20,20
38,5119,0.10668673976800043,1.2479728690268503e-07,0.21314388561206188,0.6801692498226493,25,20,20
38,5120,0.10668673976799725,1.247972869766562e-07,0.21314380555194445,0.6801693298827697,25,20,20
38,5121,0.10668673976781831,1.2479728690217813e-07,0.21314831094950343,0.6801648244853898,25,20,20
38,5122,0.06761741023924443,7.077739964409686e-05,0.25214097449188844,0.6801708378692207,25,20,20
38,5123,0.06761741023924764,7.077739964417216e-05,0.25214256945945596,0.6801692429016499,25,20,20
38,5124,0.06761741023925083,7.07773996484638e-05,0.2521426522594753,0.6801691601016232,25,20,20
38,5125,0.06761741023925077,7.077739964417287e-05,0.25213616286151486,0.680175649499588,25,20,20
38,5126,0.06761740964939084,7.077738550200505e-05,0.25201271263712616,0.6802991003279789,25,20,20
38,5127,0.061854911332389476,7.080427736456677e-05,0.24985942050689072,0.6882148638833543,25,20,20
38,5128,0.061854996892809905,7.080824212972717e-05,0.24988076746676838,0.6881934273982911,25,20,20
38,5129,0.06185500532415547,7.080824261888732e-05,0.24988163631451055,0.6881925501187142,25,20,20
38,5130,0.061855421401551446,7.07100125525625e-05,0.2513894601697562,0.6866844084161392,25,20,20
38,5131,0.06185492275789803,7.071001203155286e-05,0.2514029646032142,0.6866714026268557,25,20,20
38,5132,0.06185492275789488,7.071001203155157e-05,0.25140296457809164,0.6866714026519811,25,20,20
38,5133,0.061854922768276914,7.0710011795538e-05,0.2513985027736654,0.6866758644462615,25,20,20
38,5134,0.06185492277744982,7.071002411503875e-05,0.256057747006614,0.6820166201918205,25,20,20
38,5135,0.08251384479158683,7.070196442037325e-05,0.24331442168670026,0.6741010315572921,25,20,20
38,5136,0.0825138447915868,7.070196442029798e-05,0.2433144523630266,0.6741010008809657,25,20,20
38,5137,0.07868678310253503,7.070196865110316e-05,0.24714151366442433,0.6741010012643887,25,20,20
38,5138,0.07868678310253503,7.070196865110319e-05,0.24714151367321377,0.674101001255599,25,20,20
38,5139,0.08247091752968048,7.070196444664027e-05,0.24335737963356777,0.6741010008723042,25,20,20
38,5140,0.08247091752968128,7.070196444664027e-05,0.2433641115732655,0.6740942689326057,25,20,20
38,5141,0.08247091754006221,7.070196468694538e-05,0.2433642435583786,0.6740941369368716,25,20,20
38,5142,0.0824709175412406,7.070196626957409e-05,0.2388239667675138,0.6786344137249749,25,20,20
38,5143,0.06774276438136222,7.068313050472403e-05,0.253552313701462,0.6786342387866702,25,20,20
38,5144,0.06774276438136216,7.068313050465134e-05,0.2535523450820793,0.6786342074060531,25,20,20
38,5145,0.06774276437101084,7.068311660252321e-05,0.25343345810524603,0.6787530944071398,25,20,20
38,5146,0.06774276437117167,7.068312891227139e-05,0.2581079806307154,0.6740785718691997,25,20,20
38,5147,0.06774276436079074,7.068312866767511e-05,0.25810314509437216,0.6740834074161686,25,20,20
38,5148,0.06774276436079076,7.06831286676758e-05,0.2580967358462225,0.6740898166643181,25,20,20
38,5149,0.06774276436078995,7.068312866767451e-05,0.25809665791627207,0.6740898945942695,25,20,20
38,5150,0.06774276435040785,7.068312865909252e-05,0.258096379564538,0.6740901729563943,25,20,20
38,5151,0.0677427643504047,7.068312865480137e-05,0.2580932983709819,0.6740932541499578,25,20,20
38,5152,0.06774276435040463,7.068312865480267e-05,0.2580917564911873,0.6740947960297524,25,20,20
38,5153,0.06694103282727246,3.052650834871485e-08,0.2589701498237274,0.6740887868224911,25,20,20
38,5154,0.0669410328271116,3.051419860135089e-08,0.25430013419156855,0.6787588024671207,25,20,20
38,5155,0.08230011917423012,3.087373224565217e-08,0.23894104748368267,0.6787588024683542,25,20,20
38,5156,0.0823001191650573,3.087351611523581e-08,0.23428172368935915,0.6834181262720668,25,20,20
38,5157,0.08230011916505733,3.08735189075624e-08,0.24825150996456158,0.6694483399968617,25,20,20
38,5158,0.08120602191823968,4.914865838390277e-08,0.24906696334381384,0.6697269655892876,25,20,20
38,5159,0.0812060219182397,4.914865838524686e-08,0.24906688995538812,0.6697270389777132,25,20,20
38,5160,0.0812060219182397,4.9148658311275035e-08,0.24907155180734641,0.6697223771257551,25,20,20
38,5161,0.07396847718314904,3.06250656242897e-08,0.2564913275945576,0.6695401645972271,25,20,20
38,5162,0.07396846875184901,3.062457661469473e-08,0.25648617497948867,0.6695453256440851,25,20,20
38,5163,0.07396846875184901,3.0624576613420554e-08,0.2564861740668372,0.6695453265567367,25,20,20
38,5164,0.07396846875184901,3.062457668734159e-08,0.25648841266207195,0.6695430879615019,25,20,20
38,5165,0.07396846875203392,3.062482074865793e-08,0.25658094029431744,0.6694505603288274,25,20,20
38,5166,0.07396846877804329,3.0694701608990595e-08,0.2790950448534807,0.6469364556737734,25,20,20
38,5167,0.07396861440668126,3.063497520047597e-08,0.2790956768940685,0.646935678064274,25,20,20
38,5168,0.07481948438784097,3.106875935964184e-08,0.27824480445445887,0.6469356800889386,25,20,20
38,5169,0.07481948439043594,3.1068999712550606e-08,0.27824900595715596,0.6469314785834063,25,20,20
38,5170,0.07481948439043594,3.106900400287599e-08,0.2782444251515329,0.6469360593890248,25,20,20
38,5171,0.07481948439061686,3.106899978633951e-08,0.27833510055471317,0.6468453839856682,25,20,20
38,5172,0.07481948439320424,3.1068995498620907e-08,0.27846071282552487,0.6467197717122734,25,20,20
38,5173,0.07481948439320424,3.1068991283325274e-08,0.2785900376923606,0.6465904468454418,25,20,20
38,5174,0.07488111651466282,5.669314463442536e-08,0.27852839388745293,0.6465904329047373,25,20,20
38,5175,0.07488111651466361,5.6693144633142315e-08,0.2785327212882151,0.6465861055039744,25,20,20
38,5176,0.07488111651466678,5.669314889488245e-08,0.27879897376623985,0.6463198530259422,25,20,20
38,5177,0.07488111651466678,5.669314889485928e-08,0.27879897375745066,0.6463198530347316,25,20,20
38,5178,0.07488111652486343,5.669291341634596e-08,0.27870884106872285,0.6464099857134982,25,20,20
38,5179,0.07488111652500319,5.669291326713711e-08,0.278716718958657,0.6464021078234243,25,20,20
38,5180,0.07488111652500008,5.669315358891607e-08,0.278457090471746,0.6466617363100979,25,20,20
38,5181,0.07488111652500008,5.6693153587664275e-08,0.2784569770869845,0.6466618496948595,25,20,20
38,5182,0.07488111652500087,5.6693153738154805e-08,0.2784635816010805,0.6466552451807627,25,20,20
38,5183,0.07488111652481919,5.6693153587964515e-08,0.27837151119596504,0.6467473155860598,25,20,20
38,5184,0.0748811165248192,5.669315358669036e-08,0.2783714264665093,0.6467474003155158,25,20,20
38,5185,0.07488111652481842,5.669315351270869e-08,0.27836497385753056,0.6467538529244955,25,20,20
38,5186,0.07491025546478211,5.6700567885291536e-08,0.2783358390576813,0.6467538487769666,25,20,20
38,5187,0.07491025546478289,5.670056795927321e-08,0.27834229166666014,0.646747396167987,25,20,20
38,5188,0.07491025561012574,5.6700331898048935e-08,0.27833583800680445,0.6467538496827357,25,20,20
38,5189,0.07491025561012567,5.670008738848874e-08,0.2783357377292976,0.6467539499604872,25,20,20
38,5190,0.07491025546218785,5.670007880567356e-08,0.278333287756414,0.6467564000813171,25,20,20
38,5191,0.07491025545963008,5.670007885068408e-08,0.2921966773470431,0.6328930104932458,25,20,20
38,5192,0.07491025544924852,5.6700070267904227e-08,0.29219432039006094,0.6328953674606179,25,20,20
38,5193,0.07491025544924858,5.67000701939327e-08,0.29219428702098754,0.6328954008296913,25,20,20
38,5194,0.07491025544924858,5.670007441026808e-08,0.2921878795004748,0.6329018083501999,25,20,20
38,5195,0.07491025544924777,5.6700074259753964e-08,0.2921813883465313,0.6329082995041443,25,20,20
38,5196,0.07480067897562388,6.184457618391325e-08,0.2922895873409174,0.6329096718388803,25,20,20
38,5197,0.07480067897562309,6.18445761839027e-08,0.2922830961728332,0.6329161630069653,25,20,20
38,5198,0.07480067897562312,6.184457618654371e-08,0.2922828691581167,0.6329163900216818,25,20,20
38,5199,0.07480067897548294,6.185838934851654e-08,0.2926468493486787,0.6325524098174469,25,20,20
38,5200,0.07480067897547975,6.18583892732278e-08,0.2926452294091713,0.6325540297569576,25,20,20
38,5201,0.07465486398017114,6.08147630914834e-08,0.29279237905212063,0.6325526961529432,25,20,20
38,5202,0.07465486398017439,6.081476316530324e-08,0.2928851568003425,0.632459918404718,25,20,20
38,5203,0.07460176468290566,6.469085782701906e-08,0.2800239492043626,0.6453742214218718,25,20,20
38,5204,0.07460176468290562,6.469086211660197e-08,0.28003055159215706,0.6453676190340731,25,20,20
38,5205,0.11426123472489204,6.468330288504074e-08,0.24037108156364717,0.6453676190281563,25,20,20
38,5206,0.11426123472494398,6.468330310961899e-08,0.24037129038372207,0.6453674102080293,25,20,20
38,5207,0.11426123473524412,6.468330311035731e-08,0.24068694197324456,0.6450517586082067,25,20,20
38,5208,0.08971767400094033,2.5106648868754005e-05,0.26520542144748016,0.6450517979027092,25,20,20
38,5209,0.08971771470978238,2.5106581348708288e-05,0.26866193855816894,0.6415952401506986,25,20,20
38,5210,0.08971771470978249,2.5106581348708264e-05,0.2686636198473619,0.6415935588615056,25,20,20
38,5211,0.0901684861397459,2.5102480446145976e-05,0.26821289124901954,0.6415935201307872,25,20,20
38,5212,0.09016848613974593,2.5102480446146224e-05,0.26808351225295807,0.6417228991268484,25,20,20
38,5213,0.08590704425629832,2.5102644202007078e-05,0.27227571681152013,0.6417921362879782,25,20,20
38,5214,0.09519750527170218,2.5102534607714063e-05,0.263081668532017,0.6416957236616722,25,20,20
38,5215,0.0951975052717477,2.5102534616293724e-05,0.26308629392904836,0.6416910982645867,25,20,20
38,5216,0.09519750527179323,2.51025346163677e-05,0.26308634157061045,0.6416910506229789,25,20,20
38,5217,0.09519752159003592,2.510253461632944e-05,0.28373554585840394,0.6210418300169426,25,20,20
38,5218,0.09519069503461422,3.597981926812709e-05,0.29664500795178855,0.6081283171943278,25,20,20
38,5219,0.09519068714700726,3.597981951700993e-05,0.2760075826664884,0.628765750366986,25,20,20
38,5220,0.09519068714696495,3.597981975299904e-05,0.27601178099480983,0.628761552038471,25,20,20
38,5221,0.09519068714700958,3.5979819757350504e-05,0.2761345760204083,0.6286387570128233,25,20,20
38,5222,0.09519068714705503,3.597982000148541e-05,0.2762268782309774,0.6285464548019646,25,20,20
38,5223,0.09519068714705259,3.597982024602551e-05,0.2761358361768216,0.6286374968558783,25,20,20
38,5224,0.0951906871470558,3.597982025031662e-05,0.27614053973298547,0.628632793299707,25,20,20
38,5225,0.09519060226744548,3.5975855484389424e-05,0.27313212085451055,0.6316413010225591,25,20,20
38,5226,0.09519060226744554,3.5975855484389424e-05,0.27313220126797616,0.6316412206090931,25,20,20
38,5227,0.09519060226744554,3.597585523984948e-05,0.27313707064324383,0.63163635123407,25,20,20
38,5228,0.09519060226740012,3.5975854999966186e-05,0.273417833755697,0.6313555881219023,25,20,20
38,5229,0.09798975856438603,3.597542920613164e-05,0.27061867991389105,0.6313555860925171,25,20,20
38,5230,0.0979897585646153,3.597986413632169e-05,0.2965608525894508,0.6054134089817985,25,20,20
38,5231,0.09798975856461534,3.5979864132072676e-05,0.2961877791430819,0.6057864824281716,25,20,20
38,5232,0.09798975871246383,3.597987807544282e-05,0.2961998924444053,0.6057743689650562,25,20,20
38,5233,0.0979897587124184,3.5979878071090036e-05,0.29607036280488797,0.6059038986046233,25,20,20
38,5234,0.09798975871260232,3.597987807535051e-05,0.2963610467283024,0.6056132146810209,25,20,20
38,5235,0.09798975871259914,3.597987807105935e-05,0.29635634208733563,0.605617919321995,25,20,20
38,5236,0.09798975871259911,3.597987807039542e-05,0.29647696113155214,0.6054973002777791,25,20,20
38,5237,0.09798975871264458,3.5979878074685074e-05,0.2964834866148608,0.6054907747944207,25,20,20
38,5238,0.10212734005686241,3.597980490934693e-05,0.2924151420731587,0.6054215380650703,25,20,20
38,5239,0.10212734005686241,3.597980491363724e-05,0.29241525681567,0.6054214233225548,25,20,20
38,5240,0.10212734005686169,3.597980491785442e-05,0.29241335391103257,0.6054233262271886,25,20,20
38,5241,0.1021273399089621,3.597979097440894e-05,0.2924057324357341,0.60543094786433,25,20,20
38,5242,0.10212733989866195,3.597979097448207e-05,0.29246306875458605,0.6053736115557783,25,20,20
38,5243,0.10212733989861646,3.597979121472977e-05,0.29245815279805176,0.6053785275121176,25,20,20
38,5244,0.10212733989861646,3.597979121458064e-05,0.29208513005613196,0.6057515502540377,25,20,20
38,5245,0.10212733989861646,3.5979791214657217e-05,0.2920898319001446,0.6057468484100249,25,20,20
38,5246,0.08699274895175739,1.093846192057028e-05,0.3072495005205558,0.6057468120657659,25,20,20
38,5247,0.08699274895175732,1.0938461916279126e-05,0.30724479835585955,0.6057515142304665,25,20,20
38,5248,0.08699274895175732,1.0938461916279172e-05,0.3072447988650795,0.6057515137212465,25,20,20
38,5249,0.10093156563637778,1.094023588398519e-05,0.2997273533222257,0.5993301408055117,25,20,20
38,5250,0.10093156563637859,1.0940235884059732e-05,0.30010035818259334,0.5989571359451432,25,20,20
38,5251,0.099045477409772,1.0976878140012694e-05,0.30198141892514074,0.5989621267869463,25,20,20
38,5252,0.09904547740972695,1.0976864326850675e-05,0.3016073201025484,0.5993362256233967,25,20,20
38,5253,0.09904546897909118,1.0976864078004794e-05,0.30159551384666533,0.5993480403101645,25,20,20
38,5254,0.09904546897909118,1.0976864073713206e-05,0.30159531802448025,0.5993482361323539,25,20,20
38,5255,0.08936804020899743,1.0975978210107554e-05,0.31129329482391926,0.5993276889888723,25,20,20
38,5256,0.08502518595016959,1.1182253863435453e-05,0.3156409137484091,0.5993227180475578,25,20,20
38,5257,0.08502518595016959,1.1182253863435477e-05,0.3156409137607464,0.5993227180352204,25,20,20
38,5258,0.08502518595021512,1.1182253872016056e-05,0.31564743906074944,0.5993161927351633,25,20,20
38,5259,0.08502518595021746,1.1182253871866813e-05,0.31564284605453885,0.5993207857413716,25,20,20
38,5260,0.08502518595046679,1.1177896699197445e-05,0.3156428929909031,0.5993207431619304,25,20,20
38,5261,0.08502518595046492,1.1177896695084941e-05,0.31535234444622434,0.5996112917066149,25,20,20
38,5262,0.0850251859504618,1.1177896695160208e-05,0.3153523559421814,0.5996112802106609,25,20,20
38,5263,0.08502518595046168,1.1177896695158912e-05,0.31535064635728177,0.5996129897955603,25,20,20
38,5264,0.08502518595046168,1.117789645054631e-05,0.31535053161079296,0.5996131045422939,25,20,20
38,5265,0.08502518595046168,1.117789645054629e-05,0.31535045115566024,0.5996131849974266,25,20,20
38,5266,0.08145313000232562,1.1151890236160368e-05,0.3189150757543062,0.59962064235313,25,20,20
38,5267,0.08145390858001676,1.1151923929590513e-05,0.2872400679775188,0.6312948715185331,25,20,20
38,5268,0.09735267665470221,1.1151447150758298e-05,0.27134876073377223,0.6312874111643736,25,20,20
38,5269,0.09735267665470221,1.1151447150683007e-05,0.27134875930436375,0.6312874125937822,25,20,20
38,5270,0.09370983534998155,1.1166114274729527e-05,0.27499144850124774,0.6312875500344947,25,20,20
38,5271,0.0894507655076337,1.1166273055623454e-05,0.27525062264177635,0.6352874455775332,25,20,20
38,5272,0.08945076550763455,1.1166273055697495e-05,0.2752507372429182,0.6352873309763903,25,20,20
38,5273,0.0894507655076353,1.116627305991185e-05,0.2752572611875304,0.6352808070317731,25,20,20
38,5274,0.08945076556551135,1.1170625962476776e-05,0.2752572810775186,0.6352807827310065,25,20,20
38,5275,0.0894507655655114,1.117062596684296e-05,0.2752638849123549,0.6352741788961659,25,20,20
38,5276,0.0894507655655114,1.1170625966844256e-05,0.2752638862997811,0.6352741775087396,25,20,20
38,5277,0.0895735592314244,4.736596789126039e-07,0.27515270158182475,0.6352732655270722,25,20,20
38,5278,0.08957355923142123,4.736594350064695e-07,0.2750231797343405,0.6354027873748037,25,20,20
38,5279,0.08957355982313155,4.736596796036506e-07,0.2750214669468783,0.6354044995703111,25,20,20
38,5280,0.08957355982313155,4.7365967960365044e-07,0.2750261667607711,0.6353997997564182,25,20,20
38,5281,0.11908965296041384,4.727715787688603e-07,0.24551700636643273,0.635392867901575,25,20,20
38,5282,0.11908965296036829,4.727715701882812e-07,0.24551202152970197,0.6353978527383598,25,20,20
38,5283,0.11908965296036829,4.7277157018953293e-07,0.24551210209583071,0.6353977721722311,25,20,20
38,5284,0.11908965296036911,4.727715702648349e-07,0.24551862806329186,0.6353912462047692,25,20,20
38,5285,0.1190896529603775,4.7277221252375636e-07,0.2836642405605009,0.5972456337069078,25,20,20
38,5286,0.1190896529603767,4.7277221673877103e-07,0.2836578307617223,0.597252043505683,25,20,20
38,5287,0.11908965297075844,4.7277221259773473e-07,0.2836593466841728,0.5972505275728548,25,20,20
38,5288,0.11908965297075844,4.7277221267170575e-07,0.2836594605732637,0.5972504136837639,25,20,20
38,5289,0.08727254469358069,2.3023106025481824e-07,0.31547683061973436,0.5972503944556233,25,20,20
38,5290,0.08513762829141498,2.386619095832126e-07,0.32161161425864265,0.593250518788032,25,20,20
38,5291,0.08513762829141498,2.3866191394809795e-07,0.3216165978769208,0.5932455351697498,25,20,20
38,5292,0.08513762829141495,2.3866191387284167e-07,0.3216165978804451,0.5932455351662256,25,20,20
38,5293,0.0851376282914149,2.38661913948101e-07,0.3216196767569114,0.5932424562897591,25,20,20
38,5294,0.08513762828103395,2.3866191387411195e-07,0.3216180814900442,0.5932440515670073,25,20,20
38,5295,0.08501280436063872,3.3285747408783745e-08,0.32174311109459436,0.5932440512590186,25,20,20
38,5296,0.08501280436063872,3.3285747407486157e-08,0.32174311108556397,0.5932440512680492,25,20,20
38,5297,0.08501280436068342,3.328575589639646e-08,0.3214623440034491,0.593524818350111,25,20,20
38,5298,0.08501280436321597,3.407517870101529e-08,0.3216396513195596,0.5933475102420449,25,20,20
38,5299,0.08501280436339685,3.407541733044645e-08,0.32189939882459656,0.5930877627365887,25,20,20
38,5300,0.12399628127793032,3.343902904818101e-08,0.282915925526864,0.5930877597561756,25,20,20
38,5301,0.12399628127793032,3.3439033264526536e-08,0.28291600490711144,0.593087680375924,25,20,20
38,5302,0.1239963003605479,4.5936916785339436e-06,0.28294915888158345,0.5930499470661892,25,20,20
38,5303,0.12217144456743963,2.0767588113710576e-05,0.2847578414661124,0.5930499463783333,25,20,20
38,5304,0.12217144456743963,2.076758811363663e-05,0.2847577286618045,0.5930500591826413,25,20,20
38,5305,0.12217144456743963,2.0767588113635922e-05,0.28512613038722606,0.5926816574572198,25,20,20
38,5306,0.12217144456743968,2.076758811356139e-05,0.2847531093199577,0.5930546785244882,25,20,20
38,5307,0.1284425031626812,2.0759174421472697e-05,0.2784820790222381,0.5930546586406584,25,20,20
38,5308,0.1284425047390867,2.0759210926866883e-05,0.27846705618318834,0.5930696798667972,25,20,20
38,5309,0.12844250509426391,2.0759216849891727e-05,0.27853568725865135,0.5930010484302338,25,20,20
38,5310,0.12844250637693488,2.075917971869252e-05,0.28034541982300926,0.591191314620335,25,20,20
38,5311,0.12844329100094712,4.591007760006795e-06,0.2803608037691962,0.5911913142220947,25,20,20
38,5312,0.12844329100094637,4.591007760004991e-06,0.2803653106267499,0.5911868073645415,25,20,20
38,5313,0.12847381262173654,4.591007974360751e-06,0.2803347890062653,0.5911868073640221,25,20,20
38,5314,0.11262869109419503,4.591003217473497e-06,0.29617977339895984,0.5911869445036256,25,20,20
38,5315,0.11262869109419583,4.591003217550064e-06,0.2961798898767309,0.5911868280258537,25,20,20
38,5316,0.1126286910941535,4.5910032133356794e-06,0.2961733663968697,0.5911933515057614,25,20,20
38,5317,0.11262869109415345,4.591003213335498e-06,0.29617526875224504,0.591191449150386,25,20,20
38,5318,0.11261996854841845,4.577100037757729e-06,0.25864298662090085,0.628732467730641,25,20,20
38,5319,0.1126199658218606,4.577100020857774e-06,0.2586916239459245,0.6286838331321917,25,20,20
38,5320,0.11261996697489308,4.574758720641267e-06,0.25684216763595136,0.6305332906304328,25,20,20
38,5321,0.1126199079811847,1.4396888019185452e-05,0.2568541188491002,0.6305115762816941,25,20,20
38,5322,0.11261990006669174,1.4396115921780617e-05,0.25466162587646674,0.6327040779409175,25,20,20
38,5323,0.11261989851037743,1.443887573924514e-05,0.21690629885230536,0.6704593637615757,25,20,20
38,5324,0.11261989851037738,1.4438875739246414e-05,0.21691091864678,0.6704547439671011,25,20,20
38,5325,0.1126164227885219,1.577725401012004e-05,0.21654765747140842,0.6708201424860576,25,20,20
38,5326,0.1126164227782423,1.573239890971526e-05,0.21615244982296283,0.6712153949998833,25,20,20
38,5327,0.11266855424040502,7.136535813379334e-05,0.2157108928991145,0.671549187502345,25,20,20
38,5328,0.11266855424040502,7.136535813379463e-05,0.2157108935922648,0.6715491868091945,25,20,20
38,5329,0.11266855424040821,7.136535813808446e-05,0.21571089593723788,0.6715491844642141,25,20,20
38,5330,0.11038182793207206,7.241580273028555e-05,0.21799164520617967,0.6715541110590173,25,20,20
38,5331,0.11038182793188993,7.241580273013756e-05,0.2179915213494592,0.6715542349159199,25,20,20
38,5332,0.11038182793204276,7.241581449873447e-05,0.22424100494533664,0.6653047513081211,25,20,20
38,5333,0.11038182793204596,7.24158147433167e-05,0.22424770751552703,0.6652980487376828,25,20,20
38,5334,0.11031155624651783,7.241581576892644e-05,0.224250592462221,0.6653654354754905,25,20,20
38,5335,0.11031155624651783,7.241581576471075e-05,0.22424406902310348,0.6653719589146124,25,20,20
38,5336,0.11653395161081873,7.241581574068675e-05,0.21802167401839867,0.66537195855504,25,20,20
38,5337,0.11653395243343066,7.241586962131806e-05,0.21802167314179108,0.665371958555156,25,20,20
38,5338,0.10103674170435467,7.241607947102954e-05,0.23351888265949178,0.6653719595566814,25,20,20
38,5339,0.10103674170453958,7.241607947531112e-05,0.2336064844341654,0.6652843577818187,25,20,20
38,5340,0.10052502275637423,7.241608113063726e-05,0.23411820296005512,0.665284358202439,25,20,20
38,5341,0.10052502275637423,7.241608113492627e-05,0.23411835823380595,0.6652842029286836,25,20,20
38,5342,0.1030270764547428,7.136547162039026e-05,0.2316222804392088,0.665279277634427,25,20,20
38,5343,0.1030270764547428,7.136547162046424e-05,0.23162239324333986,0.6652791648302957,25,20,20
38,5344,0.10302628872521451,7.136543792229618e-05,0.22329745234572562,0.6736048934911372,25,20,20
38,5345,0.10302628872521452,7.13654381652905e-05,0.22355910255594305,0.673343243280677,25,20,20
38,5346,0.10302628872521771,7.136543840408608e-05,0.22380419517782268,0.6730981506585555,25,20,20
38,5347,0.10302628872521769,7.136543839979445e-05,0.2238039979331813,0.6730983479032011,25,20,20
38,5348,0.08244959782846516,7.136597004412362e-05,0.24437489818321062,0.6731041380182797,25,20,20
38,5349,0.08244959782846512,7.13659700441236e-05,0.2443814622924335,0.673097573909057,25,20,20
38,5350,0.08244959782846431,7.13659700441236e-05,0.2443814274819612,0.6730976087195302,25,20,20
38,5351,0.08244959782828659,7.13659700399358e-05,0.244115170266346,0.6733638659353273,25,20,20
38,5352,0.08244959782828346,7.136597003993582e-05,0.24411520120607783,0.6733638349955987,25,20,20
38,5353,0.08246693200471027,7.002140905132862e-05,0.24446461008360976,0.6729984365026289,25,20,20
38,5354,0.08241601842837509,6.5760520092551134e-09,0.24491935201032525,0.6726646229852469,25,20,20
38,5355,0.08241601842819771,4.674832107559871e-08,0.24918269833434295,0.6684012364891376,25,20,20
38,5356,0.08241601842832949,4.675840981011906e-08,0.26024115016669286,0.6573427846465669,25,20,20
38,5357,0.08241601783661837,4.6758160924610146e-08,0.26024091965912055,0.6573430157460994,25,20,20
38,5358,0.08241601783404033,4.596872955913208e-08,0.25997134120544624,0.6576125949917829,25,20,20
38,5359,0.08241601784442026,4.596873120954376e-08,0.2597135708839623,0.6578703653028852,25,20,20
38,5360,0.082418219085959,2.3540385146617035e-07,0.2597111639812433,0.6578703815289454,25,20,20
38,5361,0.0824182529324162,2.3619795735177184e-07,0.24887757799759694,0.6687039328720286,25,20,20
38,5362,0.12057641988974856,2.55447874080485e-07,0.21071939022041708,0.6687039344419594,25,20,20
38,5363,0.12108252439964923,2.5544630119265103e-07,0.21021328613257187,0.668703934021477,25,20,20
38,5364,0.12108252440224446,2.554465500761566e-07,0.2102134221854154,0.6687037979657895,25,20,20
38,5365,0.12108252455017242,2.554467989593873e-07,0.2102182229209428,0.6686989970820852,25,20,20
38,5366,0.12108252453979247,2.554465543133692e-07,0.21020972178650613,0.6687074982271465,25,20,20
38,5367,0.12202818895450351,2.554374530726034e-07,0.2092640574250238,0.668707498183019,25,20,20
38,5368,0.12202818895449996,2.1526494101066866e-07,0.20473435883620575,0.6732372369443526,25,20,20
38,5369,0.12287346030804114,1.9551060550992768e-07,0.20388910888981612,0.6732372352915366,25,20,20
38,5370,0.12287346030804114,1.9551060550990532e-07,0.20388914230844354,0.673237201872909,25,20,20
38,5371,0.12287346195274615,1.9886839131410657e-07,0.20395574938542776,0.673170589793434,25,20,20
38,5372,0.12384445447247554,1.9886250157240733e-07,0.20298475687208598,0.6731705897929363,25,20,20
38,5373,0.12384445447904051,2.2831355944687653e-07,0.21688879152583304,0.6592665256815664,25,20,20
38,5374,0.12384445447889,2.2830179933014858e-07,0.2107687216349502,0.66538659558436,25,20,20
38,5375,0.12384445447889,2.283017993288511e-07,0.21076219790228282,0.6653931193170274,25,20,20
38,5376,0.12384445433096204,2.2830155044302487e-07,0.2107573166566993,0.6653980007107877,25,20,20
38,5377,0.12089338188097049,2.275613491942904e-07,0.20534327995730514,0.6737631106003742,25,20,20
38,5378,0.12089338188097047,2.275613491929695e-07,0.20534316540488556,0.673763225152794,25,20,20
38,5379,0.12061544957983329,2.2756123854832897e-07,0.2056210976769932,0.6737632251819342,25,20,20
38,5380,0.1206154495798787,2.2756124275084353e-07,0.20575054434652554,0.6736337785123523,25,20,20
38,5381,0.12061544957983332,2.2756123854835126e-07,0.20562113052064324,0.6737631923382843,25,20,20
38,5382,0.12062104126409785,2.275611561274023e-07,0.2056155388365972,0.6737631923381485,25,20,20
38,5383,0.12062104127447953,2.2756116471162424e-07,0.20561737054594947,0.673761360618406,25,20,20
38,5384,0.12062104127188433,2.2756091582811896e-07,0.20561253670581625,0.6737661944613833,25,20,20
38,5385,0.15577671867657,2.2756100964817697e-07,0.17045685928757578,0.6737661944748444,25,20,20
38,5386,0.15577671867656692,2.275610096492989e-07,0.17054907161471955,0.6736739821477038,25,20,20
38,5387,0.15577451668392625,2.824763013778351e-07,0.1705512349118402,0.6736739659279322,25,20,20
38,5388,0.1557745166839263,2.8247630564087165e-07,0.17081756766900363,0.6734076331707645,25,20,20
38,5389,0.1557744828373405,2.8167211109551756e-07,0.17085904997869877,0.6733661855118496,25,20,20
38,5390,0.15577448045688833,2.817788966163626e-07,0.17913433343138985,0.6650909043328249,25,20,20
38,5391,0.15577448045688513,2.817788966168637e-07,0.17886810113519394,0.665357136629024,25,20,20
38,5392,0.15577447857259025,2.7843176855136624e-07,0.1450394387075117,0.6991858042881293,25,20,20
38,5393,0.15606760891700355,2.784316574601833e-07,0.14474630839234132,0.6991858042589975,25,20,20
38,5394,0.1560676089170036,2.7843165746277917e-07,0.14474633699910966,0.6991857756522291,25,20,20
38,5395,0.15606760891700358,2.784316574627791e-07,0.14475293777739692,0.6991791748739417,25,20,20
38,5396,0.1560676089170036,2.784316574654433e-07,0.14475309175399337,0.6991790208973451,25,20,20
38,5397,0.15606760891700366,2.784316575380857e-07,0.14475118883188298,0.6991809238194554,25,20,20
38,5398,0.1560676089170037,2.784316576859816e-07,0.14475115063084457,0.6991809620204937,25,20,20
38,5399,0.15606760890680335,2.7844553255719394e-07,0.14492185269580626,0.6990102599518575,25,20,20
38,5400,0.15606760891718385,2.784455326338173e-07,0.1449284338612885,0.6990036787759945,25,20,20
38,5401,0.15606760780455217,2.7833725191588727e-07,0.14246686566602834,0.7014652481921669,25,20,20
38,5402,0.14967771616007522,5.249560211011691e-07,0.14885649143217022,0.701465267451733,25,20,20
38,5403,0.1496777161496948,5.249699632625721e-07,0.14885369695106113,0.7014680619292804,25,20,20
38,5404,0.14967771552187875,5.249579676812544e-07,0.1428128094789509,0.7075089500412023,25,20,20
38,5405,0.14967771552187556,5.249579591257327e-07,0.142683279199702,0.7076384803204628,25,20,20
38,5406,0.14967771552187634,5.249582021209907e-07,0.1429449114040099,0.7073768481159113,25,20,20
38,5407,0.14967771552187867,5.249579590517925e-07,0.14268337562230884,0.7076383838978529,25,20,20
38,5408,0.1535551058764871,5.249578612497602e-07,0.13880598527368687,0.7076383838919643,25,20,20
38,5409,0.1535551058764871,5.249578611758123e-07,0.13880589647190805,0.7076384726937432,25,20,20
38,5410,0.15344077395524303,2.8258406417452373e-07,0.13892049139544674,0.7076384520652457,25,20,20
38,5411,0.14319391004917637,2.7916423093282856e-07,0.14916730090739067,0.7076385098792016,25,20,20
38,5412,0.143188277848056,2.7916579903215653e-07,0.14917293309200244,0.7076385098941426,25,20,20
38,5413,0.18285253750387803,2.7988649550388793e-07,0.10951951422168366,0.7076276683879429,25,20,20
38,5414,0.18285253750387484,2.798862509943317e-07,0.10951751101213317,0.7076296715977413,25,20,20
38,5415,0.18285253750387798,2.798862509216692e-07,0.1095240329543747,0.7076231496554964,25,20,20
38,5416,0.1822246059806098,2.84877523482432e-07,0.11015195866683503,0.7076231504750318,25,20,20
38,5417,0.18222460598060977,2.8487752348113383e-07,0.11015185101670236,0.7076232581251647,25,20,20
38,5418,0.18222460601227128,2.848775363085218e-07,0.10801032963330648,0.7097647794768861,25,20,20
38,5419,0.18278568877801965,2.7988469611257897e-07,0.10744925269487203,0.7097647786424122,25,20,20
38,5420,0.1827856887780196,2.798707538732771e-07,0.10744535155103288,0.7097686798001938,25,20,20
38,5421,0.18278568877784143,2.798568747840262e-07,0.10727942372477511,0.7099346076405086,25,20,20
38,5422,0.18278573567736775,2.8334559274388837e-07,0.10727937333644028,0.7099346076406006,25,20,20
38,5423,0.18278573567741,2.833458365736714e-07,0.1074045310440922,0.7098094499326626,25,20,20
38,5424,0.1827857356775921,2.833458408661005e-07,0.10740923686384334,0.7098047441127251,25,20,20
38,5425,0.18278588844030177,2.8334586787949125e-07,0.10740908410123301,0.7098047441125988,25,20,20
38,5426,0.18293699130113775,2.827239648099337e-07,0.10725803902627,0.7098046869486286,25,20,20
38,5427,0.1829369913011833,2.827239649604925e-07,0.10726477424818896,0.7097979517266638,25,20,20
38,5428,0.14454020061538106,3.289652960863475e-07,0.14566129443110096,0.7097981759882227,25,20,20
38,5429,0.12167410300974246,3.289998292393359e-07,0.1685273918001621,0.7097981761902662,25,20,20
38,5430,0.12167410300956036,3.289998250964423e-07,0.16878901890048367,0.709536549090131,25,20,20
38,5431,0.12010975630055096,2.827736213721887e-07,0.1703536319887267,0.7095363289371011,25,20,20
38,5432,0.12010975689089459,2.827733818239915e-07,0.1703179691931393,0.7095719911425843,25,20,20
38,5433,0.1201097568908946,2.827736221558841e-07,0.17005647142291877,0.7098334889125644,25,20,20
38,5434,0.12010975689089382,2.8277361787685214e-07,0.16992694186645324,0.7099630184690349,25,20,20
38,5435,0.08018364592498328,2.8277374929942136e-07,0.20985305275432448,0.709963018546942,25,20,20
38,5436,0.08018364592498017,2.8277374500982406e-07,0.2098487248813559,0.7099673464199181,25,20,20
38,5437,0.08316915989242815,0.00026590834385154097,0.20533155051900054,0.7112333812447189,25,20,20
38,5438,0.057667222145474845,0.0002659078760850386,0.23083348817949426,0.7112333817989441,25,20,20
38,5439,0.05766734521039338,0.0002659079269373697,0.23548636287802135,0.706580383984647,25,20,20
38,5440,0.05766734521043582,0.00026590792669865104,0.23523849519603662,0.706828251666828,25,20,20
38,5441,0.05766734521043582,0.0002659079266985041,0.23497227720348202,0.7070944696593827,25,20,20
38,5442,0.05766734535787406,0.0002659079405943195,0.2351095386550875,0.7069572080464431,25,20,20
38,5443,0.05766734521043582,0.000265907926698578,0.23497236600526109,0.7070943808576036,25,20,20
38,5444,0.05766734521043581,0.0002659079267028668,0.23496809501893984,0.7070986518439207,25,20,20
38,5445,0.057667345210435796,0.0002659079267028655,0.23496809498364626,0.7070986518792145,25,20,20
38,5446,0.057667345210438974,0.0002659079267070533,0.23522972667973338,0.7068370201831203,25,20,20
38,5447,0.057667345210438974,0.0002659079267069793,0.23522975806075988,0.7068369888020939,25,20,20
38,5448,0.057667345210438974,0.00026590792670705323,0.23522987192550882,0.7068368749373448,25,20,20
38,5449,0.057667345210393496,0.000265907926706904,0.23522321920553974,0.7068435276573595,25,20,20
38,5450,0.0576673452036437,0.0002658784756446753,0.221226958905681,0.7208398174150302,25,20,20
38,5451,0.057667345203643715,0.0002658784756404888,0.22096070988211644,0.721106066438599,25,20,20
38,5452,0.05766734520364689,0.0002658784756447049,0.22096296647340702,0.721103809847301,25,20,20
38,5453,0.05766734520364683,0.0002658784754001125,0.22095813365143985,0.7211086426695128,25,20,20
38,5454,0.04432049808058081,0.0002658786522811541,0.2339384466536806,0.7214751766134567,25,20,20
38,5455,0.04432049808076291,0.0002658786522811554,0.23394853335322263,0.7214650899137327,25,20,20
38,5456,0.0443204980807597,0.0002658786522767887,0.23394632044485728,0.7214673028221056,25,20,20
38,5457,0.0443204980807597,0.0002658786522767861,0.23394643221561698,0.7214671910513459,25,20,20
38,5458,0.04432049808080516,0.00026587865252139487,0.23394651666264565,0.7214671066040271,25,20,20
38,5459,0.04432049808080516,0.0002658786525213961,0.23394659772789603,0.7214670255387771,25,20,20
38,5460,0.044320498080850694,0.00026587866646207237,0.23395465859652695,0.7214589646561598,25,20,20
38,5461,0.04432049808089622,0.0002658786667066683,0.23395942866917496,0.7214541945832217,25,20,20
38,5462,0.04432049808089621,0.00026587866670674227,0.23395939209101993,0.7214542311613766,25,20,20
38,5463,0.044320506453101795,0.00026587866694949974,0.2342433397939947,0.7211702750859535,25,20,20
38,5464,0.04350624010625161,0.0006359564162318125,0.23505406294070824,0.7208037405368077,25,20,20
38,5465,0.04350624010643375,0.0006359564162319631,0.2350540743593108,0.7208037291180228,25,20,20
38,5466,0.0435062401066127,0.0006359564164765573,0.23505873260335083,0.7207990708735594,25,20,20
38,5467,0.04350623951622362,0.0006359564164722747,0.23496444082848497,0.7208933632388185,25,20,20
38,5468,0.08279004927896136,0.0006519427658460624,0.19566462089352846,0.7208933870616636,25,20,20
38,5469,0.0827900492789167,0.0006519427519053876,0.19565656531879902,0.7209014426503785,25,20,20
38,5470,0.0827900492789167,0.0006519427519053123,0.19565645004228188,0.7209015579268958,25,20,20
38,5471,0.0827900492789207,0.000651942751905389,0.1956564865115593,0.7209015214576142,25,20,20
38,5472,0.08279004927892064,0.0006519427519053135,0.1956563730395429,0.7209016349296309,25,20,20
38,5473,0.08279004090666943,0.0006519427516582649,0.1953686769804959,0.7211893393611761,25,20,20
38,5474,0.08279004090671459,0.0006519435398889129,0.1956985513145648,0.7208594642388314,25,20,20
38,5475,0.08279004090671453,0.0006519435398889129,0.19569855036271291,0.7208594651906836,25,20,20
38,5476,0.08279004090666936,0.0006519427516582649,0.1953686754530564,0.7211893408886157,25,20,20
38,5477,0.08481467095983128,0.00038646579077911467,0.19487553664966206,0.7199233265997269,25,20,20
38,5478,0.08481467095983042,0.00038646579077903807,0.1948754154937342,0.7199234477556555,25,20,20
38,5479,0.08481467095983042,0.00038646579077903807,0.19487544251971756,0.7199234207296723,25,20,20
38,5480,0.08481467095983042,0.00038646579078328966,0.19524846486020395,0.7195503983891817,25,20,20
38,5481,0.0848146709597849,0.0003864657905386804,0.1955124346913538,0.719286428558322,25,20,20
38,5482,0.0848146709597849,0.0003864657905428963,0.1955170557399792,0.7192818075096925,25,20,20
38,5483,0.0848146709599669,0.0003864657905428951,0.19542949726532224,0.7193693659841675,25,20,20
38,5484,0.08481467095996291,0.0003864657905428185,0.19543598673280838,0.7193628765166855,25,20,20
38,5485,0.08481467095996292,0.0003864657905428185,0.19543602473116953,0.7193628385183243,25,20,20
38,5486,0.08481467095996288,0.0003864657905428925,0.195440685221382,0.7193581780281117,25,20,20
38,5487,0.08481467095996292,0.0003864657905470336,0.19543618059256598,0.7193626826569235,25,20,20
38,5488,0.08481467095996292,0.0003864657905469601,0.1955429514987382,0.7192559117507514,25,20,20
38,5489,0.0848146709599693,0.00038646579055124313,0.19563547904073164,0.7191633842087474,25,20,20
38,5490,0.0814610989057519,0.0003868752937332845,0.1989886662070134,0.7191633595935008,25,20,20
38,5491,0.08146109890579412,0.00038687529397720864,0.19901008154926675,0.7191419442509612,25,20,20
38,5492,0.08146109890579412,0.00038687529398149747,0.19863925725280507,0.7195127685474187,25,20,20
38,5493,0.08146109890561198,0.0003868752939814248,0.19864112458008765,0.7195109012203182,25,20,20
38,5494,0.08146109890542987,0.0003868752939812756,0.19864096142691362,0.7195110643736746,25,20,20
38,5495,0.08146109890542669,0.0003868752939770597,0.19863637315764174,0.7195156526429537,25,20,20
38,5496,0.08146098059369895,0.000387039328559753,0.19614031710346091,0.72201166297428,25,20,20
38,5497,0.08146098059370216,0.0003870393285640418,0.1961360848573311,0.7220158952204023,25,20,20
38,5498,0.08146098059370219,0.0003870393285641171,0.19613613947214753,0.722015840605586,25,20,20
38,5499,0.08146098059374741,0.0003870393288113745,0.1963958853104483,0.7217560947669927,25,20,20
38,5500,0.08146098059374741,0.00038703932881145104,0.1964024900748354,0.7217494900026054,25,20,20
38,5501,0.08146098059356534,0.00038703932881152504,0.19639699077348793,0.7217549893041347,25,20,20
38,5502,0.08146098059356532,0.0003870393288114485,0.19639038601919928,0.7217615940584234,25,20,20
38,5503,0.08146098059614675,0.0003870393426575997,0.19665313165985857,0.7214988484013365,25,20,20
38,5504,0.0814609805961467,0.00038703934266189,0.19665327187371198,0.721498708187479,25,20,20
38,5505,0.1206527329057011,0.00038703916944268996,0.15746042298773616,0.7214998049371196,25,20,20
38,5506,0.12065273290570429,0.0003870391696872855,0.1574651651201551,0.721495062804453,25,20,20
38,5507,0.12065273290570429,0.0003870391696873608,0.15746513372887336,0.7214950941957347,25,20,20
38,5508,0.1206527329057011,0.00038703916968306935,0.15746299181185264,0.7214972361127627,25,20,20
38,5509,0.12065273290588324,0.0003870391696831447,0.1574646151765221,0.721495612747911,25,20,20
38,5510,0.12065273290588331,0.000387039169683184,0.15709811777924887,0.7218621101451842,25,20,20
38,5511,0.12065273290588012,0.0003870391696788939,0.1571023500641209,0.7218578778603199,25,20,20
38,5512,0.12065273290588328,0.00038703916992295395,0.15719441615386961,0.7217658117703237,25,20,20
38,5513,0.12065273290588648,0.00038703916992295265,0.1575101436402542,0.7214500842839361,25,20,20
38,5514,0.1206527329057044,0.0003870391696782844,0.15750540431103016,0.7214548236135867,25,20,20
38,5515,0.1206527329056558,0.0003870391694300786,0.15776458071629196,0.7211956472086218,25,20,20
38,5516,0.112555775359353,0.0003708006283190608,0.1658756811699923,0.7211977428423356,25,20,20
38,5517,0.11255577535935296,0.00037080062832339604,0.16614201101750223,0.7209314129948212,25,20,20
38,5518,0.11255577535917084,0.0003708006283232468,0.1665134238987661,0.7205600001137397,25,20,20
38,5519,0.1125557753591708,0.0003708006283232481,0.16651345740155274,0.7205599666109531,25,20,20
38,5520,0.11255577535917079,0.0003708006283232468,0.16614033880305445,0.7209330852094514,25,20,20
38,5521,0.11255577535935123,0.00037080062856976445,0.16651335686904786,0.720560067143031,25,20,20
38,5522,0.11920140546053982,0.0003708006549680634,0.15986983432023652,0.7205579595642554,25,20,20
38,5523,0.11920140546058536,0.0003708006549723561,0.15987220047082118,0.720555593413621,25,20,20
38,5524,0.10881423179220663,0.00037101682936877613,0.1702592252137713,0.720555526164653,25,20,20
38,5525,0.10881423179220663,0.00037101682936877613,0.1702592252484904,0.7205555261299339,25,20,20
38,5526,0.11233407222718919,0.0003710172864113901,0.1667393843654177,0.720555526120981,25,20,20
38,5527,0.11233407222718915,0.0003710172864097472,0.16702021017716004,0.7202747003092402,25,20,20
38,5528,0.11239649901733621,0.0003710168373678082,0.16695778387359717,0.7202747002716979,25,20,20
38,5529,0.11239649901733623,0.0003710168373636671,0.1669641921152218,0.7202682920300774,25,20,20
38,5530,0.11196546363997584,0.0003710170168835031,0.1673952029196464,0.7202683164234936,25,20,20
38,5531,0.11196546363993061,0.0003710170166405368,0.167133554207005,0.7205299651364231,25,20,20
38,5532,0.11196546363988508,0.00037101701663624546,0.16713118935276616,0.7205323299907117,25,20,20
38,5533,0.11196546363988187,0.00037101701663624546,0.16681553834162088,0.7208479810018602,25,20,20
38,5534,0.11196546363988266,0.00037101701663632005,0.1671885412002311,0.7204749781432491,25,20,20
38,5535,0.11196546364006471,0.0003710170166404622,0.16718430823115246,0.7204792111121416,25,20,20
38,5536,0.11196546364006474,0.00037101701688076546,0.16718900080435592,0.7204745185386977,25,20,20
38,5537,0.11196546364247953,0.0003710170168830574,0.1668207040189269,0.7208428153217096,25,20,20
38,5538,0.11196546364248272,0.00037101701688320665,0.1668142218157151,0.7208492975249182,25,20,20
38,5539,0.11371813328806692,0.0003710220580221402,0.16506153458712938,0.7208493100667809,25,20,20
38,5540,0.11371813328806692,0.00037102205801784876,0.16506153517163152,0.7208493094822831,25,20,20
38,5541,0.12403786550061534,0.000370805808044729,0.15474302589307073,0.7208483027982688,25,20,20
38,5542,0.1240378655006161,0.0003708058078002091,0.15486823038380074,0.7207230983077827,25,20,20
38,5543,0.11987306476125545,0.00037106733858982153,0.15903277137699365,0.7207230965231609,25,20,20
38,5544,0.11987306475867408,0.00037106732498398795,0.15876768253322696,0.7209881853831149,25,20,20
38,5545,0.11987306052636235,0.0003709032400125535,0.1214080616202851,0.7583479746133399,25,20,20
38,5546,0.11987306052636557,0.0003709032400169189,0.12141042646235785,0.7583456097712594,25,20,20
38,5547,0.1198730605264111,0.0003709032400254246,0.12141043111196152,0.7583456051216018,25,20,20
38,5548,0.11987306052641107,0.0003709032400253493,0.12141031779793536,0.7583457184356281,25,20,20
38,5549,0.11987306052641107,0.0003709032400253493,0.12140803768496662,0.7583479985485968,25,20,20
38,5550,0.11987185361589042,9.51686764183145e-07,0.12177918556933955,0.7583480091280057,25,20,20
38,5551,0.11987185361589042,9.516867641831227e-07,0.12177930200595384,0.7583478926913915,25,20,20
38,5552,0.12028311043373187,9.464752000104112e-07,0.12136807482581595,0.7583478682652519,25,20,20
38,5553,0.12028311043373105,9.464751999353638e-07,0.12123811730589519,0.7584778257851735,25,20,20
38,5554,0.1202831104335942,9.464751999804954e-07,0.12150245404685071,0.7582134890443548,25,20,20
38,5555,0.12028311043359455,9.464764066246402e-07,0.15804083668503494,0.7216751064049636,25,20,20
38,5556,0.12028311043359458,9.464764066999221e-07,0.15766783327270995,0.7220481098172884,25,20,20
38,5557,0.12028311044110651,9.464765836933101e-07,0.16872606053621125,0.7109898825460976,25,20,20
38,5558,0.12028311044110415,9.464763498583539e-07,0.1683576429074569,0.7113583001750884,25,20,20
38,5559,0.1201381907818539,1.0776639234286956e-06,0.1685024233837699,0.711358308170452,25,20,20
38,5560,0.12013819077434196,1.077663746509276e-06,0.1574457026482527,0.7224150289136585,25,20,20
38,5561,0.12013819077434115,1.077663746510001e-06,0.15707261237643366,0.7227881191854785,25,20,20
38,5562,0.1201381907743867,1.0776637465087268e-06,0.1570726132023156,0.7227881183595508,25,20,20
38,5563,0.11775140864129476,1.0852619629899622e-06,0.152974934900021,0.7292725711967212,25,20,20
38,5564,0.11775140864129476,1.0852619671675827e-06,0.1533480097571016,0.7288994963396366,25,20,20
38,5565,0.11775140864129156,1.0852619670183427e-06,0.15334788919658182,0.7288996169001595,25,20,20
38,5566,0.11775140864128834,1.0852619627269646e-06,0.1533456382190811,0.7289018678776676,25,20,20
38,5567,0.11775140864128836,1.0852619584753497e-06,0.1529791413406089,0.7292683647561441,25,20,20
38,5568,0.11775140864124284,1.0852619498930653e-06,0.15297451732474554,0.7292729887720614,25,20,20
38,5569,0.11775140864119725,1.0852619456020703e-06,0.15296790861821644,0.7292795974786404,25,20,20
38,5570,0.1177514086411973,1.085261949894317e-06,0.1529744326447152,0.7292730734521373,25,20,20
38,5571,0.15592260663137486,5.272281430755649e-07,0.11480241459911424,0.7292744515413679,25,20,20
38,5572,0.15592260663132962,5.272281430299787e-07,0.114542311846137,0.7295345542943905,25,20,20
38,5573,0.15592260663136986,5.272404663810628e-07,0.11920119198198698,0.7248756741461767,25,20,20
38,5574,0.1604699405442588,2.6570807001255483e-07,0.11465414184793264,0.7248756518997387,25,20,20
38,5575,0.1604699405442588,2.657083145322383e-07,0.11465886148191293,0.7248709322655138,25,20,20
38,5576,0.16046993888357222,1.4360157189912256e-07,0.11465899583754428,0.7248709216773114,25,20,20
38,5577,0.16046993888115912,1.436013273799055e-07,0.11465435669312125,0.7248755608243921,25,20,20
38,5578,0.13823463470512515,2.8647328051838106e-08,0.13688980613581794,0.7248755305117291,25,20,20
38,5579,0.13823463470772052,2.8647328126056496e-08,0.13688747097546802,0.7248778656694835,25,20,20
38,5580,0.13823463470771974,2.8647319543772194e-08,0.1368828485979504,0.7248824880470106,25,20,20
38,5581,0.13823463470771968,2.8647319469800674e-08,0.1368828471822787,0.7248824894626824,25,20,20
38,5582,0.13697795545853775,7.799072392356655e-07,0.1446196088920299,0.7184016557421926,25,20,20
38,5583,0.13697795799333595,7.799060693566142e-07,0.14808016437598073,0.7149410977246135,25,20,20
38,5584,0.13697795799333595,7.799060651409567e-07,0.14807367376973501,0.7149475883308634,25,20,20
38,5585,0.13697795799333595,7.799058248237971e-07,0.14807138124648728,0.7149498808543514,25,20,20
38,5586,0.13697795799333667,7.799058248217972e-07,0.1480779193679725,0.7149433427328655,25,20,20
38,5587,0.13107136791406523,7.84134345380134e-07,0.15398588333712335,0.7149419646144662,25,20,20
38,5588,0.12401428484964551,7.926630516421363e-07,0.161042937535387,0.7149419849519145,25,20,20
38,5589,0.12401428484964545,7.926630473499355e-07,0.16103633211498766,0.7149485903723185,25,20,20
38,5590,0.12401428484964548,7.92663047348684e-07,0.16103622120048436,0.7149487012868215,25,20,20
38,5591,0.12401428484946335,7.926630430570694e-07,0.16103613839638803,0.7149487840911042,25,20,20
38,5592,0.12401428484946334,7.926630429817555e-07,0.16103602111157436,0.7149489013759179,25,20,20
38,5593,0.12401428484946336,7.926630387191653e-07,0.16077438970589206,0.7152105327816045,25,20,20
38,5594,0.12536572685944042,7.926630020855406e-07,0.15942388252455703,0.7152095979530004,25,20,20
38,5595,0.12529009266049937,7.926630574276498e-07,0.1594995167159872,0.7152095979604561,25,20,20
38,5596,0.12529009266050012,7.926630616433391e-07,0.15950142136122067,0.7152076933152176,25,20,20
38,5597,0.12529009266045463,7.92662816974756e-07,0.15949676601511142,0.7152123486616168,25,20,20
38,5598,0.12524690533037025,7.926643510981273e-07,0.15953995335111507,0.7152123486541635,25,20,20
38,5599,0.12621611540588776,3.479420422375761e-08,0.15857512021801218,0.7152087295818957,25,20,20
38,5600,0.12621611540588776,3.479420422377997e-08,0.15857523805206086,0.7152086117478471,25,20,20
38,5601,0.12621611540588698,3.479420000811804e-08,0.15857091132067963,0.7152129384792335,25,20,20
38,5602,0.12709714345466036,3.40514423769161e-08,0.1576861552249877,0.7152166672689095,25,20,20
38,5603,0.12709714345466036,3.405144230424638e-08,0.1576838794549584,0.7152189430389391,25,20,20
38,5604,0.12709714345206502,3.405143801286849e-08,0.15768159355622927,0.7152212289402676,25,20,20
38,5605,0.12709714345206574,3.405143801415446e-08,0.15768816233488794,0.7152146601616083,25,20,20
38,5606,0.12709714345206577,3.405143801288032e-08,0.1576881566437211,0.7152146658527749,25,20,20
38,5607,0.12709714345206577,3.405143801420042e-08,0.15768815522784554,0.7152146672686505,25,20,20
38,5608,0.12709714345206657,3.4051438090739495e-08,0.15769055527026613,0.7152122672262291,25,20,20
38,5609,0.12709714345206663,3.405144238318498e-08,0.15769522646966824,0.7152075960268226,25,20,20
38,5610,0.1270971434520666,3.405119778950801e-08,0.1576903929467739,0.7152124295499616,25,20,20
38,5611,0.12708915760175252,3.405128194298891e-08,0.15769837835759642,0.715212429989369,25,20,20
38,5612,0.13401200861791226,2.552263144191341e-08,0.15077555619996205,0.7152124096594941,25,20,20
38,5613,0.11786009505275453,9.109695791678387e-09,0.16692748821245015,0.7152124076250983,25,20,20
38,5614,0.11786009505275447,9.109691500530644e-09,0.16692273651934778,0.7152171593182051,25,20,20
38,5615,0.1178600950527545,9.10969149793597e-09,0.16692273460206133,0.7152171612354914,25,20,20
38,5616,0.11786009446238131,9.109199247615684e-09,0.16682895090678293,0.7153109455216355,25,20,20
38,5617,0.11786009447272111,9.111061257990854e-09,0.1621783498242923,0.7199615465919245,25,20,20
38,5618,0.12390460798173474,4.788865680953584e-09,0.15613384062308922,0.7199615466063101,25,20,20
38,5619,0.1239046369392278,4.788869432050832e-09,0.16179500652523618,0.714300351746666,25,20,20
38,5620,0.12262415090905807,0.021728299988200653,0.1413153188874636,0.7143322302152775,25,20,20
38,5621,0.12262412195161052,0.02172829998819698,0.13565434485382993,0.7199932332063625,25,20,20
38,5622,0.1226241219412305,0.02172829997401591,0.13565076735408962,0.7199968107306638,25,20,20
38,5623,0.12262412194123047,0.021728299974015913,0.13564424142762185,0.7200033366571316,25,20,20
38,5624,0.12262412194123364,0.02172829998795707,0.13565101083212064,0.7199965672386884,25,20,20
38,5625,0.12076572144601082,0.021728299749291354,0.13751314040326013,0.7199928384014371,25,20,20
38,5626,0.12076572144601398,0.02172829974953795,0.13788624313421832,0.7196197356702291,25,20,20
38,5627,0.14334991689169502,0.021728299749446033,0.11530204773004657,0.719619735628812,25,20,20
38,5628,0.1433499168916919,0.021728299749199514,0.11492905891304145,0.7199927244460668,25,20,20
38,5629,0.10902580493161394,0.021729472280624287,0.1492518968409969,0.7199928259467647,25,20,20
38,5630,0.14882850151128232,0.021729472265897706,0.1094492003117762,0.7199928259110432,25,20,20
38,5631,0.14882850151128238,0.021729472265897706,0.10944463908741003,0.7199973871354094,25,20,20
38,5632,0.1487581538335685,0.010662750171260518,0.12061358898671096,0.71996550700846,25,20,20
38,5633,0.1487581538335685,0.010662750171260442,0.12061827707474895,0.7199608189204221,25,20,20
38,5634,0.1487581538335229,0.010662750171260362,0.12061808370334409,0.7199610122918726,25,20,20
38,5635,0.1487581538335197,0.010662750157323497,0.12061578784771974,0.7199633081614369,25,20,20
38,5636,0.1487575437128757,1.3663172097269701e-05,0.13126548953202272,0.719963303583004,25,20,20
38,5637,0.14875754306789293,1.4258118622177775e-06,0.13127772749365285,0.7199633036265917,25,20,20
38,5638,0.18308392692558378,2.532803810038948e-07,0.09695261768294909,0.7199632021110857,25,20,20
38,5639,0.18308392692558456,2.532803809299269e-07,0.09695339050404046,0.7199624292899937,25,20,20
38,5640,0.18308392692558456,2.5328037671227825e-07,0.09695333067039939,0.7199624891236389,25,20,20
38,5641,0.1831440868262444,2.5346462122084116e-07,0.09689312222634859,0.7199625374827855,25,20,20
38,5642,0.1831440868262436,2.534646170064814e-07,0.09688663225903442,0.7199690274501046,25,20,20
38,5643,0.1831440868262436,2.534646170051837e-07,0.09688663028592215,0.7199690294232168,25,20,20
38,5644,0.18314408682624364,2.534646169286446e-07,0.09689351804510091,0.719962141664038,25,20,20
38,5645,0.18314411651698606,4.717694265689803e-09,0.061601101971775,0.7552547767935444,25,20,20
38,5646,0.18314411651698287,4.7174497467324004e-09,0.06159644291824887,0.7552594358473184,25,20,20
38,5647,0.18314408675756247,4.705143866734677e-09,0.05701900032929614,0.7598369082079975,25,20,20
38,5648,0.18314408675756166,4.705143865436672e-09,0.05701660804005823,0.7598393004972362,25,20,20
38,5649,0.1831440867575617,4.7051395756037285e-09,0.05701190732243902,0.7598440012148596,25,20,20
38,5650,0.18314408675756172,4.705143854681933e-09,0.05713663176595758,0.7597192767713368,25,20,20
38,5651,0.18314408675856178,9.06876344365557e-09,0.0571366274012252,0.7597192767714492,25,20,20
38,5652,0.18314408675856175,9.06876336968478e-09,0.057136659460421846,0.7597192447122529,25,20,20
38,5653,0.18314408677075852,2.2371668141865808e-07,0.05713644479476412,0.7597192447177957,25,20,20
38,5654,0.18315719331380267,2.2371818871222867e-07,0.05712333825033846,0.7597192447176697,25,20,20
38,5655,0.18315719331380667,2.2371819726772776e-07,0.05725275139979531,0.7595898315682003,25,20,20
38,5656,0.18315719331380667,2.237182015593645e-07,0.05725295003116252,0.7595896329368286,25,20,20
38,5657,0.18315719331380667,2.2371820163333242e-07,0.05725445852809486,0.7595881244398961,25,20,20
38,5658,0.17056053104191254,1.1357834897269117e-05,0.06983905481081967,0.7595890563123697,25,20,20
38,5659,0.17056053105108535,1.135783511332356e-05,0.07449808442915802,0.7549300266846426,25,20,20
38,5660,0.15769026961551863,1.167096292855182e-05,0.08736806775467051,0.7549299916668821,25,20,20
38,5661,0.15769027020242152,1.1671751159258877e-05,0.08768865405506682,0.7546094039913522,25,20,20
38,5662,0.1576902702127728,1.167176506131172e-05,0.08780753899384094,0.7544905190283246,25,20,20
38,5663,0.1576902702127728,1.1671765061310372e-05,0.08780776600832722,0.7544902920138382,25,20,20
38,5664,0.1576902702127728,1.1671765061385653e-05,0.08781437018718519,0.7544836878349802,25,20,20
38,5665,0.15781021866375544,1.1671765009168254e-05,0.08769442174996456,0.7544836878212706,25,20,20
38,5666,0.1578102186637586,1.167176500924482e-05,0.08769430754142833,0.7544838020298036,25,20,20
38,5667,0.15781021866375866,1.1671765009246117e-05,0.08769900794843095,0.754479101622801,25,20,20
38,5668,0.15781021866375547,1.1671765009244799e-05,0.08769897463904738,0.7544791349321878,25,20,20
38,5669,0.15781021865458258,1.167176479311509e-05,0.0830464339071297,0.7591316756734944,25,20,20
38,5670,0.15781021806767892,1.1670976562409304e-05,0.08271667519208636,0.7594614357636721,25,20,20
38,5671,0.15781021806786102,1.1670976566700439e-05,0.08271477624844978,0.7594633347071224,25,20,20
38,5672,0.1578102180678618,1.1670976570992048e-05,0.08271485705655655,0.7594632538990105,25,20,20
38,5673,0.15781021806786819,1.167097657099335e-05,0.0827149444760468,0.759463166479514,25,20,20
38,5674,0.15781021806786744,1.1670976570992062e-05,0.08270840848968869,0.7594697024658728,25,20,20
38,5675,0.15781021806810783,1.1670976592166436e-05,0.11924690518568651,0.7229312057696137,25,20,20
38,5676,0.13468501994693216,1.1696147239124035e-05,0.14237207504188631,0.722931208863942,25,20,20
38,5677,0.13468501994693216,1.1696147239124035e-05,0.1423719960794335,0.722931287826395,25,20,20
38,5678,0.13468501994693288,1.169614723921137e-05,0.14224717753002664,0.723056106375801,25,20,20
38,5679,0.13468501994692728,1.1696147239284997e-05,0.14233776112185897,0.7229655227839742,25,20,20
38,5680,0.13453970478677266,1.1696236191382229e-05,0.1424830524290189,0.7229655465480167,25,20,20
38,5681,0.1345397047867727,1.1696236191382251e-05,0.14248297451675046,0.7229656244602851,25,20,20
38,5682,0.1345397047892865,1.1696249679320946e-05,0.14379012041076478,0.721658478550269,25,20,20
38,5683,0.13453970478910757,1.1696249679319645e-05,0.14379011874751066,0.721658480213702,25,20,20
38,5684,0.13453970478910443,1.1696249915347692e-05,0.1436672941934878,0.7217813047674917,25,20,20
38,5685,0.13453970478659064,1.1696236427406403e-05,0.1423601463013221,0.7230884526756592,25,20,20
38,5686,0.13453970478658983,1.1696236185982552e-05,0.15341135698942773,0.712037241987796,25,20,20
38,5687,0.1679904517851278,1.1671065473661463e-05,0.11996063753526683,0.7120372396141318,25,20,20
38,5688,0.16799045178512462,1.167106546937163e-05,0.1199559353661258,0.7120419417832803,25,20,20
38,5689,0.1679904517851278,1.1671065469446891e-05,0.11996067068507114,0.7120372064643317,25,20,20
38,5690,0.17379514442086585,1.1671067076625749e-05,0.1141559787611559,0.7120372057509017,25,20,20
38,5691,0.17379514441051536,1.1671053178789108e-05,0.1140387599367777,0.7121544245995283,25,20,20
38,5692,0.17379514441051536,1.1671053178789132e-05,0.11403875994687607,0.7121544245894299,25,20,20
38,5693,0.17379514441051225,1.1671053178713871e-05,0.11403410504161275,0.7121590794946964,25,20,20
38,5694,0.17379514440792826,1.167105317436242e-05,0.113909012693567,0.7122841718453304,25,20,20
38,5695,0.17379514440792904,1.1671053182924587e-05,0.11400131311262346,0.7121918714262645,25,20,20
38,5696,0.17379514440792904,1.1671053182850617e-05,0.11400123203206224,0.712191952506826,25,20,20
38,5697,0.17379514440792898,1.1671053182776624e-05,0.11400119723641762,0.7121919873024707,25,20,20
38,5698,0.1737951444079298,1.1671053427296308e-05,0.11400591616770227,0.7121872683709405,25,20,20
38,5699,0.15105683742131462,1.1357756969470536e-05,0.13674454772523784,0.7121872570964776,25,20,20
38,5700,0.15105683742131387,1.1357756965179064e-05,0.13674750200690033,0.71218430281482,25,20,20
38,5701,0.15105683742131382,1.1357756965179059e-05,0.13674753597648923,0.7121842688452312,25,20,20
38,5702,0.1510568374213138,1.135775696518036e-05,0.13674286294031465,0.7121889418814058,25,20,20
38,5703,0.15105683742131304,1.135775672073462e-05,0.13674463223830477,0.7121871725836609,25,20,20
38,5704,0.1510568374213123,1.1357756724876655e-05,0.13665894409714655,0.7122728607248159,25,20,20
38,5705,0.1636452128337767,2.236432455382683e-07,0.12408261040576293,0.7122719531172145,25,20,20
38,5706,0.1636452128337767,2.2364324553697056e-07,0.12408926394379945,0.712265299579178,25,20,20
38,5707,0.16364521283377592,2.236432412471469e-07,0.12408467521262702,0.7122698883103554,25,20,20
38,5708,0.16364521283377662,2.2364324553545458e-07,0.12409127857199762,0.7122632849509798,25,20,20
38,5709,0.16364521283377662,2.236432498264037e-07,0.12409115045140359,0.7122634130715696,25,20,20
38,5710,0.16353114585504766,2.2364006141097384e-07,0.12420524169819801,0.7122633888066925,25,20,20
38,5711,0.16353114585504447,2.2364006141097397e-07,0.1242004454212802,0.7122681850836134,25,20,20
38,5712,0.1635311458552266,2.236403018085594e-07,0.12420198738448748,0.7122666431199837,25,20,20
38,5713,0.16353114585527137,2.236405379038887e-07,0.12411639083616527,0.7123522396680251,25,20,20
38,5714,0.16353114585527137,2.2364053790386637e-07,0.12411627633752241,0.712352354166668,25,20,20
38,5715,0.16353114585527215,2.2364054219479012e-07,0.12412291378410048,0.7123457167200848,25,20,20
38,5716,0.16353114585527212,2.2364053790516135e-07,0.12411642173820804,0.7123522087659816,25,20,20
38,5717,0.16353114585527131,2.2364053361224922e-07,0.1241209279424188,0.7123477025617758,25,20,20
38,5718,0.1635593559125607,2.2363904282083414e-07,0.12409133926522103,0.7123490811831752,25,20,20
38,5719,0.12706866505085496,2.6279409028453044e-07,0.16058320506727453,0.7123478670877798,25,20,20
38,5720,0.12706866505085496,2.627940902845308e-07,0.16058317170240335,0.7123479004526508,25,20,20
38,5721,0.12706866505067282,2.6279384988694543e-07,0.16058162973919607,0.7123494424162808,25,20,20
38,5722,0.12706866505062725,2.6279360522815196e-07,0.16057492457211608,0.7123561475836511,25,20,20
38,5723,0.1270686650506281,2.627936053034672e-07,0.16057500832089672,0.7123560638348694,25,20,20
38,5724,0.1270686650506273,2.6279360108649215e-07,0.16056848472879237,0.7123625874269789,25,20,20
38,5725,0.12706866505062725,2.6279360101255205e-07,0.1605638639176888,0.7123672082380824,25,20,20
38,5726,0.12706866505322256,2.627935979294678e-07,0.1495082748127455,0.7234227973404336,25,20,20
38,5727,0.12706866505581782,2.6279384681556775e-07,0.14951311195763378,0.7234179601927012,25,20,20
38,5728,0.12706866505599992,2.627940914983364e-07,0.14951539335818353,0.7234156787917246,25,20,20
38,5729,0.1270686650559999,2.627940913504188e-07,0.1495110667130049,0.7234200054369034,25,20,20
38,5730,0.12706866505581857,2.627938467403468e-07,0.1495088214499771,0.7234222507003573,25,20,20
38,5731,0.12711473566995538,2.678730442253469e-07,0.14946274574160284,0.723422250715397,25,20,20
38,5732,0.12711473567000092,2.6787303993637395e-07,0.1494626176013489,0.7234223788556098,25,20,20
38,5733,0.12285956156648291,2.679031108209606e-07,0.1514970783845235,0.7256430921458821,25,20,20
38,5734,0.1228595615664829,2.679031107443932e-07,0.15149696294774595,0.7256432075826598,25,20,20
38,5735,0.12285956156648288,2.679031107430952e-07,0.15149476584915436,0.7256454046812513,25,20,20
38,5736,0.12285956156648288,2.67903110743095e-07,0.15150128957170345,0.7256388809587022,25,20,20
38,5737,0.12305534747726886,2.679015024558883e-07,0.151305503669933,0.7256388809512948,25,20,20
38,5738,0.12305534747726893,2.6790150671765086e-07,0.1515652321628302,0.7253791524583932,25,20,20
38,5739,0.12317382882305188,2.678558339244495e-07,0.1536674621186884,0.723158441202425,25,20,20
38,5740,0.12317382882305193,2.6785583385179824e-07,0.1536720480940611,0.7231538552270524,25,20,20
38,5741,0.12317382882305199,2.6785607413093786e-07,0.15367434637179148,0.7231515569490817,25,20,20
38,5742,0.12317382882305433,2.678558339270549e-07,0.153672048084959,0.723153855236152,25,20,20
38,5743,0.12317382882374066,2.6785583459141476e-07,0.15356344747330758,0.7232624558471169,25,20,20
38,5744,0.12317382882374071,2.6785583459273565e-07,0.1535634764884325,0.7232624268319918,25,20,20
38,5745,0.12317382882374066,2.6785583459141555e-07,0.1535635605091218,0.7232623428113024,25,20,20
38,5746,0.12317382882374385,2.6785583474160667e-07,0.15365115195960663,0.7231747513608144,25,20,20
38,5747,0.11725629856630201,2.6785718809282055e-07,0.15956868221571724,0.7231747513607923,25,20,20
38,5748,0.11725629856630197,2.678571880915007e-07,0.15956398235125366,0.723179451225256,25,20,20
38,5749,0.1271911131753121,8.65231763486386e-06,0.1484914162689269,0.7243088182381255,25,20,20
38,5750,0.12719111317531287,8.652317639155014e-06,0.14849600595048673,0.7243042285565606,25,20,20
38,5751,0.1456659939627386,8.624200410204656e-06,0.13002128800052518,0.7243040938363253,25,20,20
38,5752,0.14566599396273863,8.624200654813822e-06,0.13002359262572416,0.7243017892108817,25,20,20
38,5753,0.14566599396296323,8.62812084018958e-06,0.16656226398121718,0.6877631139349792,25,20,20
38,5754,0.14566599396296323,8.628120840190855e-06,0.16656226464887108,0.6877631132673252,25,20,20
38,5755,0.14566599397172297,8.628132811362097e-06,0.17281251154655325,0.6815128663489122,25,20,20
38,5756,0.14566599396912777,8.628132562478592e-06,0.17281427848470746,0.6815110994136022,25,20,20
38,5757,0.14566599396912777,8.628132562477318e-06,0.17281427708718344,0.6815111008111261,25,20,20
38,5758,0.14578188779590656,8.628131027397665e-06,0.17269838326938747,0.6815111008036787,25,20,20
38,5759,0.14578188779590975,8.628131027471636e-06,0.1726918629906336,0.6815176210824293,25,20,20
38,5760,0.14578189805055758,8.628131081310502e-06,0.17626195083953305,0.6779475229788287,25,20,20
38,5761,0.13635677495912188,2.4822995953927475e-07,0.18682482455825647,0.6768181522526625,25,20,20
38,5762,0.13635677495912188,2.482299595379547e-07,0.1868247440930055,0.6768182327179133,25,20,20
38,5763,0.13635677495912188,2.482299595379323e-07,0.1868247966199873,0.6768181801909314,25,20,20
38,5764,0.13635677495036214,2.482179925830354e-07,0.18057462910255254,0.6830683477290926,25,20,20
38,5765,0.1363567749503645,2.4821799255447116e-07,0.18084077717145852,0.6828021996601844,25,20,20
38,5766,0.13635681128862578,4.4299775652979856e-07,0.18127792324835781,0.6823648224652596,25,20,20
38,5767,0.13635751882454394,4.4329022916077445e-07,0.206552929993546,0.6570891078916797,25,20,20
38,5768,0.11607337406616594,4.3220569495968603e-07,0.22683713588255133,0.6570890578455872,25,20,20
38,5769,0.11607337406616601,4.3220569503367954e-07,0.22683721698813175,0.6570889767400067,25,20,20
38,5770,0.116073374066166,4.3220545042583373e-07,0.22684151517397155,0.6570846785544115,25,20,20
38,5771,0.12196378983053563,4.3220574004782913e-07,0.220951099394409,0.657084678569315,25,20,20
38,5772,0.12196378983053568,4.322059803254671e-07,0.2209553000537619,0.6570804779097217,25,20,20
38,5773,0.12196378983053258,4.3220598035222765e-07,0.22069365884240966,0.6573421191210771,25,20,20
38,5774,0.11510723177594158,4.322072747801035e-07,0.22755021687703766,0.6573421191397456,25,20,20
38,5775,0.11510723177589606,4.3220727477878214e-07,0.22755014977071483,0.657342186246114,25,20,20
38,5776,0.1151072317758984,4.3220727470478773e-07,0.22755168901358974,0.6573406470032368,25,20,20
38,5777,0.11510719543741729,2.335837961163878e-07,0.23050836960364487,0.6543842013751413,25,20,20
38,5778,0.11510950910623913,2.3358218335940194e-07,0.23050605594361823,0.6543842013679587,25,20,20
38,5779,0.14321255006974887,1.0064759723645486e-08,0.20240323850282063,0.65438420136267,25,20,20
38,5780,0.1432125500697481,1.0064515230145863e-08,0.20239437507562524,0.6543930647901106,25,20,20
38,5781,0.14321255006975128,1.0064510941814614e-08,0.20238793240150257,0.6543995074642346,25,20,20
38,5782,0.14321302548375592,1.0078548071331474e-08,0.20281878367933756,0.6539681807583578,25,20,20
38,5783,0.15007161691591459,1.0077226667155564e-08,0.19596019225956862,0.6539681807472897,25,20,20
38,5784,0.14944354514428537,5.519602900257928e-09,0.19658824262404223,0.6539682067120697,25,20,20
38,5785,0.14944354514428224,5.519602900257788e-09,0.19659035694802196,0.6539660923880932,25,20,20
38,5786,0.14944354514428218,5.5195986091493226e-09,0.19658565338619446,0.6539707959499249,25,20,20
38,5787,0.14944331063179445,5.627077131841897e-09,0.19648954370957405,0.6540671400315544,25,20,20
38,5788,0.1494433106343895,5.627321715355923e-09,0.19649616802736808,0.6540605157109206,25,20,20
38,5789,0.14944331063438632,5.627321790601677e-09,0.19649465995967164,0.6540620237786201,25,20,20
38,5790,0.14944331063438626,5.627321715332654e-09,0.19649469962732705,0.6540619841109648,25,20,20
38,5791,0.14944331063438945,5.62732608153881e-09,0.19650130556574483,0.6540553781725396,25,20,20
38,5792,0.1370853651820207,6.043287915137323e-09,0.20885924990836127,0.6540553788663298,25,20,20
38,5793,0.13708536518201833,6.0432921318378e-09,0.20876707803004035,0.654147550744649,25,20,20
38,5794,0.13708536518023567,5.93575009652139e-09,0.2041653341863059,0.6587492946977082,25,20,20
38,5795,0.13708536518023567,5.935750095223704e-09,0.20416530230609947,0.6587493265779147,25,20,20
38,5796,0.13708536519473383,1.0300237709432024e-08,0.20423159002164978,0.6586830344833778,25,20,20
38,5797,0.13708536519473383,1.0300237783390735e-08,0.20423159000188587,0.6586830345031417,25,20,20
38,5798,0.13551306617691014,1.0257991923090565e-08,0.20580378612489728,0.6586831374401996,25,20,20
38,5799,0.13551175678951904,1.025807482580477e-08,0.20580509551207288,0.6586831374403326,25,20,20
38,5800,0.1355117573215812,1.0256869361793196e-08,0.1751626789870907,0.6893255534344582,25,20,20
38,5801,0.1355117573215812,1.0256865071465303e-08,0.1751641796041001,0.6893240528174531,25,20,20
38,5802,0.1355117573215843,1.0257107413414514e-08,0.1755372189984919,0.6889510134228157,25,20,20
38,5803,0.12489250878478173,8.633823244579266e-06,0.1861471355310654,0.688951721860908,25,20,20
38,5804,0.1248925087821866,8.633823000071008e-06,0.18614703442545316,0.6889518229693599,25,20,20
38,5805,0.12489250825012446,8.633822567810537e-06,0.18148768329567677,0.6936111746316307,25,20,20
38,5806,0.12489250825012452,8.633822567809241e-06,0.18148760433331695,0.6936112535939902,25,20,20
38,5807,0.1188890301322836,8.638204375184715e-06,0.18749103701547387,0.693611294647867,25,20,20
38,5808,0.1188890301322804,8.638204370895098e-06,0.18748451355780435,0.693617818105544,25,20,20
38,5809,0.11888903013228035,8.638204370893778e-06,0.18748223738826852,0.69362009427508,25,20,20
38,5810,0.1188890301322804,8.63820437089248e-06,0.18748223740098616,0.6936200942623623,25,20,20
38,5811,0.11888903014259265,8.638204613812775e-06,0.18774698146884447,0.6933553501839489,25,20,20
38,5812,0.11888903013999724,8.638204613736188e-06,0.1877446562653821,0.6933576753900067,25,20,20
38,5813,0.11888832557434947,8.63798181634639e-06,0.19895834233102833,0.6821446941128053,25,20,20
38,5814,0.11888832557434627,8.6379818162698e-06,0.19895834029244377,0.6821446961513934,25,20,20
38,5815,0.11888832557434627,8.637981816345048e-06,0.19895845557905872,0.6821445808647784,25,20,20
38,5816,0.1188883255743463,8.637981816420322e-06,0.19896304159034955,0.6821399948534875,25,20,20
38,5817,0.11888832557434313,8.637981816345552e-06,0.19895871580845803,0.6821443206353822,25,20,20
38,5818,0.1189840656940445,8.637922408780978e-06,0.19886297561939612,0.6821443207641503,25,20,20
38,5819,0.11898444209595006,0.010713699341283404,0.18815763968039811,0.6821442188823674,25,20,20
38,5820,0.11898444209617405,0.010713699341283411,0.22470558752237807,0.6455962710401638,25,20,20
38,5821,0.11898444209617404,0.01071369934128326,0.224700884261548,0.6456009743009942,25,20,20
38,5822,0.11898444209617404,0.010713699341283182,0.2246943605480979,0.6456074980144443,25,20,20
38,5823,0.11898444209617404,0.010713699341287446,0.22496061275904145,0.6453412458034964,25,20,20
38,5824,0.11898444209617405,0.010713699341291736,0.2249628903368821,0.6453389682256517,25,20,20
38,5825,0.11898444208586101,0.010713699341048741,0.22469660433954874,0.6456052542335411,25,20,20
38,5826,0.11898444208586108,0.010713699341048771,0.22443184202351243,0.6458700165495773,25,20,20
38,5827,0.11898444208586108,0.010713699341048846,0.22443180863047324,0.6458700499426163,25,20,20
38,5828,0.11898444350369404,0.011068389546178066,0.2223872388778172,0.6475599280723106,25,20,20
38,5829,0.11898444350369408,0.011068389546173849,0.22238506988508278,0.6475620970650491,25,20,20
38,5830,0.11898457755904365,0.01071369490801573,0.22443071545404944,0.6458710120788909,25,20,20
38,5831,0.11898457755904449,0.010713694908011589,0.22443074929914641,0.6458709782337972,25,20,20
38,5832,0.12479441099342033,0.01071369058727653,0.21862096051499966,0.6458709379043032,25,20,20
38,5833,0.14263115779215674,0.01071370012838735,0.2006438046940764,0.6460113373853795,25,20,20
38,5834,0.1426311577921568,0.01071370012838735,0.20064842350251533,0.6460067185769407,25,20,20
38,5835,0.1426311577921552,0.010713700128149211,0.20040483210013593,0.646250309979559,25,20,20
38,5836,0.14263115779215366,0.010713700128144934,0.2002753410009035,0.6463798010787972,25,20,20
38,5837,0.14263115779215282,0.010713700128144786,0.2002730663767416,0.64638207570296,25,20,20
38,5838,0.16466363064177497,0.010713690579159758,0.17838100215162747,0.646241676627437,25,20,20
38,5839,0.16466315522777036,0.010713690565126843,0.17794529530359932,0.6466778589035027,25,20,20
38,5840,0.1646631552278159,0.01071369056513121,0.1779454931691917,0.6466776610378606,25,20,20
38,5841,0.16466315522799796,0.010713690565375793,0.17794749637973342,0.6466756578268922,25,20,20
38,5842,0.16466315522799785,0.010713690565371501,0.17794592743914048,0.6466772267674895,25,20,20
38,5843,0.1646631552279979,0.010713690565371503,0.17794600721991777,0.6466771469867122,25,20,20
38,5844,0.16466315522799782,0.010713690565375793,0.1779506713936865,0.6466724828129392,25,20,20
38,5845,0.16466315522799782,0.010713690565375866,0.17795533325528537,0.6466678209513402,25,20,20
38,5846,0.16466315522795227,0.010713690565371501,0.17795513396784687,0.6466680202388286,25,20,20
38,5847,0.16466315522795547,0.010713690565371501,0.1779520572210372,0.6466710969856352,25,20,20
38,5848,0.1646631552279555,0.010713690565371501,0.17821830735869448,0.6464048468479778,25,20,20
38,5849,0.16466315523546737,0.010713690575460233,0.18927676069856664,0.635346393490505,25,20,20
38,5850,0.1642918913295037,0.010713690577010946,0.18964802459591465,0.6353463934975703,25,20,20
38,5851,0.12792375950141716,0.01071369098961166,0.22601615405183806,0.6353463954571322,25,20,20
38,5852,0.12792375950142035,0.010713690989850365,0.22627780242636666,0.6350847470823617,25,20,20
38,5853,0.12466896708106784,0.01071369059355381,0.2295325971318759,0.6350847451935016,25,20,20
38,5854,0.12466896708111025,0.0107136905935581,0.22953325295081636,0.6350840893745144,25,20,20
38,5855,0.12466896707359836,0.010713690583469368,0.21847502809396022,0.6461423142489712,25,20,20
38,5856,0.12466896707359909,0.010713690583469371,0.2182088128022467,0.646408529540684,25,20,20
38,5857,0.12466896707355639,0.010713690583681204,0.22286539669518735,0.6417519456475741,25,20,20
38,5858,0.12466896707355636,0.01071369058368542,0.22286543466723852,0.6417519076755188,25,20,20
38,5859,0.12466896707355636,0.010713690583685494,0.22287195771715787,0.6417453846255994,25,20,20
38,5860,0.1246689670735564,0.010713690583685568,0.22287207227283962,0.6417452700699176,25,20,20
38,5861,0.12466896707373853,0.010713690583689784,0.2228672110554896,0.6417501312870811,25,20,20
38,5862,0.12466899846257011,0.010713691306167507,0.1865071185071392,0.6781101917241227,25,20,20
38,5863,0.12042485354291727,0.010705118856187634,0.19076029925664093,0.6781097283442531,25,20,20
38,5864,0.12042485354296253,0.010705118870038005,0.19102775009031142,0.6778422774966869,25,20,20
38,5865,0.1204248535427805,0.010705118869793495,0.19102112878130606,0.6778488988061189,25,20,20
38,5866,0.12042485354278043,0.010705118869789206,0.19101949402183283,0.6778505335655965,25,20,20
38,5867,0.1204248535427804,0.010705118869784914,0.19101940199802322,0.6778506255894104,25,20,20
38,5868,0.12042485355306547,0.010705118883602325,0.1913935664545255,0.6774764611088058,25,20,20
38,5869,0.08638459704213933,0.0107051188946594,0.22543382381536145,0.6774764602478401,25,20,20
38,5870,0.0863845970421394,0.0107051188946594,0.22543385171917765,0.6774764323440237,25,20,20
38,5871,0.08571125194229909,0.010707238014224449,0.22610507453613554,0.6774764355073409,25,20,20
38,5872,0.08571125193201404,0.010707238000407113,0.22573558288557397,0.677845927182005,25,20,20
38,5873,0.08571125193196955,0.010707237986561034,0.22547474095598102,0.6781067691254886,25,20,20
38,5874,0.08571125205008741,0.010709303486426751,0.196929380366069,0.7066500640974166,25,20,20
38,5875,0.0857112520500874,0.010709303486426675,0.19692277556226004,0.7066566689012257,25,20,20
38,5876,0.08571125205008738,0.010709303486430965,0.19692724912758283,0.7066521953358985,25,20,20
38,5877,0.08571125205009057,0.010709303486675027,0.19701959506707414,0.70655984939616,25,20,20
38,5878,0.08571125205008738,0.010709303486430965,0.19692724993940008,0.7066521945240813,25,20,20
38,5879,0.04682557297201624,0.010709630112104336,0.23581249548589173,0.7066523014299884,25,20,20
38,5880,0.0468255729720162,0.010709630112348928,0.23581722133431132,0.7066475755813242,25,20,20
38,5881,0.08079192045279657,0.01070963011229741,0.20185087615762798,0.7066475732772787,25,20,20
38,5882,0.1124083482176517,0.010716041479251719,0.17022757053056986,0.7066480397725269,25,20,20
38,5883,0.11293188903860168,0.010709303487889059,0.1697113411677399,0.7066474663057696,25,20,20
38,5884,0.1129318890385996,0.010709303487677228,0.1650541019434349,0.7113047055302885,25,20,20
38,5885,0.1129318890385996,0.010709303487681444,0.16505868951541472,0.7113001179583042,25,20,20
38,5886,0.08550529696142617,0.010709303499306605,0.1924852784838292,0.7113001210554384,25,20,20
38,5887,0.085505296961423,0.010709303499063605,0.19221892735978996,0.7115664721797237,25,20,20
38,5888,0.08550529684308121,0.010707237999197886,0.18421626106112257,0.7195712040965985,25,20,20
38,5889,0.08550529684308121,0.010707237999193596,0.18421167339611627,0.7195757917616092,25,20,20
38,5890,0.08550529684308042,0.01070723799919352,0.1842181625086112,0.719569302649115,25,20,20
38,5891,0.0855052968430868,0.010707237999189259,0.18407178152009018,0.7197156836376339,25,20,20
38,5892,0.08297788472517664,0.010707261765543232,0.18659906373289345,0.7197157897763864,25,20,20
38,5893,0.08297788472517748,0.010707261765547508,0.18672199262502368,0.7195928608842511,25,20,20
38,5894,0.08297788472535876,0.01070726176578789,0.18659916179362157,0.7197156917152315,25,20,20
38,5895,0.08297788472535877,0.01070726176578789,0.1865993149350983,0.7197155385737548,25,20,20
38,5896,0.11605710173385932,0.010707237986513383,0.15352023130032924,0.7197154289792972,25,20,20
38,5897,0.11605706737476129,0.01070723720825616,0.15352421688654927,0.7197114785304322,25,20,20
38,5898,0.11605706737476136,0.01070723720825616,0.15352421897512644,0.7197114764418547,25,20,20
38,5899,0.11605706737475506,0.010707237208260452,0.15340592823113997,0.7198297671858433,25,20,20
38,5900,0.11605706737493715,0.010707237208260598,0.1534060906383281,0.719829604778473,25,20,20
38,5901,0.12112859550146536,0.010707242503475583,0.14825795610930176,0.7199062058857563,25,20,20
38,5902,0.12112859550146533,0.010707242503475585,0.14825788313262409,0.7199062788624339,25,20,20
38,5903,0.11140191168107227,0.010707240767194127,0.15798371883672244,0.7199071287150103,25,20,20
38,5904,0.11140191168107183,0.010707241559989316,0.15808190964291424,0.7198089371160237,25,20,20
38,5905,0.11140191168107103,0.010707241559985028,0.15807534208751176,0.7198155046714311,25,20,20
38,5906,0.11140191168107103,0.01070724155998503,0.1580754565223893,0.7198153902365537,25,20,20
38,5907,0.1146108174918127,0.010707241937501681,0.1548609976930348,0.7198209428776497,25,20,20
38,5908,0.11461081749180878,0.01070724192360594,0.1547237115161499,0.7199582290684344,25,20,20
38,5909,0.11461081749180871,0.010707241923601722,0.15472367145237767,0.719958269132211,25,20,20
38,5910,0.1137418333728491,0.010707190381511187,0.15095148033306474,0.7245994959125742,25,20,20
38,5911,0.11374183337284906,0.010707190381511113,0.15095145082585282,0.7245995254197862,25,20,20
38,5912,0.11374183337284992,0.010707190381511189,0.15095577971438964,0.7245951965312487,25,20,20
38,5913,0.11374183337544501,0.010707190381755848,0.15096240596500826,0.7245885702777903,25,20,20
38,5914,0.113741833375445,0.010707190381755848,0.1509624039626628,0.724588572280136,25,20,20
38,5915,0.11374183337544419,0.01070719038175148,0.15096077700148794,0.7245901992413161,25,20,20
38,5916,0.1137419950075082,2.2021110240875453e-06,0.16164573598218074,0.7246100668992882,25,20,20
38,5917,0.1137419950075082,2.2021110240862506e-06,0.16164423037860634,0.7246115725028627,25,20,20
38,5918,0.1137426419304986,8.363122548635763e-08,0.16164570504511197,0.7246115693931656,25,20,20
38,5919,0.11374264193049856,8.363122127050939e-08,0.16164570274057094,0.7246115716977107,25,20,20
38,5920,0.11375259676336524,1.4899367269003125e-08,0.16165448910369806,0.724592899233571,25,20,20
38,5921,0.11728966117500912,1.5912375600959064e-08,0.15811727282630914,0.7245930500863073,25,20,20
38,5922,0.11728966117500914,1.5912375602256858e-08,0.15811724005327382,0.7245930828593425,25,20,20
38,5923,0.1317732183254963,3.472967692571932e-07,0.14109806797517066,0.727128366402565,25,20,20
38,5924,0.13177321832549635,3.4729676925858203e-07,0.14109806956927876,0.7271283648084567,25,20,20
38,5925,0.11689771177349219,3.520131632304181e-07,0.15597843198119532,0.7271235042321503,25,20,20
38,5926,0.1168977117734922,3.520131632290749e-07,0.15597843289580304,0.7271235033175424,25,20,20
38,5927,0.11689771177349263,3.5122036803958455e-07,0.15588320437242348,0.7272187326337165,25,20,20
38,5928,0.11689771177089758,3.512201233833727e-07,0.15587660669404332,0.7272253303149364,25,20,20
38,5929,0.11689771177089753,3.512201233821022e-07,0.15587456448153475,0.7272273725274451,25,20,20
38,5930,0.11689771177089753,3.512201234547752e-07,0.15587460757404664,0.727227329434933,25,20,20
38,5931,0.11689771177094287,3.5122012353111657e-07,0.15600417504583425,0.7270977619630998,25,20,20
38,5932,0.11689771178011579,3.5122012732407123e-07,0.16066336041555998,0.7224385765841979,25,20,20
38,5933,0.11182242961072401,3.4600335691186215e-07,0.16581524854757246,0.7223619758383475,25,20,20
38,5934,0.11182242961072401,3.4600335691185834e-07,0.16581744576135168,0.7223597786245683,25,20,20
38,5935,0.11182242961072401,3.460033568365887e-07,0.16581744507621798,0.722359779309702,25,20,20
38,5936,0.11182242961072406,3.4600335691055163e-07,0.1658220329777032,0.7223551914082167,25,20,20
38,5937,0.11182242961072406,3.4600335691056084e-07,0.16581737111449235,0.7223598532714273,25,20,20
38,5938,0.11182242961072406,3.460033569118813e-07,0.16581729066416642,0.7223599337217531,25,20,20
38,5939,0.08724168975650443,3.409270265111712e-07,0.19039872287677403,0.7223592464396954,25,20,20
38,5940,0.0872756500919446,3.5514246331012187e-07,0.19036474837034378,0.722359246395248,25,20,20
38,5941,0.087275650091808,3.551427036012121e-07,0.19036674759690506,0.722357247168583,25,20,20
38,5942,0.08727565009180795,3.551427036025321e-07,0.19036682706053273,0.7223571677049556,25,20,20
38,5943,0.08727565009180797,3.5514270367777787e-07,0.19036682859731927,0.722357166168169,25,20,20
38,5944,0.08727565009180792,3.5514270375045086e-07,0.19036683481175853,0.7223571599537295,25,20,20
38,5945,0.08727413346769347,3.5538046042184837e-07,0.19036835354674175,0.722357157605104,25,20,20
38,5946,0.08727413346769343,3.5538046034655715e-07,0.19036827046804916,0.7223572406837968,25,20,20
38,5947,0.0872741334676942,3.553802159021253e-07,0.19036813761493146,0.722357373537158,25,20,20
38,5948,0.10033746900204213,2.2412339584672427e-08,0.17984056949107516,0.719821939094543,25,20,20
38,5949,0.10033746900186319,2.241209921702727e-08,0.1798385685848352,0.7198239400012024,25,20,20
38,5950,0.10033746900204309,2.241209914300429e-08,0.1801519349318912,0.7195105736539665,25,20,20
38,5951,0.10372341065483648,1.9070540201560147e-08,0.17676682539759828,0.7195097448770249,25,20,20
38,5952,0.1097562472881271,1.899209947060421e-08,0.17073398920415692,0.7195097445156167,25,20,20
38,5953,0.11071928731552588,1.874564297528568e-08,0.1697709495200616,0.7195097444187695,25,20,20
38,5954,0.11071928731548042,1.874539839304166e-08,0.16976894794842054,0.7195117459907007,25,20,20
38,5955,0.11071928731548125,1.8759211840612742e-08,0.1701420149153534,0.7191386790099534,25,20,20
38,5956,0.11071928731548124,1.875921176534382e-08,0.17014201287729921,0.7191386810480077,25,20,20
38,5957,0.11071928731548202,1.8759211690102187e-08,0.17014213371178458,0.7191385602135216,25,20,20
38,5958,0.10984563237349962,2.0807632309237846e-06,0.13909212994830394,0.7510601569149655,25,20,20
38,5959,0.10984563237349967,2.080763230925083e-06,0.1390921638332375,0.7510601230300318,25,20,20
38,5960,0.10984563237350287,2.0807771712142086e-06,0.13909926201332656,0.7510530248359992,25,20,20
38,5961,0.10983291905031344,2.0868797574874993e-06,0.1437534126559764,0.7464115814139527,25,20,20
38,5962,0.10983291905035897,2.086879761779123e-06,0.14374891011054014,0.7464160839593389,25,20,20
38,5963,0.10983291905035897,2.086879761779123e-06,0.14374890963646722,0.7464160844334121,25,20,20
38,5964,0.10983291905035891,2.0868797618530397e-06,0.14375360848782806,0.7464113855820511,25,20,20
38,5965,0.11612656370756808,2.0868799662366617e-06,0.1374599849209566,0.746411364491509,25,20,20
38,5966,0.11612656370756724,2.086866152715119e-06,0.13708683887089612,0.7467845105553838,25,20,20
38,5967,0.1161265637076096,2.086866148500555e-06,0.13708229068745448,0.7467890587387873,25,20,20
38,5968,0.15608903274381175,2.072632772938807e-06,0.09711983592567884,0.7467890586977363,25,20,20
38,5969,0.1560890327439487,2.0726466686056664e-06,0.09712755464318672,0.7467813399661959,25,20,20
38,5970,0.15608903275432853,2.0726469174662066e-06,0.09713649580260147,0.7467723987961524,25,20,20
38,5971,0.15608903275414782,2.0726469174662164e-06,0.09682080939557659,0.7470880852033579,25,20,20
38,5972,0.15608903275414782,2.072646917390965e-06,0.09681624987842091,0.7470926447205137,25,20,20
38,5973,0.15599964745188152,1.0647899709055335e-08,0.08894737596345736,0.7550529659367616,25,20,20
38,5974,0.1559996474518823,1.0647899710398964e-08,0.08894894561392176,0.7550513962862964,25,20,20
38,5975,0.15599964744150246,1.064765084724084e-08,0.08894000044864338,0.7550603414622036,25,20,20
38,5976,0.15599964743233033,1.0647647204869598e-08,0.08428090088956708,0.7597194410304554,25,20,20
38,5977,0.15598891669511675,6.231256740162926e-09,0.0842241803018751,0.7597868967717509,25,20,20
38,5978,0.1559889166951168,6.241345474628348e-09,0.09528262639111745,0.74872845067242,25,20,20
38,5979,0.1559889166951168,6.241345548577105e-09,0.09528266120238374,0.7487284158611536,25,20,20
38,5980,0.15598891669511605,6.241589458113312e-09,0.0953748732936256,0.7486362037696687,25,20,20
38,5981,0.15598891669511605,6.241589384141418e-09,0.09538143809744762,0.7486296389658466,25,20,20
38,5982,0.11611074836885063,5.513857472659188e-08,0.13525955336504852,0.7486296431275257,25,20,20
38,5983,0.11611074836880515,5.513857036100592e-08,0.13525943657955986,0.7486297599130641,25,20,20
38,5984,0.11611074836880515,5.5138574576867896e-08,0.13526402485444972,0.7486251716381698,25,20,20
38,5985,0.11611074837756517,5.513858181773388e-08,0.14150725329882,0.7423819431850321,25,20,20
38,5986,0.11611074837756519,1.447564224427738e-05,0.14156148836373098,0.7423132876164589,25,20,20
38,5987,0.11392159650279896,1.4479882527454271e-05,0.14375063528256662,0.7423132883321069,25,20,20
38,5988,0.15347378623864605,1.443107411755555e-05,0.1041984985094018,0.7423132841778343,25,20,20
38,5989,0.11925883799355042,1.4431834909451494e-05,0.1384134459322715,0.7423132842392692,25,20,20
38,5990,0.11925883799355036,1.4431834665392692e-05,0.13832115139082884,0.7424055787809558,25,20,20
38,5991,0.11925883799355111,1.4431834665467961e-05,0.13832118678849345,0.7424055433832905,25,20,20
38,5992,0.11925883799355191,1.443183466974574e-05,0.13845071108517748,0.7422760190866013,25,20,20
38,5993,0.119258837993734,1.4431824581087863e-05,0.12739388808650834,0.753332842095177,25,20,20
38,5994,0.12505579599779584,1.442750380905619e-05,0.12159693511842681,0.7533328413799688,25,20,20
38,5995,0.12505579599779504,1.4427503830158354e-05,0.15813500177126164,0.7167947747271135,25,20,20
38,5996,0.08871657411004627,1.4453058447218232e-05,0.19447419166095464,0.7167947811705513,25,20,20
38,5997,0.08871657411009175,1.4453058691813183e-05,0.1944743253358867,0.7167946474953291,25,20,20
38,5998,0.11482738063059049,1.4427502505300438e-05,0.1683635504942478,0.7167946413726557,25,20,20
38,5999,0.11482738063054576,1.4427502509516785e-05,0.16836359179095098,0.716794600075993,25,20,20
38,6000,0.11482738063036363,1.4427502509441504e-05,0.16837003076757626,0.7167881610995501,25,20,20
38,6001,0.11482738060961838,1.4427488602650675e-05,0.16825203300282005,0.7169061588989583,25,20,20
38,6002,0.11482738060962157,1.4427488606941598e-05,0.16825393769358968,0.7169042542081813,25,20,20
38,6003,0.11482738060957605,1.4427488362271364e-05,0.1682491021563677,0.7169090897456933,25,20,20
38,6004,0.11482738060957605,1.4427488362198713e-05,0.1682536880873177,0.7169045038147434,25,20,20
38,6005,0.11482738060957207,1.4427474426247392e-05,0.16851052207283623,0.7166476698431649,25,20,20
38,6006,0.11482738060957207,1.4427474426248715e-05,0.16851052207491912,0.7166476698410819,25,20,20
38,6007,0.11482738060957522,1.4427474426248784e-05,0.16850585906429813,0.7166523328517,25,20,20
38,6008,0.11482738060957522,1.4427474426248784e-05,0.16850574754842512,0.716652444367573,25,20,20
38,6009,0.11482738060957447,1.442747443053857e-05,0.1685088820353764,0.7166493098806184,25,20,20
38,6010,0.11482738060081527,1.4427474423297708e-05,0.1622592033710444,0.7228989885537167,25,20,20
38,6011,0.11482738093057991,5.755776554412994e-06,0.1622404664099702,0.722926396882895,25,20,20
38,6012,0.11482738093074002,5.755776554338715e-06,0.16691729852196782,0.7182495647707371,25,20,20
38,6013,0.11482738093076128,5.755776554488309e-06,0.16224049251421538,0.7229263707784683,25,20,20
38,6014,0.11482738093057913,5.755776554410427e-06,0.16223890795241203,0.7229279553404538,25,20,20
38,6015,0.11482738093057908,5.755776550119297e-06,0.1622342044006824,0.7229326588921878,25,20,20
38,6016,0.11482738093057908,5.755776550120595e-06,0.16223420637379465,0.7229326569190756,25,20,20
38,6017,0.11500397058386339,5.755687976622891e-06,0.16205761680161362,0.7229326569265457,25,20,20
38,6018,0.11500397058386343,5.755687976695588e-06,0.16205754299067596,0.7229327307374834,25,20,20
38,6019,0.11500397058386343,5.755687976692994e-06,0.1620528817427792,0.7229373919853802,25,20,20
38,6020,0.11234996444441286,5.754934262203545e-06,0.16470688869750666,0.7229373919238181,25,20,20
38,6021,0.11234996444441209,5.754934262203063e-06,0.16471139555526143,0.7229328850660641,25,20,20
38,6022,0.11234996444445718,5.754934504545737e-06,0.16508451829868218,0.722559762322356,25,20,20
38,6023,0.11234996444445723,5.754934504622302e-06,0.165084593640491,0.7225596869805471,25,20,20
38,6024,0.11234996444445722,5.754934504548321e-06,0.16507799080957652,0.7225662898114615,25,20,20
38,6025,0.11234996444445641,5.7549345046222935e-06,0.16507795211807874,0.72256632850296,25,20,20
38,6026,0.11793019601963291,1.6008799091165843e-07,0.159530711208144,0.722538932684232,25,20,20
38,6027,0.11793019601963212,1.600879909239948e-07,0.1594034645136426,0.722666179378734,25,20,20
38,6028,0.11793019601963212,1.600879867061329e-07,0.1597718642166701,0.7222977796757108,25,20,20
38,6029,0.1179301960196772,1.60101795578342e-07,0.1601413414045129,0.7219283024740138,25,20,20
38,6030,0.12232764727958018,1.6017778728342232e-07,0.15574389038317893,0.7219283021594534,25,20,20
38,6031,0.12232764728633469,1.6069482813620674e-07,0.1697223629625256,0.7079498290563123,25,20,20
38,6032,0.12232764728633468,1.6069482392087208e-07,0.1699864163160851,0.7076857757027569,25,20,20
38,6033,0.12232764728633228,1.60694823920791e-07,0.17036037660829695,0.7073118154105476,25,20,20
38,6034,0.12232764728633226,1.6069482384617968e-07,0.16998743655047313,0.7076847554683715,25,20,20
38,6035,0.12232764728632907,1.606948194825915e-07,0.16998553181998205,0.7076866601988702,25,20,20
38,6036,0.12499803515291465,1.6068771819756795e-07,0.16731514395834376,0.7076866602010241,25,20,20
38,6037,0.12499803515291782,1.6068772256375052e-07,0.16732170993673606,0.7076800942226242,25,20,20
38,6038,0.12499803515291788,1.606877183024891e-07,0.16705549255607838,0.707946311603286,25,20,20
38,6039,0.1258933196556225,4.230147869044861e-07,0.16615873668015232,0.7079475206494389,25,20,20
38,6040,0.12589331965562253,4.230147869784799e-07,0.16602192583737138,0.7080843314922198,25,20,20
38,6041,0.12589331965562253,4.2301478690448515e-07,0.16602188718439145,0.7080843701451996,25,20,20
38,6042,0.1258933196647907,4.2301500285233025e-07,0.17069872159103722,0.7034075357291698,25,20,20
38,6043,0.1258933196646084,4.230011114007433e-07,0.17056163055780577,0.7035446267764749,25,20,20
38,6044,0.1258933196646084,4.2300111139944557e-07,0.17056163113337344,0.7035446262009072,25,20,20
38,6045,0.12589331966442624,4.2300111124886153e-07,0.17056148912696803,0.7035447682074948,25,20,20
38,6046,0.12589331966442546,4.230011112488963e-07,0.17018760483236264,0.7039186525021008,25,20,20
38,6047,0.12589331966442227,4.2300110688401065e-07,0.17018107935965066,0.7039251779748205,25,20,20
38,6048,0.1258933196643772,4.229872937219684e-07,0.1698069805368415,0.704299276811488,25,20,20
38,6049,0.12589331965520897,4.229870819891773e-07,0.165130173131211,0.7089760842264984,25,20,20
38,6050,0.12589331965520978,4.2298708628081405e-07,0.1651303684379605,0.7089758889197436,25,20,20
38,6051,0.12589331965520978,4.229870862055005e-07,0.16513025118859812,0.7089760061691063,25,20,20
38,6052,0.12589331965520653,4.2298708612756705e-07,0.16513028719928358,0.7089759701584238,25,20,20
38,6053,0.12106997258017162,2.69419613282843e-07,0.16995369604378696,0.7089760619564278,25,20,20
38,6054,0.12106997258017166,2.694196133581119e-07,0.16995369545909728,0.7089760625411173,25,20,20
38,6055,0.10789695264668424,2.696044570726745e-07,0.18013113334649553,0.7119716444023632,25,20,20
38,6056,0.10789695264668744,2.69604457075315e-07,0.18013283894398177,0.7119699388048737,25,20,20
38,6057,0.10789695264668749,2.696044571479577e-07,0.18013283901286894,0.7119699387359862,25,20,20
38,6058,0.10789695264668744,2.696044570726665e-07,0.1801327250989158,0.7119700526499396,25,20,20
38,6059,0.11275074506769636,7.293314174007783e-09,0.17528037990358894,0.7119688677354005,25,20,20
38,6060,0.11275074506769636,7.29331417402993e-09,0.17528698270396262,0.7119622649350267,25,20,20
38,6061,0.1127507450676963,7.293314100090609e-09,0.17528239731383127,0.7119668503251582,25,20,20
38,6062,0.11275074506774137,7.293314173359034e-09,0.1756558555912298,0.7115933920477145,25,20,20
38,6063,0.11275074506774137,7.293314173382207e-09,0.17565589219028294,0.7115933554486614,25,20,20
38,6064,0.11275074506778643,7.293318349682545e-09,0.1760293174084688,0.7112199302304262,25,20,20
38,6065,0.11275074506774212,7.2933141733822175e-09,0.17565589420283192,0.7115933534361116,25,20,20
38,6066,0.11275074506774217,7.293314300437853e-09,0.18190531178422528,0.7053439358547179,25,20,20
38,6067,0.11275074506774217,7.293310084063727e-09,0.18190528475834783,0.7053439628805996,25,20,20
38,6068,0.10183943451053418,1.2491762529976374e-07,0.19404905498058575,0.7041113855912543,25,20,20
38,6069,0.10183943451053419,1.2491762537373534e-07,0.1940490569956555,0.7041113835761844,25,20,20
38,6070,0.10183943450381808,1.2440058458556984e-07,0.1863204550942933,0.7118399860013036,25,20,20
38,6071,0.10183943450386358,1.244005887264423e-07,0.18619757813573592,0.7119628629598113,25,20,20
38,6072,0.10183943450386358,1.2440058872575518e-07,0.18620398616917708,0.7119564549263702,25,20,20
38,6073,0.10183943450386441,1.2518881508163316e-07,0.186527255810745,0.711633184496575,25,20,20
38,6074,0.10183943450386522,1.2518881508289616e-07,0.1869012539938083,0.7112591863135109,25,20,20
38,6075,0.12800666695129576,1.3065760802441869e-05,0.16065940324841826,0.7113208640394835,25,20,20
38,6076,0.12800666695125062,1.3065760802367279e-05,0.1602859449358824,0.7116943223520645,25,20,20
38,6077,0.1280066669512507,1.3065760802442546e-05,0.16028602225078242,0.7116942450371644,25,20,20
38,6078,0.12806686716916987,1.3065383689915588e-05,0.16022592702011684,0.7116941404270237,25,20,20
38,6079,0.12725031287761732,1.3065384107178724e-05,0.16104248130614415,0.7116941404321316,25,20,20
38,6080,0.12725031287761804,1.3065384107202233e-05,0.15479760258481867,0.7179390191534556,25,20,20
38,6081,0.1273153610733907,1.3086169037471628e-05,0.15473243450654903,0.717939118251023,25,20,20
38,6082,0.1273153610759478,1.3086169045990283e-05,0.14848287696185253,0.7241886757931542,25,20,20
38,6083,0.12731536107590277,1.3086168803648954e-05,0.1481144915854413,0.7245570611698529,25,20,20
38,6084,0.12731536107590205,1.3086169043939584e-05,0.14812099934772552,0.724550553407329,25,20,20
38,6085,0.09546646730957939,1.4559756710429574e-07,0.18004451141118788,0.7244888756816659,25,20,20
38,6086,0.08872728319327391,6.109275992880849e-08,0.15964807343204096,0.7516245822819262,25,20,20
38,6087,0.08872728319327634,6.109275985451185e-08,0.15982288299790784,0.7514497727160568,25,20,20
38,6088,0.08872728319327634,6.109275977922015e-08,0.15982280051758715,0.7514498551963775,25,20,20
38,6089,0.08872728319327311,6.1092759779563e-08,0.15964337139797677,0.7516292843159913,25,20,20
38,6090,0.08872728319327317,6.109276406921083e-08,0.1596498943411083,0.7516227613728553,25,20,20
38,6091,0.08872728319327317,6.109276406921083e-08,0.15964992832100838,0.751622727392955,25,20,20
38,6092,0.08872728319327317,6.109276407053093e-08,0.15964989292523268,0.7516227627887307,25,20,20
38,6093,0.07849221623455732,6.489338638815474e-08,0.16988497958117554,0.7516227392908813,25,20,20
38,6094,0.06946866381551527,3.1589248874053476e-08,0.17246672516617875,0.7580645794290577,25,20,20
38,6095,0.09533363534670256,4.084688727985691e-07,0.14655016599086632,0.758115790193559,25,20,20
38,6096,0.06577839012625447,2.6487231497571633e-06,0.17609228782972403,0.7581266733208722,25,20,20
38,6097,0.06577839012625447,2.648723154020214e-06,0.17635861909415007,0.7578603420564417,25,20,20
38,6098,0.06577839012620895,2.6487231497292684e-06,0.17635197396663393,0.7578669871840076,25,20,20
38,6099,0.06584148423014194,1.4706843106555685e-05,0.17627693222240637,0.7578668767043457,25,20,20
38,6100,0.06584148423014194,1.4706843106630976e-05,0.17627696067022414,0.7578668482565278,25,20,20
38,6101,0.06584148423014186,1.470684286212268e-05,0.17627037149028113,0.7578734374367154,25,20,20
38,6102,0.062019350018985425,1.4715980033642244e-05,0.18009245225733125,0.7578734817436505,25,20,20
38,6103,0.062019350018985425,1.4715980033567e-05,0.18009233767176316,0.7578735963292186,25,20,20
38,6104,0.062019350018984634,1.4715980033491711e-05,0.1800988267842608,0.7578671072167218,25,20,20
38,6105,0.062019350018981435,1.4715980033489094e-05,0.18009712315979645,0.7578688108411892,25,20,20
38,6106,0.06201935001898464,1.4715980033564385e-05,0.180090688631122,0.7578752453698604,25,20,20
38,6107,0.06201935001898784,1.4715980037856021e-05,0.18009076943726815,0.7578751645637068,25,20,20
38,6108,0.06201935001898783,1.4715980042145674e-05,0.18009076891794706,0.7578751650830235,25,20,20
38,6109,0.06201935001899102,1.4715980037957889e-05,0.17982614671034547,0.7581397872906263,25,20,20
38,6110,0.06201935001898783,1.471598004217373e-05,0.17983068060330545,0.7581352533976652,25,20,20
38,6111,0.06201935001898782,1.4715980037881278e-05,0.17982597646553386,0.7581399575354411,25,20,20
38,6112,0.062019825463983935,1.471676617277667e-05,0.18026065888211576,0.7577047988877281,25,20,20
38,6113,0.062019825463984705,1.4716766176977842e-05,0.18039011103519914,0.7575753467346398,25,20,20
38,6114,0.06201982546398157,1.4716766181192893e-05,0.1803885972253814,0.7575768605444566,25,20,20
38,6115,0.06201982546402716,1.4716766185560888e-05,0.18039092594243886,0.757574531827349,25,20,20
38,6116,0.06201982546402721,1.4716766185636145e-05,0.18039092471863138,0.7575745330511565,25,20,20
38,6117,0.06201982546402642,1.4716766185636183e-05,0.1800185454095261,0.7579469123602623,25,20,20
38,6118,0.06189168184499574,2.6318347789721085e-06,0.1801587916884525,0.7579468946317733,25,20,20
38,6119,0.06189120639999643,2.6310486397851007e-06,0.1797239120291101,0.7583822505222543,25,20,20
38,6120,0.06189120639999638,2.6310486397851007e-06,0.17972383811148507,0.7583823244398792,25,20,20
38,6121,0.061891206399996374,2.6310486439996643e-06,0.17972850027896087,0.7583776622723992,25,20,20
38,6122,0.06341591200817255,2.6318238187882016e-06,0.17820379383925022,0.7583776623287587,25,20,20
38,6123,0.0634159120081725,2.631823818786858e-06,0.17820385475617734,0.7583776014118315,25,20,20
38,6124,0.0634159120081725,2.631823818711589e-06,0.1782104327342628,0.7583710234337461,25,20,20
38,6125,0.06341591201095303,2.631824067599034e-06,0.17820866358993545,0.7583727925750441,25,20,20
38,6126,0.04092493180270874,2.305563440640169e-06,0.2007509394867747,0.7583218231470756,25,20,20
38,6127,0.040924931802711936,2.305563445006352e-06,0.20075754600032522,0.7583152166335176,25,20,20
38,6128,0.04092493180271199,2.3055634450050782e-06,0.20075757456244422,0.7583151880713984,25,20,20
38,6129,0.040924931802712734,2.3055634450076257e-06,0.20113100572311907,0.7579417569107229,25,20,20
38,6130,0.04098864469289964,0.0003474891598842275,0.20073247422670806,0.7579313919205077,25,20,20
38,6131,0.04098864469289884,0.000347489159879951,0.20060294095759143,0.7580609251896294,25,20,20
38,6132,0.040988644692898805,0.000347489159880025,0.20060302062658533,0.7580608455206354,25,20,20
38,6133,0.040988644685202295,0.0003477460574680714,0.2006027637303049,0.7580608455270247,25,20,20
38,6134,0.04098864484626448,0.0003477460716398528,0.16407540376318938,0.7945882053189065,25,20,20
38,6135,0.0409886448462645,0.0003477460716355617,0.16407070268426163,0.7945929063978384,25,20,20
38,6136,0.040988644846265236,0.00034774607188014524,0.1640726094429102,0.7945909996389444,25,20,20
38,6137,0.03986086116677313,0.0003477469026931228,0.16520047104664987,0.7945909208838832,25,20,20
38,6138,0.03986086116695522,0.0003477469166324282,0.1652127925858813,0.7945785993305304,25,20,20
38,6139,0.03990853129754981,0.0006032828664913645,0.16490921114650145,0.7945789746894572,25,20,20
38,6140,0.03990853113648762,0.0006032828522984082,0.16490496606979302,0.7945832199414207,25,20,20
38,6141,0.039908531136518655,0.0006032828541990568,0.20480918893745537,0.7546789970718263,25,20,20
38,6142,0.04308197674277138,0.0006033165965856762,0.2016264813888164,0.7546882252718251,25,20,20
38,6143,0.04308197674277059,0.0006033165963410938,0.20162638111971704,0.7546883255411698,25,20,20
38,6144,0.04308197674281502,0.0006033165965883499,0.20151919319639894,0.7547955134641959,25,20,20
38,6145,0.043081976742815026,0.0006033165965840609,0.20151907820709572,0.7547956284535035,25,20,20
38,6146,0.043081976742769805,0.0006033165963410948,0.2012574294942993,0.7550572771665881,25,20,20
38,6147,0.043081976742768965,0.000603315808110448,0.2009276370414613,0.7553870704076577,25,20,20
38,6148,0.08021762523331627,0.0006032643642941184,0.1637920111449929,0.7553870992573962,25,20,20
38,6149,0.08021762523331626,0.0006032643642941171,0.1637919680155626,0.7553871423868267,25,20,20
38,6150,0.08021762523327386,0.0006032643642940418,0.16379126430201515,0.7553878461004166,25,20,20
38,6151,0.08021762523327065,0.0006032643642896756,0.16378465920021235,0.7553944512022269,25,20,20
38,6152,0.08021762523327068,0.0006032643642939658,0.16378693746905193,0.755392172933383,25,20,20
38,6153,0.08021762523309178,0.0006032643503546605,0.16377477972506804,0.7554043306914849,25,20,20
38,6154,0.08021762523308866,0.0006032643503504442,0.1637732706086233,0.755405839807937,25,20,20
38,6155,0.08021762523309185,0.0006032643503504457,0.1637733151544596,0.7554057952620975,25,20,20
38,6156,0.04789103116197199,0.0006032556757527011,0.19609290305914112,0.7554128101031329,25,20,20
38,6157,0.04784338067358855,0.00035414019849327175,0.1963900345913886,0.7554124445365283,25,20,20
38,6158,0.04784338067381617,0.0003541401984933466,0.19639384713439945,0.7554086319932898,25,20,20
38,6159,0.04784352906484993,0.0003541402008971452,0.19648555786940644,0.7553167728648457,25,20,20
38,6160,0.04784352906485067,0.0003541402008928543,0.19648565306796953,0.7553166776662862,25,20,20
38,6161,0.04784352906462304,0.00035414020088848696,0.1964771363974406,0.755325194337047,25,20,20
38,6162,0.047843529064805185,0.0003541402008928538,0.19647733508891602,0.7553249956453852,25,20,20
38,6163,0.04784352906480836,0.00035414020089285516,0.1964774416785462,0.7553248890557518,25,20,20
38,6164,0.04784352906480837,0.0003541402008929278,0.19647095284112562,0.7553313778931723,25,20,20
38,6165,0.08686956815484442,0.00035414019658847317,0.1574487127238745,0.755327578924692,25,20,20
38,6166,0.08734028543575262,0.00035414055955576584,0.156978184780964,0.7553273892237271,25,20,20
38,6167,0.08734028543575581,0.00035414055955584244,0.15698046327352305,0.7553251107311649,25,20,20
38,6168,0.08736691735684701,0.0003541401900803577,0.15695383345462688,0.7553251089984454,25,20,20
38,6169,0.08736691735688934,0.0003541401900803577,0.15696048359357506,0.755318458859455,25,20,20
38,6170,0.08736689480810193,0.021140897121866765,0.13614324583993326,0.7553489622300975,25,20,20
38,6171,0.08736689480810193,0.021140897121866842,0.13613672412029826,0.7553554839497325,25,20,20
38,6172,0.08736689480810514,0.021140897121871206,0.13614332922209663,0.7553488788479266,25,20,20
38,6173,0.08730108658568331,0.02080062408581967,0.13654991876200623,0.7553483705664906,25,20,20
38,6174,0.08730108658572884,0.020800624085819598,0.1365522368373442,0.7553460524911073,25,20,20
38,6175,0.08730108606271791,0.020800624085607695,0.1318944141898281,0.7600038756618462,25,20,20
38,6176,0.07022925247065002,0.020800635262227137,0.14879012855269166,0.7601799837144312,25,20,20
38,6177,0.07022925247065008,0.020800635262227214,0.14905637927720988,0.7599137329899126,25,20,20
38,6178,0.07022925247065002,0.02080063526222285,0.14904977509299794,0.7599203371741291,25,20,20
38,6179,0.0702292822025864,0.020800635262222783,0.1490497453610523,0.7599203371741384,25,20,20
38,6180,0.0702292822025832,0.020800635262222783,0.1490496626066234,0.7599204199285705,25,20,20
38,6181,0.07022928220262543,0.02080063605512858,0.14914196623161544,0.7598281155106306,25,20,20
38,6182,0.07022928220262224,0.020800636055128587,0.14914185858145093,0.7598282231607982,25,20,20
38,6183,0.0702292822024401,0.020800636055124295,0.14914174293355073,0.7598283388088849,25,20,20
38,6184,0.07022928220239534,0.02080063605512429,0.1491460764182805,0.7598240053242,25,20,20
38,6185,0.07022928221277706,0.02080063605512866,0.14914774047469342,0.7598223412574009,25,20,20
38,6186,0.07758010322340586,0.020800628803220613,0.14191426787790162,0.7597050000954719,25,20,20
38,6187,0.07758010322336042,0.02080062801031481,0.14182438631659022,0.7597948824497347,25,20,20
38,6188,0.07758010322354215,0.0208006280105588,0.14191198951440998,0.7597072792514892,25,20,20
38,6189,0.07399831068480567,0.020800628066949076,0.14550083867195626,0.7597002225762892,25,20,20
38,6190,0.08253537658385851,0.02080166821463877,0.1367426560012207,0.7599202992002821,25,20,20
38,6191,0.08253537658385855,0.0208016682146387,0.13674265544949707,0.7599202997520058,25,20,20
38,6192,0.08253537658385846,0.020801668214634406,0.13674103204063467,0.7599219231608727,25,20,20
38,6193,0.08253537619145067,0.03997636220825782,0.11759685160333178,0.7598914099969599,25,20,20
38,6194,0.08253537619145385,0.03997636220826638,0.11771576146400889,0.7597725001362712,25,20,20
38,6195,0.08253537619145385,0.03997636220826209,0.11772008823416914,0.7597681733661151,25,20,20
38,6196,0.08253537619149816,0.03997636220826209,0.11808735439056978,0.7594009072096702,25,20,20
38,6197,0.08253537619149816,0.03997636220826209,0.11808735581463833,0.7594009057856016,25,20,20
38,6198,0.08253537619162982,0.039976362782727766,0.12916900116032776,0.7483192598653149,25,20,20
38,6199,0.0825353761916298,0.03997636278272769,0.12916888584869032,0.7483193751769524,25,20,20
38,6200,0.08253537619162982,0.03997636278273191,0.12917537645528274,0.7483128845703555,25,20,20
38,6201,0.08253537618884932,0.039976362782483024,0.12917064811552584,0.7483176129131418,25,20,20
38,6202,0.0825353761887568,0.039976362219782464,0.12433199664848148,0.7531562649429792,25,20,20
38,6203,0.08253537618871766,0.03997636220801735,0.11821191775515716,0.7592763438481077,25,20,20
38,6204,0.0825353761887176,0.03997636220801728,0.1179502863569798,0.7595379752462853,25,20,20
38,6205,0.0825353761887176,0.03997636220801728,0.11782084682635936,0.7596674147769058,25,20,20
38,6206,0.08253537618871755,0.03997636220801734,0.12407031872138878,0.7534179428818762,25,20,20
38,6207,0.08253537618867204,0.03997636220801741,0.12406520764717657,0.7534230539561338,25,20,20
38,6208,0.08253537618885019,0.03997636220825355,0.12394132961440843,0.7535469319884878,25,20,20
38,6209,0.08253537618867168,0.03997636220800957,0.12394132069074529,0.7535469409125736,25,20,20
38,6210,0.08253537618866855,0.03997636220800957,0.12384905504343788,0.753639206559884,25,20,20
38,6211,0.0825353761886686,0.03994526250176813,0.12388015475523534,0.753639206554328,25,20,20
38,6212,0.0825353761886718,0.03994526250177242,0.12388037864627253,0.7536389826632833,25,20,20
38,6213,0.08253537618607627,0.03994526250176385,0.12388009396258451,0.7536392673495753,25,20,20
38,6214,0.08253537618607702,0.039945262502006834,0.12414641601564007,0.753372945296276,25,20,20
38,6215,0.08253537618607702,0.03994526250200691,0.12415302102632793,0.753366340285588,25,20,20
38,6216,0.08253537618607694,0.03994526250200262,0.12414652896754755,0.7533728323443728,25,20,20
38,6217,0.07943017221889369,0.039945227969555505,0.12726099566252444,0.7533636041490263,25,20,20
38,6218,0.07943044659696184,0.03993807327043093,0.12686712750460807,0.7537643526279997,25,20,20
38,6219,0.07943044658658012,0.03993807327042656,0.12686549885408918,0.7537659812889048,25,20,20
38,6220,0.07943044658675905,0.03993807327066678,0.1268655973830401,0.7537658827595348,25,20,20
38,6221,0.07943044658680455,0.03993807327066678,0.12686409697230788,0.7537673831702216,25,20,20
38,6222,0.07943044658675943,0.03993807327066678,0.12649017866911566,0.7541413014734588,25,20,20
38,6223,0.07943044658675937,0.039938073270666855,0.12675642934281195,0.7538750507997622,25,20,20
38,6224,0.0794304465893307,0.0399380732709092,0.12712945110425813,0.7535020290355022,25,20,20
38,6225,0.1134827710366516,0.03993807275041312,0.09307712965762427,0.7535020265553114,25,20,20
38,6226,0.11562620205417679,0.039937028678123945,0.091213587858419,0.7532231814092806,25,20,20
38,6227,0.11562623184396256,0.03993702867812774,0.08963840278020699,0.7547983366977031,25,20,20
38,6228,0.11562623184396255,0.03993702867812774,0.08963187881343798,0.7548048606644722,25,20,20
38,6229,0.11562623184396335,0.039937028678127665,0.08936558654810949,0.7550711529297998,25,20,20
38,6230,0.09212230999244717,0.03993703722034332,0.11286949983277704,0.7550711529544324,25,20,20
38,6231,0.09212230999244722,0.03993703722034332,0.11286949986791445,0.7550711529192949,25,20,20
38,6232,0.09212230999244729,0.03993703722034347,0.11296167974039878,0.7549789730468105,25,20,20
38,6233,0.09212230999240177,0.03993703722034332,0.11296167101587538,0.7549789817713795,25,20,20
38,6234,0.09212230999240108,0.03993703722010025,0.11270002198814544,0.7552406307993532,25,20,20
38,6235,0.09212230999240108,0.03993703721985996,0.11269802276540754,0.7552426300223314,25,20,20
38,6236,0.09212230999240108,0.03993703721985989,0.11269794079650561,0.7552427119912335,25,20,20
38,6237,0.09052935394902509,0.03993703721961922,0.11429089697578235,0.7552427118555733,25,20,20
38,6238,0.09052935394884382,0.039937038005527455,0.1147235730587523,0.7548100349868763,25,20,20
38,6239,0.0905293539486617,0.039937038005523166,0.11471909780048821,0.7548145102453269,25,20,20
38,6240,0.09616097795589967,0.03993704092584481,0.10908741628013581,0.7548145648381197,25,20,20
38,6241,0.08531398527984377,0.039946980216518685,0.11992442667758754,0.7548146078260501,25,20,20
38,6242,0.08531398527984456,0.039946980216761754,0.12019075015508193,0.7545482843483117,25,20,20
38,6243,0.08531398527984456,0.039946980216761754,0.12019066768826939,0.7545483668151242,25,20,20
38,6244,0.08531398527984459,0.03994698021676604,0.12019514125409175,0.7545438932492975,25,20,20
38,6245,0.08531398528243966,0.03994698021676612,0.12020179407714898,0.7545372404236451,25,20,20
38,6246,0.0853139852824396,0.03994698021676597,0.12010961421474234,0.754629420286052,25,20,20
38,6247,0.08531398528243951,0.03994698021676604,0.12010499381868396,0.7546340406821104,25,20,20
38,6248,0.08531398528244191,0.039946980216766195,0.12011155852744979,0.754627475973342,25,20,20
38,6249,0.08531398528244105,0.039946979430613275,0.11967723043752963,0.755061804849416,25,20,20
38,6250,0.0959629898611814,0.0399370401414138,0.10903820774277,0.7550617622546347,25,20,20
38,6251,0.09596298986118226,0.03993704014165837,0.1090467886328882,0.7550531813642712,25,20,20
38,6252,0.09596298986118229,0.03993704014165837,0.10904701920463579,0.7550529507925237,25,20,20
38,6253,0.0959629898611824,0.03993704014166266,0.10904702122013538,0.7550529487770195,25,20,20
38,6254,0.09596298985858728,0.03993704014166266,0.10904040175733154,0.7550595682424184,25,20,20
38,6255,0.09596298985876855,0.039937040141662744,0.10903852535435889,0.7550614446452097,25,20,20
38,6256,0.09596298985878342,0.038736665113255575,0.11023890038274974,0.7550614446452113,25,20,20
38,6257,0.09596298985878347,0.03873666511325565,0.11023901427236074,0.7550613307556001,25,20,20
38,6258,0.09596298985878433,0.038736665113255804,0.11024565725480845,0.7550546877731514,25,20,20
38,6259,0.1014516637633369,0.03873666511483713,0.10475695936312458,0.7550547117587014,25,20,20
38,6260,0.10145166376333765,0.03873666511483713,0.1047545369214387,0.7550571342003866,25,20,20
38,6261,0.10145163397355192,0.038736665114837567,0.10008180210648934,0.7597298988051213,25,20,20
38,6262,0.08030590455075068,0.03873672860551535,0.12083612636345276,0.7601212404802813,25,20,20
38,6263,0.08030590455073947,0.03997709811518442,0.11959575685369865,0.7601212404803772,25,20,20
38,6264,0.08001838994409705,0.039977098204543676,0.1198832709498824,0.7601212409014765,25,20,20
38,6265,0.08001838994409705,0.03997709820454361,0.11988323755449168,0.7601212742968673,25,20,20
38,6266,0.08001838994409706,0.03997709820454361,0.11988554934573921,0.7601189625056197,25,20,20
38,6267,0.08001838994409943,0.03997709820430488,0.11974871972729349,0.7602557921243018,25,20,20
38,6268,0.08001838994391733,0.03997709820406023,0.11974201667094853,0.7602624951810736,25,20,20
38,6269,0.08001838994412731,0.03938941057458065,0.1203297043003127,0.7602624951809794,25,20,20
38,6270,0.08001838994412726,0.03938941057458486,0.1203297856572785,0.7602624138240095,25,20,20
38,6271,0.08001838994392896,0.039955205181887395,0.11976399105017548,0.7602624138240078,25,20,20
38,6272,0.08010593736717814,0.03995520521016413,0.12007692564346618,0.7598619317791918,25,20,20
38,6273,0.08010593736717735,0.03995520521015984,0.12007464594519072,0.7598642114774725,25,20,20
38,6274,0.08010593736465153,0.03995520520991757,0.11970382760630399,0.7602350298191273,25,20,20
38,6275,0.08010593736465153,0.039955205210155637,0.11994740920455546,0.7599914482206377,25,20,20
38,6276,0.0801059373646516,0.03995520521015571,0.11994753023725935,0.7599913271879337,25,20,20
38,6277,0.08010593736465406,0.03995520521015563,0.1246178748752091,0.7553209825499816,25,20,20
38,6278,0.080105937364654,0.03995520521015976,0.12474076037455367,0.7551980970506331,25,20,20
38,6279,0.08010593736465393,0.03995520521015547,0.12473910151940798,0.7551997559057831,25,20,20
38,6280,0.08010593736465393,0.03995520521015554,0.12474372030391083,0.7551951371212802,25,20,20
38,6281,0.04629890983381815,0.0399552464287837,0.158550707280014,0.7551951364573837,25,20,20
38,6282,0.04629890983381815,0.0399552464287837,0.158546087953673,0.7551997557837246,25,20,20
38,6283,0.06503717581166732,0.03995524639535841,0.13980809893880333,0.7551994788541708,25,20,20
38,6284,0.06503717581166737,0.03995524639535841,0.13980809893945018,0.7551994788535239,25,20,20
38,6285,0.05946253738857235,0.039955205101664316,0.14538277876385083,0.7551994787459125,25,20,20
38,6286,0.05946253738857225,0.039955205101660105,0.1453812711531222,0.7552009863566453,25,20,20
38,6287,0.058556493655536605,0.03995513014860766,0.14667878608910273,0.7548095901067533,25,20,20
38,6288,0.058556493655534156,0.0399551301486076,0.14200199989753357,0.7594863762983252,25,20,20
38,6289,0.05893633478845188,0.03995513014703087,0.1416221827517403,0.7594863523127776,25,20,20
38,6290,0.04572386420567859,0.03995544558321662,0.1547914889192642,0.7595292012918412,25,20,20
38,6291,0.04572386420563305,0.03995544558321654,0.15478916906009044,0.7595315211510605,25,20,20
38,6292,0.04572386420563388,0.039955445597155845,0.1547990963406622,0.7595215938565487,25,20,20
38,6293,0.045723864205633895,0.039955445597155775,0.15479898248839027,0.7595217077088207,25,20,20
38,6294,0.04572386420563723,0.03939005048350924,0.1553643776019391,0.7595217077089151,25,20,20
38,6295,0.04572386420563723,0.03939005048350924,0.15536441416434996,0.7595216711465043,25,20,20
38,6296,0.04572386420563716,0.03939005048350924,0.15537089731050385,0.7595151880003502,25,20,20
38,6297,0.08410021765037251,0.039390050495629894,0.11699454058641905,0.759515191267579,25,20,20
38,6298,0.084100217667896,0.014176102575483162,0.14220848837681127,0.7595151913798098,25,20,20
38,6299,0.084100217667896,0.01417610257548316,0.14220860217449321,0.7595150775821279,25,20,20
38,6300,0.084100217667896,0.01417610257548316,0.14220868125238742,0.7595149985042334,25,20,20
38,6301,0.08410021766789595,0.014176102575483233,0.14221520422043774,0.7595084755361832,25,20,20
38,6302,0.08410021766789592,0.014176102575483232,0.14221520422040107,0.75950847553622,25,20,20
38,6303,0.08410021767827366,0.014176102575485485,0.14184693692214234,0.7598767428240989,25,20,20
38,6304,0.08410021767827686,0.014176102575485487,0.14184699439072643,0.7598766853555116,25,20,20
38,6305,0.08410021767827607,0.014176102575481207,0.14171746624600862,0.7600062135002346,25,20,20
38,6306,0.08410021767827931,0.014176102575481282,0.14172220163720067,0.760001478109039,25,20,20
38,6307,0.08069412841863281,0.014175798432310895,0.1451713374247141,0.7599587357243422,25,20,20
38,6308,0.08069412841862961,0.014175798432310895,0.1451712819191439,0.7599587912299155,25,20,20
38,6309,0.0806941284186296,0.014175798432310895,0.1451710539306935,0.759959019218366,25,20,20
38,6310,0.08069412842120524,0.014175798446151853,0.14547767954105242,0.7596523935915903,25,20,20
38,6311,0.08069412845353469,0.03993834201547576,0.11971513604607663,0.759652393484913,25,20,20
38,6312,0.08069412845353469,0.039938342015480056,0.11971509469632415,0.7596524348346612,25,20,20
38,6313,0.08797147046070966,0.03994685767772676,0.1123872139337968,0.7596944579277666,25,20,20
38,6314,0.08797147045813722,0.03994685766389017,0.11208715627491694,0.7599945156030556,25,20,20
38,6315,0.1209758787172894,0.03994686186478724,0.07908272413001416,0.7599945352879088,25,20,20
38,6316,0.12097587871728623,0.03994686186478288,0.0790762320412472,0.7600010273766834,25,20,20
38,6317,0.12097587871746601,0.03994686263907422,0.07939378542234614,0.7596834732211133,25,20,20
38,6318,0.12097587871746601,0.03994686263907422,0.07939375345428112,0.7596835051891783,25,20,20
38,6319,0.12097587871746328,0.03994686263907419,0.09335922120669421,0.7457180374367681,25,20,20
38,6320,0.12098168882288883,0.03994686308895416,0.09295629294694864,0.746115155141209,25,20,20
38,6321,0.12098168882288883,0.03994686308895416,0.0929562104801362,0.7461152376080215,25,20,20
38,6322,0.1209816917929913,0.03994686322830626,0.11547934852076822,0.723592096457935,25,20,20
38,6323,0.12098169179299136,0.039946863228548526,0.11584586622359243,0.7232255787548684,25,20,20
38,6324,0.12098169179298816,0.039946863228544315,0.11584575710998689,0.7232256878684815,25,20,20
38,6325,0.12753037101779913,0.03994685937817294,0.10929709811866209,0.7232256714853669,25,20,20
38,6326,0.12753037101784423,0.03994685937841527,0.10967078058284434,0.7228519890208972,25,20,20
38,6327,0.12753037101784423,0.03994685937841527,0.10966429101032235,0.7228584785934191,25,20,20
38,6328,0.1275945837716556,0.03995290957378262,0.11307183378516421,0.7193806728693984,25,20,20
38,6329,0.12759458377165564,0.039952909573786985,0.11307653793447893,0.7193759687200793,25,20,20
38,6330,0.12759458372178767,0.04000276655724561,0.11302668100644019,0.7193759687145274,25,20,20
38,6331,0.12759458372160704,0.04000276576901926,0.11269842955532164,0.719704220954053,25,20,20
38,6332,0.1114720466642889,0.040002765612998974,0.12882097014292027,0.7197042175797926,25,20,20
38,6333,0.1114720466642889,0.040002765612998974,0.12882085571814106,0.7197043320045718,25,20,20
38,6334,0.1114720466642897,0.04000276561299477,0.1288272655159455,0.7196979222067708,25,20,20
38,6335,0.11147204666428966,0.040002765612990474,0.1288226444203043,0.7197025433024161,25,20,20
38,6336,0.11147204666424461,0.04000276561274821,0.12844896339823222,0.7200762243247756,25,20,20
38,6337,0.1114720466642478,0.04000276561274821,0.12845112730522323,0.7200740604177814,25,20,20
38,6338,0.11147204666424766,0.038295543348700535,0.13015834956927524,0.7200740604177773,25,20,20
38,6339,0.11147204666429282,0.03829554413693119,0.13048822447893177,0.7197441847198449,25,20,20
38,6340,0.11147204666424766,0.03829554334870069,0.13053145312956882,0.7197009568574836,25,20,20
38,6341,0.11147204666424766,0.03829554334870069,0.13053145054627158,0.7197009594407808,25,20,20
38,6342,0.11147204666424766,0.038295543348700535,0.1301583480606824,0.72007406192637,25,20,20
38,6343,0.11140783175163488,0.038289741062030695,0.1302560290924558,0.7200463980938793,25,20,20
38,6344,0.1278531982798818,0.038289740851647484,0.11381066277520553,0.7200463980932659,25,20,20
38,6345,0.12785319828006336,0.03828974085165184,0.11394019821006263,0.7199168626582229,25,20,20
38,6346,0.12786543981990242,0.04203823838020667,0.11017514069637821,0.7199211811035133,25,20,20
38,6347,0.12786543981990287,0.04314678959999317,0.10906658947658687,0.7199211811035177,25,20,20
38,6348,0.12785371781997198,0.03939809300638164,0.11281942702550386,0.719928762148143,25,20,20
38,6349,0.1278537178303541,0.03939809300638179,0.11281955014496922,0.7199286390182952,25,20,20
38,6350,0.12785371783294905,0.039398093006381946,0.11282875717499749,0.7199194319856719,25,20,20
38,6351,0.12785371783035412,0.03939809300638609,0.11282607417162746,0.7199221149916326,25,20,20
38,6352,0.12785371783035493,0.039398093006630594,0.11283262468373817,0.7199155644792766,25,20,20
38,6353,0.1278537178303549,0.03939809300663052,0.11283251075937226,0.7199156784036427,25,20,20
38,6354,0.14849336978692756,0.039398054712114494,0.09220597921103973,0.7199025962899184,25,20,20
38,6355,0.14849336977654543,0.03939805471211435,0.09220588946118091,0.7199026860501596,25,20,20
38,6356,0.16422933197511042,0.039398043419070584,0.07647004515002974,0.7199025794557885,25,20,20
38,6357,0.16422933197511366,0.03939804341931518,0.07647487867311673,0.7198977459324537,25,20,20
38,6358,0.16422933197511283,0.03939804341931518,0.07646831159023174,0.7199043130153394,25,20,20
38,6359,0.1642293319751137,0.0393980442054681,0.0769027521419172,0.7194698716775002,25,20,20
38,6360,0.1642293319751137,0.039398044205463896,0.07690121176244986,0.719471412056972,25,20,20
38,6361,0.16422933197511447,0.039398044205463896,0.07690777884533487,0.719464844974086,25,20,20
38,6362,0.16609934995323475,0.0393899308064505,0.0750878473253065,0.7194228719150076,25,20,20
38,6363,0.16609934995323156,0.039389930806446205,0.07508772627823297,0.7194229929620886,25,20,20
38,6364,0.16609934996351583,0.03938993002077796,0.0750270995656789,0.7194836204500266,25,20,20
38,6365,0.1381279484979575,0.0393895281850918,0.10299228639016508,0.7194902369267855,25,20,20
38,6366,0.1381279484979575,0.03938952818509187,0.10299236835921333,0.7194901549577374,25,20,20
38,6367,0.13812794849795673,0.03938952818484737,0.10298585066779342,0.7194966726494024,25,20,20
38,6368,0.1381279484979536,0.03938952818484737,0.10298365397729184,0.7194988693399073,25,20,20
38,6369,0.13812794849799914,0.039389528184851585,0.10299017889626944,0.7194923444208798,25,20,20
38,6370,0.13812794849799917,0.039389528184851585,0.1029901049986458,0.7194924183185034,25,20,20
38,6371,0.1381279484978176,0.039389528184847235,0.10286056957388715,0.7196219537434481,25,20,20
38,6372,0.1378366085829142,0.039389528184845306,0.10315190948880174,0.719621953743439,25,20,20
38,6373,0.13847077876128142,0.03938952817915317,0.10251774255370659,0.7196219505058588,25,20,20
38,6374,0.1194001903894963,0.039390837887589146,0.12158691073896391,0.7196220609839504,25,20,20
38,6375,0.11979946559493794,0.039390837979875595,0.12118763459792176,0.7196220618272647,25,20,20
38,6376,0.11979946559493797,0.03939083798008206,0.1274371754502368,0.7133725209747435,25,20,20
38,6377,0.11979946564436596,0.03994698575622319,0.12688102730824175,0.7133725212911693,25,20,20
38,6378,0.11979946564436597,0.03994698575622327,0.12688751767717316,0.7133660309222379,25,20,20
38,6379,0.15591712636647795,0.03994698540778759,0.0907765234236448,0.7133593648020898,25,20,20
38,6380,0.15591712631771024,0.02448259911945166,0.10624089902006331,0.713359375542775,25,20,20
38,6381,0.15591712631771032,0.024482599119451772,0.11729882031188162,0.7023014542509565,25,20,20
38,6382,0.1559171263177103,0.024482599119447484,0.1172938352756662,0.7023064392871763,25,20,20
38,6383,0.15040769358678427,0.024482599105637326,0.12280209584288425,0.7023076114646939,25,20,20
38,6384,0.15040769358678754,0.02448259910564169,0.12280224556097,0.7023074617466004,25,20,20
38,6385,0.15040769358701525,0.024482599105890446,0.12279932734873117,0.7023103799583628,25,20,20
38,6386,0.1504076935870153,0.024482599105890377,0.12280086571714031,0.7023088415899537,25,20,20
38,6387,0.15040769357673411,0.024482599105648765,0.12269340241864628,0.7024163048989704,25,20,20
38,6388,0.15040769357673484,0.024482599105648765,0.12306640594677877,0.7020433013708373,25,20,20
38,6389,0.150407693576738,0.024482599105648765,0.12305988564836703,0.7020498216692458,25,20,20
38,6390,0.15040769357673803,0.024482599105893284,0.1230581141026384,0.7020515932147299,25,20,20
38,6391,0.15040769357673878,0.024482599105893364,0.12305808138757035,0.7020516259297971,25,20,20
38,6392,0.15040769357673564,0.024482599105893364,0.12305807997116433,0.7020516273462062,25,20,20
38,6393,0.15040769357673564,0.02448259910589329,0.12306027503170171,0.7020494322856689,25,20,20
38,6394,0.1504076935767356,0.024482599105893215,0.12306015915733737,0.7020495481600331,25,20,20
38,6395,0.15040769372415103,0.02448259910593057,0.1169540259014324,0.7081556812684857,25,20,20
38,6396,0.15040769372415178,0.024482599105934862,0.11695260172374032,0.7081571054461727,25,20,20
38,6397,0.15040769372415488,0.024482599105692594,0.11658418278157394,0.7085255243885783,25,20,20
38,6398,0.12181361105678197,0.0244826656849669,0.14516612390149086,0.7085375993567595,25,20,20
38,6399,0.12181361105677871,0.024482665684962532,0.14516605664011936,0.7085376666181387,25,20,20
38,6400,0.13079463306163325,0.0244826074241878,0.13606720087120927,0.7086555586429689,25,20,20
38,6401,0.13079463306163405,0.024482607424187806,0.13606723571697277,0.7086555237972046,25,20,20
38,6402,0.13079463306163325,0.024482607424183515,0.1360671533747275,0.708655606139455,25,20,20
38,6403,0.13079463306163644,0.024482607424183588,0.13606866352337343,0.7086540959908058,25,20,20
38,6404,0.13079463306167802,0.02448260742394481,0.13580904613004774,0.7089137133843287,25,20,20
38,6405,0.13079463306167483,0.024482607423944737,0.13580753551543234,0.7089152239989474,25,20,20
38,6406,0.13024296980733288,0.024496404163300692,0.13634657468971437,0.7089140513396515,25,20,20
38,6407,0.13024296980733366,0.024496404163300695,0.13635330930363315,0.7089073167257322,25,20,20
38,6408,0.12867339502593983,0.02449508376639718,0.1379243149600091,0.7089072062476534,25,20,20
38,6409,0.1286733950259399,0.024495083780308558,0.13801512172638147,0.7088163994673695,25,20,20
38,6410,0.12867339501555905,0.024495083780063966,0.1380104004191203,0.708821120785256,25,20,20
38,6411,0.09268668329522597,0.028486818250657246,0.16966563093007953,0.7091608675240373,25,20,20
38,6412,0.09268668329522683,0.028486818250657398,0.16966794208346322,0.7091585563706525,25,20,20
38,6413,0.09268668329478973,0.04313216677827456,0.1550226046080526,0.7091585453188829,25,20,20
38,6414,0.0926866832945625,0.042287062945599786,0.1558677084463924,0.7091585453134452,25,20,20
38,6415,0.09268668329433477,0.042287062945355176,0.15586612202916822,0.7091601317311416,25,20,20
38,6416,0.0927152642909404,0.042287110247448065,0.15583726439314494,0.709160361068466,25,20,20
38,6417,0.09271526457726803,0.04228711024744589,0.17647988492693706,0.6885177402483486,25,20,20
38,6418,0.09271526457726724,0.042287110247445824,0.17647980700050675,0.6885178181747795,25,20,20
38,6419,0.09271526457726723,0.042287110247445824,0.1764776452976908,0.6885199798775953,25,20,20
38,6420,0.09271526457726643,0.04228711024744576,0.17610922770411502,0.688888397471172,25,20,20
38,6421,0.0927152645772672,0.04228711024769023,0.16505864004622978,0.699938985128812,25,20,20
38,6422,0.09271526457726953,0.04228711024744994,0.1650536774790647,0.699943947696215,25,20,20
38,6423,0.09271526457726637,0.04228711024744572,0.16505134695989113,0.6999462782153959,25,20,20
38,6424,0.09271526429125825,0.04228711024744798,0.1444052178488013,0.7205924076124919,25,20,20
38,6425,0.09921090617649506,0.042273313432797124,0.13792337270027916,0.7205924076904279,25,20,20
38,6426,0.09921090617904453,0.042273313432797194,0.13792401230841944,0.720591768079738,25,20,20
38,6427,0.09918231605393403,0.04301326232139659,0.13721288288217473,0.7205915387424937,25,20,20
38,6428,0.09918231606171987,0.04301326232139659,0.13721043591146778,0.7205939857054149,25,20,20
38,6429,0.09918231606171987,0.04301326232140081,0.1372105911866687,0.7205938304302097,25,20,20
38,6430,0.09918231606171987,0.04301326230748958,0.13711827932428505,0.7206861423065046,25,20,20
38,6431,0.09918231886221532,0.04426107364905985,0.13587046486889975,0.7206861426198242,25,20,20
38,6432,0.09918231886221537,0.04426107364881962,0.1359579374129268,0.7205986700760374,25,20,20
38,6433,0.062165411256977665,0.04426190513862622,0.16031614217962875,0.7332565414247668,25,20,20
38,6434,0.06216541125954809,0.044261905138630334,0.16068783070244574,0.7328848528993754,25,20,20
38,6435,0.06216541125954814,0.04426190513862604,0.16068925642385357,0.7328834271779718,25,20,20
38,6436,0.062165411259592816,0.04426190513886635,0.16060178392033136,0.732970899681209,25,20,20
38,6437,0.02229498357660504,0.0442634007121999,0.200470470666097,0.7329711450450973,25,20,20
38,6438,0.022294980776109856,0.04472576697588503,0.20000810751613074,0.7329711447318737,25,20,20
38,6439,0.022294980776113055,0.044725766975885047,0.20001276241632845,0.7329664898316729,25,20,20
38,6440,0.02229498077870816,0.044725766975889404,0.20001938234827502,0.7329598698971267,25,20,20
38,6441,0.022294980776158452,0.044725766975889314,0.2001421777227887,0.7328370745251628,25,20,20
38,6442,0.02229498077611623,0.044725766975885116,0.20027899412802033,0.7327002581199777,25,20,20
38,6443,0.022294980776116243,0.044725766975885116,0.20028089931851017,0.7326983529294877,25,20,20
38,6444,0.02229498077611623,0.044725766975885116,0.2002742923164964,0.7327049599315015,25,20,20
38,6445,0.02229498077611623,0.04472576697588512,0.20027436681492236,0.7327048854330755,25,20,20
38,6446,0.03893273020739996,0.04473964307375951,0.18375268793765323,0.7325749387811871,25,20,20
38,6447,0.03893273020744469,0.04473964307376381,0.18375502723419299,0.7325725994845982,25,20,20
38,6448,0.03893273020740236,0.0447396430735235,0.18375679822061547,0.7325708284984584,25,20,20
38,6449,0.03893273019706695,0.04473964307351922,0.18375864944289502,0.7325689772865186,25,20,20
38,6450,0.0389950425548105,0.044738147960768276,0.18369795197008656,0.7325688575143343,25,20,20
38,6451,0.034863680931867085,0.04472427094286215,0.18784219474004119,0.7325698533852293,25,20,20
38,6452,0.03486368078445162,0.04472427094261833,0.18769874801814626,0.7327133002547833,25,20,20
38,6453,0.03486368078445162,0.04472427094261833,0.18769882922412923,0.7327132190488005,25,20,20
38,6454,0.03486368078445088,0.044724270942618334,0.1876921345733579,0.7327199136995725,25,20,20
38,6455,0.034863680784642984,0.04472427161321362,0.19394255151836728,0.7264694960837759,25,20,20
38,6456,0.0357124198274363,0.04472429846438172,0.19349064753091183,0.72607263417727,25,20,20
38,6457,0.03571241982739079,0.04472429846438164,0.19349483097100137,0.7260684507372259,25,20,20
38,6458,0.035712419827390846,0.04472429846438171,0.19349953141147583,0.7260637502967513,25,20,20
38,6459,0.03571241982739089,0.04472429846437742,0.19375927307048257,0.725804008637749,25,20,20
38,6460,0.03571241982739484,0.0447242984643986,0.23029761565756204,0.6892656660506442,25,20,20
38,6461,0.07539722906743213,0.044724298000664825,0.19061293289733022,0.6892655400345729,25,20,20
38,6462,0.07539722926546234,0.015962554045606345,0.21937467158233612,0.689265545106595,25,20,20
38,6463,0.07539722926545918,0.01596255404560627,0.21910843785880904,0.6895317788301253,25,20,20
38,6464,0.10516725111848318,0.012759584411572022,0.19287993429265737,0.6891932301772867,25,20,20
38,6465,0.10516725111848606,0.01275958441157202,0.19753938836972879,0.6845337761002124,25,20,20
38,6466,0.105167251118121,0.012759584411567649,0.19753627627155787,0.6845368881987527,25,20,20
38,6467,0.11153203910788853,0.011970819578159481,0.19196145119305744,0.6845356901208938,25,20,20
38,6468,0.11153203910788853,0.011970819578159481,0.19196133733378823,0.684535803980163,25,20,20
38,6469,0.11153203910788928,0.011970819578163584,0.19233433140188258,0.6841628099120639,25,20,20
38,6470,0.11153203911045742,0.011970819578405852,0.19270276608483972,0.6837943752262965,25,20,20
38,6471,0.11153203970218936,0.011970819578410216,0.18804652892747853,0.6884506117919212,25,20,20
38,6472,0.11153203970219255,0.011970819578410287,0.1880511169123108,0.688446023807086,25,20,20
38,6473,0.11178098801230478,0.011970819578380594,0.1878021686098631,0.6884460237994509,25,20,20
38,6474,0.1115332111342169,0.011970824637292689,0.18804994043624618,0.6884460237922437,25,20,20
38,6475,0.11153321113164569,0.011970824637288512,0.187676022416892,0.6888199418141733,25,20,20
38,6476,0.1115332111316425,0.011970824637288435,0.18767132301830824,0.6888246412127603,25,20,20
38,6477,0.11153321113164251,0.01197082463728844,0.18767136109551177,0.6888246031355567,25,20,20
38,6478,0.11177531242060257,0.011970819578379683,0.18742926485078207,0.6888246031502351,25,20,20
38,6479,0.1117753615197155,0.035637769635642504,0.16376226530765753,0.6888246035369839,25,20,20
38,6480,0.11893622907244605,0.035637762157946,0.1566024218289028,0.6888235869407052,25,20,20
38,6481,0.118936229072446,0.035637762157946076,0.1563407755093001,0.6890852332603079,25,20,20
38,6482,0.13515381853652866,0.03563774358336389,0.14012345837876372,0.6890849795013437,25,20,20
38,6483,0.13515381853780103,0.03563774802335027,0.1435850487090471,0.6856233847298019,25,20,20
38,6484,0.13515381794606618,0.0356377480233502,0.14358191456175756,0.6856265194688262,25,20,20
38,6485,0.13515381795642425,0.03563774802359426,0.14367297296978682,0.6855354610501948,25,20,20
38,6486,0.1351538179538529,0.0356377480233562,0.14330644125441905,0.6859019927683719,25,20,20
38,6487,0.13389776277120702,0.03563820384819963,0.14456093446533688,0.6859030989152569,25,20,20
38,6488,0.13389776278439705,0.035638203839250274,0.1445609556233098,0.6859030777530434,25,20,20
38,6489,0.13389776278439705,0.035638203839250274,0.14456084319616175,0.6859031901801912,25,20,20
38,6490,0.13389776278439708,0.035638203839250274,0.14455625722090665,0.6859077761554463,25,20,20
38,6491,0.13389776278439708,0.03563820383949327,0.14482260772003466,0.6856414256560752,25,20,20
38,6492,0.13389776357988034,0.0356381994084594,0.14482140815343056,0.6856426288582298,25,20,20
38,6493,0.1338978135909643,0.024436975252140895,0.15602258699432953,0.6856426241625653,25,20,20
38,6494,0.13389781359096428,0.024436975252136603,0.15602239102635865,0.6856428201305402,25,20,20
38,6495,0.1338978135909643,0.024436975252136575,0.15628211779995096,0.685383093356948,25,20,20
38,6496,0.1338978135909643,0.024436975252136575,0.15628219757421738,0.6853830135826817,25,20,20
38,6497,0.13389781359096115,0.0244369752523768,0.15628229609246777,0.6853829150641942,25,20,20
38,6498,0.1338978135909619,0.024436975252376793,0.1564117424020197,0.6852534687546415,25,20,20
38,6499,0.13389781359096187,0.02443697525213221,0.1564050399434221,0.6852601712134837,25,20,20
38,6500,0.1338978135909611,0.024436975252132134,0.1562754788316075,0.6853897323252991,25,20,20
38,6501,0.13389796367990772,0.0008842549014780658,0.17982804870176305,0.685389732716851,25,20,20
38,6502,0.1338979636799077,0.0008842549014738041,0.1795618319243136,0.6856559494943046,25,20,20
38,6503,0.13390053775421,0.0008557742946306048,0.17958773847024673,0.6856559494809124,25,20,20
38,6504,0.1339005377542132,0.0008557742946306048,0.17958784507233433,0.6856558428788214,25,20,20
38,6505,0.13390053775421326,0.0008557742946333983,0.1935577113136694,0.6716859766374822,25,20,20
38,6506,0.15646346649355422,0.0008560534987427906,0.17099448051624067,0.6716859994914618,25,20,20
38,6507,0.15646346649355103,0.0008560534987427892,0.17098974314923054,0.671690736858475,25,20,20
38,6508,0.15646346649359638,0.0008560534987428643,0.171114893055141,0.6715655869525192,25,20,20
38,6509,0.1564634665039526,0.0008560542915423399,0.17121470640462264,0.6714657727998818,25,20,20
38,6510,0.1418314626967078,0.00085595375630905,0.185796773007398,0.6715158105395841,25,20,20
38,6511,0.1418314626967078,0.00085595375630905,0.18579218703672637,0.6715203965102557,25,20,20
38,6512,0.14183146269670785,0.0008559537560660545,0.18552586355509212,0.6717867199921329,25,20,20
38,6513,0.14565353581293128,0.0008559537532326149,0.18170379044831508,0.6717867199855205,25,20,20
38,6514,0.14565091153001627,0.0012593945173912844,0.18130297432693523,0.6717867196256567,25,20,20
38,6515,0.14565091153001697,0.0012593984380951367,0.2178410796548347,0.6352486103770522,25,20,20
38,6516,0.14565091153002016,0.0012593984380909204,0.21784558593600536,0.6352441040958826,25,20,20
38,6517,0.14565091153002005,0.0012593984380867324,0.2237220685860364,0.6293676214458561,25,20,20
38,6518,0.13828916427955484,0.0012593985125893814,0.23108269207500165,0.629368745132854,25,20,20
38,6519,0.13828916427936272,0.001259397841994089,0.2248323042688668,0.6356191336097764,25,20,20
38,6520,0.13828916427936272,0.0012593978419940905,0.22483230569091034,0.635619132187733,25,20,20
38,6521,0.13828916427935953,0.0012593978419983068,0.22482772318170782,0.6356237146969346,25,20,20
38,6522,0.14579392485075965,0.0012593977644286974,0.21732406169698681,0.6356226156878251,25,20,20
38,6523,0.14579392485075965,0.0012593977644286237,0.21732394784453754,0.6356227295402742,25,20,20
38,6524,0.145793925260922,0.0012593960830912484,0.22075163807790907,0.6321950405780776,25,20,20
38,6525,0.14579392526092197,0.00125939608309125,0.2207515247623513,0.6321951538936355,25,20,20
38,6526,0.10587638576076293,0.0012593960913612257,0.260669064216416,0.6321951539314601,25,20,20
38,6527,0.10587638576076294,0.0012593960913612281,0.2606691433887544,0.6321950747591215,25,20,20
38,6528,0.10587638576076612,0.0012593960913654914,0.2609354818764856,0.6319287362713828,25,20,20
38,6529,0.10587618662670036,0.0004247518880110804,0.26177032598346506,0.6319287355018236,25,20,20
38,6530,0.10587618662670029,0.0004247518880110804,0.26177029895569615,0.6319287625295926,25,20,20
38,6531,0.10587621365618745,2.1060479699987603e-05,0.26217382487432006,0.6319289009897933,25,20,20
38,6532,0.1215105493569717,2.105945907426197e-05,0.24653959071187462,0.6319288004720794,25,20,20
38,6533,0.12151054935702352,2.105945931981247e-05,0.23266207141981365,0.6458063197638428,25,20,20
38,6534,0.12151054935697168,2.1059459071469643e-05,0.23257632815922133,0.6458920630247355,25,20,20
38,6535,0.12151054935696852,2.1059459071496864e-05,0.2323101849084019,0.6461582062755581,25,20,20
38,6536,0.12151055403121451,2.105997576209276e-05,0.2063061259766406,0.6721622600163828,25,20,20
38,6537,0.12151055403121451,2.105997576209146e-05,0.20630604621845927,0.6721623397745641,25,20,20
38,6538,0.14370126149287846,3.0264708874044964e-05,0.18410536413424913,0.6721631096639978,25,20,20
38,6539,0.1437012615032594,3.0264708878410097e-05,0.18410355999586658,0.6721649137919951,25,20,20
38,6540,0.14370126150325946,3.02647088822017e-05,0.18876242890613093,0.6675060448817274,25,20,20
38,6541,0.14370126150325946,3.0264708878484043e-05,0.18410518164550532,0.6721632921423563,25,20,20
38,6542,0.1437012614929064,3.0263916079080782e-05,0.18400536445503562,0.6722631101359784,25,20,20
38,6543,0.14370126149152768,3.0264323478883752e-05,0.18400536405785606,0.6722631101271369,25,20,20
38,6544,0.14370126149152768,3.0264323478883708e-05,0.1840053619693078,0.6722631122156852,25,20,20
38,6545,0.1437012614915276,3.0264323478811036e-05,0.1840084401030683,0.6722600340819248,25,20,20
38,6546,0.1437012614917065,3.0264323234292648e-05,0.18400840293204168,0.672260071253017,25,20,20
38,6547,0.14370126149170967,3.0264323238616222e-05,0.1843768051450636,0.6718916690399875,25,20,20
38,6548,0.1437012614813516,3.026432299463297e-05,0.18428407159911625,0.6719844025965369,25,20,20
38,6549,0.14379276508102024,3.0262759067831122e-05,0.1508291127186587,0.7053478594412532,25,20,20
38,6550,0.1437927650809755,3.0262759310098497e-05,0.151195583333385,0.7049813888263288,25,20,20
38,6551,0.14379276507059463,3.0262759305734674e-05,0.15119548453585746,0.7049814876342415,25,20,20
38,6552,0.14379276507059469,3.0262759310024523e-05,0.15120023053073772,0.704976741639357,25,20,20
38,6553,0.14379276507059463,3.026275931002325e-05,0.15119561024536649,0.7049813619247283,25,20,20
38,6554,0.14379276507060101,3.0262759310099686e-05,0.1512881377594021,0.7048888344106863,25,20,20
38,6555,0.14370126106076608,3.02620838704232e-05,0.14477719401065894,0.711491282844704,25,20,20
38,6556,0.1437012610607693,3.026208387049848e-05,0.14478033097489001,0.7114881458804696,25,20,20
38,6557,0.1437012610607693,3.026208387049976e-05,0.14504666216294693,0.7112218146924125,25,20,20
38,6558,0.1437012610607662,3.026208387042582e-05,0.14504666076247857,0.7112218160928844,25,20,20
38,6559,0.14208352617361572,2.943068340496109e-05,0.1592800728837418,0.698606970259237,25,20,20
38,6560,0.14208352617361572,2.943068340067077e-05,0.1592799808946766,0.6986070622483064,25,20,20
38,6561,0.12164901654916624,2.0239484686369152e-05,0.17972445160628886,0.6986062923598584,25,20,20
38,6562,0.12164901654916623,2.0239484686295155e-05,0.17972433911206218,0.6986064048540852,25,20,20
38,6563,0.12164901654934755,2.023948444402909e-05,0.1793560149651252,0.6989747290010832,25,20,20
38,6564,0.12164901654934762,2.0239484443953818e-05,0.17935614971504904,0.6989745942511593,25,20,20
38,6565,0.1216490165493476,2.023948444395646e-05,0.17935606446743513,0.6989746794987732,25,20,20
38,6566,0.12164901654934761,2.0239484448246066e-05,0.17936264193397178,0.6989681020322323,25,20,20
38,6567,0.12164901654935077,2.02394844525091e-05,0.17962897287094692,0.6987017710952496,25,20,20
38,6568,0.12164901654935084,2.0239484452509715e-05,0.17963538211987073,0.6986953618463256,25,20,20
38,6569,0.11306328145881547,2.0052530263115288e-05,0.188269049333443,0.6986476166774789,25,20,20
38,6570,0.11306328145881225,2.0052530509633236e-05,0.18854962652318621,0.6983670394874923,25,20,20
38,6571,0.11306327597461738,2.005201379471197e-05,0.17455717125250791,0.7123595007590805,25,20,20
38,6572,0.11306327597461738,2.005201379049763e-05,0.17455064784818258,0.71236602416341,25,20,20
38,6573,0.11306327597461736,2.0052013790421046e-05,0.1745506812057498,0.712365990805843,25,20,20
38,6574,0.11306327597461736,2.0052014035034918e-05,0.17455013860333315,0.7123665334080149,25,20,20
38,6575,0.11269320127314547,2.0201074276185268e-05,0.1703435862462591,0.7169430114063198,25,20,20
38,6576,0.1126932012835258,2.0201074520793608e-05,0.1640985694611182,0.7231880281808355,25,20,20
38,6577,0.1126932012835258,2.0201074525083416e-05,0.16410319204582968,0.7231834055961197,25,20,20
38,6578,0.11269320128352264,2.020107452075984e-05,0.16373669277439803,0.7235499048675588,25,20,20
38,6579,0.11269320128334051,2.0201074520683283e-05,0.1637318950248138,0.7235547026173252,25,20,20
38,6580,0.11269320128334054,2.0201074520755684e-05,0.1638614228896506,0.7234251747524881,25,20,20
38,6581,0.11269320128333814,2.020107452075569e-05,0.16385841472996954,0.7234281829121716,25,20,20
38,6582,0.11269320128333814,2.0201074520830958e-05,0.16385853005170464,0.7234280675904362,25,20,20
38,6583,0.11269320128333815,2.0201074276215788e-05,0.16386608127108404,0.7234205163713016,25,20,20
38,6584,0.11269320128333814,2.02010742804775e-05,0.16413233599715088,0.7231542616452306,25,20,20
38,6585,0.10800772418101627,1.9745249457824607e-05,0.16881937471739422,0.7231531558521312,25,20,20
38,6586,0.10800772418101624,1.9745249702333078e-05,0.1686965487210763,0.7232759818482046,25,20,20
38,6587,0.13207575723221093,1.9745254664008558e-05,0.14462855357939497,0.7232759439337296,25,20,20
38,6588,0.13207575723221093,1.9745254419425064e-05,0.14462187698532952,0.7232826205280396,25,20,20
38,6589,0.1319509296383276,1.974543232021701e-05,0.1447467290795775,0.7232825958497747,25,20,20
38,6590,0.1322396020650606,1.9745419882269986e-05,0.1444580566964928,0.7232825958185645,25,20,20
38,6591,0.11707174147564331,1.9744978984188227e-05,0.15962823523328257,0.7232802783120905,25,20,20
38,6592,0.1170717414756402,1.974497873767043e-05,0.15925524689427042,0.7236532666513523,25,20,20
38,6593,0.11707174147564339,1.9744978733455863e-05,0.15925062726275144,0.7236578862828723,25,20,20
38,6594,0.1170717414756442,1.974497873360381e-05,0.15924410762042587,0.7236644059251971,25,20,20
38,6595,0.11707202641739506,1.6944576504545993e-06,0.15926187315896057,0.723664405965995,25,20,20
38,6596,0.11707202641739826,1.6944576505298915e-06,0.1592618402672225,0.7236644388577297,25,20,20
38,6597,0.11707202641739509,1.6944576547455488e-06,0.1592683632050388,0.7236579159199122,25,20,20
38,6598,0.1170720264173945,1.6944578984980823e-06,0.15939384223724362,0.7235324368874643,25,20,20
38,6599,0.11707202641734911,1.6944578984217322e-06,0.15926861185598445,0.7236576672687687,25,20,20
38,6600,0.1170720264173515,1.6944578984230068e-06,0.1592641212542297,0.723662157870521,25,20,20
38,6601,0.11707202641735151,1.6944578984982409e-06,0.15927072548245033,0.7236555536423004,25,20,20
38,6602,0.11707202641735147,1.6944578984229725e-06,0.15927734373122457,0.7236489353935263,25,20,20
38,6603,0.11707202641739696,1.6944579027126023e-06,0.1592839490824876,0.7236423300422133,25,20,20
38,6604,0.11707202641739378,1.6944578984495653e-06,0.15901773200896074,0.7239085471157474,25,20,20
38,6605,0.11707202640701278,1.6944576537803165e-06,0.15901323680037657,0.7239130423349571,25,20,20
38,6606,0.11707202640701278,1.6944576538542876e-06,0.15901323880387758,0.723913040331456,25,20,20
38,6607,0.1170720264070614,1.6944578979865845e-06,0.15910588479269533,0.7238203943423456,25,20,20
38,6608,0.11706573157547119,1.546092574354968e-06,0.12393803669529574,0.7589946856366591,25,20,20
38,6609,0.11654748296752747,1.5461054899071943e-06,0.12445628354957551,0.7589946873774076,25,20,20
38,6610,0.11654748296752666,1.5461054898332007e-06,0.12445613169061831,0.7589948392363657,25,20,20
38,6611,0.11654748296748126,1.546105485690512e-06,0.12471588417797791,0.7587350867490557,25,20,20
38,6612,0.11654748296747812,1.5461054856152432e-06,0.12471588217453065,0.7587350887525062,25,20,20
38,6613,0.1165474829672966,1.5461052418627193e-06,0.12458568475218153,0.7588652861752805,25,20,20
38,6614,0.11654748296729894,1.5461054841293994e-06,0.12495872213288914,0.7584922487943282,25,20,20
38,6615,0.11755534029639872,1.5021751014607927e-08,0.12395239360106194,0.7584922510807885,25,20,20
38,6616,0.1166984160503891,2.546969582567792e-07,0.12480793515156526,0.7584933941010875,25,20,20
38,6617,0.11669841605038908,2.5469695825548187e-07,0.12480796235548305,0.7584933668971694,25,20,20
38,6618,0.11669841605919476,2.5469695766709085e-07,0.13087489635995492,0.7524264328838924,25,20,20
38,6619,0.11669841605919476,2.5469695766838856e-07,0.13087714815517187,0.7524241810886754,25,20,20
38,6620,0.11669841605919562,2.54697202235859e-07,0.13088604895963157,0.7524152802839703,25,20,20
38,6621,0.11669841605919241,2.546972022371569e-07,0.1308813317606286,0.7524199974829764,25,20,20
38,6622,0.1166984160591924,2.546972021619226e-07,0.13087472837866573,0.7524266008649393,25,20,20
38,6623,0.12349699180968965,1.502356383890816e-08,0.12407753569082983,0.7524254574759164,25,20,20
38,6624,0.12349699180968965,1.502356398813015e-08,0.12407995732127736,0.7524230358454687,25,20,20
38,6625,0.12370906986082528,1.5010761317114125e-08,0.12386788099353618,0.7524230341348769,25,20,20
38,6626,0.12370906986082524,1.5010761315815802e-08,0.12386114639009359,0.7524297687383195,25,20,20
38,6627,0.12239168529329028,1.9077665881347363e-08,0.12517852655044867,0.7524297690785953,25,20,20
38,6628,0.12238922543975911,1.5079119691305795e-08,0.12171966954543721,0.7558910899356842,25,20,20
38,6629,0.12238922543994121,1.5079364284960868e-08,0.12172442398558198,0.7558863354951125,25,20,20
38,6630,0.12238922543994118,1.5079364283663134e-08,0.12172457205522542,0.7558861874254691,25,20,20
38,6631,0.12238922543994118,1.507936431024066e-08,0.12146484528613585,0.7561459141945587,25,20,20
38,6632,0.12238922543994114,1.5079364310195922e-08,0.1214646133272065,0.756146146153488,25,20,20
38,6633,0.12238922543975903,1.507912400507621e-08,0.12146448193833356,0.7561462775427833,25,20,20
38,6634,0.12238922543975911,1.507912400561126e-08,0.12145949890415471,0.7561512605769621,25,20,20
38,6635,0.12238922543976226,1.5079128220169297e-08,0.1214641726351447,0.7561465868459648,25,20,20
38,6636,0.12238922543976141,1.5078883650102917e-08,0.12145527040796504,0.7561554890733899,25,20,20
38,6637,0.12233410136784773,1.5083510003779515e-08,0.12151036961536418,0.7561555139332781,25,20,20
38,6638,0.12233410136784773,1.5083509931105355e-08,0.12151683131027805,0.7561490522383643,25,20,20
38,6639,0.12233410137822948,1.508350579050705e-08,0.12151384033983971,0.7561520431984252,25,20,20
38,6640,0.12233410137823263,1.508374813226114e-08,0.12188731836066219,0.7557785651773571,25,20,20
38,6641,0.12233410137823263,1.5083748129683263e-08,0.12162106621596941,0.75604481732205,25,20,20
38,6642,0.12233410137823253,1.508374798142241e-08,0.1213548194266978,0.7563110641113218,25,20,20
38,6643,0.12233410137823253,1.5083748055417607e-08,0.12134829259868703,0.7563175909393326,25,20,20
38,6644,0.12269759680655096,1.507906616483195e-08,0.12098482205736208,0.7563175660570209,25,20,20
38,6645,0.12270319301733451,1.5077473090340354e-08,0.12097922584817397,0.7563175660570185,25,20,20
38,6646,0.12282804495301194,1.489954385768772e-08,0.12085437409053497,0.7563175660569095,25,20,20
38,6647,0.12282804495300959,1.48993015910077e-08,0.12048137487441882,0.7566905652732703,25,20,20
38,6648,0.12282804495300965,1.489930151703698e-08,0.12048137353912679,0.7566905666085624,25,20,20
38,6649,0.12282804495301282,1.4899301441744876e-08,0.12048137875281573,0.7566905613948705,25,20,20
38,6650,0.12282804495301276,1.4899297150260738e-08,0.12047987174091616,0.7566920684067742,25,20,20
38,6651,0.12282804495301275,1.4899297074969432e-08,0.120479903121335,0.7566920370263555,25,20,20
38,6652,0.12282804495300959,1.48990590162432e-08,0.12019871788496708,0.7569732222629646,25,20,20
38,6653,0.12266694071323267,2.5840652314461277e-08,0.12035981116879191,0.7569732222773231,25,20,20
38,6654,0.12266694071323588,2.5840656608528308e-08,0.120361554688554,0.7569714787575534,25,20,20
38,6655,0.12266694071323588,2.585459162141995e-08,0.12036912256136956,0.7569639108708031,25,20,20
38,6656,0.12266694071323668,2.5854835452551627e-08,0.12049853197262123,0.7568345014593068,25,20,20
38,6657,0.12266694071323908,2.5854595912903883e-08,0.12037063309531541,0.7569624003368497,25,20,20
38,6658,0.1226669407132842,2.5868409076243224e-08,0.12074469797336176,0.756588335444945,25,20,20
38,6659,0.12267219210994887,2.5868352238780325e-08,0.12073944658435388,0.756588335437345,25,20,20
38,6660,0.12267219269778196,2.586859508090125e-08,0.1210018011288175,0.7563259803048055,25,20,20
38,6661,0.1226721926977811,2.5868595004333842e-08,0.12100176024791855,0.7563260211857055,25,20,20
38,6662,0.1226721926977811,2.5868590796562625e-08,0.1209160708061619,0.7564117106274663,25,20,20
38,6663,0.1226721591399774,2.507789429408542e-08,0.12071001593640363,0.7566177998457247,25,20,20
38,6664,0.1226721591399742,2.5077890077883924e-08,0.12071309276596567,0.7566147230161703,25,20,20
38,6665,0.12206676412706226,1.9251365959586497e-07,0.12131674898729457,0.7566162943719837,25,20,20
38,6666,0.12206676412706226,1.9251365967247635e-07,0.12131683346362175,0.7566162098956565,25,20,20
38,6667,0.12206676412705902,1.9249972036843646e-07,0.12130451192478786,0.7566285314484328,25,20,20
38,6668,0.12206676414000363,1.9251362745620802e-07,0.12139520160806212,0.756537841738307,25,20,20
38,6669,0.12206676414000363,1.9251362753146825e-07,0.1213998224001183,0.7565332209462509,25,20,20
38,6670,0.1220667641400044,1.925136318132193e-07,0.12149201595894527,0.7564410273874189,25,20,20
38,6671,0.12206676413995662,1.925133919718257e-07,0.12140586004737203,0.7565271832992798,25,20,20
38,6672,0.12206676414250406,1.925134935528739e-07,0.1211269521543659,0.7568060911896368,25,20,20
38,6673,0.12206676414250406,1.9251349355157318e-07,0.12112885512528974,0.7568041882187131,25,20,20
38,6674,0.12206676413991153,1.924995788084831e-07,0.1210401887056491,0.7568928546548611,25,20,20
38,6675,0.12206676413991073,1.9249957452805188e-07,0.12095258247041128,0.7569804608901038,25,20,20
38,6676,0.12206676413991151,1.9249957445539027e-07,0.12094620826315133,0.7569868350973631,25,20,20
38,6677,0.1220667641399123,1.924995787465125e-07,0.12095079654387635,0.7569822468166326,25,20,20
38,6678,0.1220667641399123,1.9249957867255418e-07,0.12095079879163168,0.7569822445688774,25,20,20
38,6679,0.12206676414028322,4.4079202993206846e-07,0.12434437703592867,0.7535884180317579,25,20,20
38,6680,0.12206266817552404,4.407920294243138e-07,0.124348473000817,0.753588418031629,25,20,20
38,6681,0.12206266817552411,4.40792271768273e-07,0.12472159546818563,0.7532152955640184,25,20,20
38,6682,0.12206266817552489,4.4079227176826126e-07,0.12472811863595475,0.7532087723962485,25,20,20
38,6683,0.1220626681755257,4.4079226755259157e-07,0.12472811918561331,0.7532087718465932,25,20,20
38,6684,0.1220626681755265,4.407922676278568e-07,0.1247302865290971,0.7532066045031087,25,20,20
38,6685,0.12206266816676628,4.4079226400058644e-07,0.118659027829943,0.7592778632110266,25,20,20
38,6686,0.12206266816676628,4.407922639992666e-07,0.11865444050635404,0.7592824505346155,25,20,20
38,6687,0.12206266757893318,4.4079202100664883e-07,0.11838753861727866,0.7595493530117671,25,20,20
38,6688,0.12206266757893318,4.4079202525953895e-07,0.11876063992456577,0.7591762517044752,25,20,20
38,6689,0.12206266757893246,4.407920251869237e-07,0.11875403632610981,0.7591828553029321,25,20,20
38,6690,0.12206266838749372,0.0007912524548896551,0.11803069814943185,0.7591153810081839,25,20,20
38,6691,0.12206266838749372,0.0007912524548939462,0.11803722360140428,0.7591088555562072,25,20,20
38,6692,0.12093504933632448,0.0007923795490864069,0.11915833866886069,0.7591142324457278,25,20,20
38,6693,0.12093504933632371,0.0007923795490863304,0.11915173299778646,0.7591208381168029,25,20,20
38,6694,0.12093504932337591,0.0007923795351750994,0.11906092335478496,0.7592116477866634,25,20,20
38,6695,0.12093504932337514,0.0007923795351793894,0.11906231622666104,0.7592102549147838,25,20,20
38,6696,0.11562337232080822,0.000806716376786989,0.12435843617592851,0.759211475126476,25,20,20
38,6697,0.0777175785063145,0.0008055892913306214,0.162270731592722,0.7592061006096334,25,20,20
38,6698,0.07771757850649492,0.000805589291334832,0.16264221860902187,0.758834613593149,25,20,20
38,6699,0.07771757850649494,0.0008055892913305423,0.16263572706392623,0.758841105138249,25,20,20
38,6700,0.07771757850653967,0.000805589291326328,0.16264312711182669,0.7588337050903078,25,20,20
38,6701,0.07771757850635923,0.000805589291317826,0.1622700196848101,0.7592068125175133,25,20,20
38,6702,0.07771757850631375,0.0008055892913177506,0.162256095606113,0.759220736596256,25,20,20
38,6703,0.07771757850628058,0.0008055892913219529,0.16238392409527627,0.7590929081071223,25,20,20
38,6704,0.07771757850627818,0.000805589291566535,0.16239054596628638,0.75908628623587,25,20,20
38,6705,0.0777175785062782,0.0008055892915622847,0.1620174460815656,0.759459386120595,25,20,20
38,6706,0.04353199696151126,0.000791253162423958,0.19621845563465207,0.7594582942414134,25,20,20
38,6707,0.04353199696151119,0.000791253162419742,0.19621378938427902,0.7594629604917906,25,20,20
38,6708,0.04353199696151118,0.000791253162419742,0.19620880382923506,0.7594679460468347,25,20,20
38,6709,0.04353199696151118,0.000791253162419742,0.19620869135712496,0.7594680585189447,25,20,20
38,6710,0.0435319969633908,0.0007912531725080722,0.2072771936110981,0.7483995562530036,25,20,20
38,6711,0.0435319969634364,0.0007912531725081488,0.20727572815418077,0.7484010217098752,25,20,20
38,6712,0.043531996963481194,0.0007912531722678594,0.20727072852581632,0.7484060213384351,25,20,20
38,6713,0.043531996963481145,0.0007912531722679332,0.2072773298462095,0.7483994200180417,25,20,20
38,6714,0.04353199695313258,0.0007912531722635805,0.2071478692313868,0.7485288806432173,25,20,20
38,6715,0.0435320397734577,1.2673740600984804e-05,0.20792640789389896,0.7485288785920429,25,20,20
38,6716,0.04353203977341213,1.2673740596765967e-05,0.20793130728348713,0.7485239792025046,25,20,20
38,6717,0.04353203977341135,1.2673740596690704e-05,0.20793567048951392,0.7485196159964786,25,20,20
38,6718,0.043532039773411337,1.2673740596541494e-05,0.207934086890854,0.7485211995951387,25,20,20
38,6719,0.04353203977336574,1.2673740600716472e-05,0.20830703478110038,0.7481482517049338,25,20,20
38,6720,0.07962793252225935,1.3745207528492436e-05,0.17220475545292252,0.7481535668172902,25,20,20
38,6721,0.07962793252225939,1.3745207528493735e-05,0.17220478959802663,0.7481535326721861,25,20,20
38,6722,0.07962793252244152,1.3745207532860593e-05,0.17220483377071802,0.7481534884993082,25,20,20
38,6723,0.08274613823114123,1.36032652449969e-05,0.1690882198116991,0.748152038691914,25,20,20
38,6724,0.0827461382311413,1.360327701005064e-05,0.17533773449945436,0.7419025239923939,25,20,20
38,6725,0.08274613823095915,1.3603277005759026e-05,0.17533757576754463,0.74190268272449,25,20,20
38,6726,0.08274613823091363,1.3603277005757711e-05,0.17533537702233518,0.7419048814697452,25,20,20
38,6727,0.08274613823091442,1.3603277009960202e-05,0.17546482503738187,0.7417754334546934,25,20,20
38,6728,0.0827461382309144,1.3603277009958906e-05,0.1754581800630921,0.7417820784289831,25,20,20
38,6729,0.0827461382309152,1.360327701003546e-05,0.17546478630975396,0.7417754721823205,25,20,20
38,6730,0.0827461382309152,1.360327701003546e-05,0.17546478632002913,0.7417754721720452,25,20,20
38,6731,0.08274613823091599,1.3603290823197459e-05,0.17583896563229778,0.7414012928459626,25,20,20
38,6732,0.08274613823091674,1.3603290580928778e-05,0.17547244864584982,0.7417678098326522,25,20,20
38,6733,0.08274613823091681,1.360329058092875e-05,0.17547711053822646,0.7417631479402754,25,20,20
38,6734,0.08225042299766594,1.3602578379106832e-05,0.17597281587672597,0.7417631585472282,25,20,20
38,6735,0.08225042299766588,1.3602578379106866e-05,0.1759682298857086,0.7417677445382457,25,20,20
38,6736,0.08225042299766586,1.3602578379105544e-05,0.1759681899243336,0.7417677844996207,25,20,20
38,6737,0.08225094745592948,1.4166064860769368e-05,0.19616989742584262,0.7215649890533663,25,20,20
38,6738,0.08225094745592948,1.4166064864985038e-05,0.196169898477669,0.7215649880015357,25,20,20
38,6739,0.08225094745592948,1.4166064864909755e-05,0.19616519723048043,0.7215696892487246,25,20,20
38,6740,0.08232054704346142,1.4140074986799622e-05,0.1960957475078369,0.7215695653737143,25,20,20
38,6741,0.08492745724950765,1.4141002167829263e-05,0.19348871157483152,0.7215696901734924,25,20,20
38,6742,0.08492745730072108,1.4141072155740552e-05,0.23002047588767074,0.6850379257394529,25,20,20
38,6743,0.08492745730072106,1.4141072155739278e-05,0.23001394991637739,0.6850444517107463,25,20,20
38,6744,0.08492745730072027,1.4141072151372866e-05,0.23000924573832893,0.6850491558888,25,20,20
38,6745,0.09046898870598934,1.414392129676025e-05,0.227928587573662,0.6815882797990525,25,20,20
38,6746,0.090469739788034,1.3582531831994283e-05,0.23476460284275316,0.674752074837381,25,20,20
38,6747,0.09046973978803403,1.358253183628698e-05,0.23476672757617512,0.6747499501039548,25,20,20
38,6748,0.09046973978807962,1.3582531836363614e-05,0.23476832586709556,0.6747483518129885,25,20,20
38,6749,0.09046973979846135,1.3582531840655059e-05,0.23476995509330387,0.6747467225763945,25,20,20
38,6750,0.0904697399448369,1.3582532078556685e-05,0.23506460430361478,0.67445207321947,25,20,20
38,6751,0.08142460139955883,1.3592172690834476e-05,0.24410884956522247,0.6744529568625278,25,20,20
38,6752,0.08142460139955963,1.3592172686658148e-05,0.24373736934788381,0.6748244370798697,25,20,20
38,6753,0.08142460139956283,1.3592160921680991e-05,0.237492476670924,0.6810693297685912,25,20,20
38,6754,0.08314810645066173,1.249620984820997e-05,0.23577538273564067,0.6810640146038484,25,20,20
38,6755,0.0831481064610184,1.2496209848284911e-05,0.23587308980036858,0.6809663075287637,25,20,20
38,6756,0.08314810646101847,1.249620985257785e-05,0.23587325935615325,0.6809661379729747,25,20,20
38,6757,0.08314810646101854,1.2496209852654407e-05,0.23587796119006768,0.6809614361390602,25,20,20
38,6758,0.09206307143619821,1.2486572473076754e-05,0.22696388906312023,0.6809605529282077,25,20,20
38,6759,0.09206307143615262,1.2486572473000123e-05,0.22696229077219976,0.6809621512191737,25,20,20
38,6760,0.07585025760942042,1.2486572616094019e-05,0.24317504807877946,0.680962207739183,25,20,20
38,6761,0.07585025760946595,1.2486572620460245e-05,0.24318168977181856,0.680955566046094,25,20,20
38,6762,0.07585025760946595,1.2486572620461565e-05,0.24318177023706944,0.6809554855808432,25,20,20
38,6763,0.07585025746308967,1.2486572378283496e-05,0.24275767170355686,0.6813795842609742,25,20,20
38,6764,0.07280725030888595,1.2485890618981657e-05,0.24579693998402746,0.6813833238164669,25,20,20
38,6765,0.07280725030893068,1.2485890618981658e-05,0.24579694075196457,0.681383323048485,25,20,20
38,6766,0.07288170121162688,1.251563586253453e-05,0.21997615802411502,0.7071296251283945,25,20,20
38,6767,0.067615603481258,1.271943590152329e-05,0.2252420015867567,0.7071296754960831,25,20,20
38,6768,0.06761560348125725,1.2719422088359991e-05,0.2248679840501861,0.7075036930464675,25,20,20
38,6769,0.06761560348125734,1.2719422088435282e-05,0.22486952516160627,0.7075021519350472,25,20,20
38,6770,0.06761560348125807,1.2719422088437879e-05,0.22486959197491474,0.707502085121738,25,20,20
38,6771,0.06761560348126046,1.2719422084223517e-05,0.22486306994756916,0.7075086071490854,25,20,20
38,6772,0.06761560348125728,1.2719422084223504e-05,0.22486959088434516,0.7075020862123127,25,20,20
38,6773,0.06761560348126042,1.2719422088434017e-05,0.22524048933223179,0.7071311877644186,25,20,20
38,6774,0.06761560348125725,1.2719422079930785e-05,0.22486746757691706,0.707504209519745,25,20,20
38,6775,0.0676156034812117,1.2719422079855518e-05,0.2248658451434637,0.7075058319532441,25,20,20
38,6776,0.06761560348121093,1.271942207985422e-05,0.22486561654418197,0.7075060605525266,25,20,20
38,6777,0.062088369975123125,1.2740144333056608e-05,0.23039346981545308,0.7075054200650911,25,20,20
38,6778,0.06487216506010784,1.2739890693474116e-05,0.22761354164163763,0.7075015534075608,25,20,20
38,6779,0.06479643861522379,1.2708038344767219e-05,0.21532813730849015,0.719862716037941,25,20,20
38,6780,0.06479643860484206,1.2708038340475752e-05,0.21532650807346188,0.7198643452833554,25,20,20
38,6781,0.06479643860484127,1.2708038340399175e-05,0.21531990181670152,0.7198709515401166,25,20,20
38,6782,0.06479643860484127,1.2708038340399151e-05,0.2153265068313594,0.7198643465254587,25,20,20
38,6783,0.06479643860484123,1.2708038340322571e-05,0.21532180498734668,0.7198690483694713,25,20,20
38,6784,0.0647964023075454,2.2779450647538723e-07,0.20663852054899412,0.7285648493489538,25,20,20
38,6785,0.06479640230772747,2.2780844570546764e-07,0.20664423728441658,0.7285591325994099,25,20,20
38,6786,0.06479640230772747,2.2780844570416909e-07,0.20664423423661968,0.7285591356472071,25,20,20
38,6787,0.06479640230772739,2.278084414125522e-07,0.20664406517992037,0.7285593047039108,25,20,20
38,6788,0.09526468681734576,2.2780792316193593e-07,0.17617461251385694,0.7285604728608738,25,20,20
38,6789,0.13525767666848676,2.2780760025121288e-07,0.13618176159516174,0.7285603339287507,25,20,20
38,6790,0.13525767666844124,2.2780759603414333e-07,0.1365482234725146,0.7281938720514476,25,20,20
38,6791,0.13525767666844124,2.2780759610810267e-07,0.1365548262688118,0.7281872692551503,25,20,20
38,6792,0.13525767681635434,2.27807840752176e-07,0.1365571265541785,0.7281849688216259,25,20,20
38,6793,0.13595749399847254,2.0453669879842915e-07,0.11756734435064409,0.7464749571141839,25,20,20
38,6794,0.1359574939986398,2.0454712047690377e-07,0.12818613486016922,0.7358561665940699,25,20,20
38,6795,0.13595749399863974,2.0454736453697522e-07,0.12827834887268247,0.7357639525813127,25,20,20
38,6796,0.13595749398828308,2.0454736446202318e-07,0.12818522776490185,0.7358570736994499,25,20,20
38,6797,0.13622549960621183,2.0454723461952258e-07,0.12791727866814617,0.7358570171784073,25,20,20
38,6798,0.13622549960621258,2.0454723461822366e-07,0.12791793725179265,0.73585635859476,25,20,20
38,6799,0.13622549960621255,2.0454699055815194e-07,0.12783224551081554,0.7359420503359811,25,20,20
38,6800,0.13622549960621255,2.045469905581979e-07,0.1278323279899605,0.7359419678568361,25,20,20
38,6801,0.13622549960621255,2.0454699055947326e-07,0.1278324090552107,0.7359418867915859,25,20,20
38,6802,0.13551139165075612,2.0418841538450767e-07,0.11338125845319441,0.7511071457076335,25,20,20
38,6803,0.13551138447369962,2.0417674593687772e-07,0.10683662904802833,0.7576517823015255,25,20,20
38,6804,0.10538615124958016,2.041767459596451e-07,0.13696303046067174,0.7576506141130018,25,20,20
38,6805,0.10538615110166707,2.0417650139086362e-07,0.13695420622916787,0.7576594384926634,25,20,20
38,6806,0.10538615110166712,2.0417650139086346e-07,0.13695428014679267,0.7576593645750385,25,20,20
38,6807,0.10538615110166717,2.0417650139220779e-07,0.13694767835479454,0.7576659663670365,25,20,20
38,6808,0.0983323394753099,2.0425136343236825e-07,0.14400144995843667,0.7576660063148896,25,20,20
38,6809,0.098332339475492,2.042513677250693e-07,0.14400382247566063,0.7576636337974793,25,20,20
38,6810,0.098332339475492,2.0425136764982282e-07,0.14400382105841253,0.7576636352147272,25,20,20
38,6811,0.098332339475492,2.0425136764982282e-07,0.14400373966407037,0.7576637166090694,25,20,20
38,6812,0.0983323394753099,2.0425136335716768e-07,0.14400136823164922,0.757666088041677,25,20,20
38,6813,0.09833233947549194,2.0425160801464552e-07,0.14400799155896227,0.7576594647139372,25,20,20
38,6814,0.09833233947549508,2.0425161237865974e-07,0.14401026967163846,0.7576571866012535,25,20,20
38,6815,0.06545133147238717,2.046151746598378e-07,0.1768913172006555,0.7576571467117822,25,20,20
38,6816,0.06272128576865436,2.0506090353115295e-07,0.17962136033419082,0.7576571488362508,25,20,20
38,6817,0.06266194655511374,2.0462248410467395e-07,0.17968069998604036,0.7576571488363614,25,20,20
38,6818,0.10252673274864339,2.0471302415793906e-07,0.13981591376025246,0.7576571487780797,25,20,20
38,6819,0.09919522000544995,2.0472165465769775e-07,0.14314490042480965,0.7576596748480856,25,20,20
38,6820,0.09919522000544995,2.0472165473296666e-07,0.14314490101167063,0.7576596742612245,25,20,20
38,6821,0.09919522000527106,2.0470771550421905e-07,0.1431326639778402,0.757671911309173,25,20,20
38,6822,0.0993031547811692,2.059252096463662e-07,0.11232355615642357,0.7883730831371973,25,20,20
38,6823,0.09930315478116913,2.059252095698084e-07,0.11231885488799913,0.7883777844056216,25,20,20
38,6824,0.09930315478116594,2.0592520520315237e-07,0.1123212772779078,0.7883753620157207,25,20,20
38,6825,0.09930315478116913,2.0592520949534993e-07,0.11232791560798973,0.788368723685631,25,20,20
38,6826,0.09930315478116918,2.0592545667873536e-07,0.11259198738693081,0.7881046519064427,25,20,20
38,6827,0.10467873695193551,2.128456200397477e-09,0.10721665978163203,0.7881046011379764,25,20,20
38,6828,0.10467873695193555,2.128460490026691e-09,0.10721666084109933,0.7881046000785047,25,20,20
38,6829,0.10467873695193633,2.12846056334122e-09,0.10758977828318528,0.7877314826364183,25,20,20
38,6830,0.10467873695193317,2.128460489370033e-09,0.10758969778380159,0.7877315631358052,25,20,20
38,6831,0.10467873695193403,2.1287050728893455e-09,0.10759169934187561,0.7877295615774859,25,20,20
38,6832,0.14330045156363805,1.68912804116208e-09,0.06896998558420585,0.7877295611630278,25,20,20
38,6833,0.14330045156363805,1.689128039863941e-09,0.06896995167732911,0.7877295950699047,25,20,20
38,6834,0.14319250945721881,9.091919992882475e-10,0.06890933051345619,0.7878981591201328,25,20,20
38,6835,0.14319250945721881,9.09196290911211e-10,0.06890933708450019,0.7878981525490846,25,20,20
38,6836,0.14287229476336244,9.144468362209024e-10,0.02943589727233902,0.8276918070498521,25,20,20
38,6837,0.142872261203546,9.005658216406109e-10,0.029232196043856358,0.8278955418520322,25,20,20
38,6838,0.1428722612061447,9.005701884058331e-10,0.029233900135508237,0.8278938377577773,25,20,20
38,6839,0.1428722612035492,9.005658216402008e-10,0.029232355856507453,0.8278953820393778,25,20,20
38,6840,0.14287226120368018,9.004982341604642e-10,0.04028398385078421,0.8168437540450377,25,20,20
38,6841,0.1428722612038623,9.005025265895098e-10,0.040288608639815,0.8168391292558205,25,20,20
38,6842,0.1428722612038623,9.005024513429568e-10,0.04028852816943874,0.8168392097261966,25,20,20
38,6843,0.14287226120368338,9.007419867126058e-10,0.04041409969297071,0.816713638202604,25,20,20
38,6844,0.10300892109891707,8.105117838035494e-10,0.08027743986034068,0.8167136382302301,25,20,20
38,6845,0.10300892109891388,8.105074928801667e-10,0.08027080244291035,0.8167202756476679,25,20,20
38,6846,0.10300892109882766,8.103305734281556e-10,0.06921416499300792,0.8277769130978335,25,20,20
38,6847,0.1030089210988276,8.103304981369292e-10,0.06921413018129115,0.8277769479095503,25,20,20
38,6848,0.10300892110142185,8.240244734917126e-10,0.0689547785225891,0.8280362995519641,25,20,20
38,6849,0.10300892110142185,8.240243969022837e-10,0.0689546960423002,0.828036382032253,25,20,20
38,6850,0.10300892110142264,8.240286865320086e-10,0.06896130124383586,0.8280297768307123,25,20,20
38,6851,0.10300892110142264,8.240285386959585e-10,0.06859480244692992,0.8283962756276183,25,20,20
38,6852,0.10300892110124053,8.237838825158468e-10,0.06858817846853697,0.828402899606438,25,20,20
38,6853,0.10300892109867316,3.763102934299532e-11,0.06815376497234531,0.82883731389135,25,20,20
38,6854,0.10300892109867398,3.763532098578031e-11,0.06815382882386344,0.8288372500398268,25,20,20
38,6855,0.11975032184618742,2.2048934956252524e-09,0.051412425939363265,0.8288372500095552,25,20,20
38,6856,0.11975032184618423,2.2048934930074098e-09,0.05141234458750741,0.8288373313614144,25,20,20
38,6857,0.11975032184358915,2.190952260276371e-09,0.05141194849475073,0.8288377274707073,25,20,20
38,6858,0.11975032184358918,2.1909523342477784e-09,0.051405426799957306,0.8288442491655006,25,20,20
38,6859,0.1197503218435884,2.1909480433203176e-09,0.05139882102281343,0.8288508549426495,25,20,20
38,6860,0.11975032184358839,2.1909479706591596e-09,0.05139225618012575,0.8288574197853373,25,20,20
38,6861,0.11975032184372497,2.190952186893832e-09,0.051392243146088375,0.828857432819234,25,20,20
38,6862,0.11975032184390713,2.1909521842987505e-09,0.051402404318695305,0.8288472716464449,25,20,20
38,6863,0.11975032184372576,2.190956475220932e-09,0.05139884827293744,0.8288508276923797,25,20,20
38,6864,0.11975032184354362,2.1909564750873455e-09,0.05139944528519799,0.8288502306803014,25,20,20
38,6865,0.11975032184372576,2.191196779714922e-09,0.05140415979498791,0.828845516170089,25,20,20
38,6866,0.11975032184372257,2.1909572443446547e-09,0.05127858659447636,0.8289710893708433,25,20,20
38,6867,0.11975032184390397,2.191201838949495e-09,0.051283263212237,0.8289664127526568,25,20,20
38,6868,0.11975032184390397,2.191201838971863e-09,0.05128318132101286,0.828966494643881,25,20,20
38,6869,0.11975032184390157,2.191206088560642e-09,0.05165159421048473,0.8285980817544075,25,20,20
38,6870,0.11975032184390477,2.191206163821272e-09,0.05165629408366672,0.8285933818812222,25,20,20
38,6871,0.11975032184390477,2.1912061651187894e-09,0.051662900510092896,0.8285867754547961,25,20,20
38,6872,0.11975032184648876,2.191449924640979e-09,0.05178776403783897,0.8284619119242222,25,20,20
38,6873,0.11975032184648876,2.1914499245950445e-09,0.0517877629530362,0.828461913009025,25,20,20
38,6874,0.13646106079357107,2.427068382248863e-07,0.035076783490462664,0.8284619130091282,25,20,20
38,6875,0.13646106079357107,2.42706838300178e-07,0.03507686655646934,0.8284618299431215,25,20,20
38,6876,0.13646106079357107,2.4270683400902496e-07,0.03507224347894813,0.828466453020647,25,20,20
38,6877,0.09649948746046834,2.9391981144808596e-07,0.07503376562981731,0.8284664529899024,25,20,20
38,6878,0.09649948746046834,2.9391981144806357e-07,0.07503376505422896,0.8284664535654908,25,20,20
38,6879,0.09649948746306367,2.93920060343548e-07,0.07503701388757592,0.8284632047292996,25,20,20
38,6880,0.09649948746324577,2.939203049875922e-07,0.07503931395549542,0.8284609046609535,25,20,20
38,6881,0.09649948746066177,2.9392006122937645e-07,0.07490983247667107,0.8285903861426056,25,20,20
38,6882,0.09657021887616318,2.4271837083585884e-07,0.07483901390548675,0.8285905244999787,25,20,20
38,6883,0.09657021887616324,2.427186131772002e-07,0.07521205528077585,0.8282174831244474,25,20,20
38,6884,0.0965702188761624,2.427186088523282e-07,0.07483905581159976,0.8285904825936287,25,20,20
38,6885,0.0965702188761624,2.4271860456093726e-07,0.07483685874880523,0.8285926796564276,25,20,20
38,6886,0.0965702188761624,2.4271860456095965e-07,0.07483686133210249,0.8285926770731302,25,20,20
38,6887,0.0965702188866981,2.42718848680582e-07,0.07493560166132351,0.8284939367331297,25,20,20
38,6888,0.09657021888669805,2.4271884860526835e-07,0.07493551997003657,0.8284940184244166,25,20,20
38,6889,0.09657021888669812,2.427326621294071e-07,0.0753086684696287,0.828120869911011,25,20,20
38,6890,0.05793260922036201,2.875899339463132e-06,0.11393742502859175,0.8281270898517075,25,20,20
38,6891,0.06421460773007806,2.9213864086894284e-06,0.10765538059915711,0.8281270902843572,25,20,20
38,6892,0.07919154973417872,2.9220804515517266e-06,0.09267834275766475,0.8281271854277057,25,20,20
38,6893,0.07919154973417869,2.9220804515517266e-06,0.09267837672762426,0.8281271514577463,25,20,20
38,6894,0.07919154973417868,2.9220802092090867e-06,0.09230533675984649,0.8285001914257664,25,20,20
38,6895,0.07919154973417789,2.922080209137092e-06,0.09193882207939233,0.8288667061062215,25,20,20
38,6896,0.07919154973417789,2.9220802048474994e-06,0.0919322716633628,0.8288732565222553,25,20,20
38,6897,0.07919154973418108,2.9220802049980125e-06,0.09193887445235732,0.8288666537332573,25,20,20
38,6898,0.07919154973533656,2.92208268797403e-06,0.1283772352101365,0.7924282929718396,25,20,20
38,6899,0.07919154973533656,2.9220826880505838e-06,0.12838383939893533,0.7924216887830408,25,20,20
38,6900,0.07919154973515435,2.922082439163038e-06,0.12837901843999386,0.7924265097424131,25,20,20
38,6901,0.07919154973515441,2.9220824434879095e-06,0.12875201769682357,0.7920535104855793,25,20,20
38,6902,0.07919154973515435,2.92208244348791e-06,0.12875193728335785,0.792053590899045,25,20,20
38,6903,0.07919154973515441,2.9220824477795523e-06,0.1287519991328919,0.7920535290495064,25,20,20
38,6904,0.07919154973533653,2.922082447819817e-06,0.12838362149033383,0.7924219066918823,25,20,20
38,6905,0.07919155032285216,2.92209629518239e-06,0.12867213431202226,0.792133393268831,25,20,20
38,6906,0.07919155032284904,2.922110234335871e-06,0.1286778504783454,0.7921276770885719,25,20,20
38,6907,0.079191550322685,2.9220998169496397e-06,0.11806569831341608,0.8027398292640825,25,20,20
38,6908,0.07919155032027181,2.922099568129444e-06,0.11806399351156444,0.8027415340685962,25,20,20
38,6909,0.07919155032246143,2.960270318838615e-06,0.12436114620689569,0.7964443432003242,25,20,20
38,6910,0.079191550320275,2.9220995724111994e-06,0.11815629564574193,0.8026492319344112,25,20,20
38,6911,0.07919155032009287,2.922099572337231e-06,0.11815475162454231,0.802650775955793,25,20,20
38,6912,0.07937985256495084,2.6339295428527086e-06,0.11796673798751453,0.8026507755179924,25,20,20
38,6913,0.07937985256494766,2.633929538572274e-06,0.1178767155106975,0.8027407979948168,25,20,20
38,6914,0.07937985256494764,2.6339295385722966e-06,0.11787011050631482,0.8027474029991996,25,20,20
38,6915,0.07937985256494764,2.6339295385722966e-06,0.11787011050631482,0.8027474029991994,25,20,20
38,6916,0.0793798525647687,2.6339292940030113e-06,0.11812754609797108,0.8024899674079665,25,20,20
38,6917,0.07937985256476866,2.63392929400102e-06,0.11813400845117077,0.802483505054767,25,20,20
38,6918,0.0793798525647687,2.633929294002317e-06,0.11813404127222947,0.8024834722337082,25,20,20
38,6919,0.07937985256476865,2.633929298217343e-06,0.11813412262919525,0.8024833908767383,25,20,20
38,6920,0.07937985255423213,2.633929054097724e-06,0.11803534370457724,0.8025821698121368,25,20,20
38,6921,0.07937985255423206,2.6339151147963248e-06,0.1180230246381973,0.802594488892456,25,20,20
38,6922,0.07937985255423526,2.633915114796338e-06,0.11801653140825157,0.8026009821223987,25,20,20
38,6923,0.07937985255423531,2.6339151147970253e-06,0.1180101233748471,0.802607390155803,25,20,20
38,6924,0.07937985255409866,2.6339151147228154e-06,0.11801199406014203,0.8026055194706448,25,20,20
38,6925,0.07937985255410186,2.633915114724136e-06,0.11801210806155646,0.802605405469227,25,20,20
38,6926,0.07937985255410179,2.633901305452887e-06,0.1180120620307026,0.8026054515138901,25,20,20
38,6927,0.07937985255409861,2.633901305452887e-06,0.11801207402565984,0.8026054395189361,25,20,20
38,6928,0.0793798525541437,2.6339015477942388e-06,0.11838508029717124,0.8022324332471372,25,20,20
38,6929,0.07937985255671784,2.634689778512971e-06,0.11871495275065104,0.8019025600028524,25,20,20
38,6930,0.07937985255671784,2.6346897742233193e-06,0.11870834823097225,0.8019091645225356,25,20,20
38,6931,0.07937985255672103,2.634689778514934e-06,0.11870626525751309,0.8019112474959873,25,20,20
38,6932,0.07937985255672103,2.6346897785162318e-06,0.11870634434422217,0.8019111684092782,25,20,20
38,6933,0.07937985255667555,2.634689774226603e-06,0.11870135703029977,0.8019161557232504,25,20,20
38,6934,0.0793798525568549,2.634689778506887e-06,0.11879355416592835,0.8018239585874382,25,20,20
38,6935,0.10931814469483336,5.503250990172939e-09,0.08886411253805802,0.8018177372638573,25,20,20
38,6936,0.10250806658647908,9.791560747788834e-09,0.09567416627270178,0.8018177573492581,25,20,20
38,6937,0.1025080665864791,9.79156074646852e-09,0.09568069219916951,0.8018112314227903,25,20,20
38,6938,0.10250806658630024,9.79131622812874e-09,0.09567594127378819,0.8018159823485952,25,20,20
38,6939,0.10250806658630023,9.791316300770697e-09,0.09567590836806543,0.8018160152543179,25,20,20
38,6940,0.1093897726848648,5.504599765393402e-09,0.08879422664894086,0.8018159951615944,25,20,20
38,6941,0.1092696392900584,5.504597379726875e-09,0.08891435961939118,0.8018159955859528,25,20,20
38,6942,0.10926963929001328,5.5043550383751195e-09,0.08854123889245706,0.8021891163131744,25,20,20
38,6943,0.10926963929001328,5.50435496332333e-09,0.0885393370097793,0.8021910181958521,25,20,20
38,6944,0.10926963957347369,5.504352727327609e-09,0.10937920556562113,0.7813511493565519,25,20,20
38,6945,0.10926963957347371,5.504352727304104e-09,0.10937916642302747,0.7813511884991455,25,20,20
38,6946,0.10926963957256629,5.503116554709045e-09,0.1094254715182908,0.7813048834060257,25,20,20
38,6947,0.10931708264471908,5.501580091713351e-09,0.10937802887216165,0.7813048829815386,25,20,20
38,6948,0.10931708264471596,5.501580165659569e-09,0.1093845491614678,0.7812983626922352,25,20,20
38,6949,0.07235250082651085,6.251238122642028e-09,0.14634332359506683,0.781304169327185,25,20,20
38,6950,0.07235250082651085,6.251237972129536e-09,0.14633672088893682,0.7813107720333153,25,20,20
38,6951,0.07235250082650847,6.2512378960964e-09,0.14607278155799058,0.7815747113642638,25,20,20
38,6952,0.07382688499020307,5.5570656725415485e-09,0.14459849323182727,0.7815746162209048,25,20,20
38,6953,0.07382688499020235,5.571006397276943e-09,0.1446043379870186,0.7815687714517735,25,20,20
38,6954,0.07382693189738068,5.64732004085878e-09,0.14805105899055296,0.7781220034647468,25,20,20
38,6955,0.07382693189738462,5.647324334862832e-09,0.1480533908788292,0.7781196715764623,25,20,20
38,6956,0.07174574243019734,8.968239643796029e-09,0.150132592736531,0.7781216558650327,25,20,20
38,6957,0.07174574243024283,8.968239643791767e-09,0.15013481705694784,0.7781194315445703,25,20,20
38,6958,0.07773979572394751,1.7880901680240792e-09,0.144142754968712,0.7781174475192507,25,20,20
38,6959,0.06111784497850468,1.9968772777667928e-09,0.160764704509924,0.7781174485146946,25,20,20
38,6960,0.061186490740689846,2.0060589912762456e-09,0.16068832697508717,0.7781251802781642,25,20,20
38,6961,0.06118649075107191,2.006063355272311e-09,0.1606900024450778,0.7781235047977871,25,20,20
38,6962,0.06118649075106864,2.006063277385117e-09,0.16068991892947268,0.7781235883133956,25,20,20
38,6963,0.026541256722474857,4.297393733733649e-08,0.19533472759824097,0.7781239727053463,25,20,20
38,6964,0.023584155147325144,4.223318267502409e-08,0.19829763650711069,0.7781181661123808,25,20,20
38,6965,0.02358415514732193,4.2233182671946383e-08,0.19830190906300765,0.778113893556487,25,20,20
38,6966,0.023584155147321876,4.221924194978289e-08,0.19829366721156444,0.7781221354218713,25,20,20
38,6967,0.023584155147321876,4.221924194848515e-08,0.19829377967745593,0.7781220229559797,25,20,20
38,6968,0.023584155147139362,4.2219237591633854e-08,0.19820147242923236,0.7782143302043903,25,20,20
38,6969,0.023584155147138616,4.2219237591815186e-08,0.19819957003389763,0.7782162325997257,25,20,20
38,6970,0.02358415514732074,4.221923766707527e-08,0.1982042712715577,0.7782115313618836,25,20,20
38,6971,0.023584155147320797,4.221923337807913e-08,0.1982040774477397,0.7782117251857059,25,20,20
38,6972,0.023584155147320814,4.221923766839498e-08,0.19820427267589452,0.7782115299575468,25,20,20
38,6973,0.023585968991701317,8.423667155266103e-08,0.21736214541651852,0.7590518013551082,25,20,20
38,6974,0.023585968991519195,8.423667155134895e-08,0.21735752514404794,0.7590564216277609,25,20,20
38,6975,0.023585968991519993,8.423667584279724e-08,0.21735927291679114,0.7590546738550127,25,20,20
38,6976,0.04696933245200437,8.4238827597237e-08,0.19397590846642668,0.759054674842741,25,20,20
38,6977,0.02359389034730518,1.7948611518703498e-07,0.2173510307108182,0.7590548994557618,25,20,20
38,6978,0.02359389034730444,1.7948611089688446e-07,0.21734936401817884,0.7590565661484062,25,20,20
38,6979,0.023593890937715876,1.7948611525497718e-07,0.21744213995816358,0.7589637896180055,25,20,20
38,6980,0.023543375063938856,1.8657027529096537e-07,0.21749302969964412,0.758963408666142,25,20,20
38,6981,0.039907264349572584,1.865622789336765e-07,0.20112914143688154,0.7589634076512669,25,20,20
38,6982,0.03990726434957579,1.8656252351764308e-07,0.20113569194014935,0.7589568571477513,25,20,20
38,6983,0.03990723687675746,2.12586271116445e-07,0.20120417277624772,0.7588883777607234,25,20,20
38,6984,0.03990723687675819,2.125862711904163e-07,0.20120414198138423,0.7588884085555861,25,20,20
38,6985,0.039907236866376074,2.1258626682512214e-07,0.201200847051294,0.7588917034960627,25,20,20
38,6986,0.039907237012937864,2.1260007582744456e-07,0.20157037870630914,0.7585221716806769,25,20,20
38,6987,0.03990723701293785,2.1260007590143832e-07,0.20156388755622356,0.7585286628307625,25,20,20
38,6988,0.039907237010363764,2.1181184947279905e-07,0.20123629219525319,0.7588562589825335,25,20,20
38,6989,0.039907237010363764,2.1181184947279947e-07,0.20123629287201988,0.7588562583057668,25,20,20
38,6990,0.03990723701036378,2.118118495577374e-07,0.2011295222491585,0.7589630289286281,25,20,20
38,6991,0.03990723701036372,2.1181184526507225e-07,0.20112724527646783,0.758965305901323,25,20,20
38,6992,0.03990723701036053,2.1181184104920957e-07,0.2011226564975275,0.7589698946802708,25,20,20
38,6993,0.04355984725099434,1.8571067851675493e-07,0.19747007454127938,0.7589698924970475,25,20,20
38,6994,0.04355984725103987,1.8571068288234046e-07,0.1974702711544969,0.7589696958837802,25,20,20
38,6995,0.043559847251039875,1.8571067862106664e-07,0.19721054266564336,0.7592294243726379,25,20,20
38,6996,0.04355984725103987,1.8571067854581097e-07,0.19720394056100118,0.7592360264772802,25,20,20
38,6997,0.04355984725103989,1.8571067425681522e-07,0.19720382127775973,0.7592361457605259,25,20,20
38,6998,0.04355984725103995,1.857109187916326e-07,0.19720606635024251,0.7592339006877985,25,20,20
38,6999,0.04355984666937623,2.23881665211578e-07,0.20341044259411553,0.7530294868548428,25,20,20
38,7000,0.043559846669377025,2.238816653608405e-07,0.2034105257134216,0.753029403735536,25,20,20
38,7001,0.04355984652281518,2.238678520674104e-07,0.20303629251304617,0.7534036370962867,25,20,20
38,7002,0.04355984651406748,1.8569710136462846e-07,0.19674574462577546,0.7596942231630557,25,20,20
38,7003,0.045461501058080556,8.779014135460663e-07,0.19466644852433052,0.7598711725161752,25,20,20
38,7004,0.0454615010580805,8.779011690112453e-07,0.19466636573757198,0.7598712553031785,25,20,20
38,7005,0.04546150105807972,8.779011688633029e-07,0.19466628465101735,0.7598713363897339,25,20,20
38,7006,0.0454615010580797,8.77901168860685e-07,0.19466639709186637,0.7598712239488848,25,20,20
38,7007,0.045461501058037354,8.779014085538757e-07,0.19475849446576998,0.7597791265747841,25,20,20
38,7008,0.0454615010580373,8.779014085526007e-07,0.19475857278932765,0.7597790482512266,25,20,20
38,7009,0.042768241712243554,8.784061733313121e-07,0.19744427785268553,0.7597866020288977,25,20,20
38,7010,0.042768241712243554,8.784061733312888e-07,0.19744435630145052,0.7597865235801327,25,20,20
38,7011,0.042768241712246746,8.784201126353046e-07,0.19745667524802044,0.7597742046196203,25,20,20
38,7012,0.04276875453762413,8.302411380483703e-07,0.19745621456058932,0.7597742006606489,25,20,20
38,7013,0.04276875453766439,8.302534612020956e-07,0.20211554636311357,0.755114868845762,25,20,20
38,7014,0.04711294236204056,8.15513347772615e-05,0.19730555654911508,0.7554999497540674,25,20,20
38,7015,0.047112942362040625,8.155133478155262e-05,0.19731017964571215,0.7554953266574661,25,20,20
38,7016,0.047112942362039834,8.155133478147796e-05,0.19768319839596582,0.7551223079072131,25,20,20
38,7017,0.04344646304326082,0.0009096883171821324,0.20090420216867386,0.7547396464708837,25,20,20
38,7018,0.04344646304326081,0.0009096883171820585,0.20089759876039617,0.7547462498791616,25,20,20
38,7019,0.043446463043260844,0.0009096883171778421,0.200897517386748,0.7547463312528139,25,20,20
38,7020,0.043446463043260844,0.0009096883171777681,0.2009040062982076,0.7547398423413544,25,20,20
38,7021,0.043691649337833136,0.0009096883157421772,0.2006588195792364,0.754739842767189,25,20,20
38,7022,0.04369164933782994,0.0009096883018028745,0.20064657909154826,0.7547520832688197,25,20,20
38,7023,0.04369164933782994,0.0009096883018028732,0.20064657820326987,0.7547520841570982,25,20,20
38,7024,0.043691649337829895,0.0009096883018028718,0.20065315206885992,0.7547455102915079,25,20,20
38,7025,0.04301188902904904,7.470488013293955e-07,0.2022444987110749,0.7547428652110753,25,20,20
38,7026,0.04301188902904904,7.470488013293734e-07,0.2022379750129375,0.7547493889092128,25,20,20
38,7027,0.04301188902904904,7.470488013293734e-07,0.2022380084071532,0.7547493555149971,25,20,20
38,7028,0.04301188902904902,7.470488012534989e-07,0.20186490456448122,0.7551224593576691,25,20,20
38,7029,0.04301188902904582,7.470485608458903e-07,0.20223137490278384,0.7547559890196102,25,20,20
38,7030,0.00656024478760867,7.475118290011697e-07,0.2386759475041036,0.7547630601964586,25,20,20
38,7031,0.0065602447865324084,1.0781652244549031e-05,0.23866591310613178,0.754763060455091,25,20,20
38,7032,0.006560244786529223,1.0781652000564225e-05,0.2385737323191177,0.7548552412423524,25,20,20
38,7033,0.006677014810004952,1.0739634564625855e-05,0.23845720809225207,0.754855037463178,25,20,20
38,7034,0.044491894682210195,1.0047495741768163e-05,0.20082781562534607,0.7546702421967016,25,20,20
38,7035,0.04449189468221016,1.0047495741766794e-05,0.2008211651857249,0.7546768926363226,25,20,20
38,7036,0.04714721248410903,1.0067618463169197e-05,0.1981657329752183,0.754676986922209,25,20,20
38,7037,0.04714721248410983,1.0067618463243163e-05,0.19816152936769782,0.7546811905297287,25,20,20
38,7038,0.04714721248410983,1.0067618463317136e-05,0.19816149795180685,0.7546812219456194,25,20,20
38,7039,0.04714721248415493,1.0068404616241824e-05,0.19859585938225055,0.7542468597289778,25,20,20
38,7040,0.04714721189682142,1.0068390768955852e-05,0.19831214349832918,0.75453057621408,25,20,20
38,7041,0.036880371224489485,1.0068300878480284e-05,0.2085790084630925,0.7545305520115392,25,20,20
38,7042,0.03688037122448947,1.0068300878478962e-05,0.20857900637455118,0.7545305541000806,25,20,20
38,7043,0.036880371224489485,1.006830088276928e-05,0.20857912256825553,0.7545304379063719,25,20,20
38,7044,0.036880371224489485,1.0068300882695353e-05,0.20857904153106813,0.7545305189435594,25,20,20
38,7045,0.03493492112750729,0.0006507349221331113,0.20988285218309077,0.7545314917672684,25,20,20
38,7046,0.034934921127552775,0.0006507349360436156,0.2099777948724753,0.754436549063928,25,20,20
38,7047,0.034934921127552775,0.0006507349360436557,0.20960488822187284,0.7548094557145304,25,20,20
38,7048,0.03493492112755279,0.0006507349360437323,0.20960485486415145,0.7548094890722516,25,20,20
38,7049,0.03493492112755279,0.0006507349360437321,0.2096094424896293,0.7548049014467739,25,20,20
38,7050,0.0349349211275528,0.0006507349360480238,0.209609585412429,0.7548047585239698,25,20,20
38,7051,0.0349349211275528,0.0006507349360480238,0.20961619133918447,0.7547981525972144,25,20,20
38,7052,0.03493492112750727,0.0006507349360479485,0.2096140254027171,0.7548003185337271,25,20,20
38,7053,0.034934921127507255,0.0006507349360436569,0.209613963520736,0.7548003804157125,25,20,20
38,7054,0.03493492112750726,0.0006507349360438061,0.20962045382456818,0.7547938901118801,25,20,20
38,7055,0.03493492112750725,0.0006507349360479825,0.20999347462616136,0.7544208693102828,25,20,20
38,7056,0.03493492112751044,0.0006507349360438413,0.20999494479690164,0.7544193991395436,25,20,20
38,7057,0.03493492112751044,0.0006507349360438413,0.2099949439850844,0.754419399951361,25,20,20
38,7058,0.03301059994975934,0.0006514033771461475,0.2119224791826491,0.7544155174904446,25,20,20
38,7059,0.033010599952354405,0.0006514033771503645,0.21192442305592213,0.7544135736145721,25,20,20
38,7060,0.033010078508240094,0.0006514033768849929,0.21192494456993188,0.754413573544942,25,20,20
38,7061,0.03301007850823689,0.0006514033768848424,0.21192327715455025,0.754415240960327,25,20,20
38,7062,0.03301007850819181,0.0006514025907319916,0.21148895588310065,0.7548495630179743,25,20,20
38,7063,0.06535721944487113,0.0006507337605432234,0.17914567256542246,0.7548463742291622,25,20,20
38,7064,0.037698901148029595,1.0082564035044657e-05,0.19428603598463973,0.7680049803032948,25,20,20
38,7065,0.037698901148029595,1.0082564035044635e-05,0.1942860359758832,0.7680049803120512,25,20,20
38,7066,0.04360602150371977,1.0082578789453684e-05,0.1883789159655254,0.7680049799519645,25,20,20
38,7067,0.040836208568228394,1.006416117278292e-05,0.19113575019862686,0.7680179770719717,25,20,20
38,7068,0.039894838806524786,3.418621389942104e-05,0.19206051628671175,0.7680104586928639,25,20,20
38,7069,0.0398948388065703,3.418621414401468e-05,0.19206523057050096,0.7680057444087844,25,20,20
38,7070,0.039894838806570285,3.4186214139724346e-05,0.19206514779542389,0.7680058271838658,25,20,20
38,7071,0.039894838806570306,3.418621413554802e-05,0.19169212699398494,0.7683788479853088,25,20,20
38,7072,0.039894056325014596,3.4170787301972524e-05,0.1650046208727198,0.795067152014963,25,20,20
38,7073,0.04078228769012768,1.00487070466154e-05,0.16414054694649566,0.7950671166563298,25,20,20
38,7074,0.04078228770293053,1.0048708253263303e-05,0.20067903493257966,0.7585286286562355,25,20,20
38,7075,0.04078228770293053,1.004870825326198e-05,0.20067895376439732,0.7585287098244179,25,20,20
38,7076,0.040782287702931325,1.0048708257553406e-05,0.20068132057880475,0.7585263430100055,25,20,20
38,7077,0.04078227930212285,1.0048708009733025e-05,0.20052944545240295,0.7586782265374636,25,20,20
38,7078,0.040782279299527734,1.0048708005442101e-05,0.20052291251753623,0.7586847594749295,25,20,20
38,7079,0.040782279309840665,1.0048708009629848e-05,0.2007895579074198,0.7584181140747289,25,20,20
38,7080,0.040782279309800454,1.0048709499638144e-05,0.19650429095305774,0.7627033810276412,25,20,20
38,7081,0.040782279309754976,1.0048709254970526e-05,0.19649945883604894,0.7627082131449402,25,20,20
38,7082,0.04078227930970949,1.0048695344466303e-05,0.19640463000593353,0.7628030419890115,25,20,20
38,7083,0.04078227929949362,1.0048694142173522e-05,0.1599979575573126,0.7992097144490515,25,20,20
38,7084,0.03296101327115722,2.3069096427909937e-05,0.1677441066873792,0.7992718109450351,25,20,20
38,7085,0.03296101327111248,2.3069096432010986e-05,0.16811697882405063,0.7988989388084043,25,20,20
38,7086,0.032961013271112435,2.3069082618847665e-05,0.16775169640756712,0.7992642212387011,25,20,20
38,7087,0.03296101327111246,2.3069082623140093e-05,0.1677475016417674,0.7992684160044965,25,20,20
38,7088,0.03296101327111246,2.3069082622990876e-05,0.1677408988761004,0.7992750187701637,25,20,20
38,7089,0.032961013271112456,2.306908262291559e-05,0.16774089686230362,0.7992750207839606,25,20,20
38,7090,0.032961013271112456,2.306908262291561e-05,0.16774086344367628,0.7992750542025879,25,20,20
38,7091,0.03296101327093033,2.3069082622915615e-05,0.16773768658410443,0.799278231062342,25,20,20
38,7092,0.032961013271112456,2.3069082867574394e-05,0.16773778464535544,0.7992781330006642,25,20,20
38,7093,0.03296101327111252,2.3069082867575688e-05,0.16773775270235006,0.7992781649436695,25,20,20
38,7094,0.03296101327111252,2.3069082867574394e-05,0.1677379130772913,0.799278004568728,25,20,20
38,7095,0.03296101327111252,2.30690828633981e-05,0.16736492633485686,0.7996509913111666,25,20,20
38,7096,0.03296101327111253,2.3069082863324108e-05,0.16749484889697502,0.7995210687490486,25,20,20
38,7097,0.032961013260799595,2.3069082859062363e-05,0.1672280896058758,0.7997878280504651,25,20,20
38,7098,0.03296101326080275,2.306908309936621e-05,0.1672282209646594,0.799787696691438,25,20,20
38,7099,0.032961013260802745,2.306908309936621e-05,0.16722830000786681,0.7997876176482306,25,20,20
38,7100,0.0329610132698075,2.306908309935964e-05,0.1719244414442278,0.7950914762028651,25,20,20
38,7101,0.03296101326980669,2.306908309935962e-05,0.17179440343110394,0.7952215142159897,25,20,20
38,7102,0.03296101326962458,2.3069082854777407e-05,0.17178997799995013,0.7952259396475703,25,20,20
38,7103,0.03296101326962452,2.306908285477609e-05,0.17178997796481274,0.7952259396827077,25,20,20
38,7104,0.032961013260666104,2.306908285485799e-05,0.16709396046590355,0.7999219571905752,25,20,20
38,7105,0.03296800094100782,2.2245696869904113e-05,0.1645813612160235,0.8024283921460986,25,20,20
38,7106,0.032968000941004605,2.224569662530916e-05,0.16457652572992262,0.8024332276324472,25,20,20
38,7107,0.03296800094100466,2.2245696625458397e-05,0.16458312855151763,0.802426624810852,25,20,20
38,7108,0.03296800094104976,2.224569662124287e-05,0.16495472398161684,0.8020550293807119,25,20,20
38,7109,0.03296800094105216,2.22456966211689e-05,0.164952486673062,0.8020572666892645,25,20,20
38,7110,0.0409093959978383,9.225294608418882e-06,0.1570862085067824,0.8019951702007705,25,20,20
38,7111,0.04090939599783836,9.225294608421479e-06,0.1570862119168972,0.8019951667906556,25,20,20
38,7112,0.04090939599783842,9.225294608496748e-06,0.15708624675324212,0.8019951319543108,25,20,20
38,7113,0.04090939599779214,9.225294612637765e-06,0.15708404191250092,0.8019973367950942,25,20,20
38,7114,0.04090268910792724,2.9209315752993998e-08,0.1596063800629693,0.7994909016197874,25,20,20
38,7115,0.04090268910793042,2.9209558747311506e-08,0.15987265149905996,0.7992246301834507,25,20,20
38,7116,0.04097142889597574,2.2738026404336245e-09,0.15980393629843692,0.7992246325317844,25,20,20
38,7117,0.040971428895978955,2.2738027157255643e-09,0.15980410453551888,0.7992244642946992,25,20,20
38,7118,0.04097142889597901,2.27380279101675e-09,0.15980424567782248,0.7992243231523954,25,20,20
38,7119,0.04085022751825641,2.1860657866035333e-09,0.15992544715847493,0.7992243231372028,25,20,20
38,7120,0.04085022751825962,2.1860742928041414e-09,0.15992619300838518,0.7992235772872808,25,20,20
38,7121,0.04085022751825962,2.1860700029707915e-09,0.15992149229074934,0.7992282780049209,25,20,20
38,7122,0.040850227518259646,2.186078355667251e-09,0.16028799153527978,0.7988617787603822,25,20,20
38,7123,0.040850731166871,2.1860781921680226e-09,0.16028748788915817,0.7988617787578931,25,20,20
38,7124,0.04085073116686784,2.1860696859702847e-09,0.1602852364607125,0.7988640301863505,25,20,20
38,7125,0.04085073116686779,2.186069609403731e-09,0.16028509392088502,0.7988641727261782,25,20,20
38,7126,0.04085073116687097,2.1860738990242574e-09,0.160289420802843,0.7988598458442128,25,20,20
38,7127,0.04085073116687097,2.1860739003228172e-09,0.16028941497881924,0.7988598516682365,25,20,20
38,7128,0.04085073116687097,2.1860738990241036e-09,0.16029400818958772,0.798855258457468,25,20,20
38,7129,0.040850731166870914,2.18607389772637e-09,0.1602939262632262,0.7988553403838294,25,20,20
38,7130,0.0737104762950106,4.738139356975792e-09,0.12744724970407775,0.7988422692627724,25,20,20
38,7131,0.07280576681750155,2.048181433446611e-06,0.09668892433280242,0.8305032606682629,25,20,20
38,7132,0.07280576681750155,2.048181433447909e-06,0.0966890381920916,0.8305031468089736,25,20,20
38,7133,0.07994193195374975,2.0439242632541633e-06,0.08955289759784998,0.8305031265241373,25,20,20
38,7134,0.0799396088280378,2.043924264218484e-06,0.0895552207235586,0.8305031265241395,25,20,20
38,7135,0.0799352938613738,2.0439242642529435e-06,0.08955953568995831,0.8305031265244038,25,20,20
38,7136,0.0799352938613738,2.0439242642542416e-06,0.0895595690840171,0.8305030931303452,25,20,20
38,7137,0.07993529386137374,2.0439242599626047e-06,0.08955937242524196,0.8305032897891246,25,20,20
38,7138,0.07993529386137686,2.0439245029556024e-06,0.08982572151668394,0.8302369406974364,25,20,20
38,7139,0.0799352938615621,2.043924494530295e-06,0.08945735576808411,0.8306053064458594,25,20,20
38,7140,0.07993529386155969,2.0439244945302724e-06,0.08945730667718087,0.8306053555367652,25,20,20
38,7141,0.07993377140625664,3.8230845216906835e-12,0.08112847477959419,0.8389377538103264,25,20,20
38,7142,0.07993377140625746,3.823087163363198e-12,0.08113087531491418,0.8389353532750056,25,20,20
38,7143,0.07993377140625665,3.8230105740072845e-12,0.08113083662781838,0.8389353919621021,25,20,20
38,7144,0.07993377140630213,3.822936602781911e-12,0.08114472731104874,0.8389215012788265,25,20,20
38,7145,0.07993377140630215,3.822936625741032e-12,0.08115121989842558,0.8389150086914496,25,20,20
38,7146,0.07993377140630215,3.822936625743692e-12,0.08115114084494295,0.8389150877449322,25,20,20
38,7147,0.07993377140630216,3.8246002459625006e-12,0.08089142189019091,0.8391748066996825,25,20,20
38,7148,0.07993377140630216,3.828891891293993e-12,0.08089146043937769,0.8391747681504914,25,20,20
38,7149,0.07993377140630221,3.8246028642156575e-12,0.0808913428435916,0.8391748857462819,25,20,20
38,7150,0.07993377140630221,3.824602864212997e-12,0.08089142189707418,0.8391748066927991,25,20,20
38,7151,0.07993377140630296,3.824676834936571e-12,0.08089153637647811,0.8391746922133944,25,20,20
38,7152,0.07993377140625745,3.8247495080848935e-12,0.08087761285981684,0.8391886157301011,25,20,20
38,7153,0.07993377140643952,3.8290396792973e-12,0.08087924105508978,0.8391869875346416,25,20,20
38,7154,0.07994807731140369,2.492860089955898e-08,0.0808649081399426,0.8391869896200526,25,20,20
38,7155,0.07994807731140449,2.4928600902154446e-08,0.08086513816109044,0.839186759598904,25,20,20
38,7156,0.0799480773114045,2.492860090345196e-08,0.08087174458751661,0.8391801531724777,25,20,20
38,7157,0.07994807731140377,2.4928600828183492e-08,0.08087170919006618,0.839180188569929,25,20,20
38,7158,0.07994807731140381,2.4928600903429806e-08,0.08086521873324762,0.8391866790267476,25,20,20
38,7159,0.07993326740731303,4.8178068036200605e-08,0.08088000747208503,0.8391866769425337,25,20,20
38,7160,0.0803406600459509,4.8424610294163485e-08,0.08047261579785894,0.8391866757315796,25,20,20
38,7161,0.08034066004595092,4.842461189352295e-08,0.08021109878293627,0.8394481927465007,25,20,20
38,7162,0.08034066004852657,4.8438452777436576e-08,0.0805176799116097,0.8391416116014109,25,20,20
38,7163,0.08034066004852894,4.843845292533262e-08,0.08051539611560585,0.8391438953974122,25,20,20
38,7164,0.08034066004852888,4.8438452848765605e-08,0.08051527956026851,0.8391440119527498,25,20,20
38,7165,0.0815698742430851,6.05715913360808e-08,0.07928605333795785,0.8391440118473654,25,20,20
38,7166,0.08156987424308197,6.057183594357153e-08,0.07928825045379867,0.8391418147312829,25,20,20
38,7167,0.08157032385803427,1.02947100235508e-07,0.08187247060034053,0.8365571025945249,25,20,20
38,7168,0.0815703238580794,1.0296091339752722e-07,0.08224656942293342,0.8361830037580738,25,20,20
38,7169,0.0815703238580794,1.0296091768784387e-07,0.0822466856166378,0.836182887564365,25,20,20
38,7170,0.08157032385803387,1.0296091339691762e-07,0.08224007885491585,0.8361894943261367,25,20,20
38,7171,0.08157032385817403,1.0294710460133182e-07,0.0818706367685872,0.8365589364261339,25,20,20
38,7172,0.08157032385817403,1.029471046039273e-07,0.08187067872937911,0.8365588944653419,25,20,20
38,7173,0.08288339120078883,1.3092955263894055e-07,0.08055739867260975,0.8365590791970486,25,20,20
38,7174,0.08288339119820197,1.309295483603758e-07,0.08043028445106341,0.836686193421186,25,20,20
38,7175,0.08288339119820512,1.3092954843433787e-07,0.0804348231123881,0.836681654759858,25,20,20
38,7176,0.08288339119820191,1.309293038406609e-07,0.08043006869122016,0.8366864091812738,25,20,20
38,7177,0.08288339119819874,1.309293080570147e-07,0.08042556347938229,0.8366909143931107,25,20,20
38,7178,0.08288339119819868,1.3092930812967545e-07,0.08043216482371314,0.8366843130487799,25,20,20
38,7179,0.08288339119820154,1.309293119201211e-07,0.0850912294942174,0.8320252483782687,25,20,20
38,7180,0.0828833911980163,1.3092931184400429e-07,0.08508668750046451,0.8320297903722068,25,20,20
38,7181,0.0828833911980131,1.3092906718481478e-07,0.08508028451552475,0.8320361933573944,25,20,20
38,7182,0.0828833911980103,1.3092906346834073e-07,0.08042118848905201,0.836695289383874,25,20,20
38,7183,0.0828833911980103,1.3092906346963828e-07,0.08042771303435162,0.8366887648385744,25,20,20
38,7184,0.08288339119801033,1.309292227075011e-07,0.0943909806705725,0.8227254972021939,25,20,20
38,7185,0.08288339119547981,1.309156240909689e-07,0.0944574392314689,0.8226590386574264,25,20,20
38,7186,0.08288339119548059,1.3091562416494002e-07,0.09445751516019314,0.8226589627287015,25,20,20
38,7187,0.08288339119543867,1.30915386115049e-07,0.09408601742028255,0.8230304604688921,25,20,20
38,7188,0.0827612794400865,1.3091541298904172e-07,0.09420812917587477,0.8230304604686255,25,20,20
38,7189,0.0827612794417317,1.3092448660611637e-07,0.10780446775214605,0.8094341218816354,25,20,20
38,7190,0.0827612794419138,1.3092457205610563e-07,0.09383634422913714,0.8234022454043768,25,20,20
38,7191,0.08276127944173169,1.309243274422354e-07,0.09384119790780865,0.823397391726132,25,20,20
38,7192,0.082940707086719,9.806305795818039e-08,0.09365022189194173,0.8234089729582812,25,20,20
38,7193,0.082940707086719,9.806305795686045e-08,0.09364552065600545,0.8234136741942173,25,20,20
38,7194,0.09735418755102282,7.110431954721049e-08,0.07924163256571273,0.8234041087789445,25,20,20
38,7195,0.09735418756140377,7.110432383838071e-08,0.07923982843627246,0.8234059128979996,25,20,20
38,7196,0.09735418756140372,7.110432383965487e-08,0.07923959987225446,0.8234061414620176,25,20,20
38,7197,0.0974771172195027,7.110279489987093e-08,0.07911667021516733,0.8234061414625349,25,20,20
38,7198,0.0974771172195027,7.110279911423106e-08,0.07912315884829944,0.8233996528293984,25,20,20
38,7199,0.0974771172195003,7.110279482461428e-08,0.07911667022426948,0.8234061414534348,25,20,20
38,7200,0.09747711721950106,7.110255029111443e-08,0.07911663438246447,0.8234061772954836,25,20,20
38,7201,0.09747711721950104,7.110254600214146e-08,0.07911646628877267,0.8234063453891798,25,20,20
38,7202,0.09747666760454553,2.8727281559667196e-08,0.07653212940291504,0.8259911742652573,25,20,20
38,7203,0.09747666759416544,2.872752102103942e-08,0.07665760612181581,0.8258656975564971,25,20,20
38,7204,0.09664443125730356,1.635588814363408e-08,0.07748985582615556,0.8258656965606523,25,20,20
38,7205,0.0966444312573036,1.6355883853294906e-08,0.07749436206628384,0.8258611903205284,25,20,20
38,7206,0.09664443125712467,1.6355883852740484e-08,0.07749922450758998,0.825856327879401,25,20,20
38,7207,0.09664443125693933,1.6355883774861965e-08,0.07749471678869971,0.8258608355984769,25,20,20
38,7208,0.0966444312569425,1.6355888037876268e-08,0.07776081974591388,0.8255947326412553,25,20,20
38,7209,0.09664443125694244,1.635588796260694e-08,0.07776073724259323,0.8255948151445761,25,20,20
38,7210,0.09664443125712335,1.6355892150428823e-08,0.07802050851232624,0.825335043874658,25,20,20
38,7211,0.09664443125730489,1.6369787893611605e-08,0.07815779620280604,0.8251977561701009,25,20,20
38,7212,0.09664443125730171,1.6369783630528997e-08,0.077891465232622,0.8254640871402925,25,20,20
38,7213,0.09664443125730492,1.6369787922750114e-08,0.07789810407191836,0.8254574483009887,25,20,20
38,7214,0.09600908845151311,2.1531961705843515e-08,0.07853208596536673,0.8254588040511581,25,20,20
38,7215,0.0960090884515123,2.1531961704523407e-08,0.0785318573417429,0.8254590326747828,25,20,20
38,7216,0.09600908845394458,2.2276980334215036e-08,0.08103638773072969,0.8229545015383455,25,20,20
38,7217,0.0960090884539414,2.2276976043291653e-08,0.08102986478760009,0.8229610244814826,25,20,20
38,7218,0.08524943750672156,2.611166109656332e-08,0.09178951158453569,0.822961024797082,25,20,20
38,7219,0.09989903368487509,4.844368795982026e-07,0.07713941949099477,0.8229610623872502,25,20,20
38,7220,0.11182032058199573,8.71967799291191e-07,0.0652199117907527,0.8229588956594519,25,20,20
38,7221,0.11182032058048678,8.719587256748549e-07,0.05124973320290234,0.8369290742578848,25,20,20
38,7222,0.11182032058048666,8.719587256748541e-07,0.05124973314541787,0.8369290743153693,25,20,20
38,7223,0.12258490412267302,8.682130484469284e-07,0.04048515366437545,0.8369290739999029,25,20,20
38,7224,0.11985475558839485,7.566539773930721e-07,0.04321405436312459,0.8369304333945027,25,20,20
38,7225,0.11985475558821332,7.56640081649913e-07,0.04307676660627641,0.8370677211654283,25,20,20
38,7226,0.11985475558821329,7.566400773582764e-07,0.043076569361635085,0.8370679184100739,25,20,20
38,7227,0.11985475558803556,7.56640073096464e-07,0.04307739454465965,0.8370670932272314,25,20,20
38,7228,0.11985475558808073,7.566403161633112e-07,0.043339413075628996,0.8368050746959739,25,20,20
38,7229,0.1198547555906749,7.566403162396609e-07,0.04334170741446532,0.8368027803545433,25,20,20
38,7230,0.13456130082967957,4.64331785368256e-07,0.028636847700479803,0.8368013871380552,25,20,20
38,7231,0.11532842930336372,7.269255302622065e-06,0.0478299022083125,0.8368343992330206,25,20,20
38,7232,0.11532842930336372,7.269255302622044e-06,0.04783001467014735,0.8368342867711859,25,20,20
38,7233,0.13437935137279605,4.644230098426387e-07,0.02881888516410796,0.836801299040086,25,20,20
38,7234,0.13437935137279686,4.6443695100171556e-07,0.028825770687709598,0.8367944135025425,25,20,20
38,7235,0.13437935137279686,4.6443695107700705e-07,0.028819246764588607,0.8368009374256633,25,20,20
38,7236,0.13437935137279766,4.6443695107832773e-07,0.02882589859161585,0.8367942855986351,25,20,20
38,7237,0.13437935137279686,4.6443695115226185e-07,0.02882827624133853,0.8367919079489132,25,20,20
38,7238,0.1343793513753681,4.644369553285345e-07,0.02920219425039418,0.8364179899372821,25,20,20
38,7239,0.09767953845014617,1.5150251999713108e-06,0.06590086562272551,0.8364180809019274,25,20,20
38,7240,0.09767953845014622,1.5150252000465566e-06,0.06590094819241457,0.8364179983322383,25,20,20
38,7241,0.09792707367328946,1.5149340019953337e-06,0.06565343742420889,0.8364179739684987,25,20,20
38,7242,0.09792707367328861,1.5149337581675352e-06,0.06552316265350164,0.8365482487394506,25,20,20
38,7243,0.09856851112427041,1.5097699627945739e-06,0.06488308611700903,0.836546892988757,25,20,20
38,7244,0.10609244079624558,1.051440327572246e-06,0.057359652422040705,0.8365468553413855,25,20,20
38,7245,0.10492466614835755,1.0514366554093072e-06,0.058527426143714915,0.8365468562712715,25,20,20
38,7246,0.10492466614836068,1.0514366596251687e-06,0.058532047231401325,0.8365422351835778,25,20,20
38,7247,0.10492466614854237,1.0514366596278258e-06,0.05862986738014804,0.8364444150346495,25,20,20
38,7248,0.10492466614854237,1.0514369042967402e-06,0.05862805106156364,0.8364462313529891,25,20,20
38,7249,0.1213412730184829,2.1814837725358947e-06,0.04221031497804729,0.8364462305196967,25,20,20
38,7250,0.12134127301604983,2.1807387538296146e-06,0.039705666689446396,0.8389508795557493,25,20,20
38,7251,0.12134127301604984,2.1807387539062046e-06,0.03970577974343536,0.8389507665017604,25,20,20
38,7252,0.12134127301604984,2.1807387496152813e-06,0.03970387674499273,0.8389526695002073,25,20,20
38,7253,0.12134127301604983,2.1807387495386918e-06,0.039703761616891084,0.838952784628309,25,20,20
38,7254,0.12134127301604983,2.180738749537395e-06,0.039703680541542476,0.8389528657036576,25,20,20
38,7255,0.11816490422753612,1.1300614784338e-06,0.04288095654008636,0.8389530091708984,25,20,20
38,7256,0.1181649042273552,1.1300614785077512e-06,0.04278475750580788,0.8390492082053578,25,20,20
38,7257,0.11816490422735519,1.1300614785090484e-06,0.042791245768796705,0.8390427199423691,25,20,20
38,7258,0.1181649042273544,1.1300475374239651e-06,0.04278436163765715,0.8390496040874506,25,20,20
38,7259,0.11816490422478632,1.1300475333216637e-06,0.04241047785451481,0.839423487873165,25,20,20
38,7260,0.11816490422478637,1.1300475333203433e-06,0.04241047788253538,0.8394234878451442,25,20,20
38,7261,0.11816490422478637,1.130047537584715e-06,0.04267681114441591,0.8391571545832595,25,20,20
38,7262,0.11816490422478639,1.130047537733871e-06,0.043049914263607415,0.8387840514640678,25,20,20
38,7263,0.11816490422478325,1.1300475378072954e-06,0.04305489452908084,0.8387790711985975,25,20,20
38,7264,0.11816490422478325,1.130047537734716e-06,0.04268839626638027,0.8391455694612983,25,20,20
38,7265,0.11816493794771504,1.1300480270072483e-06,0.042698748879207306,0.8391351831250502,25,20,20
38,7266,0.11816493794771513,1.1300618773762292e-06,0.04296619781425774,0.8388677341761492,25,20,20
38,7267,0.11816493794771517,1.1300618730850993e-06,0.04296629193188009,0.8388676400585312,25,20,20
38,7268,0.11816493794775738,1.1300618730096105e-06,0.043095744276290066,0.8387381877140792,25,20,20
38,7269,0.11816493794775738,1.1300616326318264e-06,0.04309561291897143,0.8387383190716381,25,20,20
38,7270,0.11816493794775738,1.130061632557833e-06,0.043095499030057285,0.8387384329605523,25,20,20
38,7271,0.11816493794775744,1.130061636848172e-06,0.043095694301406126,0.8387382376891991,25,20,20
38,7272,0.11816493794775738,1.1300616325565127e-06,0.043095495669608984,0.8387384363210006,25,20,20
38,7273,0.11816493794775658,1.1300616324812468e-06,0.04309398643124064,0.8387399455593697,25,20,20
38,7274,0.1181649379477597,1.1300477864051855e-06,0.04282665945592527,0.8390072725485279,25,20,20
38,7275,0.1181649379477597,1.1300477864052078e-06,0.0428267433100738,0.8390071886943795,25,20,20
38,7276,0.11816493794775969,1.1300477905456143e-06,0.04282864706043814,0.8390052849440112,25,20,20
38,7277,0.11816493794775969,1.1300477863299565e-06,0.04282215642967347,0.8390117755747801,25,20,20
38,7278,0.11816940692268313,1.1300493482328107e-06,0.04281768744600465,0.8390117755819635,25,20,20
38,7279,0.11816940692268313,1.1300493482328109e-06,0.04281578450441414,0.8390136785235539,25,20,20
38,7280,0.11816940692268313,1.13004934823149e-06,0.04281578308034559,0.8390136799476227,25,20,20
38,7281,0.11816940692268067,1.1300493483067465e-06,0.042817629810901925,0.8390118332170686,25,20,20
38,7282,0.1181694069200857,1.1300493439394709e-06,0.04280873037346639,0.8390207326571038,25,20,20
38,7283,0.1181694069200865,1.1300493439407922e-06,0.04280873289686284,0.8390207301337064,25,20,20
38,7284,0.1181694069200857,1.1300493396483638e-06,0.042804029321326986,0.8390254337092473,25,20,20
38,7285,0.11816940692004367,1.1300490966553375e-06,0.04262960341056865,0.8391998596202909,25,20,20
38,7286,0.11816940692004048,1.1300490923637155e-06,0.04262948164269528,0.8391999813881716,25,20,20
38,7287,0.11816940692003733,1.130049092365022e-06,0.04262481950077504,0.8392046435300952,25,20,20
38,7288,0.11816940692003415,1.1300490923664802e-06,0.04253912817274939,0.839290334858124,25,20,20
38,7289,0.11816940692003422,1.130049096659192e-06,0.04254140717531446,0.8392880558555545,25,20,20
38,7290,0.11949438734363517,3.3598684690233083e-06,0.04121442482304642,0.8392878279648491,25,20,20
38,7291,0.11949438734623065,3.3598684733149502e-06,0.041209960433592006,0.8392922923517037,25,20,20
38,7292,0.11949438734627607,3.359868717368906e-06,0.04129834305020204,0.8392039097348042,25,20,20
38,7293,0.11949438734627607,3.3598687173715245e-06,0.04129845740213263,0.8392037953828736,25,20,20
38,7294,0.1194943873464582,3.3598687215886847e-06,0.04130304736995576,0.8391992054148641,25,20,20
38,7295,0.1194943873464582,3.359868721588663e-06,0.04130296746192095,0.839199285322899,25,20,20
38,7296,0.11949438734645815,3.3598687215881527e-06,0.04156925900749382,0.8389329937773263,25,20,20
38,7297,0.11949438734646055,3.3598687259517175e-06,0.04157574857286432,0.838926504211949,25,20,20
38,7298,0.11949438734627843,3.3598687259503737e-06,0.041575709892834274,0.8389265428921611,25,20,20
38,7299,0.11949438734627839,3.359868725947709e-06,0.041575680741848,0.8389265720431474,25,20,20
38,7300,0.11949438734609626,3.3598687216565777e-06,0.04157097690945281,0.8389312758757289,25,20,20
38,7301,0.11949438734609628,3.359868725871935e-06,0.04130692356649288,0.8391953292186846,25,20,20
38,7302,0.11949438734605086,3.3598684818906184e-06,0.04122044396053847,0.8392818088249284,25,20,20
38,7303,0.11827382605350467,0.0005519164893250688,0.04189245442311477,0.8392818030340551,25,20,20
38,7304,0.11827382605350228,0.0005519164893250702,0.0416254081962704,0.8395488492609018,25,20,20
38,7305,0.11827382605350223,0.0005519164893249976,0.041625439115020015,0.8395488183421523,25,20,20
38,7306,0.11827382605350226,0.0005519164895673402,0.04199855902359358,0.8391756984333363,25,20,20
38,7307,0.11827382605345692,0.0005519164895672666,0.04186907186622916,0.8393051855907463,25,20,20
38,7308,0.1182738260534569,0.0005519164895629764,0.04186907243144926,0.8393051850255305,25,20,20
38,7309,0.11827382605345615,0.0005519164895671655,0.042128760691650384,0.8390454967653259,25,20,20
38,7310,0.11827382605345697,0.0005519164895629778,0.041862545329684725,0.8393117121272948,25,20,20
38,7311,0.0799900354125675,0.0005520086430529298,0.0801458045224867,0.8393121514218922,25,20,20
38,7312,0.07999003541256751,0.0005520086430530804,0.08014588685212967,0.8393120690922491,25,20,20
38,7313,0.07999003541256744,0.000552008643048816,0.07987967002386705,0.839578285920516,25,20,20
38,7314,0.07999003541257059,0.0005520086430488148,0.07987976294507454,0.8395781929993055,25,20,20
38,7315,0.07899071242359303,0.000552028503324661,0.08087897138706115,0.8395782876860207,25,20,20
38,7316,0.07899071242359307,0.0005520285035675814,0.0811387190900866,0.8393185399827523,25,20,20
38,7317,0.07899071242099753,0.0005520285035632898,0.08114076139339328,0.8393164976820454,25,20,20
38,7318,0.07899071242099832,0.0005520285035675675,0.08126801080884252,0.839189248266591,25,20,20
38,7319,0.0789907124209983,0.0005520285033252262,0.08089500277636866,0.8395622562993075,25,20,20
38,7320,0.07899071242099832,0.0005520285033253,0.08090149314530011,0.8395557659303757,25,20,20
38,7321,0.07899071242099832,0.0005520285033252975,0.08090137924924135,0.8395558798264345,25,20,20
38,7322,0.07899071242099832,0.0005520285033252988,0.08090145963383952,0.8395557994418362,25,20,20
38,7323,0.07899071243137729,0.0005520285172645275,0.08091369744383253,0.8395435616075251,25,20,20
38,7324,0.07899071243137733,0.0005520285172688172,0.0809136972706392,0.8395435617807142,25,20,20
38,7325,0.07899071242260125,0.0005520564801468121,0.09619925730731704,0.8242579737899353,25,20,20
38,7326,0.07899071242260206,0.000552056480391393,0.09620584741228572,0.8242513836847211,25,20,20
38,7327,0.07899071242278416,0.0005520564803913943,0.0962083058132547,0.82424892528357,25,20,20
38,7328,0.07899071242260206,0.000552056480391319,0.09620368207127035,0.8242535490257364,25,20,20
38,7329,0.07899071242260206,0.000552056480395609,0.09620589956530604,0.8242513315316964,25,20,20
38,7330,0.0789906786996711,0.0005520564799106289,0.09620025111243749,0.8242570137079811,25,20,20
38,7331,0.07899067870226535,0.0005520564938470633,0.09620612527774824,0.8242511395261396,25,20,20
38,7332,0.07899067870226534,0.0005520564938429225,0.09620387009329187,0.8242533947106001,25,20,20
38,7333,0.07899067870231166,0.0005520564938472139,0.09620615727220427,0.8242511075316371,25,20,20
38,7334,0.07899067870230934,0.0005520564938472139,0.09621074346962441,0.8242465213342193,25,20,20
38,7335,0.0789906787022662,0.0005520564938472141,0.09620846432475418,0.8242488004791326,25,20,20
38,7336,0.07899067870226299,0.0005520564938428505,0.09620193888675418,0.8242553259171401,25,20,20
38,7337,0.0789906787022638,0.0005520564938428505,0.09620217567053478,0.8242550891333588,25,20,20
38,7338,0.078990678702263,0.0005520564935983435,0.09619561365405892,0.8242616511500799,25,20,20
38,7339,0.07899067869966796,0.0005520564796576165,0.09618748341151585,0.8242697814091587,25,20,20
38,7340,0.07899067869966721,0.0005520564796618328,0.09618750842415111,0.82426975639652,25,20,20
38,7341,0.07899067869966724,0.0005520564796617588,0.09618560710511177,0.8242716577155594,25,20,20
38,7342,0.07899067880668388,0.0005520285130814953,0.09152053596451283,0.828936756715722,25,20,20
38,7343,0.07899067880668462,0.000552028513077279,0.09152201749485533,0.8289352751853829,25,20,20
38,7344,0.07899067880668377,0.0005520285130772049,0.09152201581655081,0.8289352768636884,25,20,20
38,7345,0.07899067880668373,0.0005520285130772064,0.09152193732061827,0.828935355359621,25,20,20
38,7346,0.07899067880668656,0.0005520285253967662,0.09617611450085958,0.8242811781670574,25,20,20
38,7347,0.07899067880668656,0.0005520285253966897,0.09617152912234146,0.8242857635455756,25,20,20
38,7348,0.07899067880668656,0.0005520285253923261,0.09616962627011517,0.8242876663978065,25,20,20
38,7349,0.07899067880668656,0.0005520285253923261,0.09617421330747526,0.8242830793604464,25,20,20
38,7350,0.07740341474961396,0.0005519364489933199,0.09769373513604278,0.8243509136653501,25,20,20
38,7351,0.07740341474961401,0.0005519364489976126,0.09769589825407454,0.8243487505473142,25,20,20
38,7352,0.06613972911211055,0.0005519165930718848,0.1089596972327951,0.8243486570620228,25,20,20
38,7353,0.06613972911211217,0.0005519165930676811,0.10883159838735558,0.8244767559074648,25,20,20
38,7354,0.06613972911211138,0.0005519165930676071,0.10882997795032676,0.8244783763444947,25,20,20
38,7355,0.06613972911211176,0.0005519165930967663,0.144131723657533,0.7891766306372593,25,20,20
38,7356,0.06613972911211169,0.0005519165930968391,0.1441271371151036,0.7891812171796886,25,20,20
38,7357,0.06613972911229377,0.0005519165933372166,0.14412969367057576,0.7891786606237939,25,20,20
38,7358,0.06613972911229055,0.0005519165933371426,0.1441346309391569,0.7891737233552161,25,20,20
38,7359,0.06613972911229055,0.0005519165933371426,0.14413925164666583,0.7891691026477072,25,20,20
38,7360,0.06613972911229263,0.0005519166024108081,0.1581029446751149,0.7752054096101823,25,20,20
38,7361,0.06613972911229257,0.0005519166021678878,0.15783670803048366,0.7754716462550563,25,20,20
38,7362,0.06613706105670586,0.0005540906230982362,0.12422796716729198,0.8090808811529041,25,20,20
38,7363,0.06613706105670747,0.0005540906230983103,0.12423028720905799,0.8090785611111363,25,20,20
38,7364,0.06613706105671065,0.0005540906230983077,0.12423044699844185,0.8090784013217492,25,20,20
38,7365,0.06613706105824418,0.0005519165237302024,0.11817649886222428,0.8151345235558014,25,20,20
38,7366,0.0678327042771264,0.0005507864767354048,0.11648198580473462,0.8151345234414035,25,20,20
38,7367,0.0678327042771264,0.0005507864767354774,0.11648858660271344,0.8151279226434247,25,20,20
38,7368,0.06783270427712484,0.0005507864767354774,0.1164863013623684,0.815130207883771,25,20,20
38,7369,0.06783270427712484,0.0005507864767354762,0.11648629994050232,0.8151302093056372,25,20,20
38,7370,0.06783270427712484,0.0005507864767354763,0.11649290695209161,0.8151236022940478,25,20,20
38,7371,0.06783270427712484,0.0005507864767355515,0.11649480823256284,0.8151217010135764,25,20,20
38,7372,0.06783270427712357,0.0005507864676660871,0.1026540414958789,0.8289624677593312,25,20,20
38,7373,0.06783270427712357,0.0005507864676660845,0.10264934112457162,0.8289671681306384,25,20,20
38,7374,0.06783270427715653,0.0005507864680200815,0.11370727457166697,0.8179092346831562,25,20,20
38,7375,0.06783270427712677,0.0005507864676660858,0.10265096420229738,0.8289655450529096,25,20,20
38,7376,0.06783270427712756,0.0005507864676661612,0.10265107880340744,0.8289654304517987,25,20,20
38,7377,0.06783270427712762,0.0005507864676662364,0.10264458991698681,0.8289719193382191,25,20,20
38,7378,0.06783270427712682,0.0005507864676662358,0.1030175769121985,0.8285989323430083,25,20,20
38,7379,0.06783270427712682,0.0005507864676661617,0.10301746444513045,0.8285990448100765,25,20,20
38,7380,0.06783270427712364,0.0005507864676661617,0.10301592186716496,0.8286005873880451,25,20,20
38,7381,0.06783270427712364,0.0005507864676661616,0.10301580541166296,0.8286007038435471,25,20,20
38,7382,0.06783270427712364,0.0005507864676661629,0.10301591927095213,0.828600589984258,25,20,20
38,7383,0.06783270427712285,0.0005507864676618852,0.10289109168630466,0.8287254175689105,25,20,20
38,7384,0.06783271260052634,0.0005507864574292915,0.09226257767433026,0.839353923267714,25,20,20
38,7385,0.0678327126005264,0.0005507864574292903,0.09226260621203762,0.8393538947300064,25,20,20
38,7386,0.06783271260312199,0.0005507864574336586,0.09226284369313403,0.8393536572463102,25,20,20
38,7387,0.06783271260311884,0.0005507864574336578,0.09226932771774271,0.8393471732217046,25,20,20
38,7388,0.06783271260311957,0.0005507864574336591,0.09227595271860549,0.839340548220841,25,20,20
38,7389,0.06783271260312039,0.0005507864574335852,0.09264334872045765,0.8389731522189883,25,20,20
38,7390,0.06783270417109734,0.0005507864574290681,0.09263905485462416,0.8389774545168492,25,20,20
38,7391,0.0678327041710974,0.0005507864574333596,0.09263597482916365,0.8389805345423054,25,20,20
38,7392,0.0678327041711429,0.0005507864574334348,0.09263169326943026,0.8389848161019932,25,20,20
38,7393,0.06783270417114286,0.0005507864574291439,0.09262516785125058,0.8389913415201772,25,20,20
38,7394,0.0678327041711855,0.0005507864451096594,0.08796643231775589,0.8436500770659486,25,20,20
38,7395,0.06783270417118556,0.0005507864451096594,0.08823269939488478,0.8433838099888198,25,20,20
38,7396,0.06783270417118471,0.0005507864451096585,0.08822819247956776,0.8433883169041377,25,20,20
38,7397,0.06783273788976733,0.0005507864592892416,0.08824039080063338,0.8433760848503098,25,20,20
38,7398,0.06783273788976812,0.0005507864592892429,0.08824039283804465,0.8433760828128978,25,20,20
38,7399,0.06783270416859072,0.0005507864451053662,0.08860107634124105,0.8430154330450627,25,20,20
38,7400,0.06731434142544865,0.0005507868162987438,0.08911934125812072,0.8430155305001317,25,20,20
38,7401,0.0673143414254494,0.0005507868162988191,0.08911934337319302,0.8430155283850586,25,20,20
38,7402,0.06731434142545015,0.0005507868162988165,0.08913334652308474,0.8430015252351661,25,20,20
38,7403,0.06720995997326146,0.0006631579093334373,0.08912535762742226,0.8430015244899823,25,20,20
38,7404,0.06720995997326147,0.0006631579093376529,0.08875453363328306,0.8433723484841172,25,20,20
38,7405,0.06720995996294844,0.0006631579093392512,0.08849300138818568,0.843633880739526,25,20,20
38,7406,0.06720995996294844,0.0006631579093392524,0.08849299915008244,0.8436338829776292,25,20,20
38,7407,0.06720995996294855,0.0006631579093391797,0.08875923143033125,0.8433676506973805,25,20,20
38,7408,0.06720995996294783,0.0006631579093433946,0.08876139311486546,0.8433654890128429,25,20,20
38,7409,0.06720995996295102,0.0006631579232418071,0.08888428146974144,0.8432426006440653,25,20,20
38,7410,0.0672099599627689,0.0006631579229972122,0.08888172561715522,0.8432451564970782,25,20,20
38,7411,0.06720995996276817,0.0006631579229972129,0.08850868947978485,0.8436181926344493,25,20,20
38,7412,0.06720995996276738,0.000663157922992846,0.0885070644917864,0.843619817622453,25,20,20
38,7413,0.06720995996276734,0.0006631579229972105,0.08824091406689641,0.8438859680473385,25,20,20
38,7414,0.06721259296092522,4.807531396021971e-09,0.08890143418934487,0.8438859680421978,25,20,20
38,7415,0.0672125929609284,4.80752725494532e-09,0.08890135425961185,0.8438860479719318,25,20,20
38,7416,0.0672125929609284,4.807527179657752e-09,0.08890580860536675,0.843881593626177,25,20,20
38,7417,0.0672125929609284,4.807527180978259e-09,0.08890592249806512,0.8438814797334787,25,20,20
38,7418,0.06721259310551211,4.793633036132978e-09,0.08968428282114348,0.8431031192797107,25,20,20
38,7419,0.0672125931055121,4.7933884411806475e-09,0.08967952836595545,0.8431078737351434,25,20,20
38,7420,0.06721259310551529,4.7933885151431385e-09,0.08968411634405031,0.8431032857570453,25,20,20
38,7421,0.0677301713007135,4.422308991767357e-09,0.08916663597498159,0.8431031883019954,25,20,20
38,7422,0.04082213165769129,1.3299751010609942e-06,0.11607334935212289,0.843103189015085,25,20,20
38,7423,0.040822131657645803,1.3299751009857103e-06,0.11607110918655276,0.8431054291807007,25,20,20
38,7424,0.04082213165764261,1.329975105277333e-06,0.11607106640730443,0.8431054719599477,25,20,20
38,7425,0.04082213165759714,1.329975105351297e-06,0.11607320142036912,0.8431033369469283,25,20,20
38,7426,0.04082213165759709,1.3299751052760281e-06,0.11607308753075798,0.8431034508365396,25,20,20
38,7427,0.04082846259740345,1.3415508531852844e-05,0.11605465331633248,0.8431034685777322,25,20,20
38,7428,0.040828462597406634,1.3415508531926849e-05,0.11606092285025106,0.8430971990438104,25,20,20
38,7429,0.0624213367104187,1.2739574211397102e-05,0.09446562936648784,0.8431002943488812,25,20,20
38,7430,0.06242133671041871,1.2739574207180735e-05,0.09447211311503255,0.8430938106003407,25,20,20
38,7431,0.06241668432366281,1.2739574203310792e-05,0.09447676550181101,0.8430938106003222,25,20,20
38,7432,0.06241668432365961,1.2739574203235511e-05,0.0944832529514467,0.8430873231506899,25,20,20
38,7433,0.062416684323659606,1.2739574198869905e-05,0.09448305769402664,0.8430875184081142,25,20,20
38,7434,0.06241668432365641,1.273957419879592e-05,0.09447843631289608,0.8430921397892481,25,20,20
38,7435,0.05654782141706643,1.2089954064184606e-05,0.10035100517855465,0.843089083450314,25,20,20
38,7436,0.05654782141706643,1.2089954064184606e-05,0.10035100508925922,0.8430890835396095,25,20,20
38,7437,0.05654782141706647,1.2089954064185926e-05,0.10034435297804033,0.8430957356508284,25,20,20
38,7438,0.056547821417248526,1.208996800491068e-05,0.1003525157896912,0.8430875728250549,25,20,20
38,7439,0.05654782141724846,1.2089968004910687e-05,0.10035185921524346,0.8430882293995026,25,20,20
38,7440,0.05654782144428628,0.0003936209402981253,0.10466787809831167,0.838390679517104,25,20,20
38,7441,0.05654782144428948,0.0003936209403024902,0.10467440354660754,0.8383841540688006,25,20,20
38,7442,0.05654782144428948,0.0003936209403025655,0.10467448462928373,0.8383840729861244,25,20,20
38,7443,0.0565478214442902,0.0003936209405406167,0.10504532751724456,0.8380132300979247,25,20,20
38,7444,0.07392224526419945,0.00039362540591917684,0.0876686337277608,0.8380154956021205,25,20,20
38,7445,0.07392224526419706,0.00039362540592338067,0.08779188444928762,0.8378922448805919,25,20,20
38,7446,0.07392224526424211,0.0003936254059275556,0.08816580167490548,0.8375183276549248,25,20,20
38,7447,0.07392224526424218,0.0003936254059275556,0.08816389877240217,0.837520230557428,25,20,20
38,7448,0.07392224526424537,0.0003936254059277062,0.08816401992083031,0.8375201094089966,25,20,20
38,7449,0.07392224526420106,0.00039362540616803815,0.08779672418285496,0.8378874051467758,25,20,20
38,7450,0.07392224526679572,0.0003936254059257722,0.08742529900819214,0.8382588303190863,25,20,20
38,7451,0.07392224526679572,0.0003936254059257748,0.08742529906181203,0.8382588302654663,25,20,20
38,7452,0.0739222452771728,0.00039362540617449604,0.08743251324585605,0.8382516160707967,25,20,20
38,7453,0.07392224527974839,0.00039362542001538005,0.08773909434968777,0.8379450349505483,25,20,20
38,7454,0.07392224979852775,3.1928757663828897e-05,0.08810134636770725,0.8379444750761009,25,20,20
38,7455,0.07392224979852775,3.192875766383019e-05,0.08810123460702529,0.837944586836783,25,20,20
38,7456,0.07392515331694995,0.01270146856630442,0.07542846459735073,0.8379449135193946,25,20,20
38,7457,0.07392515331694675,0.012701468566300056,0.07542208864486626,0.8379512894718866,25,20,20
38,7458,0.0739251533171289,0.012701468566304419,0.07542228467224443,0.837951093444322,25,20,20
38,7459,0.07392515330674862,0.012701468566055623,0.07542155268247015,0.8379518254447252,25,20,20
38,7460,0.07392224529055538,0.03883210839966261,0.049294147240380976,0.8379514990694008,25,20,20
38,7461,0.07392224529055617,0.03883210839966254,0.049287624922579265,0.8379580213872018,25,20,20
38,7462,0.07392224529055612,0.03883210839965818,0.04928102162670795,0.8379646246830776,25,20,20
38,7463,0.07392224530093702,0.03883210839989856,0.04928357924573959,0.8379620670534248,25,20,20
38,7464,0.07392224529836458,0.03883210838606189,0.048977112332798826,0.8382685339827748,25,20,20
38,7465,0.07392224529818252,0.03883210837233722,0.053627728426672176,0.833617917902808,25,20,20
38,7466,0.07392224529818257,0.038832108372337075,0.053626268639966584,0.8336193776895137,25,20,20
38,7467,0.07392224529818253,0.03883210837212094,0.04896741021285674,0.8382782361168397,25,20,20
38,7468,0.07392224529818567,0.03883210837212094,0.048967491505937995,0.8382781548237552,25,20,20
38,7469,0.07392224528780476,0.03883210837187627,0.048962770767145204,0.8382828755731737,25,20,20
38,7470,0.07392224528762269,0.038832108371871905,0.048962602514446424,0.8382830438260589,25,20,20
38,7471,0.07392224528766815,0.038832108371876124,0.04896450942388222,0.8382811369165734,25,20,20
38,7472,0.07392224528766815,0.0388321083718762,0.04895802051242259,0.838287625828033,25,20,20
38,7473,0.07392224528766815,0.03883210837187621,0.048958021173619685,0.8382876251668359,25,20,20
38,7474,0.07392224528766735,0.03883210837187628,0.04895796776038124,0.8382876785800751,25,20,20
38,7475,0.07392224528766729,0.03883210837187627,0.04895801977831875,0.8382876265621375,25,20,20
38,7476,0.07392224514308038,0.038832108371880586,0.04805474133077574,0.8391909051542631,25,20,20
38,7477,0.07392224514308038,0.03883210837188052,0.048054712882957956,0.839190933602081,25,20,20
38,7478,0.07392224514308043,0.03883210837188052,0.048054522274945465,0.8391911242100933,25,20,20
38,7479,0.06982873235976625,0.03883236882619419,0.052147773826610885,0.8391911249874284,25,20,20
38,7480,0.06982873235976307,0.03883236882619419,0.05214772650311852,0.8391911723109241,25,20,20
38,7481,0.06982873235976227,0.03883236882618561,0.05214302366651803,0.839195875147534,25,20,20
38,7482,0.06982873235976231,0.0388323688261899,0.052147611348399986,0.8391912874656476,25,20,20
38,7483,0.06982873250768223,0.03883236882643878,0.05214044001281778,0.8391984586530612,25,20,20
38,7484,0.06982873250768144,0.0388323688261942,0.05213384944184263,0.8392050492242816,25,20,20
38,7485,0.06995458465125107,0.038832108452266555,0.05200825805950094,0.8392050488369814,25,20,20
38,7486,0.06995458465125501,0.03883210846607972,0.052382435822450654,0.8388308710602146,25,20,20
38,7487,0.06995458465125501,0.03883210846607972,0.052382355353092526,0.8388309515295727,25,20,20
38,7488,0.06995458450337981,0.03883210846583092,0.05237566525030191,0.8388376417804874,25,20,20
38,7489,0.06995458450337982,0.038832108466075516,0.05238049815425493,0.8388328088762899,25,20,20
38,7490,0.07601713241602966,0.03883210400130817,0.04632026065778155,0.8388305029248808,25,20,20
38,7491,0.07601713241602966,0.03883210400131245,0.04632034343081272,0.8388304201518453,25,20,20
38,7492,0.07601713241602971,0.038832104001312526,0.04632037756224243,0.8388303860204155,25,20,20
38,7493,0.07601713241602973,0.0388321040013126,0.04632507881846176,0.8388256847641961,25,20,20
38,7494,0.0760083151865171,0.038820266444326144,0.04634575133977118,0.8388256670293858,25,20,20
38,7495,0.07600831518651717,0.03882026644433043,0.046350453480125405,0.8388209648890271,25,20,20
38,7496,0.07600831518651717,0.03882026644433043,0.04635235640260719,0.8388190619665454,25,20,20
38,7497,0.07600813487622837,0.03882138273319304,0.04635142042931616,0.8388190619612627,25,20,20
38,7498,0.07600813487622837,0.03882138273319726,0.04635791106076049,0.838812571329814,25,20,20
38,7499,0.07600813487622916,0.03882138273343702,0.04645079819748057,0.8387196841928535,25,20,20
38,7500,0.07600813487622518,0.038821382733192966,0.046357828927176346,0.8388126534634057,25,20,20
38,7501,0.07600813487363292,0.03882138273319304,0.04635624846757089,0.8388142339256034,25,20,20
38,7502,0.07600813487363292,0.038821382732948446,0.046351494022501126,0.8388189883709178,25,20,20
38,7503,0.07600813482561651,0.03954130499814604,0.04563157211282762,0.83881898806341,25,20,20
38,7504,0.07600813482561658,0.03954130499814604,0.04563173388852574,0.8388188262877116,25,20,20
38,7505,0.0760081348256127,0.03954130498433303,0.04525763633229522,0.839192923857759,25,20,20
38,7506,0.07600813482579476,0.03954130498433724,0.04525930322009969,0.8391912569697682,25,20,20
38,7507,0.0760081348258402,0.03954130499827226,0.045266920636949114,0.8391836395389385,25,20,20
38,7508,0.0760081348258402,0.03954130499827226,0.045266841559124436,0.8391837186167631,25,20,20
38,7509,0.07600813482584017,0.03954130499851685,0.045271419889212884,0.8391791402864301,25,20,20
38,7510,0.07600813482584255,0.039541304998516935,0.04489750362821399,0.8395530565474266,25,20,20
38,7511,0.0760081348258125,0.03997840098187457,0.04446040763942543,0.8395530565528876,25,20,20
38,7512,0.07600813482581245,0.03997840098187457,0.04446035829087532,0.8395531059014377,25,20,20
38,7513,0.07600813482563032,0.03997840098187021,0.04445872207412215,0.8395547421183774,25,20,20
38,7514,0.07600813482563032,0.03997840098187021,0.04446532487449593,0.8395481393180035,25,20,20
38,7515,0.07600991751460622,0.0399784009823275,0.04735844706446026,0.836653234438606,25,20,20
38,7516,0.0760099175146062,0.039978400982323296,0.04722904271117505,0.8367826387918954,25,20,20
38,7517,0.07600991751460617,0.03997840098207878,0.04722900243053378,0.8367826790727813,25,20,20
38,7518,0.0760099175146062,0.03997840098207878,0.04722900363650208,0.8367826778668129,25,20,20
38,7519,0.07600991751460616,0.03997840098207885,0.046969260248411644,0.8370424212549032,25,20,20
38,7520,0.07600991751478829,0.03997840098232345,0.04697398133933128,0.8370377001635569,25,20,20
38,7521,0.07600991751474276,0.03997840096838415,0.04696166106134391,0.8370500204555291,25,20,20
38,7522,0.0760099175147465,0.03998955640888589,0.046950505620836865,0.8370500204555306,25,20,20
38,7523,0.07600991752512669,0.0399895564091304,0.04695346223258042,0.8370470638331624,25,20,20
38,7524,0.0760099175251267,0.0399895564091304,0.0469556252461096,0.8370449008196332,25,20,20
38,7525,0.0404175838462564,0.03998955941849828,0.07977365665374758,0.8398192000814975,25,20,20
38,7526,0.04041758384621086,0.03998955941849821,0.07977359257316832,0.8398192641621223,25,20,20
38,7527,0.04041783427858894,0.03998960772137704,0.07940115271354711,0.8401914052864862,25,20,20
38,7528,0.04041783427863448,0.039989607721377114,0.0794012276459236,0.8401913303540641,25,20,20
38,7529,0.04041783427863446,0.03998960772137727,0.07940273557521102,0.8401898224247766,25,20,20
38,7530,0.04041783427863127,0.03998960772137719,0.07940273367142739,0.8401898243285635,25,20,20
38,7531,0.04041757945402933,0.03998819073540239,0.0797193539729587,0.8398748758376088,25,20,20
38,7532,0.04041757945402927,0.03998819073540661,0.07971930510586722,0.8398749247046964,25,20,20
38,7533,0.0404175794540748,0.03998819073541083,0.07971943546190412,0.8398747943486097,25,20,20
38,7534,0.04041757945402933,0.03998819073540654,0.0797128301106409,0.8398813996999226,25,20,20
38,7535,0.04041758004443879,0.039988190749317816,0.07980567718374738,0.8397885520224954,25,20,20
38,7536,0.04041579735551116,0.03998819074909866,0.07727974541278314,0.8423162664826066,25,20,20
38,7537,0.040415797355511145,0.03998819074909436,0.0772842499897641,0.8423117619056301,25,20,20
38,7538,0.0404157973554629,0.0399881907488521,0.07691706010658883,0.8426789517890958,25,20,20
38,7539,0.040415797357753795,0.03998819076116106,0.08160606994020318,0.8379899419408819,25,20,20
38,7540,0.039989969188693554,0.039988187726061886,0.08205083182876878,0.8379710112564761,25,20,20
38,7541,0.03998996918873867,0.03998818772606613,0.08241924156806495,0.8376026015171307,25,20,20
38,7542,0.03998996918873866,0.03998818772606598,0.08241267451024271,0.8376091685749532,25,20,20
38,7543,0.03998996918869672,0.03998818772606181,0.0823059111077234,0.8377159319775186,25,20,20
38,7544,0.03998996918869666,0.03998818772606181,0.08230587114457583,0.8377159719406663,25,20,20
38,7545,0.03998996918869674,0.03998818772606181,0.08242878939885742,0.8375930536863847,25,20,20
38,7546,0.03998996919129172,0.03998818772631067,0.0824350950086242,0.837586748073774,25,20,20
38,7547,0.03998996919129169,0.039988187726310596,0.08230565449212232,0.837716188590276,25,20,20
38,7548,0.040000072877276555,0.03998818772301235,0.08229555124287302,0.8377161881568389,25,20,20
38,7549,0.03999993986398269,0.03998818766846221,0.05115175629875191,0.868860116168803,25,20,20
38,7550,0.03999993986397889,0.039999589811894005,0.05114035416088289,0.8688601161632441,25,20,20
38,7551,0.03999993986393335,0.03999958981189393,0.05114680518915885,0.8688536651350138,25,20,20
38,7552,0.03999993986393415,0.03999958981189815,0.05114843944969065,0.8688520308744769,25,20,20
38,7553,0.03999993986393415,0.03999958981189815,0.05114844003537668,0.8688520302887909,25,20,20
38,7554,0.03999993986393409,0.03999958981189386,0.05114373648364701,0.868856733840525,25,20,20
38,7555,0.03999993986393335,0.039999589811889565,0.05114669077382738,0.8688537795503496,25,20,20
38,7556,0.039999939863751284,0.039999589811649264,0.05114846174159546,0.8688520085830038,25,20,20
38,7557,0.039999939863751284,0.039999589811649264,0.05114197140298694,0.8688584989216124,25,20,20
38,7558,0.039999939863754524,0.039999589811649264,0.051234750537965716,0.8687657197866304,25,20,20
38,7559,0.03999993985271828,0.03999959048202635,0.05138446585967976,0.8686160038055755,25,20,20
38,7560,0.039999939852899694,0.039999589811679365,0.04513642252309137,0.8748640478123293,25,20,20
38,7561,0.03999993985030472,0.039999589811434866,0.045132541303544056,0.8748679290347162,25,20,20
38,7562,0.039999939850304714,0.03999958981143494,0.04539887107466165,0.8746015992635985,25,20,20
38,7563,0.039999939850304755,0.03999958981143502,0.04566516429451907,0.874335306043741,25,20,20
38,7564,0.03999993984801072,0.039999589799126066,0.04097609968181452,0.8790243706710484,25,20,20
38,7565,0.039999939257783036,0.03999958978521478,0.04097571314085715,0.8790247578161449,25,20,20
38,7566,0.03999993925760126,0.03999958978521057,0.040883301450760516,0.8791171695064274,25,20,20
38,7567,0.0399999392576012,0.03999958978521057,0.04061705131328076,0.8793834196439073,25,20,20
38,7568,0.03999993925760119,0.039999589785210427,0.04061550878396627,0.8793849621732219,25,20,20
38,7569,0.03999993925760119,0.039999589785210496,0.040609017643400164,0.879391453313788,25,20,20
38,7570,0.0399999392576012,0.03999958978521057,0.040615621170756316,0.8793848497864316,25,20,20
38,7571,0.039999939257555676,0.039999589785206284,0.0406088880477867,0.879391582909451,25,20,20
38,7572,0.039999939271568793,0.0399995897865669,0.04059760742103895,0.8794028635208245,25,20,20
38,7573,0.039999940141777594,0.03999958978657359,0.04066487296643054,0.8793355971052176,25,20,20
38,7574,0.03999994014177755,0.03999958978657777,0.04103794713536806,0.878962522936276,25,20,20
38,7575,0.03999994014177749,0.0399995897865777,0.040771615917149596,0.8792288541544947,25,20,20
38,7576,0.03999994014177744,0.03999958978657778,0.040771616468656374,0.879228853602988,25,20,20
38,7577,0.03999994014177744,0.0399995897865777,0.040771615881617825,0.8792288541900265,25,20,20
38,7578,0.0399999401313973,0.03999958978633748,0.04077056270598303,0.8792299073762818,25,20,20
38,7579,0.0399999401313973,0.03999958978633748,0.04077048279794822,0.8792299872843167,25,20,20
38,7580,0.039999940131397314,0.03999958978633748,0.04077071278385554,0.8792297572984092,25,20,20
38,7581,0.03999994013139732,0.03999958978633756,0.040777315587506774,0.8792231544947581,25,20,20
38,7582,0.03999993924938501,0.03999958978497433,0.000908565537914579,0.919091905427726,25,20,20
38,7583,0.039999939249430544,0.039999589785218836,0.0009157847324052469,0.9190846862329453,25,20,20
38,7584,0.039999939249430544,0.039999589785218836,0.000913881804470151,0.9190865891608805,25,20,20
38,7585,0.03999993924961267,0.039999589785463446,0.0009161284284311459,0.9190843425364926,25,20,20
38,7586,0.03999993924698017,0.039999589785462177,0.01184400642462411,0.9081564645429334,25,20,20
38,7587,0.03999993924698097,0.03999958978546225,0.01184412176546096,0.9081563492020958,25,20,20
38,7588,0.039999939246980226,0.03999958978546233,0.011844120227090553,0.9081563507404669,25,20,20
38,7589,0.03999993924679889,0.03999958978522192,0.01197128198439497,0.9080291889835841,25,20,20
38,7590,0.039999939247464165,0.024514847811451888,0.027456023763247232,0.9080291891778363,25,20,20
38,7591,0.039999939247509685,0.024514847811451926,0.02708956499551947,0.9083956479455186,25,20,20
38,7592,0.039999939247511766,0.024514848328173622,0.04108384559713879,0.8944013668271754,25,20,20
38,7593,0.03999993924769386,0.02451484832817476,0.030027670423470723,0.9054575420006603,25,20,20
38,7594,0.03999993924769141,0.024514848328174837,0.02993504656778145,0.9055501658563522,25,20,20
38,7595,0.03999993924769061,0.02451484832817476,0.029934928668166952,0.9055502837559674,25,20,20
38,7596,0.03999993924764508,0.024514848328170472,0.029928284126336878,0.9055569282978473,25,20,20
38,7597,0.03999993924764502,0.024514848328170472,0.02992358065166563,0.9055616317725188,25,20,20
38,7598,0.039999939247462916,0.024514848328166253,0.029926280818066628,0.9055589316063042,25,20,20
38,7599,0.0399999392474629,0.024514848328166257,0.029926131990244027,0.9055590804341267,25,20,20
38,7600,0.039999939247462916,0.02451484832816618,0.029919569196590404,0.9055656432277803,25,20,20
38,7601,0.03999993924746296,0.024514848328166257,0.02991956918727097,0.9055656432370995,25,20,20
38,7602,0.03999993924741743,0.024514848327921678,0.029912236103866185,0.9055729763207944,25,20,20
38,7603,0.03999993924741749,0.024514848327925973,0.029918842587078956,0.9055663698375773,25,20,20
38,7604,0.03999993924745984,0.02451484832792605,0.029654120304805975,0.9058310921198078,25,20,20
38,7605,0.039999939247459045,0.024514848327925973,0.02965407957793549,0.9058311328466792,25,20,20
38,7606,0.03999993924746095,0.024514847811208565,0.015661916886435614,0.9198232960548949,25,20,20
38,7607,0.03999993924745748,0.024514847811207066,0.02962955769458201,0.9058556552467532,25,20,20
38,7608,0.03999993924745747,0.02451484781120707,0.029629522298175552,0.9058556906431596,25,20,20
38,7609,0.039999939247457414,0.024514847811202705,0.029622999496004488,0.9058622134453351,25,20,20
38,7610,0.039999939247457386,0.02451484781120263,0.029618636833503395,0.9058665761078365,25,20,20
38,7611,0.03999993924745737,0.024514847811202625,0.029618595947415866,0.9058666169939239,25,20,20
38,7612,0.03999993925663019,0.024514847811414463,0.03427113495950848,0.9012140779724467,25,20,20
38,7613,0.03999993925920152,0.024514847811656807,0.03464419142389664,0.9008410215052449,25,20,20
38,7614,0.03999993925920152,0.024514847811656793,0.03476712013319919,0.9007180927959424,25,20,20
38,7615,0.03999993925920153,0.02451484781165687,0.03476723540953959,0.9007179775196019,25,20,20
38,7616,0.03999993925920497,0.024514847825509865,0.021049480870271545,0.9144357320450135,25,20,20
38,7617,0.039999939259204996,0.024514847825509792,0.02105597202057506,0.9144292408947101,25,20,20
38,7618,0.03999993925916031,0.024514848611662567,0.021488788669246715,0.9139964234599303,25,20,20
38,7619,0.03999993925916031,0.024514848611662643,0.021488789268470906,0.913996422860706,25,20,20
38,7620,0.0399999392591603,0.02451484861165828,0.021488788550345164,0.913996423578836,25,20,20
38,7621,0.039999939259160296,0.02451484861165828,0.021488788041130698,0.9139964240880505,25,20,20
38,7622,0.03999993925916035,0.02451484861165828,0.02148894985166244,0.9139962622775188,25,20,20
38,7623,0.039999939259163494,0.024514848611658133,0.021482375506191285,0.9140028366229869,25,20,20
38,7624,0.03999993925898136,0.024514848611413523,0.02148229115895766,0.9140029209706474,25,20,20
38,7625,0.03999993925898216,0.024514848611417887,0.0214869142961875,0.9139982978334125,25,20,20
38,7626,0.03999993925641083,0.024514848611175543,0.02111389052290613,0.9143713216095075,25,20,20
38,7627,0.03999993925641402,0.024514848611179908,0.02112038258554664,0.9143648295468594,25,20,20
38,7628,0.039999939256413965,0.02451484861117976,0.02112026622430257,0.9143649459081038,25,20,20
38,7629,0.0012198221354007893,0.02454346497607957,0.059869331433161824,0.9143673814553576,25,20,20
38,7630,0.0012198221353976499,0.024543464976079638,0.059869384062834215,0.9143673288256884,25,20,20
38,7631,0.0012198221353976223,0.024543464976079638,0.059862817597804735,0.9143738952907178,25,20,20
38,7632,0.0012198221353976785,0.02454346497608393,0.059867521735220454,0.9143691911532977,25,20,20
38,7633,0.0012198221353976915,0.02454346497608393,0.059867557131626975,0.914369155756891,25,20,20
38,7634,0.0012198221353976913,0.02454346497608393,0.0598653620377274,0.9143713508507907,25,20,20
38,7635,0.001219822135442382,0.02454346418993537,0.05943111880037347,0.9148055948742484,25,20,20
38,7636,0.0012198221354424385,0.02454346418993537,0.05943111884945135,0.9148055948251703,25,20,20
38,7637,0.0012198221354423828,0.024543464189935298,0.059431038444763995,0.9148056752298579,25,20,20
38,7638,0.0012198221354423825,0.02454346418993522,0.05943106983586824,0.9148056438387537,25,20,20
38,7639,0.0012198221842426868,0.03999800639282359,0.04397652777277787,0.9148056436501555,25,20,20
38,7640,0.0012198221842426881,0.03999800639282359,0.043976641675543264,0.9148055297473899,25,20,20
38,7641,0.0012198221842426896,0.03999800639306391,0.04385194193003156,0.9149302294926613,25,20,20
38,7642,0.0012198221842426894,0.03999800639306391,0.04385656069686975,0.9149256107258233,25,20,20
38,7643,0.0012198221842426907,0.0399980063930682,0.043861262860673725,0.914920908562015,25,20,20
38,7644,0.0012198221842426348,0.039998006393064,0.043731844223238385,0.9150503271994544,25,20,20
38,7645,0.001219822184238723,0.03999800637920829,0.043479809176607355,0.9153023622599451,25,20,20
38,7646,0.0012198221842379241,0.039998006378963696,0.04347497565300247,0.9153071957837953,25,20,20
38,7647,0.0012198221347723456,0.040028206149700096,0.04344477593738372,0.9153071957781432,25,20,20
38,7648,0.0012198221347723445,0.04002820614969581,0.04344018824718014,0.9153117834683511,25,20,20
38,7649,0.0012198221347723584,0.04002820614969581,0.04344018693857306,0.9153117847769582,25,20,20
38,7650,0.0012198221347716153,0.04002820614969153,0.04370181595185537,0.915050155763681,25,20,20
38,7651,0.0012198221347716153,0.04002820614969153,0.043701817924967655,0.9150501537905688,25,20,20
38,7652,0.0012198221413437162,0.0212720691853768,0.062457954714382036,0.915050153958897,25,20,20
38,7653,0.0012198221413437303,0.021272069185376875,0.06245795617682798,0.9150501524964513,25,20,20
38,7654,0.0012198221413445296,0.02127206918537695,0.062458059423505616,0.9150500492497727,25,20,20
38,7655,0.0012198221413445157,0.021272069185376875,0.062457943443759205,0.9150501652295192,25,20,20
38,7656,0.0012198288425756063,0.021272069207537526,0.07067178167547092,0.9068363202744155,25,20,20
38,7657,0.0012198288425756053,0.02127206920753745,0.07066719427747362,0.9068409076724128,25,20,20
38,7658,0.0012198288427577102,0.02127206922147825,0.07067073834619482,0.9068373635895688,25,20,20
38,7659,0.0012198288429397675,0.021272069221482545,0.07067264246143387,0.9068354594741435,25,20,20
38,7660,0.0012198288429389687,0.021272069221482545,0.07067261452948224,0.906835487406096,25,20,20
38,7661,0.0012198331283148312,0.001096114763013255,0.0908485648624421,0.9068354872462298,25,20,20
38,7662,0.0012198331281327189,0.0010961147630047484,0.09084207247181379,0.9068419796370486,25,20,20
38,7663,0.0012198331281327165,0.0010961147630046718,0.09083737062298529,0.906846681485877,25,20,20
38,7664,0.0012198300727252601,4.878348344998802e-05,0.09188467537253725,0.9068467110712871,25,20,20
38,7665,0.0012198300727252601,4.87834834499893e-05,0.09188456290069424,0.9068468235431301,25,20,20
38,7666,0.0012198300727284553,4.878348369457414e-05,0.09189126795499881,0.9068401184885778,25,20,20
38,7667,0.0012198300727316513,4.8783483694574164e-05,0.09189596948191397,0.9068354169616595,25,20,20
38,7668,0.0012198300729137606,4.878348369464942e-05,0.09190055633630301,0.9068308301070883,25,20,20
38,7669,0.0012198300729521821,4.878348390104968e-05,0.09815050675124073,0.9005808796919061,25,20,20
38,7670,0.0012198300729553905,4.878348390534061e-05,0.09815711126981105,0.9005742751733281,25,20,20
38,7671,0.001219830072958573,4.878348390541588e-05,0.09815708063752536,0.9005743058056106,25,20,20
38,7672,0.001219830072958587,4.878348390541646e-05,0.0985300840400574,0.9002013024030785,25,20,20
38,7673,0.0012198300729553916,4.878348366083165e-05,0.09852346002657156,0.9002079264168121,25,20,20
38,7674,0.0012198300727732695,4.878348366075768e-05,0.09851887115973726,0.9002125152838286,25,20,20
38,7675,0.0012198300727732684,4.8783483660758955e-05,0.0985187889282984,0.9002125975152676,25,20,20
38,7676,0.0012198300727732112,4.8783483660681055e-05,0.09851870593664248,0.9002126805069237,25,20,20
38,7677,0.03904269617463125,2.016711876480617e-05,0.06072689174688921,0.9002102449597146,25,20,20
38,7678,0.03904269617463122,2.016711876473162e-05,0.06035377353180531,0.9005833631747986,25,20,20
38,7679,0.03904269617481278,2.0167119012840444e-05,0.06048322381692525,0.900453912889249,25,20,20
38,7680,0.03904269617481283,2.0167119012767772e-05,0.06048313840377377,0.9004539983024005,25,20,20
38,7681,0.03904269617481284,2.016711901705809e-05,0.06047863215660519,0.9004585045495648,25,20,20
38,7682,0.0390426961747673,2.0167119016982798e-05,0.0604786301131926,0.9004585065930232,25,20,20
38,7683,0.039042696176672956,2.0167129254625854e-05,0.07109739945764573,0.8898397372364266,25,20,20
38,7684,0.039042696176672956,2.016712925470113e-05,0.07110400224892055,0.8898331344451519,25,20,20
38,7685,0.039042696176816674,2.016712905266576e-05,0.06486054518985004,0.8960765915042807,25,20,20
38,7686,0.039042696176816744,2.016712905702261e-05,0.06495284698017949,0.8959842897139468,25,20,20
38,7687,0.039042696176816744,2.016712905702129e-05,0.06495284589540792,0.8959842907987183,25,20,20
38,7688,0.039042696176816744,2.0167129057021243e-05,0.06495276624199489,0.8959843704521313,25,20,20
38,7689,0.03904269617663521,2.016712880898769e-05,0.06482331799492917,0.8961138186996266,25,20,20
38,7690,0.039042696176635146,2.016712880463216e-05,0.06473124619886472,0.8962058904956954,25,20,20
38,7691,0.039042696176638345,2.0167128804634847e-05,0.06473130038291815,0.8962058363116389,25,20,20
38,7692,0.03904269617663914,2.0167128804707543e-05,0.06473130249789255,0.8962058341966634,25,20,20
38,7693,0.03904269618701958,2.016712905358204e-05,0.06473800930388267,0.896199127380044,25,20,20
38,7694,0.03904269007750002,2.016710714181789e-05,0.056528961656067224,0.9044081811592908,25,20,20
38,7695,0.03904269007750006,2.0167107146067492e-05,0.05690198246329463,0.9040351603520591,25,20,20
38,7696,0.039042690077500074,2.0167107146068793e-05,0.05690194969025932,0.9040351931250945,25,20,20
38,7697,0.03904269007749693,2.016710715028445e-05,0.05690847167775062,0.904028671137602,25,20,20
38,7698,0.03904269007749689,2.016710715028315e-05,0.05690850969416246,0.9040286331211901,25,20,20
38,7699,0.0008288007119563423,2.0191149546279464e-05,0.09512237498085424,0.9040286331576428,25,20,20
38,7700,0.0008288007119563286,2.0191149546202875e-05,0.09512240833857577,0.9040285997999213,25,20,20
38,7701,0.0008288007119563283,2.0191149546204173e-05,0.09512229386497538,0.9040287142735217,25,20,20
38,7702,0.0008288007119571259,2.0191149546205494e-05,0.09512229390080608,0.9040287142376903,25,20,20
38,7703,0.0008289591766948786,2.019113930719978e-05,0.11131613317374354,0.887834716510254,25,20,20
38,7704,0.0008289591766949346,2.0191139307201097e-05,0.11131613462062867,0.887834715063369,25,20,20
38,7705,0.0008289591766917398,2.0191139302836214e-05,0.11131613219336922,0.887834717490636,25,20,20
38,7706,0.0008289591766885309,2.019113929854399e-05,0.11130952676217838,0.8878413229218343,25,20,20
38,7707,0.000828959176687732,2.019113929425108e-05,0.11130944392727178,0.8878414057567461,25,20,20
38,7708,0.0008289593246086413,2.0191139298614693e-05,0.11131621568361066,0.887834633852482,25,20,20
38,7709,0.000828959324790763,2.0191139302905827e-05,0.11131431673997408,0.8878365327959321,25,20,20
38,7710,0.0008289593247899629,2.0191139302830488e-05,0.11131419877835384,0.8878366507575532,25,20,20
38,7711,0.0008289593247899769,2.019113930290578e-05,0.11131431410024258,0.8878365354356644,25,20,20
38,7712,0.0008289593144127704,2.019113905410608e-05,0.11157395545271864,0.8875768940938142,25,20,20
38,7713,0.0013455671808223857,2.454014923774688e-05,0.11105299213813233,0.887576900531807,25,20,20
38,7714,0.0013455671806402447,2.4540149233382e-05,0.11104642291955327,0.8875834697505728,25,20,20
38,7715,0.0013455671806401903,2.4540149229057123e-05,0.11067802084495698,0.8879518718251732,25,20,20
38,7716,0.0013455671806369947,2.4540149229057075e-05,0.11067807974514501,0.8879518129249884,25,20,20
38,7717,0.0013455671806369808,2.4540149229057075e-05,0.11067785117292354,0.88795204149721,25,20,20
38,7718,0.0013455671804556738,2.454013528840759e-05,0.11066969037499823,0.8879602023092571,25,20,20
38,7719,0.0013455659846223372,0.0005690964332884492,0.11012516486223124,0.887960172719858,25,20,20
38,7720,0.001345565984622351,0.0005690964332885232,0.11013176699203683,0.8879535705900524,25,20,20
38,7721,0.001345565984622351,0.0005690964332885971,0.11013176851852412,0.8879535690635649,25,20,20
38,7722,0.0013455659846224072,0.0005690964335331921,0.11013660292969346,0.8879487346521509,25,20,20
38,7723,0.0013455659846224625,0.0005690964335332661,0.11013198418698016,0.887953353394864,25,20,20
38,7724,0.0013455659846224616,0.0005690964335374818,0.11013846956128769,0.8879468680205522,25,20,20
38,7725,0.0013455659949806562,0.0005690964335375569,0.11023082892423913,0.8878545086472426,25,20,20
38,7726,0.0013455659846224764,0.0005690964335375555,0.11026795321097667,0.8878173843708632,25,20,20
38,7727,0.001345565984622545,0.0005690964335418346,0.11036014676404295,0.8877251908177926,25,20,20
38,7728,0.001345565984621802,0.0005690964335417594,0.11036014483961276,0.8877251927422236,25,20,20
38,7729,0.001345565984621802,0.0005690964335417581,0.11036014425390604,0.8877251933279302,25,20,20
38,7730,0.001345565392910279,0.0005690964332928723,0.11035532024259252,0.8877300179312041,25,20,20
38,7731,0.001345565393091261,0.000569096433292946,0.1106225194975414,0.8874628186760742,25,20,20
38,7732,0.0013455884133763865,0.0005691273506123801,0.12305802481742197,0.8750272594185889,25,20,20
38,7733,0.001345565393094401,0.0005690964332929478,0.11035627081161153,0.8877290673620007,25,20,20
38,7734,0.0013455653930943459,0.0005690964332929452,0.11035624179688222,0.8877290963767301,25,20,20
38,7735,0.001345565393097506,0.0005690964332971329,0.11062245942836685,0.887462878745238,25,20,20
38,7736,0.0013455653930975634,0.0005690964332971329,0.11062708186244874,0.887458256311156,25,20,20
38,7737,0.0013454154327757744,0.0005690964337871165,0.08420967466198308,0.9138758134714535,25,20,20
38,7738,0.0013454154325937084,0.0005690964337871152,0.08420967296954932,0.9138758151640696,25,20,20
38,7739,0.001345415432412726,0.0005690964337870417,0.08394255275780786,0.9141429353759921,25,20,20
38,7740,0.0013454069260879678,0.0005690964332984209,0.08354727514083146,0.9145382214997818,25,20,20
38,7741,0.0013454069260848637,0.0005690964332985146,0.08337324398788519,0.9147122526527312,25,20,20
38,7742,0.0013454069260848492,0.0005690964332984393,0.08336672022467717,0.9147187764159392,25,20,20
38,7743,0.0013454069260848483,0.000569096433298364,0.08336011743340237,0.9147253792072141,25,20,20
38,7744,0.02797561053982586,0.000564730753660689,0.05673428359132708,0.9147253751151863,25,20,20
38,7745,0.027975610539825863,0.000564730753660689,0.05673890436201243,0.914720754344501,25,20,20
38,7746,0.027975610530652992,0.0005647307534446346,0.052079799325428715,0.9193798593904738,25,20,20
38,7747,0.027975610649931208,0.0005647313942188471,0.05973835379878558,0.9117213041570643,25,20,20
38,7748,0.027975610649931194,0.0005647313942187813,0.05965075556018593,0.9118089023956643,25,20,20
38,7749,0.02797561064993125,0.0005647313942187827,0.0596523244268728,0.9118073335289771,25,20,20
38,7750,0.02797561064993129,0.0005647313942145683,0.05964583382046742,0.9118138241353867,25,20,20
38,7751,0.0279756106499281,0.000564731394214567,0.059645778847757694,0.9118138791080997,25,20,20
38,7752,0.027975610649928057,0.000564731394214567,0.059645805986801775,0.9118138519690556,25,20,20
38,7753,0.027975610530649828,0.000564730753680683,0.05189730442324061,0.9195623542924289,25,20,20
38,7754,0.027975610530649866,0.0005647307536806093,0.051767811226609596,0.9196918474890599,25,20,20
38,7755,0.027975610530647434,0.000564730753680611,0.05150158096775795,0.9199580777479138,25,20,20
38,7756,0.027975610543450987,0.0005647307537017866,0.08803823135561334,0.883421427347233,25,20,20
38,7757,0.02797561054345418,0.0005647307534571931,0.08803664761392058,0.8834230110891674,25,20,20
38,7758,0.027975610543454182,0.0005647307534571945,0.08803665099871098,0.883423007704377,25,20,20
38,7759,0.027975610543454182,0.0005647307534571958,0.08803665169979434,0.8834230070032936,25,20,20
38,7760,0.02797561054345414,0.0005647307534529813,0.08803855234124823,0.883421106361844,25,20,20
38,7761,0.02797561054345414,0.0005647307534531295,0.08830488327396502,0.883154775429127,25,20,20
38,7762,0.02797561054345488,0.0005647307534531295,0.08831140723771831,0.8831482514653731,25,20,20
38,7763,0.027975610543458075,0.0005647307534530554,0.08831139721813433,0.883148261484954,25,20,20
38,7764,0.027975631634462293,0.0005663466829259841,0.09177145829680126,0.8796865633858095,25,20,20
38,7765,0.027975631634462345,0.0005663466831689784,0.09203310898201351,0.8794249127003542,25,20,20
38,7766,0.028030238435295476,0.0006378001925936374,0.09190093879963172,0.8794310225724783,25,20,20
38,7767,0.028030238435295438,0.0006378001923507185,0.09163928889576667,0.8796926724765862,25,20,20
38,7768,0.02803023843529538,0.0006378001923507185,0.0916346998456253,0.8796972615267277,25,20,20
38,7769,0.02803023843529532,0.0006378001921061097,0.09163234088422839,0.8796996204883691,25,20,20
38,7770,0.06777461203203164,0.0005647307532151755,0.051967146681680475,0.8796935105330727,25,20,20
38,7771,0.06777461203203158,0.0005647307532108833,0.05196054077405536,0.8797001164407021,25,20,20
38,7772,0.06777461203203153,0.000564730753210808,0.05196045761616566,0.879700199598592,25,20,20
38,7773,0.06777461203202828,0.0005647307532108066,0.05195720729600256,0.8797034499187584,25,20,20
38,7774,0.0677746120320283,0.0005647307532150991,0.05196191004621351,0.8796987471685432,25,20,20
38,7775,0.06777461203202828,0.0005647307532150225,0.05195720744324413,0.8797034497715128,25,20,20
38,7776,0.06777461203202907,0.0005647307532193141,0.051957376160703485,0.8797032810540486,25,20,20
38,7777,0.06777461203202913,0.0005647307532236026,0.05196207762392358,0.8796985795908242,25,20,20
38,7778,0.06777461203202989,0.000564730753223604,0.05196860069267953,0.8796920565220674,25,20,20
38,7779,0.06777461203202914,0.0005647307532236026,0.051968565871757647,0.8796920913429901,25,20,20
38,7780,0.06785092931959757,0.0005647307563188026,0.051892248566206695,0.8796920913578774,25,20,20
38,7781,0.06785092931959752,0.0005647307563145123,0.051892243985154754,0.8796920959389335,25,20,20
38,7782,0.06785092932997909,0.0005647307563188776,0.05189450369888646,0.8796898362148159,25,20,20
38,7783,0.06345393682981408,0.0005647309963247462,0.05230716510169234,0.8836741670721691,25,20,20
38,7784,0.06345393682981328,0.0005647309963247449,0.05230059892369142,0.8836807332501708,25,20,20
38,7785,0.06345393682981332,0.0005647309963247155,0.05256222805245811,0.8834191041214041,25,20,20
38,7786,0.06345393682999467,0.0005647309963247907,0.05256225660242676,0.8834190755712541,25,20,20
38,7787,0.06345393682999466,0.0005647309963247142,0.052555653245403296,0.8834256789282777,25,20,20
38,7788,0.06345393681961708,0.0005647310102596516,0.05256560063542434,0.8834157315346992,25,20,20
38,7789,0.06345393681962029,0.0005647310102596528,0.05256568263717441,0.8834156495329459,25,20,20
38,7790,0.06345393681962029,0.0005647310102595785,0.052305954510812235,0.8836753776593081,25,20,20
38,7791,0.0634539368196171,0.0005647310102595046,0.05230592406201533,0.8836754081081082,25,20,20
38,7792,0.06345393677893511,3.631246326755715e-07,0.05287029199279839,0.8836754081036335,25,20,20
38,7793,0.06345393677893511,3.6312463267427375e-07,0.05287017694288943,0.8836755231535425,25,20,20
38,7794,0.06345393677893521,3.631246327495861e-07,0.05287182638942824,0.8836738737070037,25,20,20
38,7795,0.06345393677893443,3.6312463274962146e-07,0.05286534046614554,0.883680359630287,25,20,20
38,7796,0.06345393677893439,3.631246327495757e-07,0.05287191845303441,0.8836737816433983,25,20,20
38,7797,0.06345393677897944,3.6312487079699423e-07,0.053241011224756246,0.8833046888713934,25,20,20
38,7798,0.06345393677898024,3.631248707969947e-07,0.05324097211036219,0.8833047279857865,25,20,20
38,7799,0.0634539367789803,3.631248707995902e-07,0.053240974108513486,0.8833047259876352,25,20,20
38,7800,0.0634539367893585,3.6313881017734835e-07,0.0532532543882773,0.8832924456835538,25,20,20
38,7801,0.06345393678931338,3.6313856791407804e-07,0.05288606224368375,0.8836596378284348,25,20,20
38,7802,0.06345393678931337,3.631385678387636e-07,0.052885941124520545,0.8836597589475982,25,20,20
38,7803,0.06345393678931331,3.6313856357700126e-07,0.052619609855591686,0.8839260902165313,25,20,20
38,7804,0.02806855426703064,5.088951005349697e-07,0.09198848141533982,0.8799424554225291,25,20,20
38,7805,0.02806855426703053,5.088951004609775e-07,0.091986912434052,0.8799440244038169,25,20,20
38,7806,0.028068554266848445,5.088950961706617e-07,0.09198678214539349,0.8799441546926622,25,20,20
38,7807,0.028068554266851637,5.088950961732798e-07,0.09198905946462035,0.879941877373432,25,20,20
38,7808,0.028068554266851637,5.088950961732791e-07,0.09198913535698276,0.8799418014810696,25,20,20
38,7809,0.02806855426685243,5.088953400056863e-07,0.09211854479284393,0.8798123920449642,25,20,20
38,7810,0.02806855426685249,5.088953442960259e-07,0.0921121350254099,0.8798188018123939,25,20,20
38,7811,0.028068554256473553,5.088814049909408e-07,0.09209989585308836,0.8798310410090338,25,20,20
38,7812,0.028068554256473567,5.088814049935363e-07,0.09209993781388041,0.8798309990482419,25,20,20
38,7813,0.028068554256473498,5.088814007018991e-07,0.09209982303601477,0.8798311138261119,25,20,20
38,7814,0.02806855425651861,5.088814049522275e-07,0.09247293706189459,0.8794579998001825,25,20,20
38,7815,0.02797561454348769,6.679295427439049e-07,0.09256641335739044,0.8794573041695796,25,20,20
38,7816,0.027975614543536413,6.679297873140163e-07,0.09257531816879792,0.879448399357879,25,20,20
38,7817,0.027975614543534016,6.679297873879641e-07,0.09257315731503823,0.8794505602116409,25,20,20
38,7818,0.027975614543534016,6.679297873883174e-07,0.09257007663623457,0.8794536408904444,25,20,20
38,7819,0.027979361968667717,6.652981204768865e-07,0.09256633131603767,0.8794536414171755,25,20,20
38,7820,0.027979361968666922,6.65298124691912e-07,0.09256641066045437,0.8794535620727553,25,20,20
38,7821,0.02797936196866691,6.652981246166777e-07,0.0925598072784915,0.8794601654547182,25,20,20
38,7822,0.027979361968670152,6.65298124616504e-07,0.09265247113779916,0.8793675015954073,25,20,20
38,7823,0.027979361968670152,6.652981245425229e-07,0.09264586834636741,0.8793741043868392,25,20,20
38,7824,0.02797936196867014,6.652981245398826e-07,0.09264582776288256,0.879374144970324,25,20,20
38,7825,0.027979361968670097,6.652981246125558e-07,0.09264594024020849,0.8793740324929977,25,20,20
38,7826,0.027979361968670097,6.652981246138312e-07,0.09264605328792674,0.8793739194452794,25,20,20
38,7827,0.027979361968673285,6.652981289067437e-07,0.09264624913566799,0.8793737235975307,25,20,20
38,7828,0.02797936196862457,6.652978843379528e-07,0.09263742587435851,0.8793825468591335,25,20,20
38,7829,0.027979361968624557,6.652978842626616e-07,0.0926373105627211,0.879382662170771,25,20,20
38,7830,0.027979361968621365,6.652978799710475e-07,0.09263711399418004,0.8793828587393197,25,20,20
38,7831,0.02797936196880749,6.65298124641913e-07,0.0926418558698139,0.8793781168632548,25,20,20
38,7832,0.02797936211536952,6.653119378038594e-07,0.09301604427476376,0.87900392829793,25,20,20
38,7833,0.027979362115370304,6.653119378051757e-07,0.09301818165465402,0.8790017909180385,25,20,20
38,7834,0.02797936211536637,6.65297998577725e-07,0.0930059760030892,0.8790139965835465,25,20,20
38,7835,0.027979362707087663,6.652980029428688e-07,0.09301021958575859,0.8790097524091515,25,20,20
38,7836,0.02797936270709081,6.652980029415625e-07,0.09301480722389499,0.8790051647710119,25,20,20
38,7837,0.027979362560531972,6.652841899301766e-07,0.09264076277672284,0.879379209378556,25,20,20
38,7838,0.027979362560528732,6.65284189855059e-07,0.09254798364107483,0.8794719885142074,25,20,20
38,7839,0.027979362560528784,6.652841899316703e-07,0.09254809814073461,0.8794718740145474,25,20,20
38,7840,0.02797936256034271,6.652839453348129e-07,0.09254805692342682,0.8794719152322859,25,20,20
38,7841,0.027979362560345847,6.652839453344826e-07,0.09255113810578135,0.8794688340499284,25,20,20
38,7842,0.027979362560342655,6.652839451852424e-07,0.09255099557004715,0.8794689765856658,25,20,20
38,7843,0.027979362560503488,6.652839175488528e-07,0.0970808643537751,0.8749391078018046,25,20,20
38,7844,0.027979362560503547,6.652839175501503e-07,0.09708314048869361,0.8749368316668861,25,20,20
38,7845,0.027979362560503544,6.652839132598569e-07,0.09708294432943398,0.8749370278261499,25,20,20
38,7846,0.027979362560503606,6.652839133351485e-07,0.09708295100344555,0.8749370211521382,25,20,20
38,7847,0.027979362560503547,6.652839133351398e-07,0.09708756975762772,0.874932402397956,25,20,20
38,7848,0.027975633725092396,3.373876174529288e-07,0.09709162694405447,0.8749324019432361,25,20,20
38,7849,0.027975633725092403,3.3738761745292055e-07,0.09709624572765171,0.8749277831596386,25,20,20
38,7850,0.027975633725280648,3.4047090904012056e-07,0.13437157298597563,0.8376524528178352,25,20,20
38,7851,0.027975633725119017,3.404706929206698e-07,0.1297122952554889,0.8423117305486992,25,20,20
38,7852,0.02797563372511588,3.4047069713704714e-07,0.12970778897496468,0.8423162368292225,25,20,20
38,7853,0.027975633725115946,3.4047070150325343e-07,0.1297143117916182,0.8423097140125645,25,20,20
38,7854,0.027975633725116005,3.404707015772242e-07,0.12971431332021288,0.8423097124839697,25,20,20
38,7855,0.027975633725112806,3.4047069728607025e-07,0.12970960926493225,0.8423144165392579,25,20,20
38,7856,0.021838282725972307,3.44312643105328e-07,0.13584693136449433,0.8423144415968907,25,20,20
38,7857,0.06176093229829723,3.1934606415797294e-07,0.09592430681585158,0.842314441539787,25,20,20
38,7858,0.0617609321504218,3.1934605986701843e-07,0.09592413935912461,0.8423146091443935,25,20,20
38,7859,0.062209101573897946,3.16494991139006e-07,0.08651809896774587,0.8512724829633648,25,20,20
38,7860,0.0622091015738988,3.164952341336732e-07,0.08678482097764201,0.851005760953225,25,20,20
38,7861,0.06220910157385456,3.164952300339513e-07,0.08641186050782144,0.8513787214230939,25,20,20
38,7862,0.06220910157385687,3.16495233139182e-07,0.09746978273969935,0.8403207991912105,25,20,20
38,7863,0.06220910157385681,3.1649523306259174e-07,0.09746971432678396,0.8403208676041258,25,20,20
38,7864,0.062209101573856035,3.16494994360167e-07,0.09720963740491789,0.8405809445262313,25,20,20
38,7865,0.062209101573856035,3.1649499428362396e-07,0.09720952355566326,0.8405810583754862,25,20,20
38,7866,0.06220910157403759,3.164949986364091e-07,0.09733905840457815,0.8404515235263854,25,20,20
38,7867,0.06220910157403528,3.164949955324761e-07,0.08628121666236288,0.8515093652686061,25,20,20
38,7868,0.0622222295517771,3.143187046358506e-07,0.08626664730943347,0.851510808820085,25,20,20
38,7869,0.0542164885415338,0.001197885525002719,0.0930730547454707,0.8515125711879934,25,20,20
38,7870,0.05421648854153375,0.00119788552499843,0.0930728615066567,0.8515127644268116,25,20,20
38,7871,0.05421648854153375,0.0011978855249984313,0.09307294259433785,0.8515126833391303,25,20,20
38,7872,0.05421648854171468,0.0011978855388487977,0.09334038803739576,0.8512452378820413,25,20,20
38,7873,0.05421648854171468,0.0011978855388530142,0.0933358064464006,0.8512498194730322,25,20,20
38,7874,0.05421648854171467,0.0011978855388530645,0.09958526666703828,0.8450003592523946,25,20,20
38,7875,0.054216488541533735,0.0011978855250026968,0.09931781922584629,0.8452678067076178,25,20,20
38,7876,0.05421648854153054,0.0011978855250026953,0.09931781780354429,0.845267808129923,25,20,20
38,7877,0.04045419716874092,3.0362219462396924e-07,0.11427934005429904,0.845266159154766,25,20,20
38,7878,0.04045419716892314,3.0362219477325027e-07,0.11428096284924719,0.8452645363596355,25,20,20
38,7879,0.04045419716892316,3.0362219906336653e-07,0.11428321456452548,0.8452622846443529,25,20,20
38,7880,0.04045419716892396,3.0362220342848227e-07,0.11428783766722861,0.8452576615416446,25,20,20
38,7881,0.04045419716892396,3.0362220770621613e-07,0.11441727856492107,0.8451282206439479,25,20,20
38,7882,0.04045419716892628,3.0362220341572707e-07,0.12549669290438392,0.8340488063044869,25,20,20
38,7883,0.040441065219234476,7.526443235457821e-10,0.12550987649188647,0.8340490575362353,25,20,20
38,7884,0.03999291088707631,5.328982136059134e-10,0.13701075129703416,0.8229963372829923,25,20,20
38,7885,0.03999291088707629,5.328981403654642e-10,0.1370042670663315,0.823002821513695,25,20,20
38,7886,0.039780784882266884,5.359571400258207e-10,0.1372163926528435,0.8230028219289335,25,20,20
38,7887,0.03978078488208474,5.359569920423648e-10,0.13721704599281379,0.8230021685891454,25,20,20
38,7888,0.03978078488208474,5.35956990743823e-10,0.1372170454836305,0.8230021690983287,25,20,20
38,7889,0.03978078488208485,5.359570667769468e-10,0.13748339255161848,0.8227358220303403,25,20,20
38,7890,0.03978078488190335,5.359570051226466e-10,0.13735856125443321,0.8228606533277072,25,20,20
38,7891,0.03978078488190402,5.361632796508236e-10,0.13735904453553946,0.822860170046394,25,20,20
38,7892,0.039780784881903154,5.36163129044515e-10,0.13735889097948006,0.8228603236024543,25,20,20
38,7893,0.039780784881903085,5.3615883812213e-10,0.13735236032632742,0.8228668542556113,25,20,20
38,7894,0.03978078488185755,5.36158765460958e-10,0.13734586707836516,0.8228733475036192,25,20,20
38,7895,0.03978078429018178,5.361544755732694e-10,0.13734835743899476,0.8228708577346697,25,20,20
38,7896,0.039780784290181066,5.359480766300754e-10,0.13109833275501395,0.8291208824188577,25,20,20
38,7897,0.039780784290181115,5.359523651881942e-10,0.1311029969415316,0.8291162182323357,25,20,20
38,7898,0.039780784290180324,5.359480753512909e-10,0.13110489754024318,0.8291143176336291,25,20,20
38,7899,0.039780784290181004,5.359480743436297e-10,0.13096811158406974,0.8292511035898019,25,20,20
38,7900,0.0397807842901842,5.359523659717312e-10,0.13096357028492997,0.8292556448889341,25,20,20
38,7901,0.039780784290139475,5.498915934338342e-10,0.130969157179213,0.8292500579807566,25,20,20
38,7902,0.03978078429013953,5.498958832669325e-10,0.13097385934351646,0.8292453558164488,25,20,20
38,7903,0.03978078429014027,5.499000857323347e-10,0.1311032730230148,0.8291159421369456,25,20,20
38,7904,0.023289286785595557,7.611277141376512e-10,0.14742362921892485,0.8292870832343524,25,20,20
38,7905,0.02328928678559555,7.611234224919044e-10,0.14742359066811128,0.8292871217851703,25,20,20
38,7906,0.02328928678559551,7.611277128382517e-10,0.14742365213978048,0.8292870603134967,25,20,20
38,7907,0.023289286785592327,7.611234205164915e-10,0.14779659544668944,0.8289141170065953,25,20,20
38,7908,0.02328928678558998,7.611234195919213e-10,0.1367149288128436,0.8399957836404436,25,20,20
38,7909,0.023289286785589967,7.611233463229337e-10,0.13634652679382187,0.8403641856594655,25,20,20
38,7910,0.02328928678559071,7.611190560207978e-10,0.136348686022818,0.8403620264304726,25,20,20
38,7911,0.023289286785590724,7.611148522572479e-10,0.13621927993476776,0.8404914325185269,25,20,20
38,7912,0.023289286785590665,7.611105624465137e-10,0.13621469023222954,0.8404960222210694,25,20,20
38,7913,0.02328928679597154,7.611106377649032e-10,0.13621478672991738,0.8404959257130007,25,20,20
38,7914,0.023289286796125235,7.613171015128607e-10,0.14246484952296157,0.8342458629195959,25,20,20
38,7915,0.02328928679872014,7.752615676964954e-10,0.14246997277381976,0.8342407396521984,25,20,20
38,7916,0.023289280867531587,7.627942246570481e-10,0.14309752002333032,0.8336131983463438,25,20,20
38,7917,0.02328928086753244,7.630388023456878e-10,0.14310509738438157,0.8336056209850472,25,20,20
38,7918,0.02328928101494788,7.630473561728581e-10,0.14324852281617717,0.8334621954058277,25,20,20
38,7919,0.02328928101494708,7.630473561497619e-10,0.1432462445441921,0.8334644736778135,25,20,20
38,7920,0.023289281017533428,7.493519562804238e-10,0.14336420265187813,0.8333465155812365,25,20,20
38,7921,0.02328928101494175,7.354074913771061e-10,0.14362072573569795,0.8330899925139529,25,20,20
38,7922,0.02328928101512267,7.356504117229166e-10,0.14388696261239498,0.8328237556368321,25,20,20
38,7923,0.02328928101512261,7.356461205465473e-10,0.1438822584645383,0.8328284597846931,25,20,20
38,7924,0.02328928101512579,7.356419041858662e-10,0.14388681801612488,0.8328239002331075,25,20,20
38,7925,0.02328928101254184,7.356425949914634e-10,0.14376137387471094,0.8329493443771048,25,20,20
38,7926,0.02328928101254184,7.356425923955857e-10,0.14376134044388253,0.8329493778079332,25,20,20
38,7927,0.023289281012388946,7.354361299686558e-10,0.1375157193685994,0.8391949988835756,25,20,20
38,7928,0.023289281012433688,7.354320014975483e-10,0.13738631296159076,0.8393244052905438,25,20,20
38,7929,0.02328928101243374,7.354319989019038e-10,0.13765123607559426,0.8390594821765401,25,20,20
38,7930,0.023289281012388204,7.354319249076249e-10,0.1376512278500966,0.8390594904020834,25,20,20
38,7931,0.023289281012388204,7.354319236104264e-10,0.1376511528857031,0.839059565366477,25,20,20
38,7932,0.023289281012388263,7.354319236567709e-10,0.13765104124048191,0.839059677011698,25,20,20
38,7933,0.023289281012388273,7.354319249545032e-10,0.13765107667141835,0.8390596415807616,25,20,20
38,7934,0.02328928101238508,7.354319249176566e-10,0.13764645619988625,0.8390642620522969,25,20,20
38,7935,0.023289281012384276,7.354319222988931e-10,0.13764201506796764,0.8390687031842162,25,20,20
38,7936,0.023289281012384283,7.354319218014209e-10,0.1379017432200586,0.8388089750321253,25,20,20
38,7937,0.023289281012429754,7.354361387748066e-10,0.13790377647819263,0.8388069417739413,25,20,20
38,7938,0.023289281012429754,7.354362140440653e-10,0.13790389177362752,0.8388068264785065,25,20,20
38,7939,0.02328928101242897,7.35436141590771e-10,0.1377766077265387,0.8389341105255962,25,20,20
38,7940,0.023289281012428914,7.354361402931676e-10,0.1377744440187681,0.8389362742333667,25,20,20
38,7941,0.023289281012428855,7.354361402935053e-10,0.13777447681440336,0.8389362414377314,25,20,20
38,7942,0.023289282090621543,2.0242363931778387e-05,0.13775423624313898,0.838936239302307,25,20,20
38,7943,0.02328928222930055,2.0243108705888267e-05,0.14025404902583388,0.8364364256361592,25,20,20
38,7944,0.023289282229300618,2.0243108706037528e-05,0.14025567060837932,0.8364348040536137,25,20,20
38,7945,0.023289282239613657,2.024310894895914e-05,0.1405219552958099,0.8361685193556271,25,20,20
38,7946,0.023289282239613712,2.0243108948960462e-05,0.14052203704132843,0.8361684376101085,25,20,20
38,7947,0.02328928223965909,2.0243108953243474e-05,0.14034750995351367,0.8363429646978738,25,20,20
38,7948,0.02328928223965909,2.0243108953242132e-05,0.1403473969060418,0.8363430777453457,25,20,20
38,7949,0.02328928223965909,2.0243108953166868e-05,0.14034728361501114,0.8363431910363763,25,20,20
38,7950,0.02328928223965909,2.024310895316817e-05,0.14034736351082777,0.8363431111405597,25,20,20
38,7951,0.02328928223965909,2.0243108953166895e-05,0.14034728154093387,0.8363431931104537,25,20,20
38,7952,0.02328928223984121,2.0243108953242156e-05,0.14035196543122883,0.8363385092199764,25,20,20
38,7953,0.02328928223984121,2.024310895331798e-05,0.140725068491443,0.8359654061597623,25,20,20
38,7954,0.023289282229710256,2.0243122649700406e-05,0.14047102230000064,0.8362194523476393,25,20,20
38,7955,0.023289282229710256,2.024312264970041e-05,0.14047098948282838,0.8362194851648114,25,20,20
38,7956,0.023289282229529324,2.0243122406704773e-05,0.14020463729449395,0.8364858373535697,25,20,20
38,7957,0.02328928222948384,2.0243122402423066e-05,0.14011196513541185,0.8365785095127016,25,20,20
38,7958,0.02328928222948463,2.0243136252718068e-05,0.14037937461008534,0.8363111000241772,25,20,20
38,7959,0.02328928222948548,2.024312231770676e-05,0.14036936130744115,0.8363211133407554,25,20,20
38,7960,0.02494015712411432,2.024392254837187e-05,0.13803627922142048,0.8370033197319172,25,20,20
38,7961,0.02494015711373339,2.02439225440054e-05,0.1380314811450946,0.8370081178186284,25,20,20
38,7962,0.025044552005106042,2.419656210915406e-06,0.1379463978074184,0.8370066305312648,25,20,20
38,7963,0.025044552005106042,2.419656210914814e-06,0.13757799607085913,0.837375032267824,25,20,20
38,7964,0.025044552005106042,2.4196562109148143e-06,0.13757799607085908,0.837375032267824,25,20,20
38,7965,0.025044552004923934,2.4196562151306845e-06,0.13757790188330313,0.8373751264555578,25,20,20
38,7966,0.02497642008476519,2.4684007928289554e-06,0.1376461237956331,0.8373749877188099,25,20,20
38,7967,0.024976420084765236,2.468400788537825e-06,0.13764612314303537,0.8373749883714119,25,20,20
38,7968,0.02860699875172077,2.419608124989024e-06,0.13401559536415195,0.8373749862760035,25,20,20
38,7969,0.028606998751719973,2.419594274620051e-06,0.133748147927544,0.8376424337264625,25,20,20
38,7970,0.02860699875167446,2.4195942703291382e-06,0.13374152927902874,0.8376490523750274,25,20,20
38,7971,0.028606998751674446,2.4195942702536786e-06,0.13383220013207997,0.8375583815219761,25,20,20
38,7972,0.026958993630723304,2.464058265719571e-06,0.13615007373569651,0.8368884685753152,25,20,20
38,7973,0.026958993630723346,2.4640582657922345e-06,0.13615249744848845,0.836886044862523,25,20,20
38,7974,0.026958993630723294,2.4640582658661826e-06,0.13615249875664343,0.8368860435543679,25,20,20
38,7975,0.026958993630768764,2.4640585105351147e-06,0.13615263167777225,0.836885910632949,25,20,20
38,7976,0.026958993630768764,2.4640585105351147e-06,0.13615271355889866,0.8368858287518226,25,20,20
38,7977,0.02695899363072643,2.464058265941451e-06,0.1361479616581482,0.83689058065286,25,20,20
38,7978,0.02198735724465866,2.4688173094193474e-06,0.14129069051043763,0.836719483427595,25,20,20
38,7979,0.0219873572446586,2.468817309417981e-06,0.14129068830646732,0.8367194856315653,25,20,20
38,7980,0.018354683550929066,2.468360890325475e-06,0.1051272988788409,0.8765155492093405,25,20,20
38,7981,0.018354683412246876,2.4676158716206464e-06,0.10262276704677951,0.8790200819251031,25,20,20
38,7982,0.018354683412246865,2.467615871694618e-06,0.1026226905345852,0.8790201584372972,25,20,20
38,7983,0.018354683414841914,2.467615875985573e-06,0.10262472505092397,0.8790181239183589,25,20,20
38,7984,0.040073626122306374,2.4626614989201756e-06,0.0809058281955301,0.8790180830206654,25,20,20
38,7985,0.040073626122306374,2.462661503211146e-06,0.08091243330091537,0.8790114779152758,25,20,20
38,7986,0.0011203861991484483,2.518055697371484e-06,0.11985815600185873,0.8790189397432959,25,20,20
38,7987,0.001120386199145267,2.518055697296211e-06,0.11998759573738184,0.8788895000077759,25,20,20
38,7988,0.001120386199145268,2.518055701587137e-06,0.11999419964687567,0.8788828960982775,25,20,20
38,7989,0.001120386199149239,2.5180696129667386e-06,0.12008651140229475,0.8787905843289431,25,20,20
38,7990,0.001120386199149239,2.5180696129667386e-06,0.12008651140229479,0.8787905843289433,25,20,20
38,7991,0.0011203861991483984,2.5180693683890278e-06,0.12008546000241865,0.8787916357290646,25,20,20
38,7992,0.0011203861991483971,2.518069368387684e-06,0.1200854566053279,0.8787916391261555,25,20,20
38,7993,0.001120386199152404,2.5180693726786444e-06,0.12009198011527623,0.8787851156161989,25,20,20
38,7994,0.0011203861993333215,2.5180693770151774e-06,0.12022880148591307,0.8786482942453769,25,20,20
38,7995,0.0011203861993333223,2.5180693770138798e-06,0.12022880090002962,0.8786482948312603,25,20,20
38,7996,0.0011203861967382291,2.518069372722933e-06,0.12022218041869374,0.8786549153151956,25,20,20
38,7997,0.0011203861967382842,2.518069372649472e-06,0.1199558509098366,0.8789212448240525,25,20,20
38,7998,0.0011203861967383393,2.518069612953475e-06,0.11995407991304877,0.8789230158206,25,20,20
38,7999,0.0011203861967383954,2.5180698570135948e-06,0.12004637781493967,0.8788307179184649,25,20,20
38,8000,0.023149633921654852,2.46265678594546e-06,0.09802464877578493,0.8788232546457746,25,20,20
38,8001,0.023149633921654852,2.462656786020503e-06,0.09814756387514995,0.8787003395464096,25,20,20
38,8002,0.02314963393203635,2.462656550008353e-06,0.0981451296787721,0.878702773732642,25,20,20
38,8003,0.023045273791927792,4.5322122528812714e-08,0.09825211296010203,0.8787025679258478,25,20,20
38,8004,0.023045273792109987,4.532212689557758e-08,0.09825369775200915,0.8787009831337541,25,20,20
38,8005,0.023045273792109987,4.53221269708688e-08,0.09825381302834955,0.8787008678574136,25,20,20
38,8006,0.023045273791930262,4.532212696909747e-08,0.09825814420524491,0.8786965366806979,25,20,20
38,8007,0.023161893748574084,4.613507644370628e-08,0.09814129444637233,0.8786967656699771,25,20,20
38,8008,0.02316189374857165,4.6135076591648835e-08,0.09787964893296096,0.8789584111833908,25,20,20
38,8009,0.023059416352570094,3.0893530234911735e-07,0.09791046735231294,0.8790298073598146,25,20,20
38,8010,0.023059416342188555,3.0893529376893337e-07,0.09790807005855122,0.8790322046639665,25,20,20
38,8011,0.023059416342190952,3.0893529369367317e-07,0.09790807094086414,0.8790322037816511,25,20,20
38,8012,0.02305941634218776,3.089352936183906e-07,0.09790344988247479,0.8790368248400438,25,20,20
38,8013,0.0230594163292762,3.089214168364447e-07,0.09769951708579766,0.8792407576635094,25,20,20
38,8014,0.0230594163292762,3.0892141683774247e-07,0.09769943659209744,0.8792408381572097,25,20,20
38,8015,0.02305941632927626,3.0892141691303375e-07,0.09769955050605059,0.8792407242432563,25,20,20
38,8016,0.02305941632927945,3.089214169896228e-07,0.09769955254463915,0.8792407222046645,25,20,20
38,8017,0.02305941632928266,3.0892141699010024e-07,0.09769531855120894,0.8792449561980915,25,20,20
38,8018,0.023059416329278676,3.089075056844382e-07,0.09760759215675599,0.8793326826064599,25,20,20
38,8019,0.02305941632927864,3.089075056831059e-07,0.09761408107349952,0.8793261936897163,25,20,20
38,8020,0.02305941633137127,3.095482840609918e-07,0.10536493939920691,0.871575334721138,25,20,20
38,8021,0.023059416331371225,3.095480400774836e-07,0.10527272597364318,0.8716675481469457,25,20,20
38,8022,0.023059416331374365,3.095480400787812e-07,0.10527746125207607,0.8716628128685098,25,20,20
38,8023,0.023059416331192212,3.0954803571329077e-07,0.10528046348940484,0.8716598106313675,25,20,20
38,8024,0.023059416331189072,3.0954803571199295e-07,0.10528046206269646,0.8716598120580791,25,20,20
38,8025,0.0230594163310082,3.0954827520786665e-07,0.1051436401748984,0.8717966339458185,25,20,20
38,8026,0.023059416331008185,3.0954827513282324e-07,0.10501419913876982,0.8719260749819473,25,20,20
38,8027,0.062277697320080386,2.6428414922352575e-07,0.0658082568608833,0.8719137815348873,25,20,20
38,8028,0.0622776973200827,2.642843262219049e-07,0.07686635676577085,0.8608556816298204,25,20,20
38,8029,0.06227769732008268,2.642843261466136e-07,0.07686624145413344,0.860855796941458,25,20,20
38,8030,0.062277697317993236,2.6364355205904483e-07,0.06911557639214981,0.868606462646305,25,20,20
38,8031,0.04609624144350435,2.636509697645129e-07,0.08529379385761325,0.868609701047913,25,20,20
38,8032,0.04609624144350035,2.63650965400901e-07,0.08529379207988866,0.868609702825646,25,20,20
38,8033,0.04609624144350111,2.636507216437822e-07,0.08516871218781832,0.8687347827179593,25,20,20
38,8034,0.046096241443501086,2.636507216437825e-07,0.08516874496978862,0.8687347499359891,25,20,20
38,8035,0.04609624144350111,2.63650725859418e-07,0.08517526840940841,0.868728226496365,25,20,20
38,8036,0.04609624144350113,2.6365096992080955e-07,0.08526756433818554,0.8686359305673439,25,20,20
38,8037,0.0460962414435463,2.6365121710421277e-07,0.08553383410990593,0.8683696607953312,25,20,20
38,8038,0.04609624144354635,2.636512171794815e-07,0.08553391098989593,0.8683695839153409,25,20,20
38,8039,0.0460962414435463,2.6365121710568354e-07,0.08544169760778168,0.8684617972974553,25,20,20
38,8040,0.0734092919088511,1.9738583891685463e-07,0.05819936483072324,0.8683911458745868,25,20,20
38,8041,0.046169631220818096,1.5361831436821406e-09,0.08543221290892039,0.8683981543340787,25,20,20
38,8042,0.046169631073402655,1.5361745898318032e-09,0.08528875961498143,0.8685416077754418,25,20,20
38,8043,0.046169631073402655,1.536170374242785e-09,0.08528219416795996,0.8685481732224675,25,20,20
38,8044,0.04616963107340262,1.536170298973901e-09,0.08528219322588719,0.8685481741645404,25,20,20
38,8045,0.04616963107340257,1.5361702963784302e-09,0.08528219122773578,0.8685481761626919,25,20,20
38,8046,0.023139261511923758,1.7861839518373064e-09,0.10831573015852519,0.8685450065433682,25,20,20
38,8047,0.02313926151187933,1.785936843703036e-09,0.10804946240053298,0.8688112743016516,25,20,20
38,8048,0.040091347802399036,1.785805840186132e-09,0.0910973780700685,0.8688112723417275,25,20,20
38,8049,0.04009134780258114,1.7858101300399905e-09,0.09109550615315276,0.8688131442584569,25,20,20
38,8050,0.04009134780258112,1.7858100560684675e-09,0.09109539225312896,0.8688132581584808,25,20,20
38,8051,0.0400913478025811,1.7855659946992538e-09,0.09100309631425393,0.8689055540975995,25,20,20
38,8052,0.0400913478025835,1.785565994707538e-09,0.09099876885796011,0.8689098815538912,25,20,20
38,8053,0.04009134780262904,1.785570360312084e-09,0.09099900431256672,0.8689096460992346,25,20,20
38,8054,0.03959730055924296,1.7980592233088198e-09,0.0914930498609588,0.8689096477817398,25,20,20
38,8055,0.03959888375219981,1.8210255908435953e-09,0.09854810446088075,0.8618530099658944,25,20,20
38,8056,0.039598883752199825,1.8212701858406617e-09,0.09855293739810966,0.8618481770284209,25,20,20
38,8057,0.03959888389961529,1.8212701855900362e-09,0.09869626792589514,0.8617048463532196,25,20,20
38,8058,0.039598883900868354,1.8212663477474235e-09,0.13384957644357776,0.8265515378342875,25,20,20
38,8059,0.0395988839008684,1.8212705647028097e-09,0.13385606707486253,0.8265450472029986,25,20,20
38,8060,0.03960080078574237,1.8351720198644264e-09,0.13397526277459562,0.8264239346044902,25,20,20
38,8061,0.03960080078574243,1.8354165281231108e-09,0.13397726598361281,0.8264219313952283,25,20,20
38,8062,0.039600805438136835,8.056254393917803e-09,0.13872094337289487,0.8216782431327141,25,20,20
38,8063,0.03960080558603904,8.056018381038559e-09,0.13872795257889148,0.8216712337790513,25,20,20
38,8064,0.03960080093382404,3.5136223174832797e-07,0.13882394697411576,0.8215749007298286,25,20,20
38,8065,0.03960080093382083,3.5136223167303564e-07,0.1388239450335983,0.8215749026703495,25,20,20
38,8066,0.03960080093382077,3.5136198709079203e-07,0.13881735446127058,0.8215814932429218,25,20,20
38,8067,0.03960080093382077,3.5136198709079203e-07,0.1388172420341226,0.8215816056700698,25,20,20
38,8068,0.039598884048950005,3.513480856382259e-07,0.13869820873121175,0.8217025558717528,25,20,20
38,8069,0.03959888404894996,3.5134808563697425e-07,0.13869354579377366,0.8217072188091908,25,20,20
38,8070,0.03959888404895006,3.513480899199793e-07,0.1387858000799382,0.8216149645230221,25,20,20
38,8071,0.039598884048950914,3.5134815591732806e-07,0.1279940329623769,0.8324067316405166,25,20,20
38,8072,0.03961126837956385,1.9109443145911005e-09,0.12798202730476219,0.8324067024047299,25,20,20
38,8073,0.03961126837974473,1.9111830179811282e-09,0.12824177358547084,0.8321469561236016,25,20,20
38,8074,0.03961126837974231,1.911183093291646e-09,0.12824114464131683,0.8321475850677577,25,20,20
38,8075,0.03961126837973912,1.9111831659654918e-09,0.1282410638852578,0.8321476658238198,25,20,20
38,8076,0.0396112683796936,1.911178801659095e-09,0.12824083043921414,0.8321478992699133,25,20,20
38,8077,0.05242587488834033,3.7388086319629683e-07,0.11542411607289413,0.8321496351579023,25,20,20
38,8078,0.052425874888340315,3.738808631209368e-07,0.11542407758522254,0.8321496736455739,25,20,20
38,8079,0.05242587489872126,3.738808674120645e-07,0.11542881529138448,0.8321449359290268,25,20,20
38,8080,0.05242587489854233,3.738808631961823e-07,0.11542416692780023,0.8321495842927941,25,20,20
38,8081,0.05242587489858467,3.738808674876295e-07,0.11542117879409161,0.8321525724264563,25,20,20
38,8082,0.05242587489858467,3.738808674876168e-07,0.11542770049602626,0.8321460507245216,25,20,20
38,8083,0.052425874888204535,3.738808631952378e-07,0.11542535505088862,0.8321483961800437,25,20,20
38,8084,0.05242587489079899,3.7388110771678946e-07,0.11542980251142718,0.8321439487166661,25,20,20
38,8085,0.052425874888204535,3.738808631192669e-07,0.11579838926385619,0.8317753619670762,25,20,20
38,8086,0.05240698290767377,3.7237104244684637e-07,0.11582526251071817,0.8317673822105658,25,20,20
38,8087,0.052406982907673774,3.723710424481441e-07,0.115825378406885,0.831767266314399,25,20,20
38,8088,0.05240698290767697,3.72371042450762e-07,0.11582541920978383,0.8317672255114971,25,20,20
38,8089,0.0524069827602647,3.7237104245101255e-07,0.11568211582692832,0.8319105290417649,25,20,20
38,8090,0.052406982612362506,3.723710339442087e-07,0.11567035419093166,0.8319222908256723,25,20,20
38,8091,0.05240698261235931,3.72371033867642e-07,0.11567027026112287,0.8319223747554844,25,20,20
38,8092,0.052406982612359376,3.72371038157516e-07,0.11567493717810873,0.8319177078384941,25,20,20
38,8093,0.0524069826123562,3.7237103815489813e-07,0.11568163040290899,0.831911014613697,25,20,20
38,8094,0.052406982612353,3.723710338619632e-07,0.11568143313332152,0.8319112118832921,25,20,20
38,8095,0.05240698261239784,3.723712783823439e-07,0.11568457618132726,0.8319080688349969,25,20,20
38,8096,0.05240698261239776,3.723712740924923e-07,0.1156799426238702,0.8319127023924584,25,20,20
38,8097,0.05240698261221685,3.723710312469286e-07,0.11554311193592386,0.8320495330808284,25,20,20
38,8098,0.05240698261222005,3.72371031172966e-07,0.11554320838769642,0.8320494366290525,25,20,20
38,8099,0.05240698261217773,3.7237127147576723e-07,0.1155462012971619,0.8320464437193891,25,20,20
38,8100,0.01593268245294275,3.735140467542076e-07,0.15202050009554596,0.8320464439374651,25,20,20
38,8101,0.004663728725719794,1.448065648742499e-09,0.1632916305323236,0.8320446392938915,25,20,20
38,8102,0.004663728725719809,1.4480656500634048e-09,0.16329174642864402,0.832044523397571,25,20,20
38,8103,0.0046637287257198234,1.4480699401883694e-09,0.16329383567641031,0.8320424341498004,25,20,20
38,8104,0.004663728725719824,1.4480699401782193e-09,0.16328734677406956,0.8320489230521412,25,20,20
38,8105,0.0046637287257166845,1.4480700154472221e-09,0.16328266437648753,0.8320536054497262,25,20,20
38,8106,0.00465134447639238,7.581388719564803e-09,0.1631986442719835,0.8321500036702364,25,20,20
38,8107,0.004651344478963712,7.58163106217549e-09,0.1635716680105778,0.8317769799288282,25,20,20
38,8108,0.0046513444789637115,7.581630913445837e-09,0.16344218589597767,0.8319064620434284,25,20,20
38,8109,0.0035960038082564045,7.662236760147274e-09,0.16449752647269325,0.8319064620568142,25,20,20
38,8110,0.0035960038082572033,7.662236760148076e-09,0.16449759997528055,0.8319063885542262,25,20,20
38,8111,0.003527658324467553,8.155619960209105e-09,0.16456594493261487,0.8319063885872993,25,20,20
38,8112,0.0035276583244675404,8.155620034180802e-09,0.16456585748427052,0.8319064760356434,25,20,20
38,8113,0.003527658324421954,8.15537114838317e-09,0.16456105338300764,0.8319112801372005,25,20,20
38,8114,0.0035276583244218556,8.155371156968951e-09,0.16446895579415266,0.8320033777260554,25,20,20
38,8115,0.007178863371425834,7.644124222142845e-09,0.16081775366085083,0.8320033753236001,25,20,20
38,8116,0.007178863960656546,7.658007678579133e-09,0.1609878938545837,0.8318332345267533,25,20,20
38,8117,0.007178863960656549,7.658007681219753e-09,0.16098789376804082,0.831833234613296,25,20,20
38,8118,0.007178863960656547,7.658007681219752e-09,0.1609880067097301,0.8318331216716065,25,20,20
38,8119,0.007178863960656569,7.657768978237914e-09,0.16072342172002232,0.8320977066615529,25,20,20
38,8120,0.007178863960659751,7.657768982176927e-09,0.16071831077866133,0.8321028176029105,25,20,20
38,8121,0.007178863960656557,7.657768905565245e-09,0.1607181703215474,0.8321029580600277,25,20,20
38,8122,0.007178863960656542,7.65776890296936e-09,0.1607180533839391,0.832103074997636,25,20,20
38,8123,0.0071788639606589315,7.671619271942044e-09,0.16098534827473437,0.831835780092988,25,20,20
38,8124,0.0071788639710357715,7.685564284217897e-09,0.16099197234439008,0.8318291559990104,25,20,20
38,8125,0.007178863971035814,7.685564359487328e-09,0.16099188559878758,0.8318292427446126,25,20,20
38,8126,0.04395515043156319,6.530300706039988e-09,0.12421560219409805,0.8318292408440382,25,20,20
38,8127,0.04395515043156318,6.530304997864421e-09,0.12384718793583699,0.832197655102295,25,20,20
38,8128,0.04395356723860638,6.507338630364618e-09,0.11678564975083101,0.8392607765032242,25,20,20
38,8129,0.04395356723860723,6.507338631708251e-09,0.1167856775833119,0.8392607486707422,25,20,20
38,8130,0.043953567238607175,6.507338556416634e-09,0.11678567281129958,0.8392607534427547,25,20,20
38,8131,0.04395356742882304,0.01545849783387079,0.10013056550298137,0.8404573692343247,25,20,20
38,8132,0.04395356742882231,0.015458497833870717,0.10012598151539363,0.8404619532219134,25,20,20
38,8133,0.043953567428822365,0.015458497833870719,0.10012598495938828,0.8404619497779185,25,20,20
38,8134,0.043953567428822365,0.015458497833870719,0.10012598440834018,0.8404619503289668,25,20,20
38,8135,0.043953567431417415,0.015458497834115372,0.10013327953596106,0.8404546551985064,25,20,20
38,8136,0.04395356743142061,0.015458497834115445,0.10013336109555697,0.8404545736389073,25,20,20
38,8137,0.04395356743142067,0.01545849783411552,0.10013806094986809,0.8404498737845961,25,20,20
38,8138,0.044024857637961004,0.015458497924680603,0.1000667706449309,0.8404498737924279,25,20,20
38,8139,0.04402485704872948,0.01545849791080144,0.09989443342647548,0.8406222116139941,25,20,20
38,8140,0.04402485705651488,0.015458497910561149,0.09989373836365692,0.8406229066692674,25,20,20
38,8141,0.04402485705651402,0.015458497910561073,0.09990019940371657,0.8406164456292088,25,20,20
38,8142,0.04402485705651402,0.01545849791056107,0.09989359467907105,0.8406230503538542,25,20,20
38,8143,0.04402485705910942,0.015458497910561147,0.09989120615841467,0.8406254388719151,25,20,20
38,8144,0.04402485705910942,0.015458497910561149,0.09989117079734645,0.8406254742329833,25,20,20
38,8145,0.043526447271652516,0.01545849768664853,0.100389580848819,0.8406254741928803,25,20,20
38,8146,0.04352644727165255,0.01545849768664853,0.10039599009774286,0.8406190649439561,25,20,20
38,8147,0.04352644785573771,0.015458542382979903,0.10065170599490351,0.840363303766379,25,20,20
38,8148,0.04352644785316638,0.01545854238273756,0.10027856978419904,0.8407364399798971,25,20,20
38,8149,0.04352644785321149,0.015458542382979897,0.10065228560769211,0.8403627241561167,25,20,20
38,8150,0.04352644785321229,0.015458542382979888,0.100744396392052,0.8402706133717559,25,20,20
38,8151,0.04511039149601359,0.015458634331989803,0.09914764512632504,0.8402833290456714,25,20,20
38,8152,0.0451103909119253,0.015458589621812348,0.09863108627815614,0.8407999331881061,25,20,20
38,8153,0.045110390912106973,0.015458589621812338,0.09871678230954307,0.8407142371565375,25,20,20
38,8154,0.045110390912110165,0.015458589621812416,0.09871686680484183,0.8407141526612355,25,20,20
38,8155,0.0451103909121133,0.015458589621812489,0.0987168688082929,0.840714150657781,25,20,20
38,8156,0.0451103909121101,0.015458589621808193,0.0987151221808821,0.8407158972851994,25,20,20
38,8157,0.045110390912110124,0.01545858962205279,0.09871995766679043,0.8407110617990464,25,20,20
38,8158,0.045110390912110124,0.01545858962205279,0.09872007013890044,0.8407109493269364,25,20,20
38,8159,0.0451078535753737,0.015458589623607275,0.0987225832959823,0.8407109735050365,25,20,20
38,8160,0.04510785357537369,0.015458589623602983,0.09872038219663568,0.8407131746043873,25,20,20
38,8161,0.04510785357537369,0.01545858962360306,0.09872698436896904,0.8407065724320539,25,20,20
38,8162,0.04510785357532864,0.015458589623360799,0.09835330334689699,0.8410802534544133,25,20,20
38,8163,0.04510785352449596,0.012579582485621488,0.10147312284972781,0.8408394411401545,25,20,20
38,8164,0.04511526523774537,0.01257949134364427,0.10147851781557432,0.8408267256030356,25,20,20
38,8165,0.04511526524812628,0.012579491343404041,0.1014784829546711,0.8408267604537981,25,20,20
38,8166,0.04244165093560125,0.01257949233862315,0.10415209634895392,0.840826760376822,25,20,20
38,8167,0.04244165093564658,0.01257949233861886,0.10427552984391944,0.8407033268818155,25,20,20
38,8168,0.042441650935647314,0.012579492338862614,0.1044049378376699,0.8405739188878205,25,20,20
38,8169,0.04244165093564727,0.01257949233886261,0.10440721451674223,0.8405716422087481,25,20,20
38,8170,0.0424416509356472,0.012579492338858394,0.1044072093281639,0.8405716473973306,25,20,20
38,8171,0.035731014669526114,0.0125931999376019,0.11110416112257944,0.840571624270293,25,20,20
38,8172,0.03573101466693073,0.0125931999376019,0.11110347136119485,0.8405723140342728,25,20,20
38,8173,0.03508549982301884,0.012593199594904372,0.11174885340554168,0.8405724471765358,25,20,20
38,8174,0.035085499823018784,0.012593199594904294,0.1117489381141127,0.8405723624679647,25,20,20
38,8175,0.03573155685685846,0.012593246945703893,0.11110295534697745,0.8405722408504608,25,20,20
38,8176,0.035731557004785544,0.012593246945704729,0.11097921541001622,0.840695980639494,25,20,20
38,8177,0.03573155700478556,0.012593246945704725,0.11097914152247036,0.8406960545270398,25,20,20
38,8178,0.035731557004782366,0.0125932469457089,0.11135216138122397,0.8403230346682853,25,20,20
38,8179,0.035731556856854536,0.012593246945464312,0.11134646099026677,0.8403287352074149,25,20,20
38,8180,0.03573155685708209,0.012593246959403542,0.11135869898901171,0.8403164971945032,25,20,20
38,8181,0.03573155685708529,0.012593246959403469,0.1113587030632142,0.8403164931202975,25,20,20
38,8182,0.03573155685708536,0.012593246959399219,0.1109872214377396,0.8406879747457764,25,20,20
38,8183,0.002640240632018624,0.012579539268541069,0.14409224641109278,0.8406879736883478,25,20,20
38,8184,0.0026402406320186643,0.012579539268540997,0.14409216676508343,0.8406880533343574,25,20,20
38,8185,0.0026402406320186634,0.01257953926854092,0.1440855625863824,0.8406946575130584,25,20,20
38,8186,0.0017924010910552932,0.012579753427370671,0.14493316997838654,0.8406946755031884,25,20,20
38,8187,0.001792401091056092,0.012579753427370674,0.1449333979918281,0.8406944474897461,25,20,20
38,8188,0.0017665507936225392,0.012579706392165902,0.14494694789415588,0.8407067949200565,25,20,20
38,8189,0.0017665507936225533,0.012579706392170266,0.1449516498482179,0.8407020929659902,25,20,20
38,8190,0.0016376828999740765,0.012579519844196823,0.14508071988796784,0.8407020773678622,25,20,20
38,8191,0.003546741774826484,0.012579491242317243,0.14317162593777089,0.8407021410450862,25,20,20
38,8192,0.003546741774829623,0.012579491242321456,0.14317621421730573,0.840697552765544,25,20,20
38,8193,0.0035467417748295655,0.012579491242321455,0.14317463192366925,0.8406991350591804,25,20,20
38,8194,0.003546741774787374,0.012579491242325746,0.143046254993489,0.8408275119893984,25,20,20
38,8195,0.0035467417644069067,0.012579491242321383,0.14303961696494275,0.8408341500283296,25,20,20
38,8196,0.00354674175402599,0.012579491242317019,0.14304142335209355,0.8408323436515641,25,20,20
38,8197,0.0035467417537991793,0.012579491228377862,0.14302918689287208,0.8408445801249514,25,20,20
38,8198,0.003546741753799235,0.012579491228377789,0.14302924037141104,0.8408445266464126,25,20,20
38,8199,0.0035467417539805585,0.012579491228377794,0.14294163710407295,0.8409321299135694,25,20,20
38,8200,0.0035467417539804874,0.012579491228377643,0.1429401299707857,0.8409336370468568,25,20,20
38,8201,0.007071863549750075,0.012579491228372314,0.1394150059579485,0.8409336392639299,25,20,20
38,8202,0.007071863549750075,0.012579491228372389,0.1394150818837986,0.8409335633380799,25,20,20
38,8203,0.007071863549750075,0.01257949122837239,0.1394129162302958,0.8409357289915828,25,20,20
38,8204,0.007071863549750062,0.01257949122837239,0.13940631121577102,0.8409423340061076,25,20,20
38,8205,0.007071863549567954,0.012579491228368173,0.13977471029536204,0.8405739349267028,25,20,20
38,8206,0.0070718635495680094,0.01257949122836825,0.1397747117128631,0.8405739335092016,25,20,20
38,8207,0.007071863549567953,0.01257949122836825,0.1397747102618502,0.8405739349602146,25,20,20
38,8208,0.007071863549567154,0.012579491228368099,0.13977462775272648,0.8405740174693392,25,20,20
38,8209,0.00707186354961267,0.012579491228608401,0.13977476075020054,0.8405738844715794,25,20,20
38,8210,0.00707186354961263,0.012579491228850744,0.14014787979755444,0.8402007654239831,25,20,20
38,8211,0.007071863559994734,0.012579491228859326,0.14014815753910356,0.8402004876720433,25,20,20
38,8212,0.007071863560176861,0.012579491228863617,0.1401546835699211,0.8401939616410392,25,20,20
38,8213,0.007071863549796824,0.012579491214918602,0.14014643838701876,0.8402022068482666,25,20,20
38,8214,0.007071863549797627,0.012579491214674008,0.1401439250680353,0.8402047201674939,25,20,20
38,8215,0.007071863549615905,0.01257949121467402,0.1400563266802534,0.8402923185554573,25,20,20
38,8216,0.007071863549615905,0.012579491214674093,0.14005849034807125,0.8402901548876394,25,20,20
38,8217,0.0070718635494338355,0.012579491214669801,0.14005196574549342,0.8402966794904035,25,20,20
38,8218,0.007071863549390696,0.012579491214669874,0.14005624889954663,0.8402923963363933,25,20,20
38,8219,0.026464942595792615,0.012579491427297163,0.1206630602757262,0.8402925057011846,25,20,20
38,8220,0.02646494259579224,0.012579491427272492,0.1253171857678294,0.8356383802091062,25,20,20
38,8221,0.024897685056678047,0.01257949112944829,0.12689680031331277,0.8356260235005613,25,20,20
38,8222,0.024897685056678033,0.012579491129448365,0.1268968756281843,0.8356259481856896,25,20,20
38,8223,0.024897685056678075,0.012579491129448292,0.12652847527230987,0.835994348541564,25,20,20
38,8224,0.02489768505667802,0.012579491129448369,0.12653499755752023,0.8359878262563537,25,20,20
38,8225,0.024897770121471197,0.021210798665847838,0.11895579707416562,0.8349356341385166,25,20,20
38,8226,0.024897770131824613,0.021210799458427524,0.11439686462707689,0.8394945657826713,25,20,20
38,8227,0.024897770656489886,0.02121079945864433,0.11892696979331399,0.8349644600915531,25,20,20
38,8228,0.0248977706564899,0.02121079945864441,0.11892708903901707,0.8349643408458498,25,20,20
38,8229,0.024897770656486705,0.021210799458640118,0.11892238686987108,0.8349690430150032,25,20,20
38,8230,0.024897770194327644,0.021210799458449076,0.15016074254318482,0.8037306878040392,25,20,20
38,8231,0.024897684965506168,1.4382878573887697e-05,0.1713572535617565,0.8037306785941638,25,20,20
38,8232,0.02489768496550624,1.4382878578179334e-05,0.1713574488192185,0.8037304833366973,25,20,20
38,8233,0.024897684965503042,1.4382878578104066e-05,0.171358985771073,0.803728946384846,25,20,20
38,8234,0.02489768497581203,1.4383668000919295e-05,0.17162698217533098,0.803460949180856,25,20,20
38,8235,0.023048522927539672,1.4409368094065603e-05,0.17347618451933972,0.8034608831850256,25,20,20
38,8236,0.023048522927585132,1.4409368094139054e-05,0.17348073528714025,0.8034563324171797,25,20,20
38,8237,0.023048522927585174,1.4409368094066379e-05,0.17348532287480392,0.8034517448295161,25,20,20
38,8238,0.02304852292758512,1.4409368093989815e-05,0.17348536139653742,0.8034517063077828,25,20,20
38,8239,0.052223270303220465,1.4408935456352955e-05,0.14431059913418373,0.8034517216271404,25,20,20
38,8240,0.05222327030322052,1.4408935456426896e-05,0.14431529899876996,0.803447021762554,25,20,20
38,8241,0.08005162293051217,1.4397677971239317e-05,0.11647924566676691,0.8034547337247503,25,20,20
38,8242,0.08005162293051217,1.4397677971162757e-05,0.11647697011268181,0.8034570092788355,25,20,20
38,8243,0.0906276581779349,1.4397610568307596e-05,0.10590095263507783,0.8034569915764196,25,20,20
38,8244,0.0906276581779368,1.4397610774707635e-05,0.11215078668263542,0.7972071575286538,25,20,20
38,8245,0.10272044245635689,1.4383163827419849e-05,0.10006572888695536,0.7971994454928609,25,20,20
38,8246,0.10272044244604477,1.4382374404574901e-05,0.10006240269073001,0.7972027724888214,25,20,20
38,8247,0.1029639400956672,1.4382374401726111e-05,0.09981890504136852,0.7972027724885632,25,20,20
38,8248,0.1029639400956672,1.4382374401726111e-05,0.09981728559184272,0.797204391938089,25,20,20
38,8249,0.1029758001630893,3.0315728408784902e-05,0.10401442498700547,0.7929794591214968,25,20,20
38,8250,0.1029758001527072,3.0315728400204245e-05,0.10401414866802274,0.7929797354508703,25,20,20
38,8251,0.10297580016308297,3.0315742583969965e-05,0.10401989935211285,0.7929739847422208,25,20,20
38,8252,0.10297580016308297,3.0315742584045236e-05,0.10402001171295085,0.7929738723813827,25,20,20
38,8253,0.10297580016308291,3.031574257978347e-05,0.10375379288144532,0.793240091212893,25,20,20
38,8254,0.10297580015272985,3.0314949784535628e-05,0.10366046354092577,0.7933334213565605,25,20,20
38,8255,0.10297580015272985,3.031494978446083e-05,0.10365623018227658,0.7933376547152098,25,20,20
38,8256,0.10297580015277535,3.031494978882512e-05,0.1036564254638515,0.7933374594335849,25,20,20
38,8257,0.10297580015295757,3.031494978468453e-05,0.10365188715454757,0.7933419977427109,25,20,20
38,8258,0.10297580015295757,3.0314949784607985e-05,0.10365199647286236,0.793341888424396,25,20,20
38,8259,0.10269663538921511,3.0314949782509515e-05,0.10393116123714942,0.7933418884238536,25,20,20
38,8260,0.10269663538921511,3.0314949782509563e-05,0.10393115868847001,0.7933418909725328,25,20,20
38,8261,0.10269663553713468,3.0314949820769892e-05,0.09768754680043808,0.7995855027126069,25,20,20
38,8262,0.1026966355371347,3.0314949820771213e-05,0.09768971050483996,0.7995833390082051,25,20,20
38,8263,0.10269663538921242,3.031494957610823e-05,0.09768334021538787,0.7995897094458241,25,20,20
38,8264,0.1052871730257422,1.4381926853518682e-05,0.07844505523455866,0.8162533898128456,25,20,20
38,8265,0.10268477583845652,1.4381595547486574e-05,0.05923854204776692,0.8380623005182293,25,20,20
38,8266,0.10268477525928413,1.4381595543214016e-05,0.05771124969460921,0.8395895934505637,25,20,20
38,8267,0.10268477525928416,1.4381595300947954e-05,0.05733824314169774,0.8399626000037174,25,20,20
38,8268,0.10268477525928416,1.4381595300947932e-05,0.05733824313159935,0.8399626000138157,25,20,20
38,8269,0.10268477525928096,1.4381595296656528e-05,0.05733587122867134,0.8399649719167512,25,20,20
38,8270,0.10268477525928098,1.4381595296731797e-05,0.05733595369665884,0.8399648894487636,25,20,20
38,8271,0.10268477525928096,1.438159529673307e-05,0.05733572513264082,0.8399651180127817,25,20,20
38,8272,0.10268477525928495,1.4382383527378568e-05,0.057665485573975016,0.8396353567832129,25,20,20
38,8273,0.10268477525928495,1.4382383527379867e-05,0.05766556532013513,0.8396352770370528,25,20,20
38,8274,0.10199505908075195,1.4401610266269984e-05,0.05835021727601462,0.8396403220329673,25,20,20
38,8275,0.10200574284747431,2.465950009533095e-08,0.05835391046089652,0.8396403220321289,25,20,20
38,8276,0.10200574284742879,2.4659495805502464e-08,0.05835386426097666,0.8396403682320985,25,20,20
38,8277,0.10200574284742879,2.465949588079369e-08,0.05835389765619065,0.8396403348368845,25,20,20
38,8278,0.10200574284742878,2.4659495879495616e-08,0.05835162008837327,0.8396426124047018,25,20,20
38,8279,0.10200574284742878,2.4659495878175515e-08,0.05835162210020843,0.8396426103928667,25,20,20
38,8280,0.11901774146419124,2.4446868567892728e-08,0.041339735279400845,0.8396424988095389,25,20,20
38,8281,0.11901774146419124,2.4446868570488613e-08,0.04133973537029921,0.8396424987186406,25,20,20
38,8282,0.11901774146419124,2.4446868570465445e-08,0.04133958096150035,0.8396426531274395,25,20,20
38,8283,0.1190070578284316,0.010720248121621305,0.030630041290419373,0.8396426527595275,25,20,20
38,8284,0.11900705783881145,0.010720248121865873,0.0306385068841387,0.8396341871551837,25,20,20
38,8285,0.083159933015846,0.010720308093603612,0.0664772786234627,0.8396424802670872,25,20,20
38,8286,0.08315993301584919,0.010720308093603687,0.06648186570195189,0.8396378931885947,25,20,20
38,8287,0.08315993301584919,0.010720308093607902,0.06648835633253979,0.8396314025580025,25,20,20
38,8288,0.08315993301584919,0.010720308093612192,0.06648385010062269,0.8396359087899152,25,20,20
38,8289,0.08315993301603132,0.01072030809361641,0.06648849991593066,0.8396312589744211,25,20,20
38,8290,0.08315993301585,0.010720308093612194,0.06648388494656368,0.8396358739439737,25,20,20
38,8291,0.08315993301585006,0.010720308093612194,0.06675023309904123,0.839369525791496,25,20,20
38,8292,0.08315993301584608,0.010720307305381547,0.06642036015249739,0.8396993995262744,25,20,20
38,8293,0.08290937046334285,0.010720307305437573,0.06667092227457407,0.839699399956645,25,20,20
38,8294,0.08290937060990233,0.01072030730544175,0.0670448507013924,0.8393254713832632,25,20,20
38,8295,0.08290937046333971,0.010720307305437495,0.06667563605311362,0.8396946861781087,25,20,20
38,8296,0.08290937046333652,0.010720307305437493,0.06667551811770435,0.8396948041135214,25,20,20
38,8297,0.08290937046336616,0.010720307305596678,0.08064539602057014,0.8257249262104672,25,20,20
38,8298,0.08290937046332068,0.010720307305592387,0.08064528028807441,0.8257250419430125,25,20,20
38,8299,0.08290937046332063,0.010720307305592387,0.08064523670279555,0.8257250855282915,25,20,20
38,8300,0.08290937046336364,0.010720307317901405,0.0853342160189749,0.8210361061997604,25,20,20
38,8301,0.08290937046318143,0.010720307317901256,0.08533405219909213,0.8210362700198256,25,20,20
38,8302,0.08290937046322693,0.010720307317905617,0.08532958616616595,0.8210407360527016,25,20,20
38,8303,0.08290937046342003,0.010720307318116738,0.091402880396235,0.8149674418222282,25,20,20
38,8304,0.08290937046322694,0.010720307317905617,0.08532961319552987,0.8210407090233377,25,20,20
38,8305,0.08290937046318712,0.01072030730584118,0.08064722398599823,0.8257230982449737,25,20,20
38,8306,0.08290937046318392,0.010720307305845398,0.0806491269535875,0.8257211952773834,25,20,20
38,8307,0.08290937046318392,0.010720307305845398,0.08065553619404613,0.8257147860369247,25,20,20
38,8308,0.08290937046315516,0.010720307319586155,0.06681088567271354,0.8395594365445449,25,20,20
38,8309,0.08290937046315515,0.010720307319586153,0.0668108577204539,0.8395594644968045,25,20,20
38,8310,0.08290937046315515,0.01072030731958608,0.06681081845183617,0.8395595037654223,25,20,20
38,8311,0.08290937046315427,0.010720307305686207,0.06668570425813398,0.8396846179730253,25,20,20
38,8312,0.08290937046315433,0.010720307305686207,0.06668586734051533,0.8396844548906438,25,20,20
38,8313,0.08290937046315427,0.010720307305686207,0.06641954822332283,0.8399507740078365,25,20,20
38,8314,0.08290937046315422,0.010720307305681916,0.06641294174011005,0.8399573804910535,25,20,20
38,8315,0.07877087745888484,0.01072027009586056,0.07055965654367341,0.8399491959015809,25,20,20
38,8316,0.07877087745888561,0.010720270096100864,0.0705578855475995,0.8399509668974138,25,20,20
38,8317,0.07877087745888561,0.010720270096100791,0.07055777165868529,0.8399510807863279,25,20,20
38,8318,0.07877087745906776,0.010720270096105005,0.07055326805095614,0.8399555843938706,25,20,20
38,8319,0.07877087745906776,0.010720270096105005,0.07055326805095619,0.8399555843938706,25,20,20
38,8320,0.07877087745906457,0.010720270095860346,0.0705466454669857,0.839962206978089,25,20,20
38,8321,0.06852668834465042,0.010720273853647782,0.08073269262669813,0.8400203451750038,25,20,20
38,8322,0.06852668834446829,0.01072027385364349,0.08073249498704112,0.8400205428148473,25,20,20
38,8323,0.06852668834446823,0.010720273853643414,0.08072779312500038,0.840025244676888,25,20,20
38,8324,0.06852668834446816,0.010720273853643414,0.08072299541665204,0.8400300423852365,25,20,20
38,8325,0.06852668834446823,0.010720273853647704,0.08072319065135858,0.8400298471505253,25,20,20
38,8326,0.06852519292376864,0.010721407580612545,0.08072365916992987,0.8400297403256887,25,20,20
38,8327,0.06947088719744059,0.010721388366622698,0.07978302898676413,0.8400246954491724,25,20,20
38,8328,0.0694708877878519,0.010721388366627053,0.07987581635114718,0.8399319074943734,25,20,20
38,8329,0.06947088778785193,0.010721388366627053,0.07988242135552986,0.8399253024899909,25,20,20
38,8330,0.1091646550484639,0.010720231877854982,0.040189812281283974,0.8399253007923971,25,20,20
38,8331,0.10916465503808714,0.010720231877614627,0.040182855776634926,0.8399322573076631,25,20,20
38,8332,0.10916465503808713,0.010720231877614627,0.04017636319940026,0.8399387498848978,25,20,20
38,8333,0.1091646550380903,0.01072023189142779,0.040550430084538035,0.8395646829859438,25,20,20
38,8334,0.1091646550380903,0.01072023189142779,0.0405504301279124,0.8395646829425695,25,20,20
38,8335,0.10916465503809109,0.010720231891427791,0.04055703715191397,0.8395580759185672,25,20,20
38,8336,0.10916465503804557,0.0107202318914235,0.04055691556205624,0.8395581975084748,25,20,20
38,8337,0.10916465503804561,0.010720231891423501,0.0405569187354069,0.8395581943351239,25,20,20
38,8338,0.10916465503804561,0.01072023189142365,0.0409300203326866,0.8391850927378441,25,20,20
38,8339,0.10916465503804561,0.010720231891423576,0.04092990447048337,0.8391852086000473,25,20,20
38,8340,0.1091646544476343,0.01072023189141922,0.04083723300242185,0.8392778806585245,25,20,20
38,8341,0.1091646544476343,0.01072023189141922,0.04083723383858193,0.8392778798223641,25,20,20
38,8342,0.10916465444763426,0.01072023189141922,0.04084383767749879,0.8392712759834473,25,20,20
38,8343,0.10916465444781641,0.010720231891419296,0.04084384390301054,0.8392712697577532,25,20,20
38,8344,0.10916465444786189,0.010720231891419298,0.04084601351024263,0.8392691001504757,25,20,20
38,8345,0.10916465444781644,0.010720231891419359,0.040973176222900934,0.8391419374378628,25,20,20
38,8346,0.10916465444781648,0.010720231891419357,0.0409731756375214,0.8391419380232423,25,20,20
38,8347,0.1091646544581982,0.010720231891664024,0.040978010815607833,0.8391371028345295,25,20,20
38,8348,0.10916465445819906,0.010720231891668241,0.04097809221877927,0.8391370214313529,25,20,20
38,8349,0.07320200245581385,0.010720344186050456,0.07358163970175698,0.842496013656378,25,20,20
38,8350,0.06945861776496523,0.010720231906918913,0.0806841247226123,0.8391370256055032,25,20,20
38,8351,0.06945861776496523,0.010720231906918763,0.08031102371099796,0.8395101266171175,25,20,20
38,8352,0.06900164790634233,0.010720231894169714,0.08076799370175915,0.8395101264977285,25,20,20
38,8353,0.06900164790649602,0.010720231894376177,0.08701145147992755,0.8332666687192,25,20,20
38,8354,0.06900164790649602,0.010720231894376254,0.08701140884007583,0.8332667113590516,25,20,20
38,8355,0.06900164790649516,0.01072023189437196,0.0870112141669333,0.8332669060321993,25,20,20
38,8356,0.069001647906313,0.010720231894371884,0.0870112064154594,0.8332669137838556,25,20,20
38,8357,0.06900164888584873,0.01325359242521893,0.08447784490650154,0.8332669137824305,25,20,20
38,8358,0.06900164887547296,0.01325359241103938,0.08447209537376853,0.8332726633397185,25,20,20
38,8359,0.06900164887546978,0.013253592397226288,0.08409794307716406,0.8336468156501392,25,20,20
38,8360,0.06900164887571016,0.013253596317411664,0.12063661476969686,0.797108140037181,25,20,20
38,8361,0.06900164887571009,0.01325359631740731,0.12050708520534537,0.7972376696015369,25,20,20
38,8362,0.06900164887570928,0.013253596317407235,0.12051166912735316,0.79723308567953,25,20,20
38,8363,0.06900164887571247,0.0132535963174116,0.12051827565099757,0.7972264791558779,25,20,20
38,8364,0.06900164888607051,0.013253596317411598,0.12061093437222878,0.7971338204242886,25,20,20
38,8365,0.07760180221999957,0.013253592906121103,0.11206891658920559,0.7970756882846736,25,20,20
38,8366,0.07760180222003794,0.013253592917886152,0.11831848895484846,0.7908261159072272,25,20,20
38,8367,0.07772036137495668,0.013253593762603393,0.11819969946730399,0.7908263453951361,25,20,20
38,8368,0.07772036137495668,0.013253593762603471,0.11820630282779654,0.7908197420346434,25,20,20
38,8369,0.07772036137495668,0.013253593762848062,0.11821102337785551,0.7908150214843397,25,20,20
38,8370,0.07772036137495748,0.013253593763092748,0.11821338248490211,0.7908126623770477,25,20,20
38,8371,0.07772036137495748,0.013253593763092675,0.11821335546922074,0.790812689392729,25,20,20
38,8372,0.0777203613646245,0.013253593762852296,0.11821516342471773,0.7908108814478054,25,20,20
38,8373,0.0777203613646245,0.013253593762852291,0.11821512221815961,0.7908109226543634,25,20,20
38,8374,0.07772036292416253,2.3813438023905227e-05,0.13144490097276218,0.7908109226650514,25,20,20
38,8375,0.07772036292416253,2.3813438023905894e-05,0.13143849172400227,0.7908173319138113,25,20,20
38,8376,0.06242461853011681,2.3813509385484575e-05,0.14673108773411142,0.7908204802263861,25,20,20
38,8377,0.06242461853011681,2.3813509140964893e-05,0.14672636813542814,0.7908251998253139,25,20,20
38,8378,0.06242461853011688,2.3813509140926194e-05,0.14709927478866874,0.7904522931720731,25,20,20
38,8379,0.07920552351190764,2.3818133400928255e-05,0.13032149595058418,0.7904491624041069,25,20,20
38,8380,0.07920552351190771,2.3818133400930894e-05,0.1303215783990553,0.7904490799556356,25,20,20
38,8381,0.07920552351191085,2.381813340097077e-05,0.12995009950529368,0.7908205588493942,25,20,20
38,8382,0.07920552351191076,2.3818133400969444e-05,0.12995662183030854,0.7908140365243794,25,20,20
38,8383,0.0792055235119552,2.381814725141189e-05,0.1302174642565693,0.7905531940842238,25,20,20
38,8384,0.08077385416985282,1.0660924697688198e-08,0.12867294102781932,0.790553194141403,25,20,20
38,8385,0.08077388779506568,1.0661168623857139e-08,0.12869411264014483,0.7905319889036206,25,20,20
38,8386,0.08077388779506568,1.0661172914151577e-08,0.12868960806255372,0.7905364934812076,25,20,20
38,8387,0.08077388779506568,1.0661172838872765e-08,0.12868308435556375,0.7905430171881975,25,20,20
38,8388,0.08077388779502727,1.0649407787958556e-08,0.12243359998672791,0.7967925015688369,25,20,20
38,8389,0.051900123752404,3.0079624755320896e-07,0.15130707320219583,0.7967925022491522,25,20,20
38,8390,0.0519001237524008,3.0079624326174824e-07,0.15130545125658104,0.7967941241947746,25,20,20
38,8391,0.0133441624546884,3.0128662646854444e-07,0.18986141202292564,0.7967941242357588,25,20,20
38,8392,0.01334416245469238,3.0128687097809276e-07,0.18986800118016134,0.7967875350782745,25,20,20
38,8393,0.018171517808948653,3.3570695541257477e-07,0.18503126038186068,0.7967968861022352,25,20,20
38,8394,0.018171517808948653,3.3570695541125387e-07,0.18503125732396528,0.7967968891601306,25,20,20
38,8395,0.018171517808948653,3.357069554112762e-07,0.18503129068349403,0.7967968558006018,25,20,20
38,8396,0.018171517819199977,3.3648133561537016e-07,0.18509371615756712,0.7967344295418972,25,20,20
38,8397,0.017225393156325708,3.3599975282830197e-07,0.18603983895142753,0.7967344318924939,25,20,20
38,8398,0.017225393156504655,3.3599974861265695e-07,0.1860333931659903,0.7967408776777565,25,20,20
38,8399,0.040775475463788506,3.359909493293516e-07,0.16248331325878698,0.7967408752864751,25,20,20
38,8400,0.04077547546378771,3.3599070464530214e-07,0.16248565338130735,0.7967385351642001,25,20,20
38,8401,0.040775475463787764,3.3599094764093964e-07,0.1627520058881418,0.7964721826571225,25,20,20
38,8402,0.040775475463787764,3.3599094335064534e-07,0.16275181065184013,0.7964723778934285,25,20,20
38,8403,0.05101452643790541,3.3607003416997085e-07,0.15251273882775931,0.796472398664301,25,20,20
38,8404,0.049475901519300196,3.352883784514073e-07,0.15405136452262713,0.7964723986696945,25,20,20
38,8405,0.04947592064600614,3.318188264144069e-07,0.15750569016516278,0.7930180573700051,25,20,20
38,8406,0.04947592064600616,3.318188264144752e-07,0.15750591817813253,0.7930178293570351,25,20,20
38,8407,0.04947592064600296,3.3181882212301367e-07,0.15750429517207665,0.7930194523630985,25,20,20
38,8408,0.07825745590286443,3.6982740157767024e-08,0.1287230794333401,0.7930194276810554,25,20,20
38,8409,0.07825745590286448,3.6982984752673427e-08,0.1287276843575958,0.793014822756555,25,20,20
38,8410,0.055403570566232865,3.663279826707114e-08,0.1515815700494598,0.793014822751509,25,20,20
38,8411,0.04933380197832473,2.00392165331786e-07,0.1551171316396076,0.7955488659899025,25,20,20
38,8412,0.04930411144215911,2.0040639980115144e-07,0.15514682223360265,0.7955488659178387,25,20,20
38,8413,0.04930411143186261,1.9961816915590683e-07,0.15481695072926469,0.7958787382207038,25,20,20
38,8414,0.044362368196709766,1.6433801715412242e-07,0.1597683098176485,0.7958691576476243,25,20,20
38,8415,0.044362368196661034,1.643380128619023e-07,0.15976170521491004,0.7958757622504159,25,20,20
38,8416,0.04436236819684316,1.6433801722876248e-07,0.15976186336915213,0.7958756040959872,25,20,20
38,8417,0.04436236819684316,1.643380172300599e-07,0.15976656316485116,0.7958709043002883,25,20,20
38,8418,0.04436236819684323,1.6435195653145922e-07,0.1597741829103126,0.7958632845408874,25,20,20
38,8419,0.04436236819684323,1.6435195653143688e-07,0.15977418294499937,0.7958632845062006,25,20,20
38,8420,0.04436236819684316,1.643380172274424e-07,0.1597684684179739,0.7958689990471655,25,20,20
38,8421,0.044474801014199726,1.643676702094821e-07,0.15965603954001234,0.7958689950781174,25,20,20
38,8422,0.044474801014202925,1.643676702095045e-07,0.15966615820681565,0.7958588764113108,25,20,20
38,8423,0.04447480101420606,1.6436767020820716e-07,0.15966623795839366,0.7958587966597298,25,20,20
38,8424,0.044474801014069455,1.6436767020820692e-07,0.15966630925006747,0.7958587253681926,25,20,20
38,8425,0.016756976352961066,1.0493768926190777e-09,0.18991822231527938,0.793324800282382,25,20,20
38,8426,0.01675697635291553,1.0493767433787194e-09,0.1899179922828527,0.7933250303148544,25,20,20
38,8427,0.016756976352911537,1.0491321598590635e-09,0.18991789200177966,0.7933251305961759,25,20,20
38,8428,0.01675697636324392,1.0491320673873372e-09,0.19009081733456873,0.793152205253055,25,20,20
38,8429,0.01675697636324078,1.0491363603052947e-09,0.1900807591135029,0.7931622634741196,25,20,20
38,8430,0.016756942727669824,1.0488923590213947e-09,0.189966888711719,0.7932761675117186,25,20,20
38,8431,0.016756942727666684,1.0488966207833603e-09,0.19023313880652698,0.7930099174169095,25,20,20
38,8432,0.016756942727667538,1.049141198472219e-09,0.19023419244502918,0.7930088637781618,25,20,20
38,8433,0.01675694272785006,1.0491411886045032e-09,0.19032635830514344,0.792916697917865,25,20,20
38,8434,0.01675694272766792,1.0491368969896172e-09,0.190326275465596,0.7929167807575989,25,20,20
38,8435,0.016756942727713452,1.0493815810526564e-09,0.1903286365555711,0.7929144196673336,25,20,20
38,8436,0.016756942727713508,1.0493816550379163e-09,0.1903332239483272,0.7929098322745773,25,20,20
38,8437,0.016756942727713452,1.0493773932763525e-09,0.19006689269169855,0.7931761635312102,25,20,20
38,8438,0.016765257517500336,8.405657746055608e-10,0.19006555745115927,0.7931691841907739,25,20,20
38,8439,0.016765257517500336,8.405657746055684e-10,0.1900589530228672,0.7931757886190658,25,20,20
38,8440,0.01676525751750035,8.4056577590411e-10,0.19005895311379736,0.7931757885281356,25,20,20
38,8441,0.016765257517500295,8.40565700621118e-10,0.19005433371828925,0.793180407923644,25,20,20
38,8442,0.029849556447931826,1.0002687684531089e-05,0.17695916729540243,0.7931812735689809,25,20,20
38,8443,0.06972929521160696,1.0002659615720082e-05,0.13707942870356438,0.7931812734252126,25,20,20
38,8444,0.06972929521178853,1.0002673273253294e-05,0.1371935612326884,0.7930671408822496,25,20,20
38,8445,0.10956596135116033,1.0002703007447005e-05,0.09735551779427107,0.7930685181515611,25,20,20
38,8446,0.10956596135115954,1.0002702767159635e-05,0.09734805662674395,0.7930759793193293,25,20,20
38,8447,0.10956596135119118,1.0002702564988332e-05,0.09110274614194919,0.7993212898042947,25,20,20
38,8448,0.10956596135119118,1.0002702564988334e-05,0.09110277953616491,0.799321256410079,25,20,20
38,8449,0.10956596135122411,1.000327762478415e-05,0.10216124672160348,0.7882627886495475,25,20,20
38,8450,0.10956752675264057,1.2105662674289325e-05,0.10959095419433482,0.7808294133903501,25,20,20
38,8451,0.10928122537713683,1.210539277669422e-05,0.10987863424647756,0.7808280349836088,25,20,20
38,8452,0.10928122537713604,1.2105392532173217e-05,0.1098739146119636,0.7808327546183681,25,20,20
38,8453,0.10928122537713604,1.210539253217581e-05,0.10987402906117513,0.7808326401691567,25,20,20
38,8454,0.10928122537713607,1.2105392532251129e-05,0.10987406961970865,0.780832599610623,25,20,20
38,8455,0.10979574064330681,1.2105122310319587e-05,0.10935969116638639,0.7808324630679967,25,20,20
38,8456,0.10979574064330684,1.210512231459576e-05,0.10948906570264003,0.7807030885317389,25,20,20
38,8457,0.10979574064330684,1.2105122314671028e-05,0.10948906628950111,0.7807030879448777,25,20,20
38,8458,0.10979574064330679,1.2105122310380713e-05,0.10948887106152666,0.7807032831728565,25,20,20
38,8459,0.10979417524189117,1.000273726516778e-05,0.10206580036903126,0.7881300216518128,25,20,20
38,8460,0.10979417524186863,1.0002737503889639e-05,0.10215262852819944,0.7880431934924285,25,20,20
38,8461,0.1097941752418687,1.0002737503890974e-05,0.10215721577245365,0.7880386062481741,25,20,20
38,8462,0.12006526333709971,8.892062790123991e-10,0.09189699518143281,0.7880377405922616,25,20,20
38,8463,0.12006526333710282,8.892019275473865e-10,0.09177226390173303,0.7881624718719625,25,20,20
38,8464,0.11982315322472589,8.892474413545233e-10,0.09201437402144017,0.788162471864587,25,20,20
38,8465,0.11982315322472639,8.755941876867669e-10,0.09190211222262189,0.7882747336770579,25,20,20
38,8466,0.11982315321441334,8.753511934373556e-10,0.09163575421677006,0.7885410916934658,25,20,20
38,8467,0.11982315321441334,8.753511921398415e-10,0.09162914945338241,0.7885476964568535,25,20,20
38,8468,0.11982315321441649,8.755915515646653e-10,0.09163016842264485,0.7885466774873475,25,20,20
38,8469,0.11935092283355182,1.1386898650779616e-09,0.09210226271068267,0.7885468133170761,25,20,20
38,8470,0.11935092283355188,1.1386941554169722e-09,0.09210245794560568,0.7885466180821488,25,20,20
38,8471,0.11935092283355188,1.138698445045154e-09,0.09210906242191015,0.7885400136058399,25,20,20
38,8472,0.15335764396349422,6.257265446115542e-10,0.05810248001569192,0.7885398753950872,25,20,20
38,8473,0.1533576439633089,6.257223261599042e-10,0.05809776618064384,0.7885445892303248,25,20,20
38,8474,0.15335764396331208,6.257266078895516e-10,0.058190066561069675,0.7884522888498915,25,20,20
38,8475,0.15335764396331203,6.254836122744439e-10,0.05792379509505392,0.7887185603161505,25,20,20
38,8476,0.15335764396331195,6.254835369907856e-10,0.05791920642347399,0.7887231489877305,25,20,20
38,8477,0.15335764396331203,6.392966990109285e-10,0.05829338573566094,0.7883489696617303,25,20,20
38,8478,0.15335764396331203,6.392924846509591e-10,0.05828682121231033,0.7883555341850852,25,20,20
38,8479,0.15335764396331197,6.254793212883444e-10,0.05791264245117154,0.7887297129600372,25,20,20
38,8480,0.15916865545726788,5.878079012166231e-09,0.052101577330436334,0.7887297613342169,25,20,20
38,8481,0.15916865545726797,5.878083302483444e-09,0.05209707276166662,0.7887342659029823,25,20,20
38,8482,0.15916865545726797,5.878083227192217e-09,0.052096956899640195,0.7887343817650085,25,20,20
38,8483,0.15916865545726877,5.878083377774801e-09,0.05209703943328079,0.7887342992313671,25,20,20
38,8484,0.15916865545726877,5.87808330250588e-09,0.052096956379607276,0.7887343822850407,25,20,20
38,8485,0.15579558881401998,5.87789173863422e-09,0.05547002303121465,0.7887343822768735,25,20,20
38,8486,0.15579558881401998,5.8778917346378275e-09,0.055507255859518,0.7886971494485703,25,20,20
38,8487,0.15579558881401998,5.877891732042363e-09,0.05550722244102688,0.7886971828670614,25,20,20
38,8488,0.155933789853955,6.252223717082233e-10,0.05536907502779223,0.7886971344930304,25,20,20
38,8489,0.15593378985377288,6.249735724807342e-10,0.05536245185515673,0.7887037576660966,25,20,20
38,8490,0.15593378997524893,6.249770220942107e-10,0.06252899385777629,0.7815372155419975,25,20,20
38,8491,0.14972949740456903,1.7899197168824185e-08,0.06873094233699001,0.7815395423592435,25,20,20
38,8492,0.1497294974045691,1.7899197319337476e-08,0.06873754712159884,0.7815329375746345,25,20,20
38,8493,0.1497294974045699,1.7899197393064786e-08,0.06886747267345457,0.781403012022778,25,20,20
38,8494,0.14972949740456992,1.7899201669483133e-08,0.06899699280342138,0.7812734918928068,25,20,20
38,8495,0.14997515680271795,1.7897617001049877e-08,0.06875133341441636,0.7812734918852484,25,20,20
38,8496,0.14997515680271795,1.7897617003645345e-08,0.06875133345924213,0.7812734918404227,25,20,20
38,8497,0.1499751568029,1.7897861449382595e-08,0.06874956419032405,0.7812752611089142,25,20,20
38,8498,0.1499751568029,1.7897861449360224e-08,0.06874979476148405,0.7812750305377544,25,20,20
38,8499,0.14997515680290005,1.789786137281704e-08,0.06874978124194903,0.7812750440572894,25,20,20
38,8500,0.15617964559636385,6.236407091074402e-10,0.06254763654021409,0.7812727172397811,25,20,20
38,8501,0.1561796455963341,4.8580988527063024e-11,0.051493831538421596,0.7923265228166634,25,20,20
38,8502,0.15617964559633404,4.857669691227229e-11,0.051493634861157406,0.7923267194939317,25,20,20
38,8503,0.1561796455963341,4.857677296898401e-11,0.051759967478999025,0.79206038687609,25,20,20
38,8504,0.15617964559633407,4.857263185188608e-11,0.05176447210781549,0.7920558822472779,25,20,20
38,8505,0.1558514843225745,4.772108259517247e-09,0.05209262790160352,0.7920558830037137,25,20,20
38,8506,0.1558514843225745,4.7721082621124084e-09,0.05209724865393822,0.792051262251379,25,20,20
38,8507,0.15585148432257134,4.772108188172693e-09,0.05209266239486902,0.7920558485104514,25,20,20
38,8508,0.1599873213747537,4.87013624463718e-11,0.04795683082912476,0.7920558477474202,25,20,20
38,8509,0.14803251048045202,9.280829467803856e-06,0.0573825407764435,0.7945756679136368,25,20,20
38,8510,0.14803251048045118,9.280829467728856e-06,0.05725250338176395,0.7947057053083171,25,20,20
38,8511,0.14763767816100995,9.280834175429799e-06,0.057647311246433006,0.7947057297583817,25,20,20
38,8512,0.14763767816101,9.280834175445035e-06,0.05751787157676513,0.7948351694280494,25,20,20
38,8513,0.1475094319974989,9.28083579257979e-06,0.05764611773120126,0.7948351694355072,25,20,20
38,8514,0.147509431997544,9.280836030644701e-06,0.05788971833490117,0.7945915688315242,25,20,20
38,8515,0.14750943199754718,9.280836030645977e-06,0.05788976568166078,0.7945915214847613,25,20,20
38,8516,0.147509431997548,9.280836034923497e-06,0.058019204817024043,0.7944620823493929,25,20,20
38,8517,0.14750943199754807,9.280836034923497e-06,0.058019127737243235,0.7944621594291738,25,20,20
38,8518,0.1475094320001427,9.280836039139623e-06,0.05802145536922152,0.7944598317945966,25,20,20
38,8519,0.14750943200014274,9.280836039212267e-06,0.05802615322539853,0.7944551339384195,25,20,20
38,8520,0.14750943200013952,9.280836039210945e-06,0.058026103876294526,0.7944551832875265,25,20,20
38,8521,0.14750943200013952,9.280836039286169e-06,0.058026217146444035,0.7944550700173771,25,20,20
38,8522,0.14750943200252872,9.280836037028446e-06,0.05839517880113179,0.7940861083603022,25,20,20
38,8523,0.14750943200252867,9.28083603695239e-06,0.058128845617800226,0.7943524415436337,25,20,20
38,8524,0.14782891559216074,9.280923595113486e-06,0.057809386368045536,0.7943524171161984,25,20,20
38,8525,0.14782891559216074,9.280923599406222e-06,0.05781166667092383,0.7943501368133158,25,20,20
38,8526,0.1478289154706887,9.280923595958972e-06,0.05077465261935439,0.8013871509863607,25,20,20
38,8527,0.14782891547087082,9.280923596033145e-06,0.050772571018049925,0.8013892325874831,25,20,20
38,8528,0.14782891547086763,9.280923596032053e-06,0.050643086362006436,0.8015187172435297,25,20,20
38,8529,0.13365900905647896,9.287581945702113e-06,0.06481293905120845,0.8015187643103667,25,20,20
38,8530,0.13365900905647898,9.287581945554187e-06,0.06480824059771179,0.8015234627638635,25,20,20
38,8531,0.133659009056479,9.287581949846662e-06,0.06481271417942168,0.8015189891821494,25,20,20
38,8532,0.13365900905647815,9.287581945496492e-06,0.06468789378353824,0.801643809578038,25,20,20
38,8533,0.13365900905647815,9.287581945571753e-06,0.06469259560631468,0.8016391077552615,25,20,20
38,8534,0.13365900905647815,9.287581945571753e-06,0.0646924831098626,0.8016392202517136,25,20,20
38,8535,0.1336590090564782,9.28758194993796e-06,0.06469897193213354,0.8016327314294384,25,20,20
38,8536,0.13365900905648137,9.287581949935365e-06,0.06469913230738365,0.8016325710541851,25,20,20
38,8537,0.13365900905629957,9.287581945654911e-06,0.06460705413145823,0.8017246492302966,25,20,20
38,8538,0.13365900905625527,9.28758194789578e-06,0.06424063643062283,0.802091066931174,25,20,20
38,8539,0.1269958244963074,2.3038021733650594e-05,0.07082451257283466,0.8021566249091243,25,20,20
38,8540,0.1269958244963074,2.3038021733649272e-05,0.07081981275279359,0.8021613247291652,25,20,20
38,8541,0.12699582449630412,2.303802172943027e-05,0.07081983307830435,0.802161304403662,25,20,20
38,8542,0.12699582449373284,2.3038021487094343e-05,0.07044607786871776,0.8025350596160621,25,20,20
38,8543,0.12699582449373284,2.303802148702035e-05,0.0704460764762557,0.8025350610085242,25,20,20
38,8544,0.1269958244937328,2.3038021482729436e-05,0.07043958710474976,0.8025415503800345,25,20,20
38,8545,0.126995824493732,2.3038021482728115e-05,0.07043961920135333,0.8025415182834317,25,20,20
38,8546,0.12699582449372884,2.303802148273071e-05,0.0704395371599955,0.8025416003247927,25,20,20
38,8547,0.12699582449113656,2.3038021482627108e-05,0.07070345844838251,0.8022776790389983,25,20,20
38,8548,0.12699582449113653,2.3038021482553145e-05,0.07070536359845404,0.8022757738889268,25,20,20
38,8549,0.1269958244911397,2.3038021486842574e-05,0.07070726644352951,0.802273871043844,25,20,20
38,8550,0.08720093506242904,2.3038051554346863e-05,0.11010183634542996,0.8026741905405861,25,20,20
38,8551,0.08720093506242904,2.3038051554346884e-05,0.11010172388359515,0.8026743030024208,25,20,20
38,8552,0.08712413191614153,2.3038530574637125e-05,0.11057884361941502,0.8022739859338682,25,20,20
38,8553,0.08712413191609601,2.3038530329954365e-05,0.11057656160735489,0.8022762679462184,25,20,20
38,8554,0.08712413191609601,2.303853032995309e-05,0.11057656105608872,0.8022762684974846,25,20,20
38,8555,0.08712413191609841,2.303853008544483e-05,0.11057455953871016,0.8022782700151053,25,20,20
38,8556,0.08712413191609843,2.303853032843914e-05,0.11083621025241439,0.8020166193011582,25,20,20
38,8557,0.08712413191614395,2.3038530573108095e-05,0.11084104468544981,0.8020117848678325,25,20,20
38,8558,0.08712413191614397,2.3038530573108118e-05,0.11084104468527305,0.8020117848680094,25,20,20
38,8559,0.08712413191614393,2.30385305731055e-05,0.1108409629313834,0.8020118666218992,25,20,20
38,8560,0.08712413191614321,2.303853057310293e-05,0.1108408961182886,0.8020119334349947,25,20,20
38,8561,0.08712413191614321,2.3038530573101586e-05,0.11084089272322306,0.8020119368300602,25,20,20
38,8562,0.08712413250785472,2.3038530821913296e-05,0.11084568188799578,0.8020071470733272,25,20,20
38,8563,0.08712426566982319,2.3038275359226847e-05,0.11084548203151671,0.8020072140233003,25,20,20
38,8564,0.08712426567000532,2.3038275367734825e-05,0.11084559201682508,0.8020071040378014,25,20,20
38,8565,0.08712426567000532,2.3038275359229537e-05,0.11084061010514229,0.8020120859494928,25,20,20
38,8566,0.0871242656700014,2.3038275114653137e-05,0.11083306756848206,0.8020196284864015,25,20,20
38,8567,0.08712426567000214,2.303827511472837e-05,0.11083951082728392,0.8020131852275988,25,20,20
38,8568,0.05917199133455586,1.3757501682728982e-05,0.1413208860602018,0.7994933651035606,25,20,20
38,8569,0.05917199133455275,1.3757501685812089e-05,0.1523771801960586,0.7884370709677042,25,20,20
38,8570,0.05917199133454955,1.3757501685739423e-05,0.15237259114917379,0.7884416600145921,25,20,20
38,8571,0.059171991473231794,1.3758246704511186e-05,0.15487063254284303,0.7859436177372219,25,20,20
38,8572,0.0570418091628,1.1678814791065768e-08,0.157080119084452,0.7858780600739341,25,20,20
38,8573,0.0570418091628,1.1678819007411294e-08,0.15708020046627982,0.785877978692102,25,20,20
38,8574,0.05704180916275453,1.1678574412441605e-08,0.157080065922422,0.7858781132362499,25,20,20
38,8575,0.06264507845423965,1.0825581586474753e-07,0.15144872556592634,0.785906087724019,25,20,20
38,8576,0.06264507845424283,1.0825581601493779e-07,0.15154099551465963,0.7858138177752824,25,20,20
38,8577,0.06264507845424287,1.0825581601493861e-07,0.15154989299624647,0.7858049202936955,25,20,20
38,8578,0.06264507845424601,1.0825581608891012e-07,0.1515498996794553,0.7858049136104834,25,20,20
38,8579,0.06264507845424921,1.0825606074552733e-07,0.15155641875782072,0.7857983945318702,25,20,20
38,8580,0.03720914195533507,1.0432978178720338e-07,0.1769923560648364,0.7857983976500474,25,20,20
38,8581,0.03720914195533512,1.0433002638215572e-07,0.1769971915608396,0.7857935621537997,25,20,20
38,8582,0.03720914195702416,1.0433018549499977e-07,0.1909627024414475,0.7718280512713435,25,20,20
38,8583,0.03720914195959544,1.0433042783223856e-07,0.1913364576510383,0.7714542960589388,25,20,20
38,8584,0.037209141959595377,1.0433018323858397e-07,0.19133162412814733,0.7714591295820745,25,20,20
38,8585,0.037209141959595377,1.0433018323860632e-07,0.19133173658991257,0.7714590171203092,25,20,20
38,8586,0.03720914195957646,1.0434388008858748e-07,0.19133301538589007,0.7714577383106537,25,20,20
38,8587,0.03720914195957568,1.04343880014606e-07,0.19133301535555647,0.7714577383409881,25,20,20
38,8588,0.037209141959572485,1.0434363535537055e-07,0.19132638179886916,0.7714643718979233,25,20,20
38,8589,0.03720914195975467,1.0434387997092782e-07,0.1913280766660367,0.7714626770303288,25,20,20
38,8590,0.03720914195975462,1.043438799709361e-07,0.19132345785759788,0.7714672958387676,25,20,20
38,8591,0.06758175792117901,1.0438790805425636e-07,0.16095082304660557,0.7714673146443076,25,20,20
38,8592,0.06758175806909167,1.0438815699091173e-07,0.1609509352320356,0.771467202310716,25,20,20
38,8593,0.06758176502998159,1.0504440807220864e-07,0.1539651785596316,0.7784529513659791,25,20,20
38,8594,0.06758176488206892,1.050441591355301e-07,0.1539562499375811,0.7784618801361911,25,20,20
38,8595,0.06758176474369089,1.0430240514871757e-07,0.1867687548083067,0.7456493761455976,25,20,20
38,8596,0.03617157262071869,1.5795173238372514e-09,0.2182070711244031,0.745621354675361,25,20,20
38,8597,0.03617157262058194,1.5797567906221729e-09,0.21833640523277645,0.745492020566885,25,20,20
38,8598,0.04010376465882712,1.49781781661044e-09,0.21440423553747923,0.7454919983058764,25,20,20
38,8599,0.04010376474001677,2.0194889121467586e-05,0.2432298448747587,0.7166461954961032,25,20,20
38,8600,0.04010375777752854,2.0194232954955134e-05,0.23639973451720017,0.7234763134723172,25,20,20
38,8601,0.04010375777752853,2.019423295924476e-05,0.23639973399855874,0.7234763139909544,25,20,20
38,8602,0.0019373913528710257,2.0220681149692205e-05,0.2745660109068243,0.7234763770591551,25,20,20
38,8603,0.03393638304512838,2.0448441180933066e-05,0.23903193218823515,0.7270112363254562,25,20,20
38,8604,0.033936383042557104,2.0448441183207126e-05,0.23865987263778096,0.7273832958784792,25,20,20
38,8605,0.033936382961373086,2.603708352624022e-07,0.23407822997364003,0.731985126694152,25,20,20
38,8606,0.03393638296137628,2.6037083526240255e-07,0.2340781793372318,0.7319851773305571,25,20,20
38,8607,0.03393638296137313,2.6037083531519394e-07,0.24513607154450184,0.7209272851232902,25,20,20
38,8608,0.03393638296137317,2.603705923935587e-07,0.24486980211633702,0.7211935545516979,25,20,20
38,8609,0.03393638296119104,2.6037058381290794e-07,0.24486958027486597,0.7211937763933597,25,20,20
38,8610,0.03393638296119184,2.603705880285665e-07,0.244876104420005,0.7211872522482156,25,20,20
38,8611,0.03393638296119188,2.6037058802726955e-07,0.24487610288640804,0.7211872537818125,25,20,20
38,8612,0.03393638296114649,2.6037034419489865e-07,0.24474657208419046,0.7213167845843192,25,20,20
38,8613,0.03393638296114649,2.6037034419489865e-07,0.2447465720841904,0.7213167845843194,25,20,20
38,8614,0.03385016075760119,2.603614142461756e-07,0.24483279433923916,0.7213167845417441,25,20,20
38,8615,0.033850160767913945,2.6037526461641767e-07,0.24510024405075426,0.7210493348060659,25,20,20
38,8616,0.033850160767913945,2.603752604013798e-07,0.24510665157111017,0.7210429272857141,25,20,20
38,8617,0.04182811610144132,3.210093262175051e-08,0.2406637838552471,0.717508067942378,25,20,20
38,8618,0.04182811610143815,3.210093264961641e-08,0.24040405633525466,0.7177677954623737,25,20,20
38,8619,0.041828116101434984,3.210093272360231e-08,0.2404037017640409,0.7177681500335905,25,20,20
38,8620,0.04184461172887707,3.212626470416061e-08,0.23995729392758033,0.7181980622172783,25,20,20
38,8621,0.0418446117394101,3.212602016926006e-08,0.24007397636577996,0.7180813797687898,25,20,20
38,8622,0.04184461173941005,3.212602011517095e-08,0.22901613525937214,0.7291392208751982,25,20,20
38,8623,0.04184461173940686,3.212601996593098e-08,0.2290160153633189,0.7291393407712546,25,20,20
38,8624,0.0418446117290949,3.2112169598307566e-08,0.22874863475522209,0.7294067214035138,25,20,20
38,8625,0.041844611729277,3.2112169599605036e-08,0.2287588332154205,0.7293965229431333,25,20,20
38,8626,0.0740656465702918,5.663979575937082e-09,0.1965378878843274,0.7293964598814016,25,20,20
38,8627,0.07947537431256695,6.350739818639054e-09,0.19112798064093167,0.7293966386957617,25,20,20
38,8628,0.07947537446032177,6.3507441827263144e-09,0.19112024251601217,0.729404376672922,25,20,20
38,8629,0.0794753744603225,6.350744257994374e-09,0.19112035794336,0.7294042612455733,25,20,20
38,8630,0.07947537446032253,6.35074004233651e-09,0.19111386734789235,0.7294107518410452,25,20,20
38,8631,0.07947537446032332,6.350744335271003e-09,0.19111398216094166,0.7294106370279908,25,20,20
38,8632,0.07947537444979033,6.350744257571953e-09,0.1909971850581535,0.729527434141312,25,20,20
38,8633,0.07947537430185342,6.35073989348496e-09,0.1909948365269754,0.7295297828204315,25,20,20
38,8634,0.07947537430167123,6.3504995695868166e-09,0.19099334029178514,0.7295312790560441,25,20,20
38,8635,0.07947537430171664,6.3504996430835966e-09,0.1911162640900681,0.7294083552577155,25,20,20
38,8636,0.07947537430171658,6.3505039342135235e-09,0.1911193452622457,0.7294052740855337,25,20,20
38,8637,0.07947537430171585,6.350503932906022e-09,0.19138562431130496,0.7291389950364752,25,20,20
38,8638,0.07947537430171664,6.350503933389733e-09,0.19138111745355021,0.729143501894229,25,20,20
38,8639,0.07947537430172016,6.350511515648023e-09,0.19603987955123256,0.7244847397965358,25,20,20
38,8640,0.07947537430167483,6.3505114421636795e-09,0.1959104668758437,0.7246141524719701,25,20,20
38,8641,0.07947537430167478,6.350511368192491e-09,0.19591050026890625,0.7246141190789076,25,20,20
38,8642,0.079475374382878,7.246327641373592e-09,0.20060860655704918,0.7199160118137449,25,20,20
38,8643,0.07947537438287801,7.24632764007585e-09,0.2006133080333923,0.7199113103374016,25,20,20
38,8644,0.07947537379118624,7.232381979704303e-09,0.20060940386240464,0.7199152151140266,25,20,20
38,8645,0.08135615683980882,7.211361818639618e-09,0.19915853071672743,0.7194853052321024,25,20,20
38,8646,0.08135615685006646,7.2113618907847964e-09,0.1991344624997385,0.7195093734388336,25,20,20
38,8647,0.08135615685006652,7.2113620412981e-09,0.19913636381062708,0.7195074721279449,25,20,20
38,8648,0.08135615685006573,7.211361964732296e-09,0.19913624661212115,0.7195075893264515,25,20,20
38,8649,0.08135615685006577,7.211361892105258e-09,0.19913613369628558,0.7195077022422872,25,20,20
38,8650,0.0829242681956787,5.2655605184527426e-08,0.19756797683859673,0.7195077023101196,25,20,20
38,8651,0.09479268627068191,5.2655646274108456e-08,0.18569956106494956,0.7195077000087226,25,20,20
38,8652,0.09479268627068194,5.2655646275406296e-08,0.18570414700995158,0.7195031140637204,25,20,20
38,8653,0.09479268626037911,5.2655402596867536e-08,0.18557626546265266,0.7196309956215658,25,20,20
38,8654,0.09502758597371887,5.19750840276983e-08,0.1853415435595661,0.7196308184916309,25,20,20
38,8655,0.09502758597371878,5.197528613632525e-08,0.19159141092502402,0.7133809511259709,25,20,20
38,8656,0.09502758597372196,5.197553011629777e-08,0.1916800516176076,0.7132923104331401,25,20,20
38,8657,0.09502758597372196,5.1975530116274606e-08,0.19168005091649903,0.7132923111342486,25,20,20
38,8658,0.09502758597372196,5.197553011889245e-08,0.19168005492236267,0.7132923071283851,25,20,20
38,8659,0.0950275859737219,5.1975530117526e-08,0.19168016641043917,0.7132921956403087,25,20,20
38,8660,0.09502758597391937,5.198783156185258e-08,0.1917103841401767,0.7132619778980721,25,20,20
38,8661,0.09502758597391933,5.1987831486898994e-08,0.1916227892667396,0.7133495727715095,25,20,20
38,8662,0.09502758856862731,4.60068632373345e-08,0.19162272861864715,0.7133496368058624,25,20,20
38,8663,0.09502758856862728,4.600685894569773e-08,0.19162253137400573,0.7133498340505081,25,20,20
38,8664,0.09502758856862722,4.600685894567299e-08,0.19199093279227522,0.7129814326322387,25,20,20
38,8665,0.09502758856862643,4.600710346406247e-08,0.19199348860123344,0.7129788768230365,25,20,20
38,8666,0.0950275885686482,4.600713220112854e-08,0.22729553038742253,0.6776768350367967,25,20,20
38,8667,0.0950275885686482,4.600713220116066e-08,0.22702926473711066,0.6779431006871083,25,20,20
38,8668,0.09304878306897274,1.0523434636538816e-06,0.228997399078125,0.6779527655094383,25,20,20
38,8669,0.05708260798024578,7.097835574564328e-08,0.26497076910423106,0.6779465519371668,25,20,20
38,8670,0.05534892832184017,7.332479721243435e-07,0.2667071819497059,0.6779431564804813,25,20,20
38,8671,0.05534892832184337,7.332479721243681e-07,0.26633424193335137,0.6783160964968324,25,20,20
38,8672,0.055349157108646664,7.333389041816999e-07,0.2663593086962181,0.6782908008562301,25,20,20
38,8673,0.05534915710864982,7.333389043309179e-07,0.26635934876454337,0.6782907607879015,25,20,20
38,8674,0.05534915710864917,7.333386979307227e-07,0.2601093247834886,0.6845407847691638,25,20,20
38,8675,0.05534915710864917,7.333386979294226e-07,0.2601108318961491,0.6845392776565035,25,20,20
38,8676,0.05581741877561787,7.33107287818588e-07,0.2596425698012606,0.6845392783158333,25,20,20
38,8677,0.05581741877561707,7.331072835289583e-07,0.25963596461000016,0.6845458835070987,25,20,20
38,8678,0.05581741877562021,7.331072834537342e-07,0.2596309833769844,0.6845508647401114,25,20,20
38,8679,0.05581741877562021,7.331072835276962e-07,0.2596356036597613,0.6845462444573345,25,20,20
38,8680,0.04583919602098994,6.689275347443446e-06,0.2696068913155652,0.6845472233880963,25,20,20
38,8681,0.045839196020989945,6.689275347444769e-06,0.2696067808518646,0.6845473338517969,25,20,20
38,8682,0.04583919602099074,6.689275351734398e-06,0.2696133853768817,0.6845407293267748,25,20,20
38,8683,0.04583919602356204,6.689275593997664e-06,0.2699824807244838,0.6841716339763592,25,20,20
38,8684,0.0689159898543111,6.689271264211774e-06,0.24690575160056139,0.6841715692738621,25,20,20
38,8685,0.06891598985431115,6.6892712642844155e-06,0.24691044945673837,0.6841668714176851,25,20,20
38,8686,0.06189183988274964,6.6893449075658815e-06,0.253934599004861,0.6841668717674808,25,20,20
38,8687,0.06189184047058968,6.689344669584177e-06,0.2536535897643555,0.6844478804203843,25,20,20
38,8688,0.062387767573930254,6.689093938384235e-06,0.253157731051083,0.6844478122810481,25,20,20
38,8689,0.062387767573975246,6.689093938384178e-06,0.2535818697474326,0.6840236735846535,25,20,20
38,8690,0.10161997198283164,6.6890894278376494e-06,0.2143496665893682,0.6840236723383717,25,20,20
38,8691,0.1016199719854632,6.689089432039992e-06,0.21449148988820851,0.6838818490368955,25,20,20
38,8692,0.10161997198546326,6.689089676625269e-06,0.21449812341453808,0.6838752155103214,25,20,20
38,8693,0.10162021792365294,0.00107984340507586,0.2181211010585969,0.6791788376126737,25,20,20
38,8694,0.07820199198884217,0.0010800526068509137,0.24148126862028862,0.6792366867840177,25,20,20
38,8695,0.07820199198884219,0.0010800526068509109,0.24148788875535204,0.6792300666489544,25,20,20
38,8696,0.07817526704582406,0.0010800567287200863,0.24151458994303035,0.6792300862824251,25,20,20
38,8697,0.07817526704582084,0.001080056728719937,0.24151454844788797,0.6792301277775707,25,20,20
38,8698,0.0781752670457753,0.001080056728719789,0.241512266987966,0.6792324092375387,25,20,20
38,8699,0.0781752670431469,0.0010800567287198044,0.24136901843646147,0.6793756577916717,25,20,20
38,8700,0.07817526704331051,0.0010800567287197966,0.24604126658780714,0.6747034096401621,25,20,20
38,8701,0.07817526704330978,0.0010800567289593395,0.24616418379338484,0.6745804924343456,25,20,20
38,8702,0.07844457638783439,0.0010800567289873627,0.24589487444843697,0.6745804924347409,25,20,20
38,8703,0.07687695848807902,0.0010800112400154382,0.24746253387492426,0.6745804963969806,25,20,20
38,8704,0.07687671257725459,0.00038840125788665915,0.24815595474592755,0.6745789314189312,25,20,20
38,8705,0.07687671257725456,0.0003884012578823708,0.24814942933810127,0.6745854568267619,25,20,20
38,8706,0.07687671257725139,0.00038840125787807797,0.248149386119706,0.6745855000451644,25,20,20
38,8707,0.07687671257725132,0.00038840125763424426,0.2480198634662156,0.6747150226988987,25,20,20
38,8708,0.06972700910250407,0.00038864365426120303,0.25516818879639813,0.6747161584468363,25,20,20
38,8709,0.07245111782925782,7.126563333098602e-05,0.2527614662598292,0.6747161502775818,25,20,20
38,8710,0.07245111782925777,7.126563308640206e-05,0.25275483473095395,0.6747227818067016,25,20,20
38,8711,0.07245111782921276,7.126563308647601e-05,0.25233535723238004,0.6751422593053202,25,20,20
38,8712,0.07245111782920957,7.126563309069168e-05,0.2523372601999694,0.6751403563377301,25,20,20
38,8713,0.07245111782920638,7.126563309069164e-05,0.2523403384708988,0.6751372780668038,25,20,20
38,8714,0.07245111782920638,7.126563309069035e-05,0.25234026258375436,0.6751373539539481,25,20,20
38,8715,0.07245111782920396,7.126563309494065e-05,0.252713202790152,0.6747644137475486,25,20,20
38,8716,0.07245111782920076,7.126563285088799e-05,0.25262023284344015,0.6748573836945078,25,20,20
38,8717,0.10673966584909761,6.532789084505169e-05,0.21833851365222137,0.6748564926078356,25,20,20
38,8718,0.09560570973616189,6.532341437035067e-05,0.22947249612135137,0.6748564707281162,25,20,20
38,8719,0.09560570973616189,6.532341437035068e-05,0.2294679101594998,0.6748610566899678,25,20,20
38,8720,0.09560570973616189,6.53234143703907e-05,0.22909500341429176,0.6752339634351756,25,20,20
38,8721,0.09560570973616189,6.532341412579832e-05,0.2290902835550867,0.6752386832946253,25,20,20
38,8722,0.09560570973616189,6.532341412572565e-05,0.2290902487697079,0.6752387180800042,25,20,20
38,8723,0.09560570914575056,6.532341412137013e-05,0.22899746283746603,0.675331504602662,25,20,20
38,8724,0.09560570914554967,6.532340181234484e-05,0.22440069135416685,0.6799282760984713,25,20,20
38,8725,0.09560548484629094,8.489856139325545e-05,0.22903725270709382,0.6752723638852213,25,20,20
38,8726,0.09560548484612809,8.489856139319045e-05,0.22436034335827337,0.6799492732342047,25,20,20
38,8727,0.13481527659238982,8.489857367412276e-05,0.1851505539326798,0.679949270901256,25,20,20
38,8728,0.16812131851922574,8.46894464815266e-05,0.1518366796827489,0.6799573123515436,25,20,20
38,8729,0.16810283576447468,9.085866694693682e-05,0.1518490506982591,0.6799572548703197,25,20,20
38,8730,0.16810283576447457,9.085866694693551e-05,0.15175680899460972,0.6800494965739694,25,20,20
38,8731,0.16810283576447457,9.085866694693547e-05,0.15175680895999238,0.6800494966085866,25,20,20
38,8732,0.16810283576447457,9.085866694693287e-05,0.15175672846003396,0.680049577108545,25,20,20
38,8733,0.16810283576451934,9.085866718721002e-05,0.15176543599139164,0.6800408695769019,25,20,20
38,8734,0.1681028357645194,9.085866718728534e-05,0.15176697707664397,0.6800393284916495,25,20,20
38,8735,0.16810283576451934,9.0858667187284e-05,0.15176686341276263,0.6800394421555308,25,20,20
38,8736,0.13528025154459328,9.061696899648804e-05,0.18458020175937154,0.680048929727039,25,20,20
38,8737,0.1423323559396279,9.061277348403922e-05,0.17752812155058081,0.6800489097363076,25,20,20
38,8738,0.1793951058807936,2.6446641874365197e-05,0.14052951525233426,0.6800489322249982,25,20,20
38,8739,0.17939510646861884,2.644664212168964e-05,0.14079702450184806,0.6797814223874119,25,20,20
38,8740,0.18001254246049084,2.6446568806460954e-05,0.14024545855041887,0.6797155524202843,25,20,20
38,8741,0.1799877564931846,2.6445870612042513e-05,0.14028086442271037,0.6797049332134933,25,20,20
38,8742,0.17998775590535943,2.6445870364715445e-05,0.1400132740875522,0.6799725241367243,25,20,20
38,8743,0.18064897565541482,6.870784892908624e-06,0.13937196322286308,0.67997219033683,25,20,20
38,8744,0.1806489756555692,6.870785099311281e-06,0.1456220279431109,0.6737221256162215,25,20,20
38,8745,0.22062441147137135,6.870784938937031e-06,0.10564659624051224,0.6737221215031783,25,20,20
38,8746,0.22062441147137135,6.870784939011024e-06,0.10564671012942642,0.6737220076142642,25,20,20
38,8747,0.22062441147137143,6.870784938938351e-06,0.10564821572495395,0.6737205020187367,25,20,20
38,8748,0.22062441147396672,6.870784934725304e-06,0.10564609326716018,0.673722624473939,25,20,20
38,8749,0.22062441147401227,6.870785179413204e-06,0.10564775196806382,0.6737209657727452,25,20,20
38,8750,0.22062441147396672,6.870784934725328e-06,0.10564601419954102,0.6737227035415582,25,20,20
38,8751,0.22062441147396672,6.870784934725328e-06,0.10565060153338454,0.6737181162077147,25,20,20
38,8752,0.22062441147414888,6.870784934801864e-06,0.10565524532967484,0.6737134724112422,25,20,20
38,8753,0.22062441147415204,6.870784934877177e-06,0.10565694823468456,0.6737117695062292,25,20,20
38,8754,0.22062441147155673,6.870784934800596e-06,0.10565246528445879,0.6737162524590505,25,20,20
38,8755,0.2203413103742659,6.8707851580204695e-06,0.10593547004218609,0.6737163487983906,25,20,20
38,8756,0.22034131037411162,6.870784951694426e-06,0.09968552123303709,0.6799662976079002,25,20,20
38,8757,0.22034131037411167,6.870784951694404e-06,0.09969031843213991,0.6799615004087972,25,20,20
38,8758,0.22034131037411162,6.870784951695721e-06,0.09969222134896873,0.6799595974919685,25,20,20
38,8759,0.20423355982802158,6.870802172692828e-06,0.11579994137411896,0.6799596279956875,25,20,20
38,8760,0.20423355982801922,6.870802176982425e-06,0.11580484301212436,0.6799547263576801,25,20,20
38,8761,0.22163617121460866,6.870674203817568e-06,0.09840352416055059,0.6799534339506372,25,20,20
38,8762,0.22163617121442655,6.870674203742308e-06,0.09839872889327347,0.6799582292180968,25,20,20
38,8763,0.22163617121442653,6.8706742036657e-06,0.09840384134605774,0.6799531167653126,25,20,20
38,8764,0.22163617121442655,6.8706743806638595e-06,0.10946176296602828,0.6688951951451649,25,20,20
38,8765,0.22163617121442733,6.87067438073782e-06,0.109468329983909,0.6688886281272832,25,20,20
38,8766,0.2216361712144729,6.870674625322682e-06,0.10947503448018285,0.6688819236307191,25,20,20
38,8767,0.2216361712144729,6.870674625395356e-06,0.10947044854905594,0.6688865095618458,25,20,20
38,8768,0.22163617121447213,6.870674621102444e-06,0.1094702518447823,0.6688867062661243,25,20,20
38,8769,0.18338939880447114,6.870662338314504e-06,0.1477170236261261,0.6688867069070645,25,20,20
38,8770,0.18338939880447114,6.870662338388482e-06,0.14771204241738972,0.6688916881158008,25,20,20
38,8771,0.18242720030653697,6.87286574676279e-06,0.1486742303649807,0.6688916964627356,25,20,20
38,8772,0.18242816141691467,7.086605245728368e-06,0.14867306556779522,0.6688916864100443,25,20,20
38,8773,0.18242816141691473,7.086605245802339e-06,0.14867314663875822,0.6688916053390811,25,20,20
38,8774,0.18242816141691473,7.086605245803661e-06,0.1486664410624665,0.6688983109153728,25,20,20
38,8775,0.1824281614169147,7.086605068879449e-06,0.13760863224680336,0.6799561197312126,25,20,20
38,8776,0.16438277378076777,8.740239389678024e-06,0.1556523773138725,0.6799561086659699,25,20,20
38,8777,0.16472780856885652,9.873347809554346e-06,0.15530554113851788,0.6799567769448162,25,20,20
38,8778,0.16472780856885655,9.873347809553047e-06,0.15530554122964063,0.6799567768536933,25,20,20
38,8779,0.16472780856881097,9.8733475692598e-06,0.15529903339171197,0.6799632846919078,25,20,20
38,8780,0.16335765235157965,9.932249704959928e-06,0.1566637916735309,0.6799686237251851,25,20,20
38,8781,0.1633576523515341,9.93224946039116e-06,0.1566548888597655,0.6799775265392404,25,20,20
38,8782,0.1631671487800228,9.932249235869396e-06,0.1568454887708511,0.6799774301998909,25,20,20
38,8783,0.1631671487802544,9.93224925808408e-06,0.1932736162034769,0.6435493027670103,25,20,20
38,8784,0.16316714878025362,9.932249258081392e-06,0.19327380611007094,0.6435491128604172,25,20,20
38,8785,0.1631671487802536,9.932249258004803e-06,0.19327392077056543,0.6435489981999227,25,20,20
38,8786,0.16316714878025362,9.932249258004779e-06,0.19327862225788073,0.6435442967126075,25,20,20
38,8787,0.1625212310297529,9.932054887838228e-06,0.19392459385062963,0.6435442430647292,25,20,20
38,8788,0.1625212310297529,9.932054887765556e-06,0.1939246257078075,0.6435442112075513,25,20,20
38,8789,0.16252123102975286,9.932054887616297e-06,0.19392311660723885,0.6435457203081204,25,20,20
38,8790,0.1617746507040181,9.951466175029987e-06,0.19466949867472763,0.643545899155079,25,20,20
38,8791,0.16177465070401895,9.95146617931964e-06,0.19467599026045687,0.6435394075693445,25,20,20
38,8792,0.1630097962239407,9.932054785349306e-06,0.1934410429988782,0.6435392287223956,25,20,20
38,8793,0.16266479858778266,1.9424939785264005e-06,0.19379469840571686,0.6435385605125221,25,20,20
38,8794,0.16861428941150716,1.942492644821302e-06,0.18784522823800498,0.6435385398578433,25,20,20
38,8795,0.16861201458788697,1.7663081847357504e-06,0.18784767985047407,0.6435385392534547,25,20,20
38,8796,0.16861201458788697,1.7663081847383901e-06,0.18785405401405778,0.6435321650898709,25,20,20
38,8797,0.16866939080975463,3.1028192442864683e-06,0.18779533929070344,0.6435321670802971,25,20,20
38,8798,0.16827677341283448,3.102820823452725e-06,0.18818790863499377,0.6435322151313485,25,20,20
38,8799,0.16827677341283767,3.1028208234540452e-06,0.18818790866054613,0.6435322151057928,25,20,20
38,8800,0.16827677341283775,3.1028208234553624e-06,0.1881894163338015,0.6435307074325374,25,20,20
38,8801,0.16827677341283778,3.1028208235293333e-06,0.18818949832793957,0.6435306254383996,25,20,20
38,8802,0.16825834712429225,1.4491464874463497e-06,0.18820957833244217,0.6435306253967792,25,20,20
38,8803,0.1682032767689653,7.294560741637278e-08,0.18826498245921874,0.6435316678262092,25,20,20
38,8804,0.16820327677156036,7.294585207520287e-08,0.18826689150124967,0.643529758781339,25,20,20
38,8805,0.16820327677160507,7.294584785951832e-08,0.188262566778533,0.6435340835040152,25,20,20
38,8806,0.14248137390813073,9.267673678895051e-08,0.1852851814108854,0.6722333520042476,25,20,20
38,8807,0.14270988422701822,9.266139450986521e-08,0.18505666327713538,0.6722333598344522,25,20,20
38,8808,0.14270988422442318,9.266115414397546e-08,0.1850500988637182,0.6722399242507049,25,20,20
38,8809,0.14270988422442318,9.266115421924474e-08,0.18505021485151787,0.672239808262905,25,20,20
38,8810,0.1427098842244232,9.266115701027402e-08,0.19901347744291265,0.6582765456715068,25,20,20
38,8811,0.14270988422442396,9.266115708556575e-08,0.19900892982296334,0.6582810932914555,25,20,20
38,8812,0.14270988422442474,9.266140168050914e-08,0.19901364876801808,0.6582763743461554,25,20,20
38,8813,0.14270988422447023,9.2661401757072e-08,0.19901569999530783,0.6582743231188202,25,20,20
38,8814,0.14270988422447023,9.266139754072064e-08,0.19901567344752458,0.6582743496666076,25,20,20
38,8815,0.17671072495296852,9.266108045969327e-08,0.16501483276201195,0.6582743496239394,25,20,20
38,8816,0.17648422988160395,9.266106698926378e-08,0.16524133566342386,0.6582743417939053,25,20,20
38,8817,0.1764842298816103,9.266106706587647e-08,0.16524136480651486,0.658274312650808,25,20,20
38,8818,0.17648422988160395,9.266107127889238e-08,0.16524791311912157,0.6582677643382034,25,20,20
38,8819,0.17648422988160398,9.266107127891473e-08,0.16524134228916423,0.6582743351681608,25,20,20
38,8820,0.1770644164633718,3.375904673845948e-08,0.16466655361290505,0.6582689961646762,25,20,20
38,8821,0.17721020037450724,3.375746899756532e-08,0.16452081774697772,0.658268948121046,25,20,20
38,8822,0.17721315723541087,7.1265507569180255e-06,0.16451121926484558,0.6582684969489869,25,20,20
38,8823,0.17721315723542902,7.126550758243682e-06,0.16801509520899266,0.6547646210048202,25,20,20
38,8824,0.17599299381561778,7.0928659415588794e-06,0.15793942815909415,0.6660604851593471,25,20,20
38,8825,0.17599299381561778,7.092865941484886e-06,0.1579394267666321,0.6660604865518094,25,20,20
38,8826,0.1759929938156177,7.092865941487483e-06,0.15793926698922175,0.6660606463292198,25,20,20
38,8827,0.17675384427693316,7.092872316013728e-06,0.15717841649058145,0.6660606463601701,25,20,20
38,8828,0.1570261707026932,0.008875103448384046,0.16803761980557913,0.6660611060433426,25,20,20
38,8829,0.15719042865926516,0.008875103451564207,0.1678733618456606,0.6660611060435092,25,20,20
38,8830,0.15716656238966611,0.008875103451675996,0.16789713113959034,0.6660612030190669,25,20,20
38,8831,0.15716656238966611,0.008875103451671706,0.16789063908167676,0.6660676950769847,25,20,20
38,8832,0.15716656239041504,0.00887510352809149,0.16788951714598682,0.6660688169355059,25,20,20
38,8833,0.15716128445037614,0.008868010667534239,0.16790128021127845,0.6660694246708104,25,20,20
38,8834,0.15716128445037536,0.008868010667289568,0.16789644667594794,0.6660742582063865,25,20,20
38,8835,0.15716128445037536,0.008868010667289643,0.16789439690694596,0.6660763079753884,25,20,20
38,8836,0.1553655217882841,0.008868046658166692,0.1696802688700022,0.666086162683547,25,20,20
38,8837,0.11789486976101386,0.008870992596225605,0.2068845643745552,0.6663495732682047,25,20,20
38,8838,0.11790428298436703,0.008870996479188301,0.20350698444279053,0.6697177360936536,25,20,20
38,8839,0.11790428298436384,0.008870996479184084,0.20350687022688052,0.669717850309571,25,20,20
38,8840,0.11790428298694852,0.008870996479429235,0.18970491377274915,0.6835198067608725,25,20,20
38,8841,0.1179042829869485,0.008870996479429162,0.18970480141384619,0.6835199191197758,25,20,20
38,8842,0.11790428298694844,0.008870996479429086,0.18970471891052512,0.6835200016230971,25,20,20
38,8843,0.11790428298694838,0.00887099647942901,0.18970309398773064,0.6835216265458917,25,20,20
38,8844,0.11790428298694844,0.00887099647942916,0.18970537307823032,0.6835193474553917,25,20,20
38,8845,0.11790428298694845,0.00887099647943345,0.18970556834991373,0.683519152183704,25,20,20
38,8846,0.11731071424119693,0.008868039039442843,0.1905752469882177,0.6832459997311421,25,20,20
38,8847,0.11731071424119614,0.008868039039438476,0.19056872297425712,0.6832525237451077,25,20,20
38,8848,0.11731071483290723,0.008868039039683074,0.19057345803018733,0.6832477880972219,25,20,20
38,8849,0.11731071424119613,0.008868039039434186,0.19056860678039847,0.6832526399389708,25,20,20
38,8850,0.1173107142411506,0.008868039039434186,0.1905664080353665,0.6832548386840483,25,20,20
38,8851,0.11731071424137093,0.008868039052928213,0.19185618242242597,0.6819650642832745,25,20,20
38,8852,0.11731071423878622,0.008868039052680268,0.19168835401723064,0.6821328926913026,25,20,20
38,8853,0.11731071423878618,0.008868039052680268,0.1916883519286537,0.6821328947798798,25,20,20
38,8854,0.11730130168255311,0.00886803844715448,0.19508055957665665,0.6787501002936357,25,20,20
38,8855,0.11730130168255311,0.008868038447158772,0.1950821843961492,0.678748475474139,25,20,20
38,8856,0.11730130168255316,0.008868038447158697,0.19508680482706775,0.6787438550432203,25,20,20
38,8857,0.11730130168255322,0.008868038447158772,0.19509139220151592,0.6787392676687719,25,20,20
38,8858,0.14231075142601868,0.008868044923698842,0.17008105615123126,0.678740147499051,25,20,20
38,8859,0.14231075142601868,0.008868044923698767,0.1700810541383763,0.6787401495119062,25,20,20
38,8860,0.15588106097988483,0.0004046380217355739,0.1649745916940378,0.6787397093043418,25,20,20
38,8861,0.15588106097988477,0.0004046380217354974,0.16496989042561347,0.6787444105727661,25,20,20
38,8862,0.15588106097983925,0.0004046380217354231,0.16509918050720956,0.6786151204912155,25,20,20
38,8863,0.15588106097961893,0.0004046380082413948,0.1638092936930021,0.6799050073191374,25,20,20
38,8864,0.15588106097961898,0.00040463800824139744,0.1638114907948315,0.6799028102173079,25,20,20
38,8865,0.15588106097961898,0.0004046380082414714,0.1638114913713574,0.6799028096407821,25,20,20
38,8866,0.15588106097961898,0.00040463800824147014,0.16381149079777355,0.6799028102143658,25,20,20
38,8867,0.15588124165004782,0.0004046380095492243,0.16374537409918585,0.6799687462412168,25,20,20
38,8868,0.155881241650051,0.0004046380095492256,0.16374070106365227,0.6799734192767474,25,20,20
38,8869,0.15588124165005093,0.0004046380095491503,0.16373853725959062,0.6799755830808091,25,20,20
38,8870,0.1558812416500502,0.00040463800955336594,0.16374498788808167,0.6799691324523144,25,20,20
38,8871,0.15588124165005343,0.00040463800955336626,0.1636171192886004,0.6800970010517928,25,20,20
38,8872,0.15588124165023387,0.00040463800979996056,0.1639901596207819,0.679723960719184,25,20,20
38,8873,0.15588124165023706,0.00040463800979996056,0.16399478251822772,0.6797193378217352,25,20,20
38,8874,0.15589474966334166,0.000404638003543228,0.16398127457053477,0.6797193377625804,25,20,20
38,8875,0.1616811752635311,0.0004049266340686608,0.15819456033211185,0.6797193377702885,25,20,20
38,8876,0.1616811812872325,0.0004049232802923542,0.1420982941087144,0.6958156013237609,25,20,20
38,8877,0.16168118128723577,0.00040492328029235694,0.14210302464505464,0.6958108707874174,25,20,20
38,8878,0.13410220233900025,0.0004049233928139731,0.16968200346383025,0.6958108708043553,25,20,20
38,8879,0.13410220233900338,0.00040492339281390435,0.20621300850582547,0.6592798657623564,25,20,20
38,8880,0.1342410357232344,0.0004046347623169449,0.20607446333488658,0.6592798661795614,25,20,20
38,8881,0.13424103572341645,0.0004046347623170188,0.206074496287072,0.6592798332271937,25,20,20
38,8882,0.13424103572323434,0.00040463476231265263,0.2060679378823941,0.6592863916320582,25,20,20
38,8883,0.13428913104852547,0.0004047844452412405,0.2033218358508591,0.6619842486553733,25,20,20
38,8884,0.13428913105129406,0.00040478444548933525,0.2034538911886182,0.6618521933145977,25,20,20
38,8885,0.13428913105111367,0.0004047844452428163,0.2030854702516649,0.662220614251978,25,20,20
38,8886,0.1342891245067106,0.00040478444538264027,0.17937781888611304,0.6859282721617932,25,20,20
38,8887,0.11850562374135486,6.4035750322552e-07,0.1955632943417593,0.6859304415593819,25,20,20
38,8888,0.11850562374135165,6.403577478064207e-07,0.19556996893441803,0.6859237669664817,25,20,20
38,8889,0.11850545066330888,6.406105180929622e-07,0.19563720820649602,0.685856700519676,25,20,20
38,8890,0.11850545066330888,6.406105138027981e-07,0.19563566582527656,0.6858582429008997,25,20,20
38,8891,0.11850545051589169,6.406102743017585e-07,0.19586555668993402,0.685628352183899,25,20,20
38,8892,0.11850545051588844,6.406102743004381e-07,0.19586082812670605,0.6856330807471303,25,20,20
38,8893,0.11852440174215287,6.406101624433767e-07,0.19584197387609315,0.6856329837715905,25,20,20
38,8894,0.12098147122077328,1.8147205774248816e-07,0.19338755121594514,0.6856307960912227,25,20,20
38,8895,0.12098147121800551,1.8147181386536804e-07,0.19325557729602164,0.6857627700141579,25,20,20
38,8896,0.12098147121800558,1.8147181386666586e-07,0.1932601986618419,0.6857581486483376,25,20,20
38,8897,0.12098147121800558,1.8147181386798638e-07,0.19326031363643636,0.6857580336737431,25,20,20
38,8898,0.1407115693676961,1.8102015043173185e-07,0.17353021811152192,0.685758031500631,25,20,20
38,8899,0.12837783319834065,2.0995661982188682e-07,0.1858639205857051,0.6857580362593336,25,20,20
38,8900,0.12837783319834065,2.0995661982184208e-07,0.18586392256889436,0.6857580342761445,25,20,20
38,8901,0.14496782760019708,2.1004721743345547e-07,0.1692739276546985,0.6857580346978867,25,20,20
38,8902,0.14496782760019788,2.1004721750742421e-07,0.16927331703050816,0.6857586453220762,25,20,20
38,8903,0.14496782760019783,2.100472174321329e-07,0.16927335039852814,0.6857586119540561,25,20,20
38,8904,0.144967827600197,2.1004721735686662e-07,0.16927179731494793,0.6857601650376373,25,20,20
38,8905,0.15232992190408498,2.0709908107598857e-07,0.16191053845572792,0.685759332541106,25,20,20
38,8906,0.1523299219041305,2.0709908536691565e-07,0.16191703279232683,0.6857528382044572,25,20,20
38,8907,0.1523299219017174,2.0709908115153467e-07,0.16191243162549337,0.6857574393737083,25,20,20
38,8908,0.15232995553305118,2.0711298754535694e-07,0.16203132665086314,0.6856385107030982,25,20,20
38,8909,0.15232995553305437,2.071129876958711e-07,0.16203144253162566,0.6856383948223322,25,20,20
38,8910,0.15232995553305356,2.0711298340295896e-07,0.16203124526186227,0.6856385920921008,25,20,20
38,8911,0.1522248922098757,5.877103215745685e-08,0.16443438887035206,0.6833406601487404,25,20,20
38,8912,0.15222489220987576,5.877103223402344e-08,0.1644345047473191,0.6833405442717733,25,20,20
38,8913,0.15229376271892484,3.294688439274929e-08,0.1647656979476692,0.6829405063865218,25,20,20
38,8914,0.15229376271892486,3.294688014245467e-08,0.16439259806294845,0.6833136062712468,25,20,20
38,8915,0.1522937627189328,3.294688029173386e-08,0.16439491488085525,0.6833112894533317,25,20,20
38,8916,0.15229377889805937,3.27005480219285e-08,0.16439496949697432,0.6833112189044186,25,20,20
38,8917,0.15242078344466115,3.260988301644944e-08,0.16426796548034786,0.6833112184651087,25,20,20
38,8918,0.15111108571595244,3.296763231672917e-08,0.16527277131992693,0.6836161099964891,25,20,20
38,8919,0.15111108571613455,3.296787691038423e-08,0.1652776028398525,0.683611278476137,25,20,20
38,8920,0.15111108571613135,3.296811982941209e-08,0.1655423018346909,0.6833465794810586,25,20,20
38,8921,0.14790846427634788,2.957108855457991e-08,0.16874495638367992,0.6833465497688844,25,20,20
38,8922,0.14790846427634782,2.957108848064059e-08,0.16874025757953462,0.6833512485730298,25,20,20
38,8923,0.1479084642761665,2.9570843887009107e-08,0.16873550199038173,0.6833560041626086,25,20,20
38,8924,0.14790846427616644,2.957084381174105e-08,0.16873550058166994,0.6833560055713204,25,20,20
38,8925,0.14790846427616647,2.9571086807346712e-08,0.16900185003063203,0.6830896561221154,25,20,20
38,8926,0.1479084642763406,2.9571090948384125e-08,0.16899972695450016,0.6830917791980688,25,20,20
38,8927,0.1478391208596242,5.218761076983606e-10,0.16906910419764926,0.6830917744208511,25,20,20
38,8928,0.14783912085962106,5.218802388941294e-10,0.16916128123338653,0.682999597385113,25,20,20
38,8929,0.14783912085962111,5.218803141629877e-10,0.16916131606951496,0.6829995625489843,25,20,20
38,8930,0.15865576243643476,3.936226650738923e-10,0.15834469230714887,0.6829995448627946,25,20,20
38,8931,0.11889165648702767,1.2365317046726182e-09,0.19810879332577824,0.6829995489506616,25,20,20
38,8932,0.1193225472143486,1.291400907377266e-09,0.19838057282092195,0.6822968786733283,25,20,20
38,8933,0.1193225472143941,1.2914009074005498e-09,0.19838502111156145,0.6822924303826434,25,20,20
38,8934,0.11932254721439405,1.2914009061258847e-09,0.19838032071129041,0.6822971307829144,25,20,20
38,8935,0.11932254721439485,1.2914009797504145e-09,0.19847249948162568,0.6822049520125784,25,20,20
38,8936,0.10250619058738639,9.371391772768203e-10,0.21559072377606484,0.6819030846994083,25,20,20
38,8937,0.1024370678463732,1.4392561772766e-09,0.21565970473375726,0.6819032259806115,25,20,20
38,8938,0.10680700163266171,7.79339510141989e-08,0.21128957149818853,0.6819033489351977,25,20,20
38,8939,0.10680700163266246,7.793371238549403e-08,0.21102338021216416,0.68216954022146,25,20,20
38,8940,0.13970798699198872,7.709082609049412e-08,0.17812239977742808,0.6821695361397561,25,20,20
38,8941,0.11701487065984635,7.3508930612663465e-06,0.20077415009396635,0.6822036283531253,25,20,20
38,8942,0.09978075205375193,1.2678952675439937e-07,0.19648576367297144,0.7037333574837493,25,20,20
38,8943,0.09978075205393408,1.2678952690363888e-07,0.19648579364062757,0.7037333275159109,25,20,20
38,8944,0.09978075205393327,1.2678952253932411e-07,0.19648563642568115,0.7037334847308625,25,20,20
38,8945,0.13528406209710295,5.028572267201e-08,0.16098252588417947,0.7037333617329944,25,20,20
38,8946,0.13611578932281515,5.028574661358898e-08,0.16015079865205778,0.7037333617393806,25,20,20
38,8947,0.13611578932295174,5.02857466137932e-08,0.16014889571043103,0.7037352646808708,25,20,20
38,8948,0.12883292275099303,2.85675624017252e-07,0.16743038528831003,0.7037364062850726,25,20,20
38,8949,0.12889962188551637,1.851848642789066e-06,0.16736198676391079,0.7037365395019296,25,20,20
38,8950,0.12291307986395328,1.8518513419826323e-06,0.17334852847909196,0.7037365398056121,25,20,20
38,8951,0.12291304623262272,1.8526295327828273e-06,0.1733648314915248,0.7037202696463193,25,20,20
38,8952,0.12291304623244058,1.8526295284899152e-06,0.17336463516573247,0.703720465972298,25,20,20
38,8953,0.12291304623239505,1.852629528489892e-06,0.17336015101303068,0.703724950125045,25,20,20
38,8954,0.12248453855192125,1.8525747234830715e-06,0.17654623474328396,0.7009673741300698,25,20,20
38,8955,0.12248453855192125,1.852574723558363e-06,0.17654623415859785,0.7009673747147559,25,20,20
38,8956,0.12243973626238759,8.209199736990925e-07,0.17645186322007395,0.7011075795975636,25,20,20
38,8957,0.12243973626243303,8.209199780545985e-07,0.1765441694709361,0.7010152733466519,25,20,20
38,8958,0.12243973626225486,8.209202182667242e-07,0.17655162918154377,0.7010078136359823,25,20,20
38,8959,0.13661236740685848,8.204136245982578e-07,0.16237913925334116,0.701007672926175,25,20,20
38,8960,0.13661236740685767,8.204136245956163e-07,0.16237905990239096,0.7010077522771261,25,20,20
38,8961,0.13661236740667554,8.204136244450782e-07,0.1623790299013363,0.7010077822783627,25,20,20
38,8962,0.13661236740667632,8.204136245190494e-07,0.16237906671530905,0.7010077454643892,25,20,20
38,8963,0.1366123674066787,8.204136287352683e-07,0.16229152067384753,0.7010952915058439,25,20,20
38,8964,0.13661236740667548,8.196215315412515e-07,0.16215624217081465,0.7012305708009773,25,20,20
38,8965,0.13661236740922544,8.196215314771269e-07,0.16206630148409473,0.7013205114851473,25,20,20
38,8966,0.13661236740940758,8.196217760733775e-07,0.1620711355880378,0.7013156773807776,25,20,20
38,8967,0.13661236740940835,8.196217760746984e-07,0.16207128955587607,0.7013155234129386,25,20,20
38,8968,0.13661236740940444,8.196217760906416e-07,0.16206846663985758,0.7013183463289608,25,20,20
38,8969,0.13661236740940444,8.196217761659465e-07,0.1620731659139548,0.7013136470548637,25,20,20
38,8970,0.1366123674094044,8.196217761633281e-07,0.16207324437475001,0.7013135685940685,25,20,20
38,8971,0.10385000738711801,1.8226101676362448e-06,0.19483223049204995,0.7013159395106636,25,20,20
38,8972,0.10385000738711801,1.8226101676362681e-06,0.1948321764730669,0.7013159935296467,25,20,20
38,8973,0.10385000738711808,1.8226101677110357e-06,0.19509850908880935,0.7010496609139041,25,20,20
38,8974,0.10382960568939373,1.2881096482238527e-06,0.19525201084435984,0.7009170953565971,25,20,20
38,8975,0.10382960569198836,1.2881096481512111e-06,0.1952613155974387,0.7009077906009238,25,20,20
38,8976,0.10495392213833574,5.513186036344456e-05,0.1938241128563919,0.7011668331449079,25,20,20
38,8977,0.12878137616066668,4.35308546825042e-05,0.1700634897931003,0.7011116031915497,25,20,20
38,8978,0.12878137615807128,4.353085467821279e-05,0.17006120326340915,0.7011138897238406,25,20,20
38,8979,0.12878137615807136,4.3530854433619165e-05,0.17005807879392978,0.7011170141935645,25,20,20
38,8980,0.12877985941132933,4.353083667867217e-05,0.17006736805725467,0.7011092416947368,25,20,20
38,8981,0.1287798594113748,4.353085035045699e-05,0.16989597013251426,0.7012806396057598,25,20,20
38,8982,0.10799407114208164,4.3531949753696154e-05,0.18973610310217606,0.7022262938059883,25,20,20
38,8983,0.10799407114208158,4.353194974941572e-05,0.18964383777846472,0.7023185591297042,25,20,20
38,8984,0.10799407114208157,4.3531949504832195e-05,0.18963724918328265,0.702325147725131,25,20,20
38,8985,0.1079940711446736,4.3531949753717e-05,0.18963734966227278,0.7023250472433001,25,20,20
38,8986,0.1079940711444922,4.3531949753715676e-05,0.18964237321988175,0.7023200236858727,25,20,20
38,8987,0.1079940711444922,4.35319497536404e-05,0.1896422573679538,0.7023201395378007,25,20,20
38,8988,0.10799407114189698,4.353194950475427e-05,0.18963741952195368,0.7023249773866449,25,20,20
38,8989,0.10799407114207871,4.353196341533353e-05,0.18973233449611762,0.7022300623983888,25,20,20
38,8990,0.10799407114189664,4.353196341533336e-05,0.1897342351859529,0.7022281617087357,25,20,20
38,8991,0.10799407114189714,4.35319734998304e-05,0.20078607677478444,0.6911763201098191,25,20,20
38,8992,0.10799407114189952,4.353197374217104e-05,0.20115908134825167,0.6908033155361071,25,20,20
38,8993,0.10799407114189952,4.3531973742172344e-05,0.20115904597688763,0.690803350907471,25,20,20
38,8994,0.1293427211448149,4.449686194805576e-05,0.1795520417885875,0.69106074020465,25,20,20
38,8995,0.12980175923472845,4.449686396243156e-05,0.17904331038768734,0.6911104335136222,25,20,20
38,8996,0.12980175923472762,4.4496863962432854e-05,0.17904315850835864,0.6911105853929517,25,20,20
38,8997,0.11945288114352119,1.2513470735152927e-06,0.18964035381143177,0.6909055136979735,25,20,20
38,8998,0.11945288114352119,1.2513470735139721e-06,0.18964046560680053,0.6909054019026049,25,20,20
38,8999,0.11939249950857414,1.5140956557411882e-06,0.20642447430020044,0.6741815120955699,25,20,20
38,9000,0.11939249950852866,1.5140817409620527e-06,0.20633612450223437,0.674269861907496,25,20,20
38,9001,0.11939249950852866,1.5140817408885836e-06,0.20606995510605813,0.6745360313036725,25,20,20
38,9002,0.11939249950852864,1.5140815005852456e-06,0.20606531685435647,0.6745406695556144,25,20,20
38,9003,0.11939249950852864,1.5140815005852454e-06,0.20606528983515188,0.6745406965748191,25,20,20
38,9004,0.15772184310875573,1.5129788283177793e-06,0.16868462569719175,0.6735920182152245,25,20,20
38,9005,0.1577218430937012,1.2006373989814257e-06,0.1734286524292932,0.6688483038396066,25,20,20
38,9006,0.15831790210030983,1.2006371785841122e-06,0.1728325934817674,0.6688483037807442,25,20,20
38,9007,0.15831790209888622,1.5485844413236637e-06,0.17292843360090093,0.6687521157157716,25,20,20
38,9008,0.15831790209888624,1.548584441397635e-06,0.17292194470403177,0.6687586046126407,25,20,20
38,9009,0.15831790209888547,1.5485844413976128e-06,0.17291532455967734,0.6687652247569957,25,20,20
38,9010,0.15831790209888547,1.5485844413976128e-06,0.1729153245594609,0.6687652247572123,25,20,20
38,9011,0.12441694682811627,6.307097191269078e-07,0.20707458761495234,0.6685078348472118,25,20,20
38,9012,0.1244169468281163,6.307097192008664e-07,0.2070811890512657,0.6685012334108985,25,20,20
38,9013,0.12441694683050589,6.306960509654885e-07,0.20735938383743097,0.6682230386360117,25,20,20
38,9014,0.12441694683050589,6.306960510394597e-07,0.2073593852300699,0.6682230372433728,25,20,20
38,9015,0.12284410228130238,6.704454271275056e-07,0.20893209358267006,0.6682231336906004,25,20,20
38,9016,0.12284410228130241,6.704454272015004e-07,0.20893212948647968,0.6682230977867905,25,20,20
38,9017,0.12284410236136659,6.778522374391821e-07,0.2089321505819223,0.6682230692044736,25,20,20
38,9018,0.122844102358772,6.778522374378613e-07,0.20891976687933486,0.6682354529096557,25,20,20
38,9019,0.122844102358772,6.778522374365636e-07,0.20891976827079858,0.6682354515181919,25,20,20
38,9020,0.12122583428091187,0.00012754491926407954,0.21041079675033514,0.6682358240494887,25,20,20
38,9021,0.1212258342809119,0.00012754491950869344,0.21041241993523496,0.6682342008643442,25,20,20
38,9022,0.12122583428350708,0.00012754491975336236,0.21041709244879758,0.6682295283479415,25,20,20
38,9023,0.1212258342835102,0.00012754491950875112,0.21041546447886272,0.6682311563181179,25,20,20
38,9024,0.12714795006286014,0.00012754500739879283,0.2044933489157298,0.6682311560140104,25,20,20
38,9025,0.1271479500654522,0.0001275450074052617,0.20412506428864222,0.6685994406384994,25,20,20
38,9026,0.12600773935624662,0.0001438319491392468,0.2052489884730991,0.6685994402215141,25,20,20
38,9027,0.1260077393562466,0.0001438319491391715,0.20524887013101645,0.6685995585635969,25,20,20
38,9028,0.12716058762132706,0.00012754491684334156,0.20411230889800738,0.6685995585638215,25,20,20
38,9029,0.16656228680994456,6.308442047580718e-07,0.1648378962262878,0.6685991861195621,25,20,20
38,9030,0.16656229213301388,6.30844204662006e-07,0.16483789094674883,0.6685991860760322,25,20,20
38,9031,0.15150183901058686,6.522375341203127e-07,0.17989932966434022,0.6685981790875383,25,20,20
38,9032,0.1515018390105869,6.522375340450671e-07,0.1798992962813136,0.6685982124705647,25,20,20
38,9033,0.15150183901058697,6.522375383362431e-07,0.17990400181440008,0.668593506937474,25,20,20
38,9034,0.15150183901058692,6.522375382609742e-07,0.17990396697827155,0.6685935417736026,25,20,20
38,9035,0.14127239984840054,6.522375027162408e-07,0.19013340582731694,0.6685935420867792,25,20,20
38,9036,0.17992996433389907,6.306338736864306e-07,0.15147596778135394,0.6685934372508727,25,20,20
38,9037,0.18733947544584492,3.9524399532168794e-07,0.1440678336636208,0.6685922956465382,25,20,20
38,9038,0.18733283497870368,3.952439987214479e-07,0.14407447411581922,0.6685922956614776,25,20,20
38,9039,0.18733283497870368,3.952439987980281e-07,0.14407909349091214,0.6685876762863846,25,20,20
38,9040,0.1875621051069474,3.9525677935456516e-07,0.14384434054184467,0.6685931590944278,25,20,20
38,9041,0.18756210510694818,3.9525677950380553e-07,0.1438444617909705,0.6685930378453011,25,20,20
38,9042,0.1876565172896533,3.9524453805412496e-07,0.14375004970878794,0.6685930377570202,25,20,20
38,9043,0.1871951182750626,3.957682342093742e-07,0.11825829612940264,0.6945461898273,25,20,20
38,9044,0.18719511827506266,3.957682342081064e-07,0.11825521783771897,0.6945492681189837,25,20,20
38,9045,0.1868931594711592,3.958442334388743e-07,0.11855717555465109,0.6945492691299557,25,20,20
38,9046,0.18689315947115914,3.958442333635619e-07,0.11855566845114204,0.694550776233465,25,20,20
38,9047,0.18689315947115914,3.958442333635627e-07,0.11855559045810056,0.6945508542265065,25,20,20
38,9048,0.186893159468591,3.958439953125888e-07,0.11818264951952527,0.6949237951678878,25,20,20
38,9049,0.18689315946859092,3.9584399535928556e-07,0.1184442786414979,0.6946621660459152,25,20,20
38,9050,0.18689315946877316,3.95843999725695e-07,0.11844891516180239,0.6946575295254241,25,20,20
38,9051,0.18672395743246567,4.1591430993289364e-07,0.1186234824481423,0.6946521442050816,25,20,20
38,9052,0.18672395743246256,4.1591430556782756e-07,0.118620356729712,0.6946552699235194,25,20,20
38,9053,0.1867239574324628,4.159042210701843e-07,0.10756207877280084,0.7057135478905149,25,20,20
38,9054,0.1867239574324636,4.159042168828941e-07,0.10729583059749602,0.7059797960658232,25,20,20
38,9055,0.1867239574324635,4.159042168822064e-07,0.10730223984582596,0.7059733868174932,25,20,20
38,9056,0.1867239574298683,4.15903967997381e-07,0.10729740397294141,0.7059782226932217,25,20,20
38,9057,0.1867239574298675,4.159039721846709e-07,0.10756361398380904,0.7057120126823508,25,20,20
38,9058,0.1867239574298675,4.1590396789374496e-07,0.10755704606323942,0.7057185806029248,25,20,20
38,9059,0.18672395742986747,4.159039678470478e-07,0.10729541693243255,0.7059802097337317,25,20,20
38,9060,0.18672395742986747,4.1590396784575007e-07,0.10729549742613276,0.7059801292400314,25,20,20
38,9061,0.15714820834476084,4.15912900812366e-07,0.13687110817101034,0.7059802675713273,25,20,20
38,9062,0.1571482083447608,4.159129008123657e-07,0.13686959972252163,0.7059817760198162,25,20,20
38,9063,0.157644906711093,4.1591279036587517e-07,0.13637290135630947,0.7059817760198066,25,20,20
38,9064,0.15764490671109305,4.1591303255936855e-07,0.1367459271749802,0.7056087502008936,25,20,20
38,9065,0.15764490671109377,4.1591303263329383e-07,0.13674442084293592,0.7056102565329373,25,20,20
38,9066,0.15764490671109377,4.15913032633293e-07,0.13674453221991803,0.7056101451559552,25,20,20
38,9067,0.15764490671109377,4.1591303263326985e-07,0.13674449364769659,0.7056101837281765,25,20,20
38,9068,0.15869280059295554,3.7653487260793687e-07,0.13569673387982042,0.7056100889923512,25,20,20
38,9069,0.1586928005929588,3.7653487268454084e-07,0.13570144970959405,0.7056053731625742,25,20,20
38,9070,0.15869280059296278,3.765348769772433e-07,0.13570381652273364,0.7056030063494266,25,20,20
38,9071,0.15869280059296278,3.7653488119311755e-07,0.1357019152181732,0.705604907653983,25,20,20
38,9072,0.15869280059299157,3.765347980372211e-07,0.1492990096079199,0.6920078132642906,25,20,20
38,9073,0.1586928005929884,3.765348023259706e-07,0.1493011794865645,0.6920056433856446,25,20,20
38,9074,0.15869280059298843,3.765347980361381e-07,0.14929655851871412,0.6920102643534993,25,20,20
38,9075,0.15869280059298843,3.765347981120127e-07,0.14966967781856952,0.6916371450536437,25,20,20
38,9076,0.15869280059295962,3.7653463899914713e-07,0.13569958908319812,0.7056072337892032,25,20,20
38,9077,0.15869280059036758,3.7653439440550564e-07,0.13569483727987813,0.7056119855953598,25,20,20
38,9078,0.15869280059036753,3.7653439447817916e-07,0.1356947940797759,0.705612028795462,25,20,20
38,9079,0.15869280059036675,3.765343944029099e-07,0.1356946775244101,0.7056121453508287,25,20,20
38,9080,0.1586928005903628,3.76534394391941e-07,0.13578460505181783,0.7055222178234248,25,20,20
38,9081,0.15869280059036275,3.765343986828669e-07,0.13579112906543223,0.7055156938098064,25,20,20
38,9082,0.15869280059018057,3.765343943930702e-07,0.13578645405630152,0.7055203688191236,25,20,20
38,9083,0.15869280166952646,2.730735919227103e-08,0.13578510802678959,0.7055220629963256,25,20,20
38,9084,0.15869280166952965,2.7307354976139894e-08,0.13578753201342647,0.7055196390096897,25,20,20
38,9085,0.1187113557602898,6.638866386363988e-05,0.1757025175067158,0.7055197380691318,25,20,20
38,9086,0.11871135576028984,6.638866386371517e-05,0.17570251964609127,0.7055197359297563,25,20,20
38,9087,0.09202744564573895,6.674129123251964e-05,0.20229185889269338,0.7056139541703363,25,20,20
38,9088,0.11514761757329177,6.674129847886382e-05,0.17917168692336427,0.7056139542048665,25,20,20
38,9089,0.11514761757329177,6.674129847893851e-05,0.17880019119364213,0.7059854499345886,25,20,20
38,9090,0.11514761757328851,6.674129847893718e-05,0.1787976726729489,0.705987968455285,25,20,20
38,9091,0.11514759546456674,6.674481599601872e-05,0.20123266013548272,0.6835529995839551,25,20,20
38,9092,0.11514759546456756,6.674481599173018e-05,0.20123035028525885,0.6835553094341826,25,20,20
38,9093,0.11508931870574944,0.0008807898123749842,0.20047352576820587,0.6835563657136706,25,20,20
38,9094,0.11508931870574625,0.0008807898123749104,0.2004689387147592,0.6835609527671206,25,20,20
38,9095,0.11507587529697762,0.000814429315952286,0.20054884167939271,0.6835608537076783,25,20,20
38,9096,0.1150758752969768,0.0008144293159479955,0.20054875257872454,0.6835609428083516,25,20,20
38,9097,0.11507587529702232,0.0008144293159479954,0.20055540926518353,0.6835542861218471,25,20,20
38,9098,0.11507587529961744,0.0008144293161925731,0.20056302851963342,0.6835466668645577,25,20,20
38,9099,0.11507587529961509,0.0008144293162010599,0.20065524643094027,0.6834544489532449,25,20,20
38,9100,0.1150758752996606,0.0008144293162010612,0.20065523448378056,0.6834544609003592,25,20,20
38,9101,0.11507587529966141,0.0008144293162012104,0.20065520310444374,0.6834544922796951,25,20,20
38,9102,0.11506616686917308,0.00035536612838570547,0.20109547747633466,0.6834829895261079,25,20,20
38,9103,0.11506616686912753,0.0003553661283856289,0.20108876989246977,0.6834896971100183,25,20,20
38,9104,0.11506616686930926,0.0003553661286296888,0.2011811163294646,0.6833973506725978,25,20,20
38,9105,0.1318520213510693,0.000355013130086876,0.18448979890529454,0.6833031666135505,25,20,20
38,9106,0.13185202135106844,0.0003550131300783138,0.18439752551552485,0.6833954400033296,25,20,20
38,9107,0.14871414711924089,0.0003550131228359284,0.1675353997885952,0.6833954399693289,25,20,20
38,9108,0.1487142417287018,0.00035500915781839815,0.1709718685863673,0.6799588805271134,25,20,20
38,9109,0.1487130845362175,3.287834972041319e-08,0.17135769423645977,0.679929188348974,25,20,20
38,9110,0.14900468553614862,3.289793779554266e-08,0.17106609337679374,0.6799291881891201,25,20,20
38,9111,0.14900468553614543,3.28979335039059e-08,0.17106597718255886,0.6799293043833624,25,20,20
38,9112,0.14900468553614862,3.289794208448429e-08,0.17107250310515557,0.679922778460754,25,20,20
38,9113,0.14889244647298147,3.280238022084914e-08,0.17118474270550435,0.6799227780191349,25,20,20
38,9114,0.1488924464729814,3.2802376014968236e-08,0.1714655523054766,0.6796419684191669,25,20,20
38,9115,0.1488924464729806,3.280237586443039e-08,0.1714654697963556,0.6796420509282889,25,20,20
38,9116,0.1226306240466521,5.684685376558583e-08,0.19772088048380293,0.6796484386226922,25,20,20
38,9117,0.12263062404665215,5.684685376500247e-08,0.19734789775191014,0.680021421354585,25,20,20
38,9118,0.12263062405698053,5.684685369104139e-08,0.1975548746815215,0.6798144444146453,25,20,20
38,9119,0.1226306240569358,5.684685798134131e-08,0.19755495050476543,0.6798143685914418,25,20,20
38,9120,0.12263062405693899,5.6846857982685376e-08,0.19755497964749258,0.6798143394487114,25,20,20
38,9121,0.12263062405675809,5.68466139994597e-08,0.19746275111011488,0.6799065679865138,25,20,20
38,9122,0.12263062404642967,5.684661407339345e-08,0.19725793574363285,0.6801113833633243,25,20,20
38,9123,0.12263062404642971,5.684661414866249e-08,0.1972578517561784,0.6801114673507784,25,20,20
38,9124,0.12263062404642894,5.68466099303101e-08,0.19763081066980118,0.6797385084371609,25,20,20
38,9125,0.12263062404642894,5.684661000686792e-08,0.19763550993358606,0.6797338091733759,25,20,20
38,9126,0.12024636588088436,3.281899678147626e-08,0.20002595833816814,0.6797276429619515,25,20,20
38,9127,0.12024636588088514,3.2819000997658895e-08,0.20002607832324176,0.6797275229768726,25,20,20
38,9128,0.12070826523708965,3.2741776340735697e-08,0.19969762172220779,0.6795940802989265,25,20,20
38,9129,0.12072314028675761,3.188222131333437e-08,0.19968274745993228,0.6795940803710893,25,20,20
38,9130,0.12029824297224113,1.179285036568688e-08,0.2001077623520352,0.6795939828828728,25,20,20
38,9131,0.12029825138029387,1.1807001023948283e-08,0.20022332549600472,0.6794784113166997,25,20,20
38,9132,0.12029825138029389,1.1820899511562163e-08,0.200352919319766,0.67934881747904,25,20,20
38,9133,0.12029825138033927,1.182114326479113e-08,0.2004781734530955,0.6792235633454213,25,20,20
38,9134,0.12029825138033845,1.1821138899374011e-08,0.20048113171951085,0.679220605079011,25,20,20
38,9135,0.12029825138033845,1.1821138898076436e-08,0.2004765109387072,0.6792252258598147,25,20,20
38,9136,0.12029825138033845,1.1821138896801071e-08,0.20047639789098906,0.679225338907533,25,20,20
38,9137,0.12029825138034161,1.1821138898090379e-08,0.20048101407969363,0.6792207227188253,25,20,20
38,9138,0.1202982513906991,1.1821138899249602e-08,0.20058813404728998,0.6791136027408713,25,20,20
38,9139,0.12029825139065371,1.1820895070761354e-08,0.2004582166390436,0.6792435201494069,25,20,20
38,9140,0.12029825139065377,1.1820895070760547e-08,0.2004582605688281,0.6792434762196224,25,20,20
38,9141,0.12029825140100213,1.1821138897019637e-08,0.20058626001729032,0.6791154767605678,25,20,20
38,9142,0.1358173688121088,4.883970263488153e-07,0.18506692339330053,0.679115219397564,25,20,20
38,9143,0.13581736881210799,4.883970305646767e-07,0.18507150964655314,0.6791106331443078,25,20,20
38,9144,0.1358173688121527,4.883970347821535e-07,0.18507314231454525,0.6791090004762667,25,20,20
38,9145,0.1358173688095576,4.883967901291917e-07,0.18506548366601985,0.6791166591276319,25,20,20
38,9146,0.1358173688095608,4.883967901317876e-07,0.18506556644387337,0.6791165763497752,25,20,20
38,9147,0.13594660443325432,4.883967612903642e-07,0.1849363312446476,0.6791165759253366,25,20,20
38,9148,0.13594660443325432,4.883967612916624e-07,0.18493635839028477,0.6791165487796994,25,20,20
38,9149,0.1359496028335697,7.642569645326814e-07,0.1849347552329958,0.6791148776764692,25,20,20
38,9150,0.13594960283356966,7.642569644593903e-07,0.18456173246770036,0.6794879004417647,25,20,20
38,9151,0.13594960960753005,0.0011039045221744991,0.18345858493004655,0.679487900940248,25,20,20
38,9152,0.12728308107914083,0.0011147734704213597,0.19211333537164266,0.6794888100787945,25,20,20
38,9153,0.12728308107930192,0.001114773470638224,0.19665233548598238,0.6749498099640767,25,20,20
38,9154,0.1272830810691265,0.0011147734706425127,0.19655182451620537,0.675050320944025,25,20,20
38,9155,0.12728308106912642,0.0011147734706425112,0.19655179594396685,0.6750503495162634,25,20,20
38,9156,0.12728308106896213,0.001114773470429935,0.19201923850374591,0.6795829069568612,25,20,20
38,9157,0.1272830810689629,0.0011147734704341867,0.19239234124845225,0.6792098042121498,25,20,20
38,9158,0.12728308106896302,0.001114773470434262,0.19239239578882475,0.6792097496717772,25,20,20
38,9159,0.12728308106896302,0.0011147734704342618,0.19239019906678287,0.679211946393819,25,20,20
38,9160,0.11620096331200004,0.0011147877021447019,0.20347230140165043,0.6792119475842041,25,20,20
38,9161,0.11620096331204559,0.0011147877021447778,0.2034659540676563,0.6792182949181528,25,20,20
38,9162,0.11620096331204564,0.001114787702144853,0.20346595407650955,0.6792182949092994,25,20,20
38,9163,0.1162009633120001,0.0011147877021405613,0.20346577797156365,0.6792184710142951,25,20,20
38,9164,0.1162009633119969,0.0011147877021319794,0.2034591735569156,0.6792250754289548,25,20,20
38,9165,0.1162009633118148,0.0011147877021276897,0.2035820562231503,0.6791021927629065,25,20,20
38,9166,0.09421025872936402,0.0011147895988785617,0.22395625184605206,0.6807186998257043,25,20,20
38,9167,0.094210258729364,0.0011147895988784867,0.22382673175106096,0.6808482199206957,25,20,20
38,9168,0.09421025872940955,0.001114789598878562,0.22383122209969183,0.6808437295720189,25,20,20
38,9169,0.0942245996150053,0.001114789613481484,0.22381688127163266,0.6808437294998788,25,20,20
38,9170,0.0942245996150053,0.0011147896134814828,0.22381680128111797,0.6808438094903936,25,20,20
38,9171,0.09422459961500211,0.0011147896134814062,0.22381206445937454,0.6808485463121404,25,20,20
38,9172,0.08775239984083781,0.0011040745293189114,0.23029449365780597,0.6808490319720357,25,20,20
38,9173,0.0877523998408377,0.0011040745293231257,0.2303010165832904,0.6808425090465471,25,20,20
38,9174,0.08729041297419095,0.0011040745284798795,0.19702707017196994,0.7145784423253582,25,20,20
38,9175,0.0872904129845727,0.001104074528479956,0.19702871206667683,0.7145768004202694,25,20,20
38,9176,0.08729040584347296,8.5771946880973e-06,0.19812421703672783,0.7145767999251106,25,20,20
38,9177,0.08729040584347297,8.57719468817257e-06,0.19812433184921738,0.714576685112621,25,20,20
38,9178,0.08729040584347296,8.577194688097303e-06,0.1981242430123744,0.7145767739494641,25,20,20
38,9179,0.0872903974354226,8.577180541802628e-06,0.19801289210535722,0.7146881332786781,25,20,20
38,9180,0.08729039743542577,8.577180541876053e-06,0.19827923824727012,0.7144217871367617,25,20,20
38,9181,0.08726118837920943,8.577176798230135e-06,0.16565303735063633,0.7470771970933557,25,20,20
38,9182,0.0872611812667394,8.577176596141078e-06,0.15939131489384442,0.7533389266628199,25,20,20
38,9183,0.08726118126673628,8.577162697654715e-06,0.1592616953372549,0.7534685462333109,25,20,20
38,9184,0.06746244931217292,1.0508099058104853e-05,0.17904978330471916,0.75347725928405,25,20,20
38,9185,0.06746244931217292,1.0508099058104853e-05,0.1790544862132036,0.7534725563755654,25,20,20
38,9186,0.06746244931217366,1.0508099058176802e-05,0.17942760209852915,0.7530994404902391,25,20,20
38,9187,0.06746248025185646,1.2866586155395655e-05,0.17942519799503148,0.7530994551669572,25,20,20
38,9188,0.06746248039975673,1.286660033923329e-05,0.17943748389788572,0.7530871691020189,25,20,20
38,9189,0.06746248039975594,1.2866600339158744e-05,0.1790643646026612,0.7534602883972442,25,20,20
38,9190,0.06250242235870351,1.0781800359676604e-05,0.18402491070733284,0.7534618851336041,25,20,20
38,9191,0.06250242234836736,1.078180036389272e-05,0.18402560857978206,0.7534611872714868,25,20,20
38,9192,0.06250242234836732,1.0781800368052659e-05,0.18428533535787517,0.7532014604933895,25,20,20
38,9193,0.07305925657078739,1.0767924460777178e-05,0.1737283295384344,0.753201645966318,25,20,20
38,9194,0.07305925657079057,1.0767924465040212e-05,0.1739899595833235,0.7529400159214216,25,20,20
38,9195,0.07305925657079136,1.076792446511478e-05,0.1743630783029603,0.7525668972017837,25,20,20
38,9196,0.07452907863160906,1.0767568773778185e-05,0.17289344326112877,0.7525667105384889,25,20,20
38,9197,0.07452907863156347,1.0767568769486802e-05,0.1728910784499784,0.7525690753496893,25,20,20
38,9198,0.05663883295531213,1.3113141832423281e-05,0.19239548211133187,0.7509525717915231,25,20,20
38,9199,0.056638832955266595,1.3113141828131833e-05,0.1923937599383001,0.750954293964605,25,20,20
38,9200,0.0596543336156932,1.3136149371245161e-05,0.18938993700691875,0.7509425932280169,25,20,20
38,9201,0.0596543336156932,1.3136149371320406e-05,0.1893900508613941,0.7509424793735415,25,20,20
38,9202,0.0566550204486042,1.3113141376876924e-05,0.19238939088540707,0.7509424755246118,25,20,20
38,9203,0.056662011040223004,1.2538639888415774e-05,0.1923829892325543,0.7509424610873342,25,20,20
38,9204,0.05666201104022221,1.2538639888342528e-05,0.19201647470071756,0.7513089756191718,25,20,20
38,9205,0.056662011050599446,1.2538640132850816e-05,0.1920165749830632,0.7513088753262044,25,20,20
38,9206,0.05665901156093404,1.2261921858175792e-05,0.1872699957724455,0.756058730744761,25,20,20
38,9207,0.056659011560930866,1.2261921853914054e-05,0.1870036642512133,0.7563250622660007,25,20,20
38,9208,0.04020969141755,1.1785788493097925e-05,0.20345345835041267,0.7563250644435432,25,20,20
38,9209,0.04020969141755,1.1785788488806975e-05,0.20344685185762168,0.7563316709363386,25,20,20
38,9210,0.04020968468029151,1.1786583107407185e-05,0.19624884994547176,0.7635296787911287,25,20,20
38,9211,0.04020968466991108,1.1786582858535311e-05,0.19624222422512613,0.7635363045221036,25,20,20
38,9212,0.0402096846595627,1.1786582614633789e-05,0.196111948636736,0.763666580121086,25,20,20
38,9213,0.04020968465956276,1.178658261889816e-05,0.19637828190694193,0.7634002468508757,25,20,20
38,9214,0.04020968465956277,1.178658261897213e-05,0.19637839646260052,0.7634001322952172,25,20,20
38,9215,0.04509608087841449,4.411617143931391e-06,0.19148009474458255,0.7634194127598585,25,20,20
38,9216,0.04509608087841132,4.411617143931906e-06,0.19121844841905847,0.763681059085386,25,20,20
38,9217,0.04509825119267152,1.668200091260138e-05,0.1912029838309838,0.7636820829754317,25,20,20
38,9218,0.04509825119267151,1.6682000912675338e-05,0.19120956153510335,0.7636755052713121,25,20,20
38,9219,0.04509825265509703,0.0003981882141870589,0.19557737302728082,0.7589261861034347,25,20,20
38,9220,0.045098252655097835,0.00039818821419135183,0.19557756772384535,0.7589259914068649,25,20,20
38,9221,0.045098252655097835,0.0003981882141913531,0.19557754267985167,0.7589260164508589,25,20,20
38,9222,0.045098252655097884,0.000398188214195569,0.19557564205272343,0.7589279170779828,25,20,20
38,9223,0.04509825250769316,0.00039818740818661346,0.19542906232703558,0.7590744977570845,25,20,20
38,9224,0.04509825250769641,0.00039818740818668876,0.19543379773725994,0.7590697623468565,25,20,20
38,9225,0.04509825250770281,0.0003981874081868393,0.1954354499393855,0.7590681101447245,25,20,20
38,9226,0.04509825250770286,0.00039818740818684065,0.19543544926327922,0.7590681108208307,25,20,20
38,9227,0.04509825251013591,0.0003981881532012545,0.19793539339901037,0.7565681659376522,25,20,20
38,9228,0.04509825251013587,0.0003981881532013284,0.1979399793854145,0.7565635799512479,25,20,20
38,9229,0.043684287760023865,0.00039818815308942184,0.19935394249386612,0.7565635815930203,25,20,20
38,9230,0.043681844054188596,0.00038616195041062313,0.19936941802023178,0.7565625759751685,25,20,20
38,9231,0.043681844054188596,0.00038616195041054783,0.19936483263406957,0.7565671613613308,25,20,20
38,9232,0.04368184405418786,0.0003861619504064468,0.19899833326222446,0.7569336607331809,25,20,20
38,9233,0.043681844054187804,0.00038616195040637284,0.19899643030058947,0.756935563694816,25,20,20
38,9234,0.04368184405414226,0.0003861619504062976,0.19899193996432182,0.7569400540311295,25,20,20
38,9235,0.04368184405432115,0.0003861619506509102,0.19898894176388104,0.7569430522311468,25,20,20
38,9236,0.04368184405432122,0.0003861619506510608,0.19899554723797974,0.7569364467570479,25,20,20
38,9237,0.043681844054366724,0.00038616196458191385,0.1987415355114515,0.7571904584695998,25,20,20
38,9238,0.04368184405436674,0.00038616196458191254,0.19873911345427214,0.7571928805267791,25,20,20
38,9239,0.04368184405436668,0.00038616196457762274,0.19873449039220506,0.7571975035888505,25,20,20
38,9240,0.043681844054188596,0.00038616196433729995,0.19873745539273482,0.7571945385887392,25,20,20
38,9241,0.043681844054188596,0.0003861619643373741,0.19873533367238883,0.7571966603090852,25,20,20
38,9242,0.043681844054370644,0.0003861619645818942,0.19873351585057242,0.7571984781304749,25,20,20
38,9243,0.04368184405436979,0.0003861619645861101,0.1987332562821553,0.7571987376988888,25,20,20
38,9244,0.04368184405441847,0.0003861619648302437,0.19882551605107823,0.7571064779296729,25,20,20
38,9245,0.04368184405423634,0.0003861619645855745,0.19882073038615183,0.7571112635950261,25,20,20
38,9246,0.04368184405423636,0.0003861619645855745,0.1988208448604526,0.7571111491207254,25,20,20
38,9247,0.043681844054237154,0.0003861619645898661,0.19882096106496583,0.7571110329162071,25,20,20
38,9248,0.04368184405423396,0.00038616196458128506,0.1988165184353698,0.7571154755458148,25,20,20
38,9249,0.043681844054188484,0.00038616196434151505,0.19873078410444683,0.7572012098770231,25,20,20
38,9250,0.043681844054191676,0.00038616196434159035,0.1987308666000933,0.7572011273813734,25,20,20
38,9251,0.04368184405419246,0.0003861619643458812,0.19873738958264578,0.7571946043988157,25,20,20
38,9252,0.04368184405419246,0.0003861619643458047,0.19873727627046192,0.7571947177109999,25,20,20
38,9253,0.043681844054189324,0.0003861619643457301,0.19873079078726064,0.7572012031942045,25,20,20
38,9254,0.043681844051756305,0.00038616121932710036,0.19622625838572516,0.7597057363431915,25,20,20
38,9255,0.043681844051756305,0.00038616121932710036,0.19622625838572516,0.7597057363431914,25,20,20
38,9256,0.042404524662206476,0.00038410372986669264,0.1975247909425061,0.7596865806654207,25,20,20
38,9257,0.04252692714111934,0.00038385915380269927,0.197402636573637,0.7596865771314408,25,20,20
38,9258,0.04252692714111934,0.00038385915380269927,0.19740266996427894,0.7596865437407988,25,20,20
38,9259,0.04252692714111934,0.00038385915380270057,0.19740278443384335,0.7596864292712345,25,20,20
38,9260,0.042526927141119344,0.0003838591538069162,0.1974093078734632,0.7596799058316105,25,20,20
38,9261,0.042526927141119344,0.0003838591538069162,0.19740927389356305,0.7596799398115107,25,20,20
38,9262,0.042526927141118546,0.0003838591538026246,0.19740919108326557,0.7596800226218133,25,20,20
38,9263,0.04252692714111855,0.00038385915379833427,0.19767541819530002,0.7594137955097833,25,20,20
38,9264,0.042526927141121745,0.00038385915379840957,0.197680008020323,0.7594092056847569,25,20,20
38,9265,0.04252692699322146,0.000383859139614498,0.19766775353318194,0.7594214603339818,25,20,20
38,9266,0.042526931342055915,2.3538909099761106e-06,0.198049814270018,0.7594209004970165,25,20,20
38,9267,0.048049513800674876,6.43496653256204e-09,0.19252957930225345,0.7594209004621052,25,20,20
38,9268,0.04804951380067726,6.43496224298233e-09,0.19252296938345773,0.7594275103809028,25,20,20
38,9269,0.04804951380067085,6.434962091107144e-09,0.19252131624967941,0.7594291635146877,25,20,20
38,9270,0.04827046523916392,2.6862352169285592e-08,0.19230025028516565,0.759429257613318,25,20,20
38,9271,0.048270465239118404,2.6848412865273718e-08,0.19228801179456587,0.7594414961179027,25,20,20
38,9272,0.04827046523911842,2.6848412866572084e-08,0.19228156157457238,0.7594479463378961,25,20,20
38,9273,0.0482704652494993,2.6848653198850205e-08,0.19202000599782756,0.7597095019040198,25,20,20
38,9274,0.04827046584117024,2.684914243094706e-08,0.19202740833585433,0.7597020989738329,25,20,20
38,9275,0.04827046584116711,2.684914235700749e-08,0.19202273376760184,0.7597067735420886,25,20,20
38,9276,0.048268103492456665,2.7692231799043043e-08,0.19201203546813259,0.7597198333471782,25,20,20
38,9277,0.04826810349245661,2.769223601539532e-08,0.19201206157575856,0.759719807239548,25,20,20
38,9278,0.048268102900782484,2.7691990613064257e-08,0.19213415342642495,0.7595977159808014,25,20,20
38,9279,0.05385996532147748,2.6862079170490412e-08,0.18655515427897337,0.7595848535374691,25,20,20
38,9280,0.053859965321477486,2.6862079171810513e-08,0.1865550738096152,0.7595849340068271,25,20,20
38,9281,0.053859965321477465,2.6862079021245315e-08,0.1865503705485934,0.7595896372678494,25,20,20
38,9282,0.0538599653214774,2.6862079019923993e-08,0.18655034282998811,0.7595896649864549,25,20,20
38,9283,0.05385996532147821,2.6862083310873608e-08,0.18655683567939785,0.7595831721370397,25,20,20
38,9284,0.05731061844822771,5.2725620754249147e-08,0.1831060500763893,0.7595832787497616,25,20,20
38,9285,0.05731061844827245,5.272562075424939e-08,0.18310605141586023,0.7595832774102459,25,20,20
38,9286,0.052359145307088545,5.767554643089822e-08,0.18805752307725623,0.7595832739401086,25,20,20
38,9287,0.05235914530708859,5.767530259978911e-08,0.18792962231849028,0.7597111746991183,25,20,20
38,9288,0.05235914530708859,5.7675306889418096e-08,0.18793622681382705,0.7597045702037774,25,20,20
38,9289,0.052359145307134175,5.767531118159608e-08,0.18794335989925476,0.7596974371182996,25,20,20
38,9290,0.052359145307134154,5.76753111828975e-08,0.18794119505741938,0.759699601960135,25,20,20
38,9291,0.052359145307133356,5.767530689324335e-08,0.18830769157347185,0.7593331054440877,25,20,20
38,9292,0.052359145307133356,5.7675306966212253e-08,0.1885739095826802,0.7590668874348792,25,20,20
38,9293,0.052359145307133356,5.7675311255863615e-08,0.18858040160590683,0.7590603954116482,25,20,20
38,9294,0.052359145307087775,5.767530696238709e-08,0.18857315662542257,0.7590676403921823,25,20,20
38,9295,0.05235914530709091,5.767555155733927e-08,0.1885763691669289,0.7590644278504283,25,20,20
38,9296,0.05235914530709167,5.7675767687961405e-08,0.19323576052881333,0.754405036488327,25,20,20
38,9297,0.05235914530704694,5.767576761398985e-08,0.19323575852123942,0.7544050384959458,25,20,20
38,9298,0.05235914530964204,5.767600798282423e-08,0.1932359155435689,0.7544048814707809,25,20,20
38,9299,0.05235913944729452,5.768073084566503e-08,0.19323592141033724,0.7544048814616372,25,20,20
38,9300,0.05235913944729452,5.768073084367287e-08,0.19324238590843687,0.7543984169635375,25,20,20
38,9301,0.05235913944729451,5.768073084237473e-08,0.19324234578982177,0.7543984570821526,25,20,20
38,9302,0.05235914012093128,5.877208986257726e-08,0.1932403225237549,0.7544004785832236,25,20,20
38,9303,0.052359140131240905,5.8771849530628243e-08,0.1935026886171335,0.7541381124797758,25,20,20
38,9304,0.06623452913731233,2.1865250748482218e-05,0.17960745059304528,0.7541361550188939,25,20,20
38,9305,0.06623452913731236,2.1865250748483583e-05,0.17961410380740803,0.7541295018045311,25,20,20
38,9306,0.09204725447877818,5.133326221241076e-08,0.15382325636450278,0.7541294378234572,25,20,20
38,9307,0.09204725506413486,5.211941921961031e-08,0.15399136627477422,0.753961326541672,25,20,20
38,9308,0.09204725506428936,5.2119418632589404e-08,0.16005782511240585,0.747894867703886,25,20,20
38,9309,0.09169421784574501,1.41905564063976e-06,0.16040961841672605,0.7478947446818878,25,20,20
38,9310,0.091694218434822,1.4190695204659923e-06,0.15450908766998878,0.7537952748256691,25,20,20
38,9311,0.0916942184348252,1.4190834318430494e-06,0.15422841206112378,0.7540759504206196,25,20,20
38,9312,0.09169421843482516,1.4190834318430265e-06,0.15422176224182663,0.7540826002399167,25,20,20
38,9313,0.09169421843482516,1.4190834318443479e-06,0.15422176167501553,0.7540826008067278,25,20,20
38,9314,0.09169421843482438,1.4190834276279898e-06,0.15422816915953805,0.7540761933222104,25,20,20
38,9315,0.0916942184348699,1.4190834362089543e-06,0.1542328736344843,0.75407148884721,25,20,20
38,9316,0.0916942184348667,1.419083436208954e-06,0.15423282016207385,0.7540715423196237,25,20,20
38,9317,0.0916942190264679,1.4190973798641873e-06,0.15424518029970102,0.7540591815764516,25,20,20
38,9318,0.09169421902651259,1.4190971680903913e-06,0.14967809612048522,0.7586262657558345,25,20,20
38,9319,0.09169421902391749,1.4190969234332263e-06,0.14967133661122836,0.7586330252679313,25,20,20
38,9320,0.0910337871110871,1.4191076063901554e-06,0.15033176850620125,0.7586330252751055,25,20,20
38,9321,0.1251748569443582,1.419096137712971e-06,0.11619089562158942,0.7586328283379149,25,20,20
38,9322,0.1251748569443582,1.4190961334973362e-06,0.11618440499911173,0.7586393189603966,25,20,20
38,9323,0.12516283114896967,2.098630262701869e-06,0.11619575126751076,0.7586393189532569,25,20,20
38,9324,0.12516283114896887,2.0986302584102545e-06,0.11619555599537834,0.7586395142253946,25,20,20
38,9325,0.12516283114896892,2.0986302583350447e-06,0.11618895421250515,0.7586461160082678,25,20,20
38,9326,0.12531344262560776,2.098628535517142e-06,0.11603834316204323,0.7586461155838137,25,20,20
38,9327,0.12531344262561095,2.098628535517142e-06,0.11604313943896125,0.7586413193068925,25,20,20
38,9328,0.12531344262561095,2.098628535517142e-06,0.11604321651874207,0.7586412422271118,25,20,20
38,9329,0.12531344261541216,2.0986282952873987e-06,0.11603863752685456,0.7586458212294385,25,20,20
38,9330,0.12531344261523,2.0986282909231105e-06,0.11603855328459059,0.7586459054718889,25,20,20
38,9331,0.1253134426152306,2.0986284679736904e-06,0.12709665247141064,0.7475878062848921,25,20,20
38,9332,0.16154355628387512,7.316923207668615e-07,0.09086790771661069,0.7475878043071937,25,20,20
38,9333,0.16154355628387512,7.316923207655636e-07,0.09087249507892317,0.7475832169448813,25,20,20
38,9334,0.16154355628387512,7.316923208395347e-07,0.09087246369789671,0.7475832483259077,25,20,20
38,9335,0.16154355628387512,7.316923208408327e-07,0.09086776588213805,0.7475879461416663,25,20,20
38,9336,0.16154381536795395,1.9879831004545372e-05,0.09084835814015114,0.7475879466608906,25,20,20
38,9337,0.16154381537833434,1.987983125341724e-05,0.09085506094028134,0.7475812438501311,25,20,20
38,9338,0.16154381478910293,1.9879817369962377e-05,0.09068260941924229,0.7477536959742851,25,20,20
38,9339,0.16154381478910285,1.9879817369961032e-05,0.09068260902102565,0.7477536963725018,25,20,20
38,9340,0.17167339617010705,0.0003413081485347546,0.08023124271375913,0.7477540529675994,25,20,20
38,9341,0.17227122639035822,0.0003412877211428568,0.07963352866133,0.7477539572271688,25,20,20
38,9342,0.17227122580757284,0.0003412869487988646,0.07957326740391961,0.7478142198397086,25,20,20
38,9343,0.1722712258075273,0.00034128694879028364,0.07956856289435604,0.7478189243493263,25,20,20
38,9344,0.17227122521592692,0.0003412869348509198,0.07955848244472911,0.747829005404493,25,20,20
38,9345,0.17227122521592686,0.0003412869348509951,0.07955384864656016,0.747833639202662,25,20,20
38,9346,0.17227122521592686,0.00034128693485099246,0.07955377015297106,0.747833717696251,25,20,20
38,9347,0.17227122521592686,0.0003412869348509912,0.07955377076315603,0.747833717086066,25,20,20
38,9348,0.1722712252161097,0.00034128694879029633,0.07956597713095048,0.7478215107041494,25,20,20
38,9349,0.17132660264752997,0.00034128730482524107,0.08051059770378492,0.7478215123438602,25,20,20
38,9350,0.17132660264495872,0.0003412872910120765,0.08013641669334406,0.7481956933706855,25,20,20
38,9351,0.17132660265173758,0.00034128729990311977,0.08307267661748774,0.7452594334308712,25,20,20
38,9352,0.17132660265173438,0.0003412872859917414,0.08298032944226302,0.7453517806200105,25,20,20
38,9353,0.17132660265177993,0.0003412872862364117,0.08298516242070728,0.745346947641276,25,20,20
38,9354,0.17132660265173438,0.00034128728599174283,0.08298032889121477,0.7453517811710587,25,20,20
38,9355,0.17124991236047069,0.0003412872859917244,0.08305701918261468,0.745351781170923,25,20,20
38,9356,0.15043062737551763,0.00034128728609244294,0.10387630340944622,0.7453517819289437,25,20,20
38,9357,0.15043062737551843,0.0003412872860924455,0.10387653142288507,0.7453515539155039,25,20,20
38,9358,0.150430627375473,0.00034128728608809117,0.10405055634089395,0.745177528997545,25,20,20
38,9359,0.1504306273756551,0.00034128728633696565,0.1040572592980488,0.745170826039959,25,20,20
38,9360,0.1504306273756551,0.00034128728633696565,0.10379099364773747,0.7454370916902703,25,20,20
38,9361,0.13676606860222854,0.00012038005732545852,0.11767693965041895,0.7454366116900265,25,20,20
38,9362,0.13676606860223095,0.00012038005732553201,0.1176812644783336,0.7454322868621094,25,20,20
38,9363,0.13676606875013134,0.00012038007126912675,0.11769350610529518,0.7454200450733037,25,20,20
38,9364,0.13676606875013134,0.0001203800712649111,0.11768692863591496,0.7454266225426882,25,20,20
38,9365,0.13676606875013136,0.00012038007126916273,0.11806003194547275,0.745053519233126,25,20,20
38,9366,0.10059381512271404,0.00012040762215938682,0.14222800347182718,0.7570577737832991,25,20,20
38,9367,0.1148759331129896,0.00012086310055499024,0.13994964508131477,0.7450535587051402,25,20,20
38,9368,0.1148759331129896,0.00012086310055932088,0.13958124439259406,0.7454219593938567,25,20,20
38,9369,0.11487593311299038,0.00012086310056349721,0.13995426550529547,0.7450489382811503,25,20,20
38,9370,0.11487593296513868,0.00012086308686454854,0.1399505229034419,0.7450526810445546,25,20,20
38,9371,0.11487593355029863,0.00012086307804534316,0.12596105016279022,0.7590421532088658,25,20,20
38,9372,0.09600710892498324,0.000120863078255417,0.1448298731668907,0.7590421548298711,25,20,20
38,9373,0.09600710892498404,0.00012086307825548969,0.14456365654684336,0.7593083714499173,25,20,20
38,9374,0.09600684537991373,0.00010121137308803344,0.14458357231638563,0.7593083709306134,25,20,20
38,9375,0.09600684537991373,0.00010121137308803474,0.1445835717305427,0.7593083715164561,25,20,20
38,9376,0.09600716515263243,0.00010121137293339324,0.14458325435424252,0.7593083691201923,25,20,20
38,9377,0.09600716515263243,0.00010121137293331797,0.14458322599547913,0.7593083974789555,25,20,20
38,9378,0.11884943034802106,0.0001007279939122211,0.12174148360934019,0.7593083580487271,25,20,20
38,9379,0.11884943034802106,0.00010072799391222107,0.12174159607117498,0.7593082455868924,25,20,20
38,9380,0.11884943034788434,0.00010072799390717641,0.12186484650237643,0.7591849951558324,25,20,20
38,9381,0.11884943034788353,0.00010072799390292479,0.12149185878253667,0.7595579828756773,25,20,20
38,9382,0.11884943034788671,0.00010072799414591926,0.1217580785221446,0.7592917631358234,25,20,20
38,9383,0.11884943034788593,0.00010072799415013491,0.12176456723476284,0.7592852744232015,25,20,20
38,9384,0.11884943034783718,0.00010072799390548883,0.12175598768060082,0.7592938539776568,25,20,20
38,9385,0.11964147692022711,1.8096389475356386e-07,0.1210644882744516,0.759293853841427,25,20,20
38,9386,0.1582442936691745,1.8132829105853145e-07,0.0824562157748865,0.7592993092276484,25,20,20
38,9387,0.15824429366145698,1.8132853568033067e-07,0.0821938520798956,0.7595616729301123,25,20,20
38,9388,0.1582595655169332,1.8133492411081729e-07,0.08217858018858698,0.7595616729595563,25,20,20
38,9389,0.15825956551675033,1.8132098473172993e-07,0.08216625994725359,0.7595739932150118,25,20,20
38,9390,0.15825956551679585,1.813209848809927e-07,0.08216638113369588,0.7595738720285239,25,20,20
38,9391,0.15825956551679585,1.8132122871212058e-07,0.08229567441796369,0.7594445787440123,25,20,20
38,9392,0.15826055866277355,2.37939723352594e-08,0.08229483876498314,0.7594445787782713,25,20,20
38,9393,0.1577209316577608,2.4528149316911455e-08,0.0828343660987424,0.7594446777153478,25,20,20
38,9394,0.15772093224558822,2.4528392308013005e-08,0.08310142245844095,0.759177620767579,25,20,20
38,9395,0.15772093224299294,2.4528143424507217e-08,0.08310318928785185,0.7591758539410123,25,20,20
38,9396,0.1577209316551655,2.4527900433403612e-08,0.08283762055490851,0.7594414232620259,25,20,20
38,9397,0.1577209310632261,2.452765154365873e-08,0.08283273325294446,0.759446311156178,25,20,20
38,9398,0.15772093106322685,2.4527651469733467e-08,0.08283280475264414,0.7594462396564775,25,20,20
38,9399,0.15772093106322768,2.452789462981553e-08,0.08308438182771209,0.7591946625811657,25,20,20
38,9400,0.1578350378429625,2.4146367919479643e-08,0.08297037433708336,0.7591945636735862,25,20,20
38,9401,0.15783503784296246,2.4146359337195378e-08,0.08296567113056011,0.759199266880118,25,20,20
38,9402,0.15783503784296252,2.4146359338516167e-08,0.08296574309782632,0.7591991949128516,25,20,20
38,9403,0.15783503784295938,2.4146355047624868e-08,0.08295921965309033,0.759205718357595,25,20,20
38,9404,0.15783503783257896,2.4146348517091322e-08,0.08332563531446471,0.7588393027066076,25,20,20
38,9405,0.15783503797953574,2.416044186930513e-08,0.0835930232988321,0.7585719145611901,25,20,20
38,9406,0.15743102826208014,4.436158354110007e-08,0.08399691650074875,0.7585720108755877,25,20,20
38,9407,0.15743102826207936,4.436158783137078e-08,0.08399695918319942,0.7585719681931334,25,20,20
38,9408,0.1583872973017976,2.4160978629413577e-08,0.08304080492693719,0.7585718736102867,25,20,20
38,9409,0.1583872973017984,2.4160982846823943e-08,0.0830430886746259,0.7585695898625928,25,20,20
38,9410,0.15838729730179524,2.4160739851073768e-08,0.08277683693226616,0.7588358416051988,25,20,20
38,9411,0.1583872973018399,2.4160735634937858e-08,0.08277462608882766,0.7588380524485967,25,20,20
38,9412,0.1583872973018399,2.4160731343988227e-08,0.08276802081074516,0.7588446577266835,25,20,20
38,9413,0.15838729730183984,2.4160489076618415e-08,0.08239501490880938,0.7592176636288616,25,20,20
38,9414,0.15601415975692454,2.4166004499773342e-08,0.08448042317093131,0.7595053929061396,25,20,20
38,9415,0.11982644125016796,1.3924180551291316e-06,0.12066665700677282,0.7595055093250042,25,20,20
38,9416,0.11094081765681885,1.392667255491248e-06,0.12983987429168375,0.7592179153842422,25,20,20
38,9417,0.11094081765681892,1.3926672597421505e-06,0.13021294937216157,0.75884484030376,25,20,20
38,9418,0.10816235534645649,1.2489635981048402e-05,0.13292098082391668,0.758904174193646,25,20,20
38,9419,0.10816235534641101,1.2489635985190091e-05,0.13292746415767318,0.7588976908599306,25,20,20
38,9420,0.10816235534659309,1.2489635980975056e-05,0.13293360620334588,0.75889154881408,25,20,20
38,9421,0.10816235534659226,1.248963573781502e-05,0.13268191411571106,0.759143240901959,25,20,20
38,9422,0.10816235534659226,1.248963573781634e-05,0.13268199566580904,0.7591431593518609,25,20,20
38,9423,0.10816235534659228,1.2489635737890311e-05,0.13268210954268253,0.7591430454749871,25,20,20
38,9424,0.1112157872866473,5.0065577723370174e-08,0.1297004434966311,0.7590837191511436,25,20,20
38,9425,0.11121578728664808,5.006557772336984e-08,0.1297004096294222,0.7590837530183517,25,20,20
38,9426,0.1112157872866027,5.0065338186011467e-08,0.12957515778662704,0.7592090048614317,25,20,20
38,9427,0.11121578728655718,5.0065338186011864e-08,0.1295751448295779,0.7592090178185259,25,20,20
38,9428,0.11121578728656038,5.007923662354199e-08,0.1297045744641686,0.7590795881700336,25,20,20
38,9429,0.11121578728656355,5.0079236697512717e-08,0.1297045752136407,0.7590795874205584,25,20,20
38,9430,0.1112157872865676,5.0079245258407984e-08,0.12979026642255603,0.7589938962116305,25,20,20
38,9431,0.11121578728656681,5.0079001424685497e-08,0.129660858997086,0.7591233036373451,25,20,20
38,9432,0.1112157872865668,5.007899720831378e-08,0.12992248778832383,0.7588616748461114,25,20,20
38,9433,0.11121578728656681,5.007899720961119e-08,0.129922455672547,0.7588617069618883,25,20,20
38,9434,0.11121578728656684,5.007900149921781e-08,0.1299290601685634,0.7588551024658675,25,20,20
38,9435,0.11121578728656374,5.0079001423997004e-08,0.1299274372064084,0.7588567254280258,25,20,20
38,9436,0.1112157872865638,5.007924603791746e-08,0.12992909236945105,0.7588550702647386,25,20,20
38,9437,0.1112157872865638,5.0079241746991324e-08,0.1299241087595061,0.758860053874688,25,20,20
38,9438,0.11169233285524788,5.0079084289807825e-08,0.12944756205565316,0.7588600550100137,25,20,20
38,9439,0.11169233285524863,5.007908436305412e-08,0.12981905847760988,0.7584885585880562,25,20,20
38,9440,0.11169233285524462,5.006518584891185e-08,0.1296895082660385,0.7586181088135301,25,20,20
38,9441,0.11169233285524457,5.006518159800933e-08,0.12931648721600075,0.7589911298635721,25,20,20
38,9442,0.11169233285506244,5.006518152402696e-08,0.12931026240385388,0.758997354675901,25,20,20
38,9443,0.1116923327081057,5.005108824707322e-08,0.1290474952016216,0.7592601220391836,25,20,20
38,9444,0.1116923327081057,5.005108824709559e-08,0.1290474952117199,0.7592601220290857,25,20,20
38,9445,0.1116923327081057,5.005108832368457e-08,0.129047495328333,0.7592601219124725,25,20,20
38,9446,0.11169233270815121,5.005108839765601e-08,0.12904764359966303,0.7592599736410969,25,20,20
38,9447,0.11169233270815121,5.0051088322897044e-08,0.1287813126682629,0.7595263045724969,25,20,20
38,9448,0.11169233270814806,5.005108832287977e-08,0.12878589722700748,0.7595217200137557,25,20,20
38,9449,0.11169233270814806,5.005108824759733e-08,0.12878127646928386,0.7595263407714793,25,20,20
38,9450,0.11169233270814809,5.005108817234579e-08,0.1287766576743275,0.7595309595664358,25,20,20
38,9451,0.11169233270814809,5.005108809703214e-08,0.12877657600788214,0.7595310412328813,25,20,20
38,9452,0.11169233270814403,5.005107960878833e-08,0.12868439592642628,0.7596232213143498,25,20,20
38,9453,0.11169233270818837,5.0064879310223563e-08,0.12872386219495796,0.7595837550319741,25,20,20
38,9454,0.11169233270823391,5.0064883602702546e-08,0.12872830647103078,0.7595793107558514,25,20,20
38,9455,0.11169233270823391,5.0064883679233144e-08,0.12873490981384014,0.7595727074130422,25,20,20
38,9456,0.11169233271861544,5.006513250490167e-08,0.12873724315064553,0.7595703740656065,25,20,20
38,9457,0.11169233271857032,5.00513327289456e-08,0.1283246580860109,0.759982959144086,25,20,20
38,9458,0.11169233271857039,5.005133694464547e-08,0.12833118163884863,0.759976435591244,25,20,20
38,9459,0.11169233271861584,5.005133702058288e-08,0.12832474084169862,0.7599828763883484,25,20,20
38,9460,0.09580952471792732,4.9686932030806785e-08,0.14421300459272124,0.7599774210024193,25,20,20
38,9461,0.12356336883926396,2.3119031207664308e-07,0.11645897840629388,0.7599774215641298,25,20,20
38,9462,0.12356336883926473,2.311903121506143e-07,0.1164589586371941,0.759977441333229,25,20,20
38,9463,0.09615014359417079,2.3092921885825313e-07,0.14387220654515093,0.7599774189314593,25,20,20
38,9464,0.09615014359417075,2.3092921893349747e-07,0.1438787282398549,0.7599708972367553,25,20,20
38,9465,0.10827308168800304,2.6010967823503437e-08,0.13175599565287605,0.7599708966481529,25,20,20
38,9466,0.10827308169059816,2.601097211570055e-08,0.1317626425134003,0.7599642497850293,25,20,20
38,9467,0.10827308169064315,2.6010976365960048e-08,0.13213573299355555,0.7595911593048248,25,20,20
38,9468,0.10747359378631505,2.601084436564842e-08,0.1329353354733763,0.7595910447294643,25,20,20
38,9469,0.10747359379669533,2.6011093310109843e-08,0.13294259799734304,0.7595837821948683,25,20,20
38,9470,0.1074735937966498,2.601108901758533e-08,0.1329381512491003,0.7595882289431607,25,20,20
38,9471,0.1074735937966498,2.6011089016264812e-08,0.13293815124034278,0.7595882289519182,25,20,20
38,9472,0.10747359378626825,2.6010840113984144e-08,0.13293570133139054,0.759590678871501,25,20,20
38,9473,0.08392463126078202,0.0003293180546066415,0.15458540780594968,0.7611606428786617,25,20,20
38,9474,0.08392463126078516,0.0003293180543621782,0.1545837874909991,0.7611622631938535,25,20,20
38,9475,0.083924631250405,0.0003293180541132325,0.15457660720057997,0.7611694434949018,25,20,20
38,9476,0.083924631250405,0.00032931805411338125,0.15470612661242605,0.7610399240830555,25,20,20
38,9477,0.0839246312504082,0.00032931805411345655,0.15471083152496395,0.7610352191705144,25,20,20
38,9478,0.08392463124781308,0.00032931805410923954,0.1547042672088933,0.7610417834891844,25,20,20
38,9479,0.08392463124781548,0.0003293180541090916,0.1547041853404685,0.7610418653576068,25,20,20
38,9480,0.08392463124781546,0.0003293180541132055,0.15497041337433187,0.7607756373237393,25,20,20
38,9481,0.08392463124781546,0.00032931805410891585,0.1549704138929731,0.7607756368051021,25,20,20
38,9482,0.08392463124781546,0.00032931805410891716,0.1549703034292724,0.7607757472688027,25,20,20
38,9483,0.08392463124781546,0.00032931805410891585,0.15497690419689483,0.7607691465011804,25,20,20
38,9484,0.08392463124777035,0.00032931805410466426,0.15460378515134693,0.7611422655467776,25,20,20
38,9485,0.0839246312477703,0.00032931805410894605,0.15469592939241464,0.7610501213057057,25,20,20
38,9486,0.08392463124777036,0.00032931805410902086,0.15496226258374546,0.7607837881143749,25,20,20
38,9487,0.08392463124777355,0.00032931805410909746,0.15496234707904422,0.7607837036190729,25,20,20
38,9488,0.0839246312477743,0.00032931805410902265,0.1547100204575992,0.7610360302405172,25,20,20
38,9489,0.08034014978800133,0.00033091434309307963,0.15828529508997724,0.761043640778928,25,20,20
38,9490,0.08034014978800136,0.00033091434308889055,0.15802365326641502,0.7613052826024945,25,20,20
38,9491,0.08034014979059079,0.00033091435699935236,0.15811892940519526,0.7612100064472144,25,20,20
38,9492,0.08034014979059072,0.0003309143569993618,0.1580313255173981,0.7612976103350115,25,20,20
38,9493,0.08034014979059072,0.0003309143569993618,0.15803140457088063,0.7612975312815291,25,20,20
38,9494,0.08031094954390003,0.0003309143577775964,0.15806060077436956,0.7612975353239532,25,20,20
38,9495,0.08042760125500077,0.0003309143577766269,0.15794394907071754,0.7612975353165057,25,20,20
38,9496,0.08042643028073625,1.6260954999041857e-06,0.15978581181733909,0.7597861318064253,25,20,20
38,9497,0.08042643027814689,1.626081593734018e-06,0.15969073233733394,0.759881211302926,25,20,20
38,9498,0.08042643027815088,1.6260818381581664e-06,0.15969270903991645,0.759879234600095,25,20,20
38,9499,0.08042643027815088,1.6260818382347342e-06,0.15967878623563042,0.759893157404381,25,20,20
38,9500,0.08042643027815094,1.6260818381581798e-06,0.15967234524210297,0.7598995983979084,25,20,20
38,9501,0.08042643027815174,1.6260818424478087e-06,0.1596723470013635,0.7598995966386427,25,20,20
38,9502,0.08042643027815174,1.6260818424478087e-06,0.15967234700136343,0.7598995966386427,25,20,20
38,9503,0.0804264302781062,1.626081838083521e-06,0.15967226284278221,0.7598996807972739,25,20,20
38,9504,0.0804264302781515,1.6260818466070425e-06,0.15993850055375963,0.7596334430862428,25,20,20
38,9505,0.08042643027815069,1.6260818465317726e-06,0.15993841878561427,0.7596335248543891,25,20,20
38,9506,0.08042643027815069,1.6260818465330793e-06,0.1599337997658135,0.7596381438741899,25,20,20
38,9507,0.08042644114736872,7.709083086178544e-06,0.15992770123607478,0.7596381485334706,25,20,20
38,9508,0.04083197578284074,7.719695732462139e-06,0.1995221568614814,0.7596381476599455,25,20,20
38,9509,0.04083197578301968,7.719695977072222e-06,0.19951981583126,0.7596404886897434,25,20,20
38,9510,0.040831957294090566,1.8474371726326833e-06,0.19952571535149463,0.7596404799172416,25,20,20
38,9511,0.04083195729408739,1.8474371725587123e-06,0.19952578539959007,0.7596404098691495,25,20,20
38,9512,0.04096447287926014,1.8473553431778566e-06,0.19629184910293454,0.7627418306624623,25,20,20
38,9513,0.04096447287925695,1.8473553432518278e-06,0.1962918894664293,0.7627417902989706,25,20,20
38,9514,0.040964472879214606,1.8473553431012907e-06,0.19629182123179564,0.7627418585336467,25,20,20
38,9515,0.040964472879214606,1.8473553431012907e-06,0.19629182123179562,0.7627418585336467,25,20,20
38,9516,0.040964472879214606,1.8473553431013134e-06,0.1962918545913244,0.7627418251741177,25,20,20
38,9517,0.040964472879217,1.8473553388856473e-06,0.1962899515837845,0.7627437281816595,25,20,20
38,9518,0.04096447287921706,1.8473553388869685e-06,0.19629141069789707,0.7627422690675469,25,20,20
38,9519,0.040964472879217805,1.8473553346719208e-06,0.19629129721027735,0.76274238255517,25,20,20
38,9520,0.04096447287921462,1.8473553345979587e-06,0.19628887392811709,0.7627448058373335,25,20,20
38,9521,0.040964473463258,1.8920655201867989e-06,0.19668251746348311,0.7623511170077384,25,20,20
38,9522,0.040964473463258,1.8920655201880965e-06,0.19668255087185593,0.7623510835993657,25,20,20
38,9523,0.04096447346325879,1.8920655201880923e-06,0.19680992297644778,0.762223711494773,25,20,20
38,9524,0.04096447346337796,1.8920655155202538e-06,0.20120245279764604,0.7578311816734598,25,20,20
38,9525,0.040964473463373965,1.892065271022146e-06,0.20120047608605401,0.7578331583853003,25,20,20
38,9526,0.040964473463373965,1.8920652753143932e-06,0.20120708073970772,0.7578265537316423,25,20,20
38,9527,0.04096447346337387,1.8920652753156678e-06,0.20120557478987422,0.7578280596814758,25,20,20
38,9528,0.04096447346614083,1.8920791651460977e-06,0.20135966673930142,0.7576739677153919,25,20,20
38,9529,0.04096447347633913,1.8920791693352037e-06,0.20136401105030743,0.7576696233941834,25,20,20
38,9530,0.04096447347633913,1.8920791693339294e-06,0.20135740709618394,0.7576762273483072,25,20,20
38,9531,0.04096447289229579,1.8473689878866537e-06,0.200834438727597,0.7581992410111191,25,20,20
38,9532,0.08032245465600889,1.8575068908701142e-06,0.16147642341585794,0.7581992644212421,25,20,20
38,9533,0.0803224546560121,1.857506886655546e-06,0.16147399904813586,0.7582016887889648,25,20,20
38,9534,0.08032245460713741,9.006969407800064e-06,0.16152539963490878,0.7581431387885452,25,20,20
38,9535,0.08032245460713741,9.006969403507864e-06,0.16151887687471406,0.7581496615487443,25,20,20
38,9536,0.0803229571724234,1.8537401007062837e-06,0.1615255380357049,0.7581496510517702,25,20,20
38,9537,0.08032294320162361,2.3147491011552875e-07,0.1615349063450988,0.7581419189783678,25,20,20
38,9538,0.08032294320162041,2.3147491004026405e-07,0.16153274101078208,0.7581440843126878,25,20,20
38,9539,0.08032294320162439,2.3147491439174856e-07,0.16166230743207366,0.7580145178913881,25,20,20
38,9540,0.08191718317273239,2.3228591027127454e-07,0.1600680666499687,0.7580145178913885,25,20,20
38,9541,0.04295150957687768,2.322859209788601e-07,0.199033740163947,0.7580145179732546,25,20,20
38,9542,0.04295150958722637,2.3228592518170727e-07,0.19915962817115712,0.7578886299556915,25,20,20
38,9543,0.04271903699715525,2.2719241751566086e-07,0.1993921295917364,0.7578886062186908,25,20,20
38,9544,0.04271903699975063,2.2719242187971223e-07,0.1993943841098483,0.757886351697979,25,20,20
38,9545,0.04520738502442854,2.7821292029709766e-07,0.19690598297565784,0.7578863537869932,25,20,20
38,9546,0.045207385021661634,2.7819903053934105e-07,0.19675185234373138,0.7580404844355764,25,20,20
38,9547,0.045207385021661634,2.7819903061331217e-07,0.1967518537708803,0.7580404830084274,25,20,20
38,9548,0.041690386242377336,7.783894041907157e-07,0.19172991989078575,0.7665789154774325,25,20,20
38,9549,0.04012586376736837,7.775940815376334e-07,0.19329443487302253,0.7665789237655276,25,20,20
38,9550,0.04012586376736837,7.775940814623649e-07,0.19329446825694208,0.7665788903816082,25,20,20
38,9551,0.0401258637674139,7.775940815372505e-07,0.19329819013426458,0.76657516850424,25,20,20
38,9552,0.0401258637674107,7.775940815372274e-07,0.193298026339017,0.7665753322994908,25,20,20
38,9553,0.04012586376736591,7.775940857529889e-07,0.19329881205317187,0.7665745465853765,25,20,20
38,9554,0.04012586376736591,7.775940857529666e-07,0.1932988134405775,0.7665745451979709,25,20,20
38,9555,0.040125863767410654,7.775940900445852e-07,0.19316935971227991,0.7667039989262194,25,20,20
38,9556,0.04012586376740746,7.775940899693166e-07,0.19316935629459084,0.7667040023439118,25,20,20
38,9557,0.04012586376740348,7.77594085616512e-07,0.19303990432255777,0.7668334543159532,25,20,20
38,9558,0.04012586376740668,7.775940899074381e-07,0.19304639569001514,0.7668269629484884,25,20,20
38,9559,0.0407959551982099,1.6360501917709637e-05,0.1923607209377478,0.7668269633621239,25,20,20
38,9560,0.04079595519820996,1.6360501917635688e-05,0.19236063410094478,0.7668270501989269,25,20,20
38,9561,0.07886328523259171,1.634996428764885e-05,0.15739473464253748,0.7637256301605833,25,20,20
38,9562,0.0474248417565982,0.010979087163123336,0.17695346668246864,0.7646426043978092,25,20,20
38,9563,0.030394460397365094,0.01097908756708415,0.19381141139404312,0.764815040641507,25,20,20
38,9564,0.030394460397365056,0.010979087567084154,0.19381357516473635,0.7648128768708137,25,20,20
38,9565,0.030394460386984675,0.010979087566835355,0.19407320155007693,0.7645532504961023,25,20,20
38,9566,0.029724367579740774,0.010963293917472196,0.1899187054625446,0.7693936330402419,25,20,20
38,9567,0.029724367579740774,0.010963293917472196,0.18991859303539665,0.7693937454673897,25,20,20
38,9568,0.02972436757992289,0.010963293917721058,0.18992749634553796,0.7693848421568176,25,20,20
38,9569,0.029726447702155396,0.010963294628054837,0.16015654703610377,0.7991537106336858,25,20,20
38,9570,0.02972644770197408,0.01096329462780605,0.16015424730827912,0.7991560103619405,25,20,20
38,9571,0.029724396001810035,0.010963294585674606,0.16106185646062865,0.7982504529518865,25,20,20
38,9572,0.02972439599921752,0.010963294585670238,0.16571905603188808,0.7935932533832234,25,20,20
38,9573,0.02972436757733118,0.01096329391602472,0.15951512165809112,0.7997972168485532,25,20,20
38,9574,0.029724367577513316,0.010963293916029087,0.1595168709223162,0.7997954675841418,25,20,20
38,9575,0.029724367577513316,0.010963293916029085,0.15951678983460446,0.7997955486718534,25,20,20
38,9576,0.029724367577516494,0.010963293916029085,0.15951921371811975,0.7997931247883351,25,20,20
38,9577,0.02972436757751967,0.010963293916033347,0.15978546476793642,0.799526873738511,25,20,20
38,9578,0.02972436757751967,0.010963293916033272,0.15977894175918508,0.7995333967472622,25,20,20
38,9579,0.029724367577516477,0.010963293916033196,0.1597742407927609,0.7995380977136897,25,20,20
38,9580,0.029724367577517275,0.010963293916037488,0.15977443551384515,0.7995379029926003,25,20,20
38,9581,0.029724367577514135,0.010963293916033272,0.15976791208908103,0.7995444264173719,25,20,20
38,9582,0.029724367577696195,0.010963293916041778,0.15950818715040493,0.7998041513558575,25,20,20
38,9583,0.03129191051147792,0.010963293885784781,0.1579406486569906,0.7998041469457475,25,20,20
38,9584,0.03129191051147798,0.010963293885789073,0.1579453527944063,0.7997994428083274,25,20,20
38,9585,0.03129191051148113,0.010963293885789076,0.15803757067563112,0.7997072249270996,25,20,20
38,9586,0.031291910511484236,0.010963293886027202,0.15840598901129987,0.7993388065911895,25,20,20
38,9587,0.03129191051131978,0.010963293886023344,0.1537518088129676,0.8039929867896902,25,20,20
38,9588,0.03129191051131983,0.010963293886023344,0.15375181050458384,0.8039929850980738,25,20,20
38,9589,0.0312919105111859,0.010963293885779359,0.1537889990715941,0.8039557965314416,25,20,20
38,9590,0.031291625258507524,0.01096477806834099,0.15378780254473712,0.8039557941284141,25,20,20
38,9591,0.03129162525850751,0.010964778068340992,0.1537878014842028,0.8039557951889483,25,20,20
38,9592,0.02313036456076141,1.6392745720572327e-05,0.17381322171882477,0.8030400209746934,25,20,20
38,9593,0.023130364560760612,1.6392745716279415e-05,0.17381310547978146,0.8030401372137416,25,20,20
38,9594,0.01742141309615143,1.6392341864627757e-05,0.17969230714624673,0.8028698874157375,25,20,20
38,9595,0.05424713718259921,1.6411902206234437e-05,0.14286656574031487,0.8028698851748802,25,20,20
38,9596,0.05424713718259921,1.6411902206310334e-05,0.14323966792234316,0.802496782992852,25,20,20
38,9597,0.05426899559339717,2.0955483906766502e-06,0.14323312993556314,0.8024957789226493,25,20,20
38,9598,0.054268995593351646,2.0955483863850354e-06,0.14323304778797738,0.8024958610702848,25,20,20
38,9599,0.05426899559335159,2.095548386460315e-06,0.14323494908207723,0.8024939597761849,25,20,20
38,9600,0.05426899559335239,2.0955483864603388e-06,0.14323498296731788,0.8024939258909433,25,20,20
38,9601,0.05532960210619957,2.07598801073396e-06,0.14217439759299183,0.8024939243127978,25,20,20
38,9602,0.055329602116556895,2.075988006434708e-06,0.14226236706220874,0.802405954833228,25,20,20
38,9603,0.055329602116556895,2.0759880064360517e-06,0.14226233235926675,0.8024059895361698,25,20,20
38,9604,0.05532960211655611,2.0759882510283853e-06,0.142267052214397,0.8024012696807958,25,20,20
38,9605,0.05530999555765721,1.4822600849079753e-05,0.13879908285433148,0.8058760989871623,25,20,20
38,9606,0.055309995557608634,1.4822600848930997e-05,0.13866958282349806,0.8060055990180444,25,20,20
38,9607,0.05530999555760862,1.48226008489297e-05,0.13866958101179067,0.8060056008297516,25,20,20
38,9608,0.055307168531546796,2.035482407771542e-06,0.1390934952267585,0.8055973007592867,25,20,20
38,9609,0.05530716853154684,2.035482167468204e-06,0.13908885697521292,0.8056019390110726,25,20,20
38,9610,0.05530716853154687,2.035482167469479e-06,0.1390889096938004,0.805601886292485,25,20,20
38,9611,0.05530506793529286,2.0354212166957795e-06,0.10840747054114054,0.8362854261023499,25,20,20
38,9612,0.055305067935292815,2.0354212166970542e-06,0.1084121433090706,0.8362807533344199,25,20,20
38,9613,0.05567776457794332,5.616753154440477e-07,0.10788437431211108,0.8364372994346297,25,20,20
38,9614,0.05567776456759464,5.616753154575459e-07,0.10775859982792134,0.8365630739291678,25,20,20
38,9615,0.05567776456759464,5.616753154562378e-07,0.10775211091125503,0.8365695628458343,25,20,20
38,9616,0.07706717760503073,3.117707128429884e-08,0.09459196984301421,0.8283408213748839,25,20,20
38,9617,0.07706717760502994,3.1177071209019417e-08,0.0945854467197805,0.8283473444981183,25,20,20
38,9618,0.07706717760284074,3.117706767495922e-08,0.08833579917291023,0.8345969920471812,25,20,20
38,9619,0.077067177602844,3.1177067602331786e-08,0.0883357936285275,0.8345969975915608,25,20,20
38,9620,0.07706717760284403,3.117706767630338e-08,0.08833576023568142,0.8345970309844069,25,20,20
38,9621,0.07706717760284403,3.117706760103445e-08,0.08833567776769385,0.8345971134523944,25,20,20
38,9622,0.0770671776026619,3.1177063234298166e-08,0.08833396766131975,0.8345988235589549,25,20,20
38,9623,0.07706720470112033,6.757117157803414e-08,0.0961995843482999,0.826733143379408,25,20,20
38,9624,0.07706720470093828,6.757116307274705e-08,0.0961930065430682,0.8267397211848301,25,20,20
38,9625,0.07706720470094144,6.758501329247999e-08,0.09646037089502527,0.8264723568190196,25,20,20
38,9626,0.07706720470112466,6.837721655026744e-08,0.09659031754656286,0.8263424093750955,25,20,20
38,9627,0.07706720470130679,6.837722084132161e-08,0.09621741786965929,0.8267153090518126,25,20,20
38,9628,0.07706720470130679,6.837722509421169e-08,0.09659044071942492,0.8263422862020424,25,20,20
38,9629,0.0770672047013107,6.837723352202736e-08,0.09696414813241008,0.8259685787890448,25,20,20
38,9630,0.07706720469095257,6.837722923897243e-08,0.09687147637764071,0.8260612505541768,25,20,20
38,9631,0.07706720469076937,6.758502598116258e-08,0.09674160880399732,0.8261911189202067,25,20,20
38,9632,0.07681177803637283,9.593414102638895e-08,0.0629156337365025,0.8602724922929832,25,20,20
38,9633,0.07669448382795287,5.71213095966873e-08,0.0572708889013892,0.8660345701493479,25,20,20
38,9634,0.07669448382795288,5.71213096706588e-08,0.057266270197227034,0.8660391888535101,25,20,20
38,9635,0.07669448382795602,5.7121309595389605e-08,0.05727103803445141,0.8660344210162826,25,20,20
38,9636,0.07669445687648928,2.0741280658808717e-08,0.04971190758699818,0.8735936147952317,25,20,20
38,9637,0.07669445672949676,2.0727196960040087e-08,0.049405226084096227,0.8739002964592099,25,20,20
38,9638,0.07669445672949676,2.0727197033998586e-08,0.04941171571264081,0.8738938068306652,25,20,20
38,9639,0.07669445672954224,2.072744162904336e-08,0.04941626292885847,0.8738892596141574,25,20,20
38,9640,0.07669445672953908,2.0727437367280856e-08,0.04914993137300907,0.8741555911700144,25,20,20
38,9641,0.07669445672953908,2.072743311439076e-08,0.048776908523243366,0.8745286140197844,25,20,20
38,9642,0.07669445672953913,2.072743319097988e-08,0.04877686743971246,0.874528655103315,25,20,20
38,9643,0.07669445672953595,2.072767702208989e-08,0.048901592879269914,0.874403929663517,25,20,20
38,9644,0.07669445672953593,2.0727677021375437e-08,0.04927461335971284,0.8740309091830741,25,20,20
38,9645,0.07669445672953591,2.0727433190288744e-08,0.04914520477361298,0.8741603177694178,25,20,20
38,9646,0.07669445672953591,2.0727433338123767e-08,0.04951830725923337,0.8737872152837971,25,20,20
38,9647,0.07669445672953644,2.0727436129627597e-08,0.06348809933702808,0.8598174232059992,25,20,20
38,9648,0.07669445672958183,2.0727437491697763e-08,0.0632654553729328,0.8600400671700477,25,20,20
38,9649,0.07669445672958497,2.0727437565663936e-08,0.06326765288729744,0.8600378696556799,25,20,20
38,9650,0.07669445672958496,2.0727437416485635e-08,0.06289454792956942,0.860410974613408,25,20,20
38,9651,0.0766944567481797,2.082077834842649e-08,0.08422686505063708,0.8390786573804041,25,20,20
38,9652,0.07638556842829666,2.0820772842211025e-08,0.0845357534295085,0.8390786573214213,25,20,20
38,9653,0.06347424928784234,2.1297628483497812e-08,0.09744707097441908,0.8390786584401098,25,20,20
38,9654,0.06347424929818675,2.129786808588808e-08,0.09720355854995529,0.8393221708539894,25,20,20
38,9655,0.08045037610854099,5.914554842376871e-10,0.08053714229236318,0.8390124810076395,25,20,20
38,9656,0.08045037610854099,5.914555581632712e-10,0.08053717641079572,0.8390124468892067,25,20,20
38,9657,0.08045037610853707,5.778497828224409e-10,0.08027456246242096,0.8392750608511912,25,20,20
38,9658,0.08045037610853704,5.776052631613347e-10,0.08026984286374116,0.8392797804501155,25,20,20
38,9659,0.08045037610853417,5.776052646149275e-10,0.07561035540946116,0.8439392679043987,25,20,20
38,9660,0.08045037610848865,5.773564532246242e-10,0.07560572684610589,0.8439438964680483,25,20,20
38,9661,0.08045037610848553,5.912956806566302e-10,0.07561576861552652,0.8439338546846916,25,20,20
38,9662,0.08045037670024013,5.912999709781096e-10,0.0755252433677228,0.8440243793407363,25,20,20
38,9663,0.0804503767002402,5.913042958510153e-10,0.07589834545512496,0.84365127725333,25,20,20
38,9664,0.08045037670024341,5.913043711559866e-10,0.0759030503676628,0.8436465723407887,25,20,20
38,9665,0.08045037670024341,5.776089271619973e-10,0.07601595228571814,0.8435336704364286,25,20,20
38,9666,0.08045037670024341,5.776089271396292e-10,0.07601598769161215,0.8435336350305347,25,20,20
38,9667,0.08045037670042549,5.77613217314057e-10,0.07601765937147417,0.8435319633504864,25,20,20
38,9668,0.08045037670042225,5.776133652154593e-10,0.07602225092714775,0.843527371794816,25,20,20
38,9669,0.08045037670041905,5.77613291252957e-10,0.07601762845288287,0.843531994269084,25,20,20
38,9670,0.08045037670041907,5.776133664953202e-10,0.07601979196720066,0.8435298307547662,25,20,20
38,9671,0.08045037670037132,5.773738801191472e-10,0.0758695107380733,0.8436801119841807,25,20,20
38,9672,0.08045037670037454,5.77373954787822e-10,0.07550110992200698,0.8440485128002437,25,20,20
38,9673,0.08045037670037454,5.773739560609185e-10,0.07587413270609668,0.8436754900161542,25,20,20
38,9674,0.08045037670296976,5.776184757485987e-10,0.07587426714131984,0.8436753555780911,25,20,20
38,9675,0.08045037670297056,5.915577798101646e-10,0.07588658612117061,0.8436630365843004,25,20,20
38,9676,0.0804503767029726,5.917196861977335e-10,0.08985418224729359,0.8296954404580135,25,20,20
38,9677,0.08045037670297267,5.917240417500059e-10,0.0899464826501968,0.8296031400551065,25,20,20
38,9678,0.08045037669262431,5.914760121269367e-10,0.09018930815220061,0.8293603145636989,25,20,20
38,9679,0.08045037669262511,5.914760121505057e-10,0.09018926903780748,0.8293603536780912,25,20,20
38,9680,0.08045037669280726,5.914760887394734e-10,0.09018939112551365,0.8293602315902029,25,20,20
38,9681,0.08045037669021203,5.912357109597536e-10,0.09018925895441303,0.8293603637641391,25,20,20
38,9682,0.08045037669021278,5.912314598143142e-10,0.08994567931980495,0.8296039433987508,25,20,20
38,9683,0.09339358502858516,4.704647445158804e-10,0.07700237550961407,0.8296040389913355,25,20,20
38,9684,0.09339358502858436,4.5652544179678614e-10,0.07699005596844004,0.8296163585464497,25,20,20
38,9685,0.09339358502858516,4.5652973473127904e-10,0.07699013680158925,0.8296162777132953,25,20,20
38,9686,0.09339358502858391,4.702181220512577e-10,0.0632877114673853,0.8433187030338122,25,20,20
38,9687,0.09339358502858391,4.702180480923523e-10,0.06328110870029571,0.843325305800902,25,20,20
38,9688,0.09339358502858314,4.702137551810263e-10,0.0632809499926553,0.8433254645085475,25,20,20
38,9689,0.09339358502858319,4.702136806273685e-10,0.06290792892538744,0.8436984855758154,25,20,20
38,9690,0.09339358502858319,4.702137559186577e-10,0.0629079734158112,0.8436984410853916,25,20,20
38,9691,0.09339358502858319,4.70213755914996e-10,0.06291013778611804,0.8436962767150846,25,20,20
38,9692,0.09339358502858319,4.702137558831324e-10,0.06291475655634764,0.8436916579448551,25,20,20
38,9693,0.09339358502858637,4.840269185198186e-10,0.06328882201431005,0.8433175924730765,25,20,20
38,9694,0.09339358502858643,4.840312086838531e-10,0.0632904434754679,0.8433159710119142,25,20,20
38,9695,0.09339358502858637,4.840312834420117e-10,0.06355669390215611,0.8430497205852261,25,20,20
38,9696,0.09339358561641944,4.842742008145291e-10,0.06382363442279027,0.8427827794765157,25,20,20
38,9697,0.09339358561642258,4.842741377317671e-10,0.06373608006849475,0.8428703338308082,25,20,20
38,9698,0.09339358561642258,4.842741377093991e-10,0.06373608004415267,0.8428703338551503,25,20,20
38,9699,0.0933935850285895,4.840311450456544e-10,0.06346914007290773,0.8431372744144714,25,20,20
38,9700,0.0933935850285926,4.837872863660381e-10,0.06334553961799148,0.8432608748696283,25,20,20
38,9701,0.09339358502841048,4.837872110971716e-10,0.06334549799553627,0.8432609164922659,25,20,20
38,9702,0.09339358502840729,4.699739732147931e-10,0.06297131718455519,0.8436350973170633,25,20,20
38,9703,0.09339358502822519,4.699696076067566e-10,0.06297784790556574,0.8436285665962394,25,20,20
38,9704,0.09339358502822248,4.701286472416814e-10,0.07694301990222831,0.8296633945994203,25,20,20
38,9705,0.09339358443646467,4.701242831254899e-10,0.07694352233964316,0.8296628927537677,25,20,20
38,9706,0.09339358443646388,4.701200654735893e-10,0.0769480268926561,0.8296583882007598,25,20,20
38,9707,0.09339358443646383,4.701157753099614e-10,0.07694640590630425,0.829660009187116,25,20,20
38,9708,0.09339358443646381,4.701157753101764e-10,0.07693978577111693,0.8296666293223034,25,20,20
38,9709,0.09339358443646391,4.701157013484436e-10,0.07693679495728911,0.8296696201361311,25,20,20
38,9710,0.09339358444677696,4.703586956206222e-10,0.0772031525006345,0.8294032625822296,25,20,20
38,9711,0.09339359341249205,3.772629953327138e-10,0.042080811855170416,0.8645255943550745,25,20,20
38,9712,0.0840425758252868,4.302553124838677e-06,0.05142970585601574,0.8645234157655725,25,20,20
38,9713,0.0840425758252867,4.302553124838675e-06,0.05143269665859105,0.8645204249629973,25,20,20
38,9714,0.0840425758252867,4.302553124839972e-06,0.05143281058428399,0.8645203110373042,25,20,20
38,9715,0.08404257582528989,4.3025531249152605e-06,0.051429760892238836,0.8645233607293461,25,20,20
38,9716,0.08404257582547146,4.30255337302274e-06,0.051559676355765624,0.8643934452653893,25,20,20
38,9717,0.08404257582547224,4.302553377273067e-06,0.05193279369642854,0.8640203279247214,25,20,20
38,9718,0.08404257582546908,4.3025533773470386e-06,0.05193123771840332,0.8640218839027498,25,20,20
38,9719,0.08404257582546908,4.302553377348358e-06,0.05193112327942024,0.864021998341733,25,20,20
38,9720,0.08404257582547306,4.302553381564295e-06,0.05193309118977208,0.8640200304313729,25,20,20
38,9721,0.08404257582547305,4.302553381561699e-06,0.05193081305034191,0.864022308570803,25,20,20
38,9722,0.0840425758151632,4.302553138568718e-06,0.05175675571587535,0.8641963659158223,25,20,20
38,9723,0.08404257581516397,4.302553138644004e-06,0.0517589215825952,0.8641942000491016,25,20,20
38,9724,0.08404257581516159,4.3025531386440095e-06,0.05166684949819212,0.8642862721335072,25,20,20
38,9725,0.08404257581516161,4.302553138644508e-06,0.051407121348207296,0.8645460002834919,25,20,20
38,9726,0.08562600497443384,4.303259836358578e-06,0.049823691377068574,0.8645460003886609,25,20,20
38,9727,0.08562600497443304,4.303259836357255e-06,0.04982376383193758,0.8645459279337926,25,20,20
38,9728,0.0856260049744331,4.303259836357279e-06,0.04982367842228339,0.8645460133434468,25,20,20
38,9729,0.0856260049744339,4.303259832141414e-06,0.04982059795791266,0.8645490938078213,25,20,20
38,9730,0.08562600497702527,4.303259836434292e-06,0.04981883875370845,0.8645508530094297,25,20,20
38,9731,0.08562600497702527,4.303259836434269e-06,0.04981883877812014,0.864550852985018,25,20,20
38,9732,0.08562600497702527,4.303259836360307e-06,0.0498207417187314,0.8645489500444067,25,20,20
38,9733,0.08562600497702527,4.303259840650401e-06,0.04981641648381027,0.8645532752793236,25,20,20
38,9734,0.08562600497702208,4.303259840573837e-06,0.04981476578837886,0.8645549259747582,25,20,20
38,9735,0.08562600497702286,4.303260085243323e-06,0.049819505934624836,0.8645501858282668,25,20,20
38,9736,0.08562600497702291,4.303260089459139e-06,0.049824143048311884,0.8645455487145755,25,20,20
38,9737,0.08562600497720384,4.303260332452183e-06,0.0497173918517717,0.8646522999106915,25,20,20
38,9738,0.08562600497720384,4.303260332452206e-06,0.0497173918641042,0.864652299898359,25,20,20
38,9739,0.08562600497720711,4.3032603324547775e-06,0.04972411990079565,0.8646455718616644,25,20,20
38,9740,0.08562600497720631,4.3032603282797335e-06,0.049355702431033134,0.8650139893314318,25,20,20
38,9741,0.08562600497720872,4.3032605727980995e-06,0.04935825758248056,0.8650114341797375,25,20,20
38,9742,0.08562600497720874,4.303260572873357e-06,0.04936474792647263,0.8650049438357453,25,20,20
38,9743,0.08562600497721194,4.303260573022596e-06,0.049364784154117644,0.865004907608097,25,20,20
38,9744,0.08562600497721197,4.3032605730213105e-06,0.04935826245394068,0.8650114293082738,25,20,20
38,9745,0.08562600497461659,4.303260564437231e-06,0.04935577456499669,0.8650139171998218,25,20,20
38,9746,0.0856260049746193,4.3032604095395555e-06,0.03539034373171481,0.8789793480332555,25,20,20
38,9747,0.08641772162806496,4.302904118873268e-06,0.03459872414423381,0.8789792513235818,25,20,20
38,9748,0.08641772162806496,4.30290411887328e-06,0.0345922024543554,0.8789857730134603,25,20,20
38,9749,0.08641772162806577,4.302904114658444e-06,0.03459653053580833,0.8789814449320107,25,20,20
38,9750,0.08641772162806503,4.302904114586036e-06,0.03446703652773467,0.8791109389400854,25,20,20
38,9751,0.08641772162806179,4.302904114583441e-06,0.034466914068486815,0.8791110613993365,25,20,20
38,9752,0.086417721628061,4.302904114506855e-06,0.03446529098092699,0.8791126844868971,25,20,20
38,9753,0.08641772162806179,4.3029041145821465e-06,0.03446543369007114,0.8791125417777521,25,20,20
38,9754,0.08641772162805862,4.3029141990241644e-06,0.04551913377408026,0.8680588416836619,25,20,20
38,9755,0.08641772162805543,4.302914198873604e-06,0.04551901704444013,0.8680589584133053,25,20,20
38,9756,0.08641772163836892,4.3029144419375275e-06,0.045786398961289464,0.8677915764858991,25,20,20
38,9757,0.08641772163837207,4.302914441939199e-06,0.04578334686252879,0.8677946285846566,25,20,20
38,9758,0.08641772163837212,4.3029144461403695e-06,0.0459127989764054,0.8676651764707758,25,20,20
38,9759,0.08641772163837218,4.302914446215636e-06,0.04591442262569987,0.8676635528214814,25,20,20
38,9760,0.08641772163837137,4.302914446213018e-06,0.0459141926146498,0.8676637828325322,25,20,20
38,9761,0.08641772163841692,4.302914446363572e-06,0.04590990884732315,0.8676680665998131,25,20,20
38,9762,0.08641772164081417,4.302928053811662e-06,0.04591100577284284,0.8676669696582888,25,20,20
38,9763,0.08641772164081413,4.302928053812963e-06,0.04590946520244115,0.8676685102286905,25,20,20
38,9764,0.08645366757701224,4.302221728838697e-06,0.04587352333955177,0.8676685068617067,25,20,20
38,9765,0.08645366757701138,4.302207878543696e-06,0.045606113854771084,0.8679359163603385,25,20,20
38,9766,0.08645366757705687,4.302197789884353e-06,0.03463691344206214,0.8789051167830906,25,20,20
38,9767,0.09387244110051413,2.0860662217418044e-08,0.027222397054707023,0.8789051409841155,25,20,20
38,9768,0.09387244110310884,2.086067072411319e-08,0.027216103153662154,0.8789114348825572,25,20,20
38,9769,0.07998537774945265,1.654597315439451e-06,0.04110142803355049,0.8789115396196807,25,20,20
38,9770,0.07998537774963478,1.654597315439451e-06,0.041101467617951526,0.8789115000350975,25,20,20
38,9771,0.07998537774963484,1.6545975600344038e-06,0.04110630252826874,0.8789066651245357,25,20,20
38,9772,0.07998537774963409,1.65459755996041e-06,0.041106241236240536,0.8789067264165646,25,20,20
38,9773,0.07998537773932372,1.6546112580542215e-06,0.0408458302871282,0.8791671373622892,25,20,20
38,9774,0.07998537773914535,1.6546110142378733e-06,0.040720578426202074,0.8792923892236376,25,20,20
38,9775,0.07590729033677174,1.9142617697744945e-06,0.044798341535400146,0.8792924538660576,25,20,20
38,9776,0.0759072903393525,1.9142617687789263e-06,0.04497338891039636,0.8791174064884817,25,20,20
38,9777,0.07590729033935245,1.9142617687062284e-06,0.04534640966673043,0.8787443857321482,25,20,20
38,9778,0.07590729033917354,1.9142617644173944e-06,0.04534697783362085,0.878743817565441,25,20,20
38,9779,0.07590729033917354,1.914261764340836e-06,0.045342276565196585,0.8787485188338653,25,20,20
38,9780,0.03750833839126648,1.914261763929807e-06,0.08374122851470403,0.8787485188322658,25,20,20
38,9781,0.03750833839126331,1.914261759638602e-06,0.0837414880827247,0.8787482592642525,25,20,20
38,9782,0.03750832940695382,1.9142617561976905e-06,0.08356834349656607,0.8789214128347242,25,20,20
38,9783,0.03750832940695062,1.9142617519078574e-06,0.08356364135846338,0.8789261149728346,25,20,20
38,9784,0.057613115448128346,1.9255015096695316e-06,0.06345879049000301,0.8789261685603588,25,20,20
38,9785,0.05761311544808281,1.9255015095942477e-06,0.06345655029959138,0.878928408750816,25,20,20
38,9786,0.05761311544808281,1.9255015095942257e-06,0.06345654972400304,0.8789284093264044,25,20,20
38,9787,0.057613115445504626,1.9254876591504977e-06,0.06318921660670947,0.8791957424601266,25,20,20
38,9788,0.057613115445504647,1.925487659224469e-06,0.06318933049443312,0.8791956285724027,25,20,20
38,9789,0.05761311544564134,1.925501549054736e-06,0.06325432931363087,0.8791306297391784,25,20,20
38,9790,0.05761311544564454,1.9255015489807643e-06,0.0632590445444273,0.879125914508379,25,20,20
38,9791,0.05761311544569,1.9255015447056226e-06,0.06313191047059262,0.8792530485821723,25,20,20
38,9792,0.057613115445690054,1.9255015447055917e-06,0.06313657237307241,0.8792483866796925,25,20,20
38,9793,0.05761311544569238,1.9255151508676105e-06,0.0633962403116195,0.8789887187275369,25,20,20
38,9794,0.05761311544569232,1.925514906273978e-06,0.0633915192504938,0.8789934397889073,25,20,20
38,9795,0.057615033119390216,1.9255149105420724e-06,0.06349265279266254,0.8788903885730365,25,20,20
38,9796,0.05761503311955234,1.925515127334054e-06,0.06804409777235808,0.8743389435929622,25,20,20
38,9797,0.05761503311973448,1.9255151274106407e-06,0.0680457222935161,0.8743373190716219,25,20,20
38,9798,0.05761503311955234,1.9255151273340545e-06,0.06804421363338471,0.8743388277319356,25,20,20
38,9799,0.057615033116968355,1.9255148837346934e-06,0.0678643333539213,0.8745187080142266,25,20,20
38,9800,0.05761503311696516,1.9255148837333737e-06,0.06785953565495989,0.8745235057131913,25,20,20
38,9801,0.05761503312713863,1.9255146670913233e-06,0.063487826949396,0.8788952144087984,25,20,20
38,9802,0.057615033127138685,1.925514667091346e-06,0.06348774153974182,0.8788952998184524,25,20,20
38,9803,0.057615033127320824,1.9255146714582745e-06,0.06348794484658252,0.8788950965114253,25,20,20
38,9804,0.05761503327522127,1.925528615054313e-06,0.06350015252899768,0.878882888667166,25,20,20
38,9805,0.05761503327503914,1.9255286106887054e-06,0.06350017921642198,0.8788828619799283,25,20,20
38,9806,0.057615033127138816,1.9255146713851183e-06,0.0634925576315458,0.878890483726644,25,20,20
38,9807,0.057615033127138816,1.9255146714604014e-06,0.06349714301770798,0.8788858983404818,25,20,20
38,9808,0.05761503313750049,1.925514671611914e-06,0.06358838690684719,0.8787946544409807,25,20,20
38,9809,0.057615033137539566,1.9255146715388747e-06,0.0698528717990789,0.8725301695487101,25,20,20
38,9810,0.057615033137537165,1.9255007346727317e-06,0.06984606908598051,0.8725369722757478,25,20,20
38,9811,0.05761503313753711,1.9255007346714565e-06,0.06984136561130926,0.8725416757504191,25,20,20
38,9812,0.035939981532592404,1.9142612281872265e-06,0.09151648197019803,0.8725416222359815,25,20,20
38,9813,0.035939981532592404,1.9142612282615244e-06,0.09177811329980154,0.8722799909063781,25,20,20
38,9814,0.03593998153259235,1.9142612282602034e-06,0.09177808685787546,0.8722800173483043,25,20,20
38,9815,0.03593998153259224,1.9142612239690723e-06,0.09177346536456088,0.8722846388416232,25,20,20
38,9816,0.03593998153259144,1.9142612196761602e-06,0.09177326866028741,0.872284835545902,25,20,20
38,9817,0.03593998153259456,1.9142612240397246e-06,0.0917798447227247,0.8722782594834569,25,20,20
38,9818,0.03593998153259522,1.9142612276595313e-06,0.09802920389785816,0.8660289003083191,25,20,20
38,9819,0.035939981532592105,1.9142473812062174e-06,0.09776943741003363,0.8662886668099935,25,20,20
38,9820,0.03593998153259206,1.914247625651634e-06,0.09750793971439627,0.8665501645053864,25,20,20
38,9821,0.03593998153240982,1.914233735744925e-06,0.09735380964889111,0.8667042945849637,25,20,20
38,9822,0.03593998152999644,1.9142337273122137e-06,0.09735366175731937,0.8667044424789572,25,20,20
38,9823,0.03593998152999644,1.914233727312236e-06,0.09735366697900441,0.8667044372572721,25,20,20
38,9824,0.035939981530041826,1.9142476106936937e-06,0.0975260802104696,0.8665320240118781,25,20,20
38,9825,0.035939981529996425,1.914233727236944e-06,0.09735354728168731,0.8667045569545893,25,20,20
38,9826,0.05561703523763445,1.9246113216781647e-06,0.07767375774589816,0.8667072824051456,25,20,20
38,9827,0.0556170352376345,1.9246113216781655e-06,0.07767375925888702,0.8667072808921568,25,20,20
38,9828,0.05561703522727282,1.9246113215279044e-06,0.07758259385304278,0.8667984463083627,25,20,20
38,9829,0.055617035227295435,1.924611565513902e-06,0.07749525615663509,0.8668857840045038,25,20,20
38,9830,0.05561703522729222,1.9246115654372703e-06,0.07749958193871331,0.8668814582224289,25,20,20
38,9831,0.0225495340082528,1.6820747735378372e-06,0.1103156655749766,0.867133118341997,25,20,20
38,9832,0.0225495340082528,1.6820747736144136e-06,0.1103222703393637,0.8671265135776101,25,20,20
38,9833,0.02254953400825275,1.6820747736909803e-06,0.11032235050205966,0.8671264334149141,25,20,20
38,9834,0.022549534008255944,1.6820747737662409e-06,0.1103270526054203,0.8671217313115502,25,20,20
38,9835,0.02254953453292121,1.6820749906483155e-06,0.1148637599527466,0.862585023439342,25,20,20
38,9836,0.022549534532921224,1.6820749906469956e-06,0.11486375999216847,0.86258502339992,25,20,20
38,9837,0.02254953453273988,1.682075235166679e-06,0.11486847281549348,0.8625803105765322,25,20,20
38,9838,0.022549534532739935,1.6820752351653802e-06,0.114868473642913,0.8625803097491125,25,20,20
38,9839,0.02254953453273995,1.68207523516538e-06,0.11487499957967656,0.8625737838123491,25,20,20
38,9840,0.022549534532740743,1.6820754780847562e-06,0.11514163851088016,0.8623071448809018,25,20,20
38,9841,0.022549534532740015,1.682075233491148e-06,0.115136885269321,0.8623118981227063,25,20,20
38,9842,0.022549534532922147,1.6820752377813237e-06,0.11476552498133138,0.8626832584105094,25,20,20
38,9843,0.022549568255404738,1.6820757269720902e-06,0.1147698069841654,0.8626789426847036,25,20,20
38,9844,0.022549568768172535,1.6820757416528868e-06,0.11457479498206925,0.8628739541740171,25,20,20
38,9845,0.022549568768304253,1.6820858303859645e-06,0.12563316096102173,0.8518155881848444,25,20,20
38,9846,0.022549568768167653,1.6820858304601013e-06,0.12563161670142317,0.8518171324445794,25,20,20
38,9847,0.022549568768167653,1.682085830460079e-06,0.12563161727701094,0.8518171318689919,25,20,20
38,9848,0.022549568768167653,1.6820855859403955e-06,0.12562689767832766,0.8518218514679196,25,20,20
38,9849,0.0028434415932723,1.6717080011924539e-06,0.1453357565833021,0.8518191301154252,25,20,20
38,9850,0.0028600888444818657,1.7141206684598694e-08,0.14532090233491649,0.8518189916793953,25,20,20
38,9851,0.0028600883318571258,1.7141196294259617e-08,0.13924910012913022,0.8578907943978169,25,20,20
38,9852,0.002860088331902643,1.714144088923431e-08,0.13924732862727035,0.8578925658993866,25,20,20
38,9853,0.002860088331903428,1.7141445180356526e-08,0.13925191690799876,0.8578879776186531,25,20,20
38,9854,0.0028600883319033783,1.7141202262275374e-08,0.13898681857134834,0.8581530759555465,25,20,20
38,9855,0.0028600883319033783,1.7141202263618652e-08,0.1389867041411217,0.858153190385773,25,20,20
38,9856,0.0028600883318610406,1.7141206552153753e-08,0.13898900717868387,0.8581508873482485,25,20,20
38,9857,0.0028600883318578452,1.714120218726892e-08,0.13898240173981102,0.858157492787129,25,20,20
38,9858,0.00286008833185863,1.7141446016819954e-08,0.13910765420481902,0.8580322403218764,25,20,20
38,9859,0.0028600883318546633,1.7141202187265335e-08,0.1389843052350469,0.8581555892918964,25,20,20
38,9860,0.0028600883318993997,1.714120218775794e-08,0.13897980034443352,0.858160094182465,25,20,20
38,9861,0.0028600883318994,1.714120226304923e-08,0.1389798828125985,0.8581600117142999,25,20,20
38,9862,0.0028600883317173136,1.714120640412568e-08,0.13897991423804967,0.8581599802890267,25,20,20
38,9863,0.0028600883317173136,1.7141206404124872e-08,0.13897999420421508,0.8581599003228613,25,20,20
38,9864,0.002860088321359104,1.7140962268196554e-08,0.138887595040805,0.8582522994968736,25,20,20
38,9865,0.0028600883213591604,1.7140966558490433e-08,0.13888779027717146,0.8582521042605029,25,20,20
38,9866,0.002860088321359147,1.7140966559787545e-08,0.138887788021116,0.8582521065165583,25,20,20
38,9867,0.0028600883213591483,1.7140966633736366e-08,0.13888779002385254,0.858252104513822,25,20,20
38,9868,0.002860088321359161,1.714096663241648e-08,0.13888779006327442,0.8582521044744,25,20,20
38,9869,0.002860088321446726,1.7140962417682517e-08,0.13902003904246976,0.8581198554951213,25,20,20
38,9870,0.0028600883214500955,1.7141375148337295e-08,0.14526979035426374,0.8518701041829112,25,20,20
38,9871,0.0044517593498924505,1.716978625498847e-08,0.14367812333179755,0.8518701001485237,25,20,20
38,9872,0.0044517593499308165,1.7169988365504064e-08,0.14992138828143506,0.8456268351986459,25,20,20
38,9873,0.004451759349885299,1.716974384452343e-08,0.14991669586216605,0.8456315276182049,25,20,20
38,9874,0.004451759349885299,1.7169743770552243e-08,0.14991661481604454,0.8456316086643264,25,20,20
38,9875,0.004451759349799039,1.715989961964989e-08,0.1388648716638884,0.8566833518264132,25,20,20
38,9876,0.005292330119716383,8.097817929066082e-05,0.1379433377544531,0.8566833539465405,25,20,20
38,9877,0.005292296397233835,8.097817880147007e-05,0.1379325312416731,0.8566941941822922,25,20,20
38,9878,0.003700627181441388,8.097815011636408e-05,0.13952420062286813,0.8566941940455749,25,20,20
38,9879,0.0037006271814413474,8.097815035668638e-05,0.13952574100004259,0.8566926536681599,25,20,20
38,9880,0.003700627181441292,8.097815035676035e-05,0.139527936645627,0.8566904580225757,25,20,20
38,9881,0.0036987095077402545,8.097815034820075e-05,0.1394298545495728,0.856790457792339,25,20,20
38,9882,0.0036987095077401994,8.097815034816203e-05,0.1398027611873045,0.8564175511546074,25,20,20
38,9883,0.003698708983074944,8.097815013128258e-05,0.13526616774555222,0.8609541451212418,25,20,20
38,9884,0.0036987094110445245,8.097815010180534e-05,0.14008632432739454,0.8561339881114596,25,20,20
38,9885,0.003698709411044566,8.097815010173141e-05,0.14007980107579077,0.8561405113630634,25,20,20
38,9886,0.01600578064402372,8.140013788156702e-05,0.12790477399409592,0.8560080452239989,25,20,20
38,9887,0.016005780644023707,8.140013763702839e-05,0.12790315222609525,0.8560096669922441,25,20,20
38,9888,0.016005780644023707,8.140013763702837e-05,0.12790311941774235,0.856009699800597,25,20,20
38,9889,0.016005780643841575,8.140013763273568e-05,0.1279008613454735,0.8560119578730521,25,20,20
38,9890,0.01600578034649173,8.140013767563985e-05,0.12150493619018715,0.8624078833256453,25,20,20
38,9891,0.016005780346491742,8.140013767564115e-05,0.12150274113142771,0.8624100783844049,25,20,20
38,9892,0.01600578034667384,8.140013792022467e-05,0.12150930311327596,0.86240351640213,25,20,20
38,9893,0.015147028167414279,4.401295909932996e-07,0.1224490174209798,0.8624035142820149,25,20,20
38,9894,0.015147028167414265,4.4012959091804306e-07,0.12244241261717083,0.862410119085824,25,20,20
38,9895,0.015147028167414265,4.401295866664507e-07,0.12206931073431598,0.862783220968683,25,20,20
38,9896,0.015147028167413465,4.4012958659118505e-07,0.12206780219706939,0.8627847295059303,25,20,20
38,9897,0.015147028167413425,4.401295908815009e-07,0.1220679178895056,0.8627846138134899,25,20,20
38,9898,0.015147028167459746,4.4012959088284466e-07,0.12207967967229387,0.8627728520306553,25,20,20
38,9899,0.015147028168371221,6.658419447324483e-07,0.15858309282771058,0.8262692131619735,25,20,20
38,9900,0.01514702803771387,6.658417250533495e-07,0.15390913498675526,0.830943171133806,25,20,20
38,9901,0.015147028037532555,6.658414804698429e-07,0.15390254647938786,0.8309497596415993,25,20,20
38,9902,0.0151470286266212,6.658413113255437e-07,0.14783467550516316,0.8370176300269045,25,20,20
38,9903,0.015146515984378196,6.65841311327054e-07,0.14783518814740557,0.8370176300269049,25,20,20
38,9904,0.01553761624021326,6.771771283053527e-07,0.14756325990853086,0.836898446674128,25,20,20
38,9905,0.015537616240213275,6.771771283066732e-07,0.14756337638044065,0.8368983302022183,25,20,20
38,9906,0.015537615661479421,6.771768847214841e-07,0.14747394064413136,0.836987766517505,25,20,20
38,9907,0.015537615661479421,6.771768847201641e-07,0.14747393922208776,0.8369877679395485,25,20,20
38,9908,0.015537615661436294,6.771768890104346e-07,0.14746229365794605,0.8369994135037291,25,20,20
38,9909,0.015537615578963984,6.761570293466806e-07,0.1474621581758177,0.8369995500881896,25,20,20
38,9910,0.015537615578964784,6.761570294219722e-07,0.14746230071586489,0.8369994075481415,25,20,20
38,9911,0.01553761557896568,6.761570252068233e-07,0.1475513333299042,0.8369103749341055,25,20,20
38,9912,0.015537615578965675,6.761571843951824e-07,0.161521091488875,0.8229406167749751,25,20,20
38,9913,0.015537615578964875,6.761571885362132e-07,0.1615211437043568,0.8229405645594899,25,20,20
38,9914,0.015607052265888377,6.761661366653892e-07,0.1614518412024274,0.8229404303655475,25,20,20
38,9915,0.015607052265846038,6.761661323737658e-07,0.16145634544019066,0.8229359261278308,25,20,20
38,9916,0.01560705226584524,6.761661323010925e-07,0.16145628340889615,0.8229359881591263,25,20,20
38,9917,0.015607052265842046,6.761661322258099e-07,0.16145169633040699,0.8229405752376188,25,20,20
38,9918,0.015607052265842102,6.761661365143225e-07,0.1614563193733841,0.8229359521946374,25,20,20
38,9919,0.015607052265842102,6.761661364416711e-07,0.16146093811286388,0.8229313334551575,25,20,20
38,9920,0.01560705226584119,6.761661364404742e-07,0.1613717913080341,0.823020480259988,25,20,20
38,9921,0.015607052265841193,6.761661365170284e-07,0.16137828162746592,0.8230139899405562,25,20,20
38,9922,0.015607052280414327,4.5053156067355196e-07,0.16487484373761177,0.8195176534504135,25,20,20
38,9923,0.01560706069358603,4.5053180464120164e-07,0.16496810895235237,0.8194243798222571,25,20,20
38,9924,0.01560706069358537,4.5053180102144086e-07,0.15871859773126962,0.8256738910433445,25,20,20
38,9925,0.01560706069358223,4.505318010214467e-07,0.15871854337423597,0.8256739454003811,25,20,20
38,9926,0.01560706069358223,4.5053180102012685e-07,0.1587138435541949,0.8256786452204223,25,20,20
38,9927,0.015607060693620653,4.5053164551370884e-07,0.15099384017020723,0.833398648604527,25,20,20
38,9928,0.016423367239029173,4.5053177774002715e-07,0.1501775336234922,0.8333986486057015,25,20,20
38,9929,0.016423367239032424,4.5053177773876264e-07,0.1501725525294011,0.8334036296997893,25,20,20
38,9930,0.0164233588258152,4.5053152940682467e-07,0.15007909203323938,0.8334970986094167,25,20,20
38,9931,0.016423358825815172,4.505315294068483e-07,0.1500791639736122,0.8334970266690438,25,20,20
38,9932,0.016423358825815172,4.5053152511655393e-07,0.15007904778051792,0.8334971428621423,25,20,20
38,9933,0.016423358825997273,4.505315336218413e-07,0.15008557294418148,0.8334906176982879,25,20,20
38,9934,0.016423358828591892,4.505315337697775e-07,0.15009957554438405,0.8334766150954905,25,20,20
38,9935,0.016423387234233224,4.886244028901185e-07,0.11639699982307268,0.8671791243182915,25,20,20
38,9936,0.0008864074724108746,3.818480750066809e-08,0.1319344347052387,0.867179119637543,25,20,20
38,9937,0.0008864074724108741,3.818481182556433e-08,0.1323028351166875,0.8668107192260898,25,20,20
38,9938,0.0008864074722287619,3.818480749660055e-08,0.13266933075461715,0.8664442235883466,25,20,20
38,9939,0.0008863790511036174,1.4404504003943734e-11,0.12646422585865685,0.872649395075835,25,20,20
38,9940,0.0008863790486911737,1.4404430036962144e-11,0.1264519309799324,0.8726616899569721,25,20,20
38,9941,0.0008863790590353944,2.8304534009643787e-11,0.12660112026538953,0.8725125006472706,25,20,20
38,9942,0.028211156651384458,2.8172239973148853e-11,0.09927634267437888,0.8725125006460646,25,20,20
38,9943,0.028211156651384458,2.7927571808451425e-11,0.09927171747867729,0.8725171258420109,25,20,20
38,9944,0.028211156651384448,2.7927571762103465e-11,0.09927171999561292,0.8725171233250754,25,20,20
38,9945,0.028211156651383646,2.7927496493637782e-11,0.09927164397540529,0.8725171993452835,25,20,20
38,9946,0.028211157243095673,2.8172165232234124e-11,0.09927640001938444,0.8725124427093478,25,20,20
38,9947,0.028211157232751454,1.4272062580462247e-11,0.09912709734511006,0.8726617454078665,25,20,20
38,9948,0.028211157232796838,1.4272136353385494e-11,0.09925662654321538,0.8725322162097158,25,20,20
38,9949,0.028211157232796838,1.4272136353378484e-11,0.09925662654321533,0.8725322162097159,25,20,20
38,9950,0.02821115723279606,1.4028076418250275e-11,0.09917093469100449,0.8726179080621715,25,20,20
38,9951,0.028211157232841493,1.4516197337006562e-11,0.09926327788143821,0.8725255648712041,25,20,20
38,9952,0.028211157232838294,1.4516197316734081e-11,0.09926173727378808,0.8725271054788576,25,20,20
38,9953,0.028211157232656103,1.4516122027340619e-11,0.09926002751940498,0.872528815233423,25,20,20
38,9954,0.028211157232656103,1.4516120684871537e-11,0.09926011025128824,0.8725287325015397,25,20,20
38,9955,0.028211157232656107,1.45161207312208e-11,0.09926007024478933,0.8725287725080385,25,20,20
38,9956,0.028211157232791016,2.8084773795789842e-11,0.09962754648856766,0.8721612962505566,25,20,20
38,9957,0.028211157232790277,2.808477247447849e-11,0.09962751203224357,0.8721613307068814,25,20,20
38,9958,0.02821115723283566,2.8089050280358446e-11,0.09975687797262911,0.8720319647664464,25,20,20
38,9959,0.02821115723283566,2.808897501182976e-11,0.09975687738916009,0.8720319653499154,25,20,20
38,9960,0.028280714174432613,2.3528089622442322e-11,0.09967950751249345,0.8720397782895458,25,20,20
38,9961,0.028280714174569364,2.353238146087682e-11,0.09955014787368181,0.8721691379282164,25,20,20
38,9962,0.028280714174569423,2.3532306215522124e-11,0.09955017443288679,0.8721691113690114,25,20,20
38,9963,0.028280714184882438,2.3775301751221527e-11,0.09981638773166816,0.8719028980596739,25,20,20
38,9964,0.028280726652451436,3.1625613038685053e-10,0.12508993124265375,0.8466293417886387,25,20,20
38,9965,0.028280726642138453,3.16013208798761e-10,0.12482364658024231,0.8468956264616061,25,20,20
38,9966,0.028280726642138453,3.160132075010252e-10,0.12482364519281607,0.8468956278490323,25,20,20
38,9967,0.02828072664213919,3.1600888392544474e-10,0.12445058326784786,0.847268689774004,25,20,20
38,9968,0.028280726642282886,3.162498012336704e-10,0.11820462520687562,0.8535146478345915,25,20,20
38,9969,0.028280726642282886,3.1624987519535295e-10,0.11820932398185503,0.8535099490596122,25,20,20
38,9970,0.028280726053166384,3.160137884087415e-10,0.11820476652084945,0.8535145071099702,25,20,20
38,9971,0.02828072605312101,3.1600958588187466e-10,0.11808184160145264,0.8536374320294167,25,20,20
38,9972,0.028211304530758593,1.5980738109442718e-06,0.11771545861893945,0.8540716387764913,25,20,20
38,9973,0.028211304530578154,1.5980600019973172e-06,0.11734788378599818,0.8544392136234219,25,20,20
38,9974,0.028211304540926626,1.598073904687615e-06,0.11747740475754416,0.8543096926276248,25,20,20
38,9975,0.028211304540927466,1.5980739089692096e-06,0.11756309507579044,0.8542240023093735,25,20,20
38,9976,0.02821130454092745,1.5980736729491872e-06,0.11756582872027196,0.8542212686651279,25,20,20
38,9977,0.001643324545213496,1.599674850174832e-06,0.14413380711245127,0.8542212686674856,25,20,20
38,9978,0.001643324545213496,1.5996748459604725e-06,0.14412728368563513,0.8542277920943059,25,20,20
38,9979,0.0016433245450313838,1.5996748416697348e-06,0.14412534097518756,0.8542297348049399,25,20,20
38,9980,8.505266968787038e-05,1.5980739340186388e-06,0.1456770583899241,0.8542362908664545,25,20,20
38,9981,8.505266968707249e-05,1.5980739340160433e-06,0.1456770178405199,0.8542363314158595,25,20,20
38,9982,8.505266968787048e-05,1.598073933942104e-06,0.1456790506215666,0.854234298634812,25,20,20
38,9983,8.505266969100993e-05,1.5980739296535913e-06,0.1456745103028191,0.8542388389535606,25,20,20
38,9984,8.505266969100993e-05,1.598073929654889e-06,0.14567454311119193,0.8542388061451877,25,20,20
38,9985,8.505266969099664e-05,1.5980739296548888e-06,0.14567442863673635,0.8542389206196432,25,20,20
38,9986,8.505266950891001e-05,1.5980739253632403e-06,0.14567895896637095,0.8542343902901949,25,20,20
38,9987,5.841978591824798e-05,1.6127267435755864e-06,0.14571339210975162,0.8542265753775868,25,20,20
38,9988,5.841978591745132e-05,1.612726983834286e-06,0.14562278029253797,0.854317187194561,25,20,20
38,9989,5.8419785920624564e-05,1.6127272268285809e-06,0.1458891308065229,0.8540508366803299,25,20,20
38,9990,5.8419785920638855e-05,1.6127272269038963e-06,0.1458891700464246,0.8540507974404281,25,20,20
38,9991,5.841978592138167e-05,1.6127272269038963e-06,0.1458891720589737,0.8540507954278783,25,20,20
38,9992,5.841978592138042e-05,1.6127272268298787e-06,0.14588924786898105,0.854050719617871,25,20,20
38,9993,5.841978592451862e-05,1.6127269823648885e-06,0.14588770910738685,0.8540522583797064,25,20,20
38,9994,5.841978592377669e-05,1.6127269823635913e-06,0.1458810841065214,0.8540588833805728,25,20,20
38,9995,5.841978592297783e-05,1.6127269822883225e-06,0.14588108064178443,0.8540588868453106,25,20,20
38,9996,5.84197859237755e-05,1.6127269822901038e-06,0.14587657378473273,0.8540633937023615,25,20,20
38,9997,5.841978592371946e-05,1.6127269822888061e-06,0.14587649185837118,0.8540634756287231,25,20,20
38,9998,5.841978592058101e-05,1.6127269821395663e-06,0.14587642981729063,0.8540635376698069,25,20,20
38,9999,5.841978591738555e-05,1.6127269821382462e-06,0.14587626797173456,0.8540636995153662,25,20,20
38,10000,0.00013447900766498007,1.6438802257485613e-06,0.1327550651587612,0.8671088119533483,25,20,20
