run,generation,degenerate,holistic,other,compositional,popsize,turnover_rounds,group_rounds
46,0,0.9987713554999793,1.4267839920713722e-08,0.0012266915175253483,1.938714656782331e-06,25,20,20
46,1,0.760537555068656,2.2452406796336272e-06,0.2218765551352127,0.017583644555459937,25,20,20
46,2,0.5479141610276769,0.0014929599129146823,0.38855383536116933,0.06203904369823287,25,20,20
46,3,0.48150589269502236,0.012418586264107417,0.483191474819875,0.02288404622098831,25,20,20
46,4,0.37680808948581457,0.0015843677166095496,0.6161393957869737,0.005468147010599229,25,20,20
46,5,0.31403173617793795,7.911564114944504e-05,0.644091224511314,0.041797923669597135,25,20,20
46,6,0.262133006234437,0.022776616330741586,0.671323883918911,0.04376649351591122,25,20,20
46,7,0.23230978117029238,0.023395490332974736,0.7005182212425861,0.0437765072541479,25,20,20
46,8,0.16646862379346325,0.022746188980076215,0.727782646317927,0.08300254090853437,25,20,20
46,9,0.16965386655164888,0.0013437669880457198,0.7505814459429804,0.07842092051732515,25,20,20
46,10,0.1696538750858592,0.00128786451098509,0.7500125688559833,0.07904569154717246,25,20,20
46,11,0.13898549618719988,0.0012886343480116213,0.7763542907426113,0.08337157872217694,25,20,20
46,12,0.13905120564757087,0.001288839301842225,0.7809734958002974,0.07868645925028944,25,20,20
46,13,0.12208493804634678,8.816434525908728e-05,0.8341747774454609,0.0436521201629337,25,20,20
46,14,0.12220347353927047,8.816436010734288e-05,0.7977448843268052,0.07996347777381677,25,20,20
46,15,0.11617092358468172,8.816437521690472e-05,0.7637775056080253,0.11996340643207634,25,20,20
46,16,0.1161711345465024,0.00010873936464566467,0.7698340980830025,0.11388602800584957,25,20,20
46,17,0.11617113460342088,0.00010878520910072768,0.7635713274617777,0.1201487527257043,25,20,20
46,18,0.11617113536622713,0.00011568882492592204,0.7635644125938847,0.12014876321496513,25,20,20
46,19,0.08020994134795632,0.001210767055592006,0.7984327160502578,0.12014657554619491,25,20,20
46,20,0.08020996191763517,0.00010136147056175947,0.7995420913481925,0.12014658526361212,25,20,20
46,21,0.08020996257133009,0.00010136147086508283,0.7995399270101688,0.12014874894763723,25,20,20
46,22,0.08020994664656002,9.507484619130487e-05,0.7995462090716527,0.12014876943559745,25,20,20
46,23,0.08021578389396469,8.793209613632016e-05,0.7995474790949124,0.120148804914988,25,20,20
46,24,0.0807582850444509,8.820534748494776e-05,0.7990035968801992,0.12014991272786661,25,20,20
46,25,0.08075828611784162,8.820534914352117e-05,0.7942500356945711,0.12490347283844554,25,20,20
46,26,0.08009747153457704,8.793828480499973e-05,0.7948180036292412,0.12499658655137832,25,20,20
46,27,0.08009748492113467,0.043402243912402015,0.7514987991421432,0.12500147202432185,25,20,20
46,28,0.08047822827395491,0.0034733614459178815,0.7910468846620239,0.1250015256181044,25,20,20
46,29,0.046962243289259534,0.0034733614500563987,0.8245628077455288,0.12500158751515758,25,20,20
46,30,0.04696226223124055,0.0034529800477576945,0.8245831700535375,0.12500158766746686,25,20,20
46,31,0.04696200355082859,0.0034529744093177873,0.7963085943395138,0.15327642770034244,25,20,20
46,32,0.04696200355082865,0.0034529744093177873,0.7963085979375829,0.15327642410227335,25,20,20
46,33,0.04696297366831398,0.003527211503281161,0.7962271793444543,0.15328263548395324,25,20,20
46,34,0.046852796930388727,0.003527211498576177,0.7963373561012468,0.15328263546979048,25,20,20
46,35,0.05036743066118596,0.003453051332145249,0.7928960442743318,0.15328347373233916,25,20,20
46,36,0.049919872115363834,0.00345306075964153,0.7933436552894676,0.15328341183552902,25,20,20
46,37,0.049920914702805,0.0034530849090748596,0.79334258855257,0.15328341183555103,25,20,20
46,38,0.04644416385544115,0.0035052051622204406,0.7967698275933899,0.1532808033889501,25,20,20
46,39,0.049606429153305404,0.0002505097964767139,0.7968670318892491,0.15327602916097036,25,20,20
46,40,0.05310597057316904,0.00025196199961486515,0.7931691449406452,0.15347292248657132,25,20,20
46,41,0.07102046181029278,0.00026761898254688366,0.7754330233583449,0.15327889584881615,25,20,20
46,42,0.07102046181029359,0.0002676189827914672,0.7754397299221719,0.1532721892847435,25,20,20
46,43,0.07102046181029284,0.00026761898254703425,0.775433141241418,0.1532787779657426,25,20,20
46,44,0.0710204618104744,0.00026761899644901186,0.7755519928929638,0.1531599263001132,25,20,20
46,45,0.07102046181047442,0.0002676189964490871,0.7755521102997791,0.15315980889329786,25,20,20
46,46,0.07095698317681873,0.0002678341755504437,0.7756153905732752,0.15315979207435748,25,20,20
46,47,0.07095703059138989,0.00026783430187372973,0.7756923114095697,0.1530828236971685,25,20,20
46,48,0.07095707333206919,0.0002680824708706958,0.7717536602201897,0.1570211839768721,25,20,20
46,49,0.07446346942165252,0.00026808143670180534,0.7682475392228818,0.1570209099187654,25,20,20
46,50,0.07446346942165331,0.000268081436706023,0.7682476206054203,0.15702082853622198,25,20,20
46,51,0.08326980860019294,0.0002511437599114189,0.7594602547442694,0.15701879289562726,25,20,20
46,52,0.08326980860001139,0.0002511437460135819,0.7593459892474401,0.15713305840653596,25,20,20
46,53,0.08326757784430877,0.00025072378978457135,0.7593486402729224,0.15713305809298506,25,20,20
46,54,0.10777434659818268,0.00025072394358927904,0.734841859498942,0.15713306995928616,25,20,20
46,55,0.14746097305300584,0.0001985267628621493,0.6952118714223411,0.15712862876179098,25,20,20
46,56,0.1474614807044173,0.00019857536775082324,0.6952113151647873,0.15712862876304468,25,20,20
46,57,0.1474614806627031,0.001004239768298709,0.6944731459009102,0.15706113366808855,25,20,20
46,58,0.11123873216580966,0.0010042397848294873,0.7306958948124922,0.15706113323687101,25,20,20
46,59,0.11123878805800963,0.0010045401260382761,0.7260446128231937,0.16171205899275862,25,20,20
46,60,0.1112387880591845,0.0010045395623485295,0.7144170866073108,0.17333958577115702,25,20,20
46,61,0.11126195890853915,0.0010044915654514154,0.7137873076274676,0.1739462418985425,25,20,20
46,62,0.11126195890858441,0.0010044915793028387,0.7140347237155318,0.1736988257965816,25,20,20
46,63,0.11126195889820385,0.0010044915793027635,0.7144055093843715,0.17332804013812259,25,20,20
46,64,0.11126195889824858,0.0010044915793029113,0.7140316317774074,0.17370191774504165,25,20,20
46,65,0.11686986357113435,0.0010045329739551915,0.7084232979149419,0.1737023055399694,25,20,20
46,66,0.1168698635711343,0.001004532973955193,0.7084233248532986,0.17370227860161244,25,20,20
46,67,0.14727649084460143,0.0010044962444552572,0.6780158550221373,0.1737031578888066,25,20,20
46,68,0.14362610536821369,0.0010045226497080136,0.6816660881227063,0.17370328385937256,25,20,20
46,69,0.14494463387528284,0.0010042318798316966,0.6765556241586538,0.1774955100862323,25,20,20
46,70,0.14494459298638745,0.0010184074290371216,0.6765414690188956,0.17749553056567946,25,20,20
46,71,0.14501846903040724,0.0009358458939166431,0.6765501536699935,0.1774955314056813,25,20,20
46,72,0.14501946847621883,0.0009358226179469285,0.6765491774988913,0.1774955314069411,25,20,20
46,73,0.14500706156212478,0.0009974176973995858,0.677106645406532,0.17688887533394257,25,20,20
46,74,0.1450070615622432,0.000997447148303001,0.6911029545008731,0.16289253678857896,25,20,20
46,75,0.14506443360266066,0.000997446275239568,0.6910455833347894,0.16289253678730847,25,20,20
46,76,0.14050884076089665,0.000997446121149487,0.6956011904540835,0.16289252266386747,25,20,20
46,77,0.1532513960781691,0.000997771298953618,0.6828567884947094,0.16289404412816505,25,20,20
46,78,0.12477139373452967,0.0009975908196923934,0.7113377270874792,0.16289328835829728,25,20,20
46,79,0.1233870049873405,0.0009968459836889349,0.7127264730321883,0.16288967599678203,25,20,20
46,80,0.12352623483587395,0.0009968510587620779,0.7125872381010058,0.1628896760043581,25,20,20
46,81,0.13978130941174277,0.0009968592828989548,0.6963299601645804,0.16289187114077613,25,20,20
46,82,0.13936583934239663,0.0009968561411779235,0.6967476268357058,0.162889677680718,25,20,20
46,83,0.1393741026355664,0.0009968510676930968,0.6967393444369057,0.16288970185983304,25,20,20
46,84,0.135728494580452,0.000996850595897073,0.7003849530025673,0.16288970182108323,25,20,20
46,85,0.13572849752918864,0.00019141301701842492,0.6976756629287871,0.1664044265250053,25,20,20
46,86,0.13303816819015438,0.00019142107107385272,0.7003015750232668,0.16646883571550347,25,20,20
46,87,0.17008837136234412,0.00019141184252483026,0.6716945314004381,0.15802568539469175,25,20,20
46,88,0.16165654289549208,0.0001910611360293508,0.6801283580067566,0.15802403796172082,25,20,20
46,89,0.15734495854936567,0.00019372972819147027,0.6844372717879308,0.15802403993451106,25,20,20
46,90,0.15779116094385123,0.00019447957196624114,0.683990319512485,0.15802403997169648,25,20,20
46,91,0.1577911622285982,0.00018034445026985754,0.6488764458165766,0.19315204750455436,25,20,20
46,92,0.15686693171209146,0.00018031712160820247,0.6498008362034818,0.19315191496281742,25,20,20
46,93,0.15686693171204621,0.00018031710775263853,0.6495553223818269,0.19339742879837324,25,20,20
46,94,0.1572724952814203,0.00018031202692166806,0.6491497410097531,0.1933974516819042,25,20,20
46,95,0.15682629803228085,0.00018121211539685704,0.6495950381226934,0.19339745172962813,25,20,20
46,96,0.15690262543174555,0.00018121211540083514,0.6495187352758534,0.19339742717699943,25,20,20
46,97,0.1569026254317455,0.00018121211540068593,0.6495122456171455,0.1934039168357075,25,20,20
46,98,0.15690273217942122,0.0008505794731890218,0.649588591980812,0.19265809636657735,25,20,20
46,99,0.15690272996751722,0.0008634785874828742,0.6495232939747595,0.19271049747024044,25,20,20
46,100,0.1418625283495045,0.0008634903290206971,0.6645634845023811,0.19271049681909383,25,20,20
46,101,0.14178322468006277,0.0008592401592597099,0.6646457082667322,0.19271182689394387,25,20,20
46,102,0.13567361285222984,0.0008592446082339129,0.6707541072456832,0.1927130352938515,25,20,20
46,103,0.13567456118041704,0.0008576176550185579,0.6707547840674334,0.19271303709712967,25,20,20
46,104,0.13566269317374705,0.0008576078448949441,0.6660091468523323,0.19747055212902453,25,20,20
46,105,0.09939730381280461,0.0008576078513276743,0.7022745603554064,0.1974705279804607,25,20,20
46,106,0.09939730381298553,0.0008576078513234564,0.7023666658982732,0.19737842243741738,25,20,20
46,107,0.13740596163837718,0.0008576071863269105,0.6643581299667477,0.19737830120854788,25,20,20
46,108,0.14787591071901715,0.0008575951841052043,0.6538881733859051,0.1973783207109723,25,20,20
46,109,0.1478759145453686,0.0008575951841066987,0.6539631751364451,0.19730331513407948,25,20,20
46,110,0.14787591379341142,0.0008444691834956276,0.6237053253354389,0.22757429168765383,25,20,20
46,111,0.14787591379336595,0.0008444691835027191,0.6299547876887199,0.22132482933441097,25,20,20
46,112,0.18446783982281853,0.0007699134011950308,0.5934375286907989,0.2213247180851875,25,20,20
46,113,0.18446783982270015,0.0007698839502916141,0.5794500894729558,0.23531218675405222,25,20,20
46,114,0.1844676856908386,0.00010026827954658425,0.5832180627319157,0.23221398329769763,25,20,20
46,115,0.18441166982127377,0.00010027338086282563,0.5832740495959878,0.2322140072018736,25,20,20
46,116,0.18441166875614334,0.00010027337939892758,0.5562052711863332,0.2592827866781224,25,20,20
46,117,0.18441166875596163,0.00010027337939892774,0.5561130842256311,0.25937497363900625,25,20,20
46,118,0.18441166875596163,0.00010027337939885377,0.5561130827984822,0.2593749750661552,25,20,20
46,119,0.18441166874770454,0.00010027337920425524,0.5479370489895194,0.26755100888356975,25,20,20
46,120,0.18441166882056592,0.00010058582879041514,0.5430967909670871,0.27239095438355343,25,20,20
46,121,0.1844116687480558,0.00010027348650647331,0.5478423070700496,0.26764575069538493,25,20,20
46,122,0.1844116687480558,0.00010027348668352629,0.5588913328473091,0.25659672491794816,25,20,20
46,123,0.18442422350127782,0.00010029477923099779,0.5588786549053146,0.2565968268141734,25,20,20
46,124,0.18613514959675143,6.438889476712292e-05,0.5570156646592275,0.2567847968492512,25,20,20
46,125,0.18613514961769323,6.43891050168042e-05,0.5569228446166001,0.25687761666068726,25,20,20
46,126,0.18077547445280331,6.439134348947424e-05,0.562344264381272,0.25681586982243304,25,20,20
46,127,0.18077547315354114,6.43508483475169e-05,0.5574724055198371,0.2616877704782718,25,20,20
46,128,0.18077547779511258,8.459959331041838e-05,0.5575452002454491,0.261594722366126,25,20,20
46,129,0.18077547779507916,8.459958151488142e-05,0.5513899570352453,0.267749965588159,25,20,20
46,130,0.2088063448514752,2.3003814761188713e-05,0.5234206858005086,0.26774996553325336,25,20,20
46,131,0.20880608663691191,2.300979545124169e-05,0.5233250160823696,0.26784588748526494,25,20,20
46,132,0.2089242164770344,2.300979078648678e-05,0.5232068620677375,0.2678459116644394,25,20,20
46,133,0.20892421183546253,3.1095539612344727e-06,0.5231337208860972,0.26793895772447673,25,20,20
46,134,0.22057120112879744,3.10955429480062e-06,0.5114867315333548,0.2679389577835516,25,20,20
46,135,0.19263505959215202,3.0954494008471885e-06,0.5394265850579761,0.26793525990046757,25,20,20
46,136,0.23213668373565866,4.259643093118847e-07,0.49992763237442445,0.2679352579256053,25,20,20
46,137,0.23213668373824567,4.267564811159233e-07,0.4938092103800143,0.27405367912525647,25,20,20
46,138,0.23293557395921,4.2593985448548e-07,0.49263882574623197,0.2744251743547017,25,20,20
46,139,0.2329352940207027,4.259395602769477e-07,0.4926389691637403,0.2744253108759946,25,20,20
46,140,0.23293529402088362,4.259395645387093e-07,0.49290519479833095,0.2741590852412188,25,20,20
46,141,0.23293531097003517,4.201555852018216e-07,0.49300113453176536,0.2740631343426113,25,20,20
46,142,0.23210829415755557,4.2011928990891966e-07,0.4941867907444347,0.27370449497871757,25,20,20
46,143,0.23222163483655556,4.4605202270200707e-07,0.4940732007251995,0.2737047183862206,25,20,20
46,144,0.23222163483396852,4.45259843806265e-07,0.49394864198032395,0.273829277925862,25,20,20
46,145,0.23222163483396766,4.452598437283319e-07,0.49394857248041435,0.2738293474257727,25,20,20
46,146,0.23222163483378677,4.4525983954183925e-07,0.493682348275257,0.2740955716311153,25,20,20
46,147,0.255368987998336,4.190798960927303e-07,0.4705350898855238,0.274095503036242,25,20,20
46,148,0.25536898799851815,4.1907990023464605e-07,0.47053319094197676,0.2740974019796028,25,20,20
46,149,0.255418874122737,4.190783662646521e-07,0.4704833047964755,0.27409740200241933,25,20,20
46,150,0.27172305286114384,4.188889663396275e-07,0.45417908607098423,0.2740974421789037,25,20,20
46,151,0.27172305286132603,4.1888897062945574e-07,0.4541837253313538,0.2740928029183478,25,20,20
46,152,0.27172360900089515,4.191218743356232e-07,0.45886337818155126,0.26941259369567766,25,20,20
46,153,0.27106276858018297,4.191215412595183e-07,0.4595242169719046,0.26941259532636946,25,20,20
46,154,0.2710627685800009,4.1912154125952326e-07,0.45952416741357366,0.2694126448848825,25,20,20
46,155,0.27106276857995537,4.1912154547440373e-07,0.4595192584255554,0.2694175538729423,25,20,20
46,156,0.29321465921700046,3.7676800006180886e-05,0.4373400801787993,0.2694075838041924,25,20,20
46,157,0.3329271655720336,3.768144702756717e-05,0.3976261957278611,0.2694089572530773,25,20,20
46,158,0.3293195838532321,5.070182666357712e-05,0.4012207195507924,0.26940899476931096,25,20,20
46,159,0.29912036197124775,5.075372973708918e-05,0.4314197839240108,0.26940910037500454,25,20,20
46,160,0.33300322115828485,5.0704818984700594e-05,0.39753719858227016,0.2694088754404596,25,20,20
46,161,0.3240805939189986,5.092696287424542e-05,0.40645856419941895,0.2694099149187079,25,20,20
46,162,0.32408062771608487,0.0005677402995201599,0.4035707730833467,0.2717808589010483,25,20,20
46,163,0.36063962433211544,0.0005688188733503597,0.3667310082850014,0.2720605485095327,25,20,20
46,164,0.36063962433214947,0.000568819021275503,0.36682367847662056,0.27196787816995366,25,20,20
46,165,0.35603615674462297,0.0005762133575111098,0.3713504705226338,0.27203715937523154,25,20,20
46,166,0.36074725088820125,0.0005688243579019171,0.36671604529638785,0.2719678794575085,25,20,20
46,167,0.3607472508880192,0.0005688243579019626,0.3669776848166231,0.27170623993745535,25,20,20
46,168,0.3632126535387522,0.0005677455560509055,0.3647966840361242,0.2714229168690719,25,20,20
46,169,0.3724716331548104,0.0005675437847518778,0.3555388485876167,0.27142197447281935,25,20,20
46,170,0.37247184740802863,0.0005675426817169964,0.35553895926695067,0.271421650643302,25,20,20
46,171,0.3703802215411015,0.0005675420452267038,0.357817566336623,0.2712346700770467,25,20,20
46,172,0.3703802220653267,0.0005675420450535204,0.3519368249506939,0.2771154109389236,25,20,20
46,173,0.37038022206550886,0.0005675420450491839,0.3516752779005637,0.2773769579888761,25,20,20
46,174,0.37642440311902176,0.00056753759448593,0.34563230970509395,0.2773757495813969,25,20,20
46,175,0.376424403119021,0.0005675375947261582,0.34563540164573486,0.2773726576405166,25,20,20
46,176,0.3709568259683705,0.000567517224929068,0.3511019053512645,0.2773737514554344,25,20,20
46,177,0.3709568259683706,0.0005675172249290681,0.3511021359228579,0.27737352088384104,25,20,20
46,178,0.35803185179298697,0.000567517436992478,0.36402720724803095,0.27737342352198757,25,20,20
46,179,0.35803185126876164,0.0005675174369886111,0.3588500273184805,0.28255060397576715,25,20,20
46,180,0.32974433292817784,0.0005675180956780543,0.38705482825447673,0.2826333207216654,25,20,20
46,181,0.329744332928181,0.000567518095677979,0.38705944905605444,0.28262869992008466,25,20,20
46,182,0.3439517755238645,0.0005675123817705765,0.37293610215885736,0.28254460993550595,25,20,20
46,183,0.357633946238448,0.000567517453103995,0.3592525491882913,0.28254598712015494,25,20,20
46,184,0.3576339447207691,0.0005544970668132237,0.3592644013831998,0.28254715682921633,25,20,20
46,185,0.3710514778651627,0.0005544968299430596,0.34584686849583657,0.28254715680905584,25,20,20
46,186,0.3710514778649837,0.0005544968299431349,0.34584218173032355,0.28255184357474766,25,20,20
46,187,0.3710514778649837,0.0005544968299431362,0.3458419531318424,0.28255207217322875,25,20,20
46,188,0.37105147786760023,0.0005544968301855504,0.3462151204583423,0.28217890484387004,25,20,20
46,189,0.37105147786760023,0.0005544968301856245,0.34621523434743323,0.282178790954779,25,20,20
46,190,0.37105147788231074,0.0005547495375169562,0.34614751275275785,0.2822462598274123,25,20,20
46,191,0.3710514778823075,0.0005547495375212466,0.3461429182738285,0.28225085430634067,25,20,20
46,192,0.3722801238557889,0.0005174918589900295,0.3449546463311433,0.28224773795407615,25,20,20
46,193,0.37235508887919727,0.0005174918589611416,0.3448797055248598,0.2822477137369802,25,20,20
46,194,0.37784999782670875,0.0005174919458614209,0.33930559948627775,0.2823269107411509,25,20,20
46,195,0.3784341170523857,1.4093790773166153e-05,0.3416894108895299,0.2798623782673111,25,20,20
46,196,0.3782462847008319,1.4093793985270328e-05,0.3418771951823327,0.2798624263228502,25,20,20
46,197,0.37827736145948504,5.611344570644139e-05,0.34180546960569386,0.27986105548911505,25,20,20
46,198,0.37830723846106695,5.611371567004338e-05,0.3279954008376567,0.29364124698560584,25,20,20
46,199,0.3616622666782465,5.611434357927388e-05,0.3446370918609324,0.2936445271172408,25,20,20
46,200,0.3616272312491361,5.6114069418233896e-05,0.3582974638495712,0.2800191908318739,25,20,20
46,201,0.3677264680743479,5.611406824555518e-05,0.3521994196053426,0.2800179982520639,25,20,20
46,202,0.36775312133210347,5.6125065508792214e-05,0.35192434749559254,0.28026640610679426,25,20,20
46,203,0.36820490474092826,5.614515563615692e-05,0.351472542258277,0.28026640784515733,25,20,20
46,204,0.3843153015250518,5.614550784829979e-05,0.3353620503852461,0.280266502581853,25,20,20
46,205,0.3843153015224353,5.614550761017501e-05,0.3349955247815631,0.2806330281883904,25,20,20
46,206,0.34497845627706253,5.642353640458938e-05,0.37433209159002645,0.2806330285965052,25,20,20
46,207,0.3480036010417447,5.644586456086619e-05,0.3713079656806462,0.280631987413047,25,20,20
46,208,0.3479921423728039,5.644614961447524e-05,0.3568957939696383,0.29505561750794224,25,20,20
46,209,0.3480009595803177,6.80353840954885e-05,0.35688760519597723,0.2950433998396084,25,20,20
46,210,0.34800095958031774,6.803538409127319e-05,0.35701698449432867,0.29491402054126103,25,20,20
46,211,0.38698882869949514,2.6010595872748106e-05,0.31807113958615185,0.2949140211184784,25,20,20
46,212,0.42553011028672033,2.6001170399668595e-05,0.27952986739585467,0.2949140211470238,25,20,20
46,213,0.4260510792457871,2.59810737290794e-05,0.27900892027311835,0.2949140194073642,25,20,20
46,214,0.4253900828822276,2.5994955127375823e-05,0.2796685122733221,0.294915409889321,25,20,20
46,215,0.4252675156176262,2.5995222072231207e-05,0.27979107926355956,0.29491540989673987,25,20,20
46,216,0.4253366723247801,2.570381359696873e-05,0.27972360242168726,0.29491402143993367,25,20,20
46,217,0.4195736437099906,2.5906039521019336e-05,0.28548639557391053,0.29491405467657567,25,20,20
46,218,0.4195648265669413,1.4064169738773356e-05,0.28199476173696814,0.2984263475263498,25,20,20
46,219,0.419564826566942,1.4064169494181014e-05,0.2821194572809444,0.29830165198261743,25,20,20
46,220,0.39598663056351996,1.4087294182469664e-05,0.3056975556112804,0.2983017265310162,25,20,20
46,221,0.3576508370619308,1.409115467794537e-05,0.3440309299809649,0.29830414180242465,25,20,20
46,222,0.3813409124157657,1.4067761647856956e-05,0.320340950880925,0.29830406894165973,25,20,20
46,223,0.3818493220466565,1.4067409371475716e-05,0.31983263733489126,0.2983039732090782,25,20,20
46,224,0.3818493220466533,1.4067409371400449e-05,0.31983264023532737,0.2983039703086453,25,20,20
46,225,0.3818493220466533,1.4067409371400449e-05,0.31983264023532737,0.2983039703086453,25,20,20
46,226,0.36105837616984343,1.3865295710839862e-05,0.3406220840615437,0.29830567447289974,25,20,20
46,227,0.3615475592021922,1.3865295493725412e-05,0.34013290102992927,0.29830567447238227,25,20,20
46,228,0.3976498592373528,1.3854088713692876e-05,0.30437183986433647,0.2979644468095948,25,20,20
46,229,0.36530857853005516,1.39294630268177e-05,0.33671303878409653,0.29796445322281956,25,20,20
46,230,0.34631135530987245,1.3928843129513068e-05,0.35571342324769084,0.29796129259930554,25,20,20
46,231,0.3463147044094702,1.3928843127585104e-05,0.355710074148095,0.2979612925993057,25,20,20
46,232,0.33591944689116277,1.3928824419586041e-05,0.3661845113903752,0.29788211289404315,25,20,20
46,233,0.32827137978343535,1.3870416822734932e-05,0.37383264329360505,0.29788210650613745,25,20,20
46,234,0.3282769474978914,1.3870416822734266e-05,0.3738270755791585,0.29788210650612806,25,20,20
46,235,0.32397386039989196,1.3876590662499907e-05,0.3780361664409652,0.2979760965684811,25,20,20
46,236,0.32338919011808187,1.3876960738211414e-05,0.3786208346714864,0.29797609824969334,25,20,20
46,237,0.32339035024479396,1.3876671549306527e-05,0.3544893056400818,0.32210646744357296,25,20,20
46,238,0.32479860808908045,1.3876665953559653e-05,0.3530810477406602,0.32210646750430355,25,20,20
46,239,0.324489759497101,1.3877020552765088e-05,0.3533898959473402,0.3221064675350038,25,20,20
46,240,0.32448975964456495,1.387702079237674e-05,0.3535135757981586,0.321982787536482,25,20,20
46,241,0.3245065292428816,1.3869152794974351e-05,0.353496813332329,0.3219827882719922,25,20,20
46,242,0.3245065292428816,1.3869152799264673e-05,0.3534968417855321,0.32198275981878466,25,20,20
46,243,0.3253857783142092,1.386867661017011e-05,0.35261759094627537,0.32198276206290244,25,20,20
46,244,0.3254270323556755,1.3869609288275353e-05,0.352561760288377,0.3219973377466564,25,20,20
46,245,0.3254270323125049,2.1012978138218772e-05,0.3561233680963647,0.3184285866129887,25,20,20
46,246,0.32450756111140433,2.101202886520341e-05,0.3570495353007179,0.3184218915590103,25,20,20
46,247,0.32450756111140433,2.101202886513076e-05,0.3570495338978245,0.3184218929619038,25,20,20
46,248,0.3115680198524731,2.1012164788674e-05,0.3699907472618766,0.31842022072086124,25,20,20
46,249,0.31136238884780587,2.1137536641967305e-05,0.37016277828260763,0.31845369533294404,25,20,20
46,250,0.311362388847988,2.1137536641969087e-05,0.37015827189332984,0.3184582017220395,25,20,20
46,251,0.31106382391896353,2.1016369550922717e-05,0.37049047689737874,0.3184246828141069,25,20,20
46,252,0.31006939759078705,2.1016720843886013e-05,0.3714848122705189,0.3184247734178498,25,20,20
46,253,0.31006939759078395,2.101672084381204e-05,0.3714831906042537,0.3184263950841182,25,20,20
46,254,0.31006939759096525,2.1016721088494816e-05,0.3713560220592623,0.31855356362868353,25,20,20
46,255,0.3094852446251651,7.257293824855486e-06,0.3719550849897535,0.31855241309125726,25,20,20
46,256,0.32031591430897116,7.257224300041942e-06,0.36112443303628966,0.3185523954304402,25,20,20
46,257,0.3565838111271423,7.205240825587129e-06,0.3248567143127918,0.3185522693192423,25,20,20
46,258,0.3565898228152652,7.205240717231536e-06,0.3248507026323489,0.3185522693116707,25,20,20
46,259,0.391624852578524,7.183935606086683e-06,0.28981569439237503,0.31855226909349355,25,20,20
46,260,0.39300171586952587,7.183596441897241e-06,0.2884389236727502,0.3185521768612809,25,20,20
46,261,0.39300171586952665,7.183596446187559e-06,0.2884390064933023,0.31855209404072377,25,20,20
46,262,0.3709236917576746,7.18687388402785e-06,0.31051613812723466,0.31855298324120584,25,20,20
46,263,0.3709089300311441,0.0011296825689808808,0.30950248483078446,0.3184589025690901,25,20,20
46,264,0.37090893003114334,0.0011296825689765878,0.3095024039976353,0.3184589834022444,25,20,20
46,265,0.35503817186246023,0.0011296821986797945,0.3253731078258173,0.3184590381130422,25,20,20
46,266,0.35503826553205253,0.001129928383968045,0.32537277816911425,0.31845902791486486,25,20,20
46,267,0.35503826553187035,0.001129928383723436,0.3253770204385134,0.3184547856458926,25,20,20
46,268,0.35931203216972796,0.0011299191850445217,0.3211056795029187,0.3184523691423091,25,20,20
46,269,0.3593120321695459,0.0011299191850403045,0.32147858627198017,0.31807946237343404,25,20,20
46,270,0.3934382902338669,0.0011299191850689756,0.2873523282704261,0.3180794623106367,25,20,20
46,271,0.39348819265384494,0.001129919184519854,0.2873024259405205,0.3180794622211138,25,20,20
46,272,0.39348819265384494,0.0011299191845197789,0.28729582317358776,0.3180860649880466,25,20,20
46,273,0.39348819265384494,0.0011299191845197802,0.2873023115003612,0.3180795766612732,25,20,20
46,274,0.39348820105421844,0.0011299191845283304,0.2874566955215288,0.3179251842397235,25,20,20
46,275,0.41411314936443977,0.0011299311094401668,0.26683173515241,0.3179251843737099,25,20,20
46,276,0.4141131493644397,0.001129931109440092,0.2667022940169148,0.31805462550920516,25,20,20
46,277,0.4141134871549002,0.0011299312000566325,0.26670193194115344,0.3180546497038899,25,20,20
46,278,0.4150145418308611,0.0011227886225773235,0.2658080159049051,0.31805465364165697,25,20,20
46,279,0.4150145419107743,2.9296867373466e-07,0.266834141647103,0.31815102347344953,25,20,20
46,280,0.4150145419211547,2.9296868224065465e-07,0.26646767830672824,0.3185174868034354,25,20,20
46,281,0.4150145419211547,2.929686823159237e-07,0.2664676282887819,0.3185175368213817,25,20,20
46,282,0.4150145417736907,2.929684384120094e-07,0.2663373019625975,0.318647863295274,25,20,20
46,283,0.41501454177369385,2.929823777134307e-07,0.26634962008122537,0.3186355451627037,25,20,20
46,284,0.41501454177369385,2.929823777160706e-07,0.26635432326171476,0.3186308419822143,25,20,20
46,285,0.4150895540767611,2.9261465747302897e-07,0.26627918045407145,0.31863097285451064,25,20,20
46,286,0.4066697676953507,2.935470038206557e-07,0.2746987146145038,0.3186312241431408,25,20,20
46,287,0.40665511248596714,2.9354722953251763e-07,0.274713369763407,0.3186312242033955,25,20,20
46,288,0.3672681615498088,1.191182059327442e-06,0.31386367955887656,0.31886696770925504,25,20,20
46,289,0.34663467584543683,1.1711782683934198e-06,0.33449718138406126,0.31886697159223343,25,20,20
46,290,0.34670708074053735,1.1711782683846835e-06,0.3344247764889608,0.31886697159223343,25,20,20
46,291,0.3580235929610644,1.1702514094040881e-06,0.323108514825034,0.3188667219624915,25,20,20
46,292,0.3580235929610652,1.1702514094027918e-06,0.32323886308205346,0.3187363737054712,25,20,20
46,293,0.35417842454253234,1.17016353458347e-06,0.3270840553862988,0.31873634990763405,25,20,20
46,294,0.35448952401050454,1.170160349463547e-06,0.3267730039769188,0.3187363018522258,25,20,20
46,295,0.3532778794101976,1.1704723976969205e-06,0.3279846452304404,0.3187363048869628,25,20,20
46,296,0.35327778568345386,9.287169313612147e-07,0.32798499137862486,0.31873629422098604,25,20,20
46,297,0.35327426485257424,9.287169333577307e-07,0.32798851220923125,0.3187362942212573,25,20,20
46,298,0.3177628306411271,3.089870791809875e-05,0.3633270854420561,0.31887918520889413,25,20,20
46,299,0.3177628222407568,3.089870815415864e-05,0.3631750603848369,0.3190312186662478,25,20,20
46,300,0.3177615007958451,3.0898709744953464e-05,0.3631763814032923,0.31903121909111326,25,20,20
46,301,0.3200703366001872,3.199296201291348e-05,0.3608664468746142,0.3190312235631812,25,20,20
46,302,0.3205426851182854,3.199295579840803e-05,0.36039409831414027,0.31903122361177166,25,20,20
46,303,0.3235333356126734,3.1095320742987765e-05,0.3576400889445371,0.31879548012204323,25,20,20
46,304,0.32346331395899747,3.111176519611358e-05,0.3434409605219346,0.333064613753868,25,20,20
46,305,0.32346331395899824,3.111176519182322e-05,0.3438148184002145,0.33269075587559166,25,20,20
46,306,0.323445130122682,3.111075415993873e-05,0.34383287162976084,0.33269088749339254,25,20,20
46,307,0.3238282870959516,0.002089485969328058,0.34139128625053927,0.33269094068417765,25,20,20
46,308,0.3228533203441534,0.002089511396894644,0.34236636256877145,0.332690805690177,25,20,20
46,309,0.3228533203441502,0.002089511396650034,0.3423640826827175,0.33269308557647875,25,20,20
46,310,0.32285332034415254,0.002089511396650087,0.3534223344665706,0.32163483379262275,25,20,20
46,311,0.32285332034415254,0.002089511396650087,0.35341763667928106,0.32163953157991243,25,20,20
46,312,0.32285332034415176,0.002089511396650236,0.35304833778641453,0.32200883047277956,25,20,20
46,313,0.3228530434621442,0.002089511388151802,0.3530487509884343,0.32200869416126593,25,20,20
46,314,0.2845161206110543,0.002088417609894308,0.3913867702468942,0.32200869153215317,25,20,20
46,315,0.28503781035291725,0.002088412578011524,0.3908650852204737,0.32200869184859326,25,20,20
46,316,0.286515875232134,0.002088413343116961,0.38938661094374444,0.32200910048100034,25,20,20
46,317,0.2867759845929884,0.0020884133455504224,0.38912650155043055,0.32200910051102805,25,20,20
46,318,0.2532809837226651,0.0020884162516875866,0.4220491317751553,0.322581468250492,25,20,20
46,319,0.29315408593692877,0.0020883903271275857,0.38217605547058325,0.32258146826535783,25,20,20
46,320,0.29315408593692727,0.0020883903271275337,0.3711178400372802,0.3336396836986624,25,20,20
46,321,0.293632507280984,0.002088390333497535,0.3706394203667901,0.33363968201872574,25,20,20
46,322,0.2931109786968132,0.0020886067858531727,0.37116073281505835,0.33363968170227243,25,20,20
46,323,0.2931079553897722,0.002088606785909046,0.3711637556892334,0.33363968213508177,25,20,20
46,324,0.27587977087146387,0.0020885986790515725,0.38817881625526474,0.3338528141942193,25,20,20
46,325,0.27587790993429784,0.002088598692504809,0.3869019912629772,0.33513150011021947,25,20,20
46,326,0.2903045671292842,0.0020886060262240084,0.3724756211469327,0.3351312056975563,25,20,20
46,327,0.2903045671190847,0.0020886068156425372,0.37273863916885963,0.33486818689641046,25,20,20
46,328,0.290304567119084,0.0020886068156425385,0.37260176864030403,0.3350050574249667,25,20,20
46,329,0.2903397891064051,0.002088606571768099,0.3727819443903395,0.33478965993148463,25,20,20
46,330,0.29033978910640507,0.0020886065578287964,0.3727697373212891,0.33480186701447445,25,20,20
46,331,0.290339789106405,0.002088606557828721,0.3727716402123392,0.3347999641234246,25,20,20
46,332,0.2900962492130966,0.0020886066497194746,0.3730151558968648,0.3347999882403167,25,20,20
46,333,0.29009624921309585,0.0020886066497237637,0.37301523571499673,0.3347999084221812,25,20,20
46,334,0.2900962492129157,0.0020886058741470233,0.3730130259610824,0.33480211895185247,25,20,20
46,335,0.26752856702499556,0.0020886058741583957,0.3955805000151663,0.3348023270856785,25,20,20
46,336,0.2675287627651434,0.00218877564537715,0.3954799820643566,0.3348024795251215,25,20,20
46,337,0.2675287627651435,0.002188775645381366,0.3954865575246766,0.3347959040647968,25,20,20
46,338,0.2606383234551844,0.002188775720385127,0.4023769964078566,0.33479590441657286,25,20,20
46,339,0.26063832345518523,0.0021887757203894183,0.40237051469954904,0.33480238612487534,25,20,20
46,340,0.26063815698136045,0.0021887592756970413,0.4162104234277341,0.32096266031520726,25,20,20
46,341,0.26063816183535604,0.002188753238608087,0.41162455817106447,0.32554852675497054,25,20,20
46,342,0.26185264127570684,0.0021887529203867546,0.41041008037843235,0.32554852542547247,25,20,20
46,343,0.28853638007685256,0.0021887496572401254,0.38429871263432586,0.32497615763158033,25,20,20
46,344,0.2885363800768525,0.0021887496572358333,0.38429210615111314,0.32498276411479743,25,20,20
46,345,0.29538603340775027,0.0021887496572411107,0.3774424528189102,0.3249827641160973,25,20,20
46,346,0.295388032044755,0.002188749660428138,0.3774404541859181,0.3249827641088977,25,20,20
46,347,0.3028112160386202,0.002188753433343688,0.3700173796950916,0.3249826508329434,25,20,20
46,348,0.3028112160386194,0.0021887534194933943,0.36975001333974533,0.32525001720214086,25,20,20
46,349,0.3028112160386194,0.0021887534194891057,0.3697498971813586,0.3252501333605318,25,20,20
46,350,0.33771256489034307,0.0021588005251708103,0.3350213893912643,0.325107245193221,25,20,20
46,351,0.3405884398434621,0.0021590565540087533,0.3321452362195653,0.32510726738296336,25,20,20
46,352,0.34020842298825166,0.0009991680436162722,0.3336851723751839,0.3251072365929473,25,20,20
46,353,0.3404527927326829,0.0009991679516956247,0.3334408030122959,0.3251072363033243,25,20,20
46,354,0.3404527927326798,0.0009991679377606122,0.3334308539624002,0.3251171853671576,25,20,20
46,355,0.3605481884193011,0.0009991681424761473,0.313335457171438,0.3251171862667832,25,20,20
46,356,0.360548188419301,0.0009991681424718574,0.31333316718487486,0.32511947625335064,25,20,20
46,357,0.33723844905125816,0.0009991853666294688,0.3362149661617837,0.3255473994203267,25,20,20
46,358,0.3191696142041365,0.0009991858891202684,0.35428380122346054,0.32554739868328025,25,20,20
46,359,0.31925080576619946,0.00010228444972000062,0.3550918247490324,0.3255550850350456,25,20,20
46,360,0.3192840410421993,0.00014731586876553726,0.35544345010640815,0.32512519298262604,25,20,20
46,361,0.31928403610670875,0.00014731579202396401,0.36007745471067987,0.32049119339058757,25,20,20
46,362,0.31925081728215365,0.00010228437372846035,0.36016310603041285,0.3204837923137053,25,20,20
46,363,0.3187816749760663,0.00010228436746709499,0.36063224837264796,0.32048379228381985,25,20,20
46,364,0.3187816749760663,0.00010228436746709369,0.3606322483379406,0.32048379231852736,25,20,20
46,365,0.31862465818033564,0.00010228542645324505,0.36078925908393444,0.3204837973092779,25,20,20
46,366,0.35258160819953915,0.00010228494811121326,0.32683231178301303,0.32048379506933794,25,20,20
46,367,0.3194541699013715,0.00011265408913936539,0.3571323595841687,0.32330081642532144,25,20,20
46,368,0.3193996331076127,0.0001126541781506965,0.3571868720996953,0.32330084061454256,25,20,20
46,369,0.3193996331076127,0.00011265417815069649,0.3571869545564093,0.3233007581578285,25,20,20
46,370,0.32332869030726313,0.00011239807587099608,0.3532567743131852,0.323302137303682,25,20,20
46,371,0.35184814488999294,0.00011278115344293851,0.32516386089667937,0.3228752130598859,25,20,20
46,372,0.3401672488493599,0.0001241929138525003,0.3367780578354451,0.32293050040134363,25,20,20
46,373,0.32013565512889464,0.000780370037099225,0.35615345738872256,0.32293051744528467,25,20,20
46,374,0.32013565512889464,0.0007803700370992249,0.356153490170693,0.3229304846633144,25,20,20
46,375,0.32559286640807783,0.0007799578633437677,0.35069769100996717,0.3229294847186124,25,20,20
46,376,0.32530041681006094,0.0007799579532656844,0.35098877164458864,0.3229308535920857,25,20,20
46,377,0.31968603143212293,0.0007799572338950406,0.35660315386755265,0.3229308574664306,25,20,20
46,378,0.32061399422859066,0.0007783685617259415,0.35568448918558443,0.32292314802410005,25,20,20
46,379,0.32617576353547817,0.0007783686626163354,0.3500785319920251,0.3229673358098814,25,20,20
46,380,0.3261815135656852,0.0007783686625883601,0.35007280622219533,0.32296731154953195,25,20,20
46,381,0.3261815135656852,0.0007783686625884341,0.35007277480630455,0.32296734296542273,25,20,20
46,382,0.3379714332850383,0.0007669568194051589,0.3383495312026036,0.32291207869295385,25,20,20
46,383,0.33704356466672636,0.0007669571433654416,0.3392773570888442,0.3229121211010649,25,20,20
46,384,0.3370435646667296,0.0007669571433654403,0.339281943674362,0.3229075345155438,25,20,20
46,385,0.3314272677801437,0.0007669570533891563,0.3448996095392829,0.3229061656271852,25,20,20
46,386,0.3314272677801437,0.000766957053389155,0.34489952848834593,0.3229062466781221,25,20,20
46,387,0.33142726778032583,0.0007669570536337513,0.34490436401413505,0.32290141115190624,25,20,20
46,388,0.3314272677803258,0.00076695705363375,0.34490436255300344,0.32290141261303745,25,20,20
46,389,0.3314320453823192,0.0007669570504197067,0.3448995849544877,0.3229014126127732,25,20,20
46,390,0.3258770086481308,0.0007669573275043058,0.3498540232562377,0.3235020107681269,25,20,20
46,391,0.3257488797171723,0.0007669573275600771,0.34998215176281805,0.3235020111924493,25,20,20
46,392,0.3257488797173533,0.000766957341410371,0.35024951815806543,0.3232346447831707,25,20,20
46,393,0.3257488797171711,0.0007669573411658499,0.35024476568594975,0.32323939725571293,25,20,20
46,394,0.3194719207715524,0.0007565888594462546,0.32643852389314154,0.35333296647585966,25,20,20
46,395,0.3194719207715492,0.0007565888594462546,0.32643385047016615,0.35333763989883826,25,20,20
46,396,0.3194718860800297,0.0007565882076510552,0.3197570652254081,0.3600144604869102,25,20,20
46,397,0.31947209722832026,0.000756588098349734,0.31980374401806455,0.35996757065526525,25,20,20
46,398,0.3196271039153889,0.0007565880967593477,0.31965013901996053,0.35996616896789085,25,20,20
46,399,0.31962710391539206,0.0007565881106097168,0.31991750599746216,0.3596988019765358,25,20,20
46,400,0.31962710391539206,0.0007565881106096414,0.31991742295388703,0.35969888502011105,25,20,20
46,401,0.3186168560371587,0.000756588008533696,0.3209276709055932,0.359698885048714,25,20,20
46,402,0.3186190073769578,0.0007565880085327146,0.32092551956592863,0.3596988850485807,25,20,20
46,403,0.30291856988616606,0.000756588101093397,0.33662604602607976,0.3596987959866606,25,20,20
46,404,0.3029185698861661,0.0007565881010934735,0.3366260485402039,0.35969879347253625,25,20,20
46,405,0.3029185698859861,0.0007565880872473973,0.33636097161538336,0.3599638704113829,25,20,20
46,406,0.28938886689703663,0.0001099041736692998,0.3505373753173796,0.3599638536119146,25,20,20
46,407,0.28938886689703663,0.0001099041736692998,0.35053742933772675,0.3599637995915673,25,20,20
46,408,0.28938865575035494,0.00010991052275135586,0.35053900987240993,0.3599624238544834,25,20,20
46,409,0.2893886557503574,0.00010991052274706556,0.3505389983508313,0.359962435376064,25,20,20
46,410,0.28938865575035416,0.00010991052274698895,0.35053900126112886,0.35996243246576975,25,20,20
46,411,0.2893886557503541,0.00010991052274706372,0.35080525168781657,0.3596961820390821,25,20,20
46,412,0.29142947347697046,0.00010991286910083335,0.3487644359947122,0.3596961776592157,25,20,20
46,413,0.2972837243170467,0.00010991287386750413,0.3429101847171339,0.3596961780919511,25,20,20
46,414,0.2972975813907616,0.00011121930161918417,0.34288879060457816,0.3597024087030409,25,20,20
46,415,0.29743957412777244,0.00011121930314977998,0.3427467982896596,0.359702408279418,25,20,20
46,416,0.296477073215217,0.00011121930313377127,0.34370956543072395,0.3597021420509248,25,20,20
46,417,0.2964770732151688,0.00011121928933407056,0.34329709529964425,0.36011461219585217,25,20,20
46,418,0.29647707321516886,0.00011121928933407186,0.34330182580989965,0.3601098816855967,25,20,20
46,419,0.26621910602191307,0.00011121933281744108,0.3735597928559499,0.3601098817893175,25,20,20
46,420,0.2662191066121349,0.0001112193328174409,0.3736653002524279,0.3600043738026178,25,20,20
46,421,0.26475690064252644,0.00011123661851519669,0.3751274923672417,0.36000437037171545,25,20,20
46,422,0.2707891193102039,0.00011123661854226327,0.36909527369940526,0.3600043703718473,25,20,20
46,423,0.2723881620160735,1.0846544329549939e-05,0.3675967696265294,0.36000422181306674,25,20,20
46,424,0.2723881620160743,1.0846544329549736e-05,0.367703540746006,0.3598974506935894,25,20,20
46,425,0.27238816201607124,1.0846530483473542e-05,0.36743766282058815,0.3601633286328565,25,20,20
46,426,0.2723881620160728,1.0846530483474808e-05,0.3674383723585473,0.36016261909489566,25,20,20
46,427,0.27199246896206636,1.7082028041707716e-06,0.3678432034639369,0.36016261937119176,25,20,20
46,428,0.2719924689620656,1.708202804171486e-06,0.367470182504597,0.3605356403305324,25,20,20
46,429,0.2721951042803002,1.6877345956516836e-06,0.3672675660539108,0.36053564193119214,25,20,20
46,430,0.27219513892981284,1.6877345966554918e-06,0.3672672976666298,0.36053587566895956,25,20,20
46,431,0.27219513892981284,1.6877345965828422e-06,0.3672672177861549,0.3605359555494346,25,20,20
46,432,0.27219513892981284,1.6877345966554918e-06,0.3672673304748053,0.3605358428607841,25,20,20
46,433,0.2326880214500819,1.7075142856625915e-06,0.39819662731639155,0.36911364371923905,25,20,20
46,434,0.23268803029409324,0.0010996955027072206,0.39709862999689144,0.36911364420630777,25,20,20
46,435,0.23268803029409246,0.0010996955027029304,0.3970962608927885,0.3691160133104159,25,20,20
46,436,0.1949286403172654,0.001099677223438465,0.43485565290586214,0.36911602955343364,25,20,20
46,437,0.1949286403172654,0.0010996772234384638,0.43485565087311057,0.36911603158618483,25,20,20
46,438,0.194600205247791,0.001148361059605862,0.430477647742711,0.3737737859498911,25,20,20
46,439,0.19460019646922322,5.0658807578033494e-05,0.4315753592620099,0.373773785461188,25,20,20
46,440,0.19460019587900135,5.065880757803234e-05,0.4314744701726299,0.3738746751407899,25,20,20
46,441,0.1943165843556422,5.0659488904647314e-05,0.43174753046162206,0.37388522569382987,25,20,20
46,442,0.19997894162423982,5.0659111079195596e-05,0.4267299606785429,0.3732404385861392,25,20,20
46,443,0.19985657019286562,5.065911107870461e-05,0.4268523321099199,0.373240438586137,25,20,20
46,444,0.19987089581095496,5.305430349274499e-05,0.4268356097670039,0.37324044011855023,25,20,20
46,445,0.18205220203628555,5.305469069970649e-05,0.44465430391263283,0.3732404393603834,25,20,20
46,446,0.18240501013899532,5.30551196189496e-05,0.43196922444574176,0.38557271029564505,25,20,20
46,447,0.18241163383580297,5.305511329890146e-05,0.4319626007707062,0.3855727102801906,25,20,20
46,448,0.18241163383580766,5.305511329460875e-05,0.43225103406826976,0.38528427698262696,25,20,20
46,449,0.1850637075090723,5.3820773632218884e-05,0.42939371772491197,0.38548875399238275,25,20,20
46,450,0.1850637075090723,5.382077363222017e-05,0.42940020805344303,0.385482263663852,25,20,20
46,451,0.18506370750907233,5.3820773632293464e-05,0.4297733099209749,0.38510916179632004,25,20,20
46,452,0.18506370750907233,5.382077363229212e-05,0.42976670376015286,0.3851157679571422,25,20,20
46,453,0.18506370750906598,5.3820773632290794e-05,0.42947610585244683,0.3854063658648545,25,20,20
46,454,0.1633209183855899,5.4024557526042744e-05,0.4480570361503633,0.38856802090652254,25,20,20
46,455,0.16332091838577173,5.402455801221015e-05,0.44830897948488224,0.3883160775713356,25,20,20
46,456,0.1633076581146168,5.2718125301832e-05,0.448329776778084,0.3883098469819996,25,20,20
46,457,0.16330340871164548,4.040854351459879e-06,0.4612101693330445,0.37548238110096066,25,20,20
46,458,0.18292142546266404,4.040858156878144e-06,0.43869754481752593,0.3783769888616557,25,20,20
46,459,0.182921425462664,4.040858156953413e-06,0.43869289604925177,0.3783816376299298,25,20,20
46,460,0.182921425462664,4.040858156953457e-06,0.4386995044481771,0.37837502923100447,25,20,20
46,461,0.182921425462664,4.040858156876891e-06,0.43869942270619583,0.3783751109729859,25,20,20
46,462,0.18543837173734187,4.03333402611164e-06,0.4199827978875738,0.3945747970410591,25,20,20
46,463,0.15202101759046532,6.716011123286422e-05,0.45332655600159716,0.394585266296708,25,20,20
46,464,0.15202101759046527,6.716011123286367e-05,0.4535927734853047,0.3943190488130008,25,20,20
46,465,0.15509634803973144,0.00035671286082579435,0.4502274649655129,0.39431947413393365,25,20,20
46,466,0.19460697880901784,0.00035671286082779953,0.4107168341962072,0.394319474133951,25,20,20
46,467,0.19460697881818606,0.00035671286104382405,0.4153871774783291,0.3896491308424448,25,20,20
46,468,0.19460697881818606,0.0003567128610437479,0.4151208445494748,0.38991546377129926,25,20,20
46,469,0.1920580566565652,0.00035669475595552996,0.3988875739113602,0.4086976746761237,25,20,20
46,470,0.19205805665656514,0.0003566947559554547,0.398882872059418,0.408702376528066,25,20,20
46,471,0.19205805665656517,0.00035669475595538207,0.3988827981682818,0.40870245041920233,25,20,20
46,472,0.1920580265414892,0.0003566940402126371,0.3942729017527578,0.4133123776655453,25,20,20
46,473,0.22509228627672276,0.0003566932570152267,0.3612377143094542,0.4133133061568108,25,20,20
46,474,0.22496018338145699,0.0003567416295442749,0.36446279346910226,0.4102202815198991,25,20,20
46,475,0.22496018338145707,0.0003567416295442749,0.36446274082753427,0.41022033416146725,25,20,20
46,476,0.2244843712292491,0.00035781248043154654,0.3688277748730106,0.40633004141731066,25,20,20
46,477,0.22054036879863045,0.0003578124501172144,0.372771777436528,0.40633004131472655,25,20,20
46,478,0.22054036879863037,0.0003578124501172118,0.37277188846148546,0.40632993028976855,25,20,20
46,479,0.23361325407908212,0.0004212343266222104,0.3625300911618769,0.40343542043242075,25,20,20
46,480,0.23361325407908207,0.0004212343266221338,0.3625300621018595,0.40343544949243837,25,20,20
46,481,0.27352962220662613,0.0004212344078867206,0.32261369758142877,0.4034354458040603,25,20,20
46,482,0.2735291495318623,0.00046583556848367176,0.32256950364757303,0.40343551125208277,25,20,20
46,483,0.27352914953185914,0.00046583556848359646,0.3225694218159804,0.4034355930836785,25,20,20
46,484,0.27353152779795104,0.0004631135246695698,0.32256976526190306,0.40343559341547935,25,20,20
46,485,0.3126574940509995,0.00046422095054614055,0.28344259729816534,0.4034356877002908,25,20,20
46,486,0.31932048850289996,0.00046422105174157436,0.2767807176893083,0.4034345727560516,25,20,20
46,487,0.31274163190438437,0.00040115141735468237,0.2834331107460993,0.40342410593216244,25,20,20
46,488,0.3127404406410807,0.00040115141732719427,0.28343430200943476,0.4034241059321577,25,20,20
46,489,0.3125432815452652,0.0004011564751347453,0.2836314556194208,0.4034241063601799,25,20,20
46,490,0.3125432815452652,0.0004011564751347466,0.2836315353073637,0.40342402667223687,25,20,20
46,491,0.31254328154508665,0.0004011564746485819,0.28338109854025184,0.4036744634400133,25,20,20
46,492,0.30947405047011994,0.000111454683787884,0.2845239853142069,0.4058905095318851,25,20,20
46,493,0.30947613822321496,0.00011145468381633631,0.28452189755374424,0.40589050953922423,25,20,20
46,494,0.30947613822326053,0.00011145468381648688,0.2845221295836254,0.4058902775092975,25,20,20
46,495,0.3037791761006904,0.00011145540589083331,0.29020789824661264,0.40590147024680623,25,20,20
46,496,0.3166829020681943,0.00011070981566200289,0.27750939422227766,0.40569699389386676,25,20,20
46,497,0.3177950323865599,4.728793511995926e-05,0.2764607837496718,0.40569689592864855,25,20,20
46,498,0.3177950323774827,4.728793490401273e-05,0.2717904860029307,0.41036719368468283,25,20,20
46,499,0.317670730215243,4.7287934877499894e-05,0.27191478817253173,0.4103671936773479,25,20,20
46,500,0.3176650477944543,4.621729477329041e-05,0.24489220982248613,0.43739652508828747,25,20,20
46,501,0.3176650477944543,4.621729477328782e-05,0.24489456210965593,0.43739417280111775,25,20,20
46,502,0.3176650477943633,4.62172947732099e-05,0.24488807334550608,0.4374006615653586,25,20,20
46,503,0.31766504779436405,4.621729477328646e-05,0.24488819123502215,0.43740054367584164,25,20,20
46,504,0.27857528586785885,4.63238087446944e-05,0.2647455490556817,0.4566328412677156,25,20,20
46,505,0.2787040447081101,4.631866342607429e-05,0.26461679620599976,0.4566328404224649,25,20,20
46,506,0.2787576439331503,4.6318484591136654e-05,0.2645632444993258,0.45663279308293403,25,20,20
46,507,0.2782581420547564,4.6318490917957686e-05,0.2650626500572491,0.45663288939707725,25,20,20
46,508,0.2782581420547563,4.631849091802981e-05,0.26532737520152827,0.45636816425279797,25,20,20
46,509,0.2781842061777697,4.632268214771163e-05,0.26540130552867114,0.4563681656114121,25,20,20
46,510,0.2781781072746504,4.6179688547919025e-05,0.26507643671952974,0.45669927631727253,25,20,20
46,511,0.27819557925136923,1.5785234654802286e-06,0.26510363137768167,0.4566992108474832,25,20,20
46,512,0.2781214907665559,1.5785234649965914e-06,0.2651777198626287,0.4566992108473504,25,20,20
46,513,0.27814208050374367,2.042195181889633e-06,0.26515418581382866,0.4567016914872449,25,20,20
46,514,0.27814208050375006,2.0421954296887517e-06,0.2653312964840525,0.4565245808167669,25,20,20
46,515,0.27814208067677115,1.8003106304422047e-06,0.2559888783351927,0.46586724067740476,25,20,20
46,516,0.27814208067677043,1.8003106304408952e-06,0.2559953652395743,0.46586075377302394,25,20,20
46,517,0.27814208067677043,1.8003106347333243e-06,0.25599995493242755,0.46585616408016617,25,20,20
46,518,0.27838094025882215,1.8003138766775947e-06,0.25576109533931807,0.46585616408798225,25,20,20
46,519,0.26291928936614073,1.800307678435281e-06,0.27122284255205126,0.46585606777412975,25,20,20
46,520,0.25915609491041164,1.8049867643905573e-06,0.27498600966257475,0.4658560904402495,25,20,20
46,521,0.2751121449507472,1.804993041000976e-06,0.25902995790460737,0.46585609215160395,25,20,20
46,522,0.29310223346314435,1.794334732055959e-06,0.25041509395104666,0.45648087825107636,25,20,20
46,523,0.29310223346314435,1.7943347362723392e-06,0.25040868639184627,0.4564872858102726,25,20,20
46,524,0.29310223346314435,1.7943347362736822e-06,0.25040852460648055,0.4564874475956384,25,20,20
46,525,0.2953615806314352,1.7936103960598332e-06,0.248160287881335,0.45647633787683395,25,20,20
46,526,0.2953672985980355,2.3415509446388256e-06,0.24815141115311312,0.4564789486979071,25,20,20
46,527,0.29536729860831756,2.341564762213962e-06,0.2482585702226849,0.4563717896042359,25,20,20
46,528,0.2953672986083176,2.3415647622139627e-06,0.24825873202038504,0.45637162780653573,25,20,20
46,529,0.2953672986083176,2.3415647622126875e-06,0.24825876538999178,0.4563715944369291,25,20,20
46,530,0.2955649429073285,2.3415647607485317e-06,0.24806112109098497,0.45637159443692676,25,20,20
46,531,0.2955649429073285,2.3415649199382347e-06,0.2620309930645996,0.44240172246315296,25,20,20
46,532,0.3190705142089891,1.8209536201865723e-06,0.23852842450974504,0.44239924032764677,25,20,20
46,533,0.3190705385051535,1.8209536201864134e-06,0.23852840021358065,0.44239924032764677,25,20,20
46,534,0.3190705385051503,1.8209533724625637e-06,0.23834901652849638,0.442578624012982,25,20,20
46,535,0.31907053850514716,1.8209533723872944e-06,0.2383490590687244,0.4425785814727572,25,20,20
46,536,0.31911006648550844,1.299452681143162e-06,0.23831253952500364,0.44257609453680785,25,20,20
46,537,0.3191100589889201,1.2987474493056984e-06,0.23378407459183964,0.4471045676717924,25,20,20
46,538,0.31911005899151523,1.2987474493054899e-06,0.23378602404222676,0.44710261821881014,25,20,20
46,539,0.2984452824014802,1.3321759480913423e-06,0.2544506872340684,0.4471026981885047,25,20,20
46,540,0.2983994060818399,1.305744743887999e-06,0.2544890782566327,0.44711020991678496,25,20,20
46,541,0.29839940608183996,1.3057447438879995e-06,0.25448907882212257,0.44711020935129503,25,20,20
46,542,0.29839940608183996,1.3057447481796226e-06,0.2544890854176105,0.44711020275580277,25,20,20
46,543,0.29839940607924487,1.3057447438887004e-06,0.25448243383714436,0.4471168543388683,25,20,20
46,544,0.2754811843907625,1.3061946379857784e-06,0.27740065364967953,0.44711685576492194,25,20,20
46,545,0.275481184390717,1.3061946379105096e-06,0.2774005046984912,0.44711700471615584,25,20,20
46,546,0.275481184390717,1.3061946379131045e-06,0.2774052059160563,0.4471123034985909,25,20,20
46,547,0.2408200954395628,1.3761760450536003e-06,0.31206622603449513,0.4471123023498992,25,20,20
46,548,0.24082009543974292,1.3769621979808429e-06,0.31250066655166303,0.44667786104639823,25,20,20
46,549,0.2408200954395628,1.3761760451281547e-06,0.3124393275961997,0.44673920078819457,25,20,20
46,550,0.2379574976411024,2.9655619794482323e-06,0.31530041215267074,0.44673912464424925,25,20,20
46,551,0.24284028688959697,1.7593963631213217e-06,0.3291063340179667,0.42805161969607414,25,20,20
46,552,0.2428402868896001,1.759396363122617e-06,0.3291079619935528,0.4280499917204847,25,20,20
46,553,0.2428402868896001,1.7593963631965793e-06,0.32911250003127324,0.4280454536827643,25,20,20
46,554,0.2408415569575666,1.7235982171190245e-06,0.33165036456156805,0.4275063548826488,25,20,20
46,555,0.24084155650185451,1.7297688705376392e-06,0.3341015717150008,0.4250551420142747,25,20,20
46,556,0.24085973942362593,1.7297691667702762e-06,0.3340910231689607,0.4250475076382474,25,20,20
46,557,0.2408597394236267,1.7297831017826707e-06,0.33410322366714995,0.4250353071261226,25,20,20
46,558,0.22522003094587958,1.7097146585080755e-06,0.34974289748341214,0.42503536185605056,25,20,20
46,559,0.22316200034652353,2.2068578095810495e-06,0.35179814442223695,0.4250376483734295,25,20,20
46,560,0.2231620003465227,2.206857805288115e-06,0.35179806291937743,0.42503772987629435,25,20,20
46,561,0.20550659133937907,2.2249912333926554e-06,0.3694894878862051,0.4250016957831824,25,20,20
46,562,0.19296387554276673,4.953397593548678e-06,0.3820229714215608,0.4250081996380784,25,20,20
46,563,0.19296387554276673,4.9533975934727815e-06,0.3816500316349469,0.4253811394246923,25,20,20
46,564,0.19070681596132247,5.843899933212835e-06,0.38365292459992373,0.4256344155388208,25,20,20
46,565,0.19070773206254857,4.220900089181287e-06,0.38320893747041973,0.42607910956694295,25,20,20
46,566,0.19070773206254862,4.220900089255259e-06,0.38320435156433164,0.4260836954730308,25,20,20
46,567,0.15804921368626382,5.637603058240627e-06,0.4154819776833827,0.4264631710272949,25,20,20
46,568,0.15973224775949146,5.657299725795806e-06,0.4054672714383281,0.43479482350245435,25,20,20
46,569,0.15973224775953695,5.657299734379051e-06,0.40546734502432163,0.4347947499164069,25,20,20
46,570,0.15976644845648377,7.320857996684862e-06,0.40543148200352375,0.4347947486819958,25,20,20
46,571,0.15977393776159599,7.317732580936892e-06,0.405472408757927,0.4347463357478961,25,20,20
46,572,0.15990752947117426,7.319288223464056e-06,0.40534460228116287,0.4347405489594393,25,20,20
46,573,0.15824211806313057,7.299573734602183e-06,0.4157863821477835,0.4259642002153511,25,20,20
46,574,0.1582421180631306,7.299573730310546e-06,0.4157863486864155,0.42596423367672337,25,20,20
46,575,0.15824211806313054,7.299573730385815e-06,0.4157863007650143,0.42596428159812455,25,20,20
46,576,0.18629462205639777,5.471554592429112e-06,0.3875056183918856,0.42619428799712433,25,20,20
46,577,0.1862946220563978,5.471554592429814e-06,0.38713263044856466,0.426567275940445,25,20,20
46,578,0.19074283266534994,5.629907361404794e-06,0.38265235539981896,0.4265991820274681,25,20,20
46,579,0.19225901197200185,5.146166587728882e-06,0.3811354481272693,0.4266003937341399,25,20,20
46,580,0.1922590119720019,5.14616658773018e-06,0.381135362712666,0.4266004791487432,25,20,20
46,581,0.22794372400497573,5.146331610817352e-06,0.34545063136488097,0.42660049829853186,25,20,20
46,582,0.22794372400501806,5.146331610891326e-06,0.3454491523404832,0.4266019773228873,25,20,20
46,583,0.1923563418517288,5.146167364347509e-06,0.38103655231217154,0.42660195966873365,25,20,20
46,584,0.23228119769299418,3.4826001536104337e-06,0.3411133600410794,0.4266019596657722,25,20,20
46,585,0.235006523946385,3.4795103826507717e-06,0.3384306056484681,0.4265593908947644,25,20,20
46,586,0.2684515158123173,3.4613789060125902e-06,0.30498567474559,0.4265593480631872,25,20,20
46,587,0.25946469971215513,3.4653994579034203e-06,0.31397244885879877,0.4265593860295894,25,20,20
46,588,0.25673598473416687,3.465408751540043e-06,0.31670655137771087,0.42655399847937203,25,20,20
46,589,0.25949137353048807,2.541431187255009e-06,0.3142051654503302,0.4263009195879955,25,20,20
46,590,0.25949137353048807,2.541431187178489e-06,0.31420512809505113,0.4263009569432748,25,20,20
46,591,0.2938767822408119,2.5007321860971785e-06,0.2798199575239756,0.42630075950302804,25,20,20
46,592,0.2938767822305266,2.500718368448572e-06,0.27944645226911735,0.4266742647819894,25,20,20
46,593,0.2938768241943263,2.5015066913809996e-06,0.26580619350361084,0.44031448079537333,25,20,20
46,594,0.30278845943182864,2.4974861953240183e-06,0.25689460024516036,0.4403144428368171,25,20,20
46,595,0.28635013288057753,3.1900648593000435e-06,0.27332904383197304,0.4403176332225919,25,20,20
46,596,0.2889611539985013,5.537917963362573e-06,0.2707156785232396,0.4403176295602963,25,20,20
46,597,0.2890736126491177,5.540409127606433e-06,0.27060298768233904,0.44031785925941636,25,20,20
46,598,0.28907361264911763,5.540409127529866e-06,0.2706029572450143,0.4403178896967411,25,20,20
46,599,0.2890736126491177,5.540409370526771e-06,0.2708693097420034,0.4400515371995091,25,20,20
46,600,0.28907361264916404,5.540409370454121e-06,0.27087848273185616,0.44004236420961007,25,20,20
46,601,0.288821423846831,5.54544530039053e-06,0.2711306656484377,0.4400423650594319,25,20,20
46,602,0.2888214238468311,5.545445300539768e-06,0.2711372684983206,0.44003576220954854,25,20,20
46,603,0.28603595984033303,3.1963984984802277e-06,0.2739250815828817,0.44003576217828744,25,20,20
46,604,0.2860359598402881,3.196398675381591e-06,0.2849829507563058,0.4289778930047314,25,20,20
46,605,0.2832100811297215,3.1970657114002456e-06,0.2878088239353416,0.42897789786922613,25,20,20
46,606,0.28321008112972157,3.1970657115498253e-06,0.2880749932143453,0.42871172859022244,25,20,20
46,607,0.28321008112967605,3.197065702966559e-06,0.2880747558449242,0.42871196595969757,25,20,20
46,608,0.28321008112967516,3.197051763665137e-06,0.28806243831215567,0.4287242835064064,25,20,20
46,609,0.2711248308134552,3.197289845017247e-06,0.3001440186396038,0.428727953257096,25,20,20
46,610,0.27124425862298596,3.1989976504716342e-06,0.30002458892182277,0.42872795345754083,25,20,20
46,611,0.27124425862298596,3.198997650397672e-06,0.3000199161158823,0.42873262626348163,25,20,20
46,612,0.2711740875445653,3.1979711212875163e-06,0.30009009311666474,0.42873262136764895,25,20,20
46,613,0.2711740875445653,3.197971121288814e-06,0.30009014518413224,0.42873256930018144,25,20,20
46,614,0.26227024385099484,2.297348375209811e-06,0.3092313982205553,0.4284960605800736,25,20,20
46,615,0.2876486618190151,2.3006268034374764e-06,0.28380295969076547,0.42854607786341586,25,20,20
46,616,0.3038639795776035,2.3009184444310553e-06,0.267587602231823,0.4285461172721291,25,20,20
46,617,0.3004771561009422,2.7163214825587677e-06,0.27097295630828566,0.42854717126929026,25,20,20
46,618,0.30047715610352915,2.7163217262995413e-06,0.2710985219980358,0.42842160557670944,25,20,20
46,619,0.30047715610352904,2.7163214833039347e-06,0.2708322839258259,0.42868784364916224,25,20,20
46,620,0.3002415945017717,2.7146282972166683e-06,0.2710678514366142,0.42868783943331723,25,20,20
46,621,0.3002415945017717,2.714628297216691e-06,0.271072554920687,0.42868313594924445,25,20,20
46,622,0.3007600229223723,2.7139106134659514e-06,0.2705542230426202,0.42868304012439445,25,20,20
46,623,0.3150829822735842,2.710717950046373e-06,0.25627991103418046,0.42863439597428576,25,20,20
46,624,0.315082982273585,2.710717950122226e-06,0.25664831159843876,0.4282659954100265,25,20,20
46,625,0.34721605438651765,2.6973831744062874e-06,0.22451765993632414,0.42826358829398375,25,20,20
46,626,0.34721605438651765,2.697383174256752e-06,0.22425149065792788,0.42852975757238015,25,20,20
46,627,0.3472152670937239,2.6973831203728973e-06,0.2242522779586145,0.4285297575645412,25,20,20
46,628,0.3473677813299584,2.005016132553667e-06,0.22410359093006085,0.42852662272384767,25,20,20
46,629,0.34736778132995844,2.005016132554988e-06,0.22410359095525764,0.42852662269865105,25,20,20
46,630,0.34752350842976265,2.0048056149764537e-06,0.22394781033081362,0.4285266764338086,25,20,20
46,631,0.34752346646596294,2.0040171329295836e-06,0.22362289629249082,0.42885163322441305,25,20,20
46,632,0.3780332054766341,5.826364787188479e-07,0.19349407615980818,0.4284721357270786,25,20,20
46,633,0.37798334008836476,5.82636505122554e-07,0.1935439415479274,0.42847213572720233,25,20,20
46,634,0.3415610034287685,6.090265827442718e-07,0.2299660045912668,0.4284723829533818,25,20,20
46,635,0.3477768937115126,6.090238904983926e-07,0.22375011468315484,0.42847238258144194,25,20,20
46,636,0.34777689371151255,6.090238904996907e-07,0.22375006603572659,0.42847243122887013,25,20,20
46,637,0.347776893711512,6.090237135238467e-07,0.21295830526548318,0.43926419199929106,25,20,20
46,638,0.34775329349250017,6.090238290950288e-07,0.21298190545451617,0.43926419202915434,25,20,20
46,639,0.34775329349250333,6.090240736892409e-07,0.2129864373926419,0.4392596600907806,25,20,20
46,640,0.3513116752857456,1.9366648461379559e-07,0.20942952494674102,0.43925860610102807,25,20,20
46,641,0.35131167528315854,1.936662407251272e-07,0.20929746397383375,0.4393906670767661,25,20,20
46,642,0.351311675283113,1.9366624501473334e-07,0.2092947824056317,0.43939334864500934,25,20,20
46,643,0.35722669081976044,1.9375393486915883e-07,0.20337974330823055,0.4393933721180731,25,20,20
46,644,0.35675282773349765,1.937539354672942e-07,0.20385360639433853,0.4393933721182274,25,20,20
46,645,0.3374133470456494,1.9403861458985634e-07,0.1983491565216233,0.4642373023941119,25,20,20
46,646,0.34235505539335537,1.921758162741831e-07,0.19340269372987348,0.46424205870095425,25,20,20
46,647,0.34235505539335603,1.9217581627471286e-07,0.19313797697885365,0.4645067754519733,25,20,20
46,648,0.31934418469468623,2.010148871998142e-07,0.21614647817043367,0.4645091361199919,25,20,20
46,649,0.3193441846946862,2.0101488719852156e-07,0.2161440565940512,0.4645115576963743,25,20,20
46,650,0.31546394955712015,2.005121290143224e-07,0.2048730292688356,0.4796628206619146,25,20,20
46,651,0.31546394955711693,2.0051188441881268e-07,0.20486849532230053,0.47966735460869747,25,20,20
46,652,0.31546394955969104,2.0130011513884286e-07,0.2051983682505609,0.4793374808896323,25,20,20
46,653,0.27565028982782896,2.013075132601177e-07,0.24501202595636595,0.47933748290828965,25,20,20
46,654,0.27565028982782974,2.0130751318749418e-07,0.24501202596696717,0.47933748289768774,25,20,20
46,655,0.2756502898278297,2.0130750889894035e-07,0.2450073924339424,0.47934211643071684,25,20,20
46,656,0.2752309357308124,1.9640329092943867e-07,0.24542672800667037,0.4793421398592242,25,20,20
46,657,0.27523093573081164,1.9640329092940958e-07,0.24542980615770074,0.47933906170819474,25,20,20
46,658,0.23542642310800502,1.9633222348238609e-07,0.28522645670661556,0.4793469238531536,25,20,20
46,659,0.2252967121045922,2.003108293332249e-07,0.2953555005281228,0.4793475870564536,25,20,20
46,660,0.22529671211376118,2.0031104543667278e-07,0.30002947974501226,0.474673607830179,25,20,20
46,661,0.22312588164903915,2.0003465465775093e-07,0.30219950781402877,0.4746744105022757,25,20,20
46,662,0.21739352188791453,6.716334627858354e-08,0.30797445877924007,0.4746319521694991,25,20,20
46,663,0.21739352188791447,6.716334635121099e-08,0.3079744651016051,0.4746319458471341,25,20,20
46,664,0.21739352187879074,6.795255743078833e-08,0.3035700306250036,0.47903637954364825,25,20,20
46,665,0.2138317995273491,2.6180663198125433e-06,0.3067732683951607,0.4793923140111697,25,20,20
46,666,0.21383179952734832,2.6180663155216163e-06,0.3067667010393341,0.4793988813670015,25,20,20
46,667,0.2138224807301427,2.592228475238852e-06,0.3067760478619531,0.47939887917942847,25,20,20
46,668,0.21382248073272184,2.592228475313684e-06,0.3070282103148062,0.47914671672399634,25,20,20
46,669,0.22514975345392274,2.5919871332726037e-06,0.2957046075789946,0.4791430469799498,25,20,20
46,670,0.23550092239092277,2.5879136363384495e-06,0.2853554790519206,0.47914101064352066,25,20,20
46,671,0.2688591895688972,2.5875491053610024e-06,0.25200300091878264,0.47913522196321506,25,20,20
46,672,0.2688591895688972,2.5875491053610257e-06,0.25200292501614013,0.4791352978658574,25,20,20
46,673,0.2688591895688972,2.587549105358407e-06,0.2520028445074246,0.47913537837457293,25,20,20
46,674,0.26911784315884885,2.587371974047977e-06,0.251744215372532,0.4791353540966454,25,20,20
46,675,0.2691214314732022,1.137826677359903e-08,0.25209924619569063,0.4787793109528406,25,20,20
46,676,0.2691405013258055,1.137441642800388e-08,0.25208023302447696,0.47877925427530194,25,20,20
46,677,0.23268265126948628,1.1389229111115303e-08,0.288531475193957,0.4787858621473282,25,20,20
46,678,0.23266976585692395,1.1389221577061246e-08,0.28854436063530414,0.4787858621185507,25,20,20
46,679,0.23266976585692395,1.1389221576992542e-08,0.28854428268920396,0.47878594006465086,25,20,20
46,680,0.25846087274366725,7.467501999303825e-07,0.26275225598571494,0.4787861245204184,25,20,20
46,681,0.25846087274621754,7.4596077711166e-07,0.26248287242325313,0.47905550886975284,25,20,20
46,682,0.25846087274363916,7.459607813264564e-07,0.26223727653999934,0.4793011047555808,25,20,20
46,683,0.25846087274363916,7.459607813251131e-07,0.26223715868075415,0.479301222614826,25,20,20
46,684,0.29467296055660464,7.459459379525904e-07,0.2260316787624549,0.47929461473500345,25,20,20
46,685,0.31514418879059475,7.466671034283617e-07,0.2055683343859739,0.47928673015632767,25,20,20
46,686,0.3151281535535492,7.461660997286339e-07,0.20558450867254993,0.47928659160780085,25,20,20
46,687,0.3151281535509568,7.46166095436996e-07,0.20558893656061586,0.47928216372233157,25,20,20
46,688,0.35499211723561197,7.513115908534002e-07,0.1657249677163902,0.47928216373640636,25,20,20
46,689,0.39441879889394693,7.513041663402511e-07,0.1262982880842678,0.4792821617176184,25,20,20
46,690,0.3909200103841755,1.0173146602570516e-06,0.12979614880385687,0.47928282349730694,25,20,20
46,691,0.3909200103841748,1.017328597159027e-06,0.12979644889172667,0.47928252339550087,25,20,20
46,692,0.3806319514698576,1.0239923800875942e-06,0.14008447042958228,0.47928255410817955,25,20,20
46,693,0.36714800117581503,1.0374685112308728e-06,0.15356834299742414,0.47928261835824953,25,20,20
46,694,0.36560537863565284,2.1724972531983176e-06,0.15510982884351265,0.4792826200235817,25,20,20
46,695,0.3656053786356553,2.1724972531969733e-06,0.15511234684992858,0.4792801020171633,25,20,20
46,696,0.36560537863308434,2.1717092670706215e-06,0.15478730743625488,0.4796051422213941,25,20,20
46,697,0.3656053787805411,2.1717095110350055e-06,0.15491946189030237,0.4794729876196458,25,20,20
46,698,0.3406326471552525,1.484384469710065e-06,0.17989306325702384,0.47947280520325386,25,20,20
46,699,0.3254719193010229,3.5288195374469132e-06,0.163248744201681,0.5112758076777585,25,20,20
46,700,0.2887329359961969,3.523658644768247e-06,0.19998773268219286,0.5112758076629652,25,20,20
46,701,0.2945850804061035,3.5235801394522267e-06,0.1941367624785101,0.5112746335352467,25,20,20
46,702,0.29434452607566164,3.8105732970627766e-06,0.19437702937262916,0.5112746339784118,25,20,20
46,703,0.29434452592820487,3.8105730530996894e-06,0.19424484156934846,0.5114068219293932,25,20,20
46,704,0.2943445259282039,3.8105730562036005e-06,0.20529796610226494,0.5003536973964746,25,20,20
46,705,0.2948211118926081,3.823977689829835e-06,0.20481784291962946,0.500357221210072,25,20,20
46,706,0.2950073731261238,3.5370733856442964e-06,0.2046318685955159,0.500357221204974,25,20,20
46,707,0.3280114728196129,3.537073431764955e-06,0.17162776851775446,0.5003572215892006,25,20,20
46,708,0.30752588031657385,3.5380128832458497e-06,0.1921133578066734,0.5003572238638687,25,20,20
46,709,0.3075258803165739,3.5380128832445516e-06,0.1921133592229788,0.5003572224475632,25,20,20
46,710,0.3075258803165739,3.5380128833198118e-06,0.19211806049933344,0.5003525211712083,25,20,20
46,711,0.30752588031657313,3.5380128832439147e-06,0.19174495900977986,0.5007256226607627,25,20,20
46,712,0.311393052147759,3.5380128901069703e-06,0.18787778755582038,0.5007256222835295,25,20,20
46,713,0.31139305214775903,3.538012890183581e-06,0.18787787203230202,0.500725537807048,25,20,20
46,714,0.3113508273256438,3.558300861529229e-06,0.1879145665549576,0.5007310478185363,25,20,20
46,715,0.3113508273256438,3.5583011061114503e-06,0.18792118909489983,0.5007244252783495,25,20,20
46,716,0.29583169418658317,2.4232831432096217e-06,0.203441402295891,0.5007244802343815,25,20,20
46,717,0.2958316941891755,2.4232831432848996e-06,0.20343695823194718,0.500728924295733,25,20,20
46,718,0.2958316941891755,2.4232831432083105e-06,0.20343699158951434,0.500728890938166,25,20,20
46,719,0.2958316941891723,2.4232829029044658e-06,0.20343686021438953,0.5007290223135342,25,20,20
46,720,0.2958316941891723,2.4232829028305177e-06,0.20343684979107593,0.5007290327368482,25,20,20
46,721,0.2958033619781355,2.421619542686352e-06,0.2034651798129467,0.5007290365893742,25,20,20
46,722,0.32222834522523214,2.4149557576996578e-06,0.17704023395874813,0.5007290058602616,25,20,20
46,723,0.32222834522523214,2.414955757774914e-06,0.1770467242649257,0.5007225155540838,25,20,20
46,724,0.3062930115336114,2.414955823987154e-06,0.1929820569364306,0.500722516574134,25,20,20
46,725,0.3067418723909464,2.414945046237655e-06,0.19253325271149319,0.5007224599525143,25,20,20
46,726,0.3219462250180982,2.414963622256359e-06,0.1773288977565496,0.5007224622617291,25,20,20
46,727,0.30046737241680815,2.41521347056426e-06,0.19880761903076308,0.5007225933389575,25,20,20
46,728,0.274468644754971,4.707332766238005e-06,0.2248041187640181,0.5007225291482444,25,20,20
46,729,0.274468644754971,4.707332766164042e-06,0.22479949801659047,0.5007271498956722,25,20,20
46,730,0.2745075323657674,2.453884936735683e-06,0.2243590355276028,0.5011309782216927,25,20,20
46,731,0.2745075323657651,2.4538849336304523e-06,0.21330122915675162,0.5121887845925491,25,20,20
46,732,0.27450753236317044,2.4538851775351705e-06,0.21339405410107257,0.5120959596505789,25,20,20
46,733,0.2964199684560155,2.6265118829514546e-06,0.19143462440569056,0.5121427806264106,25,20,20
46,734,0.29999205207555574,2.3605013890603447e-06,0.18786346856899638,0.5121421188540587,25,20,20
46,735,0.29999205207555574,2.36050138906039e-06,0.1878634690682071,0.5121421183548478,25,20,20
46,736,0.2998688805198364,2.360590386964681e-06,0.1879866405350875,0.5121421183546893,25,20,20
46,737,0.2998688805198372,2.360590391257369e-06,0.1879889191728288,0.512139839716943,25,20,20
46,738,0.2998688805198371,2.360590391257391e-06,0.18798891914366286,0.512139839746109,25,20,20
46,739,0.3010975119294821,2.3605781217704904e-06,0.1867602910755245,0.5121398364168717,25,20,20
46,740,0.3018858307651274,2.3402902699290258e-06,0.18597750250883763,0.5121343264357648,25,20,20
46,741,0.30201271174881195,2.340201214632884e-06,0.1858506216216574,0.5121343264283158,25,20,20
46,742,0.3020127117591921,2.3402009748700735e-06,0.1857623039690562,0.5122226440707767,25,20,20
46,743,0.302012711759192,2.340200734578169e-06,0.18575579617180552,0.5122291518682677,25,20,20
46,744,0.30249648579361565,2.522842732284878e-06,0.18531708220217624,0.5121839091614755,25,20,20
46,745,0.3024915220748199,2.5228363575704016e-06,0.18532204592737467,0.5121839091614476,25,20,20
46,746,0.3024915220748191,2.5228363532803085e-06,0.18531984531929432,0.512186109769533,25,20,20
46,747,0.3024915220748199,2.5228363489899926e-06,0.1853198026281772,0.5121861524606536,25,20,20
46,748,0.302491522075002,2.5228363489926345e-06,0.18532130995310503,0.5121846451355434,25,20,20
46,749,0.30249152207504737,2.5228365928237073e-06,0.1854507616774076,0.5120551934109517,25,20,20
46,750,0.30599870475876256,2.5228368680976008e-06,0.18194357899326147,0.5120551934111076,25,20,20
46,751,0.30713671735667153,4.4838794482090905e-06,0.18078523619794662,0.5120735625659332,25,20,20
46,752,0.3070736366037995,2.453020950974636e-05,0.18123206951263365,0.5116697636740571,25,20,20
46,753,0.30750675299833424,2.256996624940054e-05,0.18081906923305913,0.5116516078023573,25,20,20
46,754,0.30590660994733027,2.256915164976225e-05,0.18241920053707072,0.5116516203639495,25,20,20
46,755,0.30590660994733027,2.2569151649762257e-05,0.1824146146015193,0.5116562062995009,25,20,20
46,756,0.30590660994733027,2.2569151649687e-05,0.18240809024705407,0.5116627306539662,25,20,20
46,757,0.30592142091518054,2.2569151784241904e-05,0.18239351301211784,0.5116624969209176,25,20,20
46,758,0.30592142091499835,2.2569151784239237e-05,0.18239189179925494,0.5116641181339625,25,20,20
46,759,0.30613863517384315,2.256915342326495e-05,0.1821746534379863,0.511664142234747,25,20,20
46,760,0.3063790755882509,2.2569151930457053e-05,0.18193421301760482,0.5116641422422139,25,20,20
46,761,0.300129905096583,2.257340120070796e-05,0.18811733901904795,0.5117301824831686,25,20,20
46,762,0.300129905096583,2.25734011964921e-05,0.18811275075315492,0.5117347707490658,25,20,20
46,763,0.2997272362057971,2.2573579780861188e-05,0.1885154188727819,0.5117347713416404,25,20,20
46,764,0.29972495144460576,2.2573581375454647e-05,0.18851770321409084,0.5117347717599285,25,20,20
46,765,0.29972495144460565,2.2573567438599576e-05,0.1887771298611976,0.5114753451267587,25,20,20
46,766,0.26519890397561136,4.071804008804271e-05,0.2232842803991978,0.5114760975851033,25,20,20
46,767,0.26519890397561136,4.071804009233388e-05,0.22328902780584634,0.5114713501784502,25,20,20
46,768,0.23568285964027513,4.0723735652039905e-05,0.25280217541373845,0.5114742412103349,25,20,20
46,769,0.2291815647794931,4.0966760141883995e-05,0.2593032276566971,0.5114742408036682,25,20,20
46,770,0.228370447559482,4.0919257556468766e-05,0.26011439441786316,0.5114742387650968,25,20,20
46,771,0.22837044755948202,4.0919257556423155e-05,0.25985470623817025,0.5117339269447897,25,20,20
46,772,0.2283704475491011,4.0919257552205995e-05,0.2598565448665827,0.5117320883267626,25,20,20
46,773,0.2283704475491011,4.0919257552281286e-05,0.2598565114737212,0.5117321217196242,25,20,20
46,774,0.23030140237999952,4.0933127349044534e-05,0.2579255209141781,0.5117321435784722,25,20,20
46,775,0.23030140237999874,4.09331273490432e-05,0.25792536497331786,0.5117322995193333,25,20,20
46,776,0.2303137513390842,4.093392917251503e-05,0.21824832701014357,0.5513969877215995,25,20,20
46,777,0.2303137513390842,4.0933929172513666e-05,0.21824829886130218,0.551397015870441,25,20,20
46,778,0.23031375133908732,4.0933929168225355e-05,0.2182416842348084,0.551403630496936,25,20,20
46,779,0.2458812047632979,4.057841540954315e-05,0.20267629439756302,0.5514019224237295,25,20,20
46,780,0.2458812047632979,4.057841540961581e-05,0.20267629636358706,0.5514019204577053,25,20,20
46,781,0.24588120476329467,4.0578415409614486e-05,0.20267642045554324,0.5514017963657523,25,20,20
46,782,0.24584301085605254,4.129190784059089e-05,0.20271736386556782,0.5513983333705379,25,20,20
46,783,0.24592481322494805,4.133773283587198e-05,0.20263551560329376,0.551398333438921,25,20,20
46,784,0.24592481322494805,4.133773283594594e-05,0.20263764069148776,0.551396208350727,25,20,20
46,785,0.24592481322506657,4.1338250038557685e-05,0.2166078916947686,0.5374259568301263,25,20,20
46,786,0.24592481322506657,4.1338250038560335e-05,0.21660797139300722,0.5374258771318874,25,20,20
46,787,0.2376214278910036,4.17025306209411e-05,0.22492608175865947,0.5374107878197161,25,20,20
46,788,0.22724306002840694,4.169733551917662e-05,0.23529985634296913,0.5374153862931046,25,20,20
46,789,0.22723014508915004,4.169683506950693e-05,0.23532025885316557,0.5374078992226147,25,20,20
46,790,0.2249870781011014,2.3553183176660583e-05,0.23758222004193436,0.537407148673786,25,20,20
46,791,0.22365663185966608,2.1499922739171593e-05,0.23109470222472706,0.5452271659928664,25,20,20
46,792,0.189569393312161,2.149991862343988e-05,0.26518154922775805,0.5452275575414562,25,20,20
46,793,0.18970381345513943,2.150485065022681e-05,0.2650471480069262,0.5452275336872824,25,20,20
46,794,0.18970381345513934,2.150485064601093e-05,0.2650424830806285,0.5452321986135845,25,20,20
46,795,0.18459589653345518,2.2013215015058117e-05,0.2701498701694111,0.5452322200821171,25,20,20
46,796,0.18459589653363692,2.2013215019339987e-05,0.2702394711526939,0.5451426190986485,25,20,20
46,797,0.17772296165553658,2.2017503847736807e-05,0.2771124017433185,0.545142619097295,25,20,20
46,798,0.2077947844738558,2.2017506026444765e-05,0.2470397103886272,0.5451434876314885,25,20,20
46,799,0.24310055462548683,2.1554360743302804e-05,0.21173444099289093,0.5451434500208765,25,20,20
46,800,0.24310055462548683,2.1554360743227537e-05,0.2117322424021414,0.5451456486116261,25,20,20
46,801,0.24310055447892243,2.1554346925817098e-05,0.21136002566573034,0.545517865508419,25,20,20
46,802,0.24317950222716525,3.587677916765089e-05,0.20744162126835236,0.5493429997253125,25,20,20
46,803,0.2431795022271653,3.587677917186724e-05,0.2074417026419705,0.5493429183516901,25,20,20
46,804,0.2431795022271199,3.587677892811013e-05,0.20731225292101482,0.5494723680729353,25,20,20
46,805,0.24077782489100955,3.561733606436067e-05,0.20971419267074626,0.5494723651021779,25,20,20
46,806,0.24077756351599378,3.488921948633923e-05,0.20962285919350193,0.5495646880710161,25,20,20
46,807,0.2407775635159938,3.488921948641312e-05,0.20999587982485377,0.5491916674396642,25,20,20
46,808,0.24492325258890657,3.488921662837394e-05,0.20585145211052133,0.5491904060839421,25,20,20
46,809,0.24172657643471393,3.488841381553417e-05,0.20904813100720734,0.5491904041442618,25,20,20
46,810,0.24172657541855058,1.5518056880298546e-05,0.2091562586283595,0.5491016478962082,25,20,20
46,811,0.20390794709252813,1.805695310417875e-05,0.2469721324413511,0.5491018635130128,25,20,20
46,812,0.2038807780427199,1.805615139020145e-05,0.2467562870173681,0.5493448787885181,25,20,20
46,813,0.203721039479877,1.80564213379919e-05,0.24691462423611246,0.549346279862669,25,20,20
46,814,0.2037210394799224,1.8056421337917943e-05,0.24704676913894053,0.5492141349597955,25,20,20
46,815,0.2037210394799224,1.8056421337991892e-05,0.24704677114167706,0.549214132957059,25,20,20
46,816,0.2037210394799224,1.8056421337993234e-05,0.24704684963383639,0.5492140544648995,25,20,20
46,817,0.20365580054867835,3.7686229325626725e-06,0.22039059222625407,0.5759498386021329,25,20,20
46,818,0.20365580055905927,3.7686229367799894e-06,0.2200222891763451,0.5763181416416568,25,20,20
46,819,0.20365580055905927,3.7686229367046984e-06,0.2200221732790216,0.5763182575389804,25,20,20
46,820,0.20365580055905927,3.7686229367060193e-06,0.2200222557581354,0.5763181750598665,25,20,20
46,821,0.20356862591993571,3.7683530181999792e-06,0.2201108313108778,0.5763167744161661,25,20,20
46,822,0.20356862591993646,3.7683527826282653e-06,0.22011083871615797,0.5763167670111208,25,20,20
46,823,0.20356862591993646,3.768352782628265e-06,0.22011087151214767,0.5763167342151311,25,20,20
46,824,0.20369413840229583,3.768354344234086e-06,0.21998535944365932,0.5763167337996985,25,20,20
46,825,0.20369413840211728,3.7683543398795445e-06,0.21989737961667585,0.576404713626865,25,20,20
46,826,0.2036941384021204,3.7683545828739737e-06,0.2201613127237637,0.576140780519531,25,20,20
46,827,0.20369413840207506,3.768354583020898e-06,0.22029541792358848,0.5760066753197514,25,20,20
46,828,0.20369413840510703,3.778938652698345e-06,0.25095001635966135,0.5453520662965753,25,20,20
46,829,0.21255329528854772,3.4103199712662986e-06,0.24214217909311841,0.5453011152983599,25,20,20
46,830,0.21255329528854855,3.4103339105690166e-06,0.24215441815263306,0.5452888762249053,25,20,20
46,831,0.2125532952885493,3.4103339147104076e-06,0.24189469149373552,0.5455486028837978,25,20,20
46,832,0.21255329528854933,3.41033391463646e-06,0.2418993119250809,0.5455439824524525,25,20,20
46,833,0.18907038646721927,3.6971676006054944e-06,0.26537920258081427,0.5455467137843635,25,20,20
46,834,0.15179041431811255,3.6982368304753917e-06,0.2893590634355761,0.5588468240094787,25,20,20
46,835,0.15179041431811335,3.6982370751599206e-06,0.28936126925939726,0.558844618185412,25,20,20
46,836,0.12286163919519419,3.7675115201704237e-06,0.3182898554166949,0.558844737876588,25,20,20
46,837,0.1186700274153568,3.6939554219279924e-06,0.3224815242200254,0.5588447544091936,25,20,20
46,838,0.11867002741535686,3.6939554261454584e-06,0.32247666235862765,0.5588496162705869,25,20,20
46,839,0.11867002741553818,3.69395518153619e-06,0.3224791738090421,0.5588471048202357,25,20,20
46,840,0.11867002741558334,3.6939551857138337e-06,0.32285217577081704,0.5584741028584116,25,20,20
46,841,0.11965084581010149,3.683371273408726e-06,0.3312164246575082,0.5491290461611157,25,20,20
46,842,0.1202961181056304,3.6370796787682378e-06,0.3305711986909989,0.54912904612369,25,20,20
46,843,0.1202961181056328,3.6370657395394903e-06,0.3305589607073452,0.5491412841212803,25,20,20
46,844,0.120296118105632,3.637065730976049e-06,0.33046681281971685,0.5492334320089182,25,20,20
46,845,0.12029611810567754,3.637065731053936e-06,0.33046676538324943,0.54923347944534,25,20,20
46,846,0.16022716208405832,3.6374229606617495e-06,0.290535721018043,0.5492334794749357,25,20,20
46,847,0.15933494371708237,3.6380965868111544e-06,0.2908533211812051,0.5498080970051232,25,20,20
46,848,0.15925083792963504,3.6034627465028136e-06,0.28150012745626257,0.5592454311513534,25,20,20
46,849,0.15844754836703753,1.0594838371193316e-06,0.2823061774523005,0.5592452146968216,25,20,20
46,850,0.18177913194106982,9.723995024151708e-07,0.25897554277861407,0.5592443528808105,25,20,20
46,851,0.18530361206671164,9.733079247585212e-07,0.25545465582026883,0.5592407588050916,25,20,20
46,852,0.18270771161485425,9.730266921929663e-07,0.2316250993724828,0.5856662159859687,25,20,20
46,853,0.1827077116148534,9.73026687904635e-07,0.231618574595372,0.5856727407630846,25,20,20
46,854,0.18270772725377685,9.73018048111312e-07,0.2316186951526037,0.5856726045755691,25,20,20
46,855,0.18538858659015106,9.734456084322813e-07,0.22893785447671086,0.5856725854875274,25,20,20
46,856,0.18538858659015106,9.734456085062518e-07,0.22893323407038468,0.5856772058938535,25,20,20
46,857,0.1854126260802214,7.738490794398507e-07,0.22891007050602952,0.5856765295646675,25,20,20
46,858,0.18541262608021822,7.738490836561956e-07,0.2289101841956963,0.5856764158749999,25,20,20
46,859,0.2104045071736128,7.742849496142812e-07,0.20391830266858563,0.5856764158728501,25,20,20
46,860,0.1792411388276561,5.178448809812952e-07,0.2350683268915045,0.5856900164359573,25,20,20
46,861,0.17924113882765524,5.178448766145577e-07,0.23506669978285472,0.5856916435446122,25,20,20
46,862,0.17924113882765602,5.17845116919894e-07,0.23506949224361506,0.5856888510836109,25,20,20
46,863,0.17571976548267526,5.272082054334614e-07,0.2385908579342723,0.585688849374846,25,20,20
46,864,0.17571976548267532,5.272221404458416e-07,0.23860298222824589,0.5856767250669375,25,20,20
46,865,0.1757197654827209,5.272223851060175e-07,0.2386096904189438,0.5856700168759496,25,20,20
46,866,0.1757192875032887,5.264327969863086e-07,0.238335854016077,0.5859443320478366,25,20,20
46,867,0.17726645787508974,1.1463308209326408e-06,0.23678806323511478,0.5859443325589736,25,20,20
46,868,0.18237214901619248,6.379664523679853e-07,0.2316829019269136,0.5859443110904411,25,20,20
46,869,0.18237214901618937,6.379662137384409e-07,0.23142317421938563,0.5862040387982108,25,20,20
46,870,0.18240722171294807,6.375972890867333e-07,0.23138810192135434,0.586204038768408,25,20,20
46,871,0.182407221712948,6.375972847205499e-07,0.23138149599529836,0.5862106446944685,25,20,20
46,872,0.18240722171294807,6.376112240245443e-07,0.23139381695832487,0.5861983237175026,25,20,20
46,873,0.18240722171276594,6.37611223947986e-07,0.23138902005499848,0.5862031206210112,25,20,20
46,874,0.18240843748187513,6.381226061783113e-07,0.23138780377449708,0.586203120621021,25,20,20
46,875,0.18240843748187513,6.381226061783113e-07,0.23138772602472496,0.586203198370793,25,20,20
46,876,0.1824084458359224,6.376056461224098e-07,0.21779202386572405,0.5997988926927068,25,20,20
46,877,0.1824084458359192,6.376056461950707e-07,0.21779692442011786,0.5997939921383161,25,20,20
46,878,0.14706776685466064,9.106920533802476e-07,0.2531360068541727,0.5997953155991127,25,20,20
46,879,0.14644310589982276,6.32860170958272e-07,0.2537556132358342,0.5998006480041712,25,20,20
46,880,0.1463635003769171,6.329493543006408e-07,0.2538352186617116,0.5998006480120164,25,20,20
46,881,0.14636350037691703,6.329493542266473e-07,0.25383521665836767,0.5998006500153604,25,20,20
46,882,0.14627493696471694,6.322755758945201e-07,0.2544985337998797,0.5992258969598269,25,20,20
46,883,0.14627493696728666,6.322755802167303e-07,0.2548965395403437,0.5988278912167888,25,20,20
46,884,0.14627493695690574,6.322755801320118e-07,0.254984046929941,0.5987403838375728,25,20,20
46,885,0.14627493695433602,6.322755758071838e-07,0.25458611965042577,0.599138311119662,25,20,20
46,886,0.14627493695429045,6.322753311496483e-07,0.25457952732538586,0.599144903444992,25,20,20
46,887,0.14627492860012464,6.322750885924822e-07,0.2542048973933952,0.5995195417313911,25,20,20
46,888,0.14627492860030678,6.322753331134761e-07,0.25420312815464036,0.5995213109697193,25,20,20
46,889,0.15234743557827768,6.321224862904942e-07,0.24813181488486666,0.5995201174143692,25,20,20
46,890,0.1523474355782777,6.321224905821309e-07,0.24813189568279534,0.5995200366164359,25,20,20
46,891,0.1794902493883639,6.317394384739632e-07,0.22098908224559716,0.5995200366265991,25,20,20
46,892,0.17585399689676312,6.312776698499568e-07,0.22445034202546366,0.5996950298001016,25,20,20
46,893,0.15002728650953248,1.3945937522912914e-06,0.2502762554928136,0.5996950634038999,25,20,20
46,894,0.1759213000238689,6.311948611190443e-07,0.22438303898846906,0.5996950297927991,25,20,20
46,895,0.17592130002386808,6.3119461652226e-07,0.22437850370876272,0.5996995650727509,25,20,20
46,896,0.17592130002386686,6.312082222949906e-07,0.2246411176318956,0.5994369511360135,25,20,20
46,897,0.17675127606120725,2.029196026580946e-06,0.2238030759953051,0.5994436187474593,25,20,20
46,898,0.1725226957433138,2.028971520027677e-06,0.22784111123732567,0.5996341640478399,25,20,20
46,899,0.1725226957433138,2.0289715200289745e-06,0.22784111181293387,0.5996341634722318,25,20,20
46,900,0.1846093741444896,2.028962624379618e-06,0.21575443346253154,0.5996341634303538,25,20,20
46,901,0.18460937414448955,2.028948689366528e-06,0.21574871841738757,0.5996398784894328,25,20,20
46,902,0.15021266775149494,4.345132059151037e-06,0.25014310522620364,0.5996398818902419,25,20,20
46,903,0.15021266775149494,4.345132059149716e-06,0.25014321967546194,0.5996397674409836,25,20,20
46,904,0.150212667751495,4.3451320592223864e-06,0.2501447288565328,0.5996382582599126,25,20,20
46,905,0.15027003230301958,4.3451319269907695e-06,0.25009402118000246,0.5996316013850496,25,20,20
46,906,0.15027003230315653,4.345131922813119e-06,0.2497256077503894,0.6000000148145297,25,20,20
46,907,0.15026999632717988,4.345132449000365e-06,0.249725643652476,0.6000000148878937,25,20,20
46,908,0.13632603589933123,4.371647153485984e-06,0.2636659758073821,0.6000036166461318,25,20,20
46,909,0.13632603590971162,4.371647161992563e-06,0.26367250108622964,0.5999970913568954,25,20,20
46,910,0.13632603590971162,4.371647161991264e-06,0.2636725024776936,0.5999970899654317,25,20,20
46,911,0.13632603590971482,4.371647161992607e-06,0.2636741254794475,0.5999954669636743,25,20,20
46,912,0.13608542877368554,5.040462543014678e-06,0.26408597357476904,0.5998235571890015,25,20,20
46,913,0.13608542877368557,5.040462547306924e-06,0.2640924976012677,0.5998170331624985,25,20,20
46,914,0.13605356249250924,5.040231243531187e-06,0.26432853181239435,0.5996128654638517,25,20,20
46,915,0.1360535624925092,5.040217304227193e-06,0.2643162133317682,0.5996251839584174,25,20,20
46,916,0.13527836886224237,5.0405734045416786e-06,0.26509140493582495,0.5996251856285272,25,20,20
46,917,0.16936902870284823,2.7295304336182545e-06,0.23100303545369372,0.5996252063130241,25,20,20
46,918,0.16936913974310636,4.1296463537934144e-05,0.23078365238164714,0.599805911411708,25,20,20
46,919,0.16936913974310627,4.129646353794334e-05,0.230697950849725,0.5998916129436302,25,20,20
46,920,0.16936913974310308,4.1296463538017275e-05,0.23070102968084594,0.5998885341125125,25,20,20
46,921,0.16936913973272266,4.129646352943673e-05,0.2306944980320259,0.5998950657717215,25,20,20
46,922,0.17237635289443895,4.1296867947555095e-05,0.22768717842767192,0.5998951718099405,25,20,20
46,923,0.17237635289443895,4.129686794755512e-05,0.22768717645448625,0.5998951737831262,25,20,20
46,924,0.17394824643512868,4.066670857176286e-05,0.22611591019428537,0.5998951766620124,25,20,20
46,925,0.19929725056553632,2.4705848809349693e-06,0.2009849001873641,0.5997153786622169,25,20,20
46,926,0.1992972505655395,2.4705848767206085e-06,0.2009783781999702,0.5997219006496117,25,20,20
46,927,0.16310745264816778,2.491189178093498e-06,0.23716793630452526,0.5997221198581276,25,20,20
46,928,0.1600577240539521,2.5508129905300843e-06,0.2143467740973749,0.625592951035681,25,20,20
46,929,0.1600577240539521,2.5508129905313917e-06,0.21471977695026925,0.6252199481827867,25,20,20
46,930,0.16005772405395216,2.550812994822317e-06,0.21472638274253417,0.6252133423905175,25,20,20
46,931,0.13410185003281824,2.5248184062992686e-06,0.24024973878784397,0.6256458863609303,25,20,20
46,932,0.13410185003281824,2.5248184062979845e-06,0.2398766201893456,0.6260190049594285,25,20,20
46,933,0.13410185003281902,2.5248184063745504e-06,0.2398767373878515,0.6260188877609217,25,20,20
46,934,0.13410327552605508,2.5248122597281464e-06,0.2398753118714277,0.6260188877902562,25,20,20
46,935,0.13410327552605503,2.524812255512489e-06,0.23986878913666765,0.6260254105250206,25,20,20
46,936,0.13410327552610057,2.5248122513721228e-06,0.23986241467307795,0.626031784988569,25,20,20
46,937,0.1341032755261014,2.524812255663532e-06,0.23986007966340558,0.6260341199982361,25,20,20
46,938,0.1425014607865092,2.1583528287312918e-06,0.23146316762748104,0.6260332132331798,25,20,20
46,939,0.10335060832555974,6.512194796828055e-05,0.2702508668695021,0.6263334028569696,25,20,20
46,940,0.1033506083255566,6.512194796820527e-05,0.2702554858488745,0.6263287838776005,25,20,20
46,941,0.10930240669670184,6.511759931216427e-05,0.2643036921907168,0.626328783513269,25,20,20
46,942,0.1093024066967018,6.511759930794863e-05,0.2642971687865511,0.6263353069174391,25,20,20
46,943,0.1093024066967018,6.511759930809788e-05,0.26429258166302555,0.6263398940409644,25,20,20
46,944,0.10930240669670174,6.511759931118229e-05,0.2753488735011725,0.6152836022028144,25,20,20
46,945,0.11068148896721043,6.446065307700878e-05,0.27397030703966796,0.6152837433400439,25,20,20
46,946,0.11068148896721043,6.446065307701009e-05,0.27397030562379254,0.6152837447559194,25,20,20
46,947,0.11068148896707504,6.446063923093333e-05,0.2737094649463468,0.6155445854473464,25,20,20
46,948,0.11068148896707504,6.44606392310073e-05,0.2737094997574363,0.6155445506362568,25,20,20
46,949,0.11068148896707504,6.44606392310073e-05,0.2737094301930788,0.6155446202006144,25,20,20
46,950,0.12732723874804258,6.444876642390694e-05,0.25706691682131255,0.6155413956642204,25,20,20
46,951,0.12727593806613563,1.4850444629808545e-06,0.2574813724999113,0.6152412043894894,25,20,20
46,952,0.12986438946543064,1.485367044291072e-06,0.2548930234916433,0.6152411016758811,25,20,20
46,953,0.12986438946543064,1.485367040000756e-06,0.25489294271891116,0.6152411824486174,25,20,20
46,954,0.1298735738435985,1.4851315433560665e-06,0.25488375620218195,0.6152411848226754,25,20,20
46,955,0.12987357384359854,1.4851315476377764e-06,0.2549760494680247,0.6151488915568284,25,20,20
46,956,0.12987357384360168,1.485131547637799e-06,0.25498080778952853,0.6151441332353214,25,20,20
46,957,0.12987357384617984,1.4851454022683482e-06,0.25524814110555416,0.614876799902863,25,20,20
46,958,0.12987357384617984,1.485145402268339e-06,0.2552527598494809,0.6148721811589363,25,20,20
46,959,0.1241613755305869,1.485266738239599e-06,0.2609649613679837,0.6148721778346906,25,20,20
46,960,0.12416137553076584,1.4852667426051843e-06,0.26096036697585917,0.6148767722266318,25,20,20
46,961,0.09921817377321693,1.485546629835764e-06,0.28590148979056684,0.6148788508895864,25,20,20
46,962,0.0978498651950914,1.505210148720718e-06,0.28726977867431347,0.6148788509204464,25,20,20
46,963,0.0979017011018208,1.5052099995041468e-06,0.28721794511882437,0.6148788485693553,25,20,20
46,964,0.0979017011043704,1.5052102398707297e-06,0.28721804367331516,0.6148787500120745,25,20,20
46,965,0.09790170110418826,1.5052102398707155e-06,0.2872134223328006,0.6148833713527714,25,20,20
46,966,0.13392085342983007,1.5044423777432723e-06,0.25119424906085774,0.6148833930669338,25,20,20
46,967,0.13392085342983,1.5044423777539671e-06,0.2511066588478287,0.6149709832799628,25,20,20
46,968,0.13392085342982926,1.504442381969829e-06,0.25111124508598576,0.6149663970418022,25,20,20
46,969,0.13392085342729135,1.5044289596000454e-06,0.25550293552008224,0.6105747066236661,25,20,20
46,970,0.13528905933935256,1.4847718153535813e-06,0.25413474926458623,0.6105747066242453,25,20,20
46,971,0.13521661708066424,1.4251339507337997e-06,0.24019055551625793,0.6245914022691267,25,20,20
46,972,0.13514875536935494,1.4255728447002687e-06,0.24025184859533033,0.6245979704624695,25,20,20
46,973,0.1351487553694005,1.4255728489177248e-06,0.24025413239350485,0.6245956866642451,25,20,20
46,974,0.09988583496483994,1.4255127595092936e-06,0.27551100811465795,0.6246017314077428,25,20,20
46,975,0.09988583496484,1.425512759509317e-06,0.2755110028351921,0.6246017366872085,25,20,20
46,976,0.12270339556069607,1.4252446992044377e-06,0.2526955195620845,0.6245996596325198,25,20,20
46,977,0.12210572883843857,1.4252512055799752e-06,0.2532930906893541,0.6245997552210015,25,20,20
46,978,0.12210572883839309,1.4252512054320328e-06,0.2532928620796861,0.624599983830715,25,20,20
46,979,0.12210572883821096,1.4252512010664123e-06,0.25366577748676616,0.6242270684238214,25,20,20
46,980,0.12210572883561906,1.4252648677885261e-06,0.2537514984562049,0.6241413474433077,25,20,20
46,981,0.1221057288356182,1.4252648634971258e-06,0.2537492475040256,0.624143598395492,25,20,20
46,982,0.12210572883561825,1.4252648635711207e-06,0.25374919614468766,0.6241436497548299,25,20,20
46,983,0.12210572883561824,1.4252648635698008e-06,0.2537492282483397,0.624143617651178,25,20,20
46,984,0.1343081075910152,1.7812165142986805e-06,0.24198093973115298,0.6237091714613169,25,20,20
46,985,0.134308107591012,1.7812026030682793e-06,0.241893213309241,0.6237968978971433,25,20,20
46,986,0.13430810759096648,1.7812025988508466e-06,0.24189088641695386,0.6237992247894804,25,20,20
46,987,0.1343081075909665,1.7812026031311171e-06,0.24197847892920676,0.623711632277223,25,20,20
46,988,0.13082988122057193,1.7642939342679159e-06,0.24545464559719876,0.6237137088882949,25,20,20
46,989,0.13082988123093015,1.7642939342690598e-06,0.2455468390716262,0.6236215154035092,25,20,20
46,990,0.1308298812308907,1.7642937458394256e-06,0.2410172227306611,0.6281511317447019,25,20,20
46,991,0.13082988123088987,1.7642935020835627e-06,0.2408877819385861,0.6282805725370217,25,20,20
46,992,0.13082988123089304,1.7642937450039091e-06,0.2411540185878222,0.6280143358875395,25,20,20
46,993,0.13082988123089298,1.7642937449286174e-06,0.24115406241406057,0.6280142920613012,25,20,20
46,994,0.13082988175151633,4.035864882270851e-06,0.23490649913262476,0.6342595832509761,25,20,20
46,995,0.13082988173839666,4.0358646341404965e-06,0.23479420286853916,0.6343718795284295,25,20,20
46,996,0.13082988173839666,4.0358648736160756e-06,0.23483143224741876,0.6343346501493105,25,20,20
46,997,0.1535471426875938,2.637365529644885e-06,0.21212223745179784,0.6343279824950776,25,20,20
46,998,0.15352255242338111,2.628538318499414e-06,0.21214915644749588,0.6343256625908036,25,20,20
46,999,0.13348349781379037,4.091854269332946e-06,0.23217965092309048,0.634332759408849,25,20,20
46,1000,0.1334834978137904,4.0918542693666905e-06,0.23254805068153764,0.633964359650402,25,20,20
46,1001,0.13274201394269014,4.091848716586247e-06,0.23329537152535412,0.6339585226832386,25,20,20
46,1002,0.13274201394287222,4.091848716584949e-06,0.23330209757600984,0.6339517966324008,25,20,20
46,1003,0.13321664638189046,4.091656260719665e-06,0.2328340312385744,0.6339452307232737,25,20,20
46,1004,0.13321664638189046,4.091656260720939e-06,0.23283395790512407,0.6339453040567239,25,20,20
46,1005,0.1332661474309886,4.091654984004371e-06,0.2327844568544796,0.6339453040595466,25,20,20
46,1006,0.1332661474311708,4.091668681404988e-06,0.2326619406025917,0.6340678202975548,25,20,20
46,1007,0.13326614743117393,4.091668681255748e-06,0.23266662252599532,0.6340631383741486,25,20,20
46,1008,0.13326614742081572,4.0916686812559026e-06,0.2325743969390959,0.6341553639714063,25,20,20
46,1009,0.11726600201534206,4.091655799412118e-06,0.24857463794245482,0.634155268386403,25,20,20
46,1010,0.11375660423789041,2.6283400087057213e-06,0.2520925958529793,0.634148171569121,25,20,20
46,1011,0.11375660423807255,2.6283402575317653e-06,0.2520949017404081,0.6341458656812613,25,20,20
46,1012,0.08372720421716086,2.628980376917319e-06,0.2821241330594372,0.6341460337430246,25,20,20
46,1013,0.060830751845613366,2.6291061472319387e-06,0.3049650772649736,0.6342015417832652,25,20,20
46,1014,0.06083075132499014,3.5753500673267154e-07,0.30015478056123807,0.6390141105787643,25,20,20
46,1015,0.060830787284772356,3.5755039265414545e-07,0.3001545062499014,0.6390143489149324,25,20,20
46,1016,0.060830787284772335,3.575503925049227e-07,0.3001499188112852,0.639018936353549,25,20,20
46,1017,0.060830787284590224,3.5755014367756925e-07,0.30015413618574766,0.6390147189795173,25,20,20
46,1018,0.06296966171640378,3.575380951537221e-07,0.29801526170164744,0.6390147190438522,25,20,20
46,1019,0.02298900561118397,3.584307807421176e-07,0.33760194340439015,0.6394086925536443,25,20,20
46,1020,0.04468078138089107,3.698536882145568e-07,0.3159102804935001,0.6394085682719183,25,20,20
46,1021,0.04420704190629476,1.1292006472167133e-05,0.31637309985599255,0.6394085662312384,25,20,20
46,1022,0.062486213327434786,1.1280568737454695e-05,0.29809404519226856,0.6394084609115571,25,20,20
46,1023,0.06248621332743477,1.1280568737379427e-05,0.2981005668767636,0.6394019392270623,25,20,20
46,1024,0.062486213327431595,1.1280568737453399e-05,0.2980959116830995,0.6394065944207296,25,20,20
46,1025,0.06250341771866583,1.1281085469895824e-05,0.2980785663476457,0.6394067348482168,25,20,20
46,1026,0.06250341771866583,1.1281085469971103e-05,0.29808509004925215,0.6394002111466102,25,20,20
46,1027,0.06250341771884799,1.128108547433671e-05,0.29808517431657733,0.6394001268790984,25,20,20
46,1028,0.06250338143720581,1.1281069687570448e-05,0.2980854490235602,0.6393998884695442,25,20,20
46,1029,0.06250359445844184,1.128106968371139e-05,0.2980852360332463,0.6393998884386258,25,20,20
46,1030,0.06250359445847485,1.1281070037627559e-05,0.3091369111483674,0.6283482133231177,25,20,20
46,1031,0.06250359445829276,1.1281070037701532e-05,0.309130297574976,0.6283548268966911,25,20,20
46,1032,0.09066790153290753,1.1281071044506604e-05,0.28096499961069965,0.628355817785346,25,20,20
46,1033,0.09067473288617148,5.709172784204721e-07,0.28096887838040113,0.6283558178161466,25,20,20
46,1034,0.09067473289655359,5.709172827120841e-07,0.2809689612400988,0.6283557349460626,25,20,20
46,1035,0.09067473289655353,5.709172826354715e-07,0.2809690479605051,0.6283556482256564,25,20,20
46,1036,0.09067473289650804,5.709175249748897e-07,0.28134204524604206,0.6279826509399224,25,20,20
46,1037,0.09067473289650882,5.709175249761757e-07,0.2813429267127999,0.6279817694731638,25,20,20
46,1038,0.09066572652335743,3.5951741883525864e-07,0.28135214480304993,0.6279817691561712,25,20,20
46,1039,0.09066572652335951,3.5951741890035217e-07,0.28563702273278846,0.6236968912264306,25,20,20
46,1040,0.12933647868950998,3.783524832822683e-07,0.24696615622634868,0.6236969867316557,25,20,20
46,1041,0.1293364786895068,3.783524789166569e-07,0.24696598662869204,0.6236971563293202,25,20,20
46,1042,0.12933647868950363,3.7835223599633336e-07,0.24669971718325936,0.623963425774999,25,20,20
46,1043,0.12933647868950357,3.7835223174671607e-07,0.24633321806399588,0.6243299248942666,25,20,20
46,1044,0.13064136710434204,3.586719231805234e-07,0.24502844480431707,0.6243298294194157,25,20,20
46,1045,0.13064136709395993,3.586719188136422e-07,0.24502822143693334,0.6243300527971859,25,20,20
46,1046,0.1306413670939599,3.5867191873838513e-07,0.24502169545730948,0.6243365787768098,25,20,20
46,1047,0.15401954489212677,3.5866322811877246e-07,0.221643517667971,0.6243365787766719,25,20,20
46,1048,0.15401954503965132,3.5866347204625044e-07,0.2217573776997843,0.6242227185970901,25,20,20
46,1049,0.18793526063779986,3.62468832791187e-07,0.1878417582514518,0.6242226186419132,25,20,20
46,1050,0.1879449858120447,3.6246883660554973e-07,0.18783203310758037,0.624222618611536,25,20,20
46,1051,0.18794498581209018,3.6246884082252396e-07,0.18783856395740453,0.624216087761662,25,20,20
46,1052,0.1879449858120873,3.624688407561574e-07,0.18317971429839514,0.6288749374206748,25,20,20
46,1053,0.1879449859598259,3.624551483993978e-07,0.18317954206038484,0.6288751095246389,25,20,20
46,1054,0.21118128140207407,3.660814622577138e-07,0.15994337108726112,0.6288749814292013,25,20,20
46,1055,0.1982055598445391,2.54568192624583e-05,0.1728949914924377,0.628873991843759,25,20,20
46,1056,0.19820555969701453,2.545681901845553e-05,0.1727810489803038,0.6289879345036615,25,20,20
46,1057,0.21867560711824843,4.172549709531125e-07,0.1520732860594871,0.6292506895672925,25,20,20
46,1058,0.18171358984741745,4.18038670790844e-07,0.18903508970265687,0.6292509024112536,25,20,20
46,1059,0.18171358984741728,4.180386707894999e-07,0.18903503619801765,0.629250955915893,25,20,20
46,1060,0.18171358984741728,4.1803866657234036e-07,0.18903044795772458,0.6292555441561904,25,20,20
46,1061,0.18171358984723515,4.1803866220543304e-07,0.18903024983111003,0.6292557422829913,25,20,20
46,1062,0.1817135898576156,4.1803867078598236e-07,0.1890302862339491,0.6292557058697629,25,20,20
46,1063,0.1817135898576156,4.180386707873029e-07,0.18903040078426245,0.6292555913194495,25,20,20
46,1064,0.18171358985757013,4.180386665716264e-07,0.18902383759190358,0.6292621545118582,25,20,20
46,1065,0.17347577040065054,4.137175083596948e-07,0.19726170129127893,0.6292621145905606,25,20,20
46,1066,0.17347577039286535,4.1371749992839296e-07,0.19725962708742073,0.6292641888022125,25,20,20
46,1067,0.14087727176339174,3.625829183707734e-07,0.23012072518931626,0.6290016404643729,25,20,20
46,1068,0.14087727176339254,3.6258291837081557e-07,0.23012293100549322,0.6289994346481952,25,20,20
46,1069,0.1408772717633933,3.6258291836950574e-07,0.23012958207282153,0.6289927835808661,25,20,20
46,1070,0.1408772717633933,3.625829182955344e-07,0.23012957115035426,0.6289927945033331,25,20,20
46,1071,0.14038954810013485,3.6247102750552113e-07,0.1908534819368952,0.6687566074919412,25,20,20
46,1072,0.14038954810013485,3.6247102750681847e-07,0.19085348173851244,0.6687566076903241,25,20,20
46,1073,0.14038954810013485,3.6247102758207814e-07,0.19085815453449115,0.6687519348943453,25,20,20
46,1074,0.15728236575925209,5.999279975148975e-09,0.1739673928809864,0.6687502353604812,25,20,20
46,1075,0.1572823573644164,5.985399358575067e-09,0.17378683976044862,0.6689307968897353,25,20,20
46,1076,0.17158057240003527,5.9874924282803885e-09,0.15948862525931695,0.6689307963531548,25,20,20
46,1077,0.1715805808090186,5.987500910654196e-09,0.15959556747323067,0.6688238457302489,25,20,20
46,1078,0.1715805813985046,6.778837657001123e-09,0.14869345245647778,0.6797259593661792,25,20,20
46,1079,0.1715805813985038,6.778837581721538e-09,0.14868683428091922,0.6797325775417385,25,20,20
46,1080,0.17158058139850457,6.778837656990129e-09,0.1486868034758593,0.6797326083467976,25,20,20
46,1081,0.1715805813959423,6.789103236553687e-09,0.15974068479130454,0.668678727023649,25,20,20
46,1082,0.17158058139594548,6.789103311610469e-09,0.1598659172564982,0.6685534945584521,25,20,20
46,1083,0.17158058139594548,6.789103235030293e-09,0.159861215423426,0.6685581963915246,25,20,20
46,1084,0.17158058080642646,5.9974124959137136e-09,0.15970505193550846,0.6687143612606518,25,20,20
46,1085,0.17158058080642646,5.997415655606286e-09,0.17076285098633565,0.6576565622098215,25,20,20
46,1086,0.17158058080661123,5.997173314666366e-09,0.17049533741613002,0.6579240757800849,25,20,20
46,1087,0.1715805808066112,5.997173313368224e-09,0.17049530838913485,0.65792410480708,25,20,20
46,1088,0.1715805808066113,5.997173386041668e-09,0.17049527653021088,0.6579241366660039,25,20,20
46,1089,0.1715805808066081,5.9971733109625185e-09,0.17037004148171994,0.6580493717144981,25,20,20
46,1090,0.17158058080642324,5.997173234551249e-09,0.17026456712068647,0.6581548460757165,25,20,20
46,1091,0.17158058080642402,5.997177527469399e-09,0.17026471147196492,0.658154701724433,25,20,20
46,1092,0.1876775449395755,5.9972686763573685e-09,0.1541677473098355,0.6581547017533196,25,20,20
46,1093,0.1876775454547652,5.997269321808736e-09,0.1482870151051162,0.6640354334428485,25,20,20
46,1094,0.1876775454547644,5.997265028891385e-09,0.14828687145488467,0.6640355770930851,25,20,20
46,1095,0.18767754545473156,5.987003581834161e-09,0.13732071829425566,0.6750017302640084,25,20,20
46,1096,0.18706785697937317,9.95189680391352e-09,0.1378666993649031,0.6750654337038264,25,20,20
46,1097,0.1840077294738116,4.814634751040299e-08,0.10718843827238995,0.7088037841074503,25,20,20
46,1098,0.18400772895862189,4.814634378052796e-08,0.10201133803324297,0.7139808848617907,25,20,20
46,1099,0.18400772895862194,4.814634378180311e-08,0.10201794503525675,0.7139742778597769,25,20,20
46,1100,0.18400772895862197,4.814634378180295e-08,0.10202264654691413,0.7139695763481196,25,20,20
46,1101,0.18400772895862205,4.814634378312305e-08,0.10202261260215134,0.7139696102928823,25,20,20
46,1102,0.18400772881070449,4.814609919928262e-08,0.10202052538934663,0.7139716976538492,25,20,20
46,1103,0.18302387570452033,6.807904848220128e-08,0.10300435853408345,0.7139716976823471,25,20,20
46,1104,0.18302387570710654,6.887122745314551e-08,0.10313320033885512,0.7138428550828104,25,20,20
46,1105,0.18302387570710654,6.887122745316891e-08,0.1031265953432296,0.713849460078436,25,20,20
46,1106,0.18302387570710657,6.8871227454489e-08,0.1031267118149847,0.7138493436066808,25,20,20
46,1107,0.18302387570710738,6.887122745840498e-08,0.1031268303821795,0.7138492250394853,25,20,20
46,1108,0.18302387570710738,6.887122738445617e-08,0.10312682837944294,0.7138492270422219,25,20,20
46,1109,0.18302387570710738,6.887122738445536e-08,0.10312682837068583,0.713849227050979,25,20,20
46,1110,0.14610520637076746,4.895260216469964e-08,0.14004551768125675,0.7138492269953729,25,20,20
46,1111,0.14610520637095237,4.8952602238520223e-08,0.1401382163537057,0.7137565283227388,25,20,20
46,1112,0.14610519796196905,4.895259367959224e-08,0.14002467078468303,0.7138700823007536,25,20,20
46,1113,0.1461147247313784,4.807043951720648e-08,0.12581692310624346,0.7280683040919378,25,20,20
46,1114,0.1461147247313784,4.807044380754565e-08,0.1258124168659349,0.728072810332242,25,20,20
46,1115,0.1461147247313776,4.80704436570078e-08,0.12581233319536278,0.7280728940028152,25,20,20
46,1116,0.14611472487930524,4.807093284791377e-08,0.12581722160026834,0.7280680054494926,25,20,20
46,1117,0.14744891958346806,1.3243974845398348e-07,0.12317621920682947,0.7293747287699531,25,20,20
46,1118,0.147448919583468,1.3243974423892328e-07,0.12318262674470704,0.72936832123208,25,20,20
46,1119,0.1474489195810659,1.3164756526912767e-07,0.12314385452692855,0.7294070942444396,25,20,20
46,1120,0.14744891245729533,9.34130464635614e-08,0.11688729585128277,0.7356636982783747,25,20,20
46,1121,0.1474489124572985,9.341304661409943e-08,0.11688743897268404,0.7356635551569702,25,20,20
46,1122,0.14744891246759548,9.34130423976825e-08,0.11719845841506862,0.7353525357042927,25,20,20
46,1123,0.1474489124675923,9.341304224844221e-08,0.11719839637377115,0.7353525977455935,25,20,20
46,1124,0.14744891246740743,9.341304646359697e-08,0.11710620231791902,0.7354447918016264,25,20,20
46,1125,0.14744891246758873,9.341329103736907e-08,0.11711374088593915,0.7354372532331803,25,20,20
46,1126,0.14745553676503553,9.341010286474152e-08,0.11710711660687624,0.7354372532179846,25,20,20
46,1127,0.14745553676485068,9.341011129283258e-08,0.11738744078824238,0.735156929036795,25,20,20
46,1128,0.1474555367648507,9.341035527764761e-08,0.11747313252036692,0.7350712373044263,25,20,20
46,1129,0.1444757340817615,1.219913799757198e-07,0.10760400635747783,0.7479201375693805,25,20,20
46,1130,0.141572976439092,0.00040190109523003135,0.11141111851065971,0.7466140039550183,25,20,20
46,1131,0.14157297643909203,0.00040190109523432165,0.11141131374757147,0.7466138087181022,25,20,20
46,1132,0.14157297643909206,0.00040190109499026286,0.11131902065310566,0.746706101812812,25,20,20
46,1133,0.14922133423854536,0.0004018928652013639,0.10373441450455095,0.7466423583917025,25,20,20
46,1134,0.14775794294664582,0.0004018938519918951,0.1051976270394511,0.7466425361619112,25,20,20
46,1135,0.14718223591456459,0.0004018940310226555,0.1057732852393642,0.7466425848150486,25,20,20
46,1136,0.14718223591456459,0.00040189403101836385,0.10577308857031116,0.7466427814841059,25,20,20
46,1137,0.14763239426087377,0.00040189385198908796,0.10532297904871936,0.7466427328384178,25,20,20
46,1138,0.14763239426087454,0.00040189385199345307,0.10532765025340725,0.7466380616337246,25,20,20
46,1139,0.1476323942606924,0.000401893851748878,0.10532007359544682,0.7466456382921116,25,20,20
46,1140,0.1406529247480376,0.00041293090938504556,0.11223591652902337,0.7466982278135537,25,20,20
46,1141,0.15127145578746426,0.00041293091092491297,0.10161738506226126,0.7466982282393492,25,20,20
46,1142,0.1512714557874642,0.00041293091091641114,0.1012443622084461,0.7470712510931729,25,20,20
46,1143,0.15127145578746415,0.00041293091091641114,0.10124443988288734,0.7470711734187317,25,20,20
46,1144,0.1512273281789535,0.000412902315772829,0.0754066043006116,0.7729531652046617,25,20,20
46,1145,0.15122732817895346,0.00041290231577282774,0.07540652237425012,0.7729532471310233,25,20,20
46,1146,0.1512273281789535,0.00041290231577282774,0.07541110938751391,0.7729486601177595,25,20,20
46,1147,0.15122732803120797,0.0004129023155282918,0.07541347502734563,0.7729462946259179,25,20,20
46,1148,0.15122779898414074,1.1176518820904398e-05,0.07577855726035224,0.7729824672366858,25,20,20
46,1149,0.15122779898414396,1.1176518820905743e-05,0.0757786655205655,0.7729823589764695,25,20,20
46,1150,0.15122779898414396,1.1176518820982295e-05,0.0757852688631065,0.7729757556339285,25,20,20
46,1151,0.15122779898414318,1.117651881669118e-05,0.07578059821031977,0.7729804262867206,25,20,20
46,1152,0.15122349239223948,1.1176517305997696e-05,0.07578490436323446,0.7729804267272203,25,20,20
46,1153,0.15122349239219712,1.1176517065665291e-05,0.07604640879052017,0.7727189223002173,25,20,20
46,1154,0.15267613536341892,1.1175536977844323e-05,0.07459394280774514,0.7727187462918585,25,20,20
46,1155,0.12938032501800054,1.1175530159129612e-05,0.09788975490917641,0.7727187445426642,25,20,20
46,1156,0.12938032501800056,1.117553015912829e-05,0.09789640847162458,0.772712090980216,25,20,20
46,1157,0.12936946533292523,1.117552831455916e-05,0.11206217212811122,0.7585571870106494,25,20,20
46,1158,0.12936946533292523,1.1175528314560435e-05,0.1120622860220873,0.7585570731166734,25,20,20
46,1159,0.12936946533292523,1.1175528314563052e-05,0.11205555408289779,0.758563805055863,25,20,20
46,1160,0.15085546273581182,1.1176187676987372e-05,0.09056955140008012,0.7585638096764318,25,20,20
46,1161,0.15085546273581257,1.1176187677062294e-05,0.09066176296774789,0.7584715981087631,25,20,20
46,1162,0.15085092751907386,0.00038112429357503407,0.09033311239192993,0.7584348357954211,25,20,20
46,1163,0.15085092751907386,0.00038112429357932577,0.09033311696121647,0.7584348312261302,25,20,20
46,1164,0.1508509275087737,0.000381124293579251,0.09001735158581388,0.7587505966118329,25,20,20
46,1165,0.1508509275087737,0.00038112429357917447,0.0900107468214268,0.7587572013762202,25,20,20
46,1166,0.15085346753210604,1.1109193610155328e-05,0.08928378503620797,0.7598516382380756,25,20,20
46,1167,0.15085346753210283,1.1109193605817501e-05,0.08901756104082302,0.7601178622334679,25,20,20
46,1168,0.15085346753210363,1.1109193605892792e-05,0.08901770416655622,0.760117719107734,25,20,20
46,1169,0.15085346753210363,1.1109193601676438e-05,0.089017666204408,0.7601177570698865,25,20,20
46,1170,0.15085346753210363,1.110919360160117e-05,0.08901758573385424,0.7601178375404403,25,20,20
46,1171,0.15085346753210363,1.1109193601599873e-05,0.0890175057241871,0.7601179175501074,25,20,20
46,1172,0.15085346753469567,1.1109193850485665e-05,0.08902228345126482,0.7601131398201885,25,20,20
46,1173,0.150853467537267,1.1109194092829551e-05,0.08939541907612647,0.7597400041925131,25,20,20
46,1174,0.150853467537267,1.1109194092830847e-05,0.08939553145925254,0.7597398918093872,25,20,20
46,1175,0.1508534675372702,1.1109194097119384e-05,0.08940012162860905,0.7597353016400231,25,20,20
46,1176,0.15085346753727025,1.1109194341733281e-05,0.08940174280293038,0.7597336804654572,25,20,20
46,1177,0.1508534675372734,1.1109194341733305e-05,0.08940174330597637,0.7597336799624078,25,20,20
46,1178,0.1508534675372734,1.1109194341807253e-05,0.08940182527487833,0.7597335979935057,25,20,20
46,1179,0.15085346753727263,1.1109194346024904e-05,0.089401803199889,0.7597336200684918,25,20,20
46,1180,0.1508534675372726,1.1109194346024195e-05,0.08940821244871834,0.7597272108196623,25,20,20
46,1181,0.1508534675346806,1.1109194101428235e-05,0.08940802924061708,0.7597273940306002,25,20,20
46,1182,0.1508534675346838,1.1109194101429575e-05,0.08940956821493529,0.7597258550562788,25,20,20
46,1183,0.1508534675346838,1.1109194097213245e-05,0.08940956280147767,0.7597258604697406,25,20,20
46,1184,0.15084971928071508,1.1287416917269651e-05,0.09050756970039517,0.7586314236019716,25,20,20
46,1185,0.1712681721255267,1.1297968953574559e-05,0.07052639842364113,0.7581941314818786,25,20,20
46,1186,0.16917414232777478,2.663080086053855e-05,0.07253073477950124,0.7582684920918633,25,20,20
46,1187,0.16917414232759348,2.663080061596019e-05,0.0725250233759873,0.7582742034958032,25,20,20
46,1188,0.16917414232502534,2.66308003736163e-05,0.07215204896307591,0.758647177911525,25,20,20
46,1189,0.16917414232502773,2.663080037354268e-05,0.07205983882211268,0.758739388052486,25,20,20
46,1190,0.16917414232502692,2.6630800373466092e-05,0.07205983798546739,0.7587393888891322,25,20,20
46,1191,0.16917414232503003,2.6630896549765716e-05,0.10721787008595447,0.7235813566924655,25,20,20
46,1192,0.16917414232502995,2.6630896549764415e-05,0.1072131680227817,0.7235860587556384,25,20,20
46,1193,0.13485221412267961,1.2775409355032341e-05,0.14161626919692433,0.7235187412710407,25,20,20
46,1194,0.13485371727667478,1.2775324606702626e-05,0.11531050462989008,0.749823002768828,25,20,20
46,1195,0.13485371727667161,1.2775324602412817e-05,0.11531245181595004,0.7498210555827753,25,20,20
46,1196,0.13485371727667164,1.2775324602414115e-05,0.115312452529409,0.7498210548693165,25,20,20
46,1197,0.13485371727667161,1.2775324602338844e-05,0.11531237075955338,0.7498211366391722,25,20,20
46,1198,0.15441756027929476,1.2764763879312918e-05,0.09574853923090482,0.7498211357259207,25,20,20
46,1199,0.15441756027929476,1.2764763879312896e-05,0.09574188941160766,0.7498277855452179,25,20,20
46,1200,0.15441756027929476,1.2764763879311576e-05,0.09574188798956415,0.7498277869672613,25,20,20
46,1201,0.15441756027929157,1.2764763879310275e-05,0.09574408375179728,0.7498255912050314,25,20,20
46,1202,0.15441756837288845,1.2808243731199723e-05,0.09735356383912479,0.7482160595442554,25,20,20
46,1203,0.15441756837288845,1.2808243735490854e-05,0.09735826655419494,0.7482113568291809,25,20,20
46,1204,0.15441756837288845,1.2808243735490878e-05,0.09736487298009826,0.7482047504032776,25,20,20
46,1205,0.15441756837288845,1.2808243735492154e-05,0.09735834704385755,0.7482112763395184,25,20,20
46,1206,0.15623873397851354,1.2807584373509865e-05,0.0955371867308288,0.7482112717062848,25,20,20
46,1207,0.15623873397856225,1.2807584382094098e-05,0.09553897046376134,0.7482094879732945,25,20,20
46,1208,0.1234095448646653,4.103174893212425e-05,0.12820539599598044,0.7483440273904222,25,20,20
46,1209,0.1234095448646621,4.103174893219821e-05,0.12820539549112434,0.7483440278952813,25,20,20
46,1210,0.12317545054021277,4.1031753709990186e-05,0.12843948937997995,0.7483440283260973,25,20,20
46,1211,0.14532589161247234,4.0782837989431945e-05,0.10628929720660552,0.7483440283429327,25,20,20
46,1212,0.12317725156496806,4.0825098135539825e-05,0.09114420469765504,0.7856377186392415,25,20,20
46,1213,0.12317725156496807,4.082509813551119e-05,0.09114910059412949,0.7856328227427671,25,20,20
46,1214,0.12317725156491934,4.0825098126928285e-05,0.09114731756224323,0.7856346057747108,25,20,20
46,1215,0.12317725156492014,4.0825098127003576e-05,0.09114743213901132,0.7856344911979416,25,20,20
46,1216,0.1461533188618838,1.5640853986943713e-06,0.06839775280683505,0.7854473642458821,25,20,20
46,1217,0.1461533188619261,1.5640853944045386e-06,0.06839978326610006,0.785445333786579,25,20,20
46,1218,0.1461533188619261,1.564085394404562e-06,0.06839966949758204,0.785445447555097,25,20,20
46,1219,0.14615151783691085,1.5218217210293797e-06,0.06569995263041814,0.7881470077109496,25,20,20
46,1220,0.14615151783691085,1.5218217167397731e-06,0.06569346260870251,0.7881534977326696,25,20,20
46,1221,0.14615151783709257,1.521821720946233e-06,0.0657856566974845,0.7880613036437017,25,20,20
46,1222,0.14615151783709257,1.5218217210214923e-06,0.06579035784526663,0.7880566024959195,25,20,20
46,1223,0.14615151783713798,1.5218217211053435e-06,0.0656983001700444,0.7881486601710962,25,20,20
46,1224,0.14615151783713798,1.5218217211053443e-06,0.06569818570804391,0.7881487746330967,25,20,20
46,1225,0.14615151783713476,1.5218217211066418e-06,0.06569813634767395,0.7881488239934699,25,20,20
46,1226,0.14615151783713798,1.5218219614003274e-06,0.06570013725318304,0.7881468230877172,25,20,20
46,1227,0.14606028466429344,1.8148225818346818e-06,0.06579102885586438,0.7881468716572602,25,20,20
46,1228,0.14606025200009076,1.814053000813244e-06,0.06452228516574032,0.7894156487811677,25,20,20
46,1229,0.14606025200009393,1.814066851179631e-06,0.0647897319359258,0.7891482019971287,25,20,20
46,1230,0.12661885795155978,2.1174054941569477e-06,0.08423079683665584,0.7891482278062898,25,20,20
46,1231,0.12661885795156538,2.1174054979399607e-06,0.08888738400414326,0.784491640638793,25,20,20
46,1232,0.12661885795151992,2.117405497939984e-06,0.08888067840350622,0.7844983462394756,25,20,20
46,1233,0.12661735479752165,2.11740798127316e-06,0.08011921707675626,0.7932613107177404,25,20,20
46,1234,0.12661735479751846,2.1174077366896415e-06,0.08011251404206049,0.7932680137526841,25,20,20
46,1235,0.12661735479751848,2.11740797903228e-06,0.08048552003767362,0.7928950077568284,25,20,20
46,1236,0.12661735479751862,2.1174079791062574e-06,0.08049014075447043,0.7928903870400315,25,20,20
46,1237,0.12661735479751932,2.1174079832471186e-06,0.08048780510000135,0.7928927226944958,25,20,20
46,1238,0.10690615631743162,1.8144991371989216e-06,0.10019933028418784,0.792892698899243,25,20,20
46,1239,0.10690615631743162,1.81449913712496e-06,0.10019474407413081,0.7928972851093001,25,20,20
46,1240,0.08478846035169652,1.8415674131136804e-06,0.12231228491361579,0.7928974131672737,25,20,20
46,1241,0.08478846035169645,1.8415671707697446e-06,0.12193916314735613,0.7932705349337758,25,20,20
46,1242,0.08478846035169646,1.8415671707697442e-06,0.1219456890841196,0.7932640089970121,25,20,20
46,1243,0.08478846035170041,1.8415809839317649e-06,0.12231986839642385,0.7928898296708908,25,20,20
46,1244,0.08478846035170041,1.8415809840063186e-06,0.12269296995610324,0.7925167281112114,25,20,20
46,1245,0.08478846035170036,1.8415807394223634e-06,0.122686363490198,0.7925233345773612,25,20,20
46,1246,0.08478846035170036,1.8415807394963346e-06,0.12268644453631943,0.7925232535312398,25,20,20
46,1247,0.0847884603517427,1.841566828267202e-06,0.12259413946102535,0.7926155586204027,25,20,20
46,1248,0.08478846035174277,1.8415529779021365e-06,0.12233148831500794,0.7928782097802701,25,20,20
46,1249,0.045055105875756694,1.8420590505278491e-06,0.16206484267300447,0.7928782093921876,25,20,20
46,1250,0.04505510587575664,1.8420590505264835e-06,0.16206481503518672,0.7928782370300054,25,20,20
46,1251,0.04505510587575664,1.842059054702819e-06,0.16243783587657962,0.7925052161886083,25,20,20
46,1252,0.04505510587575662,1.8420590547015203e-06,0.16244242205943057,0.7925006300057573,25,20,20
46,1253,0.04505510588613094,1.8420592954905578e-06,0.15779213680968648,0.7971509152448865,25,20,20
46,1254,0.04505510588613092,1.842059295565837e-06,0.15779213457991292,0.7971509174746597,25,20,20
46,1255,0.04505510588594925,1.8420592912853827e-06,0.1576998553027197,0.7972431967520389,25,20,20
46,1256,0.04505510588594925,1.8420592912866797e-06,0.15769996953928997,0.7972430825154686,25,20,20
46,1257,0.040763405310885806,1.5491376483846854e-06,0.16199201128284987,0.7972430342686156,25,20,20
46,1258,0.040763405310840266,1.5491376482354452e-06,0.16199189012090331,0.7972431554306079,25,20,20
46,1259,0.04076340531102235,1.5491515875394807e-06,0.1620042096745616,0.7972308358628282,25,20,20
46,1260,0.0376722135713628,7.230250553332445e-08,0.16510004965136527,0.7972276644747655,25,20,20
46,1261,0.03767221357122624,7.228857059487482e-08,0.16508792738769118,0.7972397867525111,25,20,20
46,1262,0.037672213571227055,7.228857052159382e-08,0.16508882458462207,0.7972388895555795,25,20,20
46,1263,0.03767221357122386,7.228856623044466e-08,0.1650840785362322,0.7972436356039768,25,20,20
46,1264,0.03767221356107426,7.228856565647857e-08,0.16516626877558913,0.7971614453747701,25,20,20
46,1265,0.036872625629308146,7.188967247651998e-08,0.165965621830481,0.7971616806505385,25,20,20
46,1266,0.03687262562946909,7.190199183841466e-08,0.1706250728882769,0.792502229580262,25,20,20
46,1267,0.03687262562946909,7.190199183711677e-08,0.17062965977228253,0.7924976426962563,25,20,20
46,1268,0.036872625629472244,7.269022248263848e-08,0.1705855339255738,0.7925417677547313,25,20,20
46,1269,0.036872625629472314,7.275900677926862e-08,0.2071237247120759,0.7560035768994452,25,20,20
46,1270,0.036872625629360105,7.274668756927799e-08,0.2024644174923834,0.7606628841315688,25,20,20
46,1271,0.03687262562913376,7.274644784869329e-08,0.20250317432136367,0.7606241273030547,25,20,20
46,1272,0.03687262562908822,7.274644348438647e-08,0.20250301795494705,0.7606242836695212,25,20,20
46,1273,0.03687262562908823,7.274644355967867e-08,0.20249843204779464,0.7606288695766737,25,20,20
46,1274,0.03639066089010854,8.667423775250375e-08,0.2029803365097457,0.7606289159259082,25,20,20
46,1275,0.03639066089010854,8.667423782774945e-08,0.20298045167084042,0.7606288007648135,25,20,20
46,1276,0.0363906608901086,8.667424204544643e-08,0.20298045686140057,0.7606287955742491,25,20,20
46,1277,0.03639066089011174,8.66742377538238e-08,0.2029819588103911,0.7606272936252597,25,20,20
46,1278,0.03639066089265826,8.667424196839384e-08,0.20298638654382664,0.7606228658892735,25,20,20
46,1279,0.036390660892662206,8.667448665246574e-08,0.20298871779689398,0.7606205346359575,25,20,20
46,1280,0.03639066089270373,8.667424625847802e-08,0.20298872294664477,0.7606205294864056,25,20,20
46,1281,0.03639066089270451,8.667424208213021e-08,0.20262222609384678,0.7609870263392069,25,20,20
46,1282,0.03639066089270451,8.667424208215258e-08,0.20262222611818878,0.7609870263148649,25,20,20
46,1283,0.036390660892704575,8.667424208085904e-08,0.20262032319814,0.7609889292349135,25,20,20
46,1284,0.04004164353443146,7.225073422784915e-08,0.1989732735071147,0.7609850107077194,25,20,20
46,1285,0.04004163544083459,2.8770882340993808e-08,0.19736387392984348,0.7625944618584396,25,20,20
46,1286,0.04004163544759072,2.878011521778555e-08,0.21133406485193892,0.7486242709203553,25,20,20
46,1287,0.04004163544754518,2.8780110927701333e-08,0.2113318124595555,0.7486265233127887,25,20,20
46,1288,0.04004163544754438,2.8780106576234262e-08,0.21120698670587212,0.7487513490664771,25,20,20
46,1289,0.04004163544754438,2.8780106573616427e-08,0.21120690562022773,0.7487514301521216,25,20,20
46,1290,0.03646026607738597,2.8780112133972756e-08,0.2147882749896184,0.7487514301528837,25,20,20
46,1291,0.036460266077385166,2.8780107917814483e-08,0.21478602403741434,0.748753681105093,25,20,20
46,1292,0.03646026607081117,2.8770879406134674e-08,0.2008204683652017,0.7627192367931083,25,20,20
46,1293,0.03646026607098933,2.7982648834600194e-08,0.2004953917707181,0.7630443141756443,25,20,20
46,1294,0.036460266070810404,2.798264454475298e-08,0.20049292185515238,0.7630467840913933,25,20,20
46,1295,0.036460266070810404,2.7982644618767467e-08,0.20048978734404488,0.7630499186025007,25,20,20
46,1296,0.03646026607080722,2.7982644546050466e-08,0.20048822236098857,0.7630514835855603,25,20,20
46,1297,0.036460266070761686,2.7982640181762664e-08,0.20048813754519718,0.7630515684014015,25,20,20
46,1298,0.0364602660707617,2.7982640179167583e-08,0.2004881395290838,0.7630515664175148,25,20,20
46,1299,0.03646026607058037,2.798264439552168e-08,0.20048353848377584,0.7630561674629999,25,20,20
46,1300,0.03646026607057798,2.7982888930342873e-08,0.20048361968655826,0.7630560862599753,25,20,20
46,1301,0.06167445425558684,7.072366217441267e-10,0.17526955711846373,0.7630559879187131,25,20,20
46,1302,0.06167445425558686,7.072366957064842e-10,0.17527414450623607,0.7630514005309407,25,20,20
46,1303,0.0616744542555868,7.072367670503737e-10,0.17527404866435145,0.7630514963728249,25,20,20
46,1304,0.06167445425558362,7.072367683567474e-10,0.17526946277330463,0.7630560822638748,25,20,20
46,1305,0.06167445425558362,7.072325520079268e-10,0.17527088916668593,0.7630546558704978,25,20,20
46,1306,0.061674454255579665,6.934193899650488e-10,0.17489670981976435,0.7634288352312362,25,20,20
46,1307,0.06167445425558284,6.934236810950923e-10,0.17490129753082598,0.7634242475201671,25,20,20
46,1308,0.061674454255582906,6.934236823928282e-10,0.17490129895336903,0.763424246097624,25,20,20
46,1309,0.061674454255582906,6.934236837027786e-10,0.17489480981053762,0.7634307352404553,25,20,20
46,1310,0.03553642624291916,2.1071824291133112e-09,0.20103286808062917,0.7634307035692685,25,20,20
46,1311,0.03553642624291836,2.1069378190050336e-09,0.2010305090817648,0.7634330625683782,25,20,20
46,1312,0.03553642624291756,2.106937818290629e-09,0.20140349475158473,0.7630600768985595,25,20,20
46,1313,0.035536426242920756,2.1069421818788683e-09,0.20141002086668583,0.7630535507834507,25,20,20
46,1314,0.035536426242920756,2.106942258435893e-09,0.2014130998553092,0.7630504717948273,25,20,20
46,1315,0.035536426242923906,2.120881488490171e-09,0.20142071953182775,0.7630428521043663,25,20,20
46,1316,0.035536426242923885,2.1208772734160262e-09,0.20168235579829422,0.7627812158379043,25,20,20
46,1317,0.035536426243944076,2.5468499386327026e-07,0.20507522827730312,0.7593880907937589,25,20,20
46,1318,0.035536426243943285,2.5468499386195307e-07,0.20507372046626046,0.7593895986048024,25,20,20
46,1319,0.03553642624394327,2.5468499378798195e-07,0.20507368499526651,0.7593896340757962,25,20,20
46,1320,0.03553642624394327,2.5468499386194857e-07,0.20507588203821023,0.7593874370328525,25,20,20
46,1321,0.03553642624394646,2.546849981533991e-07,0.20507746520220935,0.7593858538688459,25,20,20
46,1322,0.035506308053229366,2.546692329435257e-07,0.20510781658308108,0.7593856206944564,25,20,20
46,1323,0.035506308053226236,2.5466922857996107e-07,0.2051012398435426,0.7593921974340024,25,20,20
46,1324,0.035506811489992234,2.546543535144566e-07,0.20510074053619348,0.7593921933194605,25,20,20
46,1325,0.03550681148998911,2.546543535885907e-07,0.2049266944104934,0.7595662394451635,25,20,20
46,1326,0.035506828856041214,2.5345961866550494e-08,0.20499545064452437,0.7594976951534729,25,20,20
46,1327,0.03550682885863627,2.534596608255778e-08,0.20490984852196714,0.7595832972734307,25,20,20
46,1328,0.03550682885879783,2.5345969954585195e-08,0.20943109908033505,0.7550620467148974,25,20,20
46,1329,0.03553998191266591,2.4419384273341134e-08,0.20939794697224656,0.7550620466957034,25,20,20
46,1330,0.036484987287487634,2.3908685410897874e-08,0.2084529421508512,0.7550620466529736,25,20,20
46,1331,0.03648498787531535,2.3908924109692942e-08,0.20871839241659168,0.7547965957991668,25,20,20
46,1332,0.036484987875315365,2.39089240357216e-08,0.20872488356650074,0.7547901046492581,25,20,20
46,1333,0.03648498787531541,2.390892403573037e-08,0.2087202976064842,0.7547946906092746,25,20,20
46,1334,0.03648498787531541,2.3908923960471085e-08,0.20871567825157794,0.7547993099641811,25,20,20
46,1335,0.0364849878753162,2.3908923885171642e-08,0.20908740088055633,0.7544275873352021,25,20,20
46,1336,0.04007539247141448,6.005910481746104e-10,0.20549713083039972,0.7544274760975932,25,20,20
46,1337,0.04007539188358277,6.003479826365319e-10,0.20522998283416755,0.7546946246819002,25,20,20
46,1338,0.04004318950386574,1.202206713290312e-10,0.20526204439163012,0.7546947659842819,25,20,20
46,1339,0.04004318950127063,1.2021630642861235e-10,0.20526005402844766,0.7546967563500637,25,20,20
46,1340,0.04004318950386586,1.2070549720483326e-10,0.20526492997058454,0.7546918804048426,25,20,20
46,1341,0.04004318950386586,1.2070559385330424e-10,0.2192347146896503,0.7407220956857766,25,20,20
46,1342,0.04004318950127061,1.2070122872166736e-10,0.2192302561655832,0.7407265542124436,25,20,20
46,1343,0.040043189501253976,1.317904227323285e-10,0.2228863235671607,0.7370704867997935,25,20,20
46,1344,0.004626111813985328,6.00571013172058e-11,0.25830326572748813,0.7370706223984687,25,20,20
46,1345,0.004626111813986112,6.006139145500218e-11,0.2583047753867028,0.7370691127392487,25,20,20
46,1346,0.004642452208284286,2.9095841936935562e-08,0.25828854480874286,0.7370689738871302,25,20,20
46,1347,0.004642452208284342,2.9095841936981047e-08,0.2582885719379614,0.7370689467579118,25,20,20
46,1348,0.004642452208648512,2.9095842086225354e-08,0.2582937305186946,0.7370637881768143,25,20,20
46,1349,0.004642452208830625,2.909584645112658e-08,0.25829380154648035,0.737063717148842,25,20,20
46,1350,0.0010857721669705952,2.9324445518831915e-08,0.26185048134062666,0.7370637171679568,25,20,20
46,1351,0.0010857721669673879,2.9310506288786326e-08,0.2618382428644276,0.7370759556580984,25,20,20
46,1352,0.001085772166967374,2.9310506287489393e-08,0.2618382395596103,0.7370759589629157,25,20,20
46,1353,0.0010857721670085845,2.9299657892316845e-08,0.25366566347529873,0.7452485350580345,25,20,20
46,1354,0.001085772167008584,2.9299657817025155e-08,0.2536656628795019,0.7452485356538314,25,20,20
46,1355,0.001085772166822457,2.929941314880106e-08,0.2536609222040757,0.7452532763296884,25,20,20
46,1356,0.001085772166821735,2.9313311561451474e-08,0.2534165444035496,0.7454976541163169,25,20,20
46,1357,0.001085772166821735,2.9313311560176103e-08,0.2534165430060258,0.7454976555138408,25,20,20
46,1358,0.0011602666795978362,2.688575730821621e-07,0.25334066687575907,0.7454987975870698,25,20,20
46,1359,0.0011602666792335967,2.6885757293029874e-07,0.25333548041711623,0.7455039840460769,25,20,20
46,1360,0.0011602666792335974,2.6885757300426123e-07,0.2533401802422615,0.7454992842209316,25,20,20
46,1361,0.001605886280340557,2.950598087595589e-07,0.25289100007148113,0.7455028185883694,25,20,20
46,1362,0.040927652074198635,2.686127976334574e-07,0.21357279511240712,0.7454992842005964,25,20,20
46,1363,0.04088165605759876,2.686127981208495e-07,0.21361879112171445,0.7454992842078886,25,20,20
46,1364,0.04088195986379331,2.68603995831137e-07,0.2136186236334808,0.7454991478987302,25,20,20
46,1365,0.04088195986379332,2.6860399590639264e-07,0.21362522769682152,0.7454925438353892,25,20,20
46,1366,0.04088195986379337,2.686040001986169e-07,0.21363183361454438,0.745485937917662,25,20,20
46,1367,0.04088195986379332,2.68603995907668e-07,0.21362522909434553,0.7454925424378653,25,20,20
46,1368,0.040881959863614384,2.686039916180584e-07,0.21361863555984464,0.7454991359725492,25,20,20
46,1369,0.040881959863614335,2.686039916154181e-07,0.21361863075251133,0.7454991407798828,25,20,20
46,1370,0.04118765727797924,1.222537430630266e-06,0.21318344686438503,0.7456276733202049,25,20,20
46,1371,0.0414302241102906,1.222537430607727e-06,0.21294088003949388,0.7456276733127848,25,20,20
46,1372,0.04141264738079528,1.1934928361665374e-06,0.2129584881985834,0.7456276709277853,25,20,20
46,1373,0.04141264738079528,1.1934928361652175e-06,0.21295378637696108,0.7456323727494076,25,20,20
46,1374,0.041412647380795226,1.193492836091223e-06,0.21295834520716167,0.7456278139192071,25,20,20
46,1375,0.041267905333555774,1.1133186069550486e-05,0.2130942896305587,0.7456266718498165,25,20,20
46,1376,0.041267905333555024,1.113318606518508e-05,0.21309270472113023,0.7456282567592498,25,20,20
46,1377,0.04096311386780431,1.0179252628834546e-05,0.21352684137732905,0.7454998655022378,25,20,20
46,1378,0.04096311386780748,1.0179252871826226e-05,0.2137931907154484,0.7452335161638723,25,20,20
46,1379,0.040963113867856074,1.0179252876156084e-05,0.19995289622043008,0.7590738106588378,25,20,20
46,1380,0.04096311386785687,1.017925287615655e-05,0.1997093148931834,0.759317391986084,25,20,20
46,1381,0.04096311386785688,1.0179252880406882e-05,0.20008241681531483,0.7589442900639481,25,20,20
46,1382,0.04096311386780829,1.0179252876054344e-05,0.19995292716600477,0.7590737797133112,25,20,20
46,1383,0.04096311386799,1.0179253115865109e-05,0.199672171459636,0.7593545354192586,25,20,20
46,1384,0.04096311386799007,1.0179253120082596e-05,0.19966921314675345,0.7593574937321367,25,20,20
46,1385,0.04096311386799071,1.0179253119648128e-05,0.20432634070355124,0.7547003661753386,25,20,20
46,1386,0.04096311386799071,1.017925311964813e-05,0.20432634070355493,0.754700366175335,25,20,20
46,1387,0.040963113867990765,1.0179253123938292e-05,0.20432326234054482,0.7547034445383406,25,20,20
46,1388,0.04096311386803629,1.0179253368523108e-05,0.20432996483920157,0.7546967420393937,25,20,20
46,1389,0.040963113868035694,1.0179253364740116e-05,0.19967425702582445,0.7593524498527754,25,20,20
46,1390,0.04096311386803969,1.0179253369106346e-05,0.19968086495085327,0.7593458419277381,25,20,20
46,1391,0.040963113868082796,1.0179253801370378e-05,0.20433962392283037,0.7546870829552855,25,20,20
46,1392,0.04096311386813114,1.0180043228479431e-05,0.20460916723540312,0.7544175388532374,25,20,20
46,1393,0.04096311386809129,1.0180042800580851e-05,0.19995195271951932,0.759074753369589,25,20,20
46,1394,0.0409625922867361,1.0180042539716252e-05,0.19995247430237836,0.7590747533683455,25,20,20
46,1395,0.0409625922867361,1.0180042539639675e-05,0.1999459520048038,0.75908127566592,25,20,20
46,1396,0.04096259228673611,1.0180042784161228e-05,0.1999506110644688,0.7590766166060106,25,20,20
46,1397,0.04096259243367526,1.0180042981447937e-05,0.20009405640004727,0.7589331711232955,25,20,20
46,1398,0.0409625924336752,1.0180042981446616e-05,0.2000940170124262,0.7589332105109166,25,20,20
46,1399,0.040962592433676,1.0180042981447878e-05,0.20046801650215149,0.7585592110211905,25,20,20
46,1400,0.03711147252715233,1.0180043031510549e-05,0.20431913602395166,0.7585592114058639,25,20,20
46,1401,0.06191619483477777,1.019053803502516e-05,0.17943316026765782,0.7586404543595289,25,20,20
46,1402,0.06191619483477385,1.0190538030809516e-05,0.179426697320168,0.7586469173070269,25,20,20
46,1403,0.06191619483477065,1.0190538030808171e-05,0.17942507431841415,0.7586485403087838,25,20,20
46,1404,0.06191619483490726,1.0190537786299943e-05,0.17942002137844895,0.7586535932488568,25,20,20
46,1405,0.06191619483490715,1.0190537786224635e-05,0.17941697456174868,0.7586566400655572,25,20,20
46,1406,0.06191619483490715,1.0190537786223313e-05,0.17941227332581242,0.7586613413014934,25,20,20
46,1407,0.061916194834907214,1.019053779051556e-05,0.1794187973523111,0.7586548172749904,25,20,20
46,1408,0.061916194834952636,1.0190538038858347e-05,0.1795111518551681,0.7585624627718397,25,20,20
46,1409,0.06191619483494946,1.019053803885705e-05,0.17951118324709064,0.7585624313799204,25,20,20
46,1410,0.061916194834767735,1.0190537794797255e-05,0.17968516824372682,0.7583884463837101,25,20,20
46,1411,0.061916194834770136,1.0190538039379711e-05,0.17956235105232238,0.7585112635748676,25,20,20
46,1412,0.06576602877959954,1.0190538044264808e-05,0.17571251749203498,0.7585112631903208,25,20,20
46,1413,0.06576654157484157,1.0190538305236463e-05,0.17571200469655357,0.7585112631902988,25,20,20
46,1414,0.06591410995348101,1.558534665235921e-08,0.17557459084819804,0.7585112836129753,25,20,20
46,1415,0.06591410995366313,1.558535523424995e-08,0.17558112124884917,0.7585047532121334,25,20,20
46,1416,0.06591410995366392,1.5585355235569846e-08,0.17558777339595558,0.7584981010650266,25,20,20
46,1417,0.06591410995352733,1.5585355161601648e-08,0.17558619035774398,0.7584996841033746,25,20,20
46,1418,0.06591410995352733,1.55853551590014e-08,0.17531997361894494,0.7587659008421732,25,20,20
46,1419,0.06591410995630441,1.558559980636213e-08,0.1753285559224683,0.7587573185356282,25,20,20
46,1420,0.06591410995630125,1.55853568120674e-08,0.17506220542078346,0.7590236690375594,25,20,20
46,1421,0.09954507605650108,1.5586692202004716e-08,0.14143138027542831,0.7590235280813797,25,20,20
46,1422,0.09954507605649787,1.5586447544526716e-08,0.1414246772220997,0.7590302311349564,25,20,20
46,1423,0.09954507605372079,1.5586202897189152e-08,0.14141609751063164,0.759038810849446,25,20,20
46,1424,0.09954507605376631,1.5586202970598454e-08,0.14141619180326315,0.7590387165567688,25,20,20
46,1425,0.09954507605358419,1.558619438873008e-08,0.14140954637774544,0.7590453619824771,25,20,20
46,1426,0.09954507605358413,1.5586194388729913e-08,0.14140948721256522,0.7590454211476572,25,20,20
46,1427,0.09954507605358412,1.5586194313438686e-08,0.14140937190092775,0.7590455364592947,25,20,20
46,1428,0.09939737708344616,0.0010822058432505605,0.1404748453202441,0.75904557175306,25,20,20
46,1429,0.0993973770834461,0.001082205843490853,0.14047981998596043,0.7590405970871033,25,20,20
46,1430,0.09939737708085168,0.0010822058430059532,0.140481551560565,0.7590388655155779,25,20,20
46,1431,0.09939737708085089,0.0010822058430059532,0.14010755280193393,0.7594128642742096,25,20,20
46,1432,0.09927873120822554,0.0010822058429510043,0.14022619867474537,0.7594128642740786,25,20,20
46,1433,0.09927873120822556,0.0010822058568878718,0.14023157520856164,0.7594074877263253,25,20,20
46,1434,0.09927873120822561,0.0010822058568921524,0.14032386754945272,0.75931519538543,25,20,20
46,1435,0.09927873120822558,0.0010822058429510685,0.14031914729828668,0.759319915650537,25,20,20
46,1436,0.09927873120818007,0.0010822058429511418,0.1405854111233639,0.7590536518255054,25,20,20
46,1437,0.09927873120818007,0.0010822058429468615,0.14049328056787277,0.7591457823810007,25,20,20
46,1438,0.09927873120813453,0.0010822058427021912,0.14048844473731345,0.7591506182118504,25,20,20
46,1439,0.09927873121068087,0.001082205067214386,0.1402311079907714,0.7594079557313337,25,20,20
46,1440,0.09927873121086302,0.0010822050672144624,0.14023123008857521,0.7594078336333476,25,20,20
46,1441,0.09927872057055293,0.0010822050960865766,0.14021815350866937,0.7594209208246919,25,20,20
46,1442,0.09924746199599382,0.0010822101688772127,0.14024940700260682,0.7594209208325228,25,20,20
46,1443,0.09924746199599457,0.0010822101688772138,0.14024875094334788,0.759421576891781,25,20,20
46,1444,0.10084681759149056,0.001082210140240586,0.13866248256781233,0.759408489700457,25,20,20
46,1445,0.10084681759149058,0.0010822101402407367,0.138667183888393,0.7594037883798762,25,20,20
46,1446,0.10084681759149064,0.0010822101402449998,0.138933514562721,0.7591374577055439,25,20,20
46,1447,0.10084681759149303,0.0010822101402492912,0.13892690241772188,0.7591440698505363,25,20,20
46,1448,0.10084681759153857,0.001082210140253583,0.1389270834325348,0.7591438888356737,25,20,20
46,1449,0.10084681759153857,0.001082210140253657,0.1389336861893492,0.7591372860788591,25,20,20
46,1450,0.10084681759153778,0.0010822101402535804,0.138932063082934,0.7591389091852753,25,20,20
46,1451,0.10084681759153778,0.0010822101402494678,0.13866584617779482,0.7594051260904187,25,20,20
46,1452,0.10084681759171989,0.0010822101402536096,0.13867000425690257,0.7594009680111248,25,20,20
46,1453,0.10909346570419025,0.0010824463261430715,0.13050432164577513,0.7593197663238916,25,20,20
46,1454,0.10909346570419105,0.001082446326387207,0.13059661771610886,0.759227470253313,25,20,20
46,1455,0.10909346570400891,0.0010824463263871301,0.13059653558797332,0.7592275523816309,25,20,20
46,1456,0.11507634237321401,0.0010821996453405339,0.12461394686625998,0.7592275111151858,25,20,20
46,1457,0.11507634237321561,0.001082199645340609,0.12474387040653073,0.7590975875749133,25,20,20
46,1458,0.11507634237321561,0.0010821996453406104,0.12474387041875029,0.7590975875626939,25,20,20
46,1459,0.12107478589258543,0.0010821996440287043,0.1187454268439976,0.7590975876193882,25,20,20
46,1460,0.12107478589258543,0.0010821996440287043,0.1187454268439976,0.7590975876193882,25,20,20
46,1461,0.08151244835637163,0.0010822001372247224,0.15830776192079254,0.7590975895856108,25,20,20
46,1462,0.08151244835636844,0.0010822001372204296,0.15830764003755896,0.759097711468852,25,20,20
46,1463,0.08151244835637156,0.0010822001372204294,0.15831412904860664,0.7590912224578011,25,20,20
46,1464,0.08151244835637153,0.0010822001372161397,0.15830760430918514,0.759097747197227,25,20,20
46,1465,0.08151244835637153,0.0010822001372161423,0.15830768480914356,0.7590976666972686,25,20,20
46,1466,0.08151244835636834,0.0010822001372202447,0.15867418328604616,0.7587311682203651,25,20,20
46,1467,0.0814598873371773,0.0010851679049460113,0.15872377457525827,0.7587311701826183,25,20,20
46,1468,0.07099249537261175,0.0010851628978489226,0.1691332568500589,0.7587890848794805,25,20,20
46,1469,0.07099249537261175,0.001085162897844671,0.16876026747042885,0.7591620742591146,25,20,20
46,1470,0.07099249537261175,0.0010851628978446701,0.16849396357507815,0.7594283781544654,25,20,20
46,1471,0.07099249537261172,0.0010851628978445222,0.16848937529196117,0.7594329664375826,25,20,20
46,1472,0.07100877437786163,0.0010851638419715475,0.16847309542743255,0.7594329663527343,25,20,20
46,1473,0.07100877437786163,0.0010851638419715475,0.16847763511704764,0.7594284266631192,25,20,20
46,1474,0.07100877437781619,0.0010851638417232047,0.16838528200159636,0.7595207797788642,25,20,20
46,1475,0.07100877437781702,0.0010851638419678003,0.16838973051792622,0.759516331262289,25,20,20
46,1476,0.0710087743778171,0.0010851638419678016,0.16838973211203448,0.7595163296681805,25,20,20
46,1477,0.07100877437781555,0.001085163841967803,0.16825980801211637,0.7596462537681002,25,20,20
46,1478,0.07100877437781555,0.001085163841967877,0.16825982428729286,0.7596462374929235,25,20,20
46,1479,0.08705225191747333,0.001108748622850726,0.15219276561492143,0.7596462338447545,25,20,20
46,1480,0.0899331050836598,0.0011111433844994433,0.14930951238470783,0.7596462391471327,25,20,20
46,1481,0.08993310508106506,0.0011111433705600642,0.14929727241072524,0.7596584791376492,25,20,20
46,1482,0.08993310493417093,0.0011111433564644395,0.14939820499126052,0.7595575467181037,25,20,20
46,1483,0.08993310493417095,0.0011111433564645874,0.14939820766064754,0.7595575440487166,25,20,20
46,1484,0.08993310493417495,0.0011111433564688787,0.14940054546668907,0.7595552062426667,25,20,20
46,1485,0.08993310493417812,0.0011111433564689552,0.14949279937491236,0.75946295233444,25,20,20
46,1486,0.08993310493417733,0.0011111433562248198,0.14940061916560524,0.7595551325439921,25,20,20
46,1487,0.08993310493399517,0.0011111433562205275,0.14939637667157313,0.7595593750382106,25,20,20
46,1488,0.0899331049339952,0.001111143356220576,0.1633661352249478,0.7455896164848358,25,20,20
46,1489,0.11373952895720409,0.0010845903175801957,0.13958624044877557,0.7455896402764399,25,20,20
46,1490,0.11373952895720012,0.0010845903175758305,0.13958399008098535,0.7455918906442386,25,20,20
46,1491,0.11373952895720012,0.0010845903175758318,0.13958395468520965,0.7455919260400142,25,20,20
46,1492,0.11373952895720012,0.001084590317580046,0.13958395640191695,0.7455919243233028,25,20,20
46,1493,0.11373952895720006,0.0010845903175799709,0.1395904452883376,0.7455854354368822,25,20,20
46,1494,0.11374113572947903,2.4343010080541525e-06,0.14067105019811368,0.7455853797713995,25,20,20
46,1495,0.11374113573206862,2.434314919507246e-06,0.14075687466849052,0.7454995552845216,25,20,20
46,1496,0.11374113587902727,2.4343154012028347e-06,0.1410170087510885,0.7452394210544836,25,20,20
46,1497,0.11374113587902807,2.434315401278114e-06,0.1410236152078483,0.745232814597723,25,20,20
46,1498,0.11373956545868559,2.4920208630709805e-06,0.14102489459022813,0.7452330479302237,25,20,20
46,1499,0.11373956546125687,2.4920208673238194e-06,0.1413988951126868,0.7448590474051896,25,20,20
46,1500,0.11373956546125694,2.4920208673251404e-06,0.1413987851422028,0.7448591573756735,25,20,20
46,1501,0.1137395654586674,2.492006955946018e-06,0.14130643897703243,0.7449515035573449,25,20,20
46,1502,0.09925805019895494,2.9352264137701277e-06,0.15578748573084975,0.7449515288437822,25,20,20
46,1503,0.09925805019638366,2.9352264095172663e-06,0.15541360107951557,0.7453254134976919,25,20,20
46,1504,0.09637117690639252,5.395242343039615e-07,0.15830285515758777,0.7453254284117858,25,20,20
46,1505,0.09637117690657342,5.395239939875371e-07,0.1583910047301727,0.7452372788392603,25,20,20
46,1506,0.09637117690657025,5.395239970172946e-07,0.16935662589766284,0.73427165767177,25,20,20
46,1507,0.0963711769065702,5.39523996941981e-07,0.16935654143163423,0.7342717421377988,25,20,20
46,1508,0.0963711769065251,5.395239968660844e-07,0.16898254113537192,0.7346457424341062,25,20,20
46,1509,0.09637117690652515,5.395239968674054e-07,0.16898254302195256,0.7346457405475256,25,20,20
46,1510,0.0963711769065252,5.395239969439719e-07,0.1689826588989197,0.7346456246705584,25,20,20
46,1511,0.09636091793262982,8.949985894397026e-07,0.16899258209375564,0.7346456049750252,25,20,20
46,1512,0.09636091793258751,8.949985850727963e-07,0.16930815026416973,0.7343300368046579,25,20,20
46,1513,0.0963609179325875,8.949985807818919e-07,0.16930154378079718,0.7343366432880346,25,20,20
46,1514,0.09636091793258915,8.949985850998227e-07,0.15533611469361422,0.748302072375212,25,20,20
46,1515,0.09636091793258837,8.94998585099835e-07,0.15532962354849186,0.748308563520335,25,20,20
46,1516,0.09636091793258837,8.949983405171843e-07,0.15532526976099872,0.7483129173080728,25,20,20
46,1517,0.09636091793258833,8.949983448833902e-07,0.1550161088267853,0.7486220782422819,25,20,20
46,1518,0.09636091793258833,8.94998344883391e-07,0.15501605483627265,0.7486221322327945,25,20,20
46,1519,0.10685737588981947,8.949342950546048e-07,0.14457751164007648,0.7485642175358096,25,20,20
46,1520,0.10685737588982022,8.949342993441878e-07,0.14458411516583664,0.7485576140100442,25,20,20
46,1521,0.10697922322486553,8.949311619543503e-07,0.14446229233311425,0.7485575895108589,25,20,20
46,1522,0.10697922323524722,8.949311704633033e-07,0.1444640087207314,0.7485558731128517,25,20,20
46,1523,0.10697922323524717,8.94931170463303e-07,0.14446412072684908,0.7485557611067339,25,20,20
46,1524,0.1069792232352503,8.949311747529198e-07,0.14447061136342815,0.7485492704701474,25,20,20
46,1525,0.10697922323506863,8.949311705477712e-07,0.14437804740768895,0.7486418344260725,25,20,20
46,1526,0.10697922323506544,8.949311662579778e-07,0.14446373529195458,0.7485561465418142,25,20,20
46,1527,0.10537962144107046,8.949455197191539e-07,0.1460633370716277,0.7485561465417827,25,20,20
46,1528,0.10538551449570993,8.949454662727286e-07,0.14605744401677284,0.7485561465420516,25,20,20
46,1529,0.1053855144958343,9.258744714237071e-07,0.1587486658476784,0.7358648937820165,25,20,20
46,1530,0.10637405861617795,9.263548677439092e-07,0.15775999323668102,0.735865021792274,25,20,20
46,1531,0.10637405861617799,9.263548675946699e-07,0.1577615324470885,0.7358634825818666,25,20,20
46,1532,0.10637405861617484,9.263548675946743e-07,0.15775937382147023,0.735865641207488,25,20,20
46,1533,0.10637405861617484,9.263548675946735e-07,0.1577592933398107,0.7358657216891475,25,20,20
46,1534,0.10637405860579313,9.263548633019133e-07,0.15775908448702666,0.7358659305523177,25,20,20
46,1535,0.10637405860825401,8.954258625005173e-07,0.1452268642208791,0.748398181745005,25,20,20
46,1536,0.10637836032294218,8.954258600566933e-07,0.14522256250645996,0.7483981817447384,25,20,20
46,1537,0.10637836032150325,8.94578252865625e-07,0.14512618934634122,0.7484945557539032,25,20,20
46,1538,0.10637836032150329,8.945782530148405e-07,0.14513267766929325,0.748488067430951,25,20,20
46,1539,0.1062443586414345,8.997217436909777e-07,0.14526667336745594,0.7484880682693664,25,20,20
46,1540,0.10624435864143444,8.997217436157338e-07,0.14526010854241272,0.7484946330944097,25,20,20
46,1541,0.10624435864143206,8.997217436164346e-07,0.14525370063629914,0.7485010410005256,25,20,20
46,1542,0.10624435864143206,8.997217436164346e-07,0.1452537045824128,0.7485010370544122,25,20,20
46,1543,0.10624435864143289,8.997217436166348e-07,0.14516153133720577,0.7485932102996185,25,20,20
46,1544,0.10624435864143289,8.997217436179557e-07,0.14516141597526463,0.7485933256615594,25,20,20
46,1545,0.10624435864143289,8.997217436932242e-07,0.14516153076145452,0.7485932108753696,25,20,20
46,1546,0.10624435864143209,8.997217393276377e-07,0.14516133414137802,0.7485934074954511,25,20,20
46,1547,0.10624435864147987,8.997356372411867e-07,0.1452736956752908,0.7484810459475928,25,20,20
46,1548,0.10636093362776848,8.035199901953561e-07,0.14515745029268673,0.7484808125595552,25,20,20
46,1549,0.10636093362776683,8.035199858289131e-07,0.1451577081785528,0.7484805546736949,25,20,20
46,1550,0.10537215993582688,8.320580057125772e-07,0.14613882959827132,0.748488178407896,25,20,20
46,1551,0.10537215993582683,8.320580057126003e-07,0.14613412812998816,0.7484928798761794,25,20,20
46,1552,0.10537215993577825,8.320441035846783e-07,0.1460217655309782,0.7486052424891401,25,20,20
46,1553,0.11568691037002689,3.979861957964396e-07,0.13570745164889078,0.7486052399948869,25,20,20
46,1554,0.1130179976664959,6.335779437364784e-07,0.13837498464401415,0.7486063841115466,25,20,20
46,1555,0.11984926000257211,3.88824647756788e-07,0.1315451339695533,0.7486052172032267,25,20,20
46,1556,0.11984926000257211,3.888246520477138e-07,0.1315501174974254,0.7486002336753502,25,20,20
46,1557,0.11984926000257218,3.888246521243226e-07,0.13155173847410634,0.7485986126986691,25,20,20
46,1558,0.11984926000273122,3.888246521123861e-07,0.13721279005718695,0.7429375611154296,25,20,20
46,1559,0.1198492600027304,3.888246520370942e-07,0.13721940350802478,0.7429309476645927,25,20,20
46,1560,0.11984926000273041,3.888246478209013e-07,0.13721789597319167,0.74293245519943,25,20,20
46,1561,0.11984926000273358,3.8882464782219877e-07,0.13721286556980083,0.7429374856028176,25,20,20
46,1562,0.11984926000532865,3.888246490822662e-07,0.12616168632748984,0.7539886648425322,25,20,20
46,1563,0.11984926000532858,3.888246490783271e-07,0.1261616824243499,0.7539886687456719,25,20,20
46,1564,0.11984926000273348,3.8882464471208924e-07,0.1261549460456906,0.7539954051269308,25,20,20
46,1565,0.1198492600027335,3.888246447873581e-07,0.12615502713722734,0.7539953240353938,25,20,20
46,1566,0.11984926000273352,3.888246447873557e-07,0.1261565348992968,0.7539938162733243,25,20,20
46,1567,0.11984926000280285,3.8882489359948945e-07,0.120502130172086,0.7596482210002168,25,20,20
46,1568,0.1198492600028061,3.8882513767829134e-07,0.1205866660360878,0.759563685135968,25,20,20
46,1569,0.11984925985589219,3.8882465605867547e-07,0.12032018359554243,0.7598301677239087,25,20,20
46,1570,0.11984925985589215,3.888246559833867e-07,0.12031867638286223,0.759831674936589,25,20,20
46,1571,0.11984925985589215,3.888246559833867e-07,0.12031875543634475,0.7598315958831062,25,20,20
46,1572,0.1198492598556637,3.888244071079439e-07,0.12031210763935732,0.7598382436805712,25,20,20
46,1573,0.1198492598556637,3.888244070352523e-07,0.12057840085520467,0.7595719504647239,25,20,20
46,1574,0.1198492598556637,3.888244070339722e-07,0.12031214872063029,0.7598382025992982,25,20,20
46,1575,0.1198492598556637,3.888244071079409e-07,0.12031368912546622,0.7598366621944623,25,20,20
46,1576,0.1198492598556669,3.8882440718320937e-07,0.12031377161437685,0.7598365797055483,25,20,20
46,1577,0.11984925985566695,3.8882440725717684e-07,0.12031597030470245,0.7598343810152227,25,20,20
46,1578,0.08414696578201304,4.3868036224191393e-07,0.15601820823250728,0.759834387305117,25,20,20
46,1579,0.08414696579094862,8.40497057084821e-08,0.11620738250659299,0.7996455676527523,25,20,20
46,1580,0.08414696579094862,8.40497057084829e-08,0.11620738377312995,0.7996455663862154,25,20,20
46,1581,0.08414696579094867,8.40497057097802e-08,0.1162090053798609,0.7996439447794844,25,20,20
46,1582,0.08414696579094867,8.404970563451093e-08,0.11620897055983637,0.7996439795995093,25,20,20
46,1583,0.08432389920573563,7.890457126595636e-08,0.1160320427040429,0.7996439791856506,25,20,20
46,1584,0.08432389920573877,7.89048152479096e-08,0.11612468399045543,0.7995513378989907,25,20,20
46,1585,0.08432389920573875,7.89048151739509e-08,0.11611815964268017,0.7995578622467661,25,20,20
46,1586,0.08432389920573873,7.890481088302439e-08,0.11611166962112413,0.7995643522683263,25,20,20
46,1587,0.08432389920573564,7.890481102996492e-08,0.11637629920588037,0.7992997226835731,25,20,20
46,1588,0.08432389920573564,7.890481103128502e-08,0.11637618475662206,0.7992998371328314,25,20,20
46,1589,0.08432389920573632,7.890505322440059e-08,0.11648297344568684,0.7991930484435238,25,20,20
46,1590,0.08432389920573627,7.89050532244002e-08,0.11648146703407576,0.7991945548551349,25,20,20
46,1591,0.08432616046707407,7.890507967796037e-08,0.11647920577323558,0.7991945548546109,25,20,20
46,1592,0.08432616046707413,7.8905083968277e-08,0.11647940102024233,0.7991943596075999,25,20,20
46,1593,0.08432616046707413,7.89050839669561e-08,0.11647936711511336,0.7991943935127287,25,20,20
46,1594,0.08525594899611452,7.684400249265444e-08,0.11555733235134964,0.7991866418085333,25,20,20
46,1595,0.08525594899611452,7.684400249263208e-08,0.115557251310531,0.7991867228493519,25,20,20
46,1596,0.08514039936055358,7.727564508815227e-08,0.11567279845792293,0.7991867249058789,25,20,20
46,1597,0.08514039936055039,7.727540103092977e-08,0.11558015046281186,0.7992793729012372,25,20,20
46,1598,0.08514039936059559,7.727564828830418e-08,0.11584638684146975,0.7990131365222868,25,20,20
46,1599,0.08514039936059553,7.727564821303779e-08,0.11584476531374065,0.799014758050016,25,20,20
46,1600,0.08514039936055029,7.727540095696156e-08,0.11557852693497482,0.7992809964290742,25,20,20
46,1601,0.08514039936055029,7.727540524728444e-08,0.11557866781532596,0.7992808555487189,25,20,20
46,1602,0.08514039936314237,7.727540583900949e-08,0.11549400979212202,0.79936551356933,25,20,20
46,1603,0.08514039936314238,7.727540598693407e-08,0.11549859719396893,0.7993609261674831,25,20,20
46,1604,0.10179808429475722,3.012131129175822e-08,0.09880053217378812,0.7994013534101438,25,20,20
46,1605,0.1017980842947604,3.012131129158201e-08,0.09889274353827676,0.7993091420456518,25,20,20
46,1606,0.10175734327675866,3.012131174610182e-08,0.09893348498854354,0.7993091416133865,25,20,20
46,1607,0.10175734327675545,3.0121311669535154e-08,0.09893340105873462,0.7993092255431988,25,20,20
46,1608,0.11851425291233525,1.1774484858650756e-06,0.08221577273399555,0.7992687969051837,25,20,20
46,1609,0.11851425290215795,1.1774482417304248e-06,0.08239053039332545,0.7990940392562752,25,20,20
46,1610,0.11851286654181395,1.1774498088720382e-06,0.08239189248441893,0.7990940635239586,25,20,20
46,1611,0.11982414424361636,2.743300645196138e-08,0.08108176637082823,0.7990940619525495,25,20,20
46,1612,0.11982414424361641,2.7433006450640868e-08,0.08108645017638044,0.799089378146997,25,20,20
46,1613,0.12077100105230368,2.7427148643703637e-08,0.0801395966956288,0.7990893748249185,25,20,20
46,1614,0.12077100105230365,2.7427148569736594e-08,0.08013747138783608,0.7990915001327111,25,20,20
46,1615,0.12064626995449236,2.742714262601349e-08,0.08026222675307165,0.7990914758652933,25,20,20
46,1616,0.1206462699544924,2.742714268142311e-08,0.0913201494095779,0.7880335532087871,25,20,20
46,1617,0.1206462699544956,2.74271468990688e-08,0.09131872522338848,0.7880349773949691,25,20,20
46,1618,0.12064626995454099,2.7427146974140195e-08,0.09144829429701687,0.7879054083212951,25,20,20
46,1619,0.12064626995454412,2.742739003242077e-08,0.09169979070039598,0.7876539119176698,25,20,20
46,1620,0.12064626996230597,2.8219482948966035e-08,0.09167604129161998,0.7876776605265912,25,20,20
46,1621,0.10715381965574322,2.2194783396626006e-07,0.10516829619506474,0.7876776622013578,25,20,20
46,1622,0.10715381965574641,2.2194783833184908e-07,0.10516835333095638,0.7876776050654587,25,20,20
46,1623,0.10715381965579192,2.2194784691281294e-07,0.10517290538016243,0.7876730530161986,25,20,20
46,1624,0.1071538196557464,2.2194783833184852e-07,0.10517290071910887,0.7876730576773062,25,20,20
46,1625,0.10715381965574639,2.2194783833184857e-07,0.10517278624480803,0.7876731721516069,25,20,20
46,1626,0.10715381965574958,2.2194783840841254e-07,0.10517449672349857,0.7876714616729131,25,20,20
46,1627,0.10763638818052954,1.1615969339827876e-05,0.10158399114412336,0.7907680047060072,25,20,20
46,1628,0.1076363881909089,1.1615969584406354e-05,0.09053684955793977,0.8018151462815668,25,20,20
46,1629,0.1076363881909057,1.1615969337057732e-05,0.09028515788321181,0.8020668379565454,25,20,20
46,1630,0.10763638819090568,1.1615969098967974e-05,0.09028513956579744,0.8020668562741982,25,20,20
46,1631,0.1076363881883104,1.1615968854296153e-05,0.09028060044863384,0.8020713953942016,25,20,20
46,1632,0.10763638818849133,1.1615968858557958e-05,0.09054694697155374,0.8018050488710964,25,20,20
46,1633,0.10763638817811198,1.1615968622427304e-05,0.0909092698059833,0.8014427260472823,25,20,20
46,1634,0.10763638817810964,1.1616758045246635e-05,0.09117873173003892,0.8011732633338063,25,20,20
46,1635,0.10763638817810885,1.1615968618135688e-05,0.09090915503834966,0.8014428408149235,25,20,20
46,1636,0.10763638817810892,1.1615968622427072e-05,0.09091151985508931,0.8014404759981795,25,20,20
46,1637,0.12044832584703459,1.1717121740087678e-05,0.07809948102244921,0.8014404760087759,25,20,20
46,1638,0.12044832584703459,1.1717121740162957e-05,0.07810608578699318,0.8014338712442318,25,20,20
46,1639,0.12044832584703466,1.171712174016166e-05,0.07810600716485823,0.8014339498663667,25,20,20
46,1640,0.12044832584703782,1.1717121735869728e-05,0.07828582366299001,0.8012541333682361,25,20,20
46,1641,0.12044832584703774,1.1717121731578347e-05,0.07828345754984228,0.8012564994813881,25,20,20
46,1642,0.12044832584960902,1.1717121973920942e-05,0.07865659260972004,0.8008833644186967,25,20,20
46,1643,0.12032260748394932,1.1717121968446027e-05,0.0787823109679681,0.800883364426114,25,20,20
46,1644,0.12032260748394927,1.171712196852129e-05,0.07878693029909047,0.8008787450949915,25,20,20
46,1645,0.1203226074839493,1.171712197281291e-05,0.07878234952821198,0.8008833258658657,25,20,20
46,1646,0.12032260748395247,1.1717121972663689e-05,0.0787824459393654,0.8008832294547092,25,20,20
46,1647,0.12032260748413462,1.171712197266501e-05,0.0787825293804266,0.8008831460134658,25,20,20
46,1648,0.12032260747378834,1.1716330118467966e-05,0.0789136026767996,0.8007520735192932,25,20,20
46,1649,0.12032260747374295,1.1716330118394214e-05,0.07878873483910746,0.8008769413570307,25,20,20
46,1650,0.12032260747374295,1.1716330118320254e-05,0.07878221112550046,0.8008834650706379,25,20,20
46,1651,0.1203226074736975,1.1716330118244805e-05,0.07878370116105705,0.8008819750351269,25,20,20
46,1652,0.11988921687201955,1.5059717107397388e-06,0.06398734660588562,0.8161219305503835,25,20,20
46,1653,0.1198892168720615,1.5059717107379147e-06,0.06426859293175415,0.8158406842244732,25,20,20
46,1654,0.11983900704998794,3.2186235770649385e-07,0.04719987961873055,0.8329607914689237,25,20,20
46,1655,0.11983900704980463,3.218623619233497e-07,0.046932875637804586,0.8332277954500289,25,20,20
46,1656,0.11983900704962251,3.2186236192205157e-07,0.046932751117279785,0.8332279199707358,25,20,20
46,1657,0.11983900704962255,3.21862361923326e-07,0.04693741405679282,0.8332232570312228,25,20,20
46,1658,0.11983900704966789,3.2186260146428217e-07,0.047065192871102786,0.8330954782166279,25,20,20
46,1659,0.11983900704709737,3.2186235912168876e-07,0.04669878995287711,0.8334618811376666,25,20,20
46,1660,0.11983900704709655,3.2186235912168897e-07,0.04669213638989529,0.8334685347006492,25,20,20
46,1661,0.11983900704728916,3.2186256969227606e-07,0.052853854787085354,0.8273068163030559,25,20,20
46,1662,0.11983900704709981,3.218762716031816e-07,0.046781322705303656,0.8333793483713251,25,20,20
46,1663,0.11983900704714215,3.218765162720969e-07,0.046781359957878195,0.8333793111184636,25,20,20
46,1664,0.11983900704718767,3.218765120611317e-07,0.04641489629370401,0.8337457747825964,25,20,20
46,1665,0.11983900704718689,3.21876507770815e-07,0.046414780099486574,0.833745890976819,25,20,20
46,1666,0.11983900704718688,3.2187650776948677e-07,0.04641485629277395,0.8337458147835315,25,20,20
46,1667,0.11983900704718685,3.2187650776946453e-07,0.046410268940716,0.8337504021355895,25,20,20
46,1668,0.11983900704714175,3.218765076961965e-07,0.04603673083558872,0.834123940240762,25,20,20
46,1669,0.15883776368085964,2.949414130790937e-07,0.007037902595894339,0.8341240387818329,25,20,20
46,1670,0.15895429907363937,2.9494141212659575e-07,0.006921367202984582,0.834124038781964,25,20,20
46,1671,0.1589542990736394,2.949414122005668e-07,0.0069214804031278495,0.8341239255818206,25,20,20
46,1672,0.15920481359563238,2.949398839446449e-07,0.006670965890341412,0.8341239255741424,25,20,20
46,1673,0.12025258359121832,3.242186718347773e-07,0.045623265154255535,0.8341238270358542,25,20,20
46,1674,0.12025258359122226,3.242324807810691e-07,0.045997249230682644,0.8337498429456142,25,20,20
46,1675,0.12025255369077384,3.2423225626960097e-07,0.041454119086937864,0.838293002990032,25,20,20
46,1676,0.12025255369077462,3.242322562708985e-07,0.04145423428525599,0.8382928877917131,25,20,20
46,1677,0.12025255369072906,3.2423225197995206e-07,0.0414477105164332,0.8382994115605856,25,20,20
46,1678,0.12013477724774098,3.242322524688136e-07,0.04156548695954726,0.8382994115604593,25,20,20
46,1679,0.12013477724774098,3.242322482524394e-07,0.04156545993366982,0.8382994385863408,25,20,20
46,1680,0.12013477725031209,3.24232252429763e-07,0.041941425904330136,0.8379234726131053,25,20,20
46,1681,0.12013477725035758,3.242322567114921e-07,0.042033652994993724,0.8378312455223919,25,20,20
46,1682,0.12013477725017671,3.242322525249675e-07,0.0417720072014695,0.8380928913161011,25,20,20
46,1683,0.11915875987845731,2.9543521978605375e-07,0.042748053411807874,0.838092891274515,25,20,20
46,1684,0.11915875987846049,2.9543521986001624e-07,0.042752640465254614,0.8380883042210651,25,20,20
46,1685,0.1191622110244157,2.954351914475256e-07,0.042749189319332304,0.8380883042210605,25,20,20
46,1686,0.1191622110244157,2.954351913722653e-07,0.04275109225974619,0.8380864012806468,25,20,20
46,1687,0.11916221102455243,2.9543519211320207e-07,0.04263014572676667,0.8382073478134889,25,20,20
46,1688,0.1191325670080357,2.955242449524536e-07,0.04265978879151652,0.8382073486762028,25,20,20
46,1689,0.11254960041866933,1.4044685129462715e-05,0.04916345413949691,0.8382729007567044,25,20,20
46,1690,0.1125496004186654,1.404467131622481e-05,0.04878927281903861,0.8386470820909797,25,20,20
46,1691,0.11254960041866212,1.4044657403744595e-05,0.048966338638204585,0.8384700162857296,25,20,20
46,1692,0.11254960041870687,1.4044657405345437e-05,0.048704872060276225,0.8387314828636115,25,20,20
46,1693,0.11254960041870607,1.4044657409634463e-05,0.04870478435161805,0.8387315705722662,25,20,20
46,1694,0.11254960041613417,1.404465740545583e-05,0.048335194328717836,0.8391011605977425,25,20,20
46,1695,0.11254960042643992,1.4045446338788386e-05,0.04862958995597093,0.8388067641712504,25,20,20
46,1696,0.11254960042644312,1.4045446347368944e-05,0.04863619625286996,0.8388001578743396,25,20,20
46,1697,0.11254960042643997,1.4045446347368945e-05,0.04863456875353399,0.8388017853736787,25,20,20
46,1698,0.11254960042644002,1.4045446347367648e-05,0.048634570169839436,0.8388017839573731,25,20,20
46,1699,0.11927915494631038,2.961964105023862e-07,0.04198431784299024,0.838736231014289,25,20,20
46,1700,0.11916352810115058,2.9619640952891915e-07,0.0420999446882844,0.8387362310141555,25,20,20
46,1701,0.11916352810115058,2.9619640952894154e-07,0.04209994468810763,0.8387362310143323,25,20,20
46,1702,0.11916352810119607,2.9619665841432544e-07,0.0420999856640134,0.8387361900381322,25,20,20
46,1703,0.11916352810119918,2.961969013333831e-07,0.04236163547301186,0.8384745402288877,25,20,20
46,1704,0.1191635281011969,2.961968927554689e-07,0.042355060295348926,0.8384811154065615,25,20,20
46,1705,0.1191635281013335,2.961966440193481e-07,0.04235048166207486,0.8384856940399478,25,20,20
46,1706,0.1191635281013311,2.96196648237e-07,0.04234597541673492,0.8384902002852859,25,20,20
46,1707,0.1191635281013319,2.9619665252792747e-07,0.04234597796222305,0.8384901977397926,25,20,20
46,1708,0.11958533554028807,1.5718472224996996e-09,0.041923093427064115,0.8384915694608008,25,20,20
46,1709,0.11958533554028807,1.5718472977872617e-09,0.041925371574814706,0.8384892913130502,25,20,20
46,1710,0.11958533554028801,1.5718472991073686e-09,0.04192057528833239,0.8384940875995326,25,20,20
46,1711,0.11958533554028802,1.5718472990847826e-09,0.04192718030299021,0.8384874825848747,25,20,20
46,1712,0.11958533554028711,1.5718472964429512e-09,0.041927150480162184,0.8384875124077037,25,20,20
46,1713,0.12008880905062962,1.3009889148451283e-09,0.04142367607950098,0.8384875135688807,25,20,20
46,1714,0.12008880905062962,1.3009889148627133e-09,0.04115742397963417,0.8387537656687475,25,20,20
46,1715,0.12008880905062959,1.300988839629229e-09,0.04115081766026919,0.8387603719881126,25,20,20
46,1716,0.12008880905062956,1.3009889148947647e-09,0.04115301381074214,0.8387581758376396,25,20,20
46,1717,0.12009085982369358,1.3009614454329225e-09,0.04115096303743899,0.838758175837906,25,20,20
46,1718,0.12009085982369277,1.3009571551159588e-09,0.041155467550730504,0.8387536713246198,25,20,20
46,1719,0.12009085982369276,1.3009571537992428e-09,0.04115327195198125,0.838755866923369,25,20,20
46,1720,0.12009085982387488,1.3009614447360071e-09,0.04115979599956118,0.8387493428756027,25,20,20
46,1721,0.1200908598239204,1.3009614447562141e-09,0.041161375221349036,0.8387477636537691,25,20,20
46,1722,0.12009085982387493,1.3012059529860567e-09,0.04116638517942679,0.8387427536954923,25,20,20
46,1723,0.12009085982405274,1.3009630321377322e-09,0.04116723393059888,0.8387419049443855,25,20,20
46,1724,0.12009085982405274,1.3009630321190292e-09,0.04116507164505151,0.838744067229933,25,20,20
46,1725,0.12009085981374705,5.120297735724809e-10,0.040875264179672494,0.839033875494551,25,20,20
46,1726,0.12009085981356814,5.117853507692653e-10,0.04086682724723861,0.8390423124274083,25,20,20
46,1727,0.12009085981356814,5.117853507692654e-10,0.04086682724723861,0.8390423124274083,25,20,20
46,1728,0.12009085981352265,5.117853593345034e-10,0.04077471634966928,0.8391344233250229,25,20,20
46,1729,0.12009085981356775,5.117811422795616e-10,0.04114857423366772,0.8387605654409834,25,20,20
46,1730,0.12009085981356218,5.117810699209886e-10,0.04096881676150563,0.8389403229131511,25,20,20
46,1731,0.1200908598133801,5.117809206811841e-10,0.04096873248630946,0.8389404071885295,25,20,20
46,1732,0.12009085981338004,5.117808466953038e-10,0.04097063462835717,0.838938505046482,25,20,20
46,1733,0.10025953344084741,2.937914781922412e-07,0.060727275617501714,0.8390128971501725,25,20,20
46,1734,0.100259533440802,2.9379123352231467e-07,0.06072718796680529,0.8390129848011589,25,20,20
46,1735,0.100259533440802,2.9379098894009373e-07,0.06072521344526702,0.839014959322942,25,20,20
46,1736,0.10025953344080206,2.937909890127675e-07,0.06072059473080627,0.8390195780374026,25,20,20
46,1737,0.10025953344080285,2.937909933028745e-07,0.060722959547759414,0.8390172132204445,25,20,20
46,1738,0.10025953344080285,2.937909933041715e-07,0.060722881415767406,0.8390172913524365,25,20,20
46,1739,0.09635056591025445,4.4855675989455725e-07,0.06470742155826532,0.8389415639747202,25,20,20
46,1740,0.09635056591025448,4.485567598206046e-07,0.06483682993698259,0.838812155596003,25,20,20
46,1741,0.09635056591025445,4.485567598206085e-07,0.06470730770379167,0.8389416778291939,25,20,20
46,1742,0.09635056591025445,4.485567598206093e-07,0.06470730771254876,0.8389416778204368,25,20,20
46,1743,0.0963505659102545,4.4855675989460357e-07,0.06470078425333413,0.8389482012796513,25,20,20
46,1744,0.05824807704054656,4.4881084151774427e-07,0.1028032716776848,0.8389482024709269,25,20,20
46,1745,0.05824807704036643,4.488110860226663e-07,0.10254340547078555,0.8392080686777619,25,20,20
46,1746,0.05824807704036639,4.4881108602266663e-07,0.10254528196273109,0.8392061921858165,25,20,20
46,1747,0.05824807704036633,4.4881108594735254e-07,0.10254519979723922,0.8392062743513086,25,20,20
46,1748,0.05824807704036553,4.48811086020026e-07,0.10254508507152364,0.8392063890770248,25,20,20
46,1749,0.05824807704036553,4.4881108609531723e-07,0.10254519954632121,0.8392062746022272,25,20,20
46,1750,0.058248077040547616,4.4881108617058976e-07,0.10254879368194343,0.8392026804664228,25,20,20
46,1751,0.058248077040550815,4.488110861703791e-07,0.10255096892652629,0.8392005052218365,25,20,20
46,1752,0.0961049557751345,4.4855703231965877e-07,0.06469409162998634,0.8392005040378469,25,20,20
46,1753,0.09610495577513371,4.4855702802741137e-07,0.06468748431101214,0.8392071113568261,25,20,20
46,1754,0.09610495577513371,4.485572702954964e-07,0.06468660628235487,0.839207989385241,25,20,20
46,1755,0.09610495577529382,4.4855724184958086e-07,0.06933814860546393,0.8345564470620004,25,20,20
46,1756,0.09610495577529703,4.48557241849595e-07,0.06934273519973994,0.8345518604677211,25,20,20
46,1757,0.09610495577529703,4.48557241924818e-07,0.069342817552336,0.834551778115125,25,20,20
46,1758,0.09610495577529385,4.4855724177557803e-07,0.06934282744255851,0.8345517682249058,25,20,20
46,1759,0.09610495577529693,4.485572417742797e-07,0.06934823029201963,0.8345463653754416,25,20,20
46,1760,0.09918506110882358,4.483172498781342e-07,0.06626800244468348,0.8345464881292429,25,20,20
46,1761,0.0956408115333186,1.1960002510578384e-06,0.069811627155768,0.8345463653106622,25,20,20
46,1762,0.0956408115333186,1.196000251057838e-06,0.06981168671624097,0.8345463057501891,25,20,20
46,1763,0.09564081153327393,1.196000006464189e-06,0.06980851869747677,0.8345494737692427,25,20,20
46,1764,0.09564081153327081,1.196000002174106e-06,0.0698061486811294,0.8345518437855973,25,20,20
46,1765,0.09564081153327081,1.1960000021728088e-06,0.0698060966224191,0.8345518958443076,25,20,20
46,1766,0.09564081153327075,1.1960000020988152e-06,0.06980609461907517,0.8345518978476517,25,20,20
46,1767,0.09564081153586627,1.196000006465717e-06,0.0698063320916614,0.8345516603724658,25,20,20
46,1768,0.09564081153845334,1.1960002503695824e-06,0.06993660969406154,0.8344213827672345,25,20,20
46,1769,0.09564081153845332,1.196000250368285e-06,0.06993668782394638,0.8344213046373494,25,20,20
46,1770,0.09564081153845332,1.196000250366987e-06,0.06993668921541023,0.8344213032458856,25,20,20
46,1771,0.0956408115384557,1.1960002462646174e-06,0.06956833732038593,0.8347896551409114,25,20,20
46,1772,0.09564081153845251,1.1960002462645728e-06,0.06955813479943403,0.8347998576618666,25,20,20
46,1773,0.09556655926353219,1.1960002745784653e-06,0.06963238707393477,0.8347998576622578,25,20,20
46,1774,0.0955665592633501,1.1960002787934865e-06,0.06962238317004447,0.834809861566326,25,20,20
46,1775,0.09556655926335006,1.196000278719539e-06,0.06962226959084729,0.8348099751455231,25,20,20
46,1776,0.09556655926075455,1.19600027450271e-06,0.06975155420433453,0.8346806905346357,25,20,20
46,1777,0.09556655926075455,1.1960002746519323e-06,0.0697561745277306,0.8346760702112394,25,20,20
46,1778,0.09556655926075772,1.196000517646227e-06,0.07002237260570011,0.8344098721330238,25,20,20
46,1779,0.09552690612493571,4.488294094415962e-07,0.07006277161581978,0.8344098734298343,25,20,20
46,1780,0.10579950386401726,7.624468079261945e-07,0.05978989727499128,0.8344098364141833,25,20,20
46,1781,0.10579950387180975,7.624465683881424e-07,0.059669781650958396,0.8345299520306633,25,20,20
46,1782,0.10604168354041628,7.624465405894515e-07,0.059427601974997274,0.8345299520380456,25,20,20
46,1783,0.10604168354041633,7.624467834363056e-07,0.059564432398091054,0.8343931216147089,25,20,20
46,1784,0.10604168354041628,7.624467834363047e-07,0.059564431933553916,0.8343931220792462,25,20,20
46,1785,0.10604168355079784,7.624467877277043e-07,0.05956672302848963,0.8343908309739245,25,20,20
46,1786,0.10604168355079784,7.624467877277046e-07,0.0595602326898811,0.8343973213125331,25,20,20
46,1787,0.10604168355079542,7.624467918681338e-07,0.05956208695109794,0.8343954670513145,25,20,20
46,1788,0.10604168355079542,7.624467917954604e-07,0.05956208555839661,0.8343954684440159,25,20,20
46,1789,0.10604168355061336,7.624467875058443e-07,0.05955559483421205,0.8344019591683869,25,20,20
46,1790,0.10604168355061656,7.624467875811132e-07,0.0595556773318797,0.834401876670716,25,20,20
46,1791,0.10604168355061656,7.624467875797922e-07,0.05955567531539309,0.8344018786872026,25,20,20
46,1792,0.10604168355061656,7.62446787655081e-07,0.05955729677116599,0.8344002572314296,25,20,20
46,1793,0.1060416835608565,7.62460362724324e-07,0.059558367511180474,0.8343991864676004,25,20,20
46,1794,0.10604168356085567,7.624603626503558e-07,0.05955678174661243,0.8344007722321691,25,20,20
46,1795,0.10583651237919693,7.625565825079074e-07,0.059760559660154006,0.8344021654040665,25,20,20
46,1796,0.10583651237919693,7.62556582507885e-07,0.05976044719838877,0.8344022778658317,25,20,20
46,1797,0.10583651237923927,7.62556339588847e-07,0.0595008293312949,0.8346618957331262,25,20,20
46,1798,0.10583651238182958,7.625702378520838e-07,0.059625754712908346,0.834536970335024,25,20,20
46,1799,0.10583651238183275,7.625702421437206e-07,0.059625950009379626,0.8345367750385454,25,20,20
46,1800,0.10583651238183275,7.625702378534263e-07,0.05962575477307799,0.8345369702748512,25,20,20
46,1801,0.10583651238201443,7.625699949316401e-07,0.05945170508663922,0.8347110199613513,25,20,20
46,1802,0.10583651238201443,7.62569994932961e-07,0.05945162470831094,0.8347111003396797,25,20,20
46,1803,0.10593992227415443,7.625640028583464e-07,0.05934821160995964,0.834711103551883,25,20,20
46,1804,0.10593992227415448,7.625642474722892e-07,0.05934995062715075,0.8347093645344472,25,20,20
46,1805,0.1059399222741545,7.625642476201243e-07,0.05972305232140508,0.8343362628401927,25,20,20
46,1806,0.10593992227415372,7.62564243329174e-07,0.060090446554917715,0.8339688686066851,25,20,20
46,1807,0.1059399222715634,7.625503449166918e-07,0.05996082127292253,0.834098493905169,25,20,20
46,1808,0.1059399222715634,7.625503449153936e-07,0.05996079282157674,0.8340985223565148,25,20,20
46,1809,0.10593992227140323,7.625501287842618e-07,0.055301956107254725,0.8387573590712133,25,20,20
46,1810,0.10593992227399031,7.625503769618963e-07,0.055432199188349844,0.8386271159872828,25,20,20
46,1811,0.10593992227398712,7.625503768866278e-07,0.055432116699439204,0.8386271984761967,25,20,20
46,1812,0.10593992227394158,7.625503768113708e-07,0.055425463106030776,0.8386338520696508,25,20,20
46,1813,0.10593992227394158,7.625503768113713e-07,0.05542557622764979,0.8386337389480317,25,20,20
46,1814,0.10593992227394158,7.625503810999062e-07,0.05543016588624411,0.838629149289433,25,20,20
46,1815,0.1059399222636566,7.625365637632788e-07,0.05505759606220055,0.839001719137579,25,20,20
46,1816,0.10593992226365581,7.625365595484408e-07,0.05505531233678426,0.8390040028630004,25,20,20
46,1817,0.10593992226370133,7.625365595484408e-07,0.05505538523095173,0.8390039299687874,25,20,20
46,1818,0.1059399222612965,7.625365550717966e-07,0.055075859913775865,0.8389834552883726,25,20,20
46,1819,0.10593992227167602,7.62536559437633e-07,0.055086059855886875,0.8389732553358776,25,20,20
46,1820,0.06901865063265937,2.056756388621291e-06,0.09199997679923194,0.8389793158117197,25,20,20
46,1821,0.06901865063270489,2.0567563929851253e-06,0.0920045134781486,0.8389747791327531,25,20,20
46,1822,0.06901865063270483,2.0567561484464966e-06,0.09200285890214457,0.8389764337090019,25,20,20
46,1823,0.06901865063265936,2.056756152662154e-06,0.09200930941229712,0.8389699831988905,25,20,20
46,1824,0.09291400614128094,7.66053545363793e-07,0.06660880170955866,0.8404764260956153,25,20,20
46,1825,0.09291400614128094,7.660537883593994e-07,0.06687507316547923,0.8402101546394518,25,20,20
46,1826,0.09291400614127782,7.66053788285414e-07,0.06687507419376967,0.8402101536111646,25,20,20
46,1827,0.08165610855167844,1.2340134121887712e-06,0.07964279808579057,0.8386998593491185,25,20,20
46,1828,0.08165610855167532,1.234013407972445e-06,0.07964487946858098,0.8386977779663354,25,20,20
46,1829,0.08165610855171555,1.234013624093153e-06,0.08430418902189571,0.8340384684127643,25,20,20
46,1830,0.06594477295683147,7.625367838180358e-07,0.10001820042655261,0.8340362640798317,25,20,20
46,1831,0.06594477295683152,7.625367795281801e-07,0.10001819977440608,0.8340362647319826,25,20,20
46,1832,0.06594477295683157,7.62536779529504e-07,0.10001660804493959,0.834037856461449,25,20,20
46,1833,0.06594477295683152,7.625367795295265e-07,0.10001190656789952,0.834042557938489,25,20,20
46,1834,0.0659447729672119,7.625370283276472e-07,0.1000184584022276,0.8340360060935319,25,20,20
46,1835,0.06594477296714321,7.625372669537157e-07,0.10028312570523625,0.8337713387903533,25,20,20
46,1836,0.06594477296971449,7.62537509297354e-07,0.10065159896150731,0.8334028655312684,25,20,20
46,1837,0.06594477295940168,7.625372705962537e-07,0.10038475475435056,0.8336697097489767,25,20,20
46,1838,0.06624059721877691,7.624470159629452e-07,0.10009032696971489,0.833668313364492,25,20,20
46,1839,0.06684992765015928,7.630796226728289e-07,0.09948099916442804,0.8336683101057897,25,20,20
46,1840,0.06684992765015915,7.63079862238306e-07,0.09960216757920339,0.8335471416907747,25,20,20
46,1841,0.06851417452418697,1.4035018187240636e-09,0.09793868231028316,0.833547141762028,25,20,20
46,1842,0.06851417452414237,1.4032621790195496e-09,0.09781955499934664,0.8336662690732487,25,20,20
46,1843,0.06851417452414156,1.403257888092151e-09,0.09781764950199477,0.8336681745706058,25,20,20
46,1844,0.06851417451376432,1.4032528412030671e-09,0.09794125864397926,0.8335445654390036,25,20,20
46,1845,0.06851417451358265,1.4032527686801295e-09,0.09784895924124819,0.8336368648419163,25,20,20
46,1846,0.06851417451358262,1.4032485516901612e-09,0.09784895755174601,0.8336368665314228,25,20,20
46,1847,0.06851417451358262,1.4032486256612846e-09,0.09784907140604292,0.8336367526771259,25,20,20
46,1848,0.0685141745135826,1.4032486243627467e-09,0.09784895684352572,0.8336368672396433,25,20,20
46,1849,0.06851417451354236,1.4030324296835634e-09,0.09319426605798217,0.8382915580254432,25,20,20
46,1850,0.06851417451354241,1.4030367945693684e-09,0.0931961707380042,0.8382896533454168,25,20,20
46,1851,0.06851417450316681,1.4169351202439118e-09,0.09331559224907,0.8381702318308281,25,20,20
46,1852,0.0685141745030301,1.4166957088824161e-09,0.09317140150273744,0.8383144225775366,25,20,20
46,1853,0.0685141745030301,1.4166956349112927e-09,0.09317128763816537,0.8383145364421088,25,20,20
46,1854,0.0685141745030301,1.4166956362093583e-09,0.09317356521180793,0.8383122588684664,25,20,20
46,1855,0.0835014817413043,4.53531994778617e-07,0.07818580738019454,0.8383122573465058,25,20,20
46,1856,0.0835014817413043,4.535319947786393e-07,0.07818580740453665,0.8383122573221639,25,20,20
46,1857,0.06048081518738949,4.5410361030354145e-07,0.10120635725878335,0.8383123734502165,25,20,20
46,1858,0.060480815187392636,4.5410361451917535e-07,0.10121293403593373,0.8383057966730587,25,20,20
46,1859,0.06048081518738866,4.5408971611729335e-07,0.10108991706781836,0.8384288136550765,25,20,20
46,1860,0.06048081518481733,4.5408947377237986e-07,0.1007168213675963,0.8388019093581122,25,20,20
46,1861,0.060480815184817266,4.54089473845031e-07,0.10071693380980222,0.8388017969159063,25,20,20
46,1862,0.06048081518481726,4.5408947377109444e-07,0.10071033101372279,0.8388083997119858,25,20,20
46,1863,0.060480815184862785,4.54089478136697e-07,0.10071058817506535,0.8388081425505933,25,20,20
46,1864,0.060480815184862785,4.5408947813799514e-07,0.10071050960650706,0.8388082211191517,25,20,20
46,1865,0.06048081518486284,4.5408947821193545e-07,0.10071050964692546,0.8388082210787331,25,20,20
46,1866,0.060480815777510334,4.540899660351025e-07,0.10082258812948951,0.8386961420030339,25,20,20
46,1867,0.060480815777510334,4.5408996596115374e-07,0.10082247427501581,0.8386962558575077,25,20,20
46,1868,0.060480815185043724,4.540894823271202e-07,0.10097204242648374,0.8385466882989899,25,20,20
46,1869,0.04537382178314139,1.8580053875646244e-09,0.11607562317650628,0.8385505531823466,25,20,20
46,1870,0.04537382178318682,1.858253729031735e-09,0.11616797567163382,0.8384582006869253,25,20,20
46,1871,0.045373821772807306,1.858249512418021e-09,0.11616247646422011,0.8384636999047227,25,20,20
46,1872,0.04537382177280735,1.8582495124108576e-09,0.11616437919361346,0.8384617971753293,25,20,20
46,1873,0.04537382177281049,1.858253730056557e-09,0.1161629528038042,0.8384632235651313,25,20,20
46,1874,0.0453738217728073,1.8580099035564042e-09,0.11603267746690948,0.838593498902273,25,20,20
46,1875,0.045428657888612375,1.3159694274131428e-06,0.11597652770463668,0.8385934984373233,25,20,20
46,1876,0.045428657888432235,1.3159694231500696e-06,0.11571678623256566,0.8388532399095787,25,20,20
46,1877,0.04542865789098315,1.3159694189370535e-06,0.115710399345673,0.8388596267939247,25,20,20
46,1878,0.04542865789098319,1.3159694230801447e-06,0.1153439020562457,0.8392261240833478,25,20,20
46,1879,0.04542865789098319,1.3159694230801225e-06,0.11534390206634346,0.8392261240732501,25,20,20
46,1880,0.04542865789098312,1.3159694272951284e-06,0.11534182065800064,0.8392282054815885,25,20,20
46,1881,0.04542865789098312,1.315969427144615e-06,0.11533537896960816,0.8392346471699813,25,20,20
46,1882,0.04542865789098313,1.3159696673733615e-06,0.11533360796396706,0.8392364181753821,25,20,20
46,1883,0.04542865789098313,1.3159696674473104e-06,0.11533372182871587,0.8392363043106331,25,20,20
46,1884,0.04542865789098393,1.3159696717369402e-06,0.11534032635373626,0.8392296997856077,25,20,20
46,1885,0.0454286578909839,1.315969676093769e-06,0.11505861993279952,0.8395114062065399,25,20,20
46,1886,0.04542865789098388,1.3159694330968654e-06,0.11479229587377135,0.8397777302658114,25,20,20
46,1887,0.045428657890984686,1.3159694331721348e-06,0.11479244972226024,0.8397775764173215,25,20,20
46,1888,0.07789388549456451,1.8886206192337124e-06,0.0820702862580277,0.8400339396267882,25,20,20
46,1889,0.07789388549715923,1.8886206235240252e-06,0.08207036786563844,0.8400338580165786,25,20,20
46,1890,0.0778938854971138,1.8886203751838562e-06,0.0819781278344285,0.8401260980480822,25,20,20
46,1891,0.0778938854971138,1.888620375182582e-06,0.08197585096186817,0.8401283749206425,25,20,20
46,1892,0.07789388549729276,1.8886203752572635e-06,0.0819694483509382,0.8401347775313937,25,20,20
46,1893,0.07789388549729484,1.8886205372402373e-06,0.09593932254472573,0.8261649033374416,25,20,20
46,1894,0.07789388549711589,1.8886205328759267e-06,0.09593916004078387,0.8261650658415668,25,20,20
46,1895,0.0778938854971151,1.8886205329485318e-06,0.09593923523842088,0.8261649906439307,25,20,20
46,1896,0.07789388608878,1.8886210220982052e-06,0.09594709878769182,0.8261571265025057,25,20,20
46,1897,0.07789388608878081,1.8886210263891278e-06,0.09595371542805052,0.826150509862142,25,20,20
46,1898,0.06890062111114456,1.342346960432832e-09,0.10520511865636789,0.8258942588901402,25,20,20
46,1899,0.06890062111114462,1.3423469609767515e-09,0.10520026132702803,0.8258991162194801,25,20,20
46,1900,0.06905993357501544,1.558905508648264e-05,0.10502920355828073,0.8258952738116169,25,20,20
46,1901,0.06841001935161438,1.043553078859664e-09,0.10569472828024935,0.8258952513245826,25,20,20
46,1902,0.06841001935161431,1.0433084852274314e-09,0.1056899738351831,0.8259000057698935,25,20,20
46,1903,0.06841001935161752,1.0433084125764153e-09,0.10569002179164828,0.8258999578134252,25,20,20
46,1904,0.06841001935418872,1.0433127399803633e-09,0.10606386536880429,0.8255261142336937,25,20,20
46,1905,0.06841001935418793,1.043312738682443e-09,0.10605725892039106,0.8255327206821077,25,20,20
46,1906,0.06841001935436843,4.575349104165992e-08,0.10658022685221245,0.8250097080399276,25,20,20
46,1907,0.06840976072618944,5.7957730511086375e-08,0.1065804732764684,0.825009708039611,25,20,20
46,1908,0.06840976013452454,5.795723706984489e-08,0.10657245303049802,0.8250177288777399,25,20,20
46,1909,0.06840976013452449,5.795723277891878e-08,0.10656584921140792,0.8250243326968344,25,20,20
46,1910,0.06840976013452454,5.79572370687291e-08,0.10657055067460258,0.8250196312336354,25,20,20
46,1911,0.06840976013452135,5.7957237066133626e-08,0.10657038827778034,0.8250197936304609,25,20,20
46,1912,0.06840976013452454,5.795723714267665e-08,0.10657050336416689,0.825019678544071,25,20,20
46,1913,0.06840976013452368,5.7957232852503736e-08,0.1065688352484687,0.8250213466597743,25,20,20
46,1914,0.06840976013452368,5.795723277723488e-08,0.10656871997195154,0.8250214619362916,25,20,20
46,1915,0.06840976013456714,5.795707508650926e-08,0.09260545396395402,0.8389847279444033,25,20,20
46,1916,0.06840976013452167,5.79570708695219e-08,0.09260354705451826,0.8389866348538888,25,20,20
46,1917,0.06840976013452482,5.797087265292992e-08,0.09299141952753487,0.8385987623670672,25,20,20
46,1918,0.0799173371302677,5.7721551584956445e-08,0.08148384229184563,0.838598762856335,25,20,20
46,1919,0.07991733772195025,5.772204082405232e-08,0.08149059131289885,0.8385920132431098,25,20,20
46,1920,0.07991733713026851,5.772155594874662e-08,0.0814884815268363,0.8385941236213391,25,20,20
46,1921,0.07991733713026851,5.772155165779753e-08,0.08148187561973128,0.8386007295284484,25,20,20
46,1922,0.07991733246535924,2.231160519796439e-07,0.08148171489006244,0.8386007295285257,25,20,20
46,1923,0.07991733246535924,2.2311605205495833e-07,0.08148179736702163,0.8386006470515665,25,20,20
46,1924,0.07991733246276281,2.23116055660364e-07,0.08773115671708602,0.8323512877040952,25,20,20
46,1925,0.07991733246275962,2.2311605565776848e-07,0.08773111675034731,0.832351327670837,25,20,20
46,1926,0.07991733246016408,2.231160512908666e-07,0.08773096174457358,0.8323514826792108,25,20,20
46,1927,0.07991733247054437,2.2312999672844468e-07,0.0877332955634987,0.83234914883596,25,20,20
46,1928,0.07991733247054436,2.2312999680369056e-07,0.08773328403957793,0.8323491603598808,25,20,20
46,1929,0.07991733247054517,2.2313000101934786e-07,0.08773986154891367,0.83234258285054,25,20,20
46,1930,0.07991733247063543,2.231300016621894e-07,0.0818638207493958,0.8382186236499669,25,20,20
46,1931,0.07991733247063543,2.2312999730665944e-07,0.08177152907829789,0.838310915321069,25,20,20
46,1932,0.07991733247063233,2.2312999730518851e-07,0.08186371539460699,0.8382187290047634,25,20,20
46,1933,0.07991733247067773,2.2312999738023685e-07,0.08199324599023625,0.8380891984090886,25,20,20
46,1934,0.07991733247068092,2.231300017464426e-07,0.08199977004706822,0.838082674352249,25,20,20
46,1935,0.07991733247067773,2.2312999738023685e-07,0.0819932799701364,0.8380891644291885,25,20,20
46,1936,0.07991733247067762,2.2312999730643887e-07,0.08190097928822457,0.8381814651111003,25,20,20
46,1937,0.07991733247067762,2.231299973051647e-07,0.08190089951395818,0.8381815448853668,25,20,20
46,1938,0.08093894706614209,1.2069965878613934e-06,0.08074350980789852,0.8383163361293715,25,20,20
46,1939,0.08093894706614209,1.206996587862714e-06,0.08074353824914664,0.8383163076881233,25,20,20
46,1940,0.08093894706357081,1.2069965835365855e-06,0.08036964535812731,0.8386902005817183,25,20,20
46,1941,0.08093894706357081,1.206996583610556e-06,0.08036972593971789,0.8386901200001275,25,20,20
46,1942,0.04236224683113482,3.793328111469741e-06,0.11858630122680075,0.8390476586139535,25,20,20
46,1943,0.04236224683113481,3.79332811146974e-06,0.11858641298745094,0.8390475468533033,25,20,20
46,1944,0.04236224683113482,3.7933281115450036e-06,0.11858861154142553,0.8390453482993285,25,20,20
46,1945,0.04236224683108944,3.7933281114699324e-06,0.11845919681692059,0.8391747630238791,25,20,20
46,1946,0.04236224683109024,3.7933283559781594e-06,0.1184658187968607,0.8391681410436935,25,20,20
46,1947,0.04152540403407738,1.2074885297159219e-06,0.1196551677239049,0.8388182207534883,25,20,20
46,1948,0.04152540403399037,1.2074885254663768e-06,0.11928171182994901,0.8391916766475355,25,20,20
46,1949,0.04152540462181778,1.207488764241133e-06,0.1195487354065423,0.838924652482876,25,20,20
46,1950,0.041525404621817794,1.2074887642437288e-06,0.11954873799071347,0.8389246498987047,25,20,20
46,1951,0.06344079534379667,2.2305223182440602e-07,0.09776783480807907,0.8387911467958928,25,20,20
46,1952,0.06344079534375113,2.230522275327751e-07,0.09776760467269298,0.8387913769313287,25,20,20
46,1953,0.06344079534375113,2.2305222760676864e-07,0.09776757325697968,0.8387914083470419,25,20,20
46,1954,0.06344079534375113,2.2305222760808875e-07,0.09776745881799663,0.8387915227860251,25,20,20
46,1955,0.06405274845174604,5.18934398202525e-08,0.09715447081197862,0.8387927288428356,25,20,20
46,1956,0.06405274845174523,5.189343552932577e-08,0.0971479453200507,0.8387992543347687,25,20,20
46,1957,0.06405274845174523,5.189343552932577e-08,0.0971479453097755,0.8387992543450439,25,20,20
46,1958,0.06405274845174522,5.1893435455358384e-08,0.09714574675373341,0.8388014529010861,25,20,20
46,1959,0.0640527484517428,5.189367950976767e-08,0.09723842464321493,0.8387087750113629,25,20,20
46,1960,0.06405274845174286,5.189367950979033e-08,0.09723847869871254,0.8387087209558653,25,20,20
46,1961,0.06405274845192496,5.189368380092163e-08,0.09724315550162793,0.8387040441527636,25,20,20
46,1962,0.06405274845192499,5.189368797725717e-08,0.09761617634302137,0.8383310233113663,25,20,20
46,1963,0.06405274845192505,5.189368790590505e-08,0.09761612282465099,0.8383310768297367,25,20,20
46,1964,0.06405274845197058,5.1893696486869294e-08,0.09762082730987241,0.8383263723444613,25,20,20
46,1965,0.06405274845197058,5.1893696486869294e-08,0.09762071487244921,0.8383264847818843,25,20,20
46,1966,0.06405274844159106,5.189360134432458e-08,0.09788112863586171,0.8380660710289467,25,20,20
46,1967,0.06405274844163666,5.189360571054629e-08,0.09788772721931899,0.8380594724454394,25,20,20
46,1968,0.06405274844163665,5.1893605709248544e-08,0.09788783968521159,0.838059359979547,25,20,20
46,1969,0.06405274844163984,5.1893605823827465e-08,0.09752134231361581,0.8384258573511392,25,20,20
46,1970,0.04283501762702872,9.277573118089499e-08,0.11873186519034684,0.8384330244068938,25,20,20
46,1971,0.042835017627024775,9.276192510656478e-08,0.11833974188720223,0.8388251477238482,25,20,20
46,1972,0.04283501762702472,9.276192510394558e-08,0.11834441417334393,0.8388204754377067,25,20,20
46,1973,0.042835017627024706,9.27619251039224e-08,0.1183420199152839,0.8388228696957667,25,20,20
46,1974,0.04283501762702484,9.276192938567612e-08,0.11842961322094477,0.8387352763901015,25,20,20
46,1975,0.042835017627070364,9.276192953619093e-08,0.11842977326824924,0.8387351163427513,25,20,20
46,1976,0.042835017627069566,9.276192517110259e-08,0.11842502156934095,0.8387398680416648,25,20,20
46,1977,0.04283501762720531,9.276192087853189e-08,0.11859785444364267,0.8385670351672316,25,20,20
46,1978,0.04283501762720531,9.276192087983006e-08,0.11859785512038394,0.8385670344904903,25,20,20
46,1979,0.0428350176272052,9.276192088839315e-08,0.11850575723774215,0.8386591323731323,25,20,20
46,1980,0.04283501762720918,9.277583146248663e-08,0.11860071035538271,0.8385641792415772,25,20,20
46,1981,0.0428350176272052,9.276192088839315e-08,0.11850587026085131,0.8386590193500233,25,20,20
46,1982,0.0428350176272052,9.276192088920716e-08,0.11851037715382652,0.838654512457048,25,20,20
46,1983,0.042835017627250574,9.276216472010022e-08,0.11863982357074525,0.8385250660398401,25,20,20
46,1984,0.08252321846599103,9.228279468329048e-08,0.07895924318256854,0.8385174460686455,25,20,20
46,1985,0.08252321846598784,9.228279031708473e-08,0.07895263724460631,0.8385240520066156,25,20,20
46,1986,0.08252321846598785,9.228279031708459e-08,0.07895491271993924,0.8385217765312827,25,20,20
46,1987,0.08252321846594231,9.228279024181263e-08,0.07895637285173715,0.8385203163995303,25,20,20
46,1988,0.08252321902067113,9.302781302517596e-08,0.08146101940064034,0.8360156685508758,25,20,20
46,1989,0.082523219020489,9.302780873272415e-08,0.08145631415647682,0.8360203737952259,25,20,20
46,1990,0.082523219020489,9.302780880668306e-08,0.08146291692356648,0.8360137710281361,25,20,20
46,1991,0.082523219020489,9.302780880668306e-08,0.08146291750925248,0.8360137704424502,25,20,20
46,1992,0.08252321902048906,9.302781309806446e-08,0.08146520895716373,0.8360114789945347,25,20,20
46,1993,0.08252321902048823,9.301396280305968e-08,0.08119938096855861,0.8362773069969908,25,20,20
46,1994,0.0825232190230769,9.301420678650207e-08,0.08119938332409898,0.8362773046386177,25,20,20
46,1995,0.0825232190230761,9.301396220296076e-08,0.08119279472822624,0.8362838932347355,25,20,20
46,1996,0.08260695630139482,9.301228707799562e-08,0.08111046171336758,0.8362824889729511,25,20,20
46,1997,0.08260695630139808,9.301229144481648e-08,0.0811120700835499,0.8362808806027612,25,20,20
46,1998,0.08260695630139489,9.301229136963277e-08,0.08111065837247779,0.8362822923138364,25,20,20
46,1999,0.08260695630139489,9.301229137093051e-08,0.08111054592497688,0.8362824047613373,25,20,20
46,2000,0.08260695631019715,9.303593252784698e-08,0.08719754558405614,0.8301954050698146,25,20,20
46,2001,0.08260695631019717,9.303593245387828e-08,0.08719604060003835,0.8301969100538326,25,20,20
46,2002,0.08260695575546836,9.22909097457847e-08,0.08469147429467905,0.8327014776589433,25,20,20
46,2003,0.08260695575546836,9.229090981975337e-08,0.08469298145796181,0.8326999704956606,25,20,20
46,2004,0.08044336264710912,5.570014911710625e-08,0.08679852588461558,0.8327580557681266,25,20,20
46,2005,0.08044336264710912,5.570014911710625e-08,0.08679840943790296,0.8327581722148392,25,20,20
46,2006,0.08044336264693101,5.5700153333771905e-08,0.08661909416408309,0.8329374874888329,25,20,20
46,2007,0.0804433626469342,5.570039794517797e-08,0.0866214545397997,0.8329351271128685,25,20,20
46,2008,0.08044336265721398,5.571420401874116e-08,0.08701435065089635,0.8325422309776859,25,20,20
46,2009,0.08044336265721398,5.5714204017421056e-08,0.08701443112025453,0.8325421505083277,25,20,20
46,2010,0.08044336265721803,5.5714448152635875e-08,0.08710661140981218,0.832449970218522,25,20,20
46,2011,0.0804515457086315,5.570833421241235e-08,0.087098426675241,0.8324499719077937,25,20,20
46,2012,0.079854003655543,3.887090480181706e-07,0.0876968133826433,0.8324487942527667,25,20,20
46,2013,0.07985400306771238,3.8870880495179985e-07,0.08742970697134349,0.83271590125214,25,20,20
46,2014,0.07985400306770835,3.8870856089186403e-07,0.08734401499961704,0.8328015932241146,25,20,20
46,2015,0.0798540030589092,3.8868491981021286e-07,0.08125700969111752,0.8388885985650545,25,20,20
46,2016,0.0798540030589092,3.8868491981151057e-07,0.08125712416068188,0.8388884840954901,25,20,20
46,2017,0.07985400305890607,3.886849155951651e-07,0.0812570427781638,0.8388885654780155,25,20,20
46,2018,0.07985400305890607,3.8868491559386703e-07,0.0812570004864515,0.8388886077697277,25,20,20
46,2019,0.07985400305886067,3.8868467176167586e-07,0.08112744018092015,0.8390181680755482,25,20,20
46,2020,0.07592171461949797,3.912217572583047e-07,0.08505908037633567,0.8390188137824103,25,20,20
46,2021,0.07592171460921819,3.912079511107504e-07,0.08466464388481454,0.8394132502980172,25,20,20
46,2022,0.07592171460921891,3.9120795111204774e-07,0.0846646439198801,0.8394132502629509,25,20,20
46,2023,0.07592171460921891,3.9120795111207056e-07,0.0846645314668023,0.8394133627160286,25,20,20
46,2024,0.07592171460917418,3.912079511120705e-07,0.0846645298284565,0.8394133643544189,25,20,20
46,2025,0.07592171460917413,3.912079468222606e-07,0.0846598267758122,0.8394180674070675,25,20,20
46,2026,0.05130802759474909,8.002930287209084e-07,0.10282907910225726,0.8458620930099654,25,20,20
46,2027,0.05130802759456934,7.55582850419229e-07,0.10230611120583916,0.8463851056167414,25,20,20
46,2028,0.020738739553675514,7.531072614631297e-07,0.13286507695489574,0.8463954303841674,25,20,20
46,2029,0.020738739553721,7.531075055197033e-07,0.132958078898002,0.8463024284407716,25,20,20
46,2030,0.02073873955388193,7.531075055860489e-07,0.13761714364913363,0.841643363689479,25,20,20
46,2031,0.020738739553881943,7.5310750566133e-07,0.13761062263962112,0.8416498846989914,25,20,20
46,2032,0.020738739553878744,7.531072610512218e-07,0.1376082636513307,0.8416522436875298,25,20,20
46,2033,0.020738739553877946,7.531072567582872e-07,0.13760806637146888,0.8416524409673966,25,20,20
46,2034,0.020738739553877963,7.531072569065242e-07,0.13787439833520454,0.8413861090036607,25,20,20
46,2035,0.020738739553877963,7.531072569078442e-07,0.13787910015682683,0.8413814071820385,25,20,20
46,2036,0.020738739553874792,7.531072525411983e-07,0.13787696388926654,0.8413835434496063,25,20,20
46,2037,0.020738739553874806,7.531072567573203e-07,0.13787920350500063,0.8413813038338681,25,20,20
46,2038,0.020738739553874005,7.53107252464363e-07,0.13787900483780002,0.8413815025010737,25,20,20
46,2039,0.020738739553877145,7.531075012639486e-07,0.1378855557909276,0.8413749515476944,25,20,20
46,2040,0.02072432853482016,0.0010865519988482342,0.13681419632049968,0.841374923145833,25,20,20
46,2041,0.020724328545201093,0.0010865519988526007,0.13681899834293929,0.8413701211130082,25,20,20
46,2042,0.02072432853482016,0.0010865519988482342,0.13681419912968187,0.8413749203366508,25,20,20
46,2043,0.02072432853486526,0.0010865519990905016,0.13718569823806465,0.8410034212279804,25,20,20
46,2044,0.020724328534910786,0.0010865519990905755,0.1371923039411874,0.8409968155248119,25,20,20
46,2045,0.02072432853491086,0.001086551999335084,0.1371924042187537,0.8409967152470008,25,20,20
46,2046,0.020579824795470828,0.01665881223664056,0.12052748400866145,0.8422338789592274,25,20,20
46,2047,0.020579824795425347,0.016658812236396578,0.12043451546094586,0.8423268475072325,25,20,20
46,2048,0.020579824795425403,0.016658812236396654,0.12043455426093017,0.8423268087072483,25,20,20
46,2049,0.015085507550543784,0.01665885540097459,0.12593979875955977,0.8423158382889229,25,20,20
46,2050,0.015085507550498686,0.016658855400732246,0.1255669065877323,0.8426887304610376,25,20,20
46,2051,0.015085507550498745,0.016658855400732323,0.12556679258831707,0.8426888444604528,25,20,20
46,2052,0.015085507550337815,0.016658855400732257,0.12090772787187241,0.8473479091770585,25,20,20
46,2053,0.015085507550337815,0.01665885540073655,0.12090792369405755,0.8473477133548691,25,20,20
46,2054,0.015085507550337803,0.01665885540074076,0.12090800436634053,0.847347632682582,25,20,20
46,2055,0.015085507550340995,0.01665885540074076,0.12090951206608286,0.8473461249828363,25,20,20
46,2056,0.015085507560719977,0.01665885541468014,0.12092171917030185,0.847333917854299,25,20,20
46,2057,0.015085507560719963,0.01665885541467585,0.12091701703013959,0.8473386199944656,25,20,20
46,2058,0.015085507560719951,0.016658855414671558,0.1209148518897221,0.8473407851348874,25,20,20
46,2059,0.015085507560719951,0.016658855414671558,0.12091481853019324,0.8473408184944162,25,20,20
46,2060,0.015085507560723143,0.01665885541491615,0.120919572951366,0.8473360640729954,25,20,20
46,2061,0.015085507560723877,0.016658855414671644,0.12091295166609706,0.8473426853585082,25,20,20
46,2062,0.015085507550344952,0.016658855400732267,0.12116697824479124,0.8470886588041323,25,20,20
46,2063,0.015085507550348131,0.016658855400740694,0.12090725219422936,0.8473483848546826,25,20,20
46,2064,0.015085507550348131,0.016658855400740545,0.12090739901079114,0.8473482380381209,25,20,20
46,2065,0.015085507550489853,0.01665885541158487,0.1290778758137989,0.8391777612241271,25,20,20
46,2066,0.01508550755053497,0.01665885541158912,0.1294509898396788,0.8388046471981978,25,20,20
46,2067,0.05493041852665576,0.016658812279137892,0.08960612204404075,0.8388046471501663,25,20,20
46,2068,0.05493041852665576,0.016658812279137968,0.08960612402236563,0.8388046451718413,25,20,20
46,2069,0.05493041852665656,0.01665881227938256,0.089606257712705,0.8388045114812565,25,20,20
46,2070,0.054930418526656505,0.01665881227938256,0.08933991098207357,0.839070858211888,25,20,20
46,2071,0.05493041852665572,0.016658812279386773,0.08934643371870302,0.839064335475255,25,20,20
46,2072,0.055080124570886485,0.016658812187329754,0.08919672777446258,0.8390643354673217,25,20,20
46,2073,0.05508012456829696,0.016658812186841634,0.0891039649613785,0.839157098283483,25,20,20
46,2074,0.055080124568296966,0.01665881218684164,0.08910396696978777,0.8391570962750737,25,20,20
46,2075,0.055080124568296966,0.01665881218684164,0.08910866736956398,0.8391523958752974,25,20,20
46,2076,0.055080124568296966,0.016658812186837346,0.08910855116635145,0.8391525120785143,25,20,20
46,2077,0.05508012456825192,0.016658812186833096,0.08873705813279825,0.8395240051121168,25,20,20
46,2078,0.055080124568251954,0.016658812186833176,0.08873694344833087,0.839524119796584,25,20,20
46,2079,0.04077506213584736,0.016658426027656492,0.10948018915354343,0.8330863226829527,25,20,20
46,2080,0.040775062135847355,0.016658426027660756,0.10974651840956035,0.8328199934269316,25,20,20
46,2081,0.040775062135848146,0.016658426027665044,0.10974671371631001,0.8328197981201768,25,20,20
46,2082,0.04077506213580263,0.01665842602766497,0.10974018846351315,0.8328263233730197,25,20,20
46,2083,0.040775062135799435,0.01665842602766497,0.10973870799255099,0.832827803843985,25,20,20
46,2084,0.04077506213579942,0.01665842602766068,0.10973221794579285,0.8328342938907476,25,20,20
46,2085,0.040775062135798616,0.016658426027652096,0.10972751510919233,0.8328389967273572,25,20,20
46,2086,0.040775062146180326,0.01665842602766068,0.1097246455725106,0.8328418662536486,25,20,20
46,2087,0.04077506214618088,0.01665842603774939,0.12078297779489139,0.8217835340211787,25,20,20
46,2088,0.0407750621357992,0.016658426037740807,0.12078137608154414,0.8217851357449162,25,20,20
46,2089,0.04077506213579921,0.016658426037745103,0.1207834250958453,0.8217830867306106,25,20,20
46,2090,0.04077506213565755,0.0166584260266519,0.11261304373094073,0.8299534681067503,25,20,20
46,2091,0.040776421957192624,0.01665842602508612,0.11261168391843882,0.8299534680992828,25,20,20
46,2092,0.040776421957189425,0.016658426024841532,0.11260685039502961,0.8299583016229397,25,20,20
46,2093,0.039998803569172285,0.016658433177118386,0.11338279318600242,0.8299599700677069,25,20,20
46,2094,0.039998803569354396,0.016658433177122605,0.11338502318959927,0.8299577400639236,25,20,20
46,2095,0.03999880356935446,0.016658433177122633,0.11311888717217994,0.830223876081343,25,20,20
46,2096,0.03999880356935446,0.016658433177122633,0.11311880598203805,0.8302239572714848,25,20,20
46,2097,0.03999880356935366,0.01665843317711834,0.11311861071193077,0.8302241525415974,25,20,20
46,2098,0.03999899947599559,0.01595237460700565,0.11382446359028985,0.8302241623267094,25,20,20
46,2099,0.03999899947599633,0.015952374607009868,0.11382461948687007,0.8302240064301242,25,20,20
46,2100,0.03999899947599633,0.015952374607009864,0.11382461747914047,0.8302240084378538,25,20,20
46,2101,0.03999899947599714,0.015952374607254464,0.1138293365291449,0.8302192893876038,25,20,20
46,2102,0.03999899947599394,0.015952374607245884,0.11382743132435298,0.8302211945924074,25,20,20
46,2103,0.039998999475994126,0.01595237459715717,0.10276910111430725,0.8412795248125414,25,20,20
46,2104,0.03999899947599414,0.015952374597161458,0.10277570563488353,0.8412729202919609,25,20,20
46,2105,0.03999899947599418,0.015952374597406043,0.10278218010518224,0.8412664458214175,25,20,20
46,2106,0.039998999623459756,0.01595237459741032,0.10291207840835986,0.8411365473707701,25,20,20
46,2107,0.03999899963388558,0.015952374597170093,0.10291146044439127,0.8411371653245532,25,20,20
46,2108,0.03999899963388553,0.01595237459692551,0.10290945888657191,0.8411391668826171,25,20,20
46,2109,0.039998999633703396,0.01595237459692122,0.10290720026155611,0.8411414255078193,25,20,20
46,2110,0.03999899963370338,0.015952374596921216,0.10290492211202752,0.841143703657348,25,20,20
46,2111,0.03999899962327676,0.015952374596916848,0.10290070514972051,0.8411479206300859,25,20,20
46,2112,0.03999899962327596,0.01595237459691677,0.1029006697169158,0.8411479560628915,25,20,20
46,2113,0.03999802808959567,0.021582198655258292,0.09857434739694712,0.839845425858199,25,20,20
46,2114,0.03999802808959807,0.021582198655254,0.09857425976470412,0.8398455134904438,25,20,20
46,2115,0.03999802808977872,0.021582198655253924,0.09888991133560042,0.8395298619193668,25,20,20
46,2116,0.03999802808977546,0.021582198655254,0.09888978663000522,0.8395299866249653,25,20,20
46,2117,0.03999802808977555,0.02158219865525408,0.09889631175733606,0.8395234614976341,25,20,20
46,2118,0.03999802810015643,0.021582198655254157,0.09890091514797848,0.8395188580966108,25,20,20
46,2119,0.03999802810015636,0.021582198655497077,0.09916066148668647,0.83925911175766,25,20,20
46,2120,0.03999802810015562,0.02158219865525248,0.09915582877962566,0.839263944464966,25,20,20
46,2121,0.03999802810015562,0.021582198655248193,0.09914926225741048,0.8392705109871855,25,20,20
46,2122,0.03999802809140631,0.014555523541769408,0.10617593098012329,0.8392705173867004,25,20,20
46,2123,0.03999802809140312,0.014555523541769406,0.10617582133250447,0.8392706270343224,25,20,20
46,2124,0.03999966937826809,0.014738036332611875,0.10599166255618149,0.8392706317329379,25,20,20
46,2125,0.039999669378087396,0.014738036332611872,0.10567601156997476,0.8395862827193252,25,20,20
46,2126,0.039999669378087396,0.014738036332611799,0.10567604295117868,0.8395862513381214,25,20,20
46,2127,0.039999669378087396,0.014738036332611875,0.10567604353821725,0.8395862507510827,25,20,20
46,2128,0.03999966937808741,0.014738036332611875,0.10567604357763759,0.8395862507116624,25,20,20
46,2129,0.06352387880750801,0.01473801822000578,0.08215975089693982,0.8395783520755464,25,20,20
46,2130,0.06352387880751115,0.01473801822000578,0.08215983127885881,0.8395782716936243,25,20,20
46,2131,0.06352387880751192,0.0147380182202503,0.08215806197161168,0.8395800410006261,25,20,20
46,2132,0.06352387880751191,0.014738018220007301,0.08189179193156658,0.839846311040914,25,20,20
46,2133,0.06352387881008323,0.014738018220011551,0.08226488342379504,0.83947321954611,25,20,20
46,2134,0.0635238788100833,0.014738018220011551,0.08226488589606175,0.8394732170738434,25,20,20
46,2135,0.0635238788100833,0.014738018220011626,0.0822649245789521,0.8394731783909529,25,20,20
46,2136,0.06352387881008249,0.014738018219767106,0.08226012905189897,0.8394779739182515,25,20,20
46,2137,0.06352387881008245,0.014738018219767106,0.08226673359189979,0.8394713693782506,25,20,20
46,2138,0.06352387881008245,0.014738018219767106,0.08226684945292638,0.8394712535172241,25,20,20
46,2139,0.06352387879970152,0.014738018219762738,0.0822620488178228,0.8394760541627129,25,20,20
46,2140,0.06352387879970157,0.014738018219762741,0.08226200631415781,0.8394760966663779,25,20,20
46,2141,0.06352387879970157,0.014738018219762667,0.08226204744024136,0.8394760555402944,25,20,20
46,2142,0.0635238787996984,0.014738018219766957,0.08226857076213684,0.8394695322183976,25,20,20
46,2143,0.06352387879969919,0.014738018219771323,0.08227019988246623,0.8394679030980632,25,20,20
46,2144,0.06352387879969928,0.014738018219775115,0.08692906705934497,0.8348090359211804,25,20,20
46,2145,0.07443506647135209,0.014738017007510753,0.0759635543084124,0.8348633622127245,25,20,20
46,2146,0.07443506647135215,0.014738017007510828,0.0759636755271374,0.8348632409939993,25,20,20
46,2147,0.07443500603625063,0.014738017007510389,0.07596373596223477,0.8348632409940041,25,20,20
46,2148,0.07443500603625068,0.014738017007510389,0.07596381645443015,0.8348631605018086,25,20,20
46,2149,0.07443500603625389,0.014738017007510464,0.07596381849365477,0.8348631584625807,25,20,20
46,2150,0.07443500603625379,0.014738017007506671,0.07130495132687421,0.8395220256293651,25,20,20
46,2151,0.07443500603884884,0.01473801700751518,0.07131159940847936,0.8395153775451564,25,20,20
46,2152,0.04430871696623658,0.014738031700677577,0.101492197931699,0.8394610534013868,25,20,20
46,2153,0.04430871696623738,0.01473803170068187,0.10149439029585569,0.8394588610372249,25,20,20
46,2154,0.044306911405230694,0.014184511786592725,0.10204973024641449,0.8394588465617623,25,20,20
46,2155,0.044306911405230694,0.0141845117865928,0.10204819035966801,0.8394603864485086,25,20,20
46,2156,0.044306911405230756,0.0141845117865928,0.10204819038450959,0.8394603864236668,25,20,20
46,2157,0.04430691140523071,0.014184511786588506,0.10205038739810847,0.8394581894100724,25,20,20
46,2158,0.044306911405230694,0.01418451178658851,0.1020503853856632,0.8394581914225178,25,20,20
46,2159,0.00782304301195218,0.01418453816384291,0.13853410377446945,0.8394583150497357,25,20,20
46,2160,0.007823043011968171,0.014184538163838809,0.13829992346984782,0.8396924953543454,25,20,20
46,2161,0.007823043011968142,0.014184538163834517,0.13829764445954168,0.839694774364656,25,20,20
46,2162,0.007823042864502567,0.014184538163830236,0.13817435258226732,0.8398180663894,25,20,20
46,2163,0.007823042864502567,0.014184538163830236,0.13817438596618722,0.8398180330054801,25,20,20
46,2164,0.007823042871284179,0.014184538172901162,0.15216050889341895,0.8258319100623958,25,20,20
46,2165,0.007823042881032596,0.014184538919173564,0.15460202103371695,0.823390397166077,25,20,20
46,2166,0.007823011171976306,0.014195725018851415,0.15459086665135752,0.8233903971578149,25,20,20
46,2167,0.00782301116759118,0.039988691272776995,0.12879790680418396,0.8233903907554483,25,20,20
46,2168,0.007823011165003857,0.03998869127277685,0.12865895870299915,0.8235293388592205,25,20,20
46,2169,0.007823268980515974,0.039968438499381545,0.12867895365181806,0.8235293388682848,25,20,20
46,2170,0.0035662399705111043,0.043939449709768846,0.128964971822968,0.8235293384967521,25,20,20
46,2171,0.0035662399731004536,0.0439394497236836,0.12905363824243066,0.8234406720607853,25,20,20
46,2172,0.003566239973100412,0.04393944972368352,0.1290558354067845,0.8234384748964315,25,20,20
46,2173,0.0035662399732825194,0.043939449723687816,0.12905825992479106,0.8234360503782386,25,20,20
46,2174,0.0035662403145836426,0.04393944975585403,0.16743928036140596,0.7850550295681548,25,20,20
46,2175,0.003566240314583655,0.04393944975584974,0.1674370885088738,0.7850572214206913,25,20,20
46,2176,0.003566240314741319,0.04393944975585346,0.17209588728387432,0.7803984226455296,25,20,20
46,2177,0.0035662403147413307,0.04393944975585346,0.17209118780566524,0.7804031221237387,25,20,20
46,2178,0.0035832793330794655,0.03996841310151227,0.1760451848452223,0.7804031227201849,25,20,20
46,2179,0.03518601147241018,0.04071466779264867,0.14369618118136684,0.7804031395535744,25,20,20
46,2180,0.03518601147241416,0.040714667806544404,0.14382876765367547,0.780270553067366,25,20,20
46,2181,0.03518614585064938,0.04071466779844807,0.1670466476624579,0.7570525386884438,25,20,20
46,2182,0.035460205620175975,0.04071466790559833,0.16183781286697477,0.7619873136072502,25,20,20
46,2183,0.0391112789333262,0.04071466219573065,0.1581867452727391,0.7619873135982043,25,20,20
46,2184,0.0391112789307311,0.040714662195722146,0.15818005906155375,0.7619939998119932,25,20,20
46,2185,0.03911127893077964,0.04071466219596592,0.15833053352508092,0.7618435253481737,25,20,20
46,2186,0.039111278930778856,0.04071466219596585,0.1583334941076455,0.7618405647656098,25,20,20
46,2187,0.039111278930778856,0.04071466219596594,0.15833352739019693,0.7618405314830582,25,20,20
46,2188,0.039111278930778044,0.04071466219596594,0.15833341101754597,0.7618406478557099,25,20,20
46,2189,0.039111278930778044,0.04071466219596594,0.15833352544232523,0.7618405334309309,25,20,20
46,2190,0.0391112789307781,0.04071466219596601,0.15833360183390527,0.7618404570393509,25,20,20
46,2191,0.039111278930774124,0.040714662182070274,0.15819642800332065,0.7619776308838351,25,20,20
46,2192,0.0391112789307741,0.040714662182065986,0.1581917251421843,0.7619823337449758,25,20,20
46,2193,0.03911127893077724,0.0407146621820702,0.15819821530458467,0.7619758435825681,25,20,20
46,2194,0.0391112789410901,0.04071466218207446,0.15846285533571344,0.7617112035411219,25,20,20
46,2195,0.03911127894090799,0.040714662182070246,0.15883125441530443,0.7613428044617173,25,20,20
46,2196,0.039111278940750255,0.04071466218206653,0.1541740232287068,0.7660000356484764,25,20,20
46,2197,0.03911127894075105,0.04071466218207083,0.15416753793717886,0.7660065209399991,25,20,20
46,2198,0.04006187952491194,0.04071466219852488,0.15601242106152838,0.7632110372150346,25,20,20
46,2199,0.04006187952486347,0.040714662198285394,0.15586669625835214,0.7633567620184988,25,20,20
46,2200,0.04006187952486347,0.040714662198285394,0.1558667787374659,0.7633566795393847,25,20,20
46,2201,0.04006187952486666,0.04071466219828968,0.15586686157217577,0.7633565967046674,25,20,20
46,2202,0.040061879524866645,0.0407146621982854,0.15586033612964179,0.7633631221472054,25,20,20
46,2203,0.040945380288846984,0.04071490556444296,0.15782332615322253,0.760516387993487,25,20,20
46,2204,0.04094538028884385,0.040714905564442995,0.15819623277985378,0.7601434813668588,25,20,20
46,2205,0.040945380288844584,0.0407149055646901,0.15846245070417442,0.7598772634422903,25,20,20
46,2206,0.040945380288841385,0.04071490556468573,0.1584559259243007,0.7598837882221717,25,20,20
46,2207,0.04094538030048108,0.03837114672456505,0.16079968475278705,0.7598837882221661,25,20,20
46,2208,0.040945380300481136,0.038371146724565125,0.16079979936343303,0.7598836736115198,25,20,20
46,2209,0.04094538030048112,0.0383711467245693,0.16117282016487258,0.759510652810076,25,20,20
46,2210,0.04094538029016911,0.03837114672456519,0.16091239147111358,0.7597710815141511,25,20,20
46,2211,0.04094538029016912,0.038371146724560934,0.16053940405228434,0.7601440689329846,25,20,20
46,2212,0.04926734583398921,0.037624892026063284,0.15296371243066248,0.7601440497092844,25,20,20
46,2213,0.049267345833989264,0.03762489202606314,0.1530463629162124,0.7600613992237345,25,20,20
46,2214,0.049267345833989326,0.03762489202606321,0.15304631163216562,0.7600614505077812,25,20,20
46,2215,0.048109785040096005,0.03762464852058978,0.15781506891226374,0.75645049752705,25,20,20
46,2216,0.04810978504009679,0.0376246485208343,0.1574468005683368,0.7568187658707315,25,20,20
46,2217,0.04810978496096285,0.03762465465128291,0.15754107952012214,0.7567244808676316,25,20,20
46,2218,0.04810978496096285,0.03762465465128291,0.15754096559446448,0.756724594793289,25,20,20
46,2219,0.04810978496096285,0.03762465465128718,0.1578072957984494,0.7564582645892999,25,20,20
46,2220,0.08206116780474865,0.037624654520407724,0.1235542794948701,0.7567598981799729,25,20,20
46,2221,0.08206116779312554,0.000779426478526964,0.16039950754228954,0.7567598981860568,25,20,20
46,2222,0.08206116779312478,0.0007794264782797066,0.16013545349977132,0.7570239522288231,25,20,20
46,2223,0.08206116779404829,0.0007794264783014698,0.1965637023822527,0.7205957033453967,25,20,20
46,2224,0.08206116782725249,0.021401429684949052,0.17594169897894177,0.7205957035088556,25,20,20
46,2225,0.08206116782725248,0.021401429684949052,0.17593949978683224,0.7205979027009651,25,20,20
46,2226,0.08206116782725224,0.021401429684952674,0.18209983346093714,0.7144375690268571,25,20,20
46,2227,0.0820611678272522,0.0214014296849526,0.18209983404556518,0.7144375684422292,25,20,20
46,2228,0.0820611678272522,0.021401429684952674,0.18209991653258625,0.7144374859552081,25,20,20
46,2229,0.08206116782466283,0.021401429671038006,0.1820047589630592,0.714532643541239,25,20,20
46,2230,0.08206116782466205,0.021401429671033825,0.1930625527056865,0.7034748497986167,25,20,20
46,2231,0.08194264382546139,0.021401429669467134,0.19318107669182902,0.7034748498132418,25,20,20
46,2232,0.08194264382546132,0.021401429669462842,0.1931763236113003,0.703479602893775,25,20,20
46,2233,0.08194264382546451,0.02140142966946721,0.1931828497611089,0.7034730767439588,25,20,20
46,2234,0.08194264382546772,0.021401429669467283,0.19318293368082004,0.7034729928242442,25,20,20
46,2235,0.0819426439720303,0.021401429669709624,0.1935569228992877,0.7030990034589716,25,20,20
46,2236,0.08194264397203029,0.021401429669709624,0.1935568075123664,0.7030991188458928,25,20,20
46,2237,0.08194264397203034,0.0214014296697097,0.19355677612149477,0.7030991502367645,25,20,20
46,2238,0.08194264398769997,0.02140168523375528,0.22959766671146972,0.6670580040670744,25,20,20
46,2239,0.07842878407676676,0.02140168781736583,0.2331037772605278,0.6670657508453397,25,20,20
46,2240,0.07872565257831465,0.021408428675005985,0.23675835230294223,0.6631075664437367,25,20,20
46,2241,0.07872565257849605,0.021408428674761466,0.23675696693051496,0.6631089518162271,25,20,20
46,2242,0.07872565257854158,0.02140842867476147,0.23675708262225434,0.6631088361244422,25,20,20
46,2243,0.07872565270162851,0.02140842867496137,0.2372284349805289,0.6626374836428812,25,20,20
46,2244,0.07879472413795517,0.021408428290307546,0.23716723425052672,0.6626296133212104,25,20,20
46,2245,0.0778439948740186,0.021408428281693825,0.23811822410078395,0.6626293527435039,25,20,20
46,2246,0.07784399496662002,0.021408428571167266,0.2568183990676269,0.6439291773945864,25,20,20
46,2247,0.07993456457398264,0.021408428229448932,0.25502946336251564,0.6436275438340527,25,20,20
46,2248,0.07993456457415987,0.021408428229691162,0.255395978960764,0.6432610282353849,25,20,20
46,2249,0.0799345645741599,0.02140842822969545,0.2554006020474436,0.6432564051487009,25,20,20
46,2250,0.0799345645426775,0.03996321261307133,0.23684581786508552,0.6432564049791654,25,20,20
46,2251,0.07993456469013459,0.0399632126133151,0.23660489341648078,0.6434973292800693,25,20,20
46,2252,0.07993456454267744,0.03996321261306708,0.23647279702271795,0.6436294258215373,25,20,20
46,2253,0.04026718899305295,0.039963212803591865,0.2667254483511535,0.6530441498522014,25,20,20
46,2254,0.04026718899305295,0.03996321280358768,0.2664638169221478,0.6533057812812112,25,20,20
46,2255,0.04026718900343247,0.039963212803587826,0.26647390163046375,0.6532956965625157,25,20,20
46,2256,0.04091371787192189,0.039963216395547736,0.27709517923686927,0.642027886495661,25,20,20
46,2257,0.04339282567561598,0.0399632351814901,0.27792096340871547,0.6387229757341786,25,20,20
46,2258,0.04339282567561598,0.0399632351814901,0.27792096340853795,0.638722975734356,25,20,20
46,2259,0.04339282566586752,0.039963234435217695,0.27547941377735286,0.6411645261215623,25,20,20
46,2260,0.04332496940945027,0.03996320638833182,0.27554729572632086,0.6411645284758979,25,20,20
46,2261,0.052719222885359567,0.039956211220917755,0.265071953217814,0.642252612675909,25,20,20
46,2262,0.043028255282162746,0.03995621001773365,0.2732812680853959,0.6437342666147081,25,20,20
46,2263,0.04302825528073995,0.03995620398347678,0.26844474403303326,0.6485707967027494,25,20,20
46,2264,0.04302825527900156,0.03994611030665825,0.26845483771168943,0.6485707967026503,25,20,20
46,2265,0.04302825528177851,0.039946110306902954,0.26846561634217947,0.6485600180691385,25,20,20
46,2266,0.04302825528177852,0.03994611030690296,0.2684657317291008,0.6485599026822172,25,20,20
46,2267,0.04302825528182363,0.039946110307145226,0.26883877209486473,0.6481868623161658,25,20,20
46,2268,0.04302825528182363,0.039946110307149445,0.2688387743989061,0.6481868600121201,25,20,20
46,2269,0.04302827011051196,0.0399461102160318,0.2596126559932943,0.6574129636801617,25,20,20
46,2270,0.04302827011046642,0.0399461102160318,0.2596190292038957,0.657406590469606,25,20,20
46,2271,0.043028270110466414,0.03994611021602751,0.25961435212675965,0.6574112675467464,25,20,20
46,2272,0.045714504453241656,0.03994609588839326,0.25693427877186165,0.657405120886503,25,20,20
46,2273,0.04571450430667902,0.03994609588815085,0.2565602596692582,0.6577791401359114,25,20,20
46,2274,0.04571450430390206,0.03994609588790622,0.25654959442853414,0.657789805379657,25,20,20
46,2275,0.04571450430390206,0.03994609588790622,0.25654310552619347,0.6577962942819978,25,20,20
46,2276,0.045714504303902004,0.03994609588790622,0.25654310550135195,0.6577962943068393,25,20,20
46,2277,0.04022180489681976,0.03994658948660429,0.2620352834652535,0.6577963221513218,25,20,20
46,2278,0.04022180489668309,0.039946589486604296,0.2620385679853091,0.6577930376314031,25,20,20
46,2279,0.040220589504495786,0.039946588966067176,0.26203965020532516,0.657793171324112,25,20,20
46,2280,0.040220589504495786,0.03994658896606289,0.26203494804152117,0.6577978734879202,25,20,20
46,2281,0.04022058950449658,0.039946588966062964,0.2620349500800884,0.657797871449352,25,20,20
46,2282,0.040220589504650864,0.03994658963633146,0.2683015495397898,0.6515312713192276,25,20,20
46,2283,0.040211999671292464,0.039946589445850236,0.2777248612292794,0.6421165496535777,25,20,20
46,2284,0.04021199967124737,0.039946589445607895,0.2773583433700874,0.6424830675130571,25,20,20
46,2285,0.0402119996712921,0.039946589445856634,0.27736309448324525,0.6424783163996058,25,20,20
46,2286,0.04021199967124657,0.03994658944560775,0.2773582607499041,0.6424831501332414,25,20,20
46,2287,0.04022990428215111,0.03994658944993588,0.2773402891115661,0.6424832171563467,25,20,20
46,2288,0.0793675553971838,0.03994610257300675,0.2382018014633414,0.642484540566468,25,20,20
46,2289,0.07936755539703037,0.03994610190273833,0.23193523743264524,0.648751105267586,25,20,20
46,2290,0.07936755539698485,0.039946101902738326,0.23192854275796382,0.6487577999423128,25,20,20
46,2291,0.07936755538660532,0.03994610190273826,0.23191845852366424,0.6487678841869919,25,20,20
46,2292,0.07958383535261251,0.03994610425961858,0.24506337964501526,0.6354066807427536,25,20,20
46,2293,0.07958383535281649,0.03994610425983467,0.2386646067382191,0.6418054536491296,25,20,20
46,2294,0.07958383535281968,0.03994610425983475,0.23866270470317535,0.6418073556841702,25,20,20
46,2295,0.07958383535387198,0.03994610425961907,0.269161936641533,0.6113081237449759,25,20,20
46,2296,0.07958383535474564,0.03956333874368375,0.2695447021565913,0.6113081237449793,25,20,20
46,2297,0.07958383535479117,0.03956333874368368,0.26954466629047336,0.6113081596110517,25,20,20
46,2298,0.07958383535479119,0.03956333874368368,0.26955124624210497,0.6113015796594199,25,20,20
46,2299,0.07958383535474572,0.039563338757534046,0.26981861569025456,0.6110342101974653,25,20,20
46,2300,0.0795836884224418,0.03956337876890029,0.23701596549637086,0.6438369673122868,25,20,20
46,2301,0.07962630007312771,0.03956336379846641,0.23697473348682205,0.643835602641584,25,20,20
46,2302,0.07962630007312774,0.039563363798466485,0.23697624119492883,0.6438340949334771,25,20,20
46,2303,0.07962629261550169,0.039563323736016884,0.232349567579199,0.6484608160692822,25,20,20
46,2304,0.08011850123194922,0.03956332364479325,0.23185735903916982,0.6484608160840876,25,20,20
46,2305,0.08052637856353088,0.0404163113075475,0.23129835984788694,0.6477589502810345,25,20,20
46,2306,0.08052637856353088,0.04041631130754742,0.23129681852902684,0.6477604915998947,25,20,20
46,2307,0.08052637856353083,0.040416311307543126,0.23129673572952103,0.6477605743994047,25,20,20
46,2308,0.08052637856265683,0.04085257984556186,0.230860467192378,0.6477605743994032,25,20,20
46,2309,0.08052637856265918,0.040852579845561794,0.230860432455834,0.6477606091359449,25,20,20
46,2310,0.08052637856247875,0.04085257984531527,0.23049391524688578,0.6481271263453202,25,20,20
46,2311,0.08052637856248195,0.04085257984531527,0.2304961127648069,0.6481249288273959,25,20,20
46,2312,0.08052637856248274,0.040852579845315345,0.23049622736573416,0.6481248142264677,25,20,20
46,2313,0.08052637856266755,0.04085257984531542,0.23059521116139917,0.6480258304306177,25,20,20
46,2314,0.08055967039406844,0.04085258008672797,0.23413201541464132,0.644455734104562,25,20,20
46,2315,0.08052566841266899,0.04085258008239996,0.234166084423113,0.6444556670818181,25,20,20
46,2316,0.0805256684126682,0.04085258008239996,0.23416588438342104,0.6444558671215108,25,20,20
46,2317,0.08052566846059239,0.03958013536611036,0.2354383115602959,0.6444558846130015,25,20,20
46,2318,0.070041287221258,0.03958013556478294,0.24592269229652125,0.6444558849174374,25,20,20
46,2319,0.070041287221258,0.03958013556478294,0.24592269140821194,0.644455885805747,25,20,20
46,2320,0.07004128722107315,0.03958013556478294,0.2458172164624611,0.6445613607516826,25,20,20
46,2321,0.0637245383637869,0.0395801357874871,0.25213396439443214,0.6445613614542937,25,20,20
46,2322,0.06372453895358535,0.0395801357879789,0.2522678737142683,0.6444274515441674,25,20,20
46,2323,0.06372453895358535,0.03958013578797898,0.25227257496165445,0.6444227502967812,25,20,20
46,2324,0.06731041686995295,0.03958013577919583,0.2486867091606343,0.6444227381902167,25,20,20
46,2325,0.06766184233795766,0.039580136120324814,0.24833524015879044,0.644422781382927,25,20,20
46,2326,0.06766184233795766,0.03958013612032497,0.24846475977262913,0.6442932617690882,25,20,20
46,2327,0.06766184233795997,0.03958013612050189,0.2595160789866566,0.6332419425548818,25,20,20
46,2328,0.06766184233795997,0.03958013612050189,0.2595160789765536,0.6332419425649849,25,20,20
46,2329,0.07125385855485923,0.03958013611197327,0.2559240651630836,0.6332419401700835,25,20,20
46,2330,0.07125385855485916,0.0395801360981229,0.25566131755467825,0.6335046877923393,25,20,20
46,2331,0.0712538579651031,0.03958013609763531,0.25553396885714824,0.633632037080113,25,20,20
46,2332,0.08755180893953994,0.03958013568271884,0.23923601928919777,0.6336320360885429,25,20,20
46,2333,0.08755180893972207,0.03958013568296344,0.23924074037003165,0.6336273150072822,25,20,20
46,2334,0.0875518100955555,0.03958013568296294,0.24408233356375772,0.6287857206577226,25,20,20
46,2335,0.0875520150485043,0.039580135685927734,0.23979456799968207,0.633073281265885,25,20,20
46,2336,0.08755201504850117,0.03958013568592766,0.2397899740019854,0.633077875263585,25,20,20
46,2337,0.0875520150536888,0.03958013568575503,0.2287413393878455,0.6441265098727103,25,20,20
46,2338,0.08755201505387093,0.03958013568575925,0.22874296707285616,0.6441248821875132,25,20,20
46,2339,0.08755180952300481,0.03958013568303392,0.19455817272457984,0.6783098820693816,25,20,20
46,2340,0.08755180951781565,0.03958013568303384,0.19454907981450908,0.6783189749846414,25,20,20
46,2341,0.08755180966570986,0.039580135683042424,0.19456308737126066,0.678304967279987,25,20,20
46,2342,0.0875518096658908,0.03958013569689271,0.19482583498473233,0.6780422196524841,25,20,20
46,2343,0.0875518096658908,0.03958013569689271,0.194825878078845,0.6780421765583715,25,20,20
46,2344,0.0875518096658908,0.03958013569689271,0.19482595865526953,0.6780420959819468,25,20,20
46,2345,0.08755180967627255,0.039580135696892865,0.1948229699859178,0.6780450846409167,25,20,20
46,2346,0.08396252073382136,0.040362116817340435,0.1976291299498521,0.6780462324989859,25,20,20
46,2347,0.08396252073382132,0.040362116817344654,0.1976313784554263,0.6780439839934073,25,20,20
46,2348,0.08458983544974302,0.039580656578910994,0.19778667183042578,0.6780428361409198,25,20,20
46,2349,0.08458983544974309,0.039580656578906706,0.19778447479381073,0.678045033177539,25,20,20
46,2350,0.08458983544974309,0.0395806565789067,0.19778439629146358,0.6780451116798862,25,20,20
46,2351,0.08550409976252375,0.03958065634608352,0.19687012876469956,0.6780451151266926,25,20,20
46,2352,0.08457387843252916,0.03958065633762962,0.19780035226486312,0.6780451129649776,25,20,20
46,2353,0.12098208883809423,0.039580656337708506,0.16139226545029625,0.6780449893739007,25,20,20
46,2354,0.1209820888277125,0.03958065633770836,0.16139066742192337,0.6780465874126554,25,20,20
46,2355,0.1209820888277125,0.039580656337708436,0.16139528777554982,0.6780419670590289,25,20,20
46,2356,0.12098208882770937,0.039580656337712655,0.16139072716289804,0.6780465276716795,25,20,20
46,2357,0.12098208882770929,0.03958065633770837,0.16139069871991235,0.6780465561146696,25,20,20
46,2358,0.12098012764588884,0.03958065633762497,0.1613926603350312,0.6780465556814547,25,20,20
46,2359,0.12098012706671646,0.039580656337385486,0.15986536700436227,0.6795738495915351,25,20,20
46,2360,0.12098012706671966,0.039580656337385556,0.15986995539146287,0.6795692612044313,25,20,20
46,2361,0.12098012706672048,0.03958065633738984,0.15996214895028948,0.6794770676455993,25,20,20
46,2362,0.12098012706690177,0.03958065635132634,0.15997019823796568,0.6794690183438056,25,20,20
46,2363,0.12098012706690174,0.03958065635132634,0.1599723668599892,0.6794668497217821,25,20,20
46,2364,0.12098012706690174,0.03958065635156934,0.16023861775432785,0.6792005988272005,25,20,20
46,2365,0.1209865750304283,0.039580656351569314,0.16023216979080593,0.679200598827196,25,20,20
46,2366,0.12098657503038591,0.03958065635156932,0.1602257224105972,0.679207046207447,25,20,20
46,2367,0.12098657503056803,0.039580656351573616,0.16022809234452398,0.6792046762733338,25,20,20
46,2368,0.12098657503061357,0.03958065635157369,0.16023041163820773,0.6792023569796045,25,20,20
46,2369,0.12061125927525693,0.03958065635795355,0.1606056315592721,0.679202452807517,25,20,20
46,2370,0.12060273035436925,0.03958065636228179,0.16061409349406283,0.6792025197892858,25,20,20
46,2371,0.12157393860233119,0.03958065635780164,0.1596429546688868,0.6792024503709801,25,20,20
46,2372,0.12157393860233118,0.03958065635780149,0.15952003735629935,0.6793253676835677,25,20,20
46,2373,0.12157393861270839,0.03958065635804608,0.15952654641479505,0.6793188586144501,25,20,20
46,2374,0.12157393861289048,0.039580656358050435,0.15952666261441895,0.6793187424146397,25,20,20
46,2375,0.1215739386128897,0.03958065635805044,0.1594345518423983,0.6794108531866614,25,20,20
46,2376,0.12157393861288651,0.039580656358294206,0.15955937204139745,0.6792860329874217,25,20,20
46,2377,0.12418996903931015,0.03958065602387145,0.1569433857052723,0.6792859892315458,25,20,20
46,2378,0.12418996902911186,0.03958065602362265,0.1569368015726744,0.6792925733745909,25,20,20
46,2379,0.12418996902892973,0.03958065602361836,0.15693506003539176,0.6792943149120599,25,20,20
46,2380,0.12362549815764629,0.039580676527008515,0.1574994143337683,0.679294410981577,25,20,20
46,2381,0.1238345446406139,0.03958067628787875,0.157290462464721,0.6792943166067864,25,20,20
46,2382,0.12383454449271972,0.03958067628787017,0.15727656829273098,0.6793082109266794,25,20,20
46,2383,0.12288921381619942,0.03958069113122026,0.15822181575516953,0.679308279297411,25,20,20
46,2384,0.10689442999813348,0.03958069112862419,0.17421669441774534,0.679308184455497,25,20,20
46,2385,0.10689442999813353,0.03958069112862848,0.1742102325568093,0.6793146463164287,25,20,20
46,2386,0.1068944299979526,0.03958069111477811,0.1739428975695751,0.6795819813176942,25,20,20
46,2387,0.1068597682337461,0.03958067627142263,0.1739776425478684,0.6795819129469628,25,20,20
46,2388,0.10782261453762798,0.03958067627143322,0.17301479624395077,0.6795819129469881,25,20,20
46,2389,0.1462054041734638,0.039580676536432484,0.1346320059168221,0.6795819133732818,25,20,20
46,2390,0.1462054041734646,0.039580676536197984,0.13445797438532087,0.6797559449050167,25,20,20
46,2391,0.1462054041736455,0.03958067655004834,0.13472542182448724,0.6794884974518189,25,20,20
46,2392,0.15097055608622895,0.039580687336972356,0.12995928242456758,0.6794894741522312,25,20,20
46,2393,0.15097055608622575,0.039580687336972356,0.12995928080312397,0.6794894757736779,25,20,20
46,2394,0.15094894566537131,0.039580692167116946,0.12997821376087493,0.6794921484066369,25,20,20
46,2395,0.15094894566537131,0.039580692167116946,0.12997593758445866,0.6794944245830531,25,20,20
46,2396,0.15094894561744854,0.015029861033569434,0.15452678614509002,0.6794944072038919,25,20,20
46,2397,0.15094903474594884,0.001234116654504781,0.16832244133599164,0.6794944072635546,25,20,20
46,2398,0.1509490347459489,0.0012341166547477768,0.16858867939787078,0.6792281692014324,25,20,20
46,2399,0.15094903474599441,0.001234116654747926,0.16858879695818754,0.6792280516410699,25,20,20
46,2400,0.15149826350981135,0.0012341115612101896,0.16804224633973758,0.6792253785892407,25,20,20
46,2401,0.15149826350981016,0.0012341115614488926,0.16830622659653321,0.6789613983322076,25,20,20
46,2402,0.12716241729836414,0.0012354699604610066,0.19264168815767393,0.6789604245835007,25,20,20
46,2403,0.12419374067939742,0.0012354699537574442,0.19561036653018704,0.6789604228366584,25,20,20
46,2404,0.12025922661167891,0.0012341007641662892,0.19954611499971694,0.6789605576244374,25,20,20
46,2405,0.1202592266116829,0.0012341007644060575,0.19963826473650476,0.6788684078874057,25,20,20
46,2406,0.10400005361521092,0.0012347664625324433,0.21589671539414515,0.6788684645281109,25,20,20
46,2407,0.10337001052996225,0.0012342518802425967,0.21652727305045785,0.6788684645393356,25,20,20
46,2408,0.10337001052978133,0.0012342518663922277,0.21625982360153695,0.6791359140022877,25,20,20
46,2409,0.1033699249792214,0.0017399704995956493,0.21575419067684432,0.6791359138443375,25,20,20
46,2410,0.14296810433810844,0.0017399705878534968,0.17615612594267216,0.6791357991313659,25,20,20
46,2411,0.14296810433792953,0.0017399705739128465,0.17614953161311772,0.6791423934750398,25,20,20
46,2412,0.14296811942863108,0.0008537323112538098,0.17703575476184416,0.6791423934982709,25,20,20
46,2413,0.1429681194286271,0.0008537323110097487,0.17694343691949668,0.6792347113408662,25,20,20
46,2414,0.1429681194284462,0.0008537323107668283,0.176677167199328,0.6795009810614588,25,20,20
46,2415,0.14296811942826404,0.0008537323107667519,0.17667704453603408,0.6795011037249347,25,20,20
46,2416,0.1429651923676446,0.0008537323108217232,0.17667997159646112,0.6795011037250724,25,20,20
46,2417,0.14296519236782668,0.00085373231058302,0.17641832491947607,0.6797627504021141,25,20,20
46,2418,0.1429651923678259,0.0008537323105744578,0.17632602497523184,0.6798550503463674,25,20,20
46,2419,0.14296519236778038,0.0008537323105743073,0.17632590940085277,0.6798551659207922,25,20,20
46,2420,0.14333550968020506,0.0008537322285317421,0.17595561619732916,0.6798551418939336,25,20,20
46,2421,0.14333550968002298,0.0008537322282871471,0.17595089019904506,0.6798598678926442,25,20,20
46,2422,0.14333550968006534,0.0008537322282913633,0.1759509016069768,0.6798598564846658,25,20,20
46,2423,0.14271704416968467,0.0008744599696543322,0.17654921757689504,0.6798592782837648,25,20,20
46,2424,0.14271704416973016,0.0008744599694105763,0.1764213612716301,0.6799871345892279,25,20,20
46,2425,0.14271704416973013,0.0008744599694105763,0.1764212544183524,0.6799872414425058,25,20,20
46,2426,0.14271704416968461,0.0008744599694105473,0.17668592371914837,0.6797225721417552,25,20,20
46,2427,0.14271704416968461,0.0008744599694105459,0.17668581126756827,0.6797226845933355,25,20,20
46,2428,0.14271704416968453,0.0008744599694106212,0.17669051062837388,0.67971798523253,25,20,20
46,2429,0.14271704416982112,0.0008744599694149108,0.17669548265467636,0.6797130132060866,25,20,20
46,2430,0.11743441012183252,0.0008805438278968948,0.201972023913908,0.679713022136361,25,20,20
46,2431,0.117434410124428,0.0008805438278969699,0.20197145923496976,0.6797135868127036,25,20,20
46,2432,0.117434410124428,0.0008805438278969713,0.20197154028590666,0.6797135057617667,25,20,20
46,2433,0.11743441012442801,0.0008805438278927534,0.20197609923539747,0.6797089468122803,25,20,20
46,2434,0.13276662697465402,0.0008845408859275451,0.18663986417068656,0.6797089679687309,25,20,20
46,2435,0.13276662697465402,0.0008845408859275466,0.18663998063234324,0.679708851507074,25,20,20
46,2436,0.132766626974654,0.0008845408859274713,0.1866352787703026,0.6797135533691149,25,20,20
46,2437,0.1327666269746572,0.0008845408861677111,0.18637660423487895,0.679972227904295,25,20,20
46,2438,0.1327666269746572,0.000884540886167785,0.18638312794848594,0.679965704190688,25,20,20
46,2439,0.13276662698503874,0.0008845408861720763,0.18638538515117364,0.6799634469776146,25,20,20
46,2440,0.13276662698485978,0.0008845408864107021,0.18665222763414413,0.6796966044945846,25,20,20
46,2441,0.132766626974479,0.0008845408864064107,0.18665213316397886,0.6796966989751348,25,20,20
46,2442,0.13276662697447902,0.0008845408864064094,0.1866521717035809,0.6796966604355328,25,20,20
46,2443,0.13276662697447983,0.0008845408864107005,0.18665687318047774,0.679691958958631,25,20,20
46,2444,0.13276662697447986,0.0008845408864107004,0.1866615746921352,0.6796872574469736,25,20,20
46,2445,0.13276662697447986,0.0008845408864107758,0.18666154129030674,0.679687290848802,25,20,20
46,2446,0.11610187019632394,0.0008744730310337903,0.20333466620630547,0.6796889905663355,25,20,20
46,2447,0.11610187019632395,0.0008744730312783738,0.20334137124820031,0.6796822855241961,25,20,20
46,2448,0.11610187019632394,0.0008744730310337917,0.20333466867856587,0.6796889880940752,25,20,20
46,2449,0.11610187019632394,0.0008744730310338657,0.20334115701080685,0.6796824997618341,25,20,20
46,2450,0.11610187019632315,0.0008744730310337903,0.20333887991565633,0.6796847768569855,25,20,20
46,2451,0.11610187019632315,0.0008744730310337903,0.20334548445550815,0.6796781723171337,25,20,20
46,2452,0.11610187019632315,0.0008744730310337165,0.20334551653783403,0.6796781402348079,25,20,20
46,2453,0.11610187019650527,0.0008744730310379337,0.20334361760313957,0.679680039169316,25,20,20
46,2454,0.1161018701965021,0.0008744730307950161,0.2030766923159189,0.6799469644567827,25,20,20
46,2455,0.11610187019650375,0.0008744730307950915,0.2030810215012315,0.6799426352714684,25,20,20
46,2456,0.10283988031957579,0.0008744608739709104,0.2163447491687954,0.6799409096376565,25,20,20
46,2457,0.10290905024001497,0.0008744109477662803,0.2162756292110991,0.6799409096011189,25,20,20
46,2458,0.10290905024001504,0.0008744109477662815,0.21636784106657558,0.679848697745642,25,20,20
46,2459,0.06657762657241639,0.0008744114044216766,0.25269209624078515,0.6798558657823759,25,20,20
46,2460,0.06646119782020295,0.0008744594333119979,0.25280824783459244,0.6798560949118921,25,20,20
46,2461,0.06646241361880166,0.0008744594331546317,0.2528070321216686,0.6798560948263744,25,20,20
46,2462,0.09210517989481697,0.0008744594351988595,0.2271642658432861,0.6798560948266973,25,20,20
46,2463,0.09210517989463489,0.0008744594351988592,0.22716616650674776,0.6798541941634177,25,20,20
46,2464,0.09216791879091163,0.0009587201455558095,0.22701916691761564,0.6798541941459146,25,20,20
46,2465,0.09216791879109375,0.000958720145800388,0.22702180017010445,0.6798515608929994,25,20,20
46,2466,0.09216791879104903,0.0009587201460449075,0.22702431579754961,0.6798490452653547,25,20,20
46,2467,0.09216791878845353,0.0009587201460447582,0.22702268340408616,0.6798506776614139,25,20,20
46,2468,0.0921679187988352,0.0009587201460533399,0.22701975552807865,0.6798536055270314,25,20,20
46,2469,0.09239957357434715,0.0009586729093923963,0.22526550426007952,0.6813762492561795,25,20,20
46,2470,0.09239957357434714,0.0009586729093923975,0.22526557819113233,0.6813761753251266,25,20,20
46,2471,0.11542768086081072,0.0008744061052532972,0.2023217376749879,0.6813761753589475,25,20,20
46,2472,0.09242492964193925,0.0008744223836782044,0.22531999553526966,0.6813806524391112,25,20,20
46,2473,0.10845877491726079,0.0008737364393418157,0.2092815200617341,0.681385968581662,25,20,20
46,2474,0.10845877491726079,0.0008737364393418157,0.20928140755646207,0.681386081086934,25,20,20
46,2475,0.10845306833120465,0.02439563098612659,0.18576587190260196,0.6813854287800656,25,20,20
46,2476,0.10845306833120465,0.02439563098612652,0.18576575906317394,0.6813855416194937,25,20,20
46,2477,0.10481600816349898,0.024395631398310014,0.1894099868559714,0.6813783735822184,25,20,20
46,2478,0.10481625064264055,0.0010490126133659472,0.21275479730350383,0.6813799394404879,25,20,20
46,2479,0.10481613162813254,1.9136498682805375e-08,0.2111922204383361,0.683991628797031,25,20,20
46,2480,0.1048161316279504,1.9136254027815574e-08,0.21118488674018077,0.6839989624956131,25,20,20
46,2481,0.10481613162795035,1.913625402776924e-08,0.2111848601726674,0.6839989890631266,25,20,20
46,2482,0.10458351956906423,4.381756584402562e-08,0.21294019881764015,0.6824762377957281,25,20,20
46,2483,0.10458351956906423,4.381756584402562e-08,0.21294019680993118,0.6824762398034371,25,20,20
46,2484,0.1045835195690674,4.3817565846615406e-08,0.21303249690777304,0.6823839397055919,25,20,20
46,2485,0.10755848541317699,1.3241564838243773e-06,0.20970830947783475,0.6827318809525016,25,20,20
46,2486,0.10755836192959185,1.3241056987001918e-06,0.2123216801621942,0.6801186338025131,25,20,20
46,2487,0.1075583619295934,1.3241196394485392e-06,0.21232541022060458,0.6801149037301605,25,20,20
46,2488,0.08209857606180906,3.3213313329641315e-05,0.23775194921879972,0.6801162614060593,25,20,20
46,2489,0.0820985760618091,3.3213313329716335e-05,0.23788146834733648,0.6799867422775226,25,20,20
46,2490,0.08209857606180913,3.321331333396794e-05,0.23825457166699196,0.6796136389578626,25,20,20
46,2491,0.0856789257771584,3.31873993309764e-05,0.2346673156536387,0.6796205711698695,25,20,20
46,2492,0.09623757811267518,3.3186179716330986e-05,0.21964649855475302,0.6840827371528542,25,20,20
46,2493,0.09623757811267593,3.3186179720547584e-05,0.21951717364818552,0.6842120620594168,25,20,20
46,2494,0.09623757811249439,3.318618980504443e-05,0.23057091592685242,0.673158319770847,25,20,20
46,2495,0.08087966014837888,3.318616523910144e-05,0.24593420840647212,0.673152945279908,25,20,20
46,2496,0.08087966014842442,3.318616524346636e-05,0.2459407809175091,0.6731463727688214,25,20,20
46,2497,0.08087966014842443,3.318616524346639e-05,0.24594089541615205,0.6731462582701785,25,20,20
46,2498,0.09015219964623261,3.319224899653883e-05,0.2366754072611077,0.6731392008436617,25,20,20
46,2499,0.09015219964623339,3.319224900078912e-05,0.23704839495590518,0.6727662131488593,25,20,20
46,2500,0.08996861556168483,1.3174785340946936e-06,0.2372651427115205,0.6727649242482593,25,20,20
46,2501,0.08996861556168476,1.31747853409487e-06,0.23717293089118413,0.6728571360685958,25,20,20
46,2502,0.08996861556168159,1.3174785341688475e-06,0.2370807712361546,0.6729492957236286,25,20,20
46,2503,0.08996861556167836,1.3174782895911587e-06,0.2370731938656857,0.6729568730943453,25,20,20
46,2504,0.10636861356441701,1.3174787334479082e-06,0.22067309888777975,0.6729569700690686,25,20,20
46,2505,0.10636861356441701,1.3174787334479086e-06,0.22067309611303812,0.6729569728438102,25,20,20
46,2506,0.10636861356441382,1.317464796913884e-06,0.22067152701139825,0.6729585419593899,25,20,20
46,2507,0.10636861356441388,1.317464796916503e-06,0.22067306886631116,0.6729570001044769,25,20,20
46,2508,0.10636861356445944,1.3174650372611492e-06,0.22030480049657292,0.6733252684739293,25,20,20
46,2509,0.10637300044114228,1.317463448445207e-06,0.2203004136287926,0.6733252684666157,25,20,20
46,2510,0.10637300044114148,1.3174632081398837e-06,0.22030218462486656,0.6733234974707827,25,20,20
46,2511,0.1063730004411407,1.3174632039635704e-06,0.21992919635563754,0.6736964857400167,25,20,20
46,2512,0.10637300044114076,1.3174632039635706e-06,0.2199291636263022,0.673696518469352,25,20,20
46,2513,0.10637300044114392,1.3174634442561627e-06,0.2199292621754209,0.6736964199199902,25,20,20
46,2514,0.10332906637414062,1.148093000075105e-05,0.22331094101650892,0.6733485116793484,25,20,20
46,2515,0.10413410320721792,1.1504227064132813e-05,0.22250588085028597,0.6733485117154306,25,20,20
46,2516,0.1041341032071732,1.1504227064059523e-05,0.222499424543765,0.6733549680219962,25,20,20
46,2517,0.10509771450008568,1.1489810548280554e-05,0.22153589640127577,0.6733548992880887,25,20,20
46,2518,0.10513278815603762,1.2171953796807347e-05,0.22150002251673778,0.6733550173734263,25,20,20
46,2519,0.10513278815599524,1.2171953552287665e-05,0.22149529852567337,0.6733597413647776,25,20,20
46,2520,0.10513278815858788,1.2171953796270288e-05,0.2215882998912209,0.6732667399963934,25,20,20
46,2521,0.10513278815858788,1.217195404078867e-05,0.2215930238532961,0.6732620160340737,25,20,20
46,2522,0.10513278815858788,1.2171954040936566e-05,0.22159800575227176,0.6732570341350977,25,20,20
46,2523,0.13374152044283452,1.2171947625941593e-05,0.19298927319585546,0.6732570344136829,25,20,20
46,2524,0.13374152044283133,1.217194738134794e-05,0.19298443969679321,0.6732618679129929,25,20,20
46,2525,0.1337415204428313,1.2171947381347963e-05,0.19297791373561815,0.6732683938741681,25,20,20
46,2526,0.1337415204428313,1.2171947377058332e-05,0.19297142167770456,0.6732748859320862,25,20,20
46,2527,0.13374152044283072,1.2171937288271645e-05,0.18191308804751022,0.6843332195723698,25,20,20
46,2528,0.13290176107073084,1.5434108350091562e-05,0.182749703368145,0.684333101452773,25,20,20
46,2529,0.13290176107073084,1.5434108350016295e-05,0.18274962275141415,0.6843331820695039,25,20,20
46,2530,0.13290176107073082,1.5434108350014997e-05,0.18274959466943977,0.6843332101514783,25,20,20
46,2531,0.13290176107091214,1.5434108345799128e-05,0.18274968884348816,0.6843331159772528,25,20,20
46,2532,0.13290176106053042,1.543410833721749e-05,0.1827479152078384,0.6843348896232926,25,20,20
46,2533,0.09453909645736928,1.5436528758534332e-05,0.2210981705583373,0.684347296455533,25,20,20
46,2534,0.09518253131913135,1.1469277730437677e-05,0.22045870002872586,0.6843472993744105,25,20,20
46,2535,0.09518253131913454,1.1469277734727994e-05,0.22045878284670725,0.6843472165564216,25,20,20
46,2536,0.09518253131913454,1.146927773472802e-05,0.2204587848197293,0.6843472145833998,25,20,20
46,2537,0.08811374699871113,1.17983615955346e-05,0.2275272403487295,0.6843472142909627,25,20,20
46,2538,0.08811374699852906,1.179836159560857e-05,0.22752472168964502,0.6843497329502293,25,20,20
46,2539,0.08811374699852827,1.1798361591316957e-05,0.22752455147020467,0.6843499031696746,25,20,20
46,2540,0.08811374699853144,1.1798361591390974e-05,0.22752458073356302,0.6843498739063131,25,20,20
46,2541,0.08814060118150013,4.787550850277172e-05,0.22746165747161434,0.6843498658383825,25,20,20
46,2542,0.08814060118150412,4.787552238622455e-05,0.2276340773431375,0.6841774459529717,25,20,20
46,2543,0.08814087821130288,3.915067066669573e-05,0.22764255810204279,0.684177413015987,25,20,20
46,2544,0.08814087821134843,3.9150670666844966e-05,0.22764265420101928,0.6841773169169646,25,20,20
46,2545,0.08814087821134843,3.915067066692026e-05,0.22764735406097933,0.6841726170570047,25,20,20
46,2546,0.08814087821134844,3.915067066692026e-05,0.22764975316560945,0.6841702179523744,25,20,20
46,2547,0.08814087821134846,3.915067066699554e-05,0.2276520328475537,0.6841679382704301,25,20,20
46,2548,0.08814087821139395,3.915067067127709e-05,0.22774422617096024,0.6840757449469735,25,20,20
46,2549,0.08814087821139083,3.9150670675492915e-05,0.2277488199943299,0.6840711511236027,25,20,20
46,2550,0.08814087821157253,3.915067091947899e-05,0.22783452022102846,0.6839854508964787,25,20,20
46,2551,0.08235824413947981,3.905887358213373e-05,0.23361724598754927,0.6839854509993879,25,20,20
46,2552,0.08235824413943428,3.905887358205849e-05,0.2336172058907936,0.6839854910961891,25,20,20
46,2553,0.08235824413943188,3.905887358213353e-05,0.23361933177904476,0.6839833652079402,25,20,20
46,2554,0.07551275375968614,3.906307625840809e-05,0.24046481760471738,0.6839833655593368,25,20,20
46,2555,0.07551275375968693,3.906307649873235e-05,0.2404599499938133,0.6839882331699999,25,20,20
46,2556,0.07551275375727579,3.906307625902723e-05,0.24049640089513488,0.6839517822713295,25,20,20
46,2557,0.08975926558818526,3.9047811494217425e-05,0.23070966178334426,0.6794920248169758,25,20,20
46,2558,0.08975667527542917,3.9061482901185955e-05,0.2307122387759888,0.6794920244656802,25,20,20
46,2559,0.0897566752752475,3.906148265719988e-05,0.23062221348655684,0.6795820497555378,25,20,20
46,2560,0.08975667527525065,3.906148290164432e-05,0.23062044418836605,0.6795838190534809,25,20,20
46,2561,0.0897566752752506,3.906148290157033e-05,0.2306181664202158,0.6795860968216313,25,20,20
46,2562,0.0897814861592134,3.8804709881966994e-05,0.23059360888432376,0.67958610024658,25,20,20
46,2563,0.09674931084910188,3.880050717779757e-05,0.2236257887486715,0.679586099895048,25,20,20
46,2564,0.09674931084910106,3.880050717350619e-05,0.22362354866141246,0.6795883399823122,25,20,20
46,2565,0.09674931084909709,3.880049329005203e-05,0.22345112878113152,0.6797607598764805,25,20,20
46,2566,0.09674922713430822,3.880049329006926e-05,0.22345121249592026,0.6797607598764808,25,20,20
46,2567,0.0967492271343114,3.880049329425834e-05,0.22371746283560268,0.679494509536791,25,20,20
46,2568,0.0967492271343114,3.880049329425702e-05,0.2237175428301549,0.6794944295422388,25,20,20
46,2569,0.09674557486579989,3.00154595483048e-06,0.2236814133273429,0.6795700102609024,25,20,20
46,2570,0.09674557486579909,3.0015459505388654e-06,0.22368129709841525,0.6795701264898352,25,20,20
46,2571,0.09674557486597751,3.0015459463508436e-06,0.22354019894475846,0.6797112246433179,25,20,20
46,2572,0.09674557486579913,3.001545946425054e-06,0.2234150810197863,0.6798363425684681,25,20,20
46,2573,0.09674559037130903,2.8344052495476145e-07,0.22341777957669648,0.6798363466114697,25,20,20
46,2574,0.1296485778289414,2.440249576242011e-07,0.19059039228065688,0.6797607858654446,25,20,20
46,2575,0.12631808040641712,2.446088835215184e-07,0.19392777289513094,0.6797539020895688,25,20,20
46,2576,0.12107606689234335,6.122140220777334e-09,0.19917001775608148,0.6797539092294353,25,20,20
46,2577,0.133391828787292,5.824618310052135e-09,0.18685428327144554,0.6797538821166447,25,20,20
46,2578,0.13339182878724967,5.8246139545227145e-09,0.18676677328855124,0.6798413920995856,25,20,20
46,2579,0.13339182878742806,5.8248577823169185e-09,0.18689225236128112,0.6797159130264334,25,20,20
46,2580,0.13339182878724654,5.824618279396588e-09,0.18713507890041392,0.6794730864877218,25,20,20
46,2581,0.1333918287872465,5.8246224066062586e-09,0.18726232137404672,0.6793458440140847,25,20,20
46,2582,0.14369071898524047,5.823847291293426e-09,0.17696343148956256,0.6793458437013498,25,20,20
46,2583,0.1436885406734786,5.823847773512265e-09,0.1769656098013238,0.6793458437013498,25,20,20
46,2584,0.14368854067347864,5.823847774833583e-09,0.17696553192376294,0.6793459215789106,25,20,20
46,2585,0.14213062923049283,3.402990599316586e-09,0.17853594961091301,0.6793334177556037,25,20,20
46,2586,0.14213062923067454,3.4032346546152955e-09,0.17862903207324762,0.6792403352928434,25,20,20
46,2587,0.14213062923067454,3.4032302910311136e-09,0.1786325937624248,0.6792367736036709,25,20,20
46,2588,0.1421306292306777,3.403474346932299e-09,0.1787253530190373,0.6791440143468109,25,20,20
46,2589,0.1421063473282056,2.6865246296588013e-09,0.1787494053966032,0.6791442445886661,25,20,20
46,2590,0.1421063473282056,2.6865246283834377e-09,0.17874929150262706,0.6791443584826422,25,20,20
46,2591,0.1421063473282056,2.686524554366714e-09,0.17874932290954618,0.679144327075723,25,20,20
46,2592,0.1421063473282056,2.6865202779251923e-09,0.17861980277755482,0.6792738472077187,25,20,20
46,2593,0.14210634732820565,2.6865203532168236e-09,0.17861980945156639,0.679273840533707,25,20,20
46,2594,0.14210634732820565,2.6865160283430934e-09,0.1782467880570061,0.6796468619282716,25,20,20
46,2595,0.14210634732820243,2.686275724982769e-09,0.17824214980452072,0.6796515001810003,25,20,20
46,2596,0.1417101200399814,2.863064657675349e-09,0.1786383524724922,0.6796515246244613,25,20,20
46,2597,0.1417101200399782,2.862820675722172e-09,0.17854567310847855,0.6797442039887222,25,20,20
46,2598,0.14171012005024763,3.6489736005954244e-09,0.17898003257306722,0.6793098437277111,25,20,20
46,2599,0.14171012005024683,3.648728986674826e-09,0.1789783759812376,0.6793115003197862,25,20,20
46,2600,0.14171012005024688,3.648728986647488e-09,0.17898079757564794,0.6793090787253757,25,20,20
46,2601,0.10647926071170398,1.4991057113255802e-06,0.2142101815099421,0.6793090586726407,25,20,20
46,2602,0.10647926071152507,1.4991057113242803e-06,0.2142923715453843,0.6792268686373774,25,20,20
46,2603,0.12319739784732123,2.5905048052696737e-06,0.19757296063141833,0.6792270510164545,25,20,20
46,2604,0.12319739784732125,2.590504809485545e-06,0.19757296293596258,0.6792270487119059,25,20,20
46,2605,0.12319739784736358,2.590504809337649e-06,0.1975729256171434,0.6792270860306828,25,20,20
46,2606,0.12476960283079197,2.5904894367827353e-06,0.19600073674226506,0.6792270699375054,25,20,20
46,2607,0.1247967400843594,2.5904896915598566e-06,0.19597381699926725,0.6792268524266811,25,20,20
46,2608,0.12479674008435936,2.590489691561152e-06,0.19597802068307998,0.6792226487428682,25,20,20
46,2609,0.12479674008435936,2.5904896915611534e-06,0.19597145585852185,0.6792292135674265,25,20,20
46,2610,0.12479674008417764,2.5904894475798258e-06,0.19587848728527824,0.6793221821410959,25,20,20
46,2611,0.12479674008417764,2.5904894475058544e-06,0.1958783733961873,0.6793222960301868,25,20,20
46,2612,0.12415417264367433,2.589253890603225e-06,0.19652094494943537,0.6793222931529991,25,20,20
46,2613,0.12415417264367433,2.589253890601949e-06,0.196520966797281,0.6793222713051534,25,20,20
46,2614,0.12415417264367426,2.589253886310842e-06,0.196516263744419,0.6793269743580198,25,20,20
46,2615,0.12394921233196016,2.5894309595281707e-06,0.19672122388598756,0.6793269743510923,25,20,20
46,2616,0.12394800215362842,2.6180385051952428e-06,0.19672240306620065,0.6793269767416653,25,20,20
46,2617,0.12394800215362521,2.618038260611724e-06,0.1967157000315005,0.6793336797766135,25,20,20
46,2618,0.12394800215344363,2.6180382562589384e-06,0.19658616459664352,0.6794632152116564,25,20,20
46,2619,0.12394800215344365,2.61803825633291e-06,0.196586241200737,0.6794631386075629,25,20,20
46,2620,0.12394800215339817,2.618038256332887e-06,0.1965861909309866,0.6794631888773588,25,20,20
46,2621,0.12401846334546145,2.589948598071458e-06,0.19651576026113485,0.6794631864448054,25,20,20
46,2622,0.08622069229649316,1.4982241111856205e-06,0.2343147392719983,0.6794630702073977,25,20,20
46,2623,0.08622069229649311,1.4982241111116038e-06,0.23431471075014104,0.6794630987292549,25,20,20
46,2624,0.09034671326719737,1.5233269796749974e-06,0.23017520370898584,0.6794765596968371,25,20,20
46,2625,0.0903467132671974,1.523326979673697e-06,0.23017671014349506,0.6794750532623278,25,20,20
46,2626,0.09034671326719745,1.5233269796750175e-06,0.23017663248814368,0.679475130917679,25,20,20
46,2627,0.0887468420376792,1.5233385358229548e-06,0.23116945554546775,0.6800821790783176,25,20,20
46,2628,0.08874684203767921,1.523338540160783e-06,0.23143578823760255,0.6798158463861784,25,20,20
46,2629,0.08874684203768243,1.5233385402360754e-06,0.23143592926479126,0.6798157053589863,25,20,20
46,2630,0.08874684203768238,1.5233385402347333e-06,0.23143601054566157,0.6798156240781162,25,20,20
46,2631,0.08874684203768238,1.5233385401620911e-06,0.23143293014117478,0.679818704482603,25,20,20
46,2632,0.0887468420376824,1.5233385402386803e-06,0.2314330132301659,0.6798186213936118,25,20,20
46,2633,0.08874684203768295,1.5233385430791438e-06,0.24540288442185226,0.6658487502019212,25,20,20
46,2634,0.08874684203768293,1.5233385387866932e-06,0.24539829673094826,0.6658533378928297,25,20,20
46,2635,0.08444656995302954,2.7705238337882897e-08,0.24970006883887857,0.6658533335028533,25,20,20
46,2636,0.08444656995303303,2.7705235646675596e-08,0.23573253230957586,0.6798208700321555,25,20,20
46,2637,0.08486547181626486,8.372145865419641e-07,0.23530889614738196,0.6798247948217667,25,20,20
46,2638,0.08486547181626086,8.372145906836347e-07,0.2353131659705795,0.679820524998569,25,20,20
46,2639,0.08486547240666946,8.372145949651638e-07,0.23540578349190328,0.6797279068868325,25,20,20
46,2640,0.08486547240685154,8.37228534269203e-07,0.2354179905615702,0.6797156998030439,25,20,20
46,2641,0.08256478898764934,8.116205465268608e-07,0.23772835896505545,0.6797060404267486,25,20,20
46,2642,0.08256478898765014,8.11620546677376e-07,0.23772851386175553,0.6797058855300476,25,20,20
46,2643,0.0825647889876502,8.11620546752686e-07,0.23773062982019785,0.6797037695716053,25,20,20
46,2644,0.08256478957720308,8.116207947317101e-07,0.2378813261302455,0.6795530726717567,25,20,20
46,2645,0.08256505502246413,8.116315680977228e-07,0.23848810886743382,0.6789460244785341,25,20,20
46,2646,0.10378873267519963,1.4374543472167368e-06,0.21726375710309997,0.6789460727673535,25,20,20
46,2647,0.10378873267520276,1.4374543472907086e-06,0.2172622792375619,0.6789475506328886,25,20,20
46,2648,0.10378873267519957,1.437454347214141e-06,0.21726221668636458,0.6789476131840891,25,20,20
46,2649,0.1037887326752027,1.4374543472880893e-06,0.21726232997592138,0.6789474998945291,25,20,20
46,2650,0.10378873267520189,1.4374543471388493e-06,0.21726217507919,0.6789476547912614,25,20,20
46,2651,0.13727089694930952,1.437196918075037e-06,0.18378007907158217,0.6789475867821905,25,20,20
46,2652,0.13727089694930952,1.4371969180750605e-06,0.18378011448626555,0.6789475513675072,25,20,20
46,2653,0.13727089694930633,1.437196917999769e-06,0.18377997344348626,0.6789476924102896,25,20,20
46,2654,0.137270896359075,1.4371971602359023e-06,0.18406033568623809,0.678667330757527,25,20,20
46,2655,0.1375933411963892,1.437021768663482e-06,0.1837378901662952,0.6786673316155474,25,20,20
46,2656,0.1389403042013091,3.6618764039674007e-06,0.18237791203239428,0.678678121889893,25,20,20
46,2657,0.1389403042013154,3.661876399750318e-06,0.1824640852607297,0.6785919486615554,25,20,20
46,2658,0.1384683447350335,2.8523755459139025e-06,0.182940778934184,0.6785880239552371,25,20,20
46,2659,0.1384683447348514,2.8523616066085875e-06,0.18293506440654195,0.6785937384970004,25,20,20
46,2660,0.13708819655668006,5.145278923797827e-05,0.18403869923826616,0.6788216514158156,25,20,20
46,2661,0.13707118704049803,5.145278026964813e-05,0.18405570884744574,0.6788216513317866,25,20,20
46,2662,0.13707118704049803,5.1452780265357846e-05,0.1840555501755799,0.6788218100036566,25,20,20
46,2663,0.13707118704049803,5.145278026109529e-05,0.18379582228924687,0.679081537889994,25,20,20
46,2664,0.13707118704049803,5.14527802610966e-05,0.18379574183016406,0.6790816183490773,25,20,20
46,2665,0.13696457366565046,5.145708806565259e-05,0.1839023508908853,0.6790816183553986,25,20,20
46,2666,0.13696457366547002,5.145708781905833e-05,0.1835293425368467,0.6794546267098643,25,20,20
46,2667,0.13563191408823358,4.9232640380931977e-05,0.18487501284399266,0.6794438404273931,25,20,20
46,2668,0.1356319140882336,4.923264038100725e-05,0.1848751276465023,0.6794437256248834,25,20,20
46,2669,0.1356319140882336,4.923264038100725e-05,0.18487512764650232,0.6794437256248834,25,20,20
46,2670,0.13563191408823355,4.923264038093329e-05,0.1848735066563153,0.6794453466150704,25,20,20
46,2671,0.1356319140882791,4.9232640625516826e-05,0.18488020976515704,0.6794386435059385,25,20,20
46,2672,0.1356319140882791,4.923264062551679e-05,0.18488017435047366,0.6794386789206217,25,20,20
46,2673,0.13563191408827913,4.92326406255168e-05,0.1848802071485479,0.6794386461225475,25,20,20
46,2674,0.13563191408827355,4.923264062559219e-05,0.18478751251931944,0.6795313407517812,25,20,20
46,2675,0.13563191408827435,4.923264062551821e-05,0.18478764175184817,0.6795312115192518,25,20,20
46,2676,0.13563191408827507,4.923264062559217e-05,0.18478764912142243,0.6795312041496767,25,20,20
46,2677,0.13563191409865405,4.9232654564896194e-05,0.18479996866516463,0.6795188845816162,25,20,20
46,2678,0.13563191409865408,4.923265456497146e-05,0.1847999700822358,0.679518883164545,25,20,20
46,2679,0.13563191409865408,4.9232654564898776e-05,0.1847999353078588,0.6795189179389222,25,20,20
46,2680,0.13563191409865402,4.923265456482481e-05,0.18479773661753313,0.6795211166292477,25,20,20
46,2681,0.13563191409865719,4.923265480950921e-05,0.18480004276322007,0.6795188104833129,25,20,20
46,2682,0.11440778172526814,6.523937082052808e-05,0.20600821996626129,0.6795187589376505,25,20,20
46,2683,0.11440778172526814,6.523937082474244e-05,0.20601471057285384,0.6795122683310538,25,20,20
46,2684,0.08245275464301596,6.52350702561767e-05,0.2379696752792061,0.6795123350075223,25,20,20
46,2685,0.08245275464297043,6.523507001159318e-05,0.23796305124818903,0.6795189590388294,25,20,20
46,2686,0.08245275464297362,6.523507001159447e-05,0.23795652740817513,0.6795254828788403,25,20,20
46,2687,0.08132129268273174,6.651184185860018e-05,0.23873980138600967,0.6798723940894006,25,20,20
46,2688,0.08132129268272853,6.65118418628905e-05,0.23873986110251505,0.6798723343728942,25,20,20
46,2689,0.08132129268272853,6.651184186288916e-05,0.2387397786642421,0.6798724168111672,25,20,20
46,2690,0.08132129268273167,6.65118418586735e-05,0.238737875695786,0.6798743197796243,25,20,20
46,2691,0.08185785480130776,6.651242285945217e-05,0.2379470819690862,0.6801285508067478,25,20,20
46,2692,0.08185785479103835,6.651163670645202e-05,0.23751272048945954,0.6805629130827969,25,20,20
46,2693,0.08185785479103835,6.651163670652728e-05,0.2375173837661225,0.6805582498061338,25,20,20
46,2694,0.08129226240564492,8.084614192271083e-05,0.23832283132821414,0.6803040601242194,25,20,20
46,2695,0.08129226240564734,8.084614192685306e-05,0.23832445729104076,0.6803024341613861,25,20,20
46,2696,0.08129226240564734,8.084614192692703e-05,0.23832449210213016,0.6803023993502966,25,20,20
46,2697,0.08104317585327371,8.084614192788567e-05,0.2385735786396597,0.6803023993651398,25,20,20
46,2698,0.08104317586091123,8.084614210479195e-05,0.2496552718400665,0.6692207061569182,25,20,20
46,2699,0.08104317586091123,8.08461421005016e-05,0.24965524342155018,0.6692207345754387,25,20,20
46,2700,0.08104317586091123,8.084614210049896e-05,0.24965516489267833,0.6692208131043106,25,20,20
46,2701,0.0810431758609144,8.084614210057557e-05,0.24965524683930165,0.669220731157684,25,20,20
46,2702,0.08061135701484243,3.227489258323325e-05,0.2503672169509496,0.668989151141625,25,20,20
46,2703,0.08061135701484165,3.227489258330852e-05,0.25036518417105097,0.6689911839215245,25,20,20
46,2704,0.08061135701484165,3.227489258330988e-05,0.25036526711059165,0.6689911009819837,25,20,20
46,2705,0.08142410426927156,3.228646950972376e-05,0.24955245409323745,0.6689911551679815,25,20,20
46,2706,0.08142410426927156,3.2286469509723765e-05,0.2495524540932374,0.6689911551679815,25,20,20
46,2707,0.12036935250768209,3.225727862748646e-05,0.21060736954127615,0.6689910206724143,25,20,20
46,2708,0.12037526019551041,2.3776758391962075e-05,0.2106092728409675,0.6689916902051308,25,20,20
46,2709,0.12037526019551041,2.377675839196205e-05,0.2106092203156969,0.6689917427304013,25,20,20
46,2710,0.12037525960613965,2.37767581482768e-05,0.21046311338899507,0.6691378502467178,25,20,20
46,2711,0.12037525960613973,2.3776758148350744e-05,0.2104677862241016,0.669133177411611,25,20,20
46,2712,0.12037525960613653,2.377675790366767e-05,0.21046559256461234,0.6691353710713486,25,20,20
46,2713,0.12037525960613653,2.3776757903592398e-05,0.2104655911475412,0.6691353724884198,25,20,20
46,2714,0.12037525959575757,2.3776743964362118e-05,0.21058279181792375,0.6690181718423552,25,20,20
46,2715,0.12037525959575751,2.377674396436082e-05,0.2105827904144131,0.669018173245866,25,20,20
46,2716,0.12047354671383902,2.3776832911332e-05,0.2104845032146529,0.6690181732385979,25,20,20
46,2717,0.12047354671383582,2.3776832915548355e-05,0.21048453975999565,0.669018136693254,25,20,20
46,2718,0.10336909551312758,2.377682973819409e-05,0.22758899180517606,0.6690181358519581,25,20,20
46,2719,0.10336909550571774,2.37768435055485e-05,0.21651771101928294,0.680089416631494,25,20,20
46,2720,0.10336909550571774,2.3776843505545865e-05,0.2165175991187508,0.6800895285320262,25,20,20
46,2721,0.10336909550571775,2.377684350554455e-05,0.21651298033840416,0.6800941473123727,25,20,20
46,2722,0.1033690955057177,2.3776843505619845e-05,0.2165099020464967,0.68009722560428,25,20,20
46,2723,0.1033690955057177,2.3776843505695092e-05,0.2165099368678813,0.6800971907828953,25,20,20
46,2724,0.10336909550549082,2.3776829806029365e-05,0.21650435794032996,0.6801027697243732,25,20,20
46,2725,0.10336909550549088,2.3776829810243913e-05,0.21650436022891723,0.6801027674357816,25,20,20
46,2726,0.10336909550549093,2.3776829810169967e-05,0.21650432686866383,0.680102800796035,25,20,20
46,2727,0.10336909550549178,2.3776843623258037e-05,0.21687842513519942,0.6797287025156854,25,20,20
46,2728,0.10255689905812153,2.3764837197551798e-05,0.21769057261076763,0.6797287634939129,25,20,20
46,2729,0.10255689905816691,2.3764837197628194e-05,0.21781580100883755,0.6796035350957976,25,20,20
46,2730,0.1305346213030328,2.3764845589334953e-05,0.1898381979256748,0.6796034159257022,25,20,20
46,2731,0.1305346213030328,2.3764845589337545e-05,0.1898382380342121,0.6796033758171649,25,20,20
46,2732,0.1305346213030328,2.376484558941151e-05,0.18984285881614993,0.6795987550352272,25,20,20
46,2733,0.1305346213029874,2.3764845589337755e-05,0.18972423259404642,0.6797173812573761,25,20,20
46,2734,0.1305346213028053,2.376484558504528e-05,0.18971964123355242,0.6797219726180566,25,20,20
46,2735,0.13053462130280846,2.3764845825340308e-05,0.1897216421526099,0.6797199716987556,25,20,20
46,2736,0.13053462130280924,2.3764845821049988e-05,0.1897308099887922,0.6797108038625769,25,20,20
46,2737,0.13053462130280605,2.3764845821048693e-05,0.18963849985974907,0.6798031139916232,25,20,20
46,2738,0.13101110446820688,2.3764850156635325e-05,0.18916194959119942,0.6798031810904369,25,20,20
46,2739,0.17052649551066298,2.3764845849927797e-05,0.14964662564440553,0.679803113999081,25,20,20
46,2740,0.17052649551066565,2.3764857614893396e-05,0.1558945978778989,0.67355514175382,25,20,20
46,2741,0.17052649551084462,2.3764857614893396e-05,0.15589459220547078,0.6735551474260693,25,20,20
46,2742,0.17052649551084775,2.3764857614894694e-05,0.155894578221252,0.6735551614102847,25,20,20
46,2743,0.17052649551084698,2.3764857370373714e-05,0.15588988581551816,0.6735598538162639,25,20,20
46,2744,0.17052649551084695,2.3764857370446386e-05,0.15588981431587665,0.6735599253159056,25,20,20
46,2745,0.17052649551084376,2.376485737044379e-05,0.15588974637373387,0.6735599932580514,25,20,20
46,2746,0.1705265029580286,2.376557132511066e-05,0.16055868508672488,0.6688910463839213,25,20,20
46,2747,0.17052650295802863,2.37655715674546e-05,0.16093172651327448,0.6685180049571293,25,20,20
46,2748,0.18762423969384173,2.3765571503410335e-05,0.14383398979435683,0.6685180049402973,25,20,20
46,2749,0.18762423969384248,2.3765571265359307e-05,0.1434610646068532,0.6688909301280382,25,20,20
46,2750,0.19662998466371806,2.376623398906047e-05,0.1344502051142191,0.6688960439880732,25,20,20
46,2751,0.19662998466371806,2.3766233989061795e-05,0.13445031967673582,0.6688959294255565,25,20,20
46,2752,0.22909873141206036,1.561757136639243e-05,0.10199037193536262,0.6688952790812102,25,20,20
46,2753,0.22909873200379877,1.5617571366396368e-05,0.10199359084891176,0.6688920595759226,25,20,20
46,2754,0.22909873200379877,1.561757136639764e-05,0.10199355679645118,0.6688920936283832,25,20,20
46,2755,0.2290987320037989,1.561757137018929e-05,0.1066523095037657,0.6642333409210647,25,20,20
46,2756,0.22909873200362,1.561757136589914e-05,0.1066506756164942,0.6642349748085193,25,20,20
46,2757,0.22909873200361758,1.5617571374349997e-05,0.10691230569664677,0.6639733447283608,25,20,20
46,2758,0.22517839796402772,1.561757113005304e-05,0.11083261679822093,0.663973367666621,25,20,20
46,2759,0.22517839796402772,1.561757112997907e-05,0.11083264960541982,0.6639733348594222,25,20,20
46,2760,0.22517839796402853,1.5617571134230218e-05,0.11107623144606431,0.6637297530187728,25,20,20
46,2761,0.19293009241449346,1.5615066774169763e-05,0.143299127632729,0.6637551648860025,25,20,20
46,2762,0.19293009241449266,1.5615066769920144e-05,0.14293072541213575,0.664123567106601,25,20,20
46,2763,0.19293009241449263,1.561505296104974e-05,0.14255674137178853,0.664497551160757,25,20,20
46,2764,0.19293009241449016,1.561505296112369e-05,0.1425567496114205,0.6644975429211276,25,20,20
46,2765,0.1929300924147942,1.5918337027300073e-05,0.1778582793031498,0.6291957099450296,25,20,20
46,2766,0.1926482732637208,1.5918343465953347e-05,0.17814009838901065,0.6291957100038031,25,20,20
46,2767,0.1926482732637215,1.5918343466526812e-05,0.17348598491876926,0.6338498234740432,25,20,20
46,2768,0.19264827326372072,1.591834346231046e-05,0.17348806577628686,0.6338477426165303,25,20,20
46,2769,0.19414999099454402,1.4642046335855596e-05,0.17192601505760124,0.63390935190152,25,20,20
46,2770,0.19365887335834753,1.464205282652305e-05,0.17241703591455068,0.6339094486742762,25,20,20
46,2771,0.19365887335839227,1.4642052826450401e-05,0.17241912389410796,0.6339073606946743,25,20,20
46,2772,0.1936588733583896,1.4642041061336866e-05,0.16616960984437104,0.6401568747561792,25,20,20
46,2773,0.1936588733609839,1.4642041057102967e-05,0.16590992982721608,0.6404165547707441,25,20,20
46,2774,0.19914324747224887,1.4640341155916558e-05,0.16045098580275272,0.6403911263838438,25,20,20
46,2775,0.20309006525485215,1.464025247968731e-05,0.1565041910546578,0.640391103438011,25,20,20
46,2776,0.20309006525485215,1.4640252479686013e-05,0.1565022881415361,0.6403930063511326,25,20,20
46,2777,0.20309005780770256,1.4639538280435185e-05,0.15809275447969218,0.6388025481743249,25,20,20
46,2778,0.20309005781028966,1.4639538284712912e-05,0.1582227930643642,0.6386725095870613,25,20,20
46,2779,0.20309005789094667,1.4689423475929063e-05,0.16282473351736598,0.6340705191682117,25,20,20
46,2780,0.20309005789109036,1.4689423475929498e-05,0.15656024718138603,0.6403350055040478,25,20,20
46,2781,0.20195686263743262,1.4689416616945769e-05,0.15769353921710486,0.6403349087288458,25,20,20
46,2782,0.2019568626374358,1.4689416625425976e-05,0.1578229257212278,0.6402055222247113,25,20,20
46,2783,0.2019568626374358,1.4689416625424651e-05,0.1578248286831313,0.6402036192628074,25,20,20
46,2784,0.2153480531538754,1.5142521176537342e-05,0.14471642179754782,0.6399203825274005,25,20,20
46,2785,0.21510154853597896,1.5142524371626707e-05,0.1449628781858632,0.6399204307537867,25,20,20
46,2786,0.1769532540790906,1.5142972636729748e-05,0.18311117215700068,0.6399204307912723,25,20,20
46,2787,0.1769532540790906,1.5142972636805008e-05,0.18311117219761985,0.6399204307506529,25,20,20
46,2788,0.17695325407909063,1.5142972636729741e-05,0.18311120885152693,0.6399203940967458,25,20,20
46,2789,0.1769532540790882,1.514297262817556e-05,0.18298179620593646,0.6400498067423475,25,20,20
46,2790,0.1769532540790874,1.514297262381177e-05,0.18297712358494309,0.640054479363346,25,20,20
46,2791,0.17827053116267602,1.5143327804518026e-05,0.18165984364328472,0.6400544818662353,25,20,20
46,2792,0.17827053116267602,1.5143327804518004e-05,0.18165514379477468,0.6400591817147453,25,20,20
46,2793,0.17827053117041597,1.5143328043889865e-05,0.18183004514104678,0.6398842803604938,25,20,20
46,2794,0.18027494189171697,1.5142662728422757e-05,0.17983074893765885,0.639879166507896,25,20,20
46,2795,0.18027494189171697,1.5142662728274831e-05,0.1798260510701821,0.639883864375373,25,20,20
46,2796,0.14169125641742103,8.650576317603348e-05,0.21833240683140245,0.6398898309879999,25,20,20
46,2797,0.14169125641742109,8.65057631802483e-05,0.21833250118275024,0.639889736636648,25,20,20
46,2798,0.18036351955980334,1.5142313850126487e-05,0.17973757066155002,0.6398837674647968,25,20,20
46,2799,0.18036351955980565,1.5142313853283562e-05,0.19079541239352463,0.6288259257328168,25,20,20
46,2800,0.18036351955976015,1.5142313853280967e-05,0.1907932355395761,0.6288281025868107,25,20,20
46,2801,0.18036351955976015,1.5142313853279647e-05,0.19079315642704395,0.6288281816993427,25,20,20
46,2802,0.18128893589086034,1.5154972597873515e-05,0.1898677263790306,0.6288281827575111,25,20,20
46,2803,0.18141479554252246,1.5154972579691829e-05,0.18974191496084766,0.6288281345240501,25,20,20
46,2804,0.18141479554252174,1.5154972579765802e-05,0.18973274196098688,0.6288373075239114,25,20,20
46,2805,0.18141479554252168,1.5154972579764457e-05,0.18973282938247624,0.6288372201024222,25,20,20
46,2806,0.1824028088904105,1.5154966246815474e-05,0.1887448160710962,0.6288372200722464,25,20,20
46,2807,0.18240280889041047,1.5154966246815487e-05,0.18873832712949046,0.628843709013852,25,20,20
46,2808,0.18240280889041047,1.5154966491471664e-05,0.1887434091077892,0.6288386270353087,25,20,20
46,2809,0.1824028088904105,1.5154966491471677e-05,0.1887479951079065,0.6288340410351914,25,20,20
46,2810,0.1789328184913405,1.5158800683295515e-05,0.19221798167241805,0.628834041035558,25,20,20
46,2811,0.17893281849134138,1.5158800680211107e-05,0.18116476131127823,0.6398872613967002,25,20,20
46,2812,0.17689488050514665,1.626366085365139e-05,0.18320150199371865,0.639887353840281,25,20,20
46,2813,0.1768948805051459,1.626366109823361e-05,0.1832080524820865,0.6398808033516693,25,20,20
46,2814,0.1768948805051459,1.626366109394223e-05,0.18320568208193383,0.6398831737518264,25,20,20
46,2815,0.17689488050255878,1.626366130586243e-05,0.18773450345314885,0.6353543523829864,25,20,20
46,2816,0.15843480827226142,1.629672781768276e-05,0.2060248656572416,0.6355240293426786,25,20,20
46,2817,0.1584348082722615,1.629672782197389e-05,0.20602945334794465,0.6355194416519712,25,20,20
46,2818,0.15843480768052312,1.629672782189471e-05,0.20602626099360047,0.6355226345980537,25,20,20
46,2819,0.1584348076805223,1.629672782189471e-05,0.20602614605181427,0.6355227495398409,25,20,20
46,2820,0.17687916988251293,1.626366142385126e-05,0.1877514938748667,0.6353530725811963,25,20,20
46,2821,0.1768791698823308,1.6263661182034226e-05,0.20171466115033582,0.6213899053061507,25,20,20
46,2822,0.1768791698823308,1.626366118203295e-05,0.20171465918732193,0.6213899072691642,25,20,20
46,2823,0.1768791698823308,1.626366118203295e-05,0.20171480973479722,0.621389756721689,25,20,20
46,2824,0.17687916988233077,1.626366118203425e-05,0.20171488869715698,0.6213896777593293,25,20,20
46,2825,0.17687916988233077,1.626366118210822e-05,0.20171500258624797,0.6213895638702382,25,20,20
46,2826,0.1769991459806198,1.6263661154704725e-05,0.20159502648798647,0.6213895638702384,25,20,20
46,2827,0.176999145980623,1.626366093850685e-05,0.19693620498976155,0.6260483853686767,25,20,20
46,2828,0.17699914598066854,1.6263660942871753e-05,0.1969428446750711,0.6260417456833172,25,20,20
46,2829,0.17699914598066846,1.6263660942947e-05,0.19694285093303837,0.6260417394253499,25,20,20
46,2830,0.1769991459807069,1.6263661146571694e-05,0.18922281235307353,0.6337617780050727,25,20,20
46,2831,0.17129016649281156,1.6306125818194723e-05,0.19493175290004405,0.6337617744813258,25,20,20
46,2832,0.16130589704772677,1.5520031327439727e-05,0.2049161275167945,0.6337624554041505,25,20,20
46,2833,0.16130589704777537,1.5520031331711785e-05,0.20509552258576705,0.6335830603351252,25,20,20
46,2834,0.16130589704772763,1.5520031327441025e-05,0.20491608064822597,0.6337625022727182,25,20,20
46,2835,0.16130589704772677,1.5520031327365754e-05,0.2049160136555258,0.6337625692654194,25,20,20
46,2836,0.16130589719445265,1.552081931751211e-05,0.20523919592492146,0.6334393860613077,25,20,20
46,2837,0.16130589719704763,1.5520819321878088e-05,0.20524809478674994,0.6334304871968799,25,20,20
46,2838,0.19346491621619136,1.5507713642601667e-05,0.1730890899688376,0.6334304861013281,25,20,20
46,2839,0.1934649162161921,1.550771363831188e-05,0.17308666610086132,0.6334329099693079,25,20,20
46,2840,0.19346491621619527,1.550771364257364e-05,0.1733528851602586,0.6331666909099031,25,20,20
46,2841,0.19346491621878312,1.5507727548981956e-05,0.17347185322076075,0.6330477228329066,25,20,20
46,2842,0.19346491621619527,1.5507713642576236e-05,0.17335758694331355,0.6331619891268481,25,20,20
46,2843,0.19346491620586023,1.5507713398912155e-05,0.17317603309367605,0.6333435429870644,25,20,20
46,2844,0.19346491620585954,1.5507713398912135e-05,0.1731784563092862,0.6333411197714549,25,20,20
46,2845,0.19346491620585637,1.5507713398987385e-05,0.17318035864751422,0.63333921743323,25,20,20
46,2846,0.19346491620585635,1.550771339891344e-05,0.17317387041823942,0.6333457056625048,25,20,20
46,2847,0.18217274389388505,1.5511431686617514e-05,0.18446504625742122,0.6333466984170071,25,20,20
46,2848,0.20623498906577645,1.5057937200102487e-05,0.16052858090963085,0.6332213720873923,25,20,20
46,2849,0.20623498906577648,1.5057937200103785e-05,0.16052858249902432,0.6332213704979988,25,20,20
46,2850,0.20623498906577734,1.5057937200251743e-05,0.16053074628830213,0.63321920670872,25,20,20
46,2851,0.20623498906577417,1.505793744484722e-05,0.16053544792766977,0.6332145050691109,25,20,20
46,2852,0.18648668397386214,1.5054799491466442e-05,0.1802815668369848,0.6332166943896612,25,20,20
46,2853,0.18648668397382376,1.5054799285075082e-05,0.17412403507090718,0.6393742261559838,25,20,20
46,2854,0.18648668397382365,1.5054799285076552e-05,0.17403181548053215,0.6394664457463588,25,20,20
46,2855,0.18648668397382054,1.505479928510574e-05,0.1737720884448816,0.6397261727820124,25,20,20
46,2856,0.19218089078221362,1.5013059758435627e-05,0.16807792337501973,0.6397261727830087,25,20,20
46,2857,0.1921808907822137,1.5013059758435119e-05,0.16834414724264912,0.6394599489153792,25,20,20
46,2858,0.1921808907823455,1.5013059761463815e-05,0.17941405029281335,0.6283900458650806,25,20,20
46,2859,0.18549271205279497,1.5012967702350812e-05,0.1861022525245416,0.628390022454962,25,20,20
46,2860,0.1854927120502,1.5012967702275967e-05,0.1860980557907671,0.6283942191913314,25,20,20
46,2861,0.2135606873975612,1.501224257750144e-05,0.1580300402086228,0.6283942601512378,25,20,20
46,2862,0.21356068739756112,1.5012242577501466e-05,0.1580253766950466,0.6283989236648141,25,20,20
46,2863,0.21356068739756112,1.5012242577498845e-05,0.15802537740796935,0.6283989229518913,25,20,20
46,2864,0.22044570957052811,1.5013054988897438e-05,0.15114132520390658,0.6283979521705755,25,20,20
46,2865,0.22362503842583284,1.5017744013731e-05,0.14796199197698925,0.6283979518531633,25,20,20
46,2866,0.2236250384281136,1.5020010182071647e-05,0.14805627290722204,0.6283036686544833,25,20,20
46,2867,0.22362503842798262,1.5020010179118242e-05,0.13698644794134432,0.6393734936204944,25,20,20
46,2868,0.22362503842798578,1.5020010179192213e-05,0.1369864874226274,0.6393734541392081,25,20,20
46,2869,0.2236250384279857,1.5020010179191425e-05,0.1367202300555723,0.6396397115062633,25,20,20
46,2870,0.22362503842798645,1.50200103991129e-05,0.14137936732270126,0.6349805742389141,25,20,20
46,2871,0.22362503842798723,1.5020010641376823e-05,0.14175273088296386,0.6346072106784085,25,20,20
46,2872,0.2236250384279872,1.5020010641336204e-05,0.1421192282848966,0.6342407132764759,25,20,20
46,2873,0.22362503842798728,1.5020010641408876e-05,0.14211614949168472,0.6342437920696876,25,20,20
46,2874,0.22362503842812326,1.5020010885152795e-05,0.1422390391347256,0.6341209024262668,25,20,20
46,2875,0.22362742439673894,0.000773646701843601,0.1414780479156714,0.6341208809857474,25,20,20
46,2876,0.22362742439673802,0.0007736467018434517,0.1414758440424654,0.6341230848589546,25,20,20
46,2877,0.22374155725531103,6.883694669226431e-07,0.14213467328148907,0.6341230810937345,25,20,20
46,2878,0.2236399207127706,6.883708363694864e-07,0.14223628927488682,0.6341231016415079,25,20,20
46,2879,0.2236399205660447,6.87582601639569e-07,0.14190640452237666,0.6344529873289786,25,20,20
46,2880,0.2236399205660447,6.875826015642877e-07,0.14191294519815817,0.6344464466531972,25,20,20
46,2881,0.22363992056863982,6.875828462231176e-07,0.1419195700573129,0.6344398217912025,25,20,20
46,2882,0.22363992056864382,6.875830908053624e-07,0.141926194060899,0.6344331977873678,25,20,20
46,2883,0.22363992056846224,6.875828426965386e-07,0.14179894296786544,0.6345604488808311,25,20,20
46,2884,0.22363992056846146,6.875828426225792e-07,0.14179232278047177,0.6345670690682256,25,20,20
46,2885,0.22791028076701803,6.931985028681866e-07,0.1375219776517449,0.6345670483827355,25,20,20
46,2886,0.23439133222721092,3.744975854081044e-07,0.1310420182590744,0.6345662750161299,25,20,20
46,2887,0.23427467468319643,6.234457290729589e-07,0.1311584429955442,0.6345662588755304,25,20,20
46,2888,0.24002562404117347,6.235551631649127e-07,0.12540744495935421,0.6345663074443092,25,20,20
46,2889,0.24625938764835456,6.235551392357795e-07,0.11917372230676122,0.634566266489745,25,20,20
46,2890,0.2462593877789978,6.242692880910266e-07,0.12385174834096194,0.6298882396107522,25,20,20
46,2891,0.21195921336691914,6.250196169258019e-07,0.1581515281346791,0.6298886334787853,25,20,20
46,2892,0.2119592132362759,6.243054680718529e-07,0.15347339013783573,0.6345667723204207,25,20,20
46,2893,0.2119592132362759,6.243054723980692e-07,0.15384649116265992,0.6341936712955923,25,20,20
46,2894,0.20626322299432187,2.785946072030291e-06,0.1595407105201003,0.634193280539507,25,20,20
46,2895,0.20626322299432182,2.785946071955025e-06,0.15953920196511392,0.6341947890944936,25,20,20
46,2896,0.20626317601922783,9.686667203951639e-06,0.1595323480350364,0.6341947892785325,25,20,20
46,2897,0.20656876235796734,9.68648068881435e-06,0.1592268104516647,0.6341947407096802,25,20,20
46,2898,0.20657099129322823,0.0006961626105214596,0.15853808802120414,0.6341947580750465,25,20,20
46,2899,0.20657099129322504,0.0006961626105213102,0.15853804652627845,0.6341947995699754,25,20,20
46,2900,0.20657099129322581,0.0006961626105255604,0.15890887044978505,0.6338239756464646,25,20,20
46,2901,0.20656263059012928,0.0006961626998364448,0.1589172302050333,0.6338239765050019,25,20,20
46,2902,0.20656263059012933,0.0006961626998420291,0.17288701653723815,0.6198541901727908,25,20,20
46,2903,0.20656263058753424,0.0006961626995973717,0.17288031120872518,0.6198608955041434,25,20,20
46,2904,0.20656263058753355,0.0006961626993775995,0.16822129318727716,0.6245199135258122,25,20,20
46,2905,0.20656263058753355,0.0006961626993818898,0.16822137596174389,0.6245198307513409,25,20,20
46,2906,0.17276925307874955,0.0006961627056178,0.20201477158379585,0.6245198126318354,25,20,20
46,2907,0.17276925308109384,0.0006961627058222393,0.1942949808455948,0.6322396033674879,25,20,20
46,2908,0.17276925308109298,0.0006961627055799741,0.19392161726046997,0.6326129669528556,25,20,20
46,2909,0.1422503069693944,0.0006961580219153532,0.22444046817957872,0.632613066829111,25,20,20
46,2910,0.13655079117721292,0.0006961580153480984,0.23013341735424558,0.6326196334531927,25,20,20
46,2911,0.13655079117721378,0.0006961580155926182,0.23013813698829547,0.6326149138188976,25,20,20
46,2912,0.13282174287426318,0.0006961478706729231,0.23386719633925285,0.6326149129158098,25,20,20
46,2913,0.13282174287425919,0.0006961478704283396,0.23386049187041583,0.6326216173848954,25,20,20
46,2914,0.13282174287425924,0.0006961478704283048,0.23349213627914867,0.6329899729761626,25,20,20
46,2915,0.13287943246095468,0.0006939859097413402,0.2334366117725354,0.6329899698567673,25,20,20
46,2916,0.13287943246095466,0.000693985909737147,0.24740173684937392,0.619024844779933,25,20,20
46,2917,0.13287943246095782,0.0006939859097369966,0.24740331911512503,0.6190232625141789,25,20,20
46,2918,0.13287943246095785,0.0006939859099750479,0.2477717374446849,0.6186548441843811,25,20,20
46,2919,0.13287943246095865,0.000693985909970947,0.2473987186418592,0.6190278629872099,25,20,20
46,2920,0.15582265596807982,0.0006939853036706693,0.2244562919551143,0.6190270667731335,25,20,20
46,2921,0.1558226559680798,0.0006939853034283268,0.22408317149547563,0.6194001872330145,25,20,20
46,2922,0.137153791205625,0.0010966677607182086,0.24231566175736455,0.6194338792762916,25,20,20
46,2923,0.137153791205625,0.0010966677607182073,0.24231566233293225,0.6194338787007239,25,20,20
46,2924,0.1371537912058071,0.0010966677604779028,0.24231562604926588,0.6194339149844486,25,20,20
46,2925,0.09822817416981641,0.001096672617732279,0.2812426313349885,0.6194325218774624,25,20,20
46,2926,0.09822817416981641,0.0010966726177322065,0.2812379328928812,0.61943722031957,25,20,20
46,2927,0.09822817416747606,0.0010966726175264739,0.27499446274146777,0.6256806904735295,25,20,20
46,2928,0.09822817416747925,0.0010966726177705339,0.27508664495785456,0.6255885082568953,25,20,20
46,2929,0.09822817416752391,0.001096672617530306,0.2750835593631664,0.6255915938517791,25,20,20
46,2930,0.09822817416752391,0.001096672617534433,0.2752129992196029,0.6254621539953384,25,20,20
46,2931,0.09822817416752068,0.0010966726175345083,0.27521141093126744,0.6254637422836771,25,20,20
46,2932,0.0982281741677453,0.00109667261753488,0.31174979293965,0.5889253602750691,25,20,20
46,2933,0.09815794111852962,0.0010967006758397907,0.311819866542163,0.5889254916634671,25,20,20
46,2934,0.09815794111852962,0.0010967006758398662,0.31181997985618914,0.5889253783494407,25,20,20
46,2935,0.09821622722375105,0.0010967247769953295,0.3117683344846641,0.5889187135145891,25,20,20
46,2936,0.09754541367387791,0.001096719841733158,0.31243915297005015,0.5889187135143386,25,20,20
46,2937,0.0975454136738779,0.001096719841733084,0.31243903954498703,0.5889188269394017,25,20,20
46,2938,0.09754541367387391,0.0010967198417330694,0.3125619551667681,0.5887959113176247,25,20,20
46,2939,0.0975454136738739,0.0010967198417331434,0.31256203105749814,0.5887958354268946,25,20,20
46,2940,0.0975454135924109,0.0010963706204166809,0.3125640744576763,0.5887941413294959,25,20,20
46,2941,0.09754541359241015,0.0010963706204124043,0.3124392529935912,0.588918962793586,25,20,20
46,2942,0.09754541418214353,0.001096370634552538,0.31257303476075166,0.5887851804225522,25,20,20
46,2943,0.09754541891254545,0.0010963710583547178,0.31566678817783655,0.5856914218512634,25,20,20
46,2944,0.13729333703577576,0.0010963706361637696,0.2762867277942968,0.5853235645337638,25,20,20
46,2945,0.11983706231115894,0.020505930627381538,0.274367126007047,0.5852898810544123,25,20,20
46,2946,0.11983706231115894,0.020505930627381465,0.2743670435267264,0.5852899635347331,25,20,20
46,2947,0.11983706231692651,0.020505924423533627,0.2454255073824479,0.6142315058770921,25,20,20
46,2948,0.1198370623167452,0.02050592442353359,0.2457939057191508,0.6138631075405706,25,20,20
46,2949,0.11983706231674597,0.020505924423533665,0.24579398506865066,0.6138630281910697,25,20,20
46,2950,0.11983551625854774,0.02050592433422517,0.24579553164180518,0.6138630277654212,25,20,20
46,2951,0.12547445833820692,0.020505923904437267,0.24015658993127842,0.6138630278260763,25,20,20
46,2952,0.11593978009011285,0.020505931659486727,0.24969124177721846,0.6138630464731808,25,20,20
46,2953,0.11593978009011527,0.020505931659486835,0.2494104400045778,0.614143848245819,25,20,20
46,2954,0.07598077123842968,0.020506244144463937,0.289285678684012,0.6142273059330932,25,20,20
46,2955,0.07598179616488435,0.020506244560448604,0.2892846512506917,0.6142273080239739,25,20,20
46,2956,0.0759795673029211,0.01983279103402078,0.28996035117949026,0.6142272904835671,25,20,20
46,2957,0.10639758643821748,0.019832791115645836,0.2595423316320312,0.6142272908141035,25,20,20
46,2958,0.10639758643821669,0.01983279111565005,0.25954695583376153,0.6142226666123698,25,20,20
46,2959,0.10639758643821676,0.01983279111564576,0.259547049980782,0.6142225724653535,25,20,20
46,2960,0.10639758643821676,0.01983279111564576,0.25954707701026186,0.6142225454358737,25,20,20
46,2961,0.14252564681917343,0.019832790684525755,0.223419019151186,0.6142225433451134,25,20,20
46,2962,0.14252564681917343,0.019832790684529963,0.2235111974952833,0.6141303650010117,25,20,20
46,2963,0.14252564681917337,0.019832790684529956,0.22351119466075628,0.614130367835539,25,20,20
46,2964,0.14252564681917337,0.019832790684525675,0.22341890104014164,0.6142226614561579,25,20,20
46,2965,0.14252564622939445,0.019832790670381174,0.2232833713688706,0.6143581917313522,25,20,20
46,2966,0.14252564622939684,0.01983279067062161,0.22291257532111744,0.6147289877788625,25,20,20
46,2967,0.1425256462293969,0.019832790670866195,0.22291920826176093,0.6147223548379744,25,20,20
46,2968,0.14252564596112646,0.01983276311445191,0.2229192311229713,0.6147223598014483,25,20,20
46,2969,0.14252564596112652,0.019832763128386922,0.22293135541755496,0.6147102354929296,25,20,20
46,2970,0.15230881891650008,0.019832755373293084,0.2131482088717987,0.6147102168384064,25,20,20
46,2971,0.15230881891650003,0.019832755373293084,0.21314365982928934,0.6147147658809157,25,20,20
46,2972,0.15230881891654546,0.019832755359353783,0.2131453448611868,0.6147130808629121,25,20,20
46,2973,0.15230881891654552,0.01983275536943824,0.22407427082719514,0.6037841548868196,25,20,20
46,2974,0.1523088189165455,0.019832755369438165,0.22407423598080864,0.6037841897332061,25,20,20
46,2975,0.1523088189269037,0.019832755369442442,0.22416653997773994,0.6036918857259126,25,20,20
46,2976,0.11233596216682624,0.019852840380900082,0.2641192821686718,0.603691915283601,25,20,20
46,2977,0.11233596216937598,0.019852840380904447,0.26410987493272453,0.6037013225169942,25,20,20
46,2978,0.1123359621693728,0.01985284038066039,0.2640198963805956,0.6037913010693704,25,20,20
46,2979,0.1123359621695589,0.019852840370576018,0.25296467133206446,0.6148465261277998,25,20,20
46,2980,0.11233218132658024,0.014694660850083469,0.25812664052388123,0.6148465172994543,25,20,20
46,2981,0.11233218132658024,0.014694660850083467,0.2581243238365143,0.6148488339868213,25,20,20
46,2982,0.11231588924571899,0.014694375257587542,0.2582243591594106,0.6147653763372822,25,20,20
46,2983,0.11592495661074785,0.014694375264288115,0.2546152917558764,0.614765376369087,25,20,20
46,2984,0.11592495661074781,0.01469437526404353,0.25460866128753534,0.6147720068376726,25,20,20
46,2985,0.11592495661074781,0.014694375264043531,0.25460877266442433,0.6147718954607836,25,20,20
46,2986,0.1227653632023042,0.014674203149843417,0.24773461443697994,0.6148258192108712,25,20,20
46,2987,0.12587353446934793,0.014674202019348439,0.24462633494635216,0.6148259285649508,25,20,20
46,2988,0.12587353446934801,0.014674202019348513,0.24463100778145871,0.6148212557298441,25,20,20
46,2989,0.12587353446934796,0.014674202019348513,0.24463096779850818,0.6148212957127948,25,20,20
46,2990,0.12587353446934796,0.01467420201934851,0.24463085472660404,0.6148214087846988,25,20,20
46,2991,0.12587269574094542,3.431402750468222e-05,0.2592715607661352,0.6148214294654138,25,20,20
46,2992,0.12587269574112758,3.431402750483275e-05,0.25927172517169045,0.6148212650596764,25,20,20
46,2993,0.12840534489782718,3.431209725873016e-05,0.25673918583234245,0.6148211571725709,25,20,20
46,2994,0.12840534489951516,3.4312106326866534e-05,0.2707254181753624,0.6008349248187949,25,20,20
46,2995,0.12840534489951197,3.4312106326791304e-05,0.27072541665487465,0.600834926339286,25,20,20
46,2996,0.12921176219544842,3.435838722660106e-05,0.26991898029617806,0.6008348991211448,25,20,20
46,2997,0.12921176206439275,2.0228507398283173e-05,0.2301494335677395,0.6406185758604689,25,20,20
46,2998,0.12921176206439353,2.022850740243683e-05,0.21655266466515452,0.654215344763049,25,20,20
46,2999,0.12906221448979435,2.0228597926239245e-05,0.2167022113008754,0.6542153456114034,25,20,20
46,3000,0.12794960780865788,2.024721055597903e-05,0.2178146245975064,0.6542155203832791,25,20,20
46,3001,0.12794960707293318,2.020215301718544e-05,0.21773226232028128,0.6542979284537678,25,20,20
46,3002,0.14291892948242987,2.083140715566608e-05,0.20281618148098896,0.6542440576294254,25,20,20
46,3003,0.14291892948242987,2.0831407155666107e-05,0.20281618090540135,0.6542440582050131,25,20,20
46,3004,0.12659579011604888,2.097262453212059e-05,0.21702510225261837,0.6563581350068002,25,20,20
46,3005,0.12659579011346206,2.0972624288388822e-05,0.21689591290086457,0.6564873243613846,25,20,20
46,3006,0.12659579011364414,2.097262429268049e-05,0.21689141493135053,0.6564918223307121,25,20,20
46,3007,0.1265808989587967,0.0011134080112062648,0.21572084480374668,0.6565848482262492,25,20,20
46,3008,0.1265808989587968,0.0011134080112062648,0.2157208453050149,0.6565848477249808,25,20,20
46,3009,0.1265808989587976,0.0011134080112105544,0.2157274498403072,0.6565782431896835,25,20,20
46,3010,0.12658089896749114,0.0011134080021467094,0.20174358811996865,0.6705621049103929,25,20,20
46,3011,0.12658089895994715,0.0011134079918809845,0.19077743519038642,0.681528257857785,25,20,20
46,3012,0.143057066825252,0.0011132666824139885,0.17641548628469447,0.6794141802076389,25,20,20
46,3013,0.14305706682525307,0.0011132666963133604,0.17654220113591854,0.6792874653425145,25,20,20
46,3014,0.16071398195968203,0.0011126341911529805,0.15888596976301497,0.6792874140861501,25,20,20
46,3015,0.16057499902201883,0.0011126342802918628,0.15902357437380366,0.6792887923238858,25,20,20
46,3016,0.16057500744938075,0.001112634280287647,0.1590330326837097,0.6792793255866222,25,20,20
46,3017,0.16057500744937758,0.0011126342802876457,0.15894076997575457,0.6793715882945804,25,20,20
46,3018,0.16057500744937755,0.0011126342800473143,0.15906798536281702,0.6792443729077584,25,20,20
46,3019,0.1605750074585502,0.0011126349822441527,0.16372769714357793,0.6745846604156276,25,20,20
46,3020,0.16057500744819198,0.0011126349822399451,0.16363550653661504,0.6746768510329528,25,20,20
46,3021,0.1605750074481888,0.001112634982235665,0.1635432872316947,0.6747690703378808,25,20,20
46,3022,0.160575007448188,0.0011126349822313739,0.16353668325772575,0.6747756743118549,25,20,20
46,3023,0.160575007448188,0.0011126349822313765,0.16353668661283532,0.6747756709567453,25,20,20
46,3024,0.1596518816786186,0.0011126346366388744,0.16445971933200948,0.6747757643527328,25,20,20
46,3025,0.13449403495274057,0.001112615941277483,0.18961769893599573,0.6747756501699856,25,20,20
46,3026,0.13836054770148937,0.0011126159413045885,0.18575118618734024,0.6747756501698654,25,20,20
46,3027,0.10429096565980597,0.0011126158524081278,0.21982213952968485,0.6747742789580999,25,20,20
46,3028,0.10668492805306089,0.0011127278919910043,0.21527662280030035,0.6769257212546473,25,20,20
46,3029,0.10668492805306087,0.0011127278919910043,0.21528314447569624,0.6769191995792515,25,20,20
46,3030,0.13383564243289167,0.0011127278930837465,0.18813243712052916,0.6769191925534948,25,20,20
46,3031,0.13383564243289167,0.0011127278930794674,0.1880029151351556,0.6770487145388726,25,20,20
46,3032,0.12297630369526091,0.0011128964916980772,0.19881855700415993,0.6770922428088807,25,20,20
46,3033,0.12297630369507483,0.0011128964919382928,0.19882203898885417,0.6770887608241324,25,20,20
46,3034,0.11050117521912024,0.0011128964947908766,0.21129722847335916,0.677088699812729,25,20,20
46,3035,0.11050117521912185,0.0011128964947951542,0.2114272670810281,0.6769586612050543,25,20,20
46,3036,0.11325099392025864,0.0011128497111509556,0.2086776067256216,0.6769585496429683,25,20,20
46,3037,0.07887941810964826,0.0011128497489959486,0.24304917896716738,0.6769585531741882,25,20,20
46,3038,0.07887941809926675,0.001112849748995449,0.24770567679224473,0.6723020553594933,25,20,20
46,3039,0.11317917098560487,0.001112849711150389,0.2134059274673864,0.6723020518358578,25,20,20
46,3040,0.11317917098564723,0.0011128497111503165,0.2134059872793717,0.6723019920238302,25,20,20
46,3041,0.11226849576771979,0.0011128502030815196,0.2143166620053647,0.6723019920238333,25,20,20
46,3042,0.13005800010450813,0.0011126816031272555,0.1965708545387524,0.6722584637536119,25,20,20
46,3043,0.13005800010446344,0.0011126816170665581,0.19657841274043597,0.6722509055380337,25,20,20
46,3044,0.13005800010446186,0.001112681617062356,0.19644848864268494,0.6723808296357906,25,20,20
46,3045,0.13005800010446178,0.0011126816170586383,0.1917897007763408,0.6770396175021389,25,20,20
46,3046,0.13005800010446184,0.001112681617058713,0.19191918298958868,0.6769101352888909,25,20,20
46,3047,0.13005800010446184,0.0011126816170587133,0.19191918299968708,0.6769101352787924,25,20,20
46,3048,0.1300580001044619,0.0011126816170587107,0.1919192080843845,0.6769101101940949,25,20,20
46,3049,0.13005800010428187,0.0011126816031593386,0.1917924390567851,0.6770368792357735,25,20,20
46,3050,0.1300579916743247,0.0011126816031591879,0.19177838397109181,0.6770509427514242,25,20,20
46,3051,0.13005799167436494,0.0011126816156948806,0.19643726518039006,0.6723920615295494,25,20,20
46,3052,0.13005799167436494,0.0011126816156948834,0.19643726764252656,0.6723920590674131,25,20,20
46,3053,0.130057991674365,0.0011126816156948834,0.19644203747680705,0.6723872892331325,25,20,20
46,3054,0.13005799167450927,0.0011126816031677355,0.1919626644675005,0.6768666622548224,25,20,20
46,3055,0.13005799167450927,0.001112681603167734,0.19196266647933563,0.6768666602429874,25,20,20
46,3056,0.13005799167432713,0.0011126816031635175,0.191964086156942,0.6768652405655672,25,20,20
46,3057,0.12631320147758374,0.0011126817644944058,0.19570885389984327,0.6768652628580781,25,20,20
46,3058,0.12631314227782986,5.150684711945476e-07,0.19681801349723446,0.6768683291564638,25,20,20
46,3059,0.12631314226865717,5.143662743561463e-07,0.19215822213738026,0.6815281212276875,25,20,20
46,3060,0.12631314226865797,5.143662743574901e-07,0.1921581752740772,0.6815281680909897,25,20,20
46,3061,0.11129509437380808,5.143597977833529e-07,0.20717620408667237,0.681528187179721,25,20,20
46,3062,0.11139033840856102,4.947682690381702e-07,0.20708098297883576,0.6815281838443336,25,20,20
46,3063,0.11139033840856097,4.9476826903949e-07,0.20708088651652143,0.681528280306648,25,20,20
46,3064,0.07563689655891796,9.303730007119445e-06,0.24282480486859623,0.6815289948424792,25,20,20
46,3065,0.07563689655891795,9.303730007045475e-06,0.24282472894445697,0.6815290707666185,25,20,20
46,3066,0.07563689655892114,9.303730011335331e-06,0.24282943113793998,0.6815243685731278,25,20,20
46,3067,0.07563689655891795,9.303730015476407e-06,0.24282951673155523,0.6815242829795115,25,20,20
46,3068,0.07563798139828581,9.198740635938391e-05,0.24284174851119134,0.6814282826841637,25,20,20
46,3069,0.07563798140085636,9.19874066016512e-05,0.24321481772044984,0.6810552134720925,25,20,20
46,3070,0.07563798140085634,9.198740659736091e-05,0.24322122524929451,0.6810488059432521,25,20,20
46,3071,0.07526399996395129,0.00010344333588105016,0.24358448758493925,0.6810480691152289,25,20,20
46,3072,0.07526400055050124,0.00010344334951964015,0.24339133553041012,0.6812412205695694,25,20,20
46,3073,0.07526400055050439,0.00010344334976205607,0.24376441803031035,0.6808681380694236,25,20,20
46,3074,0.07526400055050754,0.00010344334951747516,0.24375787680708666,0.6808746792928888,25,20,20
46,3075,0.07526400055050754,0.00010344334951747256,0.24375787492053774,0.6808746811794376,25,20,20
46,3076,0.07526400055050754,0.00010344334951747387,0.243757839524762,0.6808747165752134,25,20,20
46,3077,0.07526400055310287,0.00010344334952176423,0.24363072448774298,0.6810018316096326,25,20,20
46,3078,0.07526400055314825,0.000103443349526042,0.24376018092662538,0.6808723751707005,25,20,20
46,3079,0.07526400055314815,0.0001034433495260433,0.2437570040996947,0.6808755519976312,25,20,20
46,3080,0.0752640005531473,0.00010344333558681455,0.24374476631937522,0.6808877897918907,25,20,20
46,3081,0.07603457277388716,0.00010344332750728241,0.24297419406859722,0.6808877898300076,25,20,20
46,3082,0.07603457277389032,0.0001034433275116073,0.24334259625315038,0.6805193876454467,25,20,20
46,3083,0.07603457277389034,0.00010344332751168259,0.24334271156478782,0.6805192723338093,25,20,20
46,3084,0.07603457277389034,0.00010344332751597288,0.24334128735156368,0.6805206965470291,25,20,20
46,3085,0.07603457277389034,0.00010344332751597288,0.2433412873515638,0.6805206965470291,25,20,20
46,3086,0.07610280928707491,2.040696744735927e-05,0.24334845288628318,0.6805283308591937,25,20,20
46,3087,0.07610280928966447,2.0406967455922778e-05,0.24344077221591254,0.6804360115269665,25,20,20
46,3088,0.07610280870058868,2.0406953579345695e-05,0.24335346611833045,0.6805233182275009,25,20,20
46,3089,0.07610280870058866,2.0406953579270424e-05,0.2433533513058409,0.6805234330399905,25,20,20
46,3090,0.07610280870316687,2.0406967187223436e-05,0.24324767839291636,0.680629105936729,25,20,20
46,3091,0.09159807245468286,2.0406973647437666e-05,0.22775252538872817,0.6806289951829412,25,20,20
46,3092,0.09159807245468286,2.0406973647365017e-05,0.22775714412820805,0.6806243764434613,25,20,20
46,3093,0.09159807246506363,2.040697388779861e-05,0.22738642981105908,0.6809950907499891,25,20,20
46,3094,0.09159807246506362,2.0406973887723318e-05,0.22738642712785664,0.6809950934331915,25,20,20
46,3095,0.09159807246506364,2.04069738875754e-05,0.22738484422195712,0.6809966763390911,25,20,20
46,3096,0.09159807246506364,2.0406973887576693e-05,0.22737835392679298,0.6810031666342553,25,20,20
46,3097,0.09159807246501817,2.040697388329518e-05,0.22728578976806876,0.6810957307930293,25,20,20
46,3098,0.09159807246501817,2.0406973883295223e-05,0.22728579043649083,0.6810957301246071,25,20,20
46,3099,0.0915980724649728,2.040697387901747e-05,0.22715629291814488,0.6812252276430029,25,20,20
46,3100,0.09159807246497279,2.0406973879017422e-05,0.22715633402202015,0.6812251865391277,25,20,20
46,3101,0.09159807246238329,2.0406973874746184e-05,0.22707061862692438,0.6813109019368171,25,20,20
46,3102,0.09159807246238094,2.04069738704953e-05,0.2266997953667526,0.6816817251969954,25,20,20
46,3103,0.0915980724625449,2.0406983962379248e-05,0.23775562075288664,0.670625899800605,25,20,20
46,3104,0.0915980724625879,2.0406984178572607e-05,0.24241497269775938,0.6659665478554732,25,20,20
46,3105,0.09159807327394613,3.9100484065832266e-07,0.24243498749426196,0.6659665482269501,25,20,20
46,3106,0.09159807341928185,3.9100508518403963e-07,0.24243661707066905,0.6659649185049628,25,20,20
46,3107,0.09159807341946426,3.9100532917884995e-07,0.24255186387189284,0.6658496717033127,25,20,20
46,3108,0.09159807341946108,3.9100532917864624e-07,0.24255376619898594,0.6658477693762228,25,20,20
46,3109,0.09159807341927867,3.910050851851336e-07,0.2424385203226829,0.6659630152529522,25,20,20
46,3110,0.0915980734192795,3.910050851864425e-07,0.24244501059350962,0.6659565249821245,25,20,20
46,3111,0.09167204925163902,3.910050577674844e-07,0.24237103476862887,0.6659565249746733,25,20,20
46,3112,0.09167204925166862,3.9152177517432323e-07,0.25636523256286564,0.6519623266636895,25,20,20
46,3113,0.09167151173157949,4.194435721660809e-07,0.2563734983195491,0.6519545705052983,25,20,20
46,3114,0.09020652693186833,2.8099215766861336e-07,0.25998993333411574,0.649803258741858,25,20,20
46,3115,0.0902065269344634,2.8099240232095784e-07,0.2599925675091065,0.6498006245640273,25,20,20
46,3116,0.09022123310021027,3.7855281032929294e-07,0.25997776415459306,0.6498006241923858,25,20,20
46,3117,0.0900891683194926,3.786419037456073e-07,0.2601084504499525,0.649802002588651,25,20,20
46,3118,0.09008916831949261,3.7864190374430874e-07,0.26010867901179113,0.6498017740268122,25,20,20
46,3119,0.09008916832205358,3.7812518640038296e-07,0.24623992858869584,0.6636705249640639,25,20,20
46,3120,0.09008916832205358,3.781251863991084e-07,0.2462413877717813,0.6636690657809784,25,20,20
46,3121,0.07806782304573692,3.8170386199689257e-07,0.25820923546378405,0.6637225597866167,25,20,20
46,3122,0.07806782304314186,3.8170361734197645e-07,0.2582019819747849,0.6637298132784555,25,20,20
46,3123,0.07806782304314192,3.8170386195078724e-07,0.25820426183394535,0.6637275334190502,25,20,20
46,3124,0.07806782304314192,3.817038618755085e-07,0.2581977381449069,0.6637340571080886,25,20,20
46,3125,0.07806782304314193,3.817036174159607e-07,0.25819552080060065,0.6637362744526394,25,20,20
46,3126,0.07806782304309888,3.817034012212818e-07,0.25353613019922383,0.6683956650542755,25,20,20
46,3127,0.07806782303271732,3.817031565386802e-07,0.25353382143542924,0.6683979738286966,25,20,20
46,3128,0.07806782303271811,3.8170340036976634e-07,0.2536632635724743,0.6682685316914069,25,20,20
46,3129,0.07814839799447885,9.172736891165149e-06,0.25357388416837867,0.668268545100251,25,20,20
46,3130,0.07814839799447801,9.172736891089848e-06,0.2535673924697929,0.6682750367988376,25,20,20
46,3131,0.07814839799447801,9.172736891164847e-06,0.25369529180304173,0.6681471374655888,25,20,20
46,3132,0.07814839799448114,9.1727368910909e-06,0.2536952912477572,0.6681471380208702,25,20,20
46,3133,0.07814839901514518,9.17272679966042e-06,0.2777950730126628,0.6440473552453914,25,20,20
46,3134,0.07810525087607527,1.2634415876478362e-06,0.2778461438143114,0.6440473418680246,25,20,20
46,3135,0.07810525087607846,1.263441832228801e-06,0.2778532482989976,0.6440402373830907,25,20,20
46,3136,0.07906983997901178,1.263435176683752e-06,0.27688866088017944,0.6440402357056314,25,20,20
46,3137,0.07906983997901416,1.2634351775367161e-06,0.2767614984371111,0.6441673981486964,25,20,20
46,3138,0.07906031329323542,1.2634414430539883e-06,0.2767710268485613,0.6441673964167595,25,20,20
46,3139,0.07906031329323226,1.2634412027652485e-06,0.2767702982855928,0.6441681249799714,25,20,20
46,3140,0.10640590869343898,1.2619934827358582e-06,0.24942470451585805,0.6441681247972203,25,20,20
46,3141,0.10640590869090313,1.2619798770509894e-06,0.2491596180534029,0.644433211275817,25,20,20
46,3142,0.06645922691360699,1.2628186988568463e-06,0.28910629892123957,0.6444332113464546,25,20,20
46,3143,0.07330875569961749,1.262820560593179e-06,0.282256769707909,0.644433211771913,25,20,20
46,3144,0.07330875569961749,1.2628205605919037e-06,0.2822566566601907,0.6444333248196314,25,20,20
46,3145,0.038421283710730475,1.264122321842006e-06,0.31712410527160495,0.644453346895343,25,20,20
46,3146,0.038421283710545956,1.2641223132972544e-06,0.3169446755536543,0.644632776613487,25,20,20
46,3147,0.0384212837105459,1.2641223090063056e-06,0.31693815013569177,0.6446393020314538,25,20,20
46,3148,0.03842128371054596,1.2641223090828718e-06,0.31693818498193854,0.6446392671852069,25,20,20
46,3149,0.038421283562614865,1.2641220601917647e-06,0.3169341502292306,0.6446433020860948,25,20,20
46,3150,0.06694580224604309,1.2711371639998386e-06,0.2884097547836449,0.6446431718331478,25,20,20
46,3151,0.06694580224604309,1.2711371639985185e-06,0.28840967626707387,0.6446432503497188,25,20,20
46,3152,0.06694580224604309,1.2711371640711693e-06,0.2884096776509554,0.6446432489658374,25,20,20
46,3153,0.06694580224604309,1.2711371641464708e-06,0.28841627985672164,0.644636646760071,25,20,20
46,3154,0.06270533439116269,1.2716558144173086e-06,0.29265674706274886,0.6446366468902736,25,20,20
46,3155,0.06270533439120822,1.271656059002549e-06,0.2926633003899009,0.6446300935628314,25,20,20
46,3156,0.06294946722127295,1.2711434071782492e-06,0.29241916661099504,0.6446300950243244,25,20,20
46,3157,0.06288587097554749,0.0003148250141842805,0.29214297977785436,0.6446563242324137,25,20,20
46,3158,0.06288587097550276,0.00031482501393977053,0.2921364605370215,0.6446628434735358,25,20,20
46,3159,0.0628858709755027,0.00031482501393969393,0.292136575221116,0.6446627287894414,25,20,20
46,3160,0.06288587097545797,0.0003148250136950112,0.2921342431617086,0.6446650608491383,25,20,20
46,3161,0.06288587097545481,0.00031482501369500994,0.2921341831894361,0.644665120821414,25,20,20
46,3162,0.06288587097545477,0.00031482501369493464,0.2921341015486364,0.6446652024622139,25,20,20
46,3163,0.0659069643177088,0.00031361892622669413,0.2891142142921955,0.644665202463869,25,20,20
46,3164,0.0659069643177096,0.0003136189262224791,0.2894807118468381,0.6442987049092299,25,20,20
46,3165,0.0659069643177096,0.0003136189262224803,0.2894807123981043,0.6442987043579639,25,20,20
46,3166,0.06863204987878842,0.0003135966319931707,0.2867556491645434,0.644298704324675,25,20,20
46,3167,0.06863264258296436,0.0003135958174111009,0.28675505734559253,0.6442987042540324,25,20,20
46,3168,0.06863264258296359,0.0003135958174110256,0.28675517135172174,0.6442985902479041,25,20,20
46,3169,0.06830368618518619,0.00031359582052796,0.28708399069609375,0.6442987272981927,25,20,20
46,3170,0.06830368618518935,0.00031359583437832897,0.2873512095688144,0.6440315084116185,25,20,20
46,3171,0.0683036861851886,0.00031359583438261797,0.28735137577519526,0.644031342205234,25,20,20
46,3172,0.0683036861851854,0.00031359583438254164,0.2872219698869053,0.6441607480935272,25,20,20
46,3173,0.0683036861851862,0.0003135958343867573,0.28722846055744855,0.6441542574229788,25,20,20
46,3174,0.0683036861851862,0.0003135958343867573,0.28722846058179075,0.6441542573986366,25,20,20
46,3175,0.06830368618536477,0.00031359582054067144,0.2870533141426152,0.6443294038514797,25,20,20
46,3176,0.06830368618536477,0.0003135958205406715,0.2870533482053717,0.6443293697887233,25,20,20
46,3177,0.06830368618536471,0.0003135958205364564,0.2870532340498391,0.6443294839442602,25,20,20
46,3178,0.06830368618536391,0.0003135958205321668,0.2870467419866569,0.6443359760074475,25,20,20
46,3179,0.06830368618536396,0.0003135958205321668,0.2870482504825315,0.6443344675115728,25,20,20
46,3180,0.06830368618536478,0.00031359582053653223,0.28704991225278104,0.644332805741318,25,20,20
46,3181,0.06830368618536796,0.0003135958205366062,0.2870546137805285,0.6443281042135673,25,20,20
46,3182,0.06891137465507366,0.00031359454133238847,0.28646694902839626,0.644308081775197,25,20,20
46,3183,0.06891137540517102,0.0003135945413717013,0.32277114451197575,0.6080038855414799,25,20,20
46,3184,0.06888268992992884,0.00031359535645577354,0.32279982917089506,0.6080038855427192,25,20,20
46,3185,0.06888268992992884,0.00031359535645577224,0.32279982913618765,0.6080038855774267,25,20,20
46,3186,0.0688826899297503,0.00031359535645585535,0.32271413265469356,0.6080895820590991,25,20,20
46,3187,0.06888268994013198,0.00031359535645593064,0.3227141786444417,0.6080895360589692,25,20,20
46,3188,0.06894482644716388,0.0003135958092428987,0.32265218032544674,0.6080893974181454,25,20,20
46,3189,0.06894482644720913,0.0003135958092513496,0.3229138169434726,0.607827760800066,25,20,20
46,3190,0.06894482644720909,0.00031359580924705864,0.322907212457891,0.6078343652856519,25,20,20
46,3191,0.06894362122883663,0.00031359578376564674,0.32290841424113736,0.6078343687462594,25,20,20
46,3192,0.0689436212288359,0.0003135957837656462,0.32253542606379937,0.6082073569235981,25,20,20
46,3193,0.07022829414451218,0.0003136051032267586,0.3178668257839158,0.6115912749683443,25,20,20
46,3194,0.07022829414451215,0.0003136051032266834,0.3178669404846702,0.6115911602675902,25,20,20
46,3195,0.10064885266990649,0.0003136051030168827,0.2874463854695126,0.6115911567575636,25,20,20
46,3196,0.10064885266990649,0.00031360510301688143,0.2874464979067384,0.611591044320338,25,20,20
46,3197,0.11267770529868171,0.00031360143527624554,0.2754725213402892,0.6115361719257524,25,20,20
46,3198,0.1126777052986825,0.0003136014352762468,0.27547889779254325,0.6115297954734976,25,20,20
46,3199,0.11267770529872483,0.00031360143527195584,0.27547894312628185,0.611529750139721,25,20,20
46,3200,0.11252713084102849,0.0003136017013716953,0.2756294923985889,0.6115297750590105,25,20,20
46,3201,0.11252713084103175,0.00031360170161575545,0.2757217943600101,0.611437473097342,25,20,20
46,3202,0.11252713084103176,0.0003136017016158294,0.275721908249604,0.611437359207748,25,20,20
46,3203,0.10996677204825345,0.00031384115239928913,0.2782819868767597,0.6114373999225873,25,20,20
46,3204,0.13825903469353512,0.0003138319001143668,0.25821574284520316,0.6032113905611469,25,20,20
46,3205,0.1382590346935807,0.00031383190011444477,0.2582156956159576,0.6032114377903468,25,20,20
46,3206,0.10911848703476203,0.0019665203842013272,0.2857034700269333,0.603211522554102,25,20,20
46,3207,0.10340683054204128,0.001966549554121526,0.29141495835972925,0.6032116615441079,25,20,20
46,3208,0.10340683053165955,0.001966549554121526,0.2914134324306515,0.6032131874835673,25,20,20
46,3209,0.10340683053291581,0.0019665495541219785,0.3265717238357566,0.5680548960772057,25,20,20
46,3210,0.10340682979544594,0.001966549631810695,0.3301406987951544,0.5644859217775878,25,20,20
46,3211,0.10340682979540361,0.0019665496318107705,0.33014065232243955,0.564485968250345,25,20,20
46,3212,0.10340682979540361,0.0019665496318107697,0.3301406857164579,0.5644859348563266,25,20,20
46,3213,0.10340682979544591,0.0019665496315710764,0.33004858162062917,0.5645780389523528,25,20,20
46,3214,0.10340682979540039,0.001966549631571002,0.33005308648606047,0.5645735340869671,25,20,20
46,3215,0.10340580794419875,0.0019665487862500232,0.33005410918384376,0.5645735340857049,25,20,20
46,3216,0.1314059706353018,0.001966548790523457,0.30205394648844264,0.5645735340857307,25,20,20
46,3217,0.13140597063525697,0.001966548790523529,0.3020539623633939,0.5645735182108242,25,20,20
46,3218,0.1314059706352562,0.001966548790523528,0.30204735789816994,0.564580122676049,25,20,20
46,3219,0.12528577758421694,0.0019665487859797048,0.30816755095377873,0.5645801226760232,25,20,20
46,3220,0.12528577758421694,0.0019665487859797048,0.3081675484050995,0.5645801252247025,25,20,20
46,3221,0.12528577758439588,0.001966548785735021,0.30816530830754124,0.5645823653223269,25,20,20
46,3222,0.1252857775843927,0.001966548785734873,0.3081587055970687,0.5645889680328028,25,20,20
46,3223,0.1252857775843927,0.0019665487857349483,0.30816531035151423,0.5645823632783571,25,20,20
46,3224,0.12528577758439197,0.001966548785734799,0.3081653077612622,0.5645823658686101,25,20,20
46,3225,0.1317025506410571,0.001966309336658675,0.3017487901938419,0.5645823498284414,25,20,20
46,3226,0.13170255064105788,0.0019663093366544594,0.3017463678195199,0.5645847722027667,25,20,20
46,3227,0.13170255064105707,0.0019663093366500957,0.301744818535468,0.5645863214868241,25,20,20
46,3228,0.1317025506412336,0.001966309336650167,0.30648999106973557,0.5598411489523797,25,20,20
46,3229,0.1317025512539657,0.0019663093366497986,0.30585814778016096,0.5604729916292226,25,20,20
46,3230,0.13170255125396574,0.0019663093366497257,0.3058603100254855,0.5604708293838979,25,20,20
46,3231,0.1317025512540113,0.0019663093366540183,0.30586432195845625,0.5604668174508776,25,20,20
46,3232,0.13244021476658158,0.0019663785219597,0.3047669700010682,0.5608264367103881,25,20,20
46,3233,0.13244021477686693,0.0019663785222062188,0.3051334824706554,0.5604599242302691,25,20,20
46,3234,0.13244021477946125,0.0019663785222147254,0.30513796999243775,0.560455436705884,25,20,20
46,3235,0.13244021477686616,0.0019663785222061424,0.3051312012777936,0.5604622054231317,25,20,20
46,3236,0.16355198576975014,0.0019663824805979863,0.27474664474258964,0.5597349870070609,25,20,20
46,3237,0.16379540018810013,0.002293297612577917,0.27417749011281745,0.5597338120865034,25,20,20
46,3238,0.17395673266286052,0.002293297635711924,0.2640161754404152,0.5597337942610116,25,20,20
46,3239,0.1915577210119363,0.0022932976359384717,0.24641518538050572,0.5597337959716192,25,20,20
46,3240,0.15522378032036374,0.002293297634348503,0.28274915068411255,0.5597337713611734,25,20,20
46,3241,0.1557259132849724,0.002293297816649902,0.282247018370538,0.559733770527838,25,20,20
46,3242,0.15572591339303238,0.0022932983593232,0.2949310084981025,0.5470497797495405,25,20,20
46,3243,0.15572591339303238,0.0022932983593232,0.29493100791241644,0.5470497803352266,25,20,20
46,3244,0.15573784285226075,0.0022932984464666575,0.2949190779504455,0.5470497807508256,25,20,20
46,3245,0.15208682425742862,0.002294736503063181,0.2985686585108678,0.5470497807286393,25,20,20
46,3246,0.15200016842033207,0.0022947364263650825,0.29865545098121266,0.5470496441720877,25,20,20
46,3247,0.13461926912777014,0.002294742018208143,0.3135344111739414,0.5495515776800781,25,20,20
46,3248,0.13780832827558015,0.002294741517503908,0.31034523984127416,0.5495516903656396,25,20,20
46,3249,0.13780852793729223,0.0022933034692950646,0.3103464771040022,0.5495516914894085,25,20,20
46,3250,0.13780852792700685,0.002293303469048473,0.30997336304324713,0.5499248055606955,25,20,20
46,3251,0.13780852792700685,0.00229330346904847,0.30997336094463984,0.5499248076593027,25,20,20
46,3252,0.13780852792705237,0.002293303469293153,0.3099734458996967,0.5499247227039561,25,20,20
46,3253,0.13780852792705314,0.002293303469297444,0.3099799380807836,0.549918230522864,25,20,20
46,3254,0.13780852792705323,0.0022933034693017676,0.3103530388059855,0.5495451297976578,25,20,20
46,3255,0.13780852792687107,0.0022933034693017676,0.3103530339377056,0.5495451346661199,25,20,20
46,3256,0.13780852792687107,0.0022933034693017676,0.31035294655323076,0.5495452220505946,25,20,20
46,3257,0.13780852792705262,0.0022933034831384667,0.31065949392115255,0.5492386746686546,25,20,20
46,3258,0.1383525703209828,0.001966433957846266,0.3104360129823357,0.5492449827388343,25,20,20
46,3259,0.160958217417396,0.001652851550348472,0.28817012266544395,0.5492188083668113,25,20,20
46,3260,0.16095821741739919,0.0016528515503484746,0.2881682221957048,0.549220708836547,25,20,20
46,3261,0.16095821741735367,0.0016528515501038658,0.2881659421871451,0.5492229888453969,25,20,20
46,3262,0.1614322750628872,0.0016528658018289447,0.2876918702966109,0.5492229888386723,25,20,20
46,3263,0.162142137667469,0.0016528774747170342,0.2869819942959289,0.5492229905618844,25,20,20
46,3264,0.20179766994450327,1.8150113531538464e-07,0.24897924307515698,0.5492229054792046,25,20,20
46,3265,0.1784773662780692,1.6958914949573975e-07,0.27229957052225084,0.5492228936105302,25,20,20
46,3266,0.17847736627788843,1.6957531708792402e-07,0.2719952154932891,0.5495272486535052,25,20,20
46,3267,0.1784773662778408,1.6957530863833606e-07,0.2717355272074129,0.5497869369394375,25,20,20
46,3268,0.14203821614385453,1.7030659424541927e-07,0.308174553318032,0.5497870602315187,25,20,20
46,3269,0.16788938271660594,1.6959077591697696e-07,0.2823234934824594,0.5497869542101582,25,20,20
46,3270,0.2068398288083449,1.2896220793327037e-07,0.2433794045008951,0.549780637728552,25,20,20
46,3271,0.20027904499888144,3.646412969957723e-07,0.24993993215575602,0.5497806582040655,25,20,20
46,3272,0.2002790448908094,3.6409862261428266e-07,0.24785995054267887,0.5518606404678894,25,20,20
46,3273,0.24001863434638765,3.690579223145229e-07,0.20812040083904043,0.5518605957566498,25,20,20
46,3274,0.2401716044784693,3.6879182208790275e-07,0.2079674558996674,0.5518605708300417,25,20,20
46,3275,0.24017160447847175,3.6879206236701887e-07,0.20796975339147267,0.5518582733379938,25,20,20
46,3276,0.24017160447848368,3.687920635110269e-07,0.19749139445787947,0.5623366322715735,25,20,20
46,3277,0.2507704423941225,3.6859407015837646e-07,0.18689257488075303,0.5623366141310545,25,20,20
46,3278,0.2507704423941225,3.685940700817874e-07,0.18689257425842068,0.5623366147533869,25,20,20
46,3279,0.25077044239412166,3.6859406579037594e-07,0.18689496726917365,0.562334221742639,25,20,20
46,3280,0.2507704423941217,3.685940657916737e-07,0.18689493532616827,0.5623342536856445,25,20,20
46,3281,0.23880192758700164,3.970864858243386e-07,0.1988634180443364,0.5623342572821769,25,20,20
46,3282,0.23893750713388232,3.919625273409508e-07,0.1987278436439637,0.5623342572596268,25,20,20
46,3283,0.23893750714423848,3.9275532695365445e-07,0.19882769632957506,0.5622344037708598,25,20,20
46,3284,0.23893750714423848,3.927553269562719e-07,0.19883231565591594,0.5622297844445188,25,20,20
46,3285,0.23893750713388237,3.9197484697506715e-07,0.20339124307324138,0.5576708578180302,25,20,20
46,3286,0.23893750713388243,3.9197484697247253e-07,0.20339283278535367,0.5576692681059179,25,20,20
46,3287,0.2389375071338371,3.919748426223213e-07,0.20326767123489123,0.55779442965643,25,20,20
46,3288,0.2622912663877024,3.6288534107518146e-07,0.17991388682126844,0.5577944839056882,25,20,20
46,3289,0.26229126638770234,3.628853412244157e-07,0.17991542788945178,0.5577929428375047,25,20,20
46,3290,0.2622912663877022,3.628853412217966e-07,0.1799109279264829,0.5577974428004737,25,20,20
46,3291,0.2559797861384115,3.3439346253115687e-07,0.1862194406740589,0.5578004387940672,25,20,20
46,3292,0.2559797861384147,3.343934626064175e-07,0.18622391255894485,0.5577959669091781,25,20,20
46,3293,0.2559797861384499,3.344052275794304e-07,0.19246880907968866,0.5515510703766343,25,20,20
46,3294,0.2559797861384467,3.3440522757942637e-07,0.19247071138775337,0.5515491680685728,25,20,20
46,3295,0.26165433475510425,3.286360128794787e-07,0.18929810285244864,0.5490472337564346,25,20,20
46,3296,0.23996637982781646,3.286293741729696e-07,0.21098905737269963,0.5490442341701104,25,20,20
46,3297,0.23600399047278586,3.2863494533918883e-07,0.2149514463329565,0.5490442345593126,25,20,20
46,3298,0.2135571874660913,3.5494870598886036e-07,0.2373982797079252,0.5490441778772779,25,20,20
46,3299,0.2135571874660914,3.549489504975707e-07,0.2374047702226285,0.5490376873623302,25,20,20
46,3300,0.21355718746609142,3.5494895057283725e-07,0.23740169193646474,0.5490407656484938,25,20,20
46,3301,0.21355718746609145,3.549489548637416e-07,0.23740829785434722,0.5490341597306071,25,20,20
46,3302,0.21355718746609145,3.5494895486242153e-07,0.23741020307330593,0.5490322545116482,25,20,20
46,3303,0.21278915390078193,2.8554311744892363e-07,0.23853418637512733,0.5486763741809719,25,20,20
46,3304,0.21660229947077758,2.855407735277714e-07,0.23472101743644333,0.5486763975520041,25,20,20
46,3305,0.2166022994707808,2.8554077360306305e-07,0.234721138679643,0.5486762763088013,25,20,20
46,3306,0.21675528741031386,2.855375449454694e-07,0.2345681745109113,0.5486762525412288,25,20,20
46,3307,0.21675528741031067,2.855375448714987e-07,0.23456805435248324,0.5486763726996601,25,20,20
46,3308,0.22869694994692175,2.855438451346033e-07,0.22262639014881827,0.5486763743604138,25,20,20
46,3309,0.18876328457933378,3.1247379424105397e-07,0.2625600285477434,0.5486763743991269,25,20,20
46,3310,0.18876328457951594,3.124737986066824e-07,0.2625536474657241,0.5486827554809597,25,20,20
46,3311,0.1887632845795152,3.124737985314252e-07,0.26254707811032274,0.5486893248363619,25,20,20
46,3312,0.1887632845795152,3.1247379853142477e-07,0.2625470790353058,0.5486893239113788,25,20,20
46,3313,0.1887632845797162,3.131756348673628e-07,0.2672251207056354,0.5440112815390122,25,20,20
46,3314,0.18556718926856686,3.3882130751307934e-07,0.2704211808606184,0.5440112910495061,25,20,20
46,3315,0.1855671892683855,3.388213032214328e-07,0.27042756041144567,0.5440049114988643,25,20,20
46,3316,0.18556718926838228,3.38821058650069e-07,0.2704186581837458,0.5440138137268121,25,20,20
46,3317,0.18556718926838542,3.388210586161186e-07,0.2700521937000525,0.5443802782105025,25,20,20
46,3318,0.18700572486828249,5.2685227290885245e-06,0.26859703579432503,0.5443919708146623,25,20,20
46,3319,0.1937405503965104,5.027879681605055e-06,0.26186247136214286,0.5443919503616642,25,20,20
46,3320,0.19386482503038632,5.027879653223176e-06,0.2617381967284285,0.5443919503615312,25,20,20
46,3321,0.19386482503037059,5.0271778254685425e-06,0.25706352468782856,0.5490666231039746,25,20,20
46,3322,0.19339125239720364,5.013428678292352e-06,0.25709374210736663,0.5495099920667509,25,20,20
46,3323,0.19339125239716531,5.013416913318041e-06,0.25084884439827565,0.5557548897876452,25,20,20
46,3324,0.15363191189553066,5.013461786024022e-06,0.29059512923811126,0.5557679454045714,25,20,20
46,3325,0.15363191189553066,5.013461785950041e-06,0.29058852644667954,0.5557745481960032,25,20,20
46,3326,0.15363191198788165,5.013461788631412e-06,0.30561198096233605,0.5407510935879926,25,20,20
46,3327,0.15363221897455126,5.0142622906924425e-06,0.3056244950955489,0.5407382716676081,25,20,20
46,3328,0.19350731968925367,5.013751210392739e-06,0.26619276502702016,0.5402949015325152,25,20,20
46,3329,0.19347436096224427,5.014011554166135e-06,0.26622946006906484,0.5402911649571359,25,20,20
46,3330,0.15901726526386142,5.0471281783513855e-06,0.30018273915407057,0.5407949484538885,25,20,20
46,3331,0.16058458570942227,5.047939812407322e-06,0.29861541776719397,0.5407949485835695,25,20,20
46,3332,0.160584585719745,5.047939808191278e-06,0.2988378809974638,0.5405724853429816,25,20,20
46,3333,0.19301498710710824,5.287341272637475e-06,0.26640630909733887,0.5405734164542794,25,20,20
46,3334,0.19301498702746364,5.287341291334522e-06,0.2878871447392335,0.5190925808920108,25,20,20
46,3335,0.19711097193481422,5.537682089930166e-06,0.2837228783367251,0.5191606120463694,25,20,20
46,3336,0.20414342648851908,5.297525227529136e-06,0.27669182789792385,0.5191594480883289,25,20,20
46,3337,0.20414342648856454,5.297513152586407e-06,0.2720347707388382,0.5238165052594439,25,20,20
46,3338,0.20414342648856376,5.297513152512449e-06,0.27202816727440454,0.5238231087238784,25,20,20
46,3339,0.20414342648856704,5.2975131525137695e-06,0.2720329296611644,0.5238183463371154,25,20,20
46,3340,0.20414342648856704,5.297513148299433e-06,0.27202640625668484,0.5238248697415993,25,20,20
46,3341,0.1697594759354373,5.298240204657544e-06,0.3063992880426073,0.5238359377817495,25,20,20
46,3342,0.1697594759354373,5.298240204732814e-06,0.3063994013213364,0.5238358245030202,25,20,20
46,3343,0.13018010795765644,5.298150387552901e-06,0.34597876536535455,0.5238358285266004,25,20,20
46,3344,0.13018010795765644,5.298150387554221e-06,0.3459787673982596,0.5238358264936953,25,20,20
46,3345,0.13018010795765644,5.298150387552901e-06,0.3459787653653546,0.5238358285266004,25,20,20
46,3346,0.13018010795765644,5.298150387626839e-06,0.3459853681594091,0.5238292257325459,25,20,20
46,3347,0.13018010795765725,5.298150391833299e-06,0.34607759309880914,0.523737000793141,25,20,20
46,3348,0.15830471384921055,5.297426071536481e-06,0.31796405525336807,0.523725933471349,25,20,20
46,3349,0.15830471384921135,5.297426071537836e-06,0.317957530384745,0.5237324583399714,25,20,20
46,3350,0.15830469835618038,5.29692451467908e-06,0.317957548728572,0.5237324559907314,25,20,20
46,3351,0.15831320254852935,5.296924434692444e-06,0.3179490445580529,0.5237324559689815,25,20,20
46,3352,0.16182425738799913,1.1219060767623242e-05,0.3144038326615562,0.5237606908896754,25,20,20
46,3353,0.16525780738801718,1.0964773292538561e-05,0.3110396407496801,0.5236915870890092,25,20,20
46,3354,0.1652578073879717,1.096477305213944e-05,0.31104447471870417,0.5236867531202709,25,20,20
46,3355,0.16206282489071772,1.09435358820551e-05,0.30478224980662527,0.5331439817667739,25,20,20
46,3356,0.16206282489071763,1.094353588634623e-05,0.3047852497721195,0.5331409818012753,25,20,20
46,3357,0.1606015247154546,1.0932094031437692e-05,0.31581568480524236,0.5235718583852703,25,20,20
46,3358,0.16060152471545452,1.0932094031437879e-05,0.31581374952711766,0.523573793663395,25,20,20
46,3359,0.16065700619980178,1.0905776546391871e-05,0.31575829436091957,0.52357379366273,25,20,20
46,3360,0.1606570061998017,1.0905776546391346e-05,0.3160199241833166,0.5233121638403333,25,20,20
46,3361,0.1606572884765375,1.0905776391706159e-05,0.31601964673806454,0.5233121590090039,25,20,20
46,3362,0.16074957770645856,5.950428925494348e-06,0.3159436870684383,0.5233007847961753,25,20,20
46,3363,0.16074957770627324,5.9504289169130245e-06,0.3159402369098712,0.5233042349549364,25,20,20
46,3364,0.1387471048155468,5.9504172944218e-06,0.33794271287458655,0.5233042318925706,25,20,20
46,3365,0.1387471048155468,5.9504172944234285e-06,0.3379396322062825,0.5233073125608746,25,20,20
46,3366,0.1387471048155468,5.950417290130647e-06,0.33793800932335627,0.523308935443805,25,20,20
46,3367,0.1387471048155468,5.950417290055356e-06,0.3379378934613299,0.5233090513058316,25,20,20
46,3368,0.14022619394978159,6.4397970517006014e-06,0.33645598105847113,0.5233113851946938,25,20,20
46,3369,0.1403055463354193,6.439705186447491e-06,0.33637662878716484,0.5233113851722281,25,20,20
46,3370,0.14030554633542006,6.4397051906499825e-06,0.33650453152150256,0.5231834824378854,25,20,20
46,3371,0.15997643158989777,1.4971530649708271e-05,0.3144665664037497,0.5255420304757011,25,20,20
46,3372,0.1599764315898978,1.4971530653850659e-05,0.3144650638843605,0.5255435329950862,25,20,20
46,3373,0.15997643158989783,1.4971530653850705e-05,0.314465092334266,0.5255435045451807,25,20,20
46,3374,0.15994461082219588,1.5716642777960015e-05,0.3144961668957771,0.5255435056392475,25,20,20
46,3375,0.15642507525102295,1.0153089660417883e-05,0.3180494420105587,0.5255153296487562,25,20,20
46,3376,0.15641636505057777,1.0153092756405952e-05,0.3180581517764491,0.5255153300802156,25,20,20
46,3377,0.1564163650402527,1.015309275640503e-05,0.3178356561737441,0.5257378256932458,25,20,20
46,3378,0.15554456334084796,1.0152666683869394e-05,0.31909920760635335,0.5253460763861131,25,20,20
46,3379,0.15543095205538127,1.0152666683797017e-05,0.3192128188990279,0.5253460763789056,25,20,20
46,3380,0.15543095205542642,1.0152666688048668e-05,0.31958593794653906,0.524972957331345,25,20,20
46,3381,0.1575448178521315,9.663752357329203e-06,0.31747476854633133,0.5249707498491786,25,20,20
46,3382,0.1575171615904272,9.663928673857807e-06,0.31750242505573584,0.524970749425162,25,20,20
46,3383,0.15751716159042797,9.663928669640144e-06,0.31750890959503814,0.5249642648858629,25,20,20
46,3384,0.19534349416145846,9.66312899923743e-06,0.2796825779272341,0.5249642647823072,25,20,20
46,3385,0.19534349416145846,9.663128999237454e-06,0.279682692425877,0.5249641502836643,25,20,20
46,3386,0.19534349416145763,9.6631289949584e-06,0.279553168739378,0.5250936739701685,25,20,20
46,3387,0.19534349416145755,9.663128994959651e-06,0.2795532213648211,0.5250936213447255,25,20,20
46,3388,0.19549772547823271,9.662949636549594e-06,0.2793989902349747,0.5250936213371551,25,20,20
46,3389,0.1894681925044761,9.667333997346364e-06,0.2854273482197943,0.5250947919417314,25,20,20
46,3390,0.1894681925044761,9.667333997420349e-06,0.28543204807955697,0.5250900920819688,25,20,20
46,3391,0.1894678599197388,9.332126776652879e-06,0.2854327748234833,0.5250900331300002,25,20,20
46,3392,0.18946785991973883,9.332126776639488e-06,0.28555759282628795,0.5249652151271954,25,20,20
46,3393,0.14969076465069114,0.016626829080475514,0.3086928057887545,0.5249896004800776,25,20,20
46,3394,0.17508140549415502,0.016626832350723656,0.2832522617544467,0.5250395004006738,25,20,20
46,3395,0.21476035879932961,0.016626809153446716,0.2435733312019296,0.5250395008452927,25,20,20
46,3396,0.17537961263884708,0.016698910234511852,0.2828818705390578,0.5250396065875828,25,20,20
46,3397,0.1753796126388463,0.016698910234511852,0.28288187369286305,0.5250396034337783,25,20,20
46,3398,0.17538000874192167,0.01669891024598824,0.25341380039801253,0.5545072806140774,25,20,20
46,3399,0.18380392939934279,0.016698907033378722,0.24503992362397312,0.554457239943305,25,20,20
46,3400,0.1899535499169364,0.016698902648989558,0.23889147809560793,0.5544560693384653,25,20,20
46,3401,0.1883607175455296,0.016698902648985024,0.24048475105262263,0.5544556287528625,25,20,20
46,3402,0.21881809992479084,0.016698902183548685,0.21002749558743414,0.5544555023042261,25,20,20
46,3403,0.20858359071675991,0.016698902267723068,0.2202620048366777,0.5544555021788389,25,20,20
46,3404,0.23193917121270238,0.016698902267632005,0.19690642435348188,0.5544555021661834,25,20,20
46,3405,0.2319391712127016,0.016698902267631932,0.19689989836196972,0.5544620281576965,25,20,20
46,3406,0.2319391712152968,0.016698902267636147,0.19690646264305603,0.5544554638740109,25,20,20
46,3407,0.2251562302892623,0.016698902417238377,0.2036894034129605,0.5544554638805386,25,20,20
46,3408,0.2251562302892623,0.016698902417238454,0.203689438259347,0.554455429034152,25,20,20
46,3409,0.24865667741535666,0.016698130592646278,0.18018976409044624,0.5544554279015502,25,20,20
46,3410,0.24865667741535674,0.01669813059264635,0.18018980415867344,0.5544553878333228,25,20,20
46,3411,0.24864760034055672,0.016698130592867944,0.18019888120338107,0.5544553878631937,25,20,20
46,3412,0.26800991395229834,0.01668959876740926,0.16320364745492008,0.5520968398253719,25,20,20
46,3413,0.26800991395229923,0.016689598767409334,0.16320376277123733,0.5520967245090538,25,20,20
46,3414,0.26800991395229995,0.016689598767409334,0.16321024710858156,0.5520902401717087,25,20,20
46,3415,0.26800991395229995,0.01668959876740926,0.16320554585129507,0.5520949414289953,25,20,20
46,3416,0.268009913952482,0.016689598767413473,0.16294396659962795,0.5523565206804759,25,20,20
46,3417,0.2680095178367003,0.016689598755915705,0.15590787710991713,0.5593930062974666,25,20,20
46,3418,0.2668162547125541,0.016689598829257985,0.15710112022362235,0.5593930262345654,25,20,20
46,3419,0.26683112428409944,0.016689598836827736,0.15708624859050416,0.5593930282885679,25,20,20
46,3420,0.23720129327339273,0.016689625026778752,0.18671592996532327,0.5593931517345033,25,20,20
46,3421,0.24320374259238206,0.01668962502721187,0.180713481349159,0.5593931510312457,25,20,20
46,3422,0.21333329074085752,0.016689638346162727,0.2105804630713752,0.5593966078416036,25,20,20
46,3423,0.23505599142541886,0.016617537256445988,0.18892996924819638,0.5593965020699384,25,20,20
46,3424,0.2353106809795274,0.01661753725327689,0.18867527971222384,0.5593965020549713,25,20,20
46,3425,0.21274029140196088,0.01661753706157451,0.2112380815283524,0.5594040900081115,25,20,20
46,3426,0.17281131886037834,0.016618789677973547,0.25082550237741097,0.5597443890842366,25,20,20
46,3427,0.17281131886037757,0.016618789677973474,0.25082549894736095,0.5597443925142876,25,20,20
46,3428,0.1728113188601962,0.01661878967821385,0.2508254874241492,0.5597444040374404,25,20,20
46,3429,0.20065475320749068,0.01661878967064681,0.22298205511978533,0.5597444020020764,25,20,20
46,3430,0.20065475320749393,0.016618789670651102,0.2229885451640551,0.5597379119577991,25,20,20
46,3431,0.19672648687723351,0.021569613640760866,0.2219693149751818,0.5597345845068231,25,20,20
46,3432,0.1974158160019535,0.021568361416206376,0.22161557563379972,0.5594002469480399,25,20,20
46,3433,0.197257444364672,0.004956400284467807,0.23838390848358362,0.5594022468672767,25,20,20
46,3434,0.1965018815089129,0.004956440484334604,0.23914538920305947,0.559396288803693,25,20,20
46,3435,0.19650145847372402,0.004956441070262846,0.23914562216646215,0.559396478289551,25,20,20
46,3436,0.19042791326204658,0.004956687091901991,0.24521890005631164,0.5593964995897395,25,20,20
46,3437,0.190427906001708,0.005359152539139371,0.24481662444660585,0.5593963170125466,25,20,20
46,3438,0.20196313076925002,0.005359152897137332,0.23328139931280714,0.5593963170208053,25,20,20
46,3439,0.2019631307692501,0.005359152897133126,0.23319569688512742,0.5594820194484893,25,20,20
46,3440,0.22535024985222485,0.005353705100981227,0.2098400054097078,0.5594560396370866,25,20,20
46,3441,0.21951621901367538,0.0053537133943755075,0.2156740265617511,0.5594560410301983,25,20,20
46,3442,0.21951621901367538,0.00535371339437551,0.2156741070805644,0.5594559605113849,25,20,20
46,3443,0.21951621901367538,0.00535371339437551,0.21567407423691445,0.5594559933550349,25,20,20
46,3444,0.20166826331698853,0.005353626093632507,0.2335225192399999,0.5594555913493794,25,20,20
46,3445,0.20166826332737023,0.005353626093881413,0.23352423233854552,0.5594538782402031,25,20,20
46,3446,0.20166826332994614,0.005353626093877197,0.23378318897891093,0.5591949215972659,25,20,20
46,3447,0.20166826332994692,0.005353626093877196,0.23420721390595386,0.5587708966702223,25,20,20
46,3448,0.20168542552940558,0.0053536175213729905,0.23418888039307525,0.5587720765561465,25,20,20
46,3449,0.2016854255293604,0.005353617521368739,0.23381576134556417,0.5591451956037069,25,20,20
46,3450,0.20168542552936436,0.0053536175213687535,0.23369099288606965,0.5592699640631974,25,20,20
46,3451,0.20168542552940466,0.005353618190908718,0.2399877308590834,0.5529732254206033,25,20,20
46,3452,0.1807094115133906,0.005353684700635019,0.26095758302978256,0.5529793207561919,25,20,20
46,3453,0.1807094115133906,0.005353684700635019,0.2609575850361503,0.5529793187498243,25,20,20
46,3454,0.18070941151338973,0.005353684700639233,0.2609575859291276,0.5529793178568435,25,20,20
46,3455,0.1773497855596409,0.005353684628492853,0.26431723157824427,0.5529792982336221,25,20,20
46,3456,0.17734978555964173,0.005353684628492929,0.2644472689729238,0.5528492608389418,25,20,20
46,3457,0.17831168920871665,0.004951178510321258,0.2638878817627729,0.5528492505181891,25,20,20
46,3458,0.17831168920613755,0.004951178510321182,0.2636223996817313,0.55311473260181,25,20,20
46,3459,0.17831168920609652,0.004951177840781218,0.2573191392076626,0.5594179937454598,25,20,20
46,3460,0.17831168920609652,0.00495117784053671,0.25731254705013157,0.5594245859032353,25,20,20
46,3461,0.1674617787196209,0.004951177908809141,0.2681624574924765,0.5594245858790936,25,20,20
46,3462,0.1674617787170258,0.004951177908804849,0.26816051360716875,0.5594265297670009,25,20,20
46,3463,0.1674617787170259,0.004951177922744151,0.26817275407043495,0.5594142892897954,25,20,20
46,3464,0.1673628040928425,0.00495117833577317,0.26827931414296147,0.5594067034284226,25,20,20
46,3465,0.16736280409284165,0.004951178335528501,0.2682746010242711,0.5594114165473585,25,20,20
46,3466,0.16736280409284102,0.0049511783355285785,0.26785512355526314,0.559830894016367,25,20,20
46,3467,0.13975309296510272,0.004951178080892587,0.2954648352369965,0.5598308937170077,25,20,20
46,3468,0.13975309296510266,0.004951178080892586,0.29546013233791296,0.5598355966160914,25,20,20
46,3469,0.13975309296510263,0.004951178080888296,0.29545364027910176,0.5598420886749067,25,20,20
46,3470,0.13975309296509864,0.004951178080884006,0.29544900107052274,0.5598467278834941,25,20,20
46,3471,0.1397530929547201,0.004951178080643603,0.295820277724545,0.5594754512400908,25,20,20
46,3472,0.1397530929547201,0.004951178080643675,0.29582036455146327,0.5594753644131725,25,20,20
46,3473,0.13975309295490226,0.004951178080647893,0.2958204792454284,0.5594752497190211,25,20,20
46,3474,0.15955026597575,0.004951151741162333,0.27602345599874967,0.5594751262843369,25,20,20
46,3475,0.15955026656616147,0.0049511517414063885,0.2761115250598912,0.5593870566325401,25,20,20
46,3476,0.12609221911702845,0.0049511516630544455,0.30957074979218135,0.5593858794277347,25,20,20
46,3477,0.12609221911702836,0.004951151649359755,0.3095601658835938,0.5593964633500171,25,20,20
46,3478,0.12609221911703156,0.004951151649359755,0.3095601991576597,0.5593964300759481,25,20,20
46,3479,0.12609221852662003,0.004951151649115773,0.30946905036386335,0.5594875794604,25,20,20
46,3480,0.12609221852662006,0.0049511516491199895,0.30946913174630153,0.5594874980779576,25,20,20
46,3481,0.16034357451109993,0.004951150924001946,0.2752177799344305,0.5594874946304665,25,20,20
46,3482,0.17058163199904303,0.004951151105739231,0.264979721300611,0.5594874955946059,25,20,20
46,3483,0.16970143121068193,0.004951150616113386,0.2658599180599934,0.5594875001132112,25,20,20
46,3484,0.16970143121068113,0.004951150616113311,0.26572996054007286,0.5596174576331328,25,20,20
46,3485,0.16970143121086323,0.004951150616113312,0.26573141881217405,0.5596159993608495,25,20,20
46,3486,0.1697014312106811,0.00495115061610902,0.2657312230376477,0.5596161951355622,25,20,20
46,3487,0.16977520035323101,0.00495115061769889,0.2656574538934888,0.559616195135581,25,20,20
46,3488,0.1690370425867117,0.004951601802092861,0.2664012557851247,0.5596100998260705,25,20,20
46,3489,0.16903704258675709,0.004951601816007565,0.26649616898396056,0.5595151866132749,25,20,20
46,3490,0.18466405416396336,0.004951601822377465,0.2508690594170558,0.5595152845966037,25,20,20
46,3491,0.18796731546090517,0.005031383102217702,0.2474860212924656,0.5595152801444112,25,20,20
46,3492,0.18796731546095038,0.005031383102460769,0.24775262887332705,0.5592486725632615,25,20,20
46,3493,0.18766929284120554,0.004951601861179691,0.2467190258347812,0.5606600794628331,25,20,20
46,3494,0.15025941115673172,0.004951601869522225,0.28412900551189546,0.5606599814618509,25,20,20
46,3495,0.15025941115673172,0.004951601869277612,0.2841319697034906,0.5606570172705003,25,20,20
46,3496,0.1499863618393184,0.004951640291605238,0.28440497732729103,0.5606570205417856,25,20,20
46,3497,0.18590059613399135,0.004951640236394851,0.2499019608325754,0.5592458027970392,25,20,20
46,3498,0.18457435050311902,0.004951601814951923,0.2512280137261082,0.5592460339558213,25,20,20
46,3499,0.18457435050311574,0.0049516018149519956,0.25122333237653527,0.5592507153053972,25,20,20
46,3500,0.1623297697381278,0.004951603319224553,0.27346176619723594,0.5592568607454118,25,20,20
46,3501,0.16232964546393078,0.004951603348594683,0.27346189030759704,0.559256860879878,25,20,20
46,3502,0.16232964546393078,0.004951603348598886,0.2735897902626188,0.5591289609248521,25,20,20
46,3503,0.16232964546393105,0.0049516033483558205,0.2733254693759129,0.5593932818118009,25,20,20
46,3504,0.16392562577828293,0.004951604152414987,0.27172343186145004,0.5593993382078526,25,20,20
46,3505,0.16392562577810083,0.004951604152414986,0.2717219735893487,0.559400796480136,25,20,20
46,3506,0.16392562577810085,0.004951604152419279,0.27172857949697377,0.5593941905725066,25,20,20
46,3507,0.16392562577810088,0.004951604152410851,0.27135561830975985,0.559767151759729,25,20,20
46,3508,0.163925625778146,0.004951604166224014,0.2717297976733266,0.5593929723823037,25,20,20
46,3509,0.163925625778146,0.004951604166223938,0.27172971462975143,0.5593930554258788,25,20,20
46,3510,0.16659665855393577,0.004952773237678326,0.26905741539685496,0.5593931528115279,25,20,20
46,3511,0.1665966585538911,0.004952773223772108,0.26905476410455004,0.5593958041177836,25,20,20
46,3512,0.16659674191555168,0.004952773194397145,0.26905468500782237,0.5593957998822257,25,20,20
46,3513,0.16659674191555487,0.004952773194401511,0.26906120906465447,0.5593892758253862,25,20,20
46,3514,0.16659674191555415,0.004952773194405727,0.2690548008284123,0.5593956840616249,25,20,20
46,3515,0.16659674191555415,0.0049527731944014365,0.2690546435552444,0.5593958413347973,25,20,20
46,3516,0.184152865593224,0.004952774842113675,0.25150297312678316,0.5593913864378769,25,20,20
46,3517,0.1597166511404644,0.0049527888214380335,0.2612691174123415,0.5740614426257535,25,20,20
46,3518,0.19596671084384884,0.004952788813316794,0.2250190577084825,0.5740614426343494,25,20,20
46,3519,0.19596671084384798,0.004952788813308233,0.2249333598588694,0.5741471404839721,25,20,20
46,3520,0.19596671084402975,0.004952788813308308,0.2250192820735948,0.5740612182690648,25,20,20
46,3521,0.19596671084403613,0.004952788813308307,0.225020878633455,0.5740596217091983,25,20,20
46,3522,0.19596671084403694,0.004952788813308308,0.22502748365881378,0.5740530166838388,25,20,20
46,3523,0.19953435957549032,0.004952271115601103,0.2214603526510449,0.5740530166578615,25,20,20
46,3524,0.20144909887554757,0.0049522711153861835,0.21954561337967032,0.5740530166293937,25,20,20
46,3525,0.22073251546186512,0.004952271115637511,0.20026219675961213,0.5740530166628862,25,20,20
46,3526,0.21065362832433934,0.004952025101042089,0.2103413502466304,0.5740529963279858,25,20,20
46,3527,0.21070477765044607,0.019264331478851936,0.19597752819729486,0.574053362673405,25,20,20
46,3528,0.210704777650446,0.019264331478847645,0.19597733095261685,0.5740535599180874,25,20,20
46,3529,0.21170344211408706,0.019264331478418904,0.19497885575232007,0.5740533706551717,25,20,20
46,3530,0.21170344211408146,0.019264331478418904,0.19540132408132557,0.5736309023261719,25,20,20
46,3531,0.21169269784336806,0.019264342177271007,0.18545844151778984,0.5835845184615688,25,20,20
46,3532,0.2116926978435502,0.0192643421772753,0.18503446059358492,0.5840084993855873,25,20,20
46,3533,0.2116926978435502,0.01926434217751554,0.18490977397599662,0.5841331860029354,25,20,20
46,3534,0.24759787934916605,0.01926345761653979,0.14900557564400857,0.5841330873902865,25,20,20
46,3535,0.24759787934916286,0.019263457616539713,0.14900551508823517,0.5841331479460632,25,20,20
46,3536,0.2478597573908318,0.019263457433607523,0.14874363850762173,0.5841331466679394,25,20,20
46,3537,0.24785975739083185,0.019263457433607523,0.14874367846899683,0.5841331067065643,25,20,20
46,3538,0.2080530371151426,0.019263459090064952,0.18855038919313372,0.5841331146016584,25,20,20
46,3539,0.20805303711514264,0.019263459090064952,0.18855043172361025,0.5841330720711819,25,20,20
46,3540,0.20805303711514264,0.01926345909006074,0.188543908785242,0.5841395950095544,25,20,20
46,3541,0.2080530286955247,0.019263434317909885,0.21040876067648362,0.5622747763100804,25,20,20
46,3542,0.2080530286955247,0.0192634343181544,0.210413512617544,0.5622700243687756,25,20,20
46,3543,0.20805302869547915,0.019263434318154547,0.21078421505890307,0.5618993219274622,25,20,20
46,3544,0.2080530286954792,0.019263434318154624,0.21078583860912478,0.5618976983772405,25,20,20
46,3545,0.20798570582374157,1.6807376347357663e-06,0.23011541113876707,0.5618972022998554,25,20,20
46,3546,0.20798570582374154,1.6807376346617743e-06,0.23012039236203144,0.5618922210765911,25,20,20
46,3547,0.20798570582374154,1.6807376346605004e-06,0.2301158450692914,0.5618967683693308,25,20,20
46,3548,0.1679869083398829,1.68098493858639e-06,0.2701146423051276,0.5618967683700494,25,20,20
46,3549,0.16787065725963543,1.6801730300434867e-06,0.27023090209885786,0.5618967604684751,25,20,20
46,3550,0.16787118809429113,2.900114018730649e-07,0.270231761351148,0.5618967605431576,25,20,20
46,3551,0.16787118809688617,2.900111616443505e-07,0.2702336622338041,0.5618948596581467,25,20,20
46,3552,0.16842517893156875,5.061874823076799e-09,0.26967995721335397,0.5618948587932009,25,20,20
46,3553,0.16842517893157186,5.061874812940508e-09,0.2696818267595006,0.5618929892470511,25,20,20
46,3554,0.16842517893157186,5.0618748129400635e-09,0.2696883503998429,0.561886465606709,25,20,20
46,3555,0.16842517950142288,5.075358460596983e-09,0.2709887635374836,0.5605860518857336,25,20,20
46,3556,0.16775365101323148,6.88258153331331e-07,0.27165938524134053,0.5605862754872731,25,20,20
46,3557,0.16775363370428,6.874346596077668e-07,0.2716527284290375,0.5605929504320211,25,20,20
46,3558,0.16775363313183395,6.874211758861146e-07,0.27035222400076764,0.5618934554462206,25,20,20
46,3559,0.17285066658567633,7.212702978917923e-07,0.2353783437867182,0.5917702683573058,25,20,20
46,3560,0.17285066658567635,7.212702978930673e-07,0.2353782717600021,0.591770340384022,25,20,20
46,3561,0.1728506665854946,7.212702978166572e-07,0.23528582660702743,0.5918627855371784,25,20,20
46,3562,0.17285066658544956,7.212564846559409e-07,0.23491172771881985,0.5922368844392446,25,20,20
46,3563,0.17285066658544954,7.212564889475641e-07,0.23491176693760793,0.5922368452204521,25,20,20
46,3564,0.1712792020974331,3.0311674947508082e-06,0.2364870190021179,0.5922307477329533,25,20,20
46,3565,0.1493859173311876,3.0311672460349595e-06,0.25838030376104365,0.5922307477405219,25,20,20
46,3566,0.14428888154939623,2.9941916175849216e-06,0.256117013260895,0.5995911109980905,25,20,20
46,3567,0.14428888154921338,2.994191613293283e-06,0.2561168554888435,0.5995912687703292,25,20,20
46,3568,0.14428888154921338,2.994191617582046e-06,0.2561191455291021,0.5995889787300662,25,20,20
46,3569,0.1099840741349175,2.994204562245441e-06,0.2904237560932969,0.5995891755672226,25,20,20
46,3570,0.11008476409157,2.995200670127197e-06,0.2898909710213826,0.600021269686376,25,20,20
46,3571,0.12051922721843583,2.3120894761134836e-06,0.2794573952564314,0.6000210654356561,25,20,20
46,3572,0.12051922721843583,2.3120894761147812e-06,0.2794554922760988,0.6000229684159887,25,20,20
46,3573,0.12051922721843576,2.3120894761147588e-06,0.2794554921591429,0.6000229685329445,25,20,20
46,3574,0.1205192272186653,2.3120897244549552e-06,0.27954120107258107,0.5999372596190282,25,20,20
46,3575,0.1205192272186653,2.3120897244523375e-06,0.2795365817462402,0.5999418789453691,25,20,20
46,3576,0.12041924137406008,2.3116126285183347e-06,0.2800685211430418,0.5995099258702686,25,20,20
46,3577,0.12042443532444258,8.972932686740689e-10,0.28006583124545315,0.5995097325328099,25,20,20
46,3578,0.12042443532444251,8.972889764315838e-10,0.2800591867431089,0.5995163770351585,25,20,20
46,3579,0.1204244353244393,8.970443928905041e-10,0.2800525627760279,0.5995230010024872,25,20,20
46,3580,0.12042443532443924,8.97040104104984e-10,0.2800501929614936,0.599525370817026,25,20,20
46,3581,0.12042335753071294,6.207655943045144e-10,0.2800514121295646,0.5995252297189557,25,20,20
46,3582,0.12612154372492893,5.718143449766297e-09,0.2743518583737734,0.5995265921831534,25,20,20
46,3583,0.12679833012956576,6.31422029221147e-10,0.273676459828696,0.5995252094103152,25,20,20
46,3584,0.12679833013992398,6.314305927137062e-10,0.2737689642855765,0.5994327049430681,25,20,20
46,3585,0.12679833013996913,6.452810351622409e-10,0.27403633123388826,0.5991653379808608,25,20,20
46,3586,0.12679833013992392,6.314305914167717e-10,0.2737689088441071,0.5994327603845376,25,20,20
46,3587,0.12679833013973993,6.311822512431325e-10,0.27368584382101274,0.5995158254080643,25,20,20
46,3588,0.1267983301397407,6.3118225251709e-10,0.2736924959557866,0.5995091732732898,25,20,20
46,3589,0.1501478311856946,1.2281804437916493e-08,0.2503429822504855,0.5995091742820146,25,20,20
46,3590,0.1501478311856985,1.2281808648202627e-08,0.2507159765866727,0.5991361799458192,25,20,20
46,3591,0.1501478311856985,1.2281808720853297e-08,0.2507160569661507,0.5991360995663411,25,20,20
46,3592,0.15014783118569455,1.2281800292911323e-08,0.25034522117685554,0.5995069353556486,25,20,20
46,3593,0.19002329393152262,1.2036114162659098e-08,0.21046973448133863,0.5995069595510237,25,20,20
46,3594,0.20058209093538445,2.2089793439543647e-10,0.1999109502841096,0.599506958559607,25,20,20
46,3595,0.2005820909353381,2.2089793175422166e-10,0.19990174386374593,0.599516164980017,25,20,20
46,3596,0.19994266537767807,2.2939282597908808e-07,0.20054088309428966,0.5995162221352054,25,20,20
46,3597,0.1999446977568656,2.293998988548923e-07,0.20054552565275313,0.5995095471904818,25,20,20
46,3598,0.1999446977568624,2.2939989877962427e-07,0.20054541129945094,0.5995096615437875,25,20,20
46,3599,0.1999446977568624,2.2939989877830335e-07,0.20054548719886306,0.5995095856443752,25,20,20
46,3600,0.15996190214658898,2.294087226955005e-07,0.24052814623890517,0.5995097222057822,25,20,20
46,3601,0.15996190214658904,2.2940872276947087e-07,0.24052822730784318,0.599509641136844,25,20,20
46,3602,0.15996190214658898,2.2940872269420198e-07,0.24052825867410588,0.5995096097705814,25,20,20
46,3603,0.15996190214658898,2.2940872276687336e-07,0.24052327539513485,0.5995145930495525,25,20,20
46,3604,0.18803682761882448,2.293934854883652e-07,0.21244828172604285,0.5995146612616462,25,20,20
46,3605,0.18815102181699517,2.3020728385263606e-07,0.21233385754740972,0.5995148904283102,25,20,20
46,3606,0.15025567679975757,9.24227243185905e-07,0.25003995971185045,0.5997034392611478,25,20,20
46,3607,0.15025567679975682,9.242272432611746e-07,0.25003330865287454,0.5997100903201242,25,20,20
46,3608,0.15025567679975682,9.242272431871836e-07,0.2500316891702138,0.5997117098027849,25,20,20
46,3609,0.15025567679976,9.242272431885044e-07,0.2500317982321466,0.599711600740849,25,20,20
46,3610,0.15025567680237917,9.242272432645883e-07,0.25031486999810154,0.5994285289722747,25,20,20
46,3611,0.1897213709178579,9.242298653422355e-07,0.21084780680224557,0.5994298980500304,25,20,20
46,3612,0.18971337275575703,1.3025204568706714e-05,0.2107861645047267,0.5994874375349467,25,20,20
46,3613,0.18971337275575703,1.3025204568709333e-05,0.21078616312556359,0.5994874389141099,25,20,20
46,3614,0.18971337275575703,1.3025204568635386e-05,0.2107860820693443,0.5994875199703291,25,20,20
46,3615,0.18971337275575703,1.3025204568634042e-05,0.21078380253277745,0.599489799506896,25,20,20
46,3616,0.1897061869346083,1.3025293586071583e-05,0.21079101202901288,0.5994897757427924,25,20,20
46,3617,0.18970618693460992,1.3025293586220762e-05,0.21116412486476183,0.5991166629070416,25,20,20
46,3618,0.18970618693461308,1.3025293586222063e-05,0.21116196096018863,0.5991188268116115,25,20,20
46,3619,0.1887271866974379,0.0032735352730795175,0.208880365872707,0.5991189121567746,25,20,20
46,3620,0.17477354806139417,0.003273535329177223,0.2228353574400782,0.5991175591693498,25,20,20
46,3621,0.17477354806139417,0.003273535329177221,0.22283527894448418,0.5991176376649439,25,20,20
46,3622,0.18665957015603435,0.0032735353290201225,0.21094932506283917,0.5991175694521056,25,20,20
46,3623,0.17376381387648196,0.0032747528360905554,0.2238409103977009,0.5991205228897262,25,20,20
46,3624,0.17376381387648196,0.0032747528360904075,0.22346788787824592,0.5994935454091814,25,20,20
46,3625,0.1737638138764851,0.003274752836090406,0.22373415248170211,0.5992272808057221,25,20,20
46,3626,0.17376381387648349,0.003274752836090257,0.22336104361658649,0.5996003896708395,25,20,20
46,3627,0.19273335953482826,0.003273535250721603,0.20439566901918715,0.5995974361952626,25,20,20
46,3628,0.19273335953482826,0.0032735352507216047,0.2043957808707674,0.5995973243436823,25,20,20
46,3629,0.1927333595348283,0.0032735352507216797,0.2044003662860955,0.599592738928354,25,20,20
46,3630,0.19273335952447015,0.003273535250713192,0.20443730294029894,0.5995558022845174,25,20,20
46,3631,0.19273366806370898,0.0032735352508229502,0.2044369944014927,0.5995558022839751,25,20,20
46,3632,0.1927336680637058,0.0032735352508228783,0.20417067527837865,0.5998221214070923,25,20,20
46,3633,0.1924859155086318,0.0032735351648422984,0.2044184043172912,0.5998221450092343,25,20,20
46,3634,0.186795081885485,0.003273559687115415,0.21010941025406257,0.5998219481733364,25,20,20
46,3635,0.18678992992439794,0.0032735596871193255,0.21011456221409788,0.5998219481743845,25,20,20
46,3636,0.18678992992440116,0.003273559687119401,0.2101161853031541,0.599820325085325,25,20,20
46,3637,0.18678993042622502,0.003273598103171513,0.2161920538301557,0.5937444176404476,25,20,20
46,3638,0.18678993042622502,0.003273598117110816,0.21620429286660428,0.5937321785900596,25,20,20
46,3639,0.1867899304262258,0.0032735981171108184,0.21621094502384375,0.5937255264328194,25,20,20
46,3640,0.14680870505919413,0.0032736940947269443,0.2561916169591094,0.5937259838869686,25,20,20
46,3641,0.1468087050591941,0.0032736940807919666,0.2565523993167132,0.5933652015432999,25,20,20
46,3642,0.14679967701454363,0.0032615935402662845,0.25662434174737897,0.5933143876978104,25,20,20
46,3643,0.14679967701454372,0.003261593540270576,0.2566290626792333,0.593309666765952,25,20,20
46,3644,0.14679967701454447,0.0032615935402705754,0.25663092119417286,0.5933078082510117,25,20,20
46,3645,0.14679967701454447,0.003261593540270541,0.25625801454263186,0.5936807149025527,25,20,20
46,3646,0.14679591857896065,0.0032615935404884163,0.256261772977447,0.5936807149031035,25,20,20
46,3647,0.14777512555369546,1.083578491207504e-06,0.2585431613508591,0.5936806295169537,25,20,20
46,3648,0.14777512579722743,1.0835786983291285e-06,0.26498392289510503,0.5872398677289684,25,20,20
46,3649,0.1477751257972243,1.0835789405964985e-06,0.26535692899941643,0.5868668616244183,25,20,20
46,3650,0.1477751257972243,1.0835789405977968e-06,0.26535692903612884,0.586866861587706,25,20,20
46,3651,0.1634718201746555,1.0835614900341286e-06,0.2496602339543256,0.5868668623095288,25,20,20
46,3652,0.16347182017465556,1.0835614943256185e-06,0.24966180080665434,0.5868652954571955,25,20,20
46,3653,0.16350052192479836,9.875837626745142e-07,0.24963365248837582,0.5868648380030624,25,20,20
46,3654,0.16350052167864726,9.87583800072084e-07,0.24291449552790897,0.5935839952096431,25,20,20
46,3655,0.16350052167864645,9.875838000720835e-07,0.24290787584147366,0.5935906148960792,25,20,20
46,3656,0.16350052167864726,9.875838001447643e-07,0.24291674572031666,0.5935817450172353,25,20,20
46,3657,0.16350052167864731,9.875838001447643e-07,0.24292335075931668,0.5935751399782354,25,20,20
46,3658,0.16350052167864726,9.87583795854572e-07,0.24292180976480687,0.5935766809727495,25,20,20
46,3659,0.16350052167864726,9.875837958532968e-07,0.24291520276279308,0.5935832879747633,25,20,20
46,3660,0.16350052167864726,9.875837958532977e-07,0.24291528523187142,0.5935832055056849,25,20,20
46,3661,0.16350052167864726,9.875837958546178e-07,0.2429152047691808,0.5935832859683756,25,20,20
46,3662,0.18838264844935154,0.0005773239108510794,0.2174070723694828,0.5936329552703138,25,20,20
46,3663,0.18876126772962715,0.0005773239061964236,0.21702847712799447,0.5936329312361814,25,20,20
46,3664,0.1887612677296272,0.0005773239059541547,0.21674765733999243,0.5939137510244257,25,20,20
46,3665,0.18876126772967275,0.0005773239059585214,0.21674920664105393,0.5939122017233143,25,20,20
46,3666,0.1887612677296729,0.000577323905958519,0.21675546479909108,0.593905943565277,25,20,20
46,3667,0.18876126772967275,0.0005773239062031024,0.2167558305952994,0.5939055777688241,25,20,20
46,3668,0.1887612672278489,0.000577285490150992,0.21067534014128586,0.5999861071407139,25,20,20
46,3669,0.1887612672278489,0.000577285490151066,0.21067534156843468,0.5999861057135649,25,20,20
46,3670,0.188761267298135,0.000577285491806644,0.24592416525214345,0.5647372819579141,25,20,20
46,3671,0.18876126730073012,0.0005772854918109336,0.2459308216957745,0.5647306255116836,25,20,20
46,3672,0.17688545727538937,9.550052663956982e-07,0.25843283036656356,0.56468075735278,25,20,20
46,3673,0.17688545727538227,9.550052620311564e-07,0.2646972767281669,0.558416310991188,25,20,20
46,3674,0.1768854573356956,9.550159191897633e-07,0.23413593149711467,0.5889776561512697,25,20,20
46,3675,0.17688545733569555,9.550159149733945e-07,0.23413585011446345,0.5889777375339252,25,20,20
46,3676,0.17688545733569236,9.550156703794139e-07,0.23413106658934538,0.588982521059291,25,20,20
46,3677,0.17688545733569236,9.550156703807115e-07,0.23413106661438438,0.588982521034252,25,20,20
46,3678,0.16382508292088474,8.449376112550056e-05,0.2471079325556553,0.5889824907623336,25,20,20
46,3679,0.16382506440998534,8.449331828078575e-05,0.2471148136675989,0.5889756286041345,25,20,20
46,3680,0.16382506427938273,8.449330597226425e-05,0.24242590737289244,0.5936645350417522,25,20,20
46,3681,0.16382506427938281,8.449330597647074e-05,0.24251808661311025,0.5935723558015301,25,20,20
46,3682,0.16382506427938281,8.449330622052952e-05,0.24261035467779074,0.5934800877366054,25,20,20
46,3683,0.16382508558269385,8.449330622053797e-05,0.24261033337448,0.5934800877366054,25,20,20
46,3684,0.1638250855826937,8.449330621625494e-05,0.24251812072634188,0.593572300384748,25,20,20
46,3685,0.16730242315360555,8.449331437067684e-05,0.23904066081137607,0.5935724227206475,25,20,20
46,3686,0.1673024231639541,8.449332827329191e-05,0.23916139248314341,0.5934516910246288,25,20,20
46,3687,0.16730242316395333,8.449332826907625e-05,0.23915948783790986,0.5934535956698673,25,20,20
46,3688,0.16730242316396043,8.449332826915062e-05,0.23942116194539323,0.5931919215623768,25,20,20
46,3689,0.16730136554279718,0.00015887956429416278,0.2393478314155186,0.5931919234773895,25,20,20
46,3690,0.16730136554279718,0.00015887956429431197,0.2393525312725265,0.5931872236203813,25,20,20
46,3691,0.16730136554279718,0.00015887956429423797,0.23935249648584875,0.5931872584070591,25,20,20
46,3692,0.1673013655440164,0.00015888488427755025,0.27452569612963484,0.5580140534420704,25,20,20
46,3693,0.1673013655440164,0.00015888488427754892,0.27452577473274853,0.5580139748389567,25,20,20
46,3694,0.15521752391909385,0.00015888514636831788,0.2866095471979942,0.558014043736542,25,20,20
46,3695,0.15521752391909385,0.00015888514636839185,0.2866095481313392,0.5580140428031971,25,20,20
46,3696,0.15521752391909382,0.0001588851463683166,0.28660496211987163,0.5580186288146647,25,20,20
46,3697,0.15521752391913937,0.00015888514637253228,0.2866114929962119,0.5580120979382748,25,20,20
46,3698,0.1552076700465754,0.00015888529779043168,0.2866213069751591,0.5580121376804739,25,20,20
46,3699,0.1671765552515513,0.00015888512908792613,0.2746524904058706,0.558012069213489,25,20,20
46,3700,0.16717655525151287,0.00015888512908792657,0.26838640933353536,0.5642781502858627,25,20,20
46,3701,0.19910310986551746,0.00015819551504855602,0.23664791645750982,0.564090778161923,25,20,20
46,3702,0.1991732145686964,0.0001598420000080988,0.2412734341845294,0.5593935092467647,25,20,20
46,3703,0.19929087505386103,8.543122903385517e-05,0.24123018638661484,0.5593935073304896,25,20,20
46,3704,0.199290875053861,8.543122902963883e-05,0.24123010503963185,0.5593935886774769,25,20,20
46,3705,0.2006063097069368,0.00020583823337277937,0.23921250564038454,0.5599753464193052,25,20,20
46,3706,0.20060630970693766,0.00020583823337285464,0.23921470634358313,0.5599731457161057,25,20,20
46,3707,0.2006063097069376,0.00020583823312827373,0.23920808238733288,0.5599797696726007,25,20,20
46,3708,0.20032303923912526,0.0002058434207387437,0.2394899380168641,0.5599811793232713,25,20,20
46,3709,0.20068022308929842,0.00020561425134549434,0.23913303880889195,0.5599811238504635,25,20,20
46,3710,0.20068022308925293,0.00020561425134120345,0.2391264210868135,0.5599877415725918,25,20,20
46,3711,0.18571902554198264,0.00020631914187311704,0.2538953530093357,0.5601793023068079,25,20,20
46,3712,0.18571902554198264,0.000206319141873191,0.2539018766985309,0.5601727786176124,25,20,20
46,3713,0.1857190255393915,0.00020631914187740758,0.25389744846025275,0.5601772068584774,25,20,20
46,3714,0.21582165772829545,0.00020631928349719022,0.22372873797265466,0.5602432850155522,25,20,20
46,3715,0.215829842389744,0.00012277488378188925,0.22380409527410614,0.5602432874523668,25,20,20
46,3716,0.2158298423897441,0.00012277488378181404,0.22380400786198518,0.5602433748644878,25,20,20
46,3717,0.2158298423897441,0.00012277488378610303,0.2238041760707315,0.5602432066557371,25,20,20
46,3718,0.21582984238974007,0.00012277488377752152,0.22380189499077466,0.5602454877357065,25,20,20
46,3719,0.21582984238974007,0.00012277488377744622,0.2237952902262307,0.5602520925002505,25,20,20
46,3720,0.22403188362268328,0.00012302025627484805,0.21559299846465196,0.5602520976563887,25,20,20
46,3721,0.22403188362268328,0.00012302025627055905,0.215592915692231,0.5602521804288141,25,20,20
46,3722,0.22402983573345817,0.000123021102120386,0.21559496273432324,0.5602521804300971,25,20,20
46,3723,0.22239342765384632,0.00012231657960473378,0.21742367645150068,0.5600605793150472,25,20,20
46,3724,0.2223934276538471,0.0001223165796047325,0.21742587563529564,0.5600583801312514,25,20,20
46,3725,0.23566285333015408,0.00014266018764834868,0.20413100548019142,0.5600634810020046,25,20,20
46,3726,0.23566285333019962,0.00014266018764835,0.20413332411379456,0.5600611623683561,25,20,20
46,3727,0.23566285333019332,0.00014266018764820177,0.20387151269853804,0.5603229737836192,25,20,20
46,3728,0.23566285333019327,0.00014266018764820304,0.20387159868351012,0.5603228877986473,25,20,20
46,3729,0.2356628533301925,0.00014266018764827696,0.20387363893305152,0.5603208475491066,25,20,20
46,3730,0.2356628533301925,0.00014266018764827565,0.2038735264691709,0.5603209600129871,25,20,20
46,3731,0.2356628533301925,0.00014266018764820299,0.20387503204256252,0.5603194544395956,25,20,20
46,3732,0.23566285333037382,0.00014266020158750696,0.2038850733123546,0.560309413155683,25,20,20
46,3733,0.24182236807100846,0.00014241476983686908,0.1977258252522452,0.5603093919069088,25,20,20
46,3734,0.23530468757997236,0.0001424148446190944,0.20424232768267891,0.5603105698927285,25,20,20
46,3735,0.23530468757996917,0.0001424148446147295,0.2042357617063349,0.5603171358690802,25,20,20
46,3736,0.23530468758001472,0.0001424148446190951,0.20423584588934834,0.5603170516860169,25,20,20
46,3737,0.22351632915509756,0.0001220712042922335,0.2160496371970462,0.5603119624435634,25,20,20
46,3738,0.2234736784770526,0.00012207119596754066,0.21609229567258695,0.5603119546543923,25,20,20
46,3739,0.18899435607712434,0.00012206592643412919,0.2505730334249005,0.5603105445715395,25,20,20
46,3740,0.1889943560771243,0.00012206592643412784,0.2505730049853632,0.5603105730110768,25,20,20
46,3741,0.18899435607707954,0.00012206592642991151,0.25057292962432776,0.5603106483721613,25,20,20
46,3742,0.18919805609361962,7.145531207616045e-09,0.25107304855206974,0.5597288882087782,25,20,20
46,3743,0.18919805609362267,7.145531133841609e-09,0.2509823695260178,0.5598195672348273,25,20,20
46,3744,0.189418156370719,5.134623334081248e-05,0.2505280707240591,0.5600024266718794,25,20,20
46,3745,0.18929943987737116,5.134623490221119e-05,0.25064678721584666,0.5600024266718786,25,20,20
46,3746,0.18832884489245155,5.134190412496522e-05,0.2516185431838872,0.5600012700195349,25,20,20
46,3747,0.18878908162492972,5.1587985033255334e-05,0.2511592383435314,0.5600000920465045,25,20,20
46,3748,0.18369642658083457,6.724728902977536e-05,0.2562362336664881,0.5600000924636469,25,20,20
46,3749,0.1440655774444398,6.733457588066098e-05,0.29586699474067246,0.5600000932390066,25,20,20
46,3750,0.1425054577545689,6.733454775344708e-05,0.29742711439036684,0.5600000933073099,25,20,20
46,3751,0.1031173196968484,6.733500806855172e-05,0.33681518926593135,0.5600001560291508,25,20,20
46,3752,0.1031173196968484,6.733500807284201e-05,0.33681534596266216,0.5599999993324157,25,20,20
46,3753,0.10311730512335038,6.733587007156886e-05,0.3368153596021262,0.5599999994044519,25,20,20
46,3754,0.10310243664204854,6.735997295362121e-05,0.3368302040519726,0.5599999993330254,25,20,20
46,3755,0.10310243664204535,6.735997295361984e-05,0.3368285829574361,0.5600016204275651,25,20,20
46,3756,0.10310243664204533,6.735997295361724e-05,0.33682696207225243,0.5600032413127489,25,20,20
46,3757,0.10310243665232954,6.735998676677851e-05,0.3371988617292539,0.5596313416316501,25,20,20
46,3758,0.10310243665233275,6.7359987010682e-05,0.33732879064699006,0.5595014127136669,25,20,20
46,3759,0.10310243665233275,6.735998700639039e-05,0.3373285939886449,0.5595016093720164,25,20,20
46,3760,0.10313850931833202,7.737887767117984e-05,0.3372816667995394,0.5595024450044584,25,20,20
46,3761,0.10313850931833202,7.737887767118114e-05,0.3372816687726516,0.5595024430313461,25,20,20
46,3762,0.10321261641140805,7.737943412347978e-05,0.3501514373836509,0.546558566770818,25,20,20
46,3763,0.10990459780461104,7.737945086699996e-05,0.34345945106732967,0.5465585716771938,25,20,20
46,3764,0.10990459780442972,7.737943693198708e-05,0.34345183367922244,0.5465661890794173,25,20,20
46,3765,0.10990459780442892,7.737943692769725e-05,0.343447211283734,0.5465708114749109,25,20,20
46,3766,0.10989457412633831,6.656879173086991e-05,0.34346804240418527,0.5465708146777469,25,20,20
46,3767,0.10989457412629278,6.656879173086986e-05,0.34346575776319227,0.5465730993187855,25,20,20
46,3768,0.10995182865937903,6.176938754468376e-05,0.34341318979577806,0.5465732121572996,25,20,20
46,3769,0.10840358074741062,6.240686772181477e-05,0.34495776183673627,0.546576250548132,25,20,20
46,3770,0.10840358650471658,6.243779688019466e-05,0.3576490166445243,0.5338849590538797,25,20,20
46,3771,0.10840358649436725,6.243778297750428e-05,0.35751946852544103,0.5340145071972142,25,20,20
46,3772,0.10840358648412762,6.243776940809556e-05,0.3572755644834535,0.5342584112630108,25,20,20
46,3773,0.10846311552098575,6.23885029977958e-05,0.35721620117151553,0.5342582948045009,25,20,20
46,3774,0.10846311552098495,6.238850299764653e-05,0.3572160798877724,0.534258416088245,25,20,20
46,3775,0.10846311552098495,6.238850299764526e-05,0.3572160779247585,0.5342584180512588,25,20,20
46,3776,0.10846311552098575,6.238850299764785e-05,0.35721630851139624,0.5342581874646204,25,20,20
46,3777,0.10846311552098575,6.238850299764787e-05,0.35721622746642984,0.5342582685095867,25,20,20
46,3778,0.10895773985190438,6.238804987549387e-05,0.35672153078212915,0.5342583413160912,25,20,20
46,3779,0.10895773985190443,6.238804987981874e-05,0.357094518208952,0.5338853538892638,25,20,20
46,3780,0.10895773985190443,6.238804987982007e-05,0.3570945196207203,0.5338853524774956,25,20,20
46,3781,0.12500027782201817,6.17497692639929e-05,0.34105566216224986,0.5338823102464684,25,20,20
46,3782,0.14725388045626894,6.24081594250096e-05,0.3186253700047576,0.5340583413795487,25,20,20
46,3783,0.14725388045645108,6.240815942076004e-05,0.31825397185725457,0.5344297395268737,25,20,20
46,3784,0.14725388045645113,6.240815966528107e-05,0.3182522025496671,0.5344315088342166,25,20,20
46,3785,0.14719026936344937,6.232078778336175e-05,0.30888900492908733,0.5438584049196804,25,20,20
46,3786,0.14719026936344934,6.232078754359306e-05,0.3087989879530975,0.5439484218959102,25,20,20
46,3787,0.14719026936344934,6.232078754359174e-05,0.30879890817057415,0.5439485016784338,25,20,20
46,3788,0.1471845178504654,6.233793845460795e-05,0.3033479373803165,0.5494052068307641,25,20,20
46,3789,0.14721238997029665,0.0007741039839591174,0.3026091369914637,0.5494043690542808,25,20,20
46,3790,0.1472076610548526,0.0007767899685269128,0.30259838177390996,0.5494171672027113,25,20,20
46,3791,0.1472076610548526,0.0007767899685269866,0.30259846285464864,0.5494170861219724,25,20,20
46,3792,0.1471972942034771,0.0007771864000958519,0.30260843326949416,0.5494170861269331,25,20,20
46,3793,0.14719729420347716,0.0007771864000915606,0.3026062633439852,0.5494192560524462,25,20,20
46,3794,0.1443996084478059,0.0007769403871392474,0.30540417589574426,0.549419275269311,25,20,20
46,3795,0.15029724777057313,0.0007256011495115345,0.2998069357827261,0.5491702152971887,25,20,20
46,3796,0.15902410977970982,0.0007256010957993422,0.2910800930495068,0.5491701960749835,25,20,20
46,3797,0.1590241097797098,0.0007256010957993449,0.2910800233977898,0.5491702657267005,25,20,20
46,3798,0.15902410977970896,0.0007256010957993421,0.291079907246009,0.5491703818784821,25,20,20
46,3799,0.15902410977970896,0.0007256010957993421,0.2910800197077743,0.5491702694167168,25,20,20
46,3800,0.1590241097797098,0.0007256010958036683,0.291453128398273,0.548797160726213,25,20,20
46,3801,0.15888979282100535,4.072792385444636e-06,0.29230897399221506,0.5487971603943934,25,20,20
46,3802,0.15888536772820566,0.0007934558645056639,0.29152285702575026,0.5487983193815377,25,20,20
46,3803,0.1588853677282056,0.0007934558642610674,0.29151810399634126,0.5488030724111913,25,20,20
46,3804,0.1588853918761818,0.000793425649173052,0.283519334111786,0.5568018483628582,25,20,20
46,3805,0.15877355631101767,0.0007907887249250819,0.2836463707742584,0.5567892841897979,25,20,20
46,3806,0.15876829004619883,0.0007907887251412063,0.28365163700922796,0.5567892842194312,25,20,20
46,3807,0.15898136517801664,0.0007907888198844823,0.2834371635476648,0.5567906824544333,25,20,20
46,3808,0.15898136517802067,0.0007907888201284707,0.28352942176480284,0.5566984242370472,25,20,20
46,3809,0.15898136517802067,0.0007907888201284733,0.2835293683332754,0.5566984776685746,25,20,20
46,3810,0.15898138850366786,0.0007906586636753392,0.2835294749801981,0.5566984778524575,25,20,20
46,3811,0.13763868852110725,0.0007899997540373743,0.305048865088677,0.5565224466361767,25,20,20
46,3812,0.143652095536355,0.0008015628811566013,0.29902403017695517,0.5565223114055321,25,20,20
46,3813,0.13822116157255832,0.0007899999072003138,0.30446652741219515,0.5565223111080454,25,20,20
46,3814,0.1381470879263573,0.0007899993507823572,0.32612606779026443,0.5349368449325961,25,20,20
46,3815,0.12364873418982732,0.0007900443359891831,0.3406241582799595,0.5349370631942229,25,20,20
46,3816,0.12364873418964514,0.0007900443359891817,0.34062256839990773,0.5349386530744569,25,20,20
46,3817,0.12364873418964514,0.0007900443359891831,0.3406226814476259,0.5349385400267387,25,20,20
46,3818,0.12371961149011952,0.0007925897304685303,0.3405492569397724,0.5349385418396385,25,20,20
46,3819,0.12942859233057236,0.0007925406831197325,0.3348405591209355,0.5349383078653721,25,20,20
46,3820,0.12942859233057152,0.0007925406831154817,0.33446756374268255,0.5353113032436303,25,20,20
46,3821,0.12942859233057155,0.000792540683115557,0.3344741665389168,0.5353047004473954,25,20,20
46,3822,0.12942859233057155,0.0007925406831155544,0.334474137503632,0.5353047294826804,25,20,20
46,3823,0.12942859233057477,0.0007925406831156309,0.33447410756407764,0.5353047594222313,25,20,20
46,3824,0.1296801565983942,0.0007925405912298931,0.33422256835094716,0.5353047344594282,25,20,20
46,3825,0.09024016565099682,0.0007934024565305738,0.36031530795715044,0.5486511239353226,25,20,20
46,3826,0.05531761100029773,0.0007934074003198289,0.3951612656507443,0.5487277159486393,25,20,20
46,3827,0.055317611000297806,0.000793407400324046,0.3951658539175297,0.5487231276818498,25,20,20
46,3828,0.05531761100034314,0.0007934074008110981,0.3953453720128437,0.5485436095860027,25,20,20
46,3829,0.05531761100034314,0.0007934074010533641,0.39571188967623094,0.5481770919223732,25,20,20
46,3830,0.05531758110313489,0.0007934419149676532,0.39991487125588315,0.543974105726015,25,20,20
46,3831,0.055316873999787256,0.0007934247575075492,0.3750803475385069,0.5688093537041987,25,20,20
46,3832,0.055315136609985875,0.000790751865887757,0.37508475973280236,0.5688093517913243,25,20,20
46,3833,0.055315137189020536,0.0007907166517408728,0.36650510581695883,0.5773890403422801,25,20,20
46,3834,0.05531513106101177,9.122491730617617e-07,0.36729607502552,0.5773878816642967,25,20,20
46,3835,0.055315091144897625,9.121845088322746e-07,0.3672276169881379,0.5774563796824571,25,20,20
46,3836,0.056858599119998444,9.121847542339874e-07,0.36568410526764317,0.5774563834276042,25,20,20
46,3837,0.056858599119998444,9.121847541599937e-07,0.3656839913697323,0.5774564973255152,25,20,20
46,3838,0.05685859912259078,9.121847541599942e-07,0.3656840901790624,0.5774563985135929,25,20,20
46,3839,0.09578957180658715,5.0326293195963925e-08,0.3401003670887748,0.5641100107783461,25,20,20
46,3840,0.09796785574262501,5.073530276695806e-08,0.3379158581207735,0.5641162354012992,25,20,20
46,3841,0.13765298922916294,5.0726348676624006e-08,0.2982307247270948,0.5641162353173932,25,20,20
46,3842,0.1376529886422365,5.071251527480336e-08,0.2979151102559413,0.5644318503893067,25,20,20
46,3843,0.1376529802656915,5.071225958442321e-08,0.2976386736566246,0.5647082953654238,25,20,20
46,3844,0.1373133333701807,5.0705423192623943e-08,0.2979782273092663,0.5647083886151293,25,20,20
46,3845,0.1373133333701807,5.070542319524177e-08,0.2979848328695118,0.5647017830548837,25,20,20
46,3846,0.14114450992753658,1.8168100774881385e-06,0.2941436174641151,0.5647100557982699,25,20,20
46,3847,0.14114450992749122,1.8168095904347725e-06,0.2939640973713459,0.5648895758915714,25,20,20
46,3848,0.13577614426333676,2.847556869660304e-08,0.2993427423747324,0.5648810848863611,25,20,20
46,3849,0.13563113879240155,2.8478752510812622e-08,0.2994877474060398,0.564881085322805,25,20,20
46,3850,0.13563113879240152,2.8478752509514905e-08,0.2994812562806718,0.5648875764481731,25,20,20
46,3851,0.1356311053586537,2.8478928116478813e-08,0.2712243970928563,0.5931444690695609,25,20,20
46,3852,0.1356311053586537,2.8478928116501183e-08,0.27122439705816953,0.5931444691042478,25,20,20
46,3853,0.13003667992102408,2.848105798859262e-08,0.2768188224227536,0.593144469175164,25,20,20
46,3854,0.1300366799210241,2.8481057986020304e-08,0.2768188230087462,0.5931444685891712,25,20,20
46,3855,0.13003667992102413,2.848081564466765e-08,0.27644570301366156,0.5935175885844983,25,20,20
46,3856,0.1300382649569455,2.8492512098580374e-08,0.28346901959578363,0.5864926869547583,25,20,20
46,3857,0.1300382649569455,2.8492512099854546e-08,0.28346898104590634,0.5864927255046356,25,20,20
46,3858,0.1300382649557013,2.8491174112975183e-08,0.24353987517760906,0.6264218313755149,25,20,20
46,3859,0.13005913115392892,2.8504904702263216e-08,0.24351878853072126,0.6264220518104439,25,20,20
46,3860,0.13005913115392886,2.8505147043615864e-08,0.24389190852580597,0.6260489318151169,25,20,20
46,3861,0.13005913114080178,2.850494138728858e-08,0.23762182495306153,0.6323190154011943,25,20,20
46,3862,0.1300591311409171,2.8505015862737078e-08,0.25146175117733294,0.6184790891767331,25,20,20
46,3863,0.1300591311409171,2.8505015936695985e-08,0.25146835400802975,0.6184724863460361,25,20,20
46,3864,0.09179555717267279,8.027503115904212e-08,0.28972499570895943,0.6184793668433355,25,20,20
46,3865,0.09179555717253617,8.027503537442034e-08,0.2897295034902104,0.6184748590622171,25,20,20
46,3866,0.09179555717253617,8.027503552225618e-08,0.29010249262572485,0.6181018699267024,25,20,20
46,3867,0.12462312521784184,8.026505140888095e-08,0.25727378558965847,0.6181030089274472,25,20,20
46,3868,0.12462312521784183,8.026480906622978e-08,0.25690066369789544,0.6184761308194527,25,20,20
46,3869,0.12470665697788658,8.016979400973223e-08,0.25681853029017665,0.6184747325621419,25,20,20
46,3870,0.12470665697784114,8.01695501819145e-08,0.25668825489406993,0.6186050079585381,25,20,20
46,3871,0.12470665697784114,8.016955003405631e-08,0.25631526579324226,0.618977997059366,25,20,20
46,3872,0.12470665697784034,8.016955010672982e-08,0.2563129884524754,0.6189802744001334,25,20,20
46,3873,0.12393001120390978,8.016286758977923e-08,0.25708985646646004,0.6189800521667618,25,20,20
46,3874,0.12393001120390977,8.016286329839808e-08,0.25708749212453275,0.6189824165086936,25,20,20
46,3875,0.12393001120390978,8.016286337166692e-08,0.2574605939677225,0.6186093146655037,25,20,20
46,3876,0.12314287512358035,8.015530982938117e-08,0.25824773207294277,0.6186093126481663,25,20,20
46,3877,0.12314287512358116,8.015531410841317e-08,0.2583772610639183,0.6184797836571857,25,20,20
46,3878,0.12395913401867059,5.78169501885417e-08,0.2575610224579201,0.6184797857064585,25,20,20
46,3879,0.12395913401862513,5.781694595904313e-08,0.2576858455394471,0.6183549626249812,25,20,20
46,3880,0.11548594603437383,5.781480782907146e-08,0.2661590037429782,0.6183549924078394,25,20,20
46,3881,0.11548594603682416,5.7814731553775876e-08,0.2526013234484518,0.6319126726999919,25,20,20
46,3882,0.11548594603422865,5.781473147982763e-08,0.252601143307097,0.6319128528439425,25,20,20
46,3883,0.11548594603422863,5.7814731478483944e-08,0.25260125460328525,0.6319127415477542,25,20,20
46,3884,0.11327601990230445,5.740587261723678e-08,0.25481740572670897,0.6319065169651128,25,20,20
46,3885,0.11327601990230445,5.740587261593905e-08,0.2548174847700734,0.6319064379217483,25,20,20
46,3886,0.1132760199023045,5.740611713568027e-08,0.2548157154624631,0.6319082072291138,25,20,20
46,3887,0.10831199892199075,2.2548064137060908e-07,0.2597806800381663,0.6319070955592002,25,20,20
46,3888,0.1083119989219907,2.2548063715344993e-07,0.25977609179783606,0.631911683799535,25,20,20
46,3889,0.10831199892199063,2.2548063280068653e-07,0.25964656224358296,0.6320412133537926,25,20,20
46,3890,0.10681753012130703,2.537868647898908e-07,0.2611410026974292,0.632041213394398,25,20,20
46,3891,0.10681753012130697,2.5378686908102063e-07,0.2611457043627792,0.6320365117290438,25,20,20
46,3892,0.10681753012148486,2.537868690797441e-07,0.26275548888505124,0.6304267272065938,25,20,20
46,3893,0.10681753012148486,2.537868690051775e-07,0.26238238505450556,0.6307998310371393,25,20,20
46,3894,0.10649396173882757,2.59080523067527e-07,0.2627059472810686,0.6307998318995796,25,20,20
46,3895,0.10649507911475559,2.3063010544587566e-07,0.26269709931401564,0.630807590941122,25,20,20
46,3896,0.10649507911475559,2.3063010544583093e-07,0.2626971006913228,0.6308075895638148,25,20,20
46,3897,0.10578988955902105,6.396426078759177e-07,0.2570699736279714,0.6371394971703984,25,20,20
46,3898,0.10578988955902104,6.396426035834894e-07,0.25706527006594315,0.6371442007324309,25,20,20
46,3899,0.10578988955902029,6.396425993797237e-07,0.25693736415877216,0.637272106639607,25,20,20
46,3900,0.10612085254827695,6.343489158966495e-07,0.25660640733350004,0.6372721057693058,25,20,20
46,3901,0.10612085254809916,6.343628143105418e-07,0.2551261313421849,0.6387523817469003,25,20,20
46,3902,0.1061192675121778,6.343511178592392e-07,0.24823237673219795,0.6456477214045054,25,20,20
46,3903,0.1061192675121786,6.343513624427582e-07,0.24823908176468484,0.6456410163717732,25,20,20
46,3904,0.10611926751217858,6.343513623674889e-07,0.24823904690802537,0.6456410512284327,25,20,20
46,3905,0.10611926751236073,6.343513624428041e-07,0.24823915703547136,0.6456409411008045,25,20,20
46,3906,0.10893670479442959,6.344300933271808e-07,0.24542174952619078,0.6456409112492852,25,20,20
46,3907,0.1089367047942475,6.344300933271576e-07,0.24542172190206493,0.6456409388735932,25,20,20
46,3908,0.10893670479424741,6.344161949132441e-07,0.24529209951181882,0.6457705612777377,25,20,20
46,3909,0.10893670479167859,6.344159528848693e-07,0.24487998069290462,0.6461826800994629,25,20,20
46,3910,0.10893670479167859,6.344159528848247e-07,0.2448799010394915,0.6461827597528759,25,20,20
46,3911,0.10965476199042946,2.2540344767050514e-07,0.2504941581274249,0.6398508544786964,25,20,20
46,3912,0.10965426210447485,2.2540423469280717e-07,0.25049442772511293,0.6398510847661765,25,20,20
46,3913,0.10965426210447492,2.254042389831466e-07,0.2504945105003447,0.6398510019909402,25,20,20
46,3914,0.10965426210465642,2.2540448701535966e-07,0.2506228428497306,0.6397226696411247,25,20,20
46,3915,0.1482693736880267,2.2607753390336074e-07,0.21201548961815772,0.6397149106162814,25,20,20
46,3916,0.14826937368802665,2.2607729356127534e-07,0.21238375801254342,0.6393466422221361,25,20,20
46,3917,0.14826937368802742,2.2607729348730417e-07,0.21238390552028832,0.6393464947143904,25,20,20
46,3918,0.14826937368802742,2.2607729348864663e-07,0.21238390614061203,0.6393464940940665,25,20,20
46,3919,0.1482693736880275,2.260772934133776e-07,0.21264555246001748,0.6390848477746612,25,20,20
46,3920,0.15430590870184985,2.259975457730916e-07,0.20660901788625727,0.6390848474143468,25,20,20
46,3921,0.15430590870184985,2.2599754584706273e-07,0.20660913174055412,0.6390847335600498,25,20,20
46,3922,0.11443244225955114,2.2601262234120468e-07,0.246482594211662,0.6390847375161635,25,20,20
46,3923,0.08647990901844153,5.809611441446634e-08,0.27443527845265864,0.6390847544327847,25,20,20
46,3924,0.08647990901844155,5.809611449102416e-08,0.2744399797241524,0.6390800531612907,25,20,20
46,3925,0.0864799090184416,5.809611031340339e-08,0.27406695891247695,0.6394530739729702,25,20,20
46,3926,0.08647990901844155,5.809611031469187e-08,0.27407157766664025,0.639448455218807,25,20,20
46,3927,0.08720584491457217,5.767381017278022e-08,0.27334564046559867,0.639448456946018,25,20,20
46,3928,0.08720584491457217,5.767381017278022e-08,0.2733455280281756,0.6394485693834412,25,20,20
46,3929,0.08720584491457291,5.7687708584105364e-08,0.27334558902458433,0.6394485083731329,25,20,20
46,3930,0.12669402829520635,5.752457527728755e-08,0.23385745012655737,0.639448464053661,25,20,20
46,3931,0.12669402829520635,5.752457527596745e-08,0.23385733704439854,0.6394485771358197,25,20,20
46,3932,0.12669402829502802,5.7524331460709104e-08,0.23373402045050434,0.639571893730136,25,20,20
46,3933,0.12669402829502807,5.752433138544939e-08,0.2337309415007983,0.6395749726798421,25,20,20
46,3934,0.14681368907149134,5.79145354991498e-08,0.2136112841103455,0.639574968903627,25,20,20
46,3935,0.12932056534803635,5.830761171778518e-08,0.2309310087734412,0.6397483675709099,25,20,20
46,3936,0.12932056534803635,5.8307615982179127e-08,0.23119734064791594,0.6394820356964306,25,20,20
46,3937,0.12932056534803635,5.8307611719127664e-08,0.23093112385779052,0.6397482524865603,25,20,20
46,3938,0.12932056534803954,5.830785630398884e-08,0.23093782751281466,0.6397415488312883,25,20,20
46,3939,0.1250659582191964,6.805174151309895e-08,0.23519234228368524,0.6397416314453758,25,20,20
46,3940,0.12495352164745793,6.805257623609671e-08,0.23530478281812775,0.6397416274818373,25,20,20
46,3941,0.12495352164745785,6.805257201972849e-08,0.23530466862700494,0.6397417416729644,25,20,20
46,3942,0.12853393325043153,6.806064024712245e-08,0.23172413307467857,0.6397418656142486,25,20,20
46,3943,0.12853393325043158,6.806064032239131e-08,0.2317242469642897,0.6397417517246374,25,20,20
46,3944,0.12853393325047716,6.806064039770057e-08,0.23172582560150828,0.6397401730873731,25,20,20
46,3945,0.12853393325047716,6.806064039767819e-08,0.2317257451463756,0.6397402535425057,25,20,20
46,3946,0.14601212363460014,6.802056824869813e-08,0.21442095346906284,0.6395668548757676,25,20,20
46,3947,0.14601212363460014,6.802056817475012e-08,0.21442090898755478,0.6395668993572758,25,20,20
46,3948,0.1478849635235535,6.763011716039039e-08,0.21254806948933605,0.6395668993569923,25,20,20
46,3949,0.14788496352355668,6.763036121434949e-08,0.21264103742360266,0.6394739314224783,25,20,20
46,3950,0.14788496352355668,6.763036121435883e-08,0.2123747292342726,0.6397402396118085,25,20,20
46,3951,0.1624321255383212,9.125716238367865e-08,0.19770555087662575,0.6398622323278906,25,20,20
46,3952,0.1624321255383212,9.125716230841059e-08,0.19770543552378395,0.6398623476807326,25,20,20
46,3953,0.16243212553832123,9.125716230970817e-08,0.19771013849961824,0.6398576447048981,25,20,20
46,3954,0.1624321255383244,9.125716230789571e-08,0.1979717848109351,0.6395959983935781,25,20,20
46,3955,0.1624321255385019,9.20490974679318e-08,0.19801059799775367,0.6395571844146472,25,20,20
46,3956,0.16290844467768553,9.169620721476559e-08,0.19753427918160787,0.6395571844444995,25,20,20
46,3957,0.16290844467768562,9.169620728873595e-08,0.1975343236881351,0.6395571399379721,25,20,20
46,3958,0.16290844467768875,9.169620743797554e-08,0.19753440103989595,0.6395570625862081,25,20,20
46,3959,0.16290844467787083,9.169620736530241e-08,0.19753602901729508,0.639555434608627,25,20,20
46,3960,0.16290844467786844,9.169620729002134e-08,0.19754251874483267,0.6395489448810919,25,20,20
46,3961,0.12574648436016825,1.0906636011234747e-07,0.23445317389829096,0.6398002326751804,25,20,20
46,3962,0.1257464843603496,1.0906636440266885e-07,0.23445310393840768,0.6398003026348781,25,20,20
46,3963,0.12574648436016747,1.0906636440009665e-07,0.23445139339153587,0.639802013181932,25,20,20
46,3964,0.12574648436016428,1.0906636440062059e-07,0.23418512829574614,0.6400682782777248,25,20,20
46,3965,0.1208667853262716,1.4117903181543216e-06,0.23878472256220143,0.6403470803212086,25,20,20
46,3966,0.1208667853262716,1.4117903181542998e-06,0.23878472058917935,0.6403470822942307,25,20,20
46,3967,0.1558235934860934,1.3601031352888926e-06,0.20383367858814622,0.6403413678226244,25,20,20
46,3968,0.15582359348609578,1.3601031352162318e-06,0.2038272353643726,0.6403478110463958,25,20,20
46,3969,0.15582359348609337,1.3601028907079828e-06,0.20382058838776132,0.6403544580232543,25,20,20
46,3970,0.15582359348591124,1.360102886416364e-06,0.2038270325243945,0.6403480138868075,25,20,20
46,3971,0.15582359348591043,1.3600889880777434e-06,0.20369749261849576,0.6404775538066053,25,20,20
46,3972,0.1558235934857297,1.3592968089292327e-06,0.20357294520313418,0.6406021020143267,25,20,20
46,3973,0.15582359363277784,1.3600867710184548e-06,0.20381556392037972,0.6403594823600706,25,20,20
46,3974,0.15582359363277778,1.3600867709444614e-06,0.20381550790189584,0.6403595383785549,25,20,20
46,3975,0.15582359363277706,1.3600867709444843e-06,0.20381549123167816,0.6403595550487734,25,20,20
46,3976,0.15582359363277626,1.3600867708718226e-06,0.20381548892397616,0.6403595573564762,25,20,20
46,3977,0.15582359363277626,1.3600867708730974e-06,0.20381556946569318,0.6403594768147591,25,20,20
46,3978,0.15582359363277942,1.3600867708730976e-06,0.20381566426532616,0.6403593820151231,25,20,20
46,3979,0.16351462069976613,1.3364637086290398e-06,0.1962465986327043,0.6402374442038219,25,20,20
46,3980,0.14002966621364685,1.3364961681344342e-06,0.21931958192332893,0.6406494153668553,25,20,20
46,3981,0.14002966621364366,1.3364961682083704e-06,0.21932138844248614,0.6406476088477012,25,20,20
46,3982,0.14002966621364368,1.3364961682083709e-06,0.21931489814738447,0.6406540991428028,25,20,20
46,3983,0.14002966621364368,1.3364964128020256e-06,0.21931965259245423,0.6406493446974885,25,20,20
46,3984,0.14002966621364454,1.3364966525734997e-06,0.21940536029680266,0.6405636369928996,25,20,20
46,3985,0.14002966621364454,1.3364966525722025e-06,0.21939875756978836,0.640570239719914,25,20,20
46,3986,0.14002966606659709,1.3357066904090558e-06,0.2191560636290032,0.6408129345977087,25,20,20
46,3987,0.14002967447088568,1.3364990249355431e-06,0.21929176391708352,0.6406772251130052,25,20,20
46,3988,0.14002967447088568,1.336499024860252e-06,0.21929168193927226,0.6406773070908166,25,20,20
46,3989,0.14002967447088335,1.3365127215297777e-06,0.2192068433914879,0.6407621456249066,25,20,20
46,3990,0.1400296744708826,1.3365124769475567e-06,0.21920022085085236,0.6407687681657876,25,20,20
46,3991,0.1400296744708826,1.3365124768736202e-06,0.2191936970979804,0.6407752919186597,25,20,20
46,3992,0.1400296744708794,1.3365124768723226e-06,0.21919515473656362,0.6407738342800796,25,20,20
46,3993,0.14002967447087536,1.3365122371002413e-06,0.21910300486197193,0.6408659841549151,25,20,20
46,3994,0.14002967447087536,1.336512237098921e-06,0.2191014998514293,0.6408674891654578,25,20,20
46,3995,0.1400296744708753,1.3365122370989217e-06,0.21909995805574425,0.6408690309611427,25,20,20
46,3996,0.1400296744708753,1.336512241389216e-06,0.2191001532920459,0.6408688357248367,25,20,20
46,3997,0.14002967447082973,1.3365122412399357e-06,0.21909848673583576,0.6408705022810931,25,20,20
46,3998,0.14002967447083053,1.3365122369509395e-06,0.21909833146305488,0.6408706575538774,25,20,20
46,3999,0.1400296744708298,1.3365122412410904e-06,0.21910003301179684,0.6408689560051318,25,20,20
46,4000,0.14002967447082976,1.3365122412397688e-06,0.2191001075135197,0.6408688815034091,25,20,20
46,4001,0.14002967447083056,1.3365122370247214e-06,0.2191000661336985,0.6408689228832337,25,20,20
46,4002,0.1400009669548174,1.338195031161238e-06,0.21912900218342926,0.6408686926667212,25,20,20
46,4003,0.17757864596675327,1.3371944575817452e-06,0.18155132098720025,0.6408686958515888,25,20,20
46,4004,0.17757864596675327,1.3371944576583108e-06,0.18155140299135752,0.6408686138474314,25,20,20
46,4005,0.17839528500486762,1.3198245679615487e-06,0.18098606903950032,0.6406173261310631,25,20,20
46,4006,0.17488105815307337,1.3198011878045562e-06,0.1845004149895565,0.640617207056181,25,20,20
46,4007,0.20859792181468031,1.3198058996090124e-06,0.1507835349707719,0.640617223408648,25,20,20
46,4008,0.20859792181468037,1.3198058996076925e-06,0.1507882507527588,0.6406125076266612,25,20,20
46,4009,0.17488076085498608,1.3208168745359363e-06,0.1845054294972533,0.6406124888308848,25,20,20
46,4010,0.1413607806205277,1.338156235695749e-06,0.2180253470586904,0.640612534164545,25,20,20
46,4011,0.13817701051783057,1.338398034744028e-06,0.22120905122677317,0.6406125998573603,25,20,20
46,4012,0.1381770105178305,1.3383840941697838e-06,0.22120089046095676,0.6406207606371173,25,20,20
46,4013,0.14058998891176352,1.3377010865044965e-06,0.21878791600591146,0.6406207573812375,25,20,20
46,4014,0.14058998891176355,1.337701090794813e-06,0.21878803219961587,0.6406206411875287,25,20,20
46,4015,0.14058998892214525,1.3377010908700767e-06,0.21878962946877029,0.6406190439079924,25,20,20
46,4016,0.14058998892336466,1.3377011196019214e-06,0.25409139559362165,0.605317277781892,25,20,20
46,4017,0.14007157621938598,1.3377197784828658e-06,0.25460980821945023,0.6053172778413832,25,20,20
46,4018,0.14000221519544329,1.3370012321107757e-06,0.2402010585244214,0.6197953892789011,25,20,20
46,4019,0.14000221519544329,1.3370012321847465e-06,0.2402011473383615,0.619795300464961,25,20,20
46,4020,0.14000221519544254,1.3370012364737196e-06,0.24020130392768807,0.6197951438756308,25,20,20
46,4021,0.14000221519801387,1.3370014788176502e-06,0.24057444352318305,0.6194220042773222,25,20,20
46,4022,0.14000221519801306,1.3370014788176413e-06,0.24057898949143508,0.619417458309071,25,20,20
46,4023,0.13994494034899924,1.6568421109168797e-05,0.24097642614816167,0.619062065081728,25,20,20
46,4024,0.139495050195508,1.8242927213367198e-05,0.2414247075229713,0.6190619993543055,25,20,20
46,4025,0.1391697241609315,1.8243635473781626e-05,0.24175003110194793,0.6190620011016453,25,20,20
46,4026,0.09952796185562633,1.9133472634699896e-05,0.26784203146759744,0.6326108732041401,25,20,20
46,4027,0.09952796185562633,1.9133472879294846e-05,0.26784206867966404,0.632610835991829,25,20,20
46,4028,0.09952796185562708,1.913347263477648e-05,0.2678373510832753,0.6326155535884616,25,20,20
46,4029,0.11584364555697559,1.9133468856816982e-05,0.2515217246639065,0.6326154963102602,25,20,20
46,4030,0.11584364555697554,1.9133468856743033e-05,0.2515216903417468,0.6326155306324199,25,20,20
46,4031,0.11584364555697561,1.9133468856743033e-05,0.251521690832035,0.6326155301421317,25,20,20
46,4032,0.11584364555697561,1.9133468856818266e-05,0.25152821404421744,0.632609006929949,25,20,20
46,4033,0.11584364555697561,1.9133468856892233e-05,0.25153046479317626,0.6326067561809903,25,20,20
46,4034,0.11584364555697878,1.9133468856890413e-05,0.25179672986258433,0.6323404911115792,25,20,20
46,4035,0.1158436455569819,1.9133468852748852e-05,0.2519260550239009,0.6322111659502635,25,20,20
46,4036,0.11590183804266734,1.748453478929432e-05,0.25186273198607145,0.6322179454364713,25,20,20
46,4037,0.11590183804267053,1.7484534785079275e-05,0.25186261924683095,0.6322180581757125,25,20,20
46,4038,0.11499456934420568,1.745682958153966e-05,0.2527700252865613,0.632217948539652,25,20,20
46,4039,0.11499456934420489,1.745682958146312e-05,0.2527699088210925,0.6322180650051216,25,20,20
46,4040,0.1152363010878606,1.6671781888948366e-05,0.26447231850455655,0.6202747086256943,25,20,20
46,4041,0.09758110635062386,1.6671977132109163e-05,0.28212745998915106,0.6202747616830936,25,20,20
46,4042,0.09811731446451859,1.6671947395655538e-05,0.2781631293067153,0.623702884281371,25,20,20
46,4043,0.11572814031909694,1.667211682478128e-05,0.2605522572098197,0.6237029303542596,25,20,20
46,4044,0.11623403262696254,1.6671758413745034e-05,0.26004646268893467,0.6237028329256902,25,20,20
46,4045,0.11623402422267393,1.6670966079291812e-05,0.26028375176311375,0.6234655530481339,25,20,20
46,4046,0.11623402422267393,1.6670966079215213e-05,0.2602771495575043,0.6234721552537436,25,20,20
46,4047,0.1162340242226739,1.6670966075072988e-05,0.26028010791119804,0.623469196900054,25,20,20
46,4048,0.11641804053188032,1.664541373570219e-05,0.25357248650639597,0.6299928275479888,25,20,20
46,4049,0.11641804052930904,1.6645413493359602e-05,0.253200971263676,0.6303643427935222,25,20,20
46,4050,0.11641804052930901,1.6645413248765947e-05,0.25319616421754354,0.6303691498398993,25,20,20
46,4051,0.11616624982395794,1.6791991971647638e-05,0.2550521240145411,0.6287648341695296,25,20,20
46,4052,0.11616625041334191,1.6791992435285047e-05,0.21984539926245555,0.6639715583317674,25,20,20
46,4053,0.1161662508839613,1.6792624492406278e-05,0.22803356220027735,0.6557833942912698,25,20,20
46,4054,0.11606663265238648,1.6813001187947296e-05,0.22813315511402787,0.6557833992323974,25,20,20
46,4055,0.11608319410434774,1.681421428935798e-05,0.24258681430810178,0.6413131773732599,25,20,20
46,4056,0.11608319410434774,1.681421428928339e-05,0.24221371046745768,0.641686281213904,25,20,20
46,4057,0.1160831941043477,1.6814214289283413e-05,0.2422137480337235,0.6416862436476385,25,20,20
46,4058,0.11548351212347456,1.681497563481891e-05,0.2082114213072093,0.6762882515936801,25,20,20
46,4059,0.11548351212347535,1.681497563481891e-05,0.20821145716904407,0.6762882157318445,25,20,20
46,4060,0.0994486248836301,1.6794792437956975e-05,0.22424314082466487,0.6762914394992658,25,20,20
46,4061,0.09944862488362691,1.6794792437809523e-05,0.2241137001661314,0.6764208801578028,25,20,20
46,4062,0.0994486248836261,1.6794792437660283e-05,0.2241136435235849,0.6764209368003503,25,20,20
46,4063,0.09944862441318875,1.6794160625183092e-05,0.2159327624617346,0.6846018189644505,25,20,20
46,4064,0.09895600619611276,1.6794154476248323e-05,0.21642538232719744,0.6846018173222127,25,20,20
46,4065,0.09895597363595396,1.6793390406562178e-05,0.21486763040272042,0.6861596025709182,25,20,20
46,4066,0.09895597363595396,1.6793390406486863e-05,0.21486750986924325,0.6861597231043955,25,20,20
46,4067,0.09895597363595396,1.679339040648816e-05,0.21486762375312157,0.6861596092205172,25,20,20
46,4068,0.09895597363595715,1.679339040656342e-05,0.2148722995978347,0.6861549333758009,25,20,20
46,4069,0.0989559742258075,1.679339065466659e-05,0.21500283347842586,0.6860243989051114,25,20,20
46,4070,0.0989559742258075,1.679339065481709e-05,0.21500753388955274,0.6860196984939841,25,20,20
46,4071,0.09895597422580832,1.6793390654819708e-05,0.2150075758608031,0.6860196565227329,25,20,20
46,4072,0.09895597422598876,1.6793404467907067e-05,0.2153770553412628,0.6856501770282797,25,20,20
46,4073,0.09706830155057122,1.6793323032567072e-05,0.21726598910163006,0.6856489160247656,25,20,20
46,4074,0.09705625264832013,2.5928523276532233e-07,0.21729457244890502,0.6856489156175409,25,20,20
46,4075,0.09705625264813802,2.5928498812257654e-07,0.21728578208581698,0.6856577059810559,25,20,20
46,4076,0.09705625264813804,2.5928498812130154e-07,0.217285908164825,0.6856575799020479,25,20,20
46,4077,0.09705625264813485,2.59284988119981e-07,0.21728591249258694,0.6856575755742891,25,20,20
46,4078,0.09775986467490234,2.590322577991427e-07,0.22311257529214515,0.6791273010006936,25,20,20
46,4079,0.0977598646749024,2.5903225794971705e-07,0.22311485239945558,0.679125023893383,25,20,20
46,4080,0.0753793381799391,2.5982877424184587e-07,0.24549860682373256,0.6791217951675529,25,20,20
46,4081,0.07537933759009112,2.598285262139444e-07,0.2453680404990266,0.6792523620823548,25,20,20
46,4082,0.07537933759009106,2.598285260634148e-07,0.24536584187375723,0.6792545607076245,25,20,20
46,4083,0.07448549037616414,2.6033857405096955e-07,0.24625968788886346,0.6792545613963971,25,20,20
46,4084,0.07448549037616413,2.603385740522437e-07,0.24625964779485865,0.679254601490402,25,20,20
46,4085,0.07448549037616094,2.6033857397565466e-07,0.24625956387514367,0.6792546854101202,25,20,20
46,4086,0.07448544340759573,2.279227925547559e-07,0.2462608447731427,0.6792534838964691,25,20,20
46,4087,0.0744854434075926,2.2792279676932852e-07,0.2462608446243059,0.679253484045305,25,20,20
46,4088,0.0744854434075926,2.279227966953615e-07,0.2462586459361248,0.679255682733486,25,20,20
46,4089,0.07448544340759267,2.2792280098651078e-07,0.24626331288764075,0.6792510157819658,25,20,20
46,4090,0.07448544339721173,2.2792280098651694e-07,0.24626168481388203,0.6792526438661052,25,20,20
46,4091,0.1135188822473029,2.2691412716997553e-07,0.20722824701467357,0.6792526438238952,25,20,20
46,4092,0.13976094705670725,2.217797092678305e-07,0.1780391088621317,0.6821997223014513,25,20,20
46,4093,0.13976094705670725,2.2177995385002933e-07,0.17804569946914905,0.6821931316941894,25,20,20
46,4094,0.1397609470567112,2.2177995385166741e-07,0.1780427388556226,0.6821960923077119,25,20,20
46,4095,0.10112688863211888,2.230834834664368e-07,0.2166669572721989,0.6822059310121975,25,20,20
46,4096,0.11480743627074322,2.2307938556725294e-07,0.205933488529868,0.6792588521200021,25,20,20
46,4097,0.07789130010619956,1.482177241294433e-06,0.24251209427481268,0.6795951234417461,25,20,20
46,4098,0.07789130010619956,1.482177241220462e-06,0.24251205948795795,0.6795951582286007,25,20,20
46,4099,0.07789130010601913,1.4821634280578152e-06,0.24214448296603458,0.6799627347645177,25,20,20
46,4100,0.07789130010601598,1.4821634280578154e-06,0.24214451960420966,0.6799626981263459,25,20,20
46,4101,0.07789130010601598,1.482163428059136e-06,0.2421446334534011,0.6799625842771545,25,20,20
46,4102,0.07789130010601598,1.482163428059159e-06,0.242144548010771,0.6799626697197847,25,20,20
46,4103,0.07789130010601598,1.482163428057862e-06,0.24214446872739576,0.67996274900316,25,20,20
46,4104,0.07539945191879777,1.2303553554026009e-05,0.24496174913366162,0.6796264953939865,25,20,20
46,4105,0.07539945191884302,1.2303553797031264e-05,0.24494816996236765,0.6796400745649923,25,20,20
46,4106,0.0753994513282429,1.2303553304664629e-05,0.24485974161372603,0.6797285035047264,25,20,20
46,4107,0.0753994513283754,1.2303553304580242e-05,0.24487332540064088,0.6797149197176791,25,20,20
46,4108,0.0753994513283754,1.230355330465419e-05,0.24487340598205407,0.6797148391362658,25,20,20
46,4109,0.07539945132837547,1.2303553304652892e-05,0.24487337324925054,0.6797148718690691,25,20,20
46,4110,0.07405461087707071,1.3457450624291281e-05,0.24622689681200888,0.6797050348602961,25,20,20
46,4111,0.07405461087707307,1.3457464437453287e-05,0.24660103616077475,0.6793308954977156,25,20,20
46,4112,0.07405461087706992,1.3457450624363955e-05,0.24622693790336786,0.6797049937689379,25,20,20
46,4113,0.07405461087707066,1.3457450628580302e-05,0.24622701403965386,0.6797049176326468,25,20,20
46,4114,0.0740546108770674,1.3457450628577703e-05,0.24622498805288942,0.6797069436194146,25,20,20
46,4115,0.07405461087706748,1.3457450632869153e-05,0.24622665048517,0.6797052811871298,25,20,20
46,4116,0.07405461087706748,1.3457450637159472e-05,0.2462267666538526,0.6797051650184429,25,20,20
46,4117,0.07405461087706752,1.3457450396867107e-05,0.24622476574962276,0.6797071659229129,25,20,20
46,4118,0.07405461087706752,1.3457450396790527e-05,0.2462200645022367,0.6797118671702994,25,20,20
46,4119,0.07405461087706355,1.3457450392574326e-05,0.2462184422234455,0.6797134894490989,25,20,20
46,4120,0.07358538825212606,5.656202530616811e-06,0.2466954775442518,0.6797134780010922,25,20,20
46,4121,0.07358538825212606,5.656202530616835e-06,0.2466954248239567,0.6797135307213873,25,20,20
46,4122,0.07358538825212606,5.656202530616835e-06,0.24669545762337378,0.6797134979219702,25,20,20
46,4123,0.07358538825212925,5.656216469919555e-06,0.24670775013506482,0.6797012053963365,25,20,20
46,4124,0.0735853882521285,5.656216712112953e-06,0.24708078750971382,0.6793281680214461,25,20,20
46,4125,0.07353992833208785,1.3814071782605556e-06,0.2471305285188944,0.67932816174184,25,20,20
46,4126,0.07353992833208783,1.3814071782605556e-06,0.24712593947977696,0.6793327507809575,25,20,20
46,4127,0.07354259779550289,1.4133416261070975e-06,0.2471232383986942,0.679332750464178,25,20,20
46,4128,0.07354259471062809,1.4130480946869696e-06,0.2470549480069446,0.6794010442343337,25,20,20
46,4129,0.07361547345358703,2.578562309364394e-07,0.24654710905893598,0.6798371596312469,25,20,20
46,4130,0.07361547345363213,2.578562309357708e-07,0.24691450502720622,0.6794697636629317,25,20,20
46,4131,0.07361547345359021,2.578562310117429e-07,0.2465406215700353,0.6798436471201444,25,20,20
46,4132,0.07361547345359014,2.5785622672059436e-07,0.24653587408688513,0.6798483946032988,25,20,20
46,4133,0.07361547345358695,2.5785622657135435e-07,0.24653587120685436,0.6798483974833328,25,20,20
46,4134,0.07361547345358695,2.578425318825534e-07,0.24652528780308092,0.6798589809008011,25,20,20
46,4135,0.07361547345340608,2.578422889635057e-07,0.24625905091612663,0.6801252177881796,25,20,20
46,4136,0.07361992977646843,1.7436670396287576e-07,0.24632217169508622,0.6800577241617423,25,20,20
46,4137,0.07361992977646845,1.74366704113407e-07,0.24632379475603486,0.6800561011007935,25,20,20
46,4138,0.07361705427129177,2.0136214628970486e-07,0.24632664837721743,0.6800560959893454,25,20,20
46,4139,0.07361705427129497,2.0136214629102628e-07,0.2463265899924211,0.6800561543741387,25,20,20
46,4140,0.07361705427129817,2.013621462923464e-07,0.2463265914441447,0.6800561529224118,25,20,20
46,4141,0.07966238278545286,2.0136074641488185e-07,0.24028126294417848,0.6800561529096225,25,20,20
46,4142,0.07966238278545286,2.0136074641358417e-07,0.24028125758806917,0.6800561582657317,25,20,20
46,4143,0.0796623827854529,2.013607463396041e-07,0.2405474898432233,0.6797899260105776,25,20,20
46,4144,0.11934655068253112,1.9984987829272417e-07,0.200871212078513,0.6797820373890774,25,20,20
46,4145,0.11934655068253106,1.9984987400289068e-07,0.20086658899178517,0.6797866604758097,25,20,20
46,4146,0.129686296405891,1.0775905066793057e-07,0.190507514647606,0.6798060811874521,25,20,20
46,4147,0.12968629640589419,1.0775905059397672e-07,0.19050292913697703,0.6798106666980779,25,20,20
46,4148,0.12968629640589344,1.0775904630236233e-07,0.19050281435906494,0.6798107814759949,25,20,20
46,4149,0.1296862964058935,1.077590463036604e-07,0.19050432138174142,0.6798092744533186,25,20,20
46,4150,0.12968629634803455,1.1221114835392176e-07,0.1905043169873843,0.6798092744534329,25,20,20
46,4151,0.12968629634803455,1.1221114406360511e-07,0.19050420081870173,0.6798093906221198,25,20,20
46,4152,0.1296862963480345,1.1221114398699377e-07,0.1905040863190419,0.6798095051217795,25,20,20
46,4153,0.12968629634803444,1.1221114406227166e-07,0.1902378199186441,0.6800757715221772,25,20,20
46,4154,0.129686296349039,1.0784883223445218e-07,0.1902378242799512,0.6800757715221774,25,20,20
46,4155,0.129683966744571,1.0783487062408524e-07,0.1874791904374988,0.6828367349830604,25,20,20
46,4156,0.129683966744571,1.0783487062278753e-07,0.18747907601271968,0.6828368494078397,25,20,20
46,4157,0.12968396674456792,1.0783462600752694e-07,0.18748753901147,0.6828283864093369,25,20,20
46,4158,0.09471547944517368,2.1447667070251453e-06,0.22189124688068693,0.6833911289074339,25,20,20
46,4159,0.09471547944517449,2.144766707027809e-06,0.2218912765403353,0.6833910992477847,25,20,20
46,4160,0.08436861114180835,4.3818408570605506e-06,0.2322561285653733,0.683370878451963,25,20,20
46,4161,0.08436861114181156,4.381840861353485e-06,0.2322563252492708,0.6833706817680578,25,20,20
46,4162,0.08436861114181152,4.381840619009549e-06,0.23188559703996262,0.6837414099776085,25,20,20
46,4163,0.08436861114180833,4.381840614716637e-06,0.23188539978047745,0.6837416072371011,25,20,20
46,4164,0.0848138948318414,4.38208402320218e-06,0.23187623289746243,0.6833054901866721,25,20,20
46,4165,0.046159780824889335,4.382506445792776e-06,0.27053034456234465,0.683305492106319,25,20,20
46,4166,0.04615978083409472,4.3825064458497455e-06,0.2750518216384943,0.678784015020964,25,20,20
46,4167,0.04615978083409467,4.382506445848401e-06,0.27505190905998367,0.6787839275994747,25,20,20
46,4168,0.04615978082488615,4.382506690330084e-06,0.2705320851183324,0.6833037515500903,25,20,20
46,4169,0.04615978083524426,4.382506934387306e-06,0.2706247666468466,0.6832110700109739,25,20,20
46,4170,0.04615978083524106,4.3825069343107145e-06,0.2706247117529141,0.68321112490491,25,20,20
46,4171,0.04615994344402995,4.382452095170587e-06,0.27338344062061365,0.6804522334832604,25,20,20
46,4172,0.04619262521276313,4.3959621992007855e-06,0.27271539815930945,0.681087580665727,25,20,20
46,4173,0.04609341852228014,4.355800701543459e-06,0.27344988894474875,0.6804523367322683,25,20,20
46,4174,0.046093427702050285,2.04299152949609e-06,0.27345219263236115,0.6804523366740579,25,20,20
46,4175,0.04605890989520534,2.0427392173315675e-06,0.2734867083272665,0.6804523390383096,25,20,20
46,4176,0.046058909895204614,2.0427392174055384e-06,0.27348676038636116,0.6804522869792158,25,20,20
46,4177,0.04605890989520542,2.0427392174055355e-06,0.2734883023075274,0.6804507450580489,25,20,20
46,4178,0.043340870471503916,4.030740837117832e-06,0.2761995717795914,0.6804555270080668,25,20,20
46,4179,0.04334087047150392,4.030740837119129e-06,0.27619953640822753,0.6804555623794307,25,20,20
46,4180,0.04334087047150392,4.030740837120427e-06,0.2762061411716151,0.6804489576160431,25,20,20
46,4181,0.04334087047150392,4.030740837120427e-06,0.2761995383955835,0.6804555603920747,25,20,20
46,4182,0.04334188327322046,4.03077022131069e-06,0.27619829189675654,0.680455794059801,25,20,20
46,4183,0.04334188327322046,4.0307702213119655e-06,0.27619829385977035,0.6804557920967871,25,20,20
46,4184,0.04634949397677973,2.042768599753552e-06,0.2731974564878502,0.680451006766769,25,20,20
46,4185,0.04634949397677971,2.0427685998294035e-06,0.27356816579922427,0.6800802974553948,25,20,20
46,4186,0.04634949397677977,2.042768604121628e-06,0.2735747697092382,0.6800736935453764,25,20,20
46,4187,0.08585056247677708,2.041995190958024e-06,0.2340712048451665,0.6800761906828642,25,20,20
46,4188,0.08585056247678026,2.0420090413269837e-06,0.23433853984452518,0.6798088556696517,25,20,20
46,4189,0.08585056247678019,2.0420090412516918e-06,0.23433853828847448,0.6798088572257026,25,20,20
46,4190,0.0853526244972088,2.0420093687060987e-06,0.23483647623719933,0.6798088572562219,25,20,20
46,4191,0.08670131117487548,0.00010474004302580308,0.23338509336346497,0.6798088554186325,25,20,20
46,4192,0.08670131117487861,0.00010474004326986187,0.23347730752285717,0.679716641258993,25,20,20
46,4193,0.08670131117488251,0.00010474004327001378,0.23346727733735978,0.6797266714444864,25,20,20
46,4194,0.08670131117488332,0.00010474004327008779,0.2334673508154207,0.6797265979664247,25,20,20
46,4195,0.08670131117488251,0.00010474004327001251,0.2334657291152872,0.679728219666559,25,20,20
46,4196,0.08670131117488256,0.000104740043269862,0.2334658097165761,0.6797281390652704,25,20,20
46,4197,0.08655639103808131,0.00010530354260791364,0.2336100954804293,0.6797282099388804,25,20,20
46,4198,0.08655639103807813,0.00010530354236385487,0.23352007906213365,0.6798182263574232,25,20,20
46,4199,0.08655639104044073,0.00010534477855408588,0.23711060207829934,0.6762276621027052,25,20,20
46,4200,0.08722569116384171,0.00010334918849711783,0.23700584299543187,0.675665116652229,25,20,20
46,4201,0.08722569116166444,0.00010330795230696348,0.2334201170897198,0.6792508837963084,25,20,20
46,4202,0.08722569116166451,0.00010330795230703876,0.23342015190143653,0.6792508489845913,25,20,20
46,4203,0.086364528275743,6.108353680502546e-07,0.2343840087970173,0.679250852091871,25,20,20
46,4204,0.08636452827555771,6.108353722634839e-07,0.2343839138613088,0.6792509470277607,25,20,20
46,4205,0.08066383891835524,1.879233660942517e-06,0.2400835318672458,0.679250749980737,25,20,20
46,4206,0.08067868386620469,1.8751439599352834e-06,0.24006869100918027,0.6792507499806555,25,20,20
46,4207,0.08067868386620149,1.875143959858728e-06,0.24007525468353388,0.679244186306305,25,20,20
46,4208,0.08067868386620143,1.8751439555688952e-06,0.24007063208788193,0.6792488089019614,25,20,20
46,4209,0.0806786838662015,1.8751301052752481e-06,0.23980489367497937,0.6795145473287139,25,20,20
46,4210,0.08067868386856406,1.916366295506263e-06,0.2433954166911443,0.675923983073996,25,20,20
46,4211,0.08067868386856487,1.9163662955815785e-06,0.2433954046146961,0.6759239951504437,25,20,20
46,4212,0.08067868386856483,1.9163662955815785e-06,0.2433953718166218,0.6759240279485179,25,20,20
46,4213,0.08067868386856483,1.9163662955802127e-06,0.24339529282319478,0.6759241069419449,25,20,20
46,4214,0.08067868386856807,1.916366295578936e-06,0.2433968327482891,0.6759225670168473,25,20,20
46,4215,0.0806786838685648,1.9163662955036236e-06,0.2433951217269759,0.6759242780381639,25,20,20
46,4216,0.0806786838685648,1.9163662955036236e-06,0.24339520275769616,0.6759241970074438,25,20,20
46,4217,0.08132272609196098,1.3528666858261815e-06,0.24275179450499118,0.6759241265363616,25,20,20
46,4218,0.08132272609195774,1.3528666857508695e-06,0.2427501720765917,0.6759257489647645,25,20,20
46,4219,0.0813227266836421,1.3528669346251528e-06,0.24275691133870275,0.6759190091107201,25,20,20
46,4220,0.08132272668364213,1.3528669303342268e-06,0.2427503448085391,0.6759255756408881,25,20,20
46,4221,0.08132222636910605,1.3528372805993486e-06,0.24275107882051716,0.6759253419730956,25,20,20
46,4222,0.06297561956462071,1.946292548641858e-06,0.2609439913236282,0.676078442819202,25,20,20
46,4223,0.06297561956461992,1.9462925485678187e-06,0.26094383826858164,0.6760785958742496,25,20,20
46,4224,0.06297561955426181,1.9462923045845454e-06,0.2608511587428042,0.6761712754106292,25,20,20
46,4225,0.06297766526345625,6.365519956089149e-07,0.26084996309234043,0.676171735092208,25,20,20
46,4226,0.06297766526345625,6.365519956828857e-07,0.26085000620788545,0.6761716919766627,25,20,20
46,4227,0.06297766526346014,6.365658088448934e-07,0.2612225660703883,0.6757991321003429,25,20,20
46,4228,0.06297766526346252,6.365660533544071e-07,0.2612225365022345,0.6757991616682498,25,20,20
46,4229,0.06297766526109996,5.953298631221171e-07,0.2576320385734377,0.6793897008355994,25,20,20
46,4230,0.06297766526110075,5.953298631973813e-07,0.25763215945761453,0.6793895799514216,25,20,20
46,4231,0.06297766526110077,5.953298632713712e-07,0.2576344377521326,0.6793873016569034,25,20,20
46,4232,0.06297766526110084,5.953436764347337e-07,0.2580086165132712,0.6790131228819516,25,20,20
46,4233,0.06297766526109765,5.953436764340193e-07,0.2583816037196485,0.6786401356755779,25,20,20
46,4234,0.06297766526127828,5.961319070055737e-07,0.2587113955857057,0.6783103430211094,25,20,20
46,4235,0.06297766526127822,5.961319069316025e-07,0.25871142694189064,0.6783103116649246,25,20,20
46,4236,0.06297766526386582,5.961319070829958e-07,0.25884620341835296,0.6781755351858746,25,20,20
46,4237,0.06297766526386583,5.96131907158253e-07,0.25885272718153035,0.6781690114226971,25,20,20
46,4238,0.06297766526386583,5.961319071582528e-07,0.2588574270056983,0.6781643115985291,25,20,20
46,4239,0.06300134469276979,5.961321243294171e-07,0.25851837947739514,0.6784796796977111,25,20,20
46,4240,0.06300134469276979,5.961323673232373e-07,0.25878233086295127,0.6782157283119119,25,20,20
46,4241,0.06300134469258914,5.953441366764141e-07,0.2584524565289066,0.6785456034343679,25,20,20
46,4242,0.06300134469258908,5.953303235883306e-07,0.2580848800127991,0.6789131799642886,25,20,20
46,4243,0.06300134469258908,5.953303235124784e-07,0.25771189088832025,0.6792861690887674,25,20,20
46,4244,0.06371248607507346,6.33967918103666e-07,0.25700061693777043,0.6792862630192382,25,20,20
46,4245,0.0637641778841408,6.343643506905192e-07,0.23767410121039542,0.6985610865411135,25,20,20
46,4246,0.06374049747530644,6.593381536957967e-07,0.23801312265696392,0.6982457205295765,25,20,20
46,4247,0.06470436237149542,2.1248824544504177e-06,0.2370476674455971,0.6982458453004535,25,20,20
46,4248,0.0647043617798565,2.1248822099302687e-06,0.2371705868762988,0.6981229264616353,25,20,20
46,4249,0.06470436177985256,2.124868396766986e-06,0.23679644552771556,0.6984970678240358,25,20,20
46,4250,0.06465077480026299,2.1244801379078393e-06,0.25591954635555886,0.6794275543640411,25,20,20
46,4251,0.06465077480044508,2.1244940771373017e-06,0.2555587643253562,0.6797883363801225,25,20,20
46,4252,0.06465172523312085,2.1244940762399325e-06,0.25230815965113174,0.6830379906216726,25,20,20
46,4253,0.06392629686276155,2.1108433928371007e-06,0.25302678816923335,0.6830448041246135,25,20,20
46,4254,0.0639262968627608,2.1108433927605344e-06,0.25302674762023863,0.683044844673609,25,20,20
46,4255,0.06392629686276399,2.110843392837124e-06,0.25302685856899393,0.6830447337248505,25,20,20
46,4256,0.0639261677304158,2.1108352144246085e-06,0.25323275745356855,0.6828389639808025,25,20,20
46,4257,0.06392616773041579,2.1108352186761778e-06,0.25360582137267956,0.6824659000616873,25,20,20
46,4258,0.06392616773041572,2.1108349741375173e-06,0.2536087855658563,0.6824629358687553,25,20,20
46,4259,0.06392616773041254,2.1108347338443147e-06,0.25360227775619315,0.6824694436786618,25,20,20
46,4260,0.05818871804372617,1.4486658939189754e-05,0.2594831466139974,0.6823136486833383,25,20,20
46,4261,0.058188718043726155,1.448665893918862e-05,0.2594816003384662,0.6823151949588694,25,20,20
46,4262,0.05820544917231836,1.4461241274543387e-05,0.2594717996690955,0.6823082899173124,25,20,20
46,4263,0.033807826139915315,0.00038030116950568194,0.283503572973313,0.6823082997172673,25,20,20
46,4264,0.034706379223383904,0.0003803277327172396,0.28545248157618647,0.6794608114677139,25,20,20
46,4265,0.034706379223383904,0.00038032773271724096,0.28545244822695337,0.6794608448169471,25,20,20
46,4266,0.061117042461637607,0.0003803266409947955,0.259041789308196,0.6794608415891727,25,20,20
46,4267,0.06111704246163759,0.0003803266409947955,0.25903746265195066,0.6794651682454181,25,20,20
46,4268,0.06111704246163754,0.00038032664099050525,0.2590372674049438,0.6794653634924294,25,20,20
46,4269,0.06111704246163752,0.00038032664098629015,0.25904367492468944,0.6794589559726876,25,20,20
46,4270,0.06111704246163752,0.0003803266407517459,0.25904365601730495,0.6794589748803068,25,20,20
46,4271,0.061117042461637586,0.0003803266407560371,0.2590482457181002,0.6794543851795073,25,20,20
46,4272,0.061117042461637586,0.0003803266407518595,0.2586752248813668,0.6798274060162447,25,20,20
46,4273,0.06111704246163816,0.00038032664093196197,0.26973314772345863,0.6687694831739721,25,20,20
46,4274,0.06111704246163895,0.00038032664093621096,0.2701061859515895,0.6683964449458363,25,20,20
46,4275,0.061117042461638904,0.0003803266409362123,0.2701062385770328,0.668396392320393,25,20,20
46,4276,0.061117042461639695,0.00038032664093636155,0.27010624259410243,0.6683963883033225,25,20,20
46,4277,0.0611170424616421,0.00038032664093640286,0.2697333205499108,0.6687693103475116,25,20,20
46,4278,0.06111704246164136,0.00038032664092795194,0.2694716888065565,0.6690309420908751,25,20,20
46,4279,0.06111704246168683,0.00038032664117246154,0.2694736920264698,0.6690289388706718,25,20,20
46,4280,0.06111704246168688,0.0003803266274778416,0.2694637329822227,0.6690388979286136,25,20,20
46,4281,0.06111704246168959,0.00038032729806944057,0.2757075450391527,0.6627950852010893,25,20,20
46,4282,0.06111704246168959,0.000380327298069364,0.2757028457893776,0.6627997844508644,25,20,20
46,4283,0.09633313994292157,0.00038134886258193697,0.24048085621029194,0.6628046549842057,25,20,20
46,4284,0.09633313994287608,0.0003813488623375026,0.2404807559528878,0.6628047552418999,25,20,20
46,4285,0.09633313994287608,0.00038134886233750137,0.24047605413126547,0.662809457063522,25,20,20
46,4286,0.1074433391099626,0.00038134932068949266,0.2293657570415398,0.662809554527809,25,20,20
46,4287,0.10744333910992034,0.0003813493206852891,0.2292427031353327,0.6629326084340625,25,20,20
46,4288,0.10744333910991713,0.0003813493206852138,0.22923621362506735,0.662939097944331,25,20,20
46,4289,0.10744333910991712,0.0003813493206879803,0.24320380058363245,0.6489715109857631,25,20,20
46,4290,0.10744333910973498,0.00038134932044329626,0.24320144009637776,0.6489738714734448,25,20,20
46,4291,0.10744333910973498,0.00038134932044337286,0.24319985181202125,0.6489754597578012,25,20,20
46,4292,0.10744333910973498,0.00038134932044329756,0.24319765613108313,0.6489776554387394,25,20,20
46,4293,0.1074433391097318,0.00038134932044329626,0.24320414940045074,0.6489711621693749,25,20,20
46,4294,0.07430265264603961,0.00038353268562042866,0.275461816430031,0.6498519982383096,25,20,20
46,4295,0.07430265264622092,0.00038353268562885996,0.27546833959026745,0.6498454750778836,25,20,20
46,4296,0.07430265264621774,0.00038353268562464236,0.2754682854116673,0.6498455292564913,25,20,20
46,4297,0.07430265265656619,0.00038353269976676234,0.27559826756861755,0.6497155470750502,25,20,20
46,4298,0.049595523211426136,0.0003835322485553057,0.3003054937259532,0.649715450814066,25,20,20
46,4299,0.04959552321160823,0.00038353224879975203,0.30030363270896154,0.649717311830631,25,20,20
46,4300,0.04959552321160558,0.0003835315784526904,0.2940549535174996,0.6559659916924427,25,20,20
46,4301,0.04871347369931267,0.0003835050153809941,0.2953412859920611,0.6555617352932459,25,20,20
46,4302,0.04871347369931274,0.0003835050153809202,0.29534119966628464,0.6555618216190225,25,20,20
46,4303,0.036052336413234604,1.7686732383109098e-05,0.3083679626328531,0.6555620142215295,25,20,20
46,4304,0.036052336413235346,1.7686732378820587e-05,0.3083648807504656,0.6555650961039207,25,20,20
46,4305,0.03605233641064778,1.7686732378670493e-05,0.30823235736463733,0.6556976194923366,25,20,20
46,4306,0.036052336410647756,1.768673237866919e-05,0.30823007979682,0.655699897060154,25,20,20
46,4307,0.036052336410648485,1.768673238725011e-05,0.3082347559738329,0.6556952208831318,25,20,20
46,4308,0.06450853892308563,1.7896850151242786e-05,0.2797783088010577,0.6556952554257065,25,20,20
46,4309,0.09781926805573488,1.7875204862880174e-05,0.24646780414910294,0.6556950525903001,25,20,20
46,4310,0.09781926805573488,1.7875204862804883e-05,0.24646772109525192,0.6556951356441513,25,20,20
46,4311,0.09781926805573486,1.7875204867020576e-05,0.2464677227842341,0.6556951339551647,25,20,20
46,4312,0.10226920642249715,1.767353944180323e-05,0.24201801991975733,0.6556951001183045,25,20,20
46,4313,0.11151730468059022,1.7673284659847087e-05,0.23276992314020095,0.6556950988945492,25,20,20
46,4314,0.11106140248375164,1.7673756850456773e-05,0.2330209269764259,0.6558999967829716,25,20,20
46,4315,0.11102806980480016,1.7683769390022203e-05,0.22416401152239526,0.6647902349034142,25,20,20
46,4316,0.11102806980480015,1.7683769389948267e-05,0.22415740872631584,0.6647968376994937,25,20,20
46,4317,0.1104130188633781,1.7683770784714734e-05,0.22477122776036548,0.6647980696054714,25,20,20
46,4318,0.11041301886338126,1.768377078893108e-05,0.22477130914288357,0.6647979882229458,25,20,20
46,4319,0.08715652859914226,0.0006776228411395792,0.24736689190961134,0.664798956650107,25,20,20
46,4320,0.08715652859914227,0.0006776228411396544,0.2473669209348723,0.6647989276248458,25,20,20
46,4321,0.08715652859914153,0.0006776228411440044,0.2474948207853809,0.6646710277743334,25,20,20
46,4322,0.08715652859914158,0.0006776228411440792,0.24776115397671158,0.6644046945830026,25,20,20
46,4323,0.08715652859914101,0.0006776228409640507,0.2367033450346428,0.6754625035252521,25,20,20
46,4324,0.08715652859914103,0.0006776228409641259,0.23670337842985664,0.6754624701300379,25,20,20
46,4325,0.08715652859914103,0.0006776228409641246,0.2367033769977155,0.6754624715621792,25,20,20
46,4326,0.08715652859914182,0.0006776228409683403,0.236709953283699,0.6754558952761905,25,20,20
46,4327,0.08715652859913864,0.0006776228409640498,0.23670976001997912,0.6754560885399179,25,20,20
46,4328,0.08715652859913858,0.0006776228409596998,0.23658024191197133,0.6755856066479302,25,20,20
46,4329,0.08619244680770191,0.0006761323227913971,0.2375459386463859,0.6755854822231203,25,20,20
46,4330,0.09031089576857834,0.0006761374687528672,0.23342871600742324,0.6755842507552452,25,20,20
46,4331,0.09031089576857829,0.0006761374685082533,0.2334269783775682,0.6755859883853451,25,20,20
46,4332,0.09031178484986771,0.000676137970115386,0.23342609118767998,0.6755859859923368,25,20,20
46,4333,0.09031178484986857,0.0006761379703599961,0.23342845213563154,0.6755836250441398,25,20,20
46,4334,0.09118964165702816,0.0006761374769972293,0.23254354463739194,0.6755906762285824,25,20,20
46,4335,0.09118964165985374,0.0006761374774836476,0.2185851976108716,0.6895490232517908,25,20,20
46,4336,0.09118964165985455,0.0006761374774836476,0.21859181637111644,0.6895424044915452,25,20,20
46,4337,0.09118964165985456,0.0006761374774837229,0.21859193224548076,0.6895422886171808,25,20,20
46,4338,0.09118964165985535,0.0006761374774879385,0.21859842290386308,0.6895357979587935,25,20,20
46,4339,0.09118964165985455,0.0006761374774793563,0.21859371777628614,0.6895405030863797,25,20,20
46,4340,0.09118964165967243,0.000676137477234762,0.21858905505637719,0.6895451658067155,25,20,20
46,4341,0.09118964165967243,0.0006761374772305461,0.21858253030554745,0.6895516905575494,25,20,20
46,4342,0.09118964224750316,0.0006761374772348105,0.21884974340171173,0.6892844768735502,25,20,20
46,4343,0.09187421556842984,0.0006764127085900487,0.22725864715884445,0.6801907245641352,25,20,20
46,4344,0.09187421556843224,0.0006764127085857578,0.22725683812451766,0.6801925335984639,25,20,20
46,4345,0.1150541411328125,0.000676412708581517,0.2040769139642613,0.680192532194344,25,20,20
46,4346,0.11417941793550059,0.0006764158797087863,0.20493405925177172,0.6802101069330181,25,20,20
46,4347,0.1141794179355335,0.000676415880062708,0.21599187737697767,0.6691522888074249,25,20,20
46,4348,0.11417941793553352,0.0006764158800626341,0.21599191210677135,0.6691522540776313,25,20,20
46,4349,0.11417941793557905,0.0006764158803073044,0.21599674506069608,0.6691474211234163,25,20,20
46,4350,0.12071982609827792,0.000676411855688705,0.20945523374011019,0.669148528305922,25,20,20
46,4351,0.12071982610361781,0.0006764118555836047,0.1984006632438399,0.6802030987969574,25,20,20
46,4352,0.12071982610362095,0.0006764118558281149,0.19814103509493883,0.6804627269456108,25,20,20
46,4353,0.1207198260932725,0.0006764118416860702,0.19801113340854237,0.6805926286564978,25,20,20
46,4354,0.11864457547490255,0.0006734514494319089,0.20097271926167334,0.6797092538139913,25,20,20
46,4355,0.11852172980364772,1.3512379260641081e-05,0.17236494199340768,0.709099815823684,25,20,20
46,4356,0.11852172980365089,1.3512379260789026e-05,0.17236505530244842,0.7090997025146397,25,20,20
46,4357,0.11852172981208914,1.3512379321791144e-05,0.16188686483734538,0.7195778929712432,25,20,20
46,4358,0.1185217298120883,1.3512379077181034e-05,0.16188473446098708,0.7195800233478471,25,20,20
46,4359,0.11852172981208517,1.3512378832597516e-05,0.16187811097076257,0.7195866468383194,25,20,20
46,4360,0.11852154770645631,1.326784139743141e-05,0.16181220943248956,0.7196529750196564,25,20,20
46,4361,0.11852154770903457,1.3267841883415314e-05,0.16207903963337372,0.719386144815708,25,20,20
46,4362,0.1216391818085964,1.3264871595081143e-05,0.15898295707567842,0.7193645962441296,25,20,20
46,4363,0.12164741526511948,1.326487161304303e-05,0.15904338299089943,0.7192959368723675,25,20,20
46,4364,0.12164741526511948,1.3264871613117e-05,0.1590433845173869,0.7192959353458801,25,20,20
46,4365,0.12164741526511948,1.326487161319097e-05,0.159043334462728,0.7192959854005387,25,20,20
46,4366,0.12164741526494056,1.326487184920407e-05,0.1590415617065898,0.7192977581566197,25,20,20
46,4367,0.12164741526493744,1.3264871604684386e-05,0.15903680928876585,0.7193025105746912,25,20,20
46,4368,0.12163918188717139,1.326487158641415e-05,0.15867136791432027,0.7196761853269211,25,20,20
46,4369,0.12163918188717222,1.3264871590630351e-05,0.1586729740267469,0.7196745792144891,25,20,20
46,4370,0.12163918187682705,1.3264871351093715e-05,0.15854930296455128,0.7197982502872694,25,20,20
46,4371,0.12163918187682386,1.3264871350943178e-05,0.15854918635075538,0.7197983669010687,25,20,20
46,4372,0.12163918187682306,1.3264871346728808e-05,0.15854728165108103,0.719800271600748,25,20,20
46,4373,0.12461565143066218,1.3264872528684678e-05,0.1559444837432409,0.7194265999535671,25,20,20
46,4374,0.12461565143066217,1.3264872528683402e-05,0.15594456128958178,0.7194265224072259,25,20,20
46,4375,0.12461565143066218,1.3264872528684678e-05,0.15594675788690568,0.719424325809902,25,20,20
46,4376,0.12154777474738897,1.3264663650295067e-05,0.15867139929507557,0.7197675612938839,25,20,20
46,4377,0.12154777415974037,1.3264663890689544e-05,0.15841089068605677,0.7200280704903108,25,20,20
46,4378,0.12154777415973962,1.3264663890690852e-05,0.15840427195085094,0.7200346892255172,25,20,20
46,4379,0.12154777415973957,1.3264663890615585e-05,0.1584043033171136,0.7200346578592546,25,20,20
46,4380,0.12154777416233782,1.3264677836063409e-05,0.1584090276304178,0.7200299335294068,25,20,20
46,4381,0.10903021779292743,2.2264386009944395e-05,0.17091681807603126,0.7200306997450309,25,20,20
46,4382,0.10903021779292658,2.2264386005654224e-05,0.1709151499235582,0.7200323678975091,25,20,20
46,4383,0.10903021779292668,2.2264386005652947e-05,0.170919831735989,0.7200276860850782,25,20,20
46,4384,0.10903021779292668,2.2264386005654228e-05,0.17091971926414598,0.7200277985569211,25,20,20
46,4385,0.10903021779297221,2.2264386005729536e-05,0.1709219990900711,0.7200255187309504,25,20,20
46,4386,0.10903021779297221,2.2264386005656864e-05,0.17092203094724898,0.7200254868737725,25,20,20
46,4387,0.10903021779297216,2.2264386009918127e-05,0.17118824832790666,0.7197592694931109,25,20,20
46,4388,0.10903021778759936,2.2264385761098018e-05,0.17119149024366986,0.7197560275829689,25,20,20
46,4389,0.1095603937506122,2.225995788180067e-05,0.17066242659799463,0.719754919693511,25,20,20
46,4390,0.09416119510978628,9.29108159116691e-06,0.18606713660511887,0.7197623772035029,25,20,20
46,4391,0.09416119510978622,9.291081591164292e-06,0.18606702166924838,0.7197624921393734,25,20,20
46,4392,0.09346995934482086,2.4905159558916223e-05,0.18674402944778656,0.7197611060478324,25,20,20
46,4393,0.0934699593448661,2.4905173409283413e-05,0.18700677706497587,0.7194983584167476,25,20,20
46,4394,0.09050832302340456,2.4930129106751528e-05,0.1899681582345617,0.7194985886129259,25,20,20
46,4395,0.09050832302340142,2.4930129110608506e-05,0.19462222173845423,0.7148445251090328,25,20,20
46,4396,0.0905083230233567,2.4930129110608486e-05,0.19462222171777807,0.7148445251297537,25,20,20
46,4397,0.0905083230235392,2.4930129354664238e-05,0.1947149531167028,0.7147517937304023,25,20,20
46,4398,0.09045445050283817,4.105138970036759e-05,0.1950989936044207,0.7144055045030394,25,20,20
46,4399,0.09045445050283817,4.105138969603106e-05,0.194832688786572,0.7146718093208925,25,20,20
46,4400,0.0904547028520999,2.5199973103502688e-05,0.19484828580951485,0.714671811365281,25,20,20
46,4401,0.10321896962036854,1.6195119138669673e-05,0.18209379054892758,0.7146710447115646,25,20,20
46,4402,0.10321896962036851,1.6195119138746215e-05,0.18208910815180704,0.7146757271086851,25,20,20
46,4403,0.1032189696203677,1.6195119138669657e-05,0.18208686691870224,0.7146779683417906,25,20,20
46,4404,0.10321896961778941,1.619511865276102e-05,0.18181992200825128,0.7149449132553058,25,20,20
46,4405,0.10321896961778948,1.6195118652763616e-05,0.18181988488320783,0.7149449503803492,25,20,20
46,4406,0.10321896961797103,1.6195118900799522e-05,0.18194933936513988,0.7148154958979878,25,20,20
46,4407,0.10321896961797097,1.6195118900798224e-05,0.18194941699586364,0.714815418267264,25,20,20
46,4408,0.10321896961796863,1.619511914101173e-05,0.18195014552799832,0.7148146897348915,25,20,20
46,4409,0.10354916797827247,1.6207512830664882e-05,0.18161987867513443,0.7148147458337624,25,20,20
46,4410,0.10354916797809313,1.620751258660913e-05,0.18152720074861634,0.7149074237607037,25,20,20
46,4411,0.1035491679882244,1.6207512342762256e-05,0.18166483200498187,0.7147697924944508,25,20,20
46,4412,0.10354916798840653,1.6207512347128687e-05,0.18166958111415724,0.7147650433850888,25,20,20
46,4413,0.10354916798840734,1.6207512351420302e-05,0.18166969734308214,0.7147649271561589,25,20,20
46,4414,0.10354916798558172,1.6207511862236854e-05,0.18166478190779436,0.7147698425947615,25,20,20
46,4415,0.10354916798540045,1.6207511621870757e-05,0.18166044935909423,0.7147741751438835,25,20,20
46,4416,0.10354916798540043,1.6207511621869425e-05,0.18166693827583774,0.71476768622714,25,20,20
46,4417,0.10354916798540043,1.6207511621869425e-05,0.18166702426084108,0.7147676002421367,25,20,20
46,4418,0.10354916798540043,1.620751162194336e-05,0.18167351462977252,0.7147611098732053,25,20,20
46,4419,0.1035491679854028,1.6207511617726506e-05,0.18193965075331522,0.7144949737496643,25,20,20
46,4420,0.10356342288485688,4.272125137318314e-07,0.18194119930289865,0.7144949505997303,25,20,20
46,4421,0.103566876268596,4.2721094755098786e-07,0.18193774592085435,0.7144949505996017,25,20,20
46,4422,0.10356687626859622,4.271973412421047e-07,0.18176264319898663,0.7146700533350754,25,20,20
46,4423,0.10356687626859622,4.271973412434024e-07,0.18176272427433524,0.714669972259727,25,20,20
46,4424,0.10356687626859305,4.2719734545896636e-07,0.18149653379373046,0.7149361627403306,25,20,20
46,4425,0.10355590186215528,0.0010693321700839917,0.18043703467069372,0.7149377312970664,25,20,20
46,4426,0.10355590186215449,0.0010693321700797767,0.1804347833024584,0.7149399826653067,25,20,20
46,4427,0.10355590186215455,0.0010693321700797767,0.18042829968164728,0.7149464662861179,25,20,20
46,4428,0.10355254281697819,1.008865026029637e-05,0.1814924566256789,0.714944911907082,25,20,20
46,4429,0.1035525428169782,1.008865025651335e-05,0.1768382966994288,0.7195990718333358,25,20,20
46,4430,0.10355254281697736,1.0088650012008918e-05,0.17683756644764567,0.7195998020853643,25,20,20
46,4431,0.1035525428169773,1.0088650011934949e-05,0.17684214713989943,0.7195952213931107,25,20,20
46,4432,0.10355241354023556,0.0009124761040186613,0.17593988015140816,0.7195952302043369,25,20,20
46,4433,0.10355241354028061,0.000912476104022836,0.1763133001007634,0.7192218102549325,25,20,20
46,4434,0.1035524135402838,0.0009124761040228362,0.17630677885174204,0.7192283315039506,25,20,20
46,4435,0.10355241354028377,0.000912476104022761,0.17630028787912944,0.7192348224765633,25,20,20
46,4436,0.10355241354028381,0.0009124761040185445,0.17630484681837036,0.7192302635373267,25,20,20
46,4437,0.10355241354032897,0.0009124761040227967,0.17667172488376834,0.7188633854718793,25,20,20
46,4438,0.10355241353773068,0.0009124760900773463,0.17666483686589113,0.7188702735063005,25,20,20
46,4439,0.10355241352741786,0.0009124760900730822,0.17639763782434487,0.7191374725581638,25,20,20
46,4440,0.10355241353779739,0.0009124760903176446,0.17640119067209878,0.7191339196997859,25,20,20
46,4441,0.10353487274359448,0.0009124761087820595,0.17642622637608152,0.7191264247715415,25,20,20
46,4442,0.10353487273321499,0.0009124761085374244,0.17641607214473187,0.7191365790135152,25,20,20
46,4443,0.10353487273321499,0.000912476108537423,0.1764206945778676,0.7191319565803795,25,20,20
46,4444,0.10353487273321499,0.0009124761085374216,0.176416073792975,0.7191365773652721,25,20,20
46,4445,0.10353582990636635,0.0009124277314610222,0.17641516705489713,0.7191365753072751,25,20,20
46,4446,0.10355189353642462,0.0009124277399475495,0.1763991009856069,0.7191365777380203,25,20,20
46,4447,0.10355189353642777,0.000912427739951913,0.17640574268374531,0.7191299360398744,25,20,20
46,4448,0.10355632910545377,0.0009124153499471049,0.17640137657378946,0.7191298789708097,25,20,20
46,4449,0.10355632910545375,0.0009124153499470324,0.1763967146728386,0.7191345408717608,25,20,20
46,4450,0.10355632910559016,0.0009124153501866869,0.17615269810423928,0.719378557439984,25,20,20
46,4451,0.10355632910559016,0.0009124153501867623,0.17615728546774703,0.7193739700764759,25,20,20
46,4452,0.1035563291055902,0.0009124153501910539,0.1761574820112799,0.719373773532939,25,20,20
46,4453,0.10484062943889326,0.0009123904165065474,0.17486320213004766,0.7193837780145522,25,20,20
46,4454,0.1048406295679374,6.37878168413252e-10,0.17577559085219435,0.7193837789419893,25,20,20
46,4455,0.1048406295679374,6.378739520559176e-10,0.17578200062799548,0.7193773691661924,25,20,20
46,4456,0.10484062956793817,6.378781677262935e-10,0.17578200112429454,0.7193773686698884,25,20,20
46,4457,0.09879120848839296,6.379722987311447e-10,0.1818314214812447,0.7193773693923895,25,20,20
46,4458,0.09749258781149207,6.147773442383942e-10,0.1831402805335375,0.7193671310401925,25,20,20
46,4459,0.09749228187292353,1.0472806194432899e-10,0.18307302412420223,0.7194346938981455,25,20,20
46,4460,0.09749228187292273,1.0472377231504074e-10,0.18306653108584514,0.7194411869365078,25,20,20
46,4461,0.09749228187304597,5.42446376432058e-09,0.21823972836660543,0.6842679843358837,25,20,20
46,4462,0.09749228187304362,5.424712030818646e-09,0.21833194789155233,0.6841757648106908,25,20,20
46,4463,0.09749228187299847,5.42470770335742e-09,0.2179586194311441,0.6845490932711483,25,20,20
46,4464,0.09749228187299533,5.424707628088894e-09,0.2179586166712656,0.6845490960310302,25,20,20
46,4465,0.09749228187299455,5.4244635506707144e-09,0.2181326468663194,0.6843750658362212,25,20,20
46,4466,0.09749228187299455,5.4244635480524645e-09,0.21813260749066643,0.6843751052118744,25,20,20
46,4467,0.09749228187299455,5.424463548030035e-09,0.2181326402990187,0.684375072403522,25,20,20
46,4468,0.10354040291329475,5.424397394500634e-09,0.2120845199811504,0.6843750716811566,25,20,20
46,4469,0.10354040291329475,5.424397394501036e-09,0.21208444605006654,0.6843751456122403,25,20,20
46,4470,0.10500960086524148,6.185675129886099e-09,0.21061524609831359,0.6843751468507686,25,20,20
46,4471,0.10352316905525663,9.48271809705463e-09,0.2121016782753083,0.684375143186716,25,20,20
46,4472,0.10352316905525663,9.48271817361164e-09,0.21210622569958165,0.6843705957624425,25,20,20
46,4473,0.10352316905525666,9.48271825022303e-09,0.21210630622979518,0.6843705152322289,25,20,20
46,4474,0.10353936756083669,9.482786654003199e-09,0.2120901077410924,0.6843705152152834,25,20,20
46,4475,0.09757270808161765,9.71067865005517e-09,0.2180567463374232,0.6843705358702793,25,20,20
46,4476,0.08966678222951158,9.710700507881095e-09,0.22583619103314004,0.6844970170266467,25,20,20
46,4477,0.08966678222951158,9.710700433918767e-09,0.22583160367167815,0.6845016043881088,25,20,20
46,4478,0.08970031186640744,2.3486698685221577e-08,0.22579808351553818,0.6845015811313547,25,20,20
46,4479,0.08970031186640824,2.3486702935505325e-08,0.22617114713479008,0.6841285175120977,25,20,20
46,4480,0.08970031186640909,2.348670301079493e-08,0.22616806732425312,0.6841315973226338,25,20,20
46,4481,0.0897015358434271,6.70721436634361e-06,0.22615960023008236,0.684132156712124,25,20,20
46,4482,0.08970153584342791,6.70721461095753e-06,0.22616125682175667,0.6841305001202044,25,20,20
46,4483,0.08970153584342472,6.7072146065913516e-06,0.2261546124045138,0.6841371445374549,25,20,20
46,4484,0.08896786418779998,6.711298604934092e-06,0.2268882999101659,0.6841371246034291,25,20,20
46,4485,0.08896786841235654,6.71200054432459e-06,0.1915614256271076,0.7194639939599915,25,20,20
46,4486,0.08896786841235654,6.712000544324614e-06,0.19156142646326763,0.7194639931238315,25,20,20
46,4487,0.08896786841231101,6.712000299729662e-06,0.19156129275892048,0.7194641268284687,25,20,20
46,4488,0.08896786841231102,6.712000299802383e-06,0.19156121894905795,0.719464200638331,25,20,20
46,4489,0.08896786841231102,6.712000299877628e-06,0.1915613341101526,0.7194640854772364,25,20,20
46,4490,0.08896786841231102,6.7120002998776055e-06,0.19156141515511899,0.7194640044322699,25,20,20
46,4491,0.08899645946069079,6.71200056876488e-06,0.1915328241064276,0.7194640044323131,25,20,20
46,4492,0.08899645946069085,6.712000568764858e-06,0.19153744654026025,0.7194593819984803,25,20,20
46,4493,0.05708992969919904,6.707871794700758e-06,0.22344393225300163,0.7194594301760026,25,20,20
46,4494,0.055525786285990995,1.3129016827267579e-05,0.22509699444638312,0.7193640902507972,25,20,20
46,4495,0.05552578628599178,1.3129016831481942e-05,0.22510351789014252,0.7193575668070329,25,20,20
46,4496,0.05552578687134839,1.312980298856344e-05,0.22553325888163925,0.7189278244440226,25,20,20
46,4497,0.05553381362352914,6.8799744420904475e-06,0.22553204102648255,0.7189272653755452,25,20,20
46,4498,0.05553381362352908,6.879974446380764e-06,0.22552753478574405,0.7189317716162793,25,20,20
46,4499,0.05553381362352908,6.87997444216442e-06,0.22552742059538639,0.7189318858066411,25,20,20
46,4500,0.05553381362352908,6.879974442090448e-06,0.22552730670629528,0.7189319996957322,25,20,20
46,4501,0.07885963744449623,6.8663171046563404e-06,0.2022014410064755,0.7189320552319229,25,20,20
46,4502,0.07885963744449623,6.8663171046563286e-06,0.20220792994808132,0.7189255662903173,25,20,20
46,4503,0.07885964201784625,6.867112864011545e-06,0.20681043244664254,0.7143230584226452,25,20,20
46,4504,0.07885062400498749,6.455194038322674e-06,0.20681986266708705,0.7143230581338855,25,20,20
46,4505,0.0783747033637005,6.455189794573202e-06,0.20729267709947582,0.7143261643470276,25,20,20
46,4506,0.07837470336369971,6.4551895499579855e-06,0.20729093943245297,0.7143279020142956,25,20,20
46,4507,0.0783747033637448,6.455189549958625e-06,0.20765833551059232,0.7139605059361113,25,20,20
46,4508,0.07837469590292957,6.4544865116259485e-06,0.2032334017306012,0.7183854478799554,25,20,20
46,4509,0.07837469590550085,6.454486515877512e-06,0.2036074008555357,0.7180114487524453,25,20,20
46,4510,0.07837469590550401,6.454486519949799e-06,0.20362899702148712,0.7179898525864868,25,20,20
46,4511,0.07891838810265686,1.6684548155109094e-05,0.2030750447050548,0.717989882644131,25,20,20
46,4512,0.07891838810265686,1.6684548155036446e-05,0.20307507612299142,0.7179898512261943,25,20,20
46,4513,0.07891839147140978,1.66837636323906e-05,0.23795173215266008,0.6831131926122951,25,20,20
46,4514,0.07891839147136466,1.668376363231602e-05,0.2375778123216487,0.6834871124433518,25,20,20
46,4515,0.07891839147141018,1.6683763876886783e-05,0.2375816920037513,0.6834832327609592,25,20,20
46,4516,0.07891840687744109,1.8207626926813835e-05,0.23766762395339172,0.683395761542238,25,20,20
46,4517,0.07891849445879187,2.984815964618108e-05,0.23763178178355454,0.683419875598005,25,20,20
46,4518,0.07891849445874329,2.9848159397975233e-05,0.23751784088666372,0.6835338164951926,25,20,20
46,4519,0.07891849445856124,2.984815939789053e-05,0.2376053992266137,0.6834462581554253,25,20,20
46,4520,0.07891849445856124,2.984815939789183e-05,0.2376053992268113,0.6834462581552281,25,20,20
46,4521,0.07888939508581681,2.984815939366106e-05,0.2376344965131943,0.6834462602415923,25,20,20
46,4522,0.07888939508581688,2.9848159638256013e-05,0.23763933001196136,0.6834414267425806,25,20,20
46,4523,0.0788893950858161,2.9848159634079697e-05,0.23726630889926004,0.683814447855287,25,20,20
46,4524,0.07888939508599814,2.9848159634142242e-05,0.23726817915297332,0.6838125776013915,25,20,20
46,4525,0.08821861439807412,3.0086770117723555e-05,0.22793756469441526,0.6838137341373909,25,20,20
46,4526,0.08821861439789201,3.0086769873067355e-05,0.22793086161867618,0.6838204372135567,25,20,20
46,4527,0.09533781023911114,2.9848155636023115e-05,0.22081306092831887,0.6838192806769318,25,20,20
46,4528,0.09533781023911113,2.984815563594778e-05,0.22081313671328393,0.683819204891967,25,20,20
46,4529,0.09533781023911034,2.9848155635875088e-05,0.22081151645974573,0.6838208251455064,25,20,20
46,4530,0.1166499368425928,2.9869850984927844e-05,0.19949936932363027,0.6838208239827918,25,20,20
46,4531,0.1166499368425928,2.9869850984925273e-05,0.19949937130752196,0.6838208219988998,25,20,20
46,4532,0.11664993684277318,2.9869864793898806e-05,0.19960721935827913,0.6837129739341534,25,20,20
46,4533,0.1166498309142263,2.3824375793505734e-05,0.19964476664560624,0.6836815780643737,25,20,20
46,4534,0.0938301277058121,0.00010902079323158011,0.22238243407540367,0.6836784174255517,25,20,20
46,4535,0.09383012688277026,0.0001019001151905184,0.22238956602251359,0.6836784069795248,25,20,20
46,4536,0.09383012688272607,0.00010190011494593458,0.22864709461370025,0.6774208783886269,25,20,20
46,4537,0.09244081168476109,0.00010190545044111519,0.2300349545515405,0.6774223283132567,25,20,20
46,4538,0.09244081168476102,0.00010190545043683476,0.22994272760217574,0.6775145552626256,25,20,20
46,4539,0.09244081168476102,0.00010190545043683472,0.2299426111466737,0.6775146717181276,25,20,20
46,4540,0.09244081168476102,0.0001019054504410965,0.2302088626675386,0.6772484201972587,25,20,20
46,4541,0.09244081168475969,0.00010190545044110959,0.22394283565016856,0.6835144472146301,25,20,20
46,4542,0.0924408116847597,0.00010190545044125875,0.22431593949106124,0.6831413433737373,25,20,20
46,4543,0.09244081167442518,0.00010190545020202054,0.22422762319789605,0.6832296596774762,25,20,20
46,4544,0.10190793185001351,9.548430682496544e-05,0.2147980407129927,0.6831985431301689,25,20,20
46,4545,0.1019079318500143,9.548430682504006e-05,0.21517146504562817,0.6828251187975325,25,20,20
46,4546,0.10190793185001351,9.548430682496547e-05,0.21479792684957721,0.6831986569935843,25,20,20
46,4547,0.10190793185001351,9.548430682503944e-05,0.21479796163643183,0.6831986222067296,25,20,20
46,4548,0.10190793185001633,9.548430704116038e-05,0.21945239974149,0.6785441841014523,25,20,20
46,4549,0.10190589866090549,9.548439632696163e-05,0.21945440901065408,0.6785442079321133,25,20,20
46,4550,0.10190589866090549,9.548439632696031e-05,0.21945448733617506,0.6785441296065922,25,20,20
46,4551,0.10191204941622845,9.548430536329906e-05,0.21944838518633134,0.6785440810920765,25,20,20
46,4552,0.1019120494160481,9.548429176998568e-05,0.22373306594738293,0.6742594003447987,25,20,20
46,4553,0.10191204860660052,9.548446795054589e-05,0.22373306658702283,0.6742594003384254,25,20,20
46,4554,0.06203030021110677,9.553436352467149e-05,0.26361476105134285,0.674259404374025,25,20,20
46,4555,0.062030300211104734,9.553436330855056e-05,0.25895790145828584,0.6789162639673002,25,20,20
46,4556,0.06202823390591359,9.553436330906653e-05,0.258959967756141,0.678916263974636,25,20,20
46,4557,0.06063547946086627,0.0001114907154493504,0.2603354311856929,0.6789175986379911,25,20,20
46,4558,0.06063690186089331,0.00011144330350991322,0.26033383522536935,0.6789178196102271,25,20,20
46,4559,0.060636901860895695,0.00011144330351412888,0.2603381613837526,0.6789134934518373,25,20,20
46,4560,0.060636901860895695,0.0001114433035140536,0.26033807890548993,0.6789135759301002,25,20,20
46,4561,0.06063690186089571,0.00011144330351412889,0.2603380794923511,0.678913575343239,25,20,20
46,4562,0.060636901860894904,0.00011144330350992112,0.2602458873259864,0.6790057675096086,25,20,20
46,4563,0.0606366684004528,0.00011179262169430194,0.26024557852847513,0.6790059604493771,25,20,20
46,4564,0.0606366684004528,0.00011179262169437723,0.2602477756149206,0.6790037633629317,25,20,20
46,4565,0.06411826232844099,0.00011179060397134968,0.24524791734337234,0.6905220297242161,25,20,20
46,4566,0.0641182575938121,0.00011143576753647237,0.21345130519331054,0.7223190014453408,25,20,20
46,4567,0.06411825759381527,0.00011143576777623675,0.213537783068663,0.7222325235697453,25,20,20
46,4568,0.06411825759381608,0.00011143576777626662,0.21327164708244373,0.7224986595559639,25,20,20
46,4569,0.06413167875726805,0.00011145797054884504,0.21760325179269446,0.7181536114794896,25,20,20
46,4570,0.06413167875730959,0.00011145797054947513,0.21751253048229632,0.7182443327898457,25,20,20
46,4571,0.06413167875749173,0.00011145797055384202,0.21751272918387,0.7182441340880854,25,20,20
46,4572,0.06413167875749172,0.00011145797055798401,0.21714432947989362,0.7186125337920578,25,20,20
46,4573,0.10253344561544314,2.626136096315787e-05,0.17882775983572474,0.7186125331878696,25,20,20
46,4574,0.10253344561544633,2.6261360963232925e-05,0.17882966222245297,0.7186106308011381,25,20,20
46,4575,0.10326215026272316,2.6261367328853483e-05,0.1781009592333766,0.718610629136572,25,20,20
46,4576,0.13578015492763928,2.6260902857926587e-05,0.15710140258713495,0.7070921815823678,25,20,20
46,4577,0.13578015492763928,2.6260902857926614e-05,0.15710140262225505,0.7070921815472475,25,20,20
46,4578,0.13523618610245883,2.994528551818307e-05,0.1576417168017519,0.7070921518102707,25,20,20
46,4579,0.13523618610245883,2.9945285518109144e-05,0.15764163576456441,0.7070922328474581,25,20,20
46,4580,0.1352361861002507,2.994528512917246e-05,0.1494420049322287,0.715291863682391,25,20,20
46,4581,0.13523618609767943,2.9945285124919597e-05,0.14906800441986798,0.7156658641973273,25,20,20
46,4582,0.13523618609767943,2.994528512491958e-05,0.14906788997491272,0.7156659786422825,25,20,20
46,4583,0.13523618609767937,2.9945285124920875e-05,0.14906626685442775,0.7156676017627676,25,20,20
46,4584,0.15865478750732817,2.992329733386222e-05,0.12599153399208737,0.7153237552032508,25,20,20
46,4585,0.1586547875073282,2.9923297338153703e-05,0.12599311377594186,0.7153221754193919,25,20,20
46,4586,0.15865478750733142,2.992329733822797e-05,0.12625933180706286,0.7150559573882674,25,20,20
46,4587,0.15865478750732823,2.9923297576278395e-05,0.12662584777095756,0.7146894414241379,25,20,20
46,4588,0.17514215839179806,2.9923171656501575e-05,0.1101384780128045,0.7146894404237409,25,20,20
46,4589,0.1788300993491127,2.9923170215308446e-05,0.10645058087184667,0.7146893966088252,25,20,20
46,4590,0.179022022647397,2.992317021530243e-05,0.10625865757356247,0.7146893966088251,25,20,20
46,4591,0.179022022647397,2.9923170215378987e-05,0.10626335883104636,0.7146846953513412,25,20,20
46,4592,0.179321113422643,2.9923151798635258e-05,0.10596426807575789,0.7146846953498006,25,20,20
46,4593,0.18416147549222878,3.0093661434656183e-05,0.10112370482088977,0.714684726025447,25,20,20
46,4594,0.18416147549227438,3.009367537486876e-05,0.1011331210143417,0.7146753098180093,25,20,20
46,4595,0.14913378597427965,1.4163235026106886e-05,0.13617103385550453,0.7146810169351897,25,20,20
46,4596,0.14913378597423418,1.4163234781422824e-05,0.13616871072094738,0.7146833400700371,25,20,20
46,4597,0.1491337859742733,1.4163234991444922e-05,0.14241843658975933,0.7084336142009758,25,20,20
46,4598,0.1491337859742765,1.4163234991444941e-05,0.14242034014874255,0.7084317106419894,25,20,20
46,4599,0.18443771591950245,1.4157467619184953e-05,0.10712345607303982,0.7084246705398383,25,20,20
46,4600,0.18443771591949926,1.4157467619183623e-05,0.10711693373465796,0.7084311928782233,25,20,20
46,4601,0.18443771591949998,1.4157467399261742e-05,0.10246038988683168,0.7130877367262687,25,20,20
46,4602,0.18443771591949998,1.415746740355269e-05,0.10246699579393675,0.7130811308191594,25,20,20
46,4603,0.18443771591949681,1.415746740769538e-05,0.10220726839410042,0.7133408582189947,25,20,20
46,4604,0.1456043836243163,1.4137331941819255e-05,0.1410405525654851,0.7133409264782569,25,20,20
46,4605,0.12888588923486305,1.4137546000478032e-05,0.157758936253946,0.7133410369651905,25,20,20
46,4606,0.12888588923490854,1.4137559939708078e-05,0.1577711418960342,0.7133288313091175,25,20,20
46,4607,0.12855484506087544,1.4142687068013824e-05,0.15810215650225157,0.713328855749805,25,20,20
46,4608,0.1285548501784792,2.2788491073601485e-07,0.15811594402734377,0.7133289779092661,25,20,20
46,4609,0.12855485017847917,2.2788515103874291e-07,0.15811417303003936,0.7133307489063303,25,20,20
46,4610,0.1285548501784791,2.278851467472621e-07,0.15811251349812067,0.7133324084382532,25,20,20
46,4611,0.12855485017847912,2.2788514674726287e-07,0.1581126630271347,0.7133322589092391,25,20,20
46,4612,0.1285548515533247,0.0006841234196079755,0.15742876580893836,0.7133322592181294,25,20,20
46,4613,0.12855485186233215,0.0006840977300628549,0.15742891370782758,0.7133321366997778,25,20,20
46,4614,0.12835468886726928,0.0006840978189729125,0.1576290524593337,0.7133321608544249,25,20,20
46,4615,0.1055812051760901,0.0006841224554394892,0.18040250359363413,0.713332168774836,25,20,20
46,4616,0.10558120517605102,0.0006841224552337567,0.1741593815439382,0.7195752908247773,25,20,20
46,4617,0.1055812051760055,0.0006841224412944513,0.17414706059021248,0.719587611792488,25,20,20
46,4618,0.10558120517600571,0.0006841224551885711,0.1742764913092862,0.7194581810595194,25,20,20
46,4619,0.10558120517600571,0.0006841224551842813,0.17426988678960748,0.7194647855792025,25,20,20
46,4620,0.10558120517600252,0.0006841224551799177,0.17426339473761018,0.7194712776312073,25,20,20
46,4621,0.06653831993708653,0.0006841333475157929,0.21306119281642313,0.7197163538989738,25,20,20
46,4622,0.06653831993708653,0.0006841333475157917,0.21306119329072368,0.7197163534246733,25,20,20
46,4623,0.06653831993708648,0.0006841333475157915,0.21306115530068856,0.7197163914147086,25,20,20
46,4624,0.08722639287775076,8.334241408322797e-07,0.19305638083044438,0.7197163928676634,25,20,20
46,4625,0.08722639287775076,8.33424385425911e-07,0.19306121430996512,0.7197115593878982,25,20,20
46,4626,0.08722639302430321,8.334246362486059e-07,0.1934377850592801,0.7193349884917798,25,20,20
46,4627,0.087226393024304,8.334246362486305e-07,0.19343713060394002,0.7193356429471194,25,20,20
46,4628,0.08722639302430403,8.334243916536558e-07,0.19343709339187,0.7193356801594339,25,20,20
46,4629,0.0872263930243041,8.334243917302222e-07,0.19343720669563813,0.7193355668556656,25,20,20
46,4630,0.08722639302430418,8.334243918055011e-07,0.1934438094977348,0.7193289640535687,25,20,20
46,4631,0.08722639287775172,8.334241409815093e-07,0.19306723934302072,0.7197055343550861,25,20,20
46,4632,0.08722639287775086,8.334241367638533e-07,0.19307364682740075,0.7196991268707109,25,20,20
46,4633,0.08820309679855948,8.339299168670428e-07,0.19209694240007003,0.719699126871453,25,20,20
46,4634,0.0882030967985595,8.339299199718921e-07,0.20315462744108917,0.7086414418304305,25,20,20
46,4635,0.08820309679855956,8.339299199732359e-07,0.20315469398219527,0.7086413752893244,25,20,20
46,4636,0.08820309679837726,8.339160214864796e-07,0.20302514704072394,0.7087709222448766,25,20,20
46,4637,0.08820309679837722,8.339160215604391e-07,0.20302514774436833,0.708770921541232,25,20,20
46,4638,0.07180744724006885,1.6739975868948061e-06,0.2194198364417213,0.708771042320622,25,20,20
46,4639,0.07180744724006963,1.6739973488298935e-06,0.2191762450430902,0.7090146337194906,25,20,20
46,4640,0.07180744724007036,1.6739973488324889e-06,0.21917639316064952,0.7090144856019305,25,20,20
46,4641,0.07180744724007036,1.6739973530473502e-06,0.21917651867319665,0.709014360089379,25,20,20
46,4642,0.07181402071038007,1.4817952306003448e-06,0.2191701528579533,0.7090143446364351,25,20,20
46,4643,0.07181270332571289,2.2835983958809564e-06,0.21916684559201674,0.709018167483874,25,20,20
46,4644,0.06752151542024314,8.433850954820652e-07,0.2234595962092437,0.7090180449854172,25,20,20
46,4645,0.06697627432534263,8.272782268604346e-07,0.21952978319768413,0.7134931151987455,25,20,20
46,4646,0.06697627432534267,8.272782267877838e-07,0.2195297035642239,0.7134931948322059,25,20,20
46,4647,0.06697627432534269,8.272782310521554e-07,0.21979603682610446,0.7132268615703212,25,20,20
46,4648,0.06697627432534342,8.272782311261266e-07,0.21979600603146007,0.7132268923649648,25,20,20
46,4649,0.06697627432537873,8.272884969651114e-07,0.23084733039342684,0.702175567992697,25,20,20
46,4650,0.067085181504198,8.272889801903377e-07,0.21993128118637348,0.7129827100204479,25,20,20
46,4651,0.06708518150419719,8.272889801876964e-07,0.21992907939412834,0.7129849118126939,25,20,20
46,4652,0.06706479140457448,8.276195649111134e-07,0.21994437022005697,0.7129900107558019,25,20,20
46,4653,0.06706479140457443,8.276195649084951e-07,0.2199443673855299,0.7129900135903291,25,20,20
46,4654,0.06706479140457766,8.276195648331003e-07,0.22003005801373834,0.7129043229621175,25,20,20
46,4655,0.06706479140457688,8.2761956468386e-07,0.22003008939307253,0.7129042915827842,25,20,20
46,4656,0.0667188909112105,1.1136909152736636e-06,0.22037436324683368,0.7129056321510396,25,20,20
46,4657,0.10670488829459485,2.8703711435807155e-07,0.18039313377205274,0.7129016908962376,25,20,20
46,4658,0.10670488829459489,2.870371186483713e-07,0.18039316174890488,0.7129016629193812,25,20,20
46,4659,0.09449050209783794,2.8728530668346426e-07,0.19260748031206648,0.7129017303047884,25,20,20
46,4660,0.09449050209788401,2.87285310921129e-07,0.19285903128496695,0.7126501793318376,25,20,20
46,4661,0.09449050209788322,2.8728530671994814e-07,0.19273420205815206,0.7127750085586575,25,20,20
46,4662,0.10668785524776549,2.870371205115403e-07,0.1805369165418541,0.7127749411732595,25,20,20
46,4663,0.106687855250361,2.870371248771221e-07,0.1805370375426852,0.7127748201698284,25,20,20
46,4664,0.106687855250361,2.8703712487712216e-07,0.18053703754268524,0.7127748201698284,25,20,20
46,4665,0.10668785525036106,2.870371206127965e-07,0.1802707327307103,0.7130411249818078,25,20,20
46,4666,0.10668785526074197,2.8703712490557013e-07,0.18027081582106155,0.7130410418810712,25,20,20
46,4667,0.12040247014445603,2.8703402592907564e-07,0.16655621666250245,0.7130410261590154,25,20,20
46,4668,0.12040123353024096,3.0158009297199084e-07,0.16655348573232642,0.7130449791573392,25,20,20
46,4669,0.12040123353024171,3.015800886811106e-07,0.16654919747975033,0.713049267409919,25,20,20
46,4670,0.12069725641672696,1.5511705619449854e-08,0.16625480126190528,0.7130479268096619,25,20,20
46,4671,0.12069725641672373,1.5511705619599888e-08,0.16616262101686982,0.7131401070547005,25,20,20
46,4672,0.12069725641672373,1.551170561960873e-08,0.16615800226395566,0.7131447258076148,25,20,20
46,4673,0.12069725641672369,1.551170562086031e-08,0.1661645808261624,0.713138147245408,25,20,20
46,4674,0.12069725640634203,1.5511697111930358e-08,0.16616289153264355,0.713139836549317,25,20,20
46,4675,0.12069725640634203,1.5511697113250455e-08,0.166163005381835,0.7131397227001256,25,20,20
46,4676,0.12069725640634203,1.5511697111998653e-08,0.16616300468539344,0.7131397233965673,25,20,20
46,4677,0.16017330995819812,1.1450027735363094e-09,0.12668952967234592,0.7131371592244533,25,20,20
46,4678,0.16017330995819823,1.2411793782918021e-09,0.16184903166164027,0.6779776571389817,25,20,20
46,4679,0.16042428841965084,1.1493012933847605e-09,0.16159807741471333,0.6779776330163343,25,20,20
46,4680,0.16042428841965076,1.1493012920187176e-09,0.16159801284669872,0.6779776975843487,25,20,20
46,4681,0.1604242884170553,1.1492969277582625e-09,0.1615978051004474,0.6779779053332,25,20,20
46,4682,0.16042428841705522,1.1493012629672213e-09,0.16186410864183556,0.6777116017918074,25,20,20
46,4683,0.16042428841705522,1.1493012655618886e-09,0.16186418713542455,0.6777115232982183,25,20,20
46,4684,0.1604242884170553,1.1493011903165956e-09,0.16186418088645416,0.6777115295471887,25,20,20
46,4685,0.16042428841705847,1.149545783994551e-09,0.16186878579691327,0.6777069246364819,25,20,20
46,4686,0.1533880662801438,5.155374793133542e-09,0.16884162208314266,0.6777703064813384,25,20,20
46,4687,0.15338806628018914,5.155623132087264e-09,0.16892958627047386,0.6776823422937135,25,20,20
46,4688,0.15338806628014312,5.155622186359732e-09,0.17333675886476438,0.67327516969947,25,20,20
46,4689,0.15338806628014306,5.155614679191965e-09,0.16877018678268377,0.6778417417815581,25,20,20
46,4690,0.1533880662801883,5.16944711531323e-09,0.16881051736044253,0.6778014111899218,25,20,20
46,4691,0.1531799029621497,5.1741228677952895e-09,0.16901730453398905,0.6778027873297381,25,20,20
46,4692,0.1531799029621041,5.160182578602463e-09,0.16900803582270615,0.6778120560550072,25,20,20
46,4693,0.15317426645144205,4.820648968946887e-09,0.16901856451905733,0.6778071642088517,25,20,20
46,4694,0.1531742664514006,4.834206704346534e-09,0.16932031960899416,0.6775054091053987,25,20,20
46,4695,0.1531742664514006,4.8342067807130145e-09,0.16941261274023375,0.677413115974159,25,20,20
46,4696,0.1531742664514461,4.834206855992999e-09,0.1694127403724669,0.6774129883418802,25,20,20
46,4697,0.1531742691962476,4.8342067802742945e-09,0.19638232587473234,0.6504434000948133,25,20,20
46,4698,0.1531742691962436,4.833962183978501e-09,0.19637749036753707,0.6504482356022571,25,20,20
46,4699,0.1531742691962436,4.833962184000869e-09,0.19637725979637707,0.650448466173417,25,20,20
46,4700,0.15317431101277795,5.612164483042742e-09,0.18564963904048412,0.6611760443345734,25,20,20
46,4701,0.15317431101277804,5.61216448306511e-09,0.185649686377199,0.6611759969978582,25,20,20
46,4702,0.153174311012778,5.611919888090411e-09,0.1856448514668784,0.6611808319084234,25,20,20
46,4703,0.16824417151249055,6.640284848666268e-06,0.1705683562889344,0.6611808319137257,25,20,20
46,4704,0.16824417151253607,6.640284853032702e-06,0.1705731017631487,0.6611760864394615,25,20,20
46,4705,0.16975844748684277,6.728908712509579e-06,0.18207047520147743,0.6481643484029667,25,20,20
46,4706,0.19369916622455524,9.373460067733365e-08,0.15813639121051198,0.6481643488303316,25,20,20
46,4707,0.19369916622455524,9.373460075391381e-08,0.15814109304358426,0.6481596469972593,25,20,20
46,4708,0.19369916622455524,9.373460075523378e-08,0.15814579486520658,0.6481549451756369,25,20,20
46,4709,0.19369916622455524,9.373460497023512e-08,0.15805578003259138,0.6482449600082478,25,20,20
46,4710,0.2318745475688668,5.1107455278424025e-09,0.1198924248746765,0.6482330224457108,25,20,20
46,4711,0.23216156547698566,5.111079123133354e-09,0.11960540693532135,0.6482330224766134,25,20,20
46,4712,0.23205265829816635,5.110592791736838e-09,0.11946354052140436,0.6484837960698361,25,20,20
46,4713,0.23205265829816712,5.110592864433361e-09,0.119463603229738,0.6484837333615018,25,20,20
46,4714,0.23205265831982852,5.125062037036595e-09,0.12420797553755307,0.6437393610175554,25,20,20
46,4715,0.2320526583198286,5.111468423186835e-09,0.1241530061672077,0.6437943304014943,25,20,20
46,4716,0.23205243242243373,5.20291288795649e-09,0.12410553562319705,0.6438420267514554,25,20,20
46,4717,0.2320524324224338,5.202912812697067e-09,0.12410553727514376,0.6438420250995089,25,20,20
46,4718,0.23205243242243387,5.2029128153152125e-09,0.12410715814701172,0.643840404227641,25,20,20
46,4719,0.2320524324224338,5.202912812743e-09,0.12410553739053523,0.6438420249841174,25,20,20
46,4720,0.2320524324224299,5.189106739687367e-09,0.12371110090467922,0.6442364614837832,25,20,20
46,4721,0.23205243242242982,5.189106814933009e-09,0.12371113438260646,0.644236428005856,25,20,20
46,4722,0.23205243242238788,5.200623745400829e-09,0.12972345245881553,0.638224109918172,25,20,20
46,4723,0.20524458683167,5.309786565517302e-09,0.15652959460429358,0.6382258132542495,25,20,20
46,4724,0.20512377658522166,5.312871617683139e-09,0.15665040484152531,0.6382258132603813,25,20,20
46,4725,0.20512377658522166,5.3128716176607715e-09,0.15665040345418924,0.6382258146477173,25,20,20
46,4726,0.20512377658522166,5.312871618958111e-09,0.1566505176990594,0.6382257004028472,25,20,20
46,4727,0.20512377658522088,5.3128715436437545e-09,0.1566503739050813,0.638225844196826,25,20,20
46,4728,0.2051237765852201,5.3128715436206505e-09,0.15664817061029399,0.6382280474916141,25,20,20
46,4729,0.20298969407855488,5.6564475571857146e-09,0.1587822495815398,0.6382280506834573,25,20,20
46,4730,0.20298969407855488,5.656687776587056e-09,0.15878426380543473,0.6382260364593223,25,20,20
46,4731,0.2029896941219022,5.546069333485154e-09,0.15887889775142042,0.6381314025806076,25,20,20
46,4732,0.2029896941219022,5.546069259514412e-09,0.1588810349034836,0.6381292654285445,25,20,20
46,4733,0.2029896941219022,5.546069259491096e-09,0.15888536167254924,0.638124938659479,25,20,20
46,4734,0.20298969412190215,5.546069259513622e-09,0.15888066019728442,0.6381296401347438,25,20,20
46,4735,0.20298969412190207,5.5460691842224515e-09,0.15888291146392278,0.6381273888681056,25,20,20
46,4736,0.18729143028166673,3.6900896391162634e-05,0.17454427707013373,0.6381273917518077,25,20,20
46,4737,0.18729143028166992,3.690089639545412e-05,0.1745392950615317,0.6381323737604022,25,20,20
46,4738,0.18729143028166992,3.690089639545287e-05,0.17453921449540288,0.6381324543265309,25,20,20
46,4739,0.1476551655146219,3.6900908131490663e-05,0.21417547968116446,0.6381324538960809,25,20,20
46,4740,0.14765516551457641,3.69009078911971e-05,0.21417532392947952,0.6381326096480514,25,20,20
46,4741,0.1476551655672682,3.6904942837614945e-05,0.25061360120949344,0.6016943282803979,25,20,20
46,4742,0.16277652593556777,2.9646086650372375e-08,0.23552911731539009,0.601694327102954,25,20,20
46,4743,0.16490891994569348,2.9302514409011264e-08,0.2333967268411869,0.6016943239106038,25,20,20
46,4744,0.1644267489464242,2.9302289444418596e-08,0.23387889618943966,0.6016943255618453,25,20,20
46,4745,0.16442674894642414,2.9302289369327097e-08,0.2337866288419541,0.6017865929093311,25,20,20
46,4746,0.1602505259402501,2.8351348774979015e-07,0.2378923907635369,0.6018567997827242,25,20,20
46,4747,0.16025048412368043,2.8272501953780454e-07,0.23756208439037413,0.6021871487609252,25,20,20
46,4748,0.16025718557761917,9.28579077925486e-06,0.23750483151523624,0.6022286971163646,25,20,20
46,4749,0.16025718557761917,9.28579077933147e-06,0.23750645436817308,0.6022270742634277,25,20,20
46,4750,0.16025718557761917,9.285790779254925e-06,0.23750637255585264,0.6022271560757484,25,20,20
46,4751,0.16025718557761923,9.285790779254881e-06,0.23751096109467454,0.6022225675369262,25,20,20
46,4752,0.16025718557761923,9.285790779330127e-06,0.23751098884141483,0.6022225397901858,25,20,20
46,4753,0.16025718557761923,9.285790779331426e-06,0.23750859764125024,0.6022249309903506,25,20,20
46,4754,0.16025718557761925,9.28579078362414e-06,0.23751087720599462,0.6022226514256017,25,20,20
46,4755,0.14386243862958853,9.266356976755102e-06,0.2538992842220594,0.6022290107913731,25,20,20
46,4756,0.14386243862958936,9.266356976681175e-06,0.2538994477142481,0.6022288472991837,25,20,20
46,4757,0.1438895009530324,9.262322276275254e-06,0.21792454800185643,0.6381766887228343,25,20,20
46,4758,0.14388950095302921,9.262322271982496e-06,0.21805257534204567,0.6380486613826524,25,20,20
46,4759,0.14388950095302921,9.262322267692404e-06,0.21805041090275024,0.6380508258219525,25,20,20
46,4760,0.14387195117079046,9.262322262185984e-06,0.21806823772717704,0.6380505487797686,25,20,20
46,4761,0.1438719511707905,9.262322262112016e-06,0.21806662026743984,0.6380521662395059,25,20,20
46,4762,0.14387195117078966,9.26232226218594e-06,0.21806651080569125,0.6380522757012552,25,20,20
46,4763,0.14387195117078974,9.262322262187237e-06,0.21806648716526417,0.6380522993416821,25,20,20
46,4764,0.14387195117078966,9.262322257896312e-06,0.21805996171099898,0.6380588247959518,25,20,20
46,4765,0.1438719511707897,9.262322257974199e-06,0.21793043052319563,0.638188355983755,25,20,20
46,4766,0.1438719511707896,9.262310497883632e-06,0.2116712162560682,0.6444475702626423,25,20,20
46,4767,0.14387195117083468,9.26231049803017e-06,0.21204433234923104,0.644074454169434,25,20,20
46,4768,0.14387195117083473,9.262310498030126e-06,0.21204913012394788,0.6440696563947172,25,20,20
46,4769,0.1438719511708348,9.262310498104098e-06,0.21204921120518605,0.6440695753134789,25,20,20
46,4770,0.13393366276221222,9.286420408148673e-06,0.221989179203487,0.6440678716138912,25,20,20
46,4771,0.13393366276221225,9.286420408147379e-06,0.2219892177410647,0.6440678330763135,25,20,20
46,4772,0.13853621237694522,9.032213871197905e-06,0.2174571062408469,0.6439976491683356,25,20,20
46,4773,0.13853621237694838,9.032213875522777e-06,0.21783020718912685,0.6436245482200481,25,20,20
46,4774,0.13853621237694838,9.032213875524051e-06,0.21783024769273218,0.6436245077164428,25,20,20
46,4775,0.13853621237694594,9.032213875526648e-06,0.2178256800052506,0.6436290754039267,25,20,20
46,4776,0.13238160178692532,9.032285837457428e-06,0.22398031515755132,0.643629050769685,25,20,20
46,4777,0.132440105909679,5.651886191851366e-08,0.22396641788197078,0.6435934196894881,25,20,20
46,4778,0.1262194304569227,6.093747834534178e-08,0.23018844468751218,0.6435920639180869,25,20,20
46,4779,0.12610286042935162,6.092264268717634e-08,0.23030501472867385,0.6435920639193315,25,20,20
46,4780,0.12610286042935165,6.092264697810246e-08,0.23031150608598566,0.6435855725620153,25,20,20
46,4781,0.13327746967317874,5.682592185592932e-08,0.22320030194281248,0.643522171558087,25,20,20
46,4782,0.13352936270616114,6.180971744264101e-08,0.22294974944571083,0.6435208260384107,25,20,20
46,4783,0.13352936270616114,6.180971736996754e-08,0.22294978085116962,0.6435207946329521,25,20,20
46,4784,0.1335293627061611,6.180971744521909e-08,0.22295439964597105,0.6435161758381507,25,20,20
46,4785,0.133529362706161,6.18097173673092e-08,0.22295439493678743,0.6435161805473342,25,20,20
46,4786,0.1335875584769649,8.631809890810495e-08,0.2228960578803313,0.6435162973246049,25,20,20
46,4787,0.13358755847696493,8.631809890810495e-08,0.22289609330114935,0.6435162619037866,25,20,20
46,4788,0.13358753724656927,8.63181017172637e-08,0.22289611453154165,0.6435162619037869,25,20,20
46,4789,0.13358753724652495,8.631810164601733e-08,0.22252311618108364,0.6438892602542892,25,20,20
46,4790,0.15008785856814388,8.569855656481518e-08,0.20602915655051254,0.6438828991827863,25,20,20
46,4791,0.1500878576333209,8.560553709449069e-08,0.20595693379261665,0.6439551229685244,25,20,20
46,4792,0.1500878576333209,8.560553716975964e-08,0.2059569344937594,0.6439551222673815,25,20,20
46,4793,0.15999398463859307,3.0432837436454762e-05,0.19601915680429824,0.6439564257196713,25,20,20
46,4794,0.1599939846385931,3.043283744059586e-05,0.19601465217526529,0.6439609303487001,25,20,20
46,4795,0.1599939845752701,3.0432835921668524e-05,0.16905607249321938,0.6709195100955889,25,20,20
46,4796,0.15999398457531552,3.043283616564793e-05,0.16918556260616258,0.6707900199823564,25,20,20
46,4797,0.15998720716218684,3.162073306131003e-05,0.1691912688992704,0.6707899032054813,25,20,20
46,4798,0.15998720716223225,3.162073305716754e-05,0.1692812904049715,0.6706998816997388,25,20,20
46,4799,0.16589575580685526,3.16163129663839e-05,0.16337276568686032,0.6706998621933176,25,20,20
46,4800,0.15685592113437172,1.2942179192896358e-06,0.17244410609743074,0.670698678550278,25,20,20
46,4801,0.15685592113440572,1.2942179181495566e-06,0.18305827273042108,0.6600845119172551,25,20,20
46,4802,0.156005550647718,8.680585021816232e-05,0.1838231258737582,0.6600845176283056,25,20,20
46,4803,0.15599083840263656,1.2695815395306631e-06,0.18392349752316872,0.6600843944926551,25,20,20
46,4804,0.1559394200279413,5.887181765483343e-08,0.18397612660922547,0.6600843944910154,25,20,20
46,4805,0.15593821537596633,5.837150139897608e-08,0.18397733170854189,0.6600843945439903,25,20,20
46,4806,0.15593821537596708,5.837150139877616e-08,0.1839794147669908,0.6600823114855406,25,20,20
46,4807,0.1559382153759217,5.837150132515167e-08,0.18388722958382658,0.66017449666875,25,20,20
46,4808,0.1559382153759209,5.8371497035035734e-08,0.18388498785308194,0.6601767383995,25,20,20
46,4809,0.1559382153759209,5.837149703367009e-08,0.183884875465912,0.6601768507866699,25,20,20
46,4810,0.16216988401627538,5.8294875034232397e-08,0.17765320648150484,0.6601768512073447,25,20,20
46,4811,0.18552572729607758,7.059821187646117e-08,0.15429412311155777,0.6601800789941534,25,20,20
46,4812,0.18552572729607442,7.059820755158745e-08,0.1539210211131118,0.6605531809926068,25,20,20
46,4813,0.1854610298497106,7.20307306202051e-07,0.15399230526273444,0.6605459445802485,25,20,20
46,4814,0.1854610298497106,7.203073062747243e-07,0.15399241715419415,0.6605458326887885,25,20,20
46,4815,0.18546102984966595,7.203070665442971e-07,0.15423591674849343,0.6603023330947735,25,20,20
46,4816,0.18546102984966595,7.20307066692133e-07,0.15460901831115592,0.6599292315321108,25,20,20
46,4817,0.18546102984966595,7.20307066692133e-07,0.15460898433125572,0.6599292655120109,25,20,20
46,4818,0.18546102984966598,7.203072259299732e-07,0.16857874250783325,0.6459595073352737,25,20,20
46,4819,0.18546102984966598,7.203072301456308e-07,0.1685852331138632,0.6459530167292397,25,20,20
46,4820,0.18546102984966598,7.20307230145631e-07,0.16858053328969522,0.6459577165534074,25,20,20
46,4821,0.18546106322972833,7.203074777097532e-07,0.15836469248615173,0.6561735239766416,25,20,20
46,4822,0.18546106322972833,7.203074776357824e-07,0.15836465813892625,0.6561735583238673,25,20,20
46,4823,0.18546106322990963,7.203077180429763e-07,0.15799825904520545,0.6565399574171663,25,20,20
46,4824,0.18546106322990957,7.203077180429996e-07,0.1579936706985413,0.6565445457638305,25,20,20
46,4825,0.18546106322991043,7.203077222466298e-07,0.15775009670706586,0.6567881197553008,25,20,20
46,4826,0.18596302697610528,7.203075012887386e-07,0.1572481329616279,0.656788119754765,25,20,20
46,4827,0.18596302697870698,7.203075057318769e-07,0.15725188470066423,0.6567843680131226,25,20,20
46,4828,0.18596302697870698,7.203075058072143e-07,0.15725194916561525,0.6567843035481715,25,20,20
46,4829,0.1859630269787094,7.203075015297628e-07,0.1571240730987259,0.6569121796150627,25,20,20
46,4830,0.16272341838787985,7.328720711787489e-07,0.18036037032602736,0.6569154784140209,25,20,20
46,4831,0.16272341838787988,7.328720753956806e-07,0.18036690979586395,0.6569089389441798,25,20,20
46,4832,0.1627234183880382,7.328720753941936e-07,0.18602784666921493,0.6512480020706706,25,20,20
46,4833,0.1625270045596847,7.328720172724377e-07,0.1862242367886997,0.6512480257795977,25,20,20
46,4834,0.16252700455708305,7.328720128306204e-07,0.18622048508501712,0.6512517774858864,25,20,20
46,4835,0.1277561249347409,1.7994243190768152e-06,0.22098521313955835,0.6512568625013812,25,20,20
46,4836,0.12775612493473765,1.7994243190014805e-06,0.2209836760742438,0.651258399566699,25,20,20
46,4837,0.12775609155464443,1.7994240683615549e-06,0.2207082721983763,0.6515338368229103,25,20,20
46,4838,0.12775609156502557,1.7994243125031846e-06,0.21513839083259984,0.6571037181780612,25,20,20
46,4839,0.12458530955932424,1.7752006422020529e-06,0.21830919713185767,0.657103718108175,25,20,20
46,4840,0.12458530955932344,1.7752006421241655e-06,0.21830907597925372,0.6571038392607801,25,20,20
46,4841,0.12458530955936899,1.7752006421994807e-06,0.21830923061860552,0.6571036846213826,25,20,20
46,4842,0.12458530955936899,1.7752006421981601e-06,0.21830919263212628,0.657103722607862,25,20,20
46,4843,0.12458530955936899,1.7752006422007785e-06,0.21830908019143094,0.6571038350485574,25,20,20
46,4844,0.12458530954882877,1.775200398060636e-06,0.21821782312240484,0.6571950921283678,25,20,20
46,4845,0.13727799069149557,1.1049922526348341e-06,0.20552583745936542,0.6571950668568851,25,20,20
46,4846,0.13727799069149563,1.1049922569264707e-06,0.20552591958308536,0.657194984733161,25,20,20
46,4847,0.13727799069149882,1.1057850563305627e-06,0.2056257721815662,0.6570951313418776,25,20,20
46,4848,0.13727799069168087,1.10578529663258e-06,0.20563041042671779,0.6570904930963036,25,20,20
46,4849,0.13727799069168162,1.1057852924169461e-06,0.20562403500624332,0.6570968685167817,25,20,20
46,4850,0.13727799069167843,1.1057852923406043e-06,0.20549450798119995,0.6572263955418284,25,20,20
46,4851,0.13837330641737883,1.1058059539233214e-06,0.20438984155658868,0.6572357462200777,25,20,20
46,4852,0.13780643242692056,1.1265842458437349e-06,0.20495669135270003,0.6572357496361327,25,20,20
46,4853,0.13777937005078575,1.1265840083610812e-06,0.20474483619635067,0.6574746671688544,25,20,20
46,4854,0.1377793700507857,1.1265840083611272e-06,0.2047400393465597,0.6574794640186454,25,20,20
46,4855,0.1326839163834325,5.581839342349053e-08,0.20984166888995176,0.6574743589082221,25,20,20
46,4856,0.13268391638343255,5.5818393422215954e-08,0.20984169695290966,0.6574743308452641,25,20,20
46,4857,0.13268391638602428,5.5025594018107105e-08,0.20975105152151532,0.657564977066866,25,20,20
46,4858,0.13280249275914227,5.4166897076958834e-08,0.2096324760012438,0.6575649770727163,25,20,20
46,4859,0.13280249275914222,5.416689707821063e-08,0.2096324808577522,0.657564972216208,25,20,20
46,4860,0.13280249275918757,5.416713245308162e-08,0.20951107284936374,0.6576863802243159,25,20,20
46,4861,0.13280249275918757,5.416713245305925e-08,0.2095111853214737,0.6576862677522058,25,20,20
46,4862,0.13280249275659264,5.416713237910528e-08,0.20950201088062947,0.6576954421956451,25,20,20
46,4863,0.13392867268099085,0.00021605788746779386,0.20815111035501427,0.6577041590765265,25,20,20
46,4864,0.13392868108809688,0.0002160578875181545,0.2000830679986237,0.6657721930257609,25,20,20
46,4865,0.13412885032033794,0.00021605788746247565,0.19988292290886928,0.6657721688833298,25,20,20
46,4866,0.13412885032033794,0.000216057887462473,0.19988291948853792,0.6657721723036611,25,20,20
46,4867,0.13183716302636644,0.0007895084596000492,0.2016192030887632,0.6657541254252698,25,20,20
46,4868,0.13183716302636644,0.000789508459600049,0.20162382407136653,0.6657495044426663,25,20,20
46,4869,0.13183716302645657,0.0007895084594409616,0.1880541521079881,0.6793191764061142,25,20,20
46,4870,0.13183716302645668,0.0007895084594409589,0.18832132432935456,0.6790520041847475,25,20,20
46,4871,0.11959454680142591,0.0007902450843086901,0.20036120649371117,0.6792540016205542,25,20,20
46,4872,0.12514542746014531,0.0007902441078035913,0.19481032338529494,0.6792540050467557,25,20,20
46,4873,0.1251454274601452,0.0007902441078035913,0.19454312471194068,0.67952120372011,25,20,20
46,4874,0.1251454274601452,0.00079024410780359,0.19454301167652197,0.6795213167555287,25,20,20
46,4875,0.12514542746010046,0.0007902441078035899,0.19454946406951762,0.6795148643625777,25,20,20
46,4876,0.1251454274601012,0.000790244107807955,0.19454946476279647,0.6795148636692937,25,20,20
46,4877,0.1251454274601012,0.000790244107807955,0.19454946476279647,0.6795148636692937,25,20,20
46,4878,0.12514542746010116,0.0007902441078036626,0.19454294073604372,0.679521387696051,25,20,20
46,4879,0.12514542746010035,0.0007902441077992962,0.19453823914129248,0.6795260892908074,25,20,20
46,4880,0.12514542746010354,0.0007902441077993729,0.1945398627934093,0.6795244656386873,25,20,20
46,4881,0.12514542746010354,0.0007902441077993742,0.1945398641808355,0.679524464251261,25,20,20
46,4882,0.125021994359438,0.0007902441077998722,0.19466329728149842,0.6795244642512634,25,20,20
46,4883,0.1250219943594388,0.0007902441077998735,0.19466322478318432,0.6795245367495766,25,20,20
46,4884,0.12502199435939418,0.0007902441075561198,0.19453303168929081,0.6796547298437584,25,20,20
46,4885,0.12502199435939418,0.0007902441075561183,0.19453291918408108,0.6796548423489681,25,20,20
46,4886,0.1250219943593934,0.0007902441075560443,0.19453291718065402,0.679654844352396,25,20,20
46,4887,0.12502614961569175,6.6130238189974675e-06,0.1953119266093354,0.6796553107511533,25,20,20
46,4888,0.12502614968519365,6.613023847727434e-06,0.23061413545362577,0.6443531018373322,25,20,20
46,4889,0.12502614968519604,6.613023852091023e-06,0.23062070000601992,0.6443465372849313,25,20,20
46,4890,0.1250261412698003,6.6130236038516054e-06,0.23048741670766007,0.6444798289989353,25,20,20
46,4891,0.12502614126979958,6.6130236080687724e-06,0.23048556333142883,0.6444816823751629,25,20,20
46,4892,0.12502614126970943,6.6130236079171036e-06,0.2300853612220623,0.6448818844846197,25,20,20
46,4893,0.1250261412697094,6.613023607832653e-06,0.23017105741828137,0.6447961882884008,25,20,20
46,4894,0.12502189839612274,7.933043899613174e-06,0.2301744568687795,0.6447957116911973,25,20,20
46,4895,0.12502189839612515,7.93304414411755e-06,0.23018156085222255,0.6447886077075076,25,20,20
46,4896,0.12502189839612196,7.933044139837115e-06,0.2300939599539813,0.6448762086057562,25,20,20
46,4897,0.12502189839612196,7.933044139837139e-06,0.23009395937839364,0.6448762091813439,25,20,20
46,4898,0.12502189840647696,7.933044144043603e-06,0.23018464518615805,0.6447855233632204,25,20,20
46,4899,0.12499259017318919,7.933044201211627e-06,0.23021395340437903,0.6447855233782299,25,20,20
46,4900,0.12499259017300708,7.933043960844473e-06,0.2302073912543472,0.6447920855286837,25,20,20
46,4901,0.12499259017300789,7.933043960844473e-06,0.23020934125975212,0.644790135523278,25,20,20
46,4902,0.11949302951059051,9.142760204469073e-06,0.23570769560097882,0.6447901321282259,25,20,20
46,4903,0.12000803176652788,9.142758652048323e-06,0.23519269420831637,0.6447901312665038,25,20,20
46,4904,0.12000803176653027,9.142758652197563e-06,0.2351861596961936,0.6447966657786239,25,20,20
46,4905,0.10959280770964393,9.14289138415506e-06,0.24560134774192968,0.6447967016570417,25,20,20
46,4906,0.1095928077096447,9.142891384081088e-06,0.24560130662418886,0.6447967427747818,25,20,20
46,4907,0.10915955420242042,8.399466754325508e-06,0.24623733233073541,0.6445947140000886,25,20,20
46,4908,0.10915955420242363,8.399466758692392e-06,0.24623753006646265,0.6445945162643539,25,20,20
46,4909,0.10921659866190087,8.378688581103762e-06,0.24618050980068185,0.6445945128488347,25,20,20
46,4910,0.10921659866189767,8.378688576738176e-06,0.2461803140625859,0.6445947085869382,25,20,20
46,4911,0.10924706732584247,8.37868854647728e-06,0.24614984541355284,0.644594708572057,25,20,20
46,4912,0.10924706732584251,8.378688546477257e-06,0.24615000776283466,0.644594546222775,25,20,20
46,4913,0.1026302787669442,8.385136027877158e-06,0.25273350177520787,0.6446278343218188,25,20,20
46,4914,0.10180960636170155,8.404509646264003e-06,0.25354415852340695,0.644637830605244,25,20,20
46,4915,0.10180960635134334,8.404509642057534e-06,0.2534565494764621,0.6447254396625511,25,20,20
46,4916,0.10181656539340982,7.218602933273228e-06,0.2534507763362818,0.6447254396673736,25,20,20
46,4917,0.10181656539322768,7.218602688679575e-06,0.2534459428457913,0.644730273158291,25,20,20
46,4918,0.11223813077323438,7.2184683646668746e-06,0.24302441347106374,0.644730237287336,25,20,20
46,4919,0.11223813077323438,7.218468364743452e-06,0.24303093576863843,0.6447237149897614,25,20,20
46,4920,0.11223813077323679,7.218468364817424e-06,0.24303103681327948,0.6447236139451178,25,20,20
46,4921,0.1121239374834901,7.193600567835967e-06,0.24315178399422838,0.6447170849217132,25,20,20
46,4922,0.11212393748349085,7.193600563620112e-06,0.24314714822762837,0.6447217206883167,25,20,20
46,4923,0.11212393748349403,7.193600563618818e-06,0.24314524619421932,0.6447236227217226,25,20,20
46,4924,0.11212393748349081,7.193600319114411e-06,0.24314261297101183,0.6447262559451776,25,20,20
46,4925,0.11212394414645675,7.193600323530206e-06,0.24314261033727022,0.6447262519159489,25,20,20
46,4926,0.11212394414645675,7.193600323530216e-06,0.2431379915793334,0.6447308706738858,25,20,20
46,4927,0.11212394414645761,7.193600568125169e-06,0.24314282506832444,0.6447260371846494,25,20,20
46,4928,0.1121239440794154,7.193612872546669e-06,0.21246088984266776,0.6754079724650432,25,20,20
46,4929,0.11212196907650215,7.193642556489636e-06,0.21246286481589746,0.6754079724650432,25,20,20
46,4930,0.11212196907650215,7.193642560780767e-06,0.2124675663695164,0.6754032709114199,25,20,20
46,4931,0.11216564794499315,0.0001412021650044403,0.21165084680482224,0.6760423030851795,25,20,20
46,4932,0.11863635577870296,0.00014120086433675206,0.20521342794019057,0.6760090154167689,25,20,20
46,4933,0.11851989510057857,0.00014120086407698937,0.205329884506455,0.6760090195288885,25,20,20
46,4934,0.11851989510057857,0.00014120086407691407,0.20532529714294703,0.6760136068923964,25,20,20
46,4935,0.07954818805792542,0.0001412018398865482,0.24429700085074027,0.6760136092514465,25,20,20
46,4936,0.07954818805797072,0.00014120185374118016,0.24456444973738758,0.6757461603508991,25,20,20
46,4937,0.07954818805792623,0.000141201840131219,0.24430174242912742,0.6760088676728137,25,20,20
46,4938,0.07966259725706983,0.00014120184115760438,0.24418733727163416,0.6760088636301367,25,20,20
46,4939,0.07966259725706984,0.0001412018413957301,0.2445602986853968,0.6756359022161361,25,20,20
46,4940,0.0796625972570699,0.00014120184139587935,0.24456257634375536,0.6756336245577773,25,20,20
46,4941,0.07966259725707066,0.00014120184115346462,0.2441895894330922,0.6760066114686822,25,20,20
46,4942,0.07966259725707063,0.0001412018411533141,0.24418735031433578,0.6760088505874389,25,20,20
46,4943,0.11955498530251965,7.168790110782436e-06,0.20506802752968395,0.675369818377685,25,20,20
46,4944,0.11955498530252205,7.168790354613085e-06,0.20519747249298567,0.6752403734141368,25,20,20
46,4945,0.11955498582744233,7.168790326121327e-06,0.2098669938019713,0.6705708515802598,25,20,20
46,4946,0.11981907987463297,7.163643485013751e-06,0.20960290533238535,0.670570851149496,25,20,20
46,4947,0.11981907987462978,7.163643241181804e-06,0.20947345836679246,0.6707002981153358,25,20,20
46,4948,0.11981907987462986,7.1636432455373335e-06,0.20956575872632122,0.6706079977558025,25,20,20
46,4949,0.11981907987462984,7.163643245460766e-06,0.2095656762127641,0.6706080802693597,25,20,20
46,4950,0.11981907987462977,7.163643241179198e-06,0.20947807566962345,0.6706956808125049,25,20,20
46,4951,0.11880721633780836,0.0010806609222508248,0.20941644379235405,0.6706956789475862,25,20,20
46,4952,0.11880721634044614,0.0010806609222508248,0.20941875609978827,0.6706933666375141,25,20,20
46,4953,0.11880721634044615,0.0010806609224931674,0.2097918771452935,0.6703202455917665,25,20,20
46,4954,0.11880721634044933,0.0010806609222509,0.2094188387077275,0.6706932840295715,25,20,20
46,4955,0.12439626887751308,0.0010806609469203863,0.20382958549165223,0.6706934846839135,25,20,20
46,4956,0.15155465049389594,0.0010806652517534661,0.17667139966043216,0.6706932845939179,25,20,20
46,4957,0.15155465049394146,0.0010806652517536153,0.17667162971720102,0.6706930545371033,25,20,20
46,4958,0.15155465049389594,0.0010806652517534674,0.17667151214662977,0.6706931721077202,25,20,20
46,4959,0.15155465049389594,0.001080665251998048,0.17667809976331597,0.6706865844907896,25,20,20
46,4960,0.15155464996901505,0.0010806652522142057,0.1766628831787718,0.6707018015999984,25,20,20
46,4961,0.15083300076974981,0.001080645902261236,0.17739445432187773,0.6706918990061109,25,20,20
46,4962,0.1508330007697499,0.0010806459022654439,0.17748663325805047,0.6705997200699337,25,20,20
46,4963,0.15083300076975317,0.0010806459022654413,0.17749671993236096,0.6705896333956202,25,20,20
46,4964,0.15083300076711217,0.0010806459022652906,0.17749437277683494,0.6705919805537873,25,20,20
46,4965,0.15062911407097437,0.0010806509679466359,0.1776968786046179,0.6705933563564608,25,20,20
46,4966,0.15061509427826614,0.0005093428086323101,0.17828220705452677,0.6705933558585743,25,20,20
46,4967,0.15061738519381104,0.0005026195713775587,0.17828663229524278,0.6705933629395681,25,20,20
46,4968,0.15061738519381024,0.0005026195711330505,0.17828462908553225,0.670595366149524,25,20,20
46,4969,0.15061504641346557,0.000502208113257936,0.17828739652916478,0.670595348944111,25,20,20
46,4970,0.1503327260485528,0.0005022082065936562,0.1785697167930651,0.670595348951788,25,20,20
46,4971,0.15033273063705427,3.720587987650873e-07,0.1790715192521395,0.6705953780520069,25,20,20
46,4972,0.15075068523798563,3.9191406313637547e-07,0.1786535453413806,0.6705953775065697,25,20,20
46,4973,0.15059222898927144,3.919988842819063e-07,0.17881200108449102,0.6705953779273522,25,20,20
46,4974,0.1505922289892715,3.9199888428322674e-07,0.17881424069887297,0.6705931383129702,25,20,20
46,4975,0.15059222898927474,3.919988843585648e-07,0.17881429690753672,0.6705930821043031,25,20,20
46,4976,0.15059222898927474,3.919988844351226e-07,0.1788189981650207,0.6705883808468193,25,20,20
46,4977,0.15059222898927482,3.9199888451041395e-07,0.17881899877690074,0.6705883802349389,25,20,20
46,4978,0.1505922289892756,3.920127348054245e-07,0.17908174638836344,0.6703256326096252,25,20,20
46,4979,0.15059222898927882,3.92012734806769e-07,0.17908177039794107,0.6703256086000442,25,20,20
46,4980,0.15059222898928193,3.920127348820292e-07,0.17908631013971527,0.670321068858267,25,20,20
46,4981,0.15059222898928437,3.919988845156752e-07,0.1788188911569141,0.6705884878549162,25,20,20
46,4982,0.12884991502756843,8.837161088142551e-07,0.20055840970476108,0.6705907915515604,25,20,20
46,4983,0.12884991503794857,8.837161087397181e-07,0.20055850367281475,0.6705906975731267,25,20,20
46,4984,0.1288499150379486,8.837161087397477e-07,0.20055542539016158,0.6705937758557797,25,20,20
46,4985,0.11431699289189184,0.0003094886709047192,0.21478203860685105,0.6705914798303512,25,20,20
46,4986,0.11110718107416209,3.928344331587443e-07,0.21830081657600162,0.6705916095154013,25,20,20
46,4987,0.11110718107416213,3.928344332327378e-07,0.21830081800376064,0.6705916080876423,25,20,20
46,4988,0.11110718107415893,3.928344331574918e-07,0.21830071495934256,0.6705917111320638,25,20,20
46,4989,0.11669392297261483,3.935851729627626e-07,0.21270273399352455,0.6706029494486863,25,20,20
46,4990,0.11086815051066132,3.8851949244117213e-07,0.2185298873111506,0.6706015736586953,25,20,20
46,4991,0.14982830550769793,3.875058979694102e-07,0.17956987111141007,0.6706014358749931,25,20,20
46,4992,0.14982830550769466,3.8750589789407213e-07,0.17956992739919855,0.6706013795872081,25,20,20
46,4993,0.14982830550523818,3.8749356481917144e-07,0.17494973570266428,0.675221571298532,25,20,20
46,4994,0.149828305505235,3.8749356474390255e-07,0.17494969222021048,0.675221614780989,25,20,20
46,4995,0.14983946803562723,3.867685492932164e-07,0.17494957452063128,0.6752105706751914,25,20,20
46,4996,0.14983946803562723,3.8676854929187315e-07,0.17494953513484396,0.6752106100609787,25,20,20
46,4997,0.14983946802529183,3.8676830906250994e-07,0.1749448983002533,0.675215246906145,25,20,20
46,4998,0.1498394680252887,3.867683090611887e-07,0.17494487125871433,0.6752152739476871,25,20,20
46,4999,0.15586361703346913,3.86768365822526e-07,0.16892072226289023,0.6752152739352745,25,20,20
46,5000,0.15586361686670208,3.7253685625155116e-07,0.16891914609313596,0.6752168645033048,25,20,20
46,5001,0.15586599293957965,3.6812778624337784e-07,0.1689167747872131,0.6752168641454211,25,20,20
46,5002,0.1558659929498649,3.681280327588514e-07,0.16928555272833076,0.6748480861937715,25,20,20
46,5003,0.11843605284747777,3.7058163792455995e-07,0.20671526554162387,0.6748483110292602,25,20,20
46,5004,0.11843605284743224,3.7058163363424294e-07,0.20671514934317645,0.6748484272277574,25,20,20
46,5005,0.11843605284743224,3.7058163371082314e-07,0.20671985059056264,0.6748437259803711,25,20,20
46,5006,0.1184360528474322,3.705816337095258e-07,0.20671984984478617,0.6748437267261473,25,20,20
46,5007,0.11843605284760994,3.705816378985922e-07,0.20698190837805458,0.6745816681926972,25,20,20
46,5008,0.11843605284760994,3.7058163789730333e-07,0.20697732244230582,0.674586254128446,25,20,20
46,5009,0.11843605284760753,3.7058163789730333e-07,0.206977355836523,0.674586220734231,25,20,20
46,5010,0.11843605284765228,3.7058163797126873e-07,0.20697886381303465,0.6745847127576746,25,20,20
46,5011,0.09895490870541615,9.757127853346226e-07,0.226456564898799,0.6745875506829987,25,20,20
46,5012,0.07187525807689105,1.0133309483777836e-06,0.2535361784917315,0.6745875501004283,25,20,20
46,5013,0.09121197637909689,9.714963541056066e-07,0.23419950213788762,0.67458754998666,25,20,20
46,5014,0.08979042288145196,9.95815841525298e-07,0.2356209934917038,0.6745875878110019,25,20,20
46,5015,0.089790422881452,9.958158415992686e-07,0.23562107389617534,0.6745875074065302,25,20,20
46,5016,0.08559691723621052,9.860009837439232e-07,0.23981087502889448,0.6745912217339104,25,20,20
46,5017,0.08559691723621052,9.860009837426031e-07,0.2398108749935769,0.674591221769228,25,20,20
46,5018,0.0855969172259261,9.860007372271615e-07,0.2394375545380964,0.6749645422352394,25,20,20
46,5019,0.0855969172259261,9.860007372284814e-07,0.23943752115417655,0.6749645756191595,25,20,20
46,5020,0.08559691722596624,9.860007405290078e-07,0.24400410654718985,0.6703979902261028,25,20,20
46,5021,0.05074920790315678,2.150169610656583e-06,0.2785291624958522,0.6707194794313797,25,20,20
46,5022,0.05074920790315675,2.150169610657858e-06,0.27852916110767845,0.6707194808195532,25,20,20
46,5023,0.050749207903202226,2.150169610659156e-06,0.2785292340121445,0.6707194079150419,25,20,20
46,5024,0.050749207903203024,2.150169850964275e-06,0.2785293653719455,0.6707192765549997,25,20,20
46,5025,0.050749207903199825,2.1501698509642838e-06,0.2785247777087701,0.6707238642181785,25,20,20
46,5026,0.05074920790315959,2.1501698433807063e-06,0.2738660139289733,0.6753826279980227,25,20,20
46,5027,0.05074678718905301,2.3948569518608882e-06,0.273868189590827,0.6753826283631669,25,20,20
46,5028,0.07629113668098594,2.3836356365535483e-06,0.24832778191572263,0.6753786977676538,25,20,20
46,5029,0.09528174347783176,1.778504542104028e-06,0.22934061817552942,0.6753758598420961,25,20,20
46,5030,0.09528174347779154,1.7785041098419876e-06,0.22468821256794005,0.6800282654501579,25,20,20
46,5031,0.09528174347779153,1.7785041097666967e-06,0.22468817913742906,0.6800282988806688,25,20,20
46,5032,0.09528174347779146,1.778504109765353e-06,0.22468589898581404,0.6800305790322843,25,20,20
46,5033,0.09415163799648947,1.7760548105234903e-06,0.22581623173256968,0.6800303542161293,25,20,20
46,5034,0.09415163799653499,1.776054819105729e-06,0.22582089766791408,0.680025688280731,25,20,20
46,5035,0.09415163799653499,1.776054819030461e-06,0.22582078231507222,0.6800258036335731,25,20,20
46,5036,0.09415163800570707,1.7760545782259746e-06,0.2304751308006892,0.6753714551390247,25,20,20
46,5037,0.09415163800570707,1.7760545782285924e-06,0.23047509610786615,0.6753714898318477,25,20,20
46,5038,0.09415368907267402,1.7769027022071092e-06,0.23047304419146436,0.675371489833158,25,20,20
46,5039,0.09415368907267721,1.7769027022823702e-06,0.23047777474220119,0.675366759282418,25,20,20
46,5040,0.09415368907267481,1.7769027022084537e-06,0.23047323669696568,0.6753712973276559,25,20,20
46,5041,0.09415368907267407,1.7769027022097513e-06,0.2304730477383988,0.6753714862862236,25,20,20
46,5042,0.09415368907267402,1.7769029467166807e-06,0.23047959346227453,0.6753649405621036,25,20,20
46,5043,0.09415368906354626,1.7769031852689187e-06,0.2261935215226099,0.6796510125106572,25,20,20
46,5044,0.09415368906336534,1.7769031810058677e-06,0.22592687472792794,0.6799176593055242,25,20,20
46,5045,0.09415368906336537,1.7769031810084393e-06,0.22592014353435308,0.679924390499099,25,20,20
46,5046,0.09559468363666249,1.7969580572520233e-06,0.22447912800118958,0.6799243914040892,25,20,20
46,5047,0.09559468363684456,1.796958301919614e-06,0.2244839605643778,0.6799195588404742,25,20,20
46,5048,0.0955946836368478,1.7969583062097538e-06,0.2244861602253475,0.6799173591794971,25,20,20
46,5049,0.10396277604446609,1.7936492653151703e-06,0.21611808689380888,0.6799173434124586,25,20,20
46,5050,0.10396277604446284,1.7936492653164682e-06,0.21610796750395944,0.6799274628023114,25,20,20
46,5051,0.10396277604705452,1.793649265316405e-06,0.21611714933485543,0.6799182809688241,25,20,20
46,5052,0.10259003219759326,1.7732269827126434e-06,0.21748991451213773,0.6799182800632856,25,20,20
46,5053,0.10259003219759245,1.7732267381291023e-06,0.21748321005523846,0.6799249845204304,25,20,20
46,5054,0.10259003219759323,1.7732267382017633e-06,0.21748973534379473,0.6799184592318731,25,20,20
46,5055,0.10259003219759323,1.773226738277e-06,0.21749435543309625,0.6799138391425715,25,20,20
46,5056,0.10260451313454708,1.8007773228246966e-06,0.21747971307791528,0.6799139730102141,25,20,20
46,5057,0.10260451313454708,1.8007773228260167e-06,0.21747974504598022,0.6799139410421491,25,20,20
46,5058,0.10260451313454713,1.800777322752055e-06,0.21747666467046198,0.6799170214176674,25,20,20
46,5059,0.10260451313454798,1.800777567246875e-06,0.2174854864272656,0.6799081996606187,25,20,20
46,5060,0.10252087928386241,1.7732276714433084e-06,0.21756914272833586,0.6799082047601297,25,20,20
46,5061,0.10252087928385921,1.7732276699923342e-06,0.23153672920791735,0.6659406182805531,25,20,20
46,5062,0.10252087928126427,1.7732276699910763e-06,0.23152756140791447,0.6659497860831509,25,20,20
46,5063,0.10252087928126341,1.7732274254210102e-06,0.23151865660753587,0.6659586908837748,25,20,20
46,5064,0.10251968571442696,1.772725355367617e-06,0.23151998964358114,0.665958551916636,25,20,20
46,5065,0.10251968571442696,1.7727253595839729e-06,0.2315184885322768,0.665960053027936,25,20,20
46,5066,0.10251968571447242,1.7727253639482606e-06,0.23151868439971804,0.6659598571604448,25,20,20
46,5067,0.1025196857142903,1.772725119279327e-06,0.23151387533992146,0.6659646662206683,25,20,20
46,5068,0.1025196857142903,1.7727251192819226e-06,0.23151395642426167,0.665964585136328,25,20,20
46,5069,0.10251968571452064,1.7727253647832404e-06,0.2176363971460325,0.6798421444140813,25,20,20
46,5070,0.10251968037004251,1.772716234966775e-06,0.21763640245765348,0.679842144456068,25,20,20
46,5071,0.10251968036999778,1.7727162391824339e-06,0.21764285379346898,0.679835693120293,25,20,20
46,5072,0.10251968036999778,1.772716239256405e-06,0.2176428224212008,0.6798357244925611,25,20,20
46,5073,0.1056392915901114,1.7986462327958353e-06,0.21451614169047784,0.6798427680731769,25,20,20
46,5074,0.10563929159270653,1.798646237160799e-06,0.21452275748110633,0.6798361522799488,25,20,20
46,5075,0.10563929159011147,1.7986462327958576e-06,0.21451610972286322,0.6798428000407912,25,20,20
46,5076,0.10563929159011068,1.7986462327218987e-06,0.21450961915217243,0.6798492906114828,25,20,20
46,5077,0.10563927559498038,1.798646389537181e-06,0.21450963518914803,0.6798492905694807,25,20,20
46,5078,0.10563927559498035,1.798646389461889e-06,0.21450955271222472,0.6798493730464041,25,20,20
46,5079,0.1056392755949835,1.7986463896111295e-06,0.21450958186130095,0.6798493438973248,25,20,20
46,5080,0.10563927559498344,1.7986463896838026e-06,0.21450807626577345,0.6798508494928522,25,20,20
46,5081,0.10564869759124486,1.7986462316342882e-06,0.21449865183363193,0.6798508519288905,25,20,20
46,5082,0.10564869759129043,1.7986462402172305e-06,0.21450039681086444,0.6798491069516038,25,20,20
46,5083,0.10564869759129364,1.7986462402185284e-06,0.21450036545423523,0.6798491383082299,25,20,20
46,5084,0.10275158549758556,9.930848229169507e-06,0.2173957063524295,0.6798427773017547,25,20,20
46,5085,0.10275158549758556,9.93084822916821e-06,0.21739571983726175,0.6798427638169222,25,20,20
46,5086,0.10275158549753999,9.930848220586588e-06,0.2173940887092208,0.6798443949450175,25,20,20
46,5087,0.10275158549753999,9.93084822058529e-06,0.2173940891648802,0.6798443944893582,25,20,20
46,5088,0.10275158549749444,9.930848212002985e-06,0.21738938406960995,0.6798490995846825,25,20,20
46,5089,0.0907499029961208,9.931102445053348e-06,0.22939106631604111,0.6798490995853921,25,20,20
46,5090,0.0907499021980069,9.939851376150473e-06,0.22939105873037147,0.6798490992202446,25,20,20
46,5091,0.0907501088937858,9.883720329856857e-06,0.22939250411760242,0.6798475032682806,25,20,20
46,5092,0.12014945679861481,8.70605451054722e-06,0.20031477026803898,0.6795270668788339,25,20,20
46,5093,0.12014945679861168,8.706054510471948e-06,0.20031628227640585,0.6795255548704704,25,20,20
46,5094,0.1208001139393051,8.705800169667546e-06,0.19966562539079913,0.6795255548697243,25,20,20
46,5095,0.12081364747998626,8.448611310299418e-06,0.19965234903897716,0.6795255548697243,25,20,20
46,5096,0.12081364747998626,8.448611310374711e-06,0.19965243150714215,0.6795254724015592,25,20,20
46,5097,0.12081364747975591,8.44861106203293e-06,0.19956015258611035,0.6796177513230701,25,20,20
46,5098,0.12087131527883022,8.44910416095722e-06,0.19907486713546152,0.6800453684815467,25,20,20
46,5099,0.12087110630418765,0.0005383248720603626,0.19854522381874312,0.6800453450050084,25,20,20
46,5100,0.12087110630418771,0.0005383248723006654,0.1985434519960222,0.6800471168274891,25,20,20
46,5101,0.12646063095154075,0.0005383299894211015,0.19295392180354135,0.6800471172554967,25,20,20
46,5102,0.1264606287936512,8.176985880575647e-06,0.193484077208537,0.6800471170119312,25,20,20
46,5103,0.12646062879365125,8.176985880652238e-06,0.19348406770504695,0.6800471265154211,25,20,20
46,5104,0.1264606287936504,8.176985636133875e-06,0.1934793153149061,0.6800518789058073,25,20,20
46,5105,0.13328742685153394,8.170609986371384e-06,0.18665362052706694,0.6800507820114126,25,20,20
46,5106,0.13328742685413217,8.170610230953589e-06,0.18666029533865292,0.6800441071969838,25,20,20
46,5107,0.1332215684925381,8.17011697324403e-06,0.18715377378878081,0.6796164876017073,25,20,20
46,5108,0.14111591693920655,8.203975769536895e-06,0.17900585324468757,0.6798700258403358,25,20,20
46,5109,0.1411159169392066,8.203976008239588e-06,0.17927208470077832,0.6796037943840065,25,20,20
46,5110,0.1411159169366083,8.20397576358207e-06,0.1792654599227745,0.6796104191648533,25,20,20
46,5111,0.14111591693660827,8.203975763654613e-06,0.1796384803870542,0.6792373987005734,25,20,20
46,5112,0.14114856392776054,8.203980284415212e-06,0.17960576688274302,0.6792374652092116,25,20,20
46,5113,0.14114856392794267,8.20398028449048e-06,0.17960579543121352,0.6792374366605588,25,20,20
46,5114,0.14114856392794267,8.203980284415188e-06,0.1796057123773625,0.6792375197144099,25,20,20
46,5115,0.14114856392780564,8.203980288516254e-06,0.17997868756280255,0.6788645445291028,25,20,20
46,5116,0.14114856392780645,8.203980288517597e-06,0.17997876151914216,0.6788644705727624,25,20,20
46,5117,0.14045608081955183,4.59533314562329e-08,0.18068005550691588,0.6788638177201992,25,20,20
46,5118,0.14045608081955177,4.595333138092174e-08,0.1806784332349288,0.6788654399921864,25,20,20
46,5119,0.14045608081955174,4.5953331380886355e-08,0.18068491688030963,0.6788589563468057,25,20,20
46,5120,0.14045608081955174,4.595333138222923e-08,0.18068491796516445,0.678858955261951,25,20,20
46,5121,0.14045608081950664,4.595308903952597e-08,0.18031183494942862,0.6792320382779744,25,20,20
46,5122,0.14204182980596528,4.558882932930488e-08,0.17872608231065762,0.6792320422945459,25,20,20
46,5123,0.12521149163562553,4.62091302174979e-08,0.19555014545999622,0.6792383166952465,25,20,20
46,5124,0.12521149163562553,4.6209130217497496e-08,0.1955501449954654,0.6792383171597772,25,20,20
46,5125,0.12521149163562553,4.620913006963929e-08,0.19517704339818565,0.6796114187570571,25,20,20
46,5126,0.12521149163562478,4.6209134419783656e-08,0.1953064179308489,0.6794820442243902,25,20,20
46,5127,0.12521149163562478,4.6209134419806016e-08,0.19530641796546613,0.679482044189773,25,20,20
46,5128,0.12521149163557926,4.6209134344542884e-08,0.19530487514319117,0.6794835870120938,25,20,20
46,5129,0.12521149163557926,4.620913441981174e-08,0.1953049619872185,0.6794835001680665,25,20,20
46,5130,0.12228644939608813,2.063579845400188e-08,0.19848354724551912,0.6792299827225932,25,20,20
46,5131,0.14463489146021455,6.69504612008042e-07,0.17613441432172028,0.6792300247134523,25,20,20
46,5132,0.14511952149042334,6.646615509913506e-07,0.17564976444270303,0.6792300494053221,25,20,20
46,5133,0.14511952149042334,6.646615510665962e-07,0.17564987979572166,0.6792299340523031,25,20,20
46,5134,0.14511952149042334,6.646615511418883e-07,0.17564984846695644,0.6792299653810684,25,20,20
46,5135,0.1555356194880897,1.6008247300459897e-08,0.1652333972294222,0.6792309672742408,25,20,20
46,5136,0.15553561948809053,1.6795566428267185e-08,0.16560906017615434,0.6788553035401886,25,20,20
46,5137,0.15553561948827146,1.6795809344414345e-08,0.16586949660065703,0.6785948671152622,25,20,20
46,5138,0.15553561956972115,3.721464349215603e-07,0.1658691411685792,0.6785948671152648,25,20,20
46,5139,0.15553561956972117,3.7214643499551924e-07,0.16587566442247723,0.6785883438613669,25,20,20
46,5140,0.15527848053009233,3.720498732074167e-07,0.16613280456387827,0.6785883428561563,25,20,20
46,5141,0.1552786530852715,0.0007372343183654238,0.1653946689271495,0.6785894436692136,25,20,20
46,5142,0.15527865308509062,0.000737234318122583,0.16513423253281012,0.6788498800639767,25,20,20
46,5143,0.15527848236403574,6.7688953405787625e-06,0.16586595957508846,0.6788487891655355,25,20,20
46,5144,0.1571213346685571,6.773124090316712e-06,0.16399006685675513,0.6788818253505978,25,20,20
46,5145,0.15621905126664387,6.773095634418005e-06,0.16489225621520232,0.6788819194225194,25,20,20
46,5146,0.1562190512666894,6.773095638634974e-06,0.1648922601826827,0.6788819154549894,25,20,20
46,5147,0.15621905126672783,6.773095645877213e-06,0.1711418482750831,0.6726323273625434,25,20,20
46,5148,0.15621905126668237,6.773095645877213e-06,0.1711418459969179,0.672632329640754,25,20,20
46,5149,0.15621905126668237,6.773095645951163e-06,0.1711419000236572,0.6726322756140146,25,20,20
46,5150,0.15621905126668234,6.773095646025123e-06,0.17114838831644602,0.6726257873212256,25,20,20
46,5151,0.1562190512666824,6.773095646026422e-06,0.17114838972871374,0.6726257859089577,25,20,20
46,5152,0.15621905380841056,3.573044809894159e-07,0.17106166634024955,0.6727189225468588,25,20,20
46,5153,0.15621905380841367,3.5730472077155207e-07,0.17102447761550124,0.6727561112713643,25,20,20
46,5154,0.15621905381118206,3.5730496444593305e-07,0.17120436318133028,0.6725762257025231,25,20,20
46,5155,0.156219053811182,3.5730496429801527e-07,0.17119776239248677,0.6725828264913669,25,20,20
46,5156,0.15621906760400525,1.4550228196755595e-08,0.17129123790706885,0.6724896799386976,25,20,20
46,5157,0.15621906760396015,1.4550223946449535e-08,0.1709247230493209,0.6728561947964949,25,20,20
46,5158,0.1709758478320572,1.4436166977013631e-08,0.15616794294440284,0.672856194787373,25,20,20
46,5159,0.17097584783205724,1.4436166978333727e-08,0.15616794296926492,0.6728561947625107,25,20,20
46,5160,0.1709758478320572,1.4436166901767129e-08,0.15617443409378884,0.6728497036379869,25,20,20
46,5161,0.17027884885022893,1.5284349185349356e-08,0.15687153031592824,0.6728496055494939,25,20,20
46,5162,0.17027884885022893,1.5284349111355794e-08,0.15687156173164163,0.6728495741337807,25,20,20
46,5163,0.17027884885022893,1.528434918591048e-08,0.15723806052758968,0.6724830753378326,25,20,20
46,5164,0.17027884885023212,1.528434926247741e-08,0.1572316180024788,0.6724895178629402,25,20,20
46,5165,0.16862416380314868,6.933173490298043e-06,0.15888107720746242,0.6724878258158989,25,20,20
46,5166,0.13573555466878248,6.925729809687239e-06,0.1917694897599995,0.6724880298414081,25,20,20
46,5167,0.135388574380184,6.930938456946571e-06,0.19211644001421682,0.6724880546671425,25,20,20
46,5168,0.13538857437741567,6.930938213421771e-06,0.19220288612280576,0.6724016085615652,25,20,20
46,5169,0.13538857437741567,6.930938213421784e-06,0.19219636441211274,0.6724081302722581,25,20,20
46,5170,0.1353885749065193,6.930883614816793e-06,0.19214880427449132,0.6724556899353742,25,20,20
46,5171,0.12984254978393717,6.925676314482387e-06,0.19769483845373095,0.6724556860860167,25,20,20
46,5172,0.1298425681285267,6.9256768409011155e-06,0.19769482010609407,0.6724556860885375,25,20,20
46,5173,0.12984256812852665,6.9256765979055e-06,0.19742854864007822,0.6727219575547965,25,20,20
46,5174,0.1298425681287088,6.925676602195817e-06,0.1974286314706906,0.6727218747239977,25,20,20
46,5175,0.13291903552516973,6.925676318417598e-06,0.19435195139710776,0.6727220874014034,25,20,20
46,5176,0.13291903543743222,6.925621698942408e-06,0.15895108596857735,0.7081229529722921,25,20,20
46,5177,0.13291903543742903,6.925621698867117e-06,0.15895100255744748,0.7081230363834252,25,20,20
46,5178,0.13291903543738354,6.9256216945755025e-06,0.15895088634891838,0.7081231525920038,25,20,20
46,5179,0.1329190354373836,6.92562169457604e-06,0.1586700770920748,0.7084039618488472,25,20,20
46,5180,0.14753670196276844,6.9437880535411085e-06,0.14405377894166058,0.7084025753075178,25,20,20
46,5181,0.14753670196276844,6.943788053543704e-06,0.14405839973667156,0.7083979545125071,25,20,20
46,5182,0.14753670196276839,6.943788053467314e-06,0.1439661080073783,0.7084902462418005,25,20,20
46,5183,0.14755784274960834,8.933623276341123e-06,0.14394297441373644,0.7084902492133797,25,20,20
46,5184,0.1475578427496084,8.933623276415086e-06,0.14394767311038062,0.7084855505167355,25,20,20
46,5185,0.1444834564981245,8.934483627548148e-06,0.14702203327914026,0.708485575739108,25,20,20
46,5186,0.14448345649812208,8.934483627996767e-06,0.1469363974821224,0.7085712115361278,25,20,20
46,5187,0.14448345649830255,8.934483870338717e-06,0.14730943701152144,0.7081981720063059,25,20,20
46,5188,0.14448345649812042,8.93448386597181e-06,0.14730932077676,0.7081982882412536,25,20,20
46,5189,0.14448345654920575,8.934553683189205e-06,0.1838560479255331,0.6716515609715765,25,20,20
46,5190,0.14448345654920575,8.934553683189227e-06,0.18385610796284305,0.6716515009342666,25,20,20
46,5191,0.14448345654902536,8.934553685355529e-06,0.18348969042148527,0.6720179184758027,25,20,20
46,5192,0.14448345654907088,8.93455368543081e-06,0.1834963105962664,0.6720112983009762,25,20,20
46,5193,0.15006639251086212,8.944587387067049e-06,0.17791197647248114,0.6720126864292688,25,20,20
46,5194,0.14321106748734377,9.106476430628738e-06,0.18477037008095576,0.6720094559552693,25,20,20
46,5195,0.14321106748729825,9.10647643055216e-06,0.18476363602229642,0.6720161900139742,25,20,20
46,5196,0.11260562020405855,8.955283559620063e-06,0.21536292936551443,0.6720224951468665,25,20,20
46,5197,0.11541337287183578,7.515247860471093e-05,0.21594206743455313,0.6685694072150057,25,20,20
46,5198,0.11541337287183585,7.515247860486016e-05,0.2159443450929117,0.6685671295566471,25,20,20
46,5199,0.115413372872018,7.515247860922578e-05,0.21594446271913673,0.6685670119302354,25,20,20
46,5200,0.11547663958240544,7.514244519587083e-05,0.2158825902562992,0.6685656277160988,25,20,20
46,5201,0.11547663905812096,7.51424449714788e-05,0.2113310492827263,0.673117169214181,25,20,20
46,5202,0.11547663905812092,7.514244497155279e-05,0.21133116242816144,0.673117056068746,25,20,20
46,5203,0.15500381426766832,7.514160318909243e-05,0.17180421287879624,0.6731168312503464,25,20,20
46,5204,0.14930876435501322,7.514599631072083e-05,0.17749924280944185,0.6731168468392341,25,20,20
46,5205,0.14930876435501317,7.514520899166699e-05,0.1771236417851468,0.6734924486508482,25,20,20
46,5206,0.14930876435501314,7.514520898737477e-05,0.17711703787513297,0.6734990525608666,25,20,20
46,5207,0.14930876435501234,7.514520898722417e-05,0.17711700929329635,0.6734990811427041,25,20,20
46,5208,0.14930876435501234,7.514520898722156e-05,0.17711230745746676,0.6735037829785336,25,20,20
46,5209,0.1493087643550124,7.51452089872229e-05,0.17711393034083295,0.6735021600951674,25,20,20
46,5210,0.1493087643550124,7.514520923181782e-05,0.17711876325354234,0.6734973271822134,25,20,20
46,5211,0.14930876435760715,7.514522292652819e-05,0.17712624931255405,0.6734898411069122,25,20,20
46,5212,0.10969775500472227,7.514504568898122e-05,0.21673728295484818,0.673489816994741,25,20,20
46,5213,0.10969775500490314,7.514504569316773e-05,0.21699892874837234,0.6732281712010315,25,20,20
46,5214,0.10969775500486786,7.514504568600207e-05,0.2107494251613729,0.6794776747880733,25,20,20
46,5215,0.11050642020383697,7.315437699187923e-05,0.20994275158801634,0.6794776738311537,25,20,20
46,5216,0.11038989415810697,7.315437699698003e-05,0.21005927763495577,0.6794776738299391,25,20,20
46,5217,0.1489637663690895,7.315436228503541e-05,0.17148540745230456,0.6794776718163207,25,20,20
46,5218,0.14896376636913458,7.315436228921046e-05,0.17185841051810727,0.6791046687504689,25,20,20
46,5219,0.14896376636913777,7.315436228921178e-05,0.1718584104553534,0.6791046688132195,25,20,20
46,5220,0.14896376636913458,7.315436228913647e-05,0.17185838389887903,0.6791046953696971,25,20,20
46,5221,0.14896376636913458,7.315436229335283e-05,0.1718584966630616,0.6791045826055104,25,20,20
46,5222,0.1489637669595459,7.315436229770967e-05,0.17195116815632042,0.679011910521836,25,20,20
46,5223,0.15569007044177488,6.62322918673119e-05,0.1652642412527037,0.678979456013654,25,20,20
46,5224,0.1556900704417717,6.623229186301897e-05,0.16526412644993266,0.6789795708164325,25,20,20
46,5225,0.15569007044177247,6.62322918673086e-05,0.16527061651092415,0.6789730807554359,25,20,20
46,5226,0.1683822566826678,6.418087362868394e-06,0.15260791949747088,0.6790034057324987,25,20,20
46,5227,0.16838225668266862,6.418087367161331e-06,0.15260803431052303,0.6790032909194416,25,20,20
46,5228,0.16838225669295287,6.418100939992546e-06,0.15297551091954378,0.6786358142865635,25,20,20
46,5229,0.16838015719497523,6.417240341571363e-06,0.152964522572857,0.6786489029918257,25,20,20
46,5230,0.16847417410681725,6.417970719949035e-06,0.15225763384497837,0.679261774077484,25,20,20
46,5231,0.16847417410681728,6.4179707200982515e-06,0.15226261575631939,0.6792567921661427,25,20,20
46,5232,0.1742933086777865,6.4135759089419355e-06,0.1464435260449992,0.6792567517013056,25,20,20
46,5233,0.17425552500532981,6.41284552982832e-06,0.14709395172769396,0.6786441104214469,25,20,20
46,5234,0.1742555250053306,6.412845772170974e-06,0.14746699173299097,0.6782710704159068,25,20,20
46,5235,0.17425552500514968,6.412845767907893e-06,0.14720064323695894,0.678537418912124,25,20,20
46,5236,0.17425552559684157,6.412846014741372e-06,0.1468336996466656,0.6789043619104786,25,20,20
46,5237,0.2101595362084308,6.417425158782476e-06,0.11092987024793885,0.6789041761184716,25,20,20
46,5238,0.21040011592680302,6.417425158303662e-06,0.11068929054440949,0.6789041761036293,25,20,20
46,5239,0.21040011592680385,6.4182172554976795e-06,0.11082456703974161,0.6787688988161993,25,20,20
46,5240,0.21040011533511127,6.41821676632287e-06,0.1108183906301921,0.6787750758179305,25,20,20
46,5241,0.21040011533511446,6.418216766325535e-06,0.11081842016570397,0.6787750462824156,25,20,20
46,5242,0.21040011533511438,6.418216766250266e-06,0.11081837763205105,0.6787750888160684,25,20,20
46,5243,0.2104001153454929,6.418216770614339e-06,0.11082009319377076,0.6787733732439659,25,20,20
46,5244,0.21040011534549372,6.4182170136834256e-06,0.11108644369006374,0.6785070227474292,25,20,20
46,5245,0.21040011534549447,6.41821701368215e-06,0.11109573010419921,0.678497736333293,25,20,20
46,5246,0.21040011534549444,6.418217017824231e-06,0.11082959428683635,0.6787638721506515,25,20,20
46,5247,0.18012162455272962,6.4548947807810245e-06,0.14110808552030485,0.678763835032185,25,20,20
46,5248,0.16468011582774922,1.4726113869604777e-06,0.15658499823312003,0.6787334133277443,25,20,20
46,5249,0.16468011523738327,1.4726113826787054e-06,0.15662174146436628,0.6786966706868683,25,20,20
46,5250,0.192873441974353,1.4313555606958428e-06,0.12842846287960719,0.6786966637904797,25,20,20
46,5251,0.192873441974353,1.4313558051402592e-06,0.12842669358090317,0.6786984330889393,25,20,20
46,5252,0.1928734419743529,1.4313555605453292e-06,0.12842186066819716,0.6787032660018899,25,20,20
46,5253,0.19465000382441888,3.058686069308473e-08,0.12664663820117586,0.6787033273875451,25,20,20
46,5254,0.19465000382446426,3.0586864451345666e-08,0.12673223788660581,0.6786177277020662,25,20,20
46,5255,0.19465000381408573,3.0587104679583085e-08,0.12673532828589085,0.6786146373129195,25,20,20
46,5256,0.19465000381408493,3.058710038667096e-08,0.1267352120468448,0.6786147535519704,25,20,20
46,5257,0.19465000381408412,3.058685731631156e-08,0.12646886081073577,0.6788811047883233,25,20,20
46,5258,0.1946500038140842,3.0586857317609144e-08,0.12647352375049808,0.6788764418485609,25,20,20
46,5259,0.19465000380379913,3.057303990417303e-08,0.1260994565337694,0.6792505090893921,25,20,20
46,5260,0.19465000380375452,3.057303997967776e-08,0.12597224523001363,0.6793777203931923,25,20,20
46,5261,0.1946500038037537,2.9780942785660955e-08,0.1258369675732304,0.6795129988420736,25,20,20
46,5262,0.1946500038037537,2.9780942788270253e-08,0.12596648898497728,0.6793834774303267,25,20,20
46,5263,0.19465000380634082,2.9780947067293598e-08,0.1260965270028388,0.6792534394098736,25,20,20
46,5264,0.19465000380634007,2.9780951358401277e-08,0.12609194226218712,0.6792580241505219,25,20,20
46,5265,0.19465432574942942,2.9780951349189175e-08,0.12608762031910017,0.6792580241505195,25,20,20
46,5266,0.1950012507505522,3.403362397037732e-08,0.1257395751353898,0.6792591400804345,25,20,20
46,5267,0.1950012507505514,3.403361968072595e-08,0.1257330830722076,0.6792656321436218,25,20,20
46,5268,0.19500125075055133,3.4033615389594715e-08,0.1257284599672758,0.6792702552485579,25,20,20
46,5269,0.19500123251097334,3.4049026318447997e-08,0.12574180479772662,0.6792569286422737,25,20,20
46,5270,0.19499456524047745,3.4049137219906386e-08,0.1257484720603803,0.679256928650005,25,20,20
46,5271,0.19499181575844154,3.405075090314205e-08,0.12575119741997395,0.6792569527708336,25,20,20
46,5272,0.19499181575839697,3.4050502637926716e-08,0.12566051637469447,0.6793476338164061,25,20,20
46,5273,0.19492143948219634,3.065925307217466e-08,0.12573890548050898,0.6793396243780425,25,20,20
46,5274,0.1949214394821955,3.065925299561014e-08,0.12573728237405477,0.6793412474844976,25,20,20
46,5275,0.19492143948201343,3.065925292034118e-08,0.1257372809172772,0.6793412489414571,25,20,20
46,5276,0.19492143947941865,3.064531786792292e-08,0.12609806325284317,0.6789804666224208,25,20,20
46,5277,0.1949214394794186,3.0645317717348596e-08,0.1260957849741607,0.6789827449011036,25,20,20
46,5278,0.1769084850409888,2.6392657498984995e-08,0.14410980683601304,0.6789816817303417,25,20,20
46,5279,0.18101394964131307,2.9783893796129092e-08,0.14000348587302208,0.6789825347017721,25,20,20
46,5280,0.1810139497888894,3.0576697463147454e-08,0.1401034272944661,0.678882592339948,25,20,20
46,5281,0.18101394978888932,3.05766931715103e-08,0.14010331251648234,0.6788827071179361,25,20,20
46,5282,0.18101394978888938,3.057668895516484e-08,0.14010319835071378,0.6788828212837088,25,20,20
46,5283,0.1810139497889352,3.05766889557481e-08,0.14047665605511164,0.678509363579265,25,20,20
46,5284,0.1810139497889352,3.0576688955679795e-08,0.1404766533911051,0.6785093662432717,25,20,20
46,5285,0.18705874508063744,3.0943776399151905e-08,0.13443176551935967,0.6785094584562275,25,20,20
46,5286,0.1870772583907515,5.8507395717079484e-09,0.1344132794467798,0.6785094563117301,25,20,20
46,5287,0.18707725839075473,5.850739573006486e-09,0.13441330805357993,0.6785094277049265,25,20,20
46,5288,0.18316377908738216,5.853479869222771e-09,0.1383267871631061,0.6785094278960325,25,20,20
46,5289,0.18316377908738216,5.853480018356336e-09,0.13869980969267937,0.678136405366459,25,20,20
46,5290,0.1831804000756784,5.107896138995787e-09,0.13868318823597672,0.678136406580449,25,20,20
46,5291,0.18318040007567846,5.107891888701067e-09,0.13831170581626215,0.6785078890001678,25,20,20
46,5292,0.18318040008687256,5.107887717204099e-09,0.17792548263192332,0.6388941121733159,25,20,20
46,5293,0.18318040008687259,5.107887792470526e-09,0.1779271057157279,0.6388924890895111,25,20,20
46,5294,0.18318040008687259,5.107887792470526e-09,0.17792702324891532,0.6388925715563236,25,20,20
46,5295,0.18318040008687259,5.1078877911728835e-09,0.1779254037754999,0.6388941910297392,25,20,20
46,5296,0.18318040008687259,5.107887792471425e-09,0.17792540444213795,0.6388941903631014,25,20,20
46,5297,0.18318040009725148,5.1078921580734644e-09,0.1779255479736785,0.6388940468211775,25,20,20
46,5298,0.18318039994967514,4.315088491100626e-09,0.1778256058659372,0.6389939898692986,25,20,20
46,5299,0.1831803999496752,4.315088491100227e-09,0.17782560586596788,0.638993989869268,25,20,20
46,5300,0.1831803999496752,4.315088563782155e-09,0.17769619973056122,0.6391233960046747,25,20,20
46,5301,0.18318039995744628,4.32899986736711e-09,0.1776588207091128,0.6391607750044406,25,20,20
46,5302,0.18318039995744628,4.329004158542678e-09,0.17766352623336507,0.639156069480184,25,20,20
46,5303,0.19721384876433054,9.376452171575373e-10,0.16363098654946512,0.6391551637485587,25,20,20
46,5304,0.19721384876433373,9.37645366442976e-10,0.16363101557161236,0.6391551347264081,25,20,20
46,5305,0.20112098234174458,9.348501309967052e-10,0.1597238821808977,0.6391551345425078,25,20,20
46,5306,0.20113393634763405,9.34794168921801e-10,0.15971092819000124,0.6391551345275707,25,20,20
46,5307,0.20113393634763413,9.347985203882829e-10,0.15984033586899515,0.6390257268485724,25,20,20
46,5308,0.2011339363476349,9.34798521689215e-10,0.15983885533738776,0.6390272073801789,25,20,20
46,5309,0.18426368195799886,6.828260264222685e-07,0.17670831474758508,0.6390273204683894,25,20,20
46,5310,0.18426368195799891,6.828260222076959e-07,0.17670831247292704,0.6390273227430515,25,20,20
46,5311,0.18374344440617982,6.824576970469146e-07,0.1772286392517676,0.6390272338843551,25,20,20
46,5312,0.1837434444063611,6.824576969729664e-07,0.17723174745240144,0.6390241256835401,25,20,20
46,5313,0.18374344439600687,6.824440259713679e-07,0.1771464209373699,0.6391094522225967,25,20,20
46,5314,0.18191023827661937,9.969662828812144e-07,0.17897936236259085,0.6391094023945058,25,20,20
46,5315,0.18191023886571142,9.969665265415188e-07,0.17916132375637914,0.6389274404113817,25,20,20
46,5316,0.18191023886571142,9.969665265428393e-07,0.1791613636475436,0.6389274005202172,25,20,20
46,5317,0.18191023886570748,9.969662821123592e-07,0.1791563082489527,0.6389324559190566,25,20,20
46,5318,0.18191023886570754,9.969662820383882e-07,0.17915627488887612,0.6389324892791329,25,20,20
46,5319,0.1819123259725012,9.969508711898607e-07,0.179154187796294,0.6389324892803332,25,20,20
46,5320,0.18503146758148425,9.973690076945538e-07,0.17603493592662056,0.6389325991228866,25,20,20
46,5321,0.20154476809432292,9.974103273147092e-07,0.15952159501506952,0.6389326394802799,25,20,20
46,5322,0.20154476809432292,9.974103273133878e-07,0.15952163408635797,0.6389326004089915,25,20,20
46,5323,0.20154476872571003,9.974103273967564e-07,0.15953473548732075,0.638919498376642,25,20,20
46,5324,0.2015447687257101,9.974103273980543e-07,0.15953635775165126,0.6389178761123115,25,20,20
46,5325,0.19206443703055986,1.3540959811363317e-06,0.16896865118095292,0.6389655576925065,25,20,20
46,5326,0.2145461676839056,1.3537952579266933e-06,0.14648696240116985,0.6389655161196667,25,20,20
46,5327,0.21454616768390242,1.3537950133330386e-06,0.14648873167813933,0.6389637468429449,25,20,20
46,5328,0.21454616767352033,1.3537950089661158e-06,0.14648847908466586,0.6389639994468047,25,20,20
46,5329,0.21454616767352033,1.3537950090401105e-06,0.14648199543034301,0.6389704831011275,25,20,20
46,5330,0.21495437319788135,1.3103109832423362e-06,0.14606786092428287,0.6389764555668526,25,20,20
46,5331,0.21495437319788127,1.3103109833163078e-06,0.14606786148836964,0.6389764550027657,25,20,20
46,5332,0.21495437319788116,1.3103109876059143e-06,0.14606976449679088,0.6389745519943403,25,20,20
46,5333,0.21495437319788122,1.3103109876072573e-06,0.1460698803830136,0.6389744361081175,25,20,20
46,5334,0.19800081892487206,1.9731109302890464e-06,0.16302277515938526,0.638974432804812,25,20,20
46,5335,0.20057793537367832,1.9727177939157945e-06,0.16044576549217746,0.6389743264163507,25,20,20
46,5336,0.20057793537367985,1.9727177938407376e-06,0.16044628337338052,0.6389738085351461,25,20,20
46,5337,0.20057793601234725,1.9735932643879565e-06,0.16044628185669638,0.6389738085376934,25,20,20
46,5338,0.2005779360123924,1.9735937503026394e-06,0.16070793352513643,0.638712156868722,25,20,20
46,5339,0.20057793601239315,1.9735937502286955e-06,0.16070793563756447,0.6387121547562934,25,20,20
46,5340,0.2005779360123932,1.973593750154724e-06,0.1607079350734776,0.6387121553203802,25,20,20
46,5341,0.22517321554787006,1.9727202404115673e-06,0.13611264148555427,0.6387121702463351,25,20,20
46,5342,0.22517321554787004,1.972720240486836e-06,0.13611113439107667,0.6387136773408126,25,20,20
46,5343,0.23469153786486546,1.6157670992445096e-06,0.12664085061482017,0.6386659957532149,25,20,20
46,5344,0.2346915378751783,1.615767099217907e-06,0.1269014457216734,0.638405400636049,25,20,20
46,5345,0.23469153787517677,1.6157670949414976e-06,0.12677144568974635,0.6385354006679819,25,20,20
46,5346,0.2346915378749946,1.6157670950141476e-06,0.12676831022335336,0.6385385361345568,25,20,20
46,5347,0.23469153787499702,1.6157670949375851e-06,0.12676773946391554,0.6385391068939922,25,20,20
46,5348,0.23469153787499708,1.6157670948636142e-06,0.1267676473699756,0.6385391989879321,25,20,20
46,5349,0.23469153787499702,1.615767094863592e-06,0.1267676793375901,0.6385391670203178,25,20,20
46,5350,0.23788048259368533,9.79470110750542e-07,0.12337422554817384,0.6387443123880296,25,20,20
46,5351,0.23788048200459339,9.794698713800484e-07,0.12319696629434676,0.6389215722311881,25,20,20
46,5352,0.23788048200459344,9.79469871455294e-07,0.12319696570971994,0.6389215728158147,25,20,20
46,5353,0.2334953890248287,9.795491665396556e-07,0.1275120896957055,0.6389915417302992,25,20,20
46,5354,0.23374281731298846,9.79547552856234e-07,0.12726468553012016,0.6389915176093387,25,20,20
46,5355,0.23504599757457525,6.656925948173805e-07,0.12595155795889748,0.6390017787739326,25,20,20
46,5356,0.22934970452632747,6.656678694352262e-07,0.13164762395753185,0.6390020058482715,25,20,20
46,5357,0.22819513952878837,8.229980838217438e-07,0.13300716192320347,0.6387968755499243,25,20,20
46,5358,0.22819513952879156,8.229980881146783e-07,0.13300735919278694,0.6387966782803332,25,20,20
46,5359,0.21601986912332902,1.0276129471322131e-06,0.14212301208154252,0.6418560911821813,25,20,20
46,5360,0.213591195019888,1.4694780320262702e-05,0.14460684440647037,0.6417872657933215,25,20,20
46,5361,0.21359119501988794,1.4694780320263219e-05,0.14460226128505377,0.641791848914738,25,20,20
46,5362,0.21359119502006688,1.4694780564797846e-05,0.144604513196971,0.641789597002397,25,20,20
46,5363,0.22563230413072285,1.4490168993776028e-05,0.13562299698569819,0.638730208714585,25,20,20
46,5364,0.22563230413072366,1.449016899370076e-05,0.13562299806425251,0.6387302076360298,25,20,20
46,5365,0.22563230413072446,1.4490168993700759e-05,0.13562965162723428,0.6387235540730474,25,20,20
46,5366,0.2218509187775577,1.4494908804328146e-05,0.13941103185264303,0.6387235544609954,25,20,20
46,5367,0.2218509187775545,1.4494908800036536e-05,0.13941083528410578,0.63872375102954,25,20,20
46,5368,0.20294482721530835,0.0005392230348366462,0.15774829447867644,0.6387676552711788,25,20,20
46,5369,0.20685090715889762,0.0005392182950240821,0.15384221967024522,0.6387676548758334,25,20,20
46,5370,0.2068509071588944,0.0005392182950241575,0.15384062452549482,0.6387692500205868,25,20,20
46,5371,0.20685090715889434,0.0005392182950241561,0.15384058317501123,0.6387692913710703,25,20,20
46,5372,0.20685090715889434,0.0005392182950241562,0.15384055713130176,0.6387693174147795,25,20,20
46,5373,0.20684098148608168,0.0005392234608494106,0.15385047721390593,0.6387693178391628,25,20,20
46,5374,0.20684098148608168,0.0005392234608493354,0.15385696835116738,0.6387628267019013,25,20,20
46,5375,0.2056627815437308,0.0005392349860811646,0.1550320939917533,0.6387658894784345,25,20,20
46,5376,0.20566278154373166,0.0005392349860853082,0.15466123418327624,0.6391367492869066,25,20,20
46,5377,0.20566278154392495,0.0005392349860853083,0.19167587328223576,0.6021221101877522,25,20,20
46,5378,0.19980834323146976,0.0005394817120363981,0.1975300887587917,0.6021220862977009,25,20,20
46,5379,0.19980834382313584,0.0005394817122809922,0.19716141915567956,0.6024907553089023,25,20,20
46,5380,0.20669069028505266,0.0005258144777236628,0.1902938802204105,0.6024896150168118,25,20,20
46,5381,0.20669069027473985,0.0005258144777193999,0.19002675967102342,0.6027567355765158,25,20,20
46,5382,0.20669069027492137,0.0005258144779675088,0.19015617653753916,0.6026273187095702,25,20,20
46,5383,0.20669069027492137,0.0005258144779674348,0.19015606407025484,0.6026274311768548,25,20,20
46,5384,0.2071793491551058,0.0005258221377951191,0.18966737276421422,0.6026274559428834,25,20,20
46,5385,0.20717934915506056,0.0005258221373091278,0.18940101980910434,0.6028938088985245,25,20,20
46,5386,0.20717934915505978,0.0005258221373090526,0.18940098020927296,0.602893848498357,25,20,20
46,5387,0.20587490285474305,0.0005258214694239806,0.1907090435625972,0.6028902321132348,25,20,20
46,5388,0.18326855878901005,0.0007945226728783394,0.21304667318815806,0.6028902453499525,25,20,20
46,5389,0.18326855878905515,0.000794522672878414,0.21341979408840595,0.6025171244496597,25,20,20
46,5390,0.1663130950947888,0.0007948590543984341,0.2277472470093541,0.6051447988414567,25,20,20
46,5391,0.1663130950947888,0.000794859054398434,0.22774724899254345,0.6051447968582674,25,20,20
46,5392,0.16631309509478878,0.0007948590543985091,0.22775194861399886,0.605140097236812,25,20,20
46,5393,0.1663130950947888,0.0007948590543985819,0.22775202827269397,0.6051400175781165,25,20,20
46,5394,0.16631309509460732,0.0007948590541505477,0.227888830241778,0.605003215609462,25,20,20
46,5395,0.16631316158425882,0.0007948590840774003,0.2278889860455525,0.6050029932861086,25,20,20
46,5396,0.16631316158425802,0.0007948590840774002,0.22788898356560117,0.6050029957660609,25,20,20
46,5397,0.16631316158425793,0.0007948590840773241,0.22762265084612315,0.6052693284855392,25,20,20
46,5398,0.1945272029774551,0.0005259111545144774,0.19967757092169847,0.6052693149463303,25,20,20
46,5399,0.1945272029774551,0.0005259111545144775,0.19967759878384186,0.6052692870841869,25,20,20
46,5400,0.1945272029774551,0.0005259111545144762,0.19967751916705062,0.6052693667009782,25,20,20
46,5401,0.19612570949390806,0.0005259111468452761,0.19808567098338475,0.6052627083758597,25,20,20
46,5402,0.196125709493863,0.0005259111468452781,0.19771263455946403,0.6056357447998255,25,20,20
46,5403,0.19612570949386274,0.0005259111569297747,0.20876883890721187,0.5945795404419936,25,20,20
46,5404,0.19625857598991348,0.0005259059911035775,0.20863597800894548,0.5945795400100355,25,20,20
46,5405,0.19625857598991348,0.0005259059911035035,0.2086359432222677,0.5945795747967135,25,20,20
46,5406,0.19625857598998292,0.0005259059924454625,0.2115483218448564,0.591667196172714,25,20,20
46,5407,0.1962585759899837,0.0005259059924454638,0.2115482814330337,0.5916672365845358,25,20,20
46,5408,0.1962585759899837,0.0005259059924453886,0.21154820035379718,0.5916673176637725,25,20,20
46,5409,0.15670527531130551,0.0005974368089811599,0.2510299669533871,0.5916673209263243,25,20,20
46,5410,0.15670527531390013,0.0005974367989009528,0.2399762691834206,0.6027210187037769,25,20,20
46,5411,0.15113848965573143,0.0006647328102875471,0.24547014367967676,0.6027266338543015,25,20,20
46,5412,0.14476209277426627,0.0006647414070851819,0.2518464909839263,0.6027266748347198,25,20,20
46,5413,0.14476209277426633,0.0006647414070895068,0.2522194804105806,0.6023536854080611,25,20,20
46,5414,0.14476209277431187,0.0006647414073341017,0.2522243152197866,0.602348850598565,25,20,20
46,5415,0.14476666792094858,0.0006647414733766538,0.24981820222688217,0.6047503883787895,25,20,20
46,5416,0.14366256687922388,0.0006715754616931894,0.2508834395031277,0.6047824181559524,25,20,20
46,5417,0.14373117112438308,0.0006715728417274109,0.2508148377877764,0.6047824182461103,25,20,20
46,5418,0.14373117053267104,0.0006715728414828163,0.25081004966164916,0.6047872069641944,25,20,20
46,5419,0.15932091146473573,0.0006709348024432526,0.2352216191768112,0.6047865345560085,25,20,20
46,5420,0.1577515862916175,0.0006709348029648353,0.23679094427336253,0.6047865346320539,25,20,20
46,5421,0.15775158629161745,0.0006709348029648365,0.23679314083635655,0.6047843380690601,25,20,20
46,5422,0.15775158630195288,0.0006709348027245328,0.23679307207908196,0.6047844068162395,25,20,20
46,5423,0.15775158630195285,0.0006709348027244574,0.23679079232067168,0.60478668657465,25,20,20
46,5424,0.15775158630195285,0.0006709348027244574,0.2367907923206712,0.6047866865746505,25,20,20
46,5425,0.17353919720649627,0.0006705984321021319,0.2236311923257804,0.60215901203562,25,20,20
46,5426,0.17353919720649708,0.0006705984321022085,0.2236334715453641,0.6021567328160353,25,20,20
46,5427,0.17353919720631492,0.0006705984318575233,0.22363107672742089,0.6021591276344052,25,20,20
46,5428,0.17353919720631483,0.0006705984318531984,0.2232579748043146,0.6025322295575157,25,20,20
46,5429,0.17350949593911794,0.0006705984313274855,0.22328767621619078,0.6025322294133619,25,20,20
46,5430,0.17350949593652285,0.0006705984313189798,0.22328762852388706,0.6025322771082694,25,20,20
46,5431,0.17223291110966335,0.0007048064196816402,0.22453298092260404,0.6025293015480496,25,20,20
46,5432,0.17223291111185335,0.0007048064196851847,0.23077815394865847,0.5962841285198018,25,20,20
46,5433,0.18957524754870556,0.0006705872460996211,0.2134700461168796,0.5962841190883139,25,20,20
46,5434,0.18957524754888766,0.000670587246344216,0.21347488011078472,0.5962792850939821,25,20,20
46,5435,0.18957524753850674,0.0006705872463399988,0.2134702292551304,0.5962839359600216,25,20,20
46,5436,0.18929463256920032,0.0006705869232303116,0.21375084208212797,0.5962839384254403,25,20,20
46,5437,0.18929463256920032,0.0006705869232302389,0.21375080727044896,0.5962839732371193,25,20,20
46,5438,0.18970266431889854,0.0006705818834209466,0.21334280541636463,0.5962839483813144,25,20,20
46,5439,0.18970318611844791,0.0006705818834255208,0.21334228361680954,0.5962839483813152,25,20,20
46,5440,0.18970318611844791,0.0006705818834255208,0.2133423376357928,0.5962838943623321,25,20,20
46,5441,0.1897031861182658,0.0006705818831809999,0.21333761749433688,0.5962886145042147,25,20,20
46,5442,0.18970318611826578,0.0006705818831809258,0.2133354189382948,0.5962908130602567,25,20,20
46,5443,0.18970318611826503,0.0006705818831809246,0.21333783902222336,0.5962883929763289,25,20,20
46,5444,0.18970318611826495,0.0006705818831809232,0.21333783823687213,0.5962883937616802,25,20,20
46,5445,0.18970318611844633,0.000670581883180997,0.2133394665079532,0.5962867654904179,25,20,20
46,5446,0.1897031861182642,0.0006705818831809231,0.21334660685813783,0.5962796251404154,25,20,20
46,5447,0.18970318611611944,0.0006705818831858281,0.20736307131727355,0.6022631606834196,25,20,20
46,5448,0.18970318611611944,0.0006705818831858306,0.20736310330977087,0.6022631286909224,25,20,20
46,5449,0.1895783557805436,0.0006705818863363862,0.207487933619872,0.6022631287132465,25,20,20
46,5450,0.1895783557805436,0.0006705818863363848,0.20749445730771363,0.6022566050254049,25,20,20
46,5451,0.18957835578054286,0.00067058188633646,0.20748784394722758,0.6022632183858916,25,20,20
46,5452,0.18957835578054286,0.0006705818863363848,0.20748776147906256,0.6022633008540567,25,20,20
46,5453,0.18957835578054286,0.00067058188633646,0.20748784402369366,0.6022632183094254,25,20,20
46,5454,0.1895783557805428,0.00067058188633646,0.2074831821212139,0.6022678802119054,25,20,20
46,5455,0.189578355780546,0.0006705818863365328,0.207483189381663,0.6022678729514529,25,20,20
46,5456,0.19079550833755976,0.0006705818633299418,0.20626603993394724,0.6022678698651618,25,20,20
46,5457,0.19079550833755976,0.0006705818633300157,0.2062595510224876,0.6022743587766213,25,20,20
46,5458,0.1972729591598122,0.0005990531002097647,0.19984313535860765,0.6022848523813689,25,20,20
46,5459,0.1972729591598122,0.0005990531002097649,0.19984313585775554,0.6022848518822208,25,20,20
46,5460,0.1972729591598122,0.000599053100209766,0.19984313678065116,0.6022848509593253,25,20,20
46,5461,0.19727295915981938,0.0005990531002099176,0.19993547292541425,0.6021925148145548,25,20,20
46,5462,0.19727295915977738,0.000599053100201542,0.19967082214338092,0.6024571655966385,25,20,20
46,5463,0.19727295915977738,0.0005990531001973257,0.19967730593119068,0.6024506818088332,25,20,20
46,5464,0.1972729591597702,0.0005990531001972495,0.19958508576412967,0.6025429019759013,25,20,20
46,5465,0.1972729591597702,0.0005990531001971742,0.19958809998320542,0.6025398877568258,25,20,20
46,5466,0.1972729591597702,0.0005990531001971002,0.19958806048366246,0.6025399272563687,25,20,20
46,5467,0.19735511431665656,0.0005990543039392443,0.16946920513499836,0.6325766262444046,25,20,20
46,5468,0.1973552547653604,0.0005992429736340689,0.16953523399589338,0.6325102682651113,25,20,20
46,5469,0.1973552547653604,0.0005992429736339949,0.16952874366164875,0.6325167585993561,25,20,20
46,5470,0.1972664059812474,0.0005992416736519823,0.16205830338850283,0.6400760489565969,25,20,20
46,5471,0.1972664059812506,0.0005992416736519823,0.1620629669541438,0.6400713853909527,25,20,20
46,5472,0.1972664059812506,0.0005992416736519824,0.1620629655300964,0.6400713868149999,25,20,20
46,5473,0.19726640598129605,0.0005992416736562736,0.16206301170079865,0.6400713406442478,25,20,20
46,5474,0.1972664059812961,0.0005992416736562736,0.16206304454427106,0.6400713078007754,25,20,20
46,5475,0.1972664059894831,0.0005992416736563886,0.17105456491964913,0.6310797874172106,25,20,20
46,5476,0.19726640598948308,0.0005992416736563873,0.1710458367102061,0.6310885156266534,25,20,20
46,5477,0.19805924467722702,0.0005992413429707439,0.1702584080447837,0.6310831059350176,25,20,20
46,5478,0.19805924467722702,0.0005992413429707411,0.17025832754482526,0.631083186434976,25,20,20
46,5479,0.19151614517321783,0.0005992392866903111,0.1768119263206118,0.6310726892194792,25,20,20
46,5480,0.19110411272238637,0.0005992444815433877,0.17722390611964517,0.6310727366764248,25,20,20
46,5481,0.19269768470869456,0.000599290721312474,0.17561772177509208,0.6310853027949009,25,20,20
46,5482,0.19269768456076083,0.0005992907213081826,0.1756168823275377,0.6310861423903933,25,20,20
46,5483,0.19269768456076167,0.0005992907213123996,0.1756233729984142,0.6310796517195116,25,20,20
46,5484,0.19269768456075848,0.0005992907213123257,0.17561878390808988,0.6310842408098393,25,20,20
46,5485,0.19269768456289948,0.0005992907213122105,0.16683577300577557,0.6398672517100121,25,20,20
46,5486,0.19271436195156352,0.0005993196579729829,0.16681906188140072,0.6398672565090624,25,20,20
46,5487,0.19271436195156352,0.0005993196579729816,0.16681894602450037,0.6398673723659628,25,20,20
46,5488,0.19271436195156358,0.0005993196579729077,0.16681891171467922,0.639867406675784,25,20,20
46,5489,0.1999102624146787,0.000592477074496216,0.1596605273678368,0.639836733142988,25,20,20
46,5490,0.19991026241472384,0.0005924770744962906,0.16003452755423006,0.6394627329565497,25,20,20
46,5491,0.20032304551963698,0.0005924718811766413,0.15962177292328059,0.6394627096759055,25,20,20
46,5492,0.20032304551963698,0.0005924718811766399,0.1596217695628322,0.6394627130363538,25,20,20
46,5493,0.19979537578618087,0.0005924722397363461,0.16014398049430473,0.6394681714797779,25,20,20
46,5494,0.19979537578618092,0.0005924722397362722,0.16014394614918653,0.6394682058248959,25,20,20
46,5495,0.20031460640645563,0.0005924718811746378,0.15963017433090662,0.6394627473814626,25,20,20
46,5496,0.18829162887973147,0.000592472148110086,0.171653081426767,0.6394628175453915,25,20,20
46,5497,0.18829162887973147,0.0005924721481100873,0.1716530847872153,0.6394628141849431,25,20,20
46,5498,0.18829162887973144,0.000592472148110012,0.17165296965797291,0.6394629293141855,25,20,20
46,5499,0.18829162887973144,0.0005924721481100107,0.17165970226362842,0.6394561967085298,25,20,20
46,5500,0.16129211929792164,0.0005924718899361177,0.19865928222507478,0.6394561265870675,25,20,20
46,5501,0.16129211930049286,0.0005924719037492809,0.19903334938632436,0.6390820594094339,25,20,20
46,5502,0.16129211930049284,0.0005924719037492796,0.19903327041741645,0.6390821383783417,25,20,20
46,5503,0.16141725713609084,0.0005924718990088537,0.1989081567855842,0.6390821141793162,25,20,20
46,5504,0.1614172571361364,0.0005924718990132198,0.19891479704447765,0.6390754739203729,25,20,20
46,5505,0.1216038928510423,0.0005924780714461165,0.23868007677636904,0.6391235523011427,25,20,20
46,5506,0.12167028381554915,0.02061338682507157,0.21859279251453953,0.6391235368448398,25,20,20
46,5507,0.12167028381554916,0.02061338682507157,0.21859290701333645,0.6391234223460426,25,20,20
46,5508,0.11355389665795755,0.02061357032052894,0.22670920532476568,0.6391233276967474,25,20,20
46,5509,0.11355389665813867,0.02061357033433502,0.22709698827289315,0.6387355447346327,25,20,20
46,5510,0.11348738753656101,0.02131012289947452,0.22646693578934107,0.6387355537746229,25,20,20
46,5511,0.11348738753656107,0.021310122899478815,0.22647353969935505,0.6387289498646047,25,20,20
46,5512,0.12226850601740229,0.021309944460219468,0.21769259975517372,0.6387289497672041,25,20,20
46,5513,0.12226850601739915,0.021309944460219468,0.2176956780552687,0.6387258714671122,25,20,20
46,5514,0.1222685060173536,0.02130994446021518,0.21769373819510449,0.6387278113273264,25,20,20
46,5515,0.12226850601735365,0.02130994446021518,0.2177003451971182,0.6387212043253127,25,20,20
46,5516,0.12226850601478244,0.02130994446021518,0.21770034492090787,0.6387212046040941,25,20,20
46,5517,0.12226850601478244,0.02130994446021518,0.21769382037560817,0.6387277291493939,25,20,20
46,5518,0.12226850601482787,0.021309944446410597,0.21732434553836769,0.6390972040003935,25,20,20
46,5519,0.11803053227379945,0.021309943985347267,0.2215623201722963,0.6390972035685566,25,20,20
46,5520,0.11803053227379952,0.021309943985347194,0.22155770084137136,0.6391018228994816,25,20,20
46,5521,0.11803053242080887,0.021309943985590274,0.22180559226883645,0.6388539313247642,25,20,20
46,5522,0.13022961855150603,0.020718096159705653,0.21024788741112566,0.6388043978776614,25,20,20
46,5523,0.13427823137174857,0.0207180965970233,0.20619927413157269,0.6388043978996542,25,20,20
46,5524,0.13417112675470996,0.020718302790184065,0.20629653170958992,0.6388140387455148,25,20,20
46,5525,0.13417207537061063,0.02071936534864922,0.20600576147175748,0.6391027978089813,25,20,20
46,5526,0.13417207551712992,0.02071936534889149,0.20600532038200822,0.6391032387519693,25,20,20
46,5527,0.13417207551712984,0.02071936534889156,0.20600532093373192,0.6391032382002456,25,20,20
46,5528,0.09503420899351393,0.02071960764837403,0.24514434202710997,0.6391018413310011,25,20,20
46,5529,0.09503420899346843,0.020719607648369665,0.24513971046587318,0.6391064728922878,25,20,20
46,5530,0.08810380263199359,0.020719248199030375,0.2520704708820363,0.6391064782869386,25,20,20
46,5531,0.08810380263199365,0.02071924819903038,0.2520704716647731,0.6391064775042018,25,20,20
46,5532,0.08810380263342564,0.02071924820286005,0.29197398393504864,0.5992029652286647,25,20,20
46,5533,0.08810380248686135,0.020719248202622036,0.29197353998145836,0.5992034093290571,25,20,20
46,5534,0.0881038024868613,0.02071924820262196,0.2919688395068233,0.5992081098036923,25,20,20
46,5535,0.09263995937235492,0.020719042998448355,0.2874328881267064,0.5992081095024893,25,20,20
46,5536,0.09263995937235409,0.02071904299844836,0.2874264788382681,0.5992145187909285,25,20,20
46,5537,0.09263995937235395,0.020719042998439775,0.28755181234412297,0.5990891852850823,25,20,20
46,5538,0.09263995937253613,0.020719042998439775,0.28755340690562164,0.5990875907234012,25,20,20
46,5539,0.09263995937253613,0.020719042998439782,0.28755332644653864,0.5990876711824843,25,20,20
46,5540,0.08736366602237786,0.020720271838590477,0.29281667692366703,0.5990993852153634,25,20,20
46,5541,0.08736366602237783,0.02072027183858619,0.29281648026471174,0.599099581874323,25,20,20
46,5542,0.08658520721751663,0.020720226028054952,0.2936075509679388,0.599087015786489,25,20,20
46,5543,0.08658520722011186,0.02072022602830384,0.29361239020127183,0.5990821765503118,25,20,20
46,5544,0.08658520721751665,0.020720226028054952,0.2936076688442088,0.599086897910219,25,20,20
46,5545,0.08658520721751983,0.020720226028055032,0.29369996271200266,0.5989946040424219,25,20,20
46,5546,0.08658520721751665,0.02072022602805496,0.2936076702316351,0.5990868965227927,25,20,20
46,5547,0.08944913709571384,0.020719017283277946,0.29043471499272566,0.5993971306282823,25,20,20
46,5548,0.08944913709589426,0.020719017283524533,0.29080772130278576,0.5990241243177948,25,20,20
46,5549,0.08944913709571206,0.02071901728352461,0.29080609332338286,0.59902575229738,25,20,20
46,5550,0.08944913709553168,0.020719017283278015,0.2904330530263388,0.5993987925948512,25,20,20
46,5551,0.08944913709553161,0.020719017283273765,0.29006005315962574,0.5997717924615684,25,20,20
46,5552,0.08944913708520358,0.02071901728327384,0.29022456577331623,0.599607279858206,25,20,20
46,5553,0.0894491370852036,0.020719017283273918,0.2902246794374902,0.599607166194032,25,20,20
46,5554,0.08944913708520671,0.02071901728351633,0.2905977196162127,0.5992341260150639,25,20,20
46,5555,0.08944913708516138,0.020719017283520595,0.2907340128940653,0.5990978327372525,25,20,20
46,5556,0.08944913708516135,0.02071901728352059,0.2907340129059228,0.5990978327253952,25,20,20
46,5557,0.08944917080633953,0.020719017297700253,0.2907398422029162,0.5990919696930439,25,20,20
46,5558,0.08944823828466582,0.02071898930476552,0.2907408052273619,0.5990919671832063,25,20,20
46,5559,0.08944820456348763,0.020718989290581642,0.2907284853225233,0.599104320823407,25,20,20
46,5560,0.09225981499330378,0.02071891775091737,0.2882634264704818,0.5987578407852963,25,20,20
46,5561,0.09225981506522056,0.020718917750976566,0.32342363665121626,0.5635976305325875,25,20,20
46,5562,0.09225981506522056,0.020718917750976566,0.3234236038198678,0.563597663363936,25,20,20
46,5563,0.09225981506503941,0.02071891773717049,0.32302916730929204,0.5639920998884992,25,20,20
46,5564,0.09225513537976271,0.020718964739196714,0.3230336880090887,0.5639922118719524,25,20,20
46,5565,0.1317743469519702,0.020718963797092003,0.28351443170432633,0.563992257546611,25,20,20
46,5566,0.10505551435893137,0.02071897630776362,0.31023324061430013,0.5639922687190044,25,20,20
46,5567,0.10505551435893855,0.020718976307772106,0.3103255106283762,0.5638999987049127,25,20,20
46,5568,0.10505551435911752,0.020718976307774382,0.30995412715494186,0.5642713821781659,25,20,20
46,5569,0.10505551435911752,0.02071897630777431,0.3095811044019472,0.5646444049311607,25,20,20
46,5570,0.10142848018603223,0.02075454429593537,0.31300281734238694,0.5648141581756446,25,20,20
46,5571,0.10142848018603103,0.02075454430954105,0.31326852771110963,0.5645484477933175,25,20,20
46,5572,0.10142848018603103,0.02075454430954105,0.3132685276743972,0.56454844783003,25,20,20
46,5573,0.10142848018603107,0.020754544309540976,0.3132684142846375,0.5645485612197897,25,20,20
46,5574,0.10142848018603422,0.020754544309780774,0.3130948434482427,0.5647221320559415,25,20,20
46,5575,0.10142848018603427,0.020754544309780843,0.31309484595224857,0.5647221295519353,25,20,20
46,5576,0.10142848018621319,0.02075454430954108,0.3130067893521095,0.5648101861521353,25,20,20
46,5577,0.12238827383817096,0.020718939625345184,0.2922523527272884,0.564640433809195,25,20,20
46,5578,0.12238853695547737,0.02071893962532006,0.2969958169855788,0.559896706433623,25,20,20
46,5579,0.11244240014412842,0.020718927868855253,0.30694182949348997,0.5598968424935259,25,20,20
46,5580,0.07833555859370407,0.020718922830861138,0.3410484801720308,0.5598970384034044,25,20,20
46,5581,0.07705804902050968,0.020718922075535863,0.3423261817636753,0.5598968471402797,25,20,20
46,5582,0.07705804902069176,0.02071892207553594,0.3423284122321853,0.5598946166715875,25,20,20
46,5583,0.0770580490206917,0.020718922075535863,0.3423284924600626,0.5598945364437102,25,20,20
46,5584,0.0770580490207339,0.020718922075779616,0.34245864813382987,0.5597643807696572,25,20,20
46,5585,0.07419206050437861,0.020718902043125667,0.3456466076042695,0.5594424298482265,25,20,20
46,5586,0.05174739569582327,0.02071890164252786,0.36808336916459766,0.5594503334970521,25,20,20
46,5587,0.05174739569582314,0.020718901642527113,0.36820478556314656,0.5593289170985042,25,20,20
46,5588,0.051747395695641005,0.02071890164252282,0.36820019416817473,0.5593335084936626,25,20,20
46,5589,0.05673547423091858,0.020718901519349266,0.36321194696346387,0.5593336772862691,25,20,20
46,5590,0.051749406567460514,0.020718948292533956,0.3681981363581139,0.5593335087818926,25,20,20
46,5591,0.05174940656746051,0.020718948292534102,0.36846430550546466,0.5590673396345416,25,20,20
46,5592,0.05174940642044876,0.02071894829229524,0.3682161536756059,0.559315491611651,25,20,20
46,5593,0.05096808084251955,0.02071890172020132,0.36899762986182644,0.5593153875754528,25,20,20
46,5594,0.05096805886570979,1.2762667456814659e-06,0.3897152866522508,0.559315378215294,25,20,20
46,5595,0.050967800829806044,1.4546775910124348e-06,0.3897637769976036,0.5592669674949997,25,20,20
46,5596,0.05096780082980765,1.4546775953773442e-06,0.3897703022176758,0.5592604422749213,25,20,20
46,5597,0.05096985051858808,1.4301566377441017e-06,0.38976827704860945,0.5592604422761649,25,20,20
46,5598,0.05096985051858807,1.4301566376674893e-06,0.38976824387813586,0.5592604754466387,25,20,20
46,5599,0.05096985051854282,1.4301563946561707e-06,0.38952315485060524,0.5595055644744578,25,20,20
46,5600,0.05096985051854433,1.4301566327071816e-06,0.38988967055141216,0.5591390487734111,25,20,20
46,5601,0.050969850518363405,1.4301427823395283e-06,0.38962233543476144,0.5594063839040934,25,20,20
46,5602,0.05096985066626892,1.4301430227114127e-06,0.3895389934556974,0.5594897257350117,25,20,20
46,5603,0.05096985066626892,1.4301430227853243e-06,0.3895392553798619,0.5594894638108472,25,20,20
46,5604,0.050969850666268926,1.430143022859296e-06,0.3895392568424625,0.5594894623482465,25,20,20
46,5605,0.05096985220412778,0.00038249425235672556,0.38925455112798574,0.55939310241553,25,20,20
46,5606,0.050969852204127836,0.0003824942523567243,0.3892545462085147,0.559393107335001,25,20,20
46,5607,0.0509699101082425,0.00040162474598291254,0.389190947110397,0.5594375180353778,25,20,20
46,5608,0.08312763616751813,0.0004016290251426811,0.3570332161094757,0.5594375186978632,25,20,20
46,5609,0.08722507221877229,0.0004083617681231868,0.35289673536280636,0.5594698306502978,25,20,20
46,5610,0.11363217719587804,0.0004083617676137758,0.3264896342976105,0.5594698267388977,25,20,20
46,5611,0.11332267733753167,0.000408365884225775,0.32679911009239965,0.5594698466858428,25,20,20
46,5612,0.10922349358327219,0.00040227896165034405,0.3309366961695321,0.559437531285545,25,20,20
46,5613,0.10922349358327224,0.00040227896165463385,0.3309413982992177,0.5594328291558545,25,20,20
46,5614,0.10735698975616031,0.00040107554008745813,0.33280910491752286,0.5594328297862297,25,20,20
46,5615,0.10735698975616109,0.00040107554008745943,0.33280910691965915,0.5594328277840926,25,20,20
46,5616,0.10735698975597897,0.00040107554008730895,0.3328068311869605,0.5594351035169737,25,20,20
46,5617,0.14046188892588593,0.0004010755398064554,0.29970193435369485,0.5594351011806123,25,20,20
46,5618,0.14046188892588518,0.0004010755398063818,0.2996988527753345,0.5594381827589735,25,20,20
46,5619,0.14046188892588513,0.00040107553980638045,0.29970535024708506,0.5594316852872229,25,20,20
46,5620,0.14052878275490052,0.0004010755567424468,0.29964622852109085,0.5594239131672649,25,20,20
46,5621,0.1405287812425734,0.0004006101981872946,0.2996467052022656,0.5594239033569726,25,20,20
46,5622,0.15204345128897098,0.00040061020448664005,0.28813203514064945,0.5594239033658921,25,20,20
46,5623,0.15204515582651226,0.0005077391467270309,0.2856978520143095,0.5617492530124502,25,20,20
46,5624,0.15204515582651226,0.0005077391467271049,0.28570437798381504,0.5617427270429446,25,20,20
46,5625,0.15204509285009746,0.000488430242288489,0.28571974175162634,0.5617467351559876,25,20,20
46,5626,0.1520450928500974,0.0004884302422842005,0.28572164234895436,0.5617448345586638,25,20,20
46,5627,0.15357690064484225,0.0004884293831102352,0.28348822985660355,0.5624464401154438,25,20,20
46,5628,0.15357690064484225,0.0004884293831102339,0.2834882652279677,0.5624464047440797,25,20,20
46,5629,0.18403222138561062,0.0004884295321042951,0.25303313986662695,0.5624462092156581,25,20,20
46,5630,0.18403222123769797,0.0004884295318596499,0.25302432602256025,0.5624550232078824,25,20,20
46,5631,0.18403248455318152,0.0005085932822828323,0.25309996600549,0.5623589561590463,25,20,20
46,5632,0.18403248455318152,0.000508593282282831,0.25310007314627936,0.5623588490182568,25,20,20
46,5633,0.18403248455318436,0.0005085939844795802,0.257493527239066,0.5579653942232706,25,20,20
46,5634,0.18247155984346325,0.0005085939842224191,0.25975560631692446,0.5572642398553899,25,20,20
46,5635,0.14656242267102682,0.0005085948999756066,0.29566461626433344,0.5572643661646647,25,20,20
46,5636,0.1465624226736222,0.00050859490022451,0.2956598715315665,0.5572691108945872,25,20,20
46,5637,0.14656559453289478,0.000508594882977028,0.2956568321744105,0.5572689784097178,25,20,20
46,5638,0.1826876929807185,0.0005085948733444776,0.2595347337365165,0.5572689784094206,25,20,20
46,5639,0.18268769298072088,0.0005085948733444763,0.25953931936210384,0.557264392783831,25,20,20
46,5640,0.18268769298072088,0.0005085948733445515,0.259539319948965,0.5572643921969699,25,20,20
46,5641,0.18268769298072088,0.0005085948733445528,0.2595328310553825,0.5572708810905523,25,20,20
46,5642,0.1826876929807209,0.0005085948731064281,0.2591644132234823,0.5576392989226906,25,20,20
46,5643,0.18268769298089985,0.0005085948731063542,0.25916604896179435,0.5576376631841998,25,20,20
46,5644,0.18268769298089982,0.0005085948731106458,0.2591661365927694,0.5576375755532201,25,20,20
46,5645,0.18268769298089985,0.0005085948731106471,0.2591595695443276,0.5576441426016621,25,20,20
46,5646,0.18268769298089985,0.0005085948731106471,0.25915956754257036,0.5576441446034194,25,20,20
46,5647,0.18268769297830445,0.0005085948728617424,0.2591577885915302,0.5576459235573039,25,20,20
46,5648,0.18268769297830445,0.0005085948728574509,0.2591562461982668,0.557647465950572,25,20,20
46,5649,0.1826876929781679,0.0005085948728575276,0.2591501384974875,0.5576535736514877,25,20,20
46,5650,0.18268769297812235,0.0005085948728575249,0.2591546087967937,0.5576491033522273,25,20,20
46,5651,0.1760412857719873,0.000508590758900558,0.265801020021484,0.5576491034476279,25,20,20
46,5652,0.1760410272936724,0.0005079244304902618,0.2658018193417789,0.5576492289340578,25,20,20
46,5653,0.1760410272936725,0.0005079244304903359,0.265801879970454,0.5576491683053826,25,20,20
46,5654,0.1760410272936725,0.0005079244304860441,0.26580168528520043,0.5576493629906404,25,20,20
46,5655,0.17604102729367324,0.0005079244307305652,0.26580181891987703,0.5576492293557187,25,20,20
46,5656,0.17988121669189575,0.0005079243574858976,0.2619616299835682,0.5576492289670498,25,20,20
46,5657,0.20137232853585027,0.0005085474042650514,0.24046738471800758,0.557651739341877,25,20,20
46,5658,0.20112769339647293,0.0005085473168032632,0.24071201995972902,0.5576517393269945,25,20,20
46,5659,0.17883120624971238,0.0007625600025888075,0.2627544628887206,0.5576517708589788,25,20,20
46,5660,0.17883120624971313,0.0007625600025959745,0.2690039679274532,0.5514022658202381,25,20,20
46,5661,0.18477371022515698,0.0007625600026010244,0.26306146395198177,0.5514022658202603,25,20,20
46,5662,0.1847737102253359,0.0007625600932036801,0.25850161135145183,0.5559621183300086,25,20,20
46,5663,0.1847737102253359,0.0007625600931994638,0.25850152996885883,0.5559621997126057,25,20,20
46,5664,0.22434567534519081,0.0007424064153004294,0.2189497182036268,0.5559622000358818,25,20,20
46,5665,0.2135210551264189,0.0004984232024261207,0.23001835361373663,0.5559621680574186,25,20,20
46,5666,0.21352105512642208,0.0004984232026706303,0.23002494279395877,0.5559555788769488,25,20,20
46,5667,0.21352105512646763,0.0004984232026707068,0.23002506020504973,0.5559554614658123,25,20,20
46,5668,0.21352105512646444,0.000498423202666491,0.23002039622558207,0.5559601254452874,25,20,20
46,5669,0.21352105512646444,0.000498423202666565,0.2300203982284961,0.5559601234423733,25,20,20
46,5670,0.21352105512664615,0.0004984232026707701,0.23011266009147766,0.555867861579206,25,20,20
46,5671,0.18525652628780295,0.0005556904590804278,0.2583198562051023,0.5558679270480148,25,20,20
46,5672,0.18257922734394402,0.0005556895622983916,0.26099727788543503,0.5558678052083215,25,20,20
46,5673,0.1825792273439448,0.0005556895622983903,0.2609996321910415,0.5558654509027143,25,20,20
46,5674,0.18257922793570255,0.0005556895623026818,0.2609948042587829,0.5558702782432109,25,20,20
46,5675,0.18239154984923314,0.0005556895622742504,0.26118248234528424,0.5558702782432079,25,20,20
46,5676,0.18239154984922995,0.0005556895620296656,0.2611758597696714,0.5558769008190685,25,20,20
46,5677,0.18239154984922995,0.0005556895620296643,0.2611758608446355,0.5558768997441046,25,20,20
46,5678,0.18239154984922915,0.0005556895617851433,0.2611711412101216,0.5558816193788638,25,20,20
46,5679,0.18239154984904743,0.0005556895617808629,0.261078840693153,0.5559739198960184,25,20,20
46,5680,0.1765470659004692,0.0005556794945890483,0.2669233150872177,0.555973939517724,25,20,20
46,5681,0.17654934163798827,0.0005556601294279926,0.2669211667535323,0.5559738314790499,25,20,20
46,5682,0.13723300018021178,0.000556037091543912,0.3062023878276872,0.5560085749005558,25,20,20
46,5683,0.13722566951626924,0.0005560371075855727,0.3062097184373482,0.5560085749387962,25,20,20
46,5684,0.1372256695162237,0.0005560371075855726,0.3062161672184231,0.556002126157767,25,20,20
46,5685,0.13716371625818194,0.0005575015294359616,0.3062766560928331,0.5560021261195484,25,20,20
46,5686,0.13716371566642502,0.0005575015294358886,0.30627962500812234,0.5559991577960162,25,20,20
46,5687,0.1373578134653298,0.0005575015294358634,0.30608552720935034,0.5559991577958836,25,20,20
46,5688,0.1069319965244106,0.0005575022491209015,0.33651133997283034,0.5559991612536368,25,20,20
46,5689,0.09246674695016792,0.0005638761712165454,0.35093986567534224,0.5560295112032718,25,20,20
46,5690,0.08769071723202314,0.0005066089272883685,0.3557732481485478,0.5560294256921392,25,20,20
46,5691,0.08769071723202314,0.0005066089272883672,0.35577320761845593,0.5560294662222312,25,20,20
46,5692,0.08769071723202307,0.0005066089272882167,0.3557732944953994,0.556029379345288,25,20,20
46,5693,0.11793611774131688,0.0005068689498849249,0.32552763665718054,0.5560293766516163,25,20,20
46,5694,0.11793611774131685,0.0005068689498848495,0.32552751971125526,0.5560294935975421,25,20,20
46,5695,0.11793611774131765,0.0005068689498849261,0.3255274742687546,0.5560295390400417,25,20,20
46,5696,0.11700780083003917,0.0005068974753865174,0.32645576476584703,0.5560295369287257,25,20,20
46,5697,0.11700780083003917,0.0005068974753865189,0.32645579673391223,0.5560295049606607,25,20,20
46,5698,0.11700780083003924,0.0005068974753908099,0.3264604983127996,0.5560248033817689,25,20,20
46,5699,0.11700780083003924,0.0005068974753908853,0.32646052733621045,0.5560247743583581,25,20,20
46,5700,0.11700780083003921,0.0005068974753909605,0.3264649985974919,0.5560203030970765,25,20,20
46,5701,0.11700554406830857,0.0005069420376758945,0.3264671045503814,0.5560204093436328,25,20,20
46,5702,0.10932924172577017,0.0005066850122746028,0.3341436469402286,0.5560204263217252,25,20,20
46,5703,0.10932924172577337,0.0005066850122746028,0.33414364744135233,0.5560204258205983,25,20,20
46,5704,0.10932924172559169,0.000506684219475125,0.33404379610791557,0.5561202779470164,25,20,20
46,5705,0.10906474060330938,0.0005066844876342635,0.33430824895448175,0.5561203259545735,25,20,20
46,5706,0.10906474060331017,0.0005066844878788457,0.3343149519893375,0.5561136229194724,25,20,20
46,5707,0.10906474060331016,0.0005066844878787705,0.334314870908076,0.5561137040007341,25,20,20
46,5708,0.10906474060331017,0.0005066844878830613,0.33432143685629007,0.5561071380525155,25,20,20
46,5709,0.10912313595777974,0.0005080334419806213,0.3342618147042439,0.5561070158959944,25,20,20
46,5710,0.14893587493683716,0.0005066323905500837,0.29445047883196646,0.5561070138406454,25,20,20
46,5711,0.1666736665383088,0.0005060093438797827,0.276716279891686,0.5561040442261249,25,20,20
46,5712,0.16667366653830876,0.0005060093438755682,0.2767116923261679,0.5561086317916473,25,20,20
46,5713,0.1666736665383088,0.0005060093438797856,0.2767093573074871,0.5561109668103239,25,20,20
46,5714,0.1663684740287174,0.000505634439476549,0.27701775915738364,0.5561081323744214,25,20,20
46,5715,0.17429110566512718,0.000505630716840171,0.26909514897985554,0.5561081146381762,25,20,20
46,5716,0.17429110566512718,0.0005056307168358826,0.26909514949865226,0.5561081141193838,25,20,20
46,5717,0.17429526895694378,0.000505630718396428,0.2690909862052752,0.5561081141193838,25,20,20
46,5718,0.17429526895694625,0.0005056307183893365,0.26284152068314315,0.5623575796415203,25,20,20
46,5719,0.14017233784916183,0.0005056318788030309,0.29696448836498995,0.5623575419070446,25,20,20
46,5720,0.14017233784916103,0.0005056318785585227,0.2969578998857927,0.5623641303864872,25,20,20
46,5721,0.14017233784934502,0.0005056318785584499,0.2972484976701604,0.5620735326019356,25,20,20
46,5722,0.14017233784934505,0.0005056318785626996,0.2976149968019919,0.5617070334700999,25,20,20
46,5723,0.14017124783738255,0.0005041679515098197,0.2976175507402934,0.5617070334708141,25,20,20
46,5724,0.1401712478373794,0.0005041679515097457,0.297617496210542,0.5617070880005686,25,20,20
46,5725,0.14344442616105255,0.0005041730620748837,0.2943442884175656,0.5617071123593067,25,20,20
46,5726,0.1434444261610557,0.0005041730620791753,0.29434431619663,0.5617070845802349,25,20,20
46,5727,0.14344442616123787,0.0005041730620791766,0.29434595610782593,0.5617054446688566,25,20,20
46,5728,0.14344442616127806,0.0005041730744024524,0.29900472296476993,0.5570466777995491,25,20,20
46,5729,0.14344442616127726,0.0005041730744024536,0.2990023306691283,0.5570490700951914,25,20,20
46,5730,0.14344442616128045,0.0005041730744068185,0.29900882275789514,0.5570425780064169,25,20,20
46,5731,0.14356117186989398,0.0005041731621397507,0.29889207696141545,0.5570425780065502,25,20,20
46,5732,0.14356117186989398,0.0005041731621397507,0.2988921560636518,0.5570424989043139,25,20,20
46,5733,0.14356117186989317,0.0005041731621396741,0.29889212563341866,0.557042529334548,25,20,20
46,5734,0.1834872040893116,0.0005041731470036425,0.2589660934291562,0.5570425293345282,25,20,20
46,5735,0.18348720408930927,0.0005041731470035671,0.2589660934382584,0.5570425293254285,25,20,20
46,5736,0.18348720408930977,0.0005041731470063599,0.27293592801918026,0.5430726947445033,25,20,20
46,5737,0.18348734534112185,0.0004956436702581187,0.27294431650189804,0.5430726944867218,25,20,20
46,5738,0.18348734542402131,0.025004683828265404,0.24843526519193376,0.5430727055557795,25,20,20
46,5739,0.18348777954378964,0.025004683493840996,0.24846650193905362,0.5430410350233152,25,20,20
46,5740,0.1850549040329683,0.025004681782951912,0.2468994008022007,0.5430410133818786,25,20,20
46,5741,0.1850549040355629,0.025004681782956277,0.24690680097383486,0.5430336132076454,25,20,20
46,5742,0.18506273691627637,0.025004681693661827,0.24689896818254958,0.543033613207512,25,20,20
46,5743,0.18506273691386388,0.025004681693657535,0.24688507265148701,0.5430475087409914,25,20,20
46,5744,0.18506273691368175,0.025004681693661716,0.24725650760746448,0.5426760737851919,25,20,20
46,5745,0.18506273691368494,0.02500468169366179,0.24725662684293448,0.5426759545497185,25,20,20
46,5746,0.1842777004812652,0.025004727090200324,0.2480355570517645,0.5426820153767696,25,20,20
46,5747,0.18503976668515837,0.02500472709008875,0.2472734908485056,0.5426820153762468,25,20,20
46,5748,0.18503977379629932,0.02500472709029087,0.2535405628612162,0.5364149362521933,25,20,20
46,5749,0.185039773796297,0.025004727090290942,0.2535427323402304,0.5364127667731815,25,20,20
46,5750,0.1850397733332586,0.03965405837747724,0.23889341258044575,0.5364127557088182,25,20,20
46,5751,0.1850332830891713,0.03965405837909979,0.23889990280771703,0.5364127557240118,25,20,20
46,5752,0.18503328308917044,0.039654058379099646,0.23889769317321502,0.5364149653585149,25,20,20
46,5753,0.18502676291971706,0.03965405838066476,0.2389042133411057,0.5364149653585123,25,20,20
46,5754,0.18502676291971706,0.03965405838066484,0.2389042153194305,0.5364149633801873,25,20,20
46,5755,0.18502676291971387,0.039654058380660474,0.238904301548138,0.5364148771514873,25,20,20
46,5756,0.179473661014078,0.03965405739001169,0.2444574147168616,0.5364148668790484,25,20,20
46,5757,0.17947366101405937,0.04046381385699261,0.2436476582497868,0.536414866879161,25,20,20
46,5758,0.17947366101405618,0.04046381385699675,0.24365414217298326,0.5364083829559635,25,20,20
46,5759,0.17947366102042164,0.02071719088934176,0.26340076513701643,0.5364083829532192,25,20,20
46,5760,0.14046247959151717,0.020717190898394806,0.3024119441795185,0.5364083853305684,25,20,20
46,5761,0.14046247959151714,0.020717190898390515,0.3024054521644321,0.5364148773456592,25,20,20
46,5762,0.14046119905387605,0.020229503153294654,0.304600911159713,0.5347083866331154,25,20,20
46,5763,0.12124763193834211,0.020223129593159143,0.3056870936450107,0.5528421448234873,25,20,20
46,5764,0.12132017720950992,0.02022312959315867,0.30561454837384566,0.5528421448234849,25,20,20
46,5765,0.10439668794072697,0.02022313000905927,0.32253798024010466,0.5528422018101083,25,20,20
46,5766,0.10439668794054617,0.020223130009059273,0.32224729633282645,0.5531328857175679,25,20,20
46,5767,0.13004644387381734,0.020221629046429948,0.2965990413532107,0.5531328857265421,25,20,20
46,5768,0.13004644387381414,0.02022162904643002,0.29659909399296575,0.55313283308679,25,20,20
46,5769,0.1300464438739955,0.020221629046425812,0.2965966431942587,0.55313528388532,25,20,20
46,5770,0.1300464438678376,0.038281081416014794,0.2785371908283179,0.5531352838878297,25,20,20
46,5771,0.13004644386784078,0.03828108141601047,0.2781688852167517,0.5535035894993969,25,20,20
46,5772,0.13004644386784,0.038281081416249176,0.2784286311908627,0.5532438435250481,25,20,20
46,5773,0.13004644386784,0.038281081416249176,0.2784286312261805,0.5532438434897303,25,20,20
46,5774,0.1350134722281426,0.038281081072067395,0.2916059667775614,0.5350994799222285,25,20,20
46,5775,0.1350134722281426,0.03828108107206315,0.2912329778329246,0.5354724688668696,25,20,20
46,5776,0.13501347222814267,0.03828108107206315,0.2914992110394545,0.5352062356603396,25,20,20
46,5777,0.1350134722279349,0.03997769915860526,0.2898025929584401,0.5352062356550197,25,20,20
46,5778,0.13495416411762123,0.039977747789874216,0.2898618522966425,0.5352062357958628,25,20,20
46,5779,0.133976016875381,0.03997994226939263,0.2908374465991207,0.5352065942561058,25,20,20
46,5780,0.13397601687538127,0.03997994226938991,0.2768698531244251,0.5491741877308038,25,20,20
46,5781,0.13397601687519914,0.039979942269389834,0.2768698225124047,0.5491742183430065,25,20,20
46,5782,0.13397803205125183,0.039979893215602476,0.27686785646066453,0.5491742182724813,25,20,20
46,5783,0.13397803205125178,0.039979893215602476,0.2766016227531422,0.5494404519800036,25,20,20
46,5784,0.13397803205784334,0.039979893710961216,0.28639208371484076,0.5396499905163549,25,20,20
46,5785,0.13397803205784253,0.03997989371096114,0.28638980473750164,0.5396522694936948,25,20,20
46,5786,0.13371380726146015,0.03997989379649323,0.2866540290405537,0.5396522699014925,25,20,20
46,5787,0.1337429936289722,0.03997985386007857,0.2872437415422614,0.5390334109686866,25,20,20
46,5788,0.13374299362897216,0.03997985386007849,0.28724373952861904,0.5390334129823293,25,20,20
46,5789,0.1337429936289754,0.0399798538600785,0.28733595511815924,0.538941197392786,25,20,20
46,5790,0.13400214751521328,0.03997985395614836,0.2870767764496208,0.5389412220790166,25,20,20
46,5791,0.13358404944477195,0.03998850717432555,0.2874924740492259,0.5389349693316752,25,20,20
46,5792,0.14787490113633217,0.03998850421002812,0.2732015266916772,0.5389350679619614,25,20,20
46,5793,0.14787490113633214,0.03998850421002812,0.2732014976664539,0.5389350969871848,25,20,20
46,5794,0.14787490113632976,0.0399885042100282,0.2732386920697954,0.5388979025838457,25,20,20
46,5795,0.14787490113632976,0.03998850421002827,0.2732452157982557,0.5388913788553853,25,20,20
46,5796,0.16561087274196937,0.039988507184021437,0.25297233903169514,0.5414282810423134,25,20,20
46,5797,0.16561087274196937,0.039988507184021437,0.2529722245867399,0.5414283954872687,25,20,20
46,5798,0.1656108727419702,0.03998850718426595,0.2529788465406988,0.5414217735330648,25,20,20
46,5799,0.16561087274197342,0.03998850718426595,0.2529788879292837,0.5414217321444766,25,20,20
46,5800,0.16561087274201858,0.0399885071842702,0.25335192284259206,0.5410486972311189,25,20,20
46,5801,0.16561083318035905,0.03998850716887818,0.253351732558332,0.5410489270924299,25,20,20
46,5802,0.16566751360255808,0.03998631268031622,0.25329749050495814,0.5410486832121666,25,20,20
46,5803,0.1662041374164807,0.039986307569751064,0.2527608961672143,0.5410486588465531,25,20,20
46,5804,0.1662041374164808,0.039986307569755325,0.25302714839277884,0.5407824066209842,25,20,20
46,5805,0.1662041374164776,0.03998630756975541,0.2530224720315574,0.5407870829822083,25,20,20
46,5806,0.17242270069794746,0.039986304831283806,0.24930373202538306,0.5382872624453852,25,20,20
46,5807,0.17242270069149818,0.03998630432360608,0.2349467411570048,0.55264425382789,25,20,20
46,5808,0.1724227006917058,0.03825794897447193,0.23667509650583987,0.5526442538279815,25,20,20
46,5809,0.17242270069152363,0.03825794897447193,0.23667294229249589,0.552646408041508,25,20,20
46,5810,0.17242270069152363,0.03825794897447614,0.23667750182937225,0.5526418485046274,25,20,20
46,5811,0.172438452524758,0.03825792042398804,0.23666153225841774,0.5526420947928359,25,20,20
46,5812,0.17243845252457546,0.03825792042398369,0.23656926191276248,0.552734365138678,25,20,20
46,5813,0.17243845252457546,0.03825792042398369,0.23656903192728862,0.552734595124152,25,20,20
46,5814,0.17243845252457546,0.03825792042374069,0.23630267942043123,0.5530009476312525,25,20,20
46,5815,0.17243845252457543,0.03825792042374061,0.2362960765897345,0.5530075504619493,25,20,20
46,5816,0.1724384525245754,0.03825792042374483,0.23630256117147216,0.5530010658802075,25,20,20
46,5817,0.1759525668379351,0.038257971629443416,0.2327885201394383,0.553000941393183,25,20,20
46,5818,0.1759525668379343,0.03825797162920313,0.23278355861648062,0.5530059029163816,25,20,20
46,5819,0.19237483615400813,0.03825797121363586,0.21636134664256979,0.5530058459897861,25,20,20
46,5820,0.19237483615400813,0.03825797121363157,0.21635474013740122,0.553012452494959,25,20,20
46,5821,0.19249106076473757,0.038257972071338305,0.21623874452699815,0.5530122226369254,25,20,20
46,5822,0.19255398386783767,0.03825792087337253,0.21617599677363053,0.5530120984851588,25,20,20
46,5823,0.19255398386783767,0.03825792087337261,0.21618069937659995,0.5530073958821893,25,20,20
46,5824,0.19255397675888652,0.03825795909556328,0.21616281268904777,0.5530252514565022,25,20,20
46,5825,0.19220001448975643,0.038249264828894264,0.21652549375164065,0.5530252269297078,25,20,20
46,5826,0.1922000144897572,0.03824926482913456,0.21652749626592793,0.5530232244151794,25,20,20
46,5827,0.225283397480195,0.038249264829123074,0.1834442302327301,0.5530231074579515,25,20,20
46,5828,0.2252833974782532,0.03824922667770723,0.21362032884865492,0.5228470469953836,25,20,20
46,5829,0.2252833974784381,0.03824922667771143,0.21370996659073144,0.522757409253118,25,20,20
46,5830,0.22516523250459577,0.0382492258202515,0.21381503390187134,0.5227705077732804,25,20,20
46,5831,0.2251652325044109,0.03824922582024723,0.21372080802843554,0.5228647336469053,25,20,20
46,5832,0.2251652325044109,0.03824922582024723,0.21372081003616514,0.5228647316391757,25,20,20
46,5833,0.23186573067494,0.038249225918460035,0.2070202875701687,0.5228647558364304,25,20,20
46,5834,0.23167777566299194,0.03824922591450328,0.2072082194139091,0.5228647790085944,25,20,20
46,5835,0.22569973318955172,0.03824922581047582,0.21318630955301984,0.5228647314469513,25,20,20
46,5836,0.2256997331895485,0.0382492258104759,0.2131863840264615,0.5228646569735127,25,20,20
46,5837,0.22618795592769433,0.03824922581640794,0.21269816134135452,0.5228646569145421,25,20,20
46,5838,0.23197113395100985,0.03824922591801376,0.20691361475448503,0.5228660253764903,25,20,20
46,5839,0.23197113395100985,0.03824922591801377,0.20691372862810872,0.5228659115028664,25,20,20
46,5840,0.23197113395100985,0.03824922591801377,0.20691364477396015,0.522865995357015,25,20,20
46,5841,0.23197113395100902,0.038249225917769185,0.20690705620312996,0.5228725839280906,25,20,20
46,5842,0.23196058473504752,0.03826948401427266,0.20689734768701867,0.5228725835636596,25,20,20
46,5843,0.23196058473504771,0.0383012217243444,0.20686560997703857,0.5228725835635679,25,20,20
46,5844,0.23196058473504771,0.03830122172434433,0.2068654961124664,0.5228726974281401,25,20,20
46,5845,0.229320187546339,0.038301250321011844,0.20950586470146498,0.5228726974311834,25,20,20
46,5846,0.2293201875463391,0.038301250321011844,0.20950586611373276,0.5228726960189154,25,20,20
46,5847,0.22943669173869533,0.03830125032075607,0.20940246051355174,0.5228595974269961,25,20,20
46,5848,0.22943669173849696,0.024582646923352148,0.22312106391115408,0.5228595974269955,25,20,20
46,5849,0.26846667516267725,0.024582618318666993,0.1840911091324167,0.5228595973862388,25,20,20
46,5850,0.2672693304322886,0.024582639411519197,0.18528833544462778,0.5228596947115641,25,20,20
46,5851,0.26726933043224343,0.02458263941151495,0.1849218241783516,0.5232262059778897,25,20,20
46,5852,0.24900774759741728,0.02461556794239426,0.20299078142786706,0.5233859030323207,25,20,20
46,5853,0.24900774759757158,0.02461556861266275,0.20925746136922832,0.5171192224205368,25,20,20
46,5854,0.24814040660482584,0.024616699114100662,0.21012360148925274,0.5171192927918198,25,20,20
46,5855,0.24814040660467163,0.024616698443832245,0.2039492141021136,0.5232936808493814,25,20,20
46,5856,0.24932911215953246,0.024616677357240505,0.20276062695917027,0.5232935835240557,25,20,20
46,5857,0.24932911215953246,0.024616677357485094,0.20276546175406843,0.5232887487289131,25,20,20
46,5858,0.2493291121597146,0.024616677357729683,0.202772052347354,0.523282158135201,25,20,20
46,5859,0.2493291121594668,0.024616926082352806,0.20634415092188627,0.5197098108362932,25,20,20
46,5860,0.2493291121594667,0.024616926082352875,0.20651818943203382,0.5195357723261456,25,20,20
46,5861,0.24932911216085302,0.001177148795027505,0.2299579667179704,0.5195357723261472,25,20,20
46,5862,0.24932911216067097,0.0011771487947829214,0.22995134416754184,0.5195423948770026,25,20,20
46,5863,0.24922531893547195,0.0011771573212242242,0.2300539803722156,0.5195435433710867,25,20,20
46,5864,0.24976045210741685,0.0011760267220135956,0.22952007233756916,0.5195434488329986,25,20,20
46,5865,0.249181674239744,0.0011760270801190913,0.23009875253249676,0.5195435461476381,25,20,20
46,5866,0.24918167423974474,0.001176027080114979,0.22983250435853436,0.5198097943216039,25,20,20
46,5867,0.2491816747254914,5.7699487022010974e-05,0.23095083141021647,0.5198097943772679,25,20,20
46,5868,0.24938774713798142,0.0013237908435331921,0.2293727664336499,0.5199156955848326,25,20,20
46,5869,0.2110298605111823,0.0013237924777694204,0.2677304239098432,0.5199159231012022,25,20,20
46,5870,0.21102986051118222,0.0013237924777651274,0.26773528740144026,0.5199110596096094,25,20,20
46,5871,0.21102986051118147,0.0013237924777651285,0.26787210336323636,0.5197742436478141,25,20,20
46,5872,0.21102986051118147,0.001323792478009721,0.267876824387633,0.519769522623173,25,20,20
46,5873,0.21102986051118136,0.001323792478009645,0.26761048538871857,0.5200358616220875,25,20,20
46,5874,0.23083417009086588,0.001323791026118138,0.24780630083126268,0.5200357380517504,25,20,20
46,5875,0.23114153293635642,0.0013237906680108158,0.24749903562887568,0.5200356407667543,25,20,20
46,5876,0.23114153293895184,0.001323790668015127,0.24749601629009402,0.5200386601029363,25,20,20
46,5877,0.23114153293895184,0.001323790668015127,0.24749601629009407,0.5200386601029363,25,20,20
46,5878,0.23114153294930037,0.0013237906680236813,0.24762556277206002,0.5199091136106135,25,20,20
46,5879,0.23114153294930045,0.0013237906680237579,0.24762559460681927,0.5199090817758542,25,20,20
46,5880,0.21327428384722466,0.001323812693033193,0.26549281984011186,0.5199090836196282,25,20,20
46,5881,0.21327428384722474,0.0013238126930375307,0.26575915311014464,0.519642750349591,25,20,20
46,5882,0.21327428384727024,0.0013238126930418964,0.26575927409045064,0.5196426293692352,25,20,20
46,5883,0.21327428384722474,0.0013238126930375297,0.265759039221687,0.5196428642380488,25,20,20
46,5884,0.1915962257065179,0.0012908838050006116,0.28762982185931263,0.519483068629167,25,20,20
46,5885,0.15471261729329533,0.001290950818656625,0.3245133594454041,0.5194830724426428,25,20,20
46,5886,0.15471261729329538,0.0012909508184121806,0.32451080361548557,0.5194856282728059,25,20,20
46,5887,0.1547126571292807,0.0012909160916003035,0.3244526411109802,0.5195437856681381,25,20,20
46,5888,0.15471265711893215,0.001290916091591748,0.324323092655902,0.5196733341335734,25,20,20
46,5889,0.1547126248528716,0.0012907027239553728,0.32376241799960903,0.5202342544235632,25,20,20
46,5890,0.15471262485027937,0.0012907027237065419,0.32376530536758585,0.5202313670584274,25,20,20
46,5891,0.15738209109274492,0.0013539321769393971,0.3210337549143814,0.5202302218159326,25,20,20
46,5892,0.15738209109274487,0.001353932176935136,0.32077212347742085,0.5204918532528976,25,20,20
46,5893,0.1548142064336636,0.0012907422868834483,0.32340320120881805,0.5204918500706333,25,20,20
46,5894,0.1548142064336636,0.0012907422868834498,0.32340327967645777,0.5204917716029934,25,20,20
46,5895,0.15481420643366353,0.0012907422868834483,0.32340988326857256,0.5204851680108787,25,20,20
46,5896,0.13317198069520725,0.0012907202913505506,0.34505213287685216,0.520485166136589,25,20,20
46,5897,0.1331719806952073,0.0012907202913507014,0.34505873626359396,0.5204785627498469,25,20,20
46,5898,0.13293715316730403,0.013733317551201184,0.33181020916073245,0.521519320120762,25,20,20
46,5899,0.14433340624038193,0.013733678910354073,0.3204135627006082,0.5215193521486547,25,20,20
46,5900,0.14440246558852715,2.6637605004346225e-05,0.33519034924563473,0.5203805475608333,25,20,20
46,5901,0.14440246558853026,2.6637605008521867e-05,0.3355611735857223,0.5200097232207385,25,20,20
46,5902,0.14939206221028767,0.00013995297154523482,0.3304484250162833,0.5200195598018831,25,20,20
46,5903,0.14939237010381276,0.00011972004187167296,0.33046835001015523,0.5200195598441597,25,20,20
46,5904,0.14747183822202947,2.177335124690198e-06,0.3325161550546823,0.5200098293881641,25,20,20
46,5905,0.11850326467566825,2.1770766737114847e-06,0.3216605213238264,0.5598340369238328,25,20,20
46,5906,0.11850326467566831,2.177076673788074e-06,0.32166063768859326,0.5598339205590659,25,20,20
46,5907,0.11850326467567035,2.1775933954861008e-06,0.33565495022292297,0.545839607508012,25,20,20
46,5908,0.11850326467567028,2.177593395335587e-06,0.3356484264428525,0.5458461312880829,25,20,20
46,5909,0.11850755296155775,2.1549392468394894e-06,0.33564415886446836,0.5458461332347277,25,20,20
46,5910,0.11850756969731283,2.1274167605439078e-06,0.3356441696923254,0.5458461331936024,25,20,20
46,5911,0.11850756969730977,2.1274167606192548e-06,0.3356395616428391,0.5458507412430919,25,20,20
46,5912,0.11543525969901652,2.127855432148174e-06,0.33871197932990965,0.5458506331156426,25,20,20
46,5913,0.11571869260969349,2.127855432114514e-06,0.33842854644939946,0.5458506330854757,25,20,20
46,5914,0.11571869260969211,2.1273387140998033e-06,0.3306837411707624,0.5535954388808323,25,20,20
46,5915,0.11585357172486063,2.1778090174766345e-06,0.33054869030978784,0.5535955601563346,25,20,20
46,5916,0.11585357172486377,2.1778092619777566e-06,0.33055631827365256,0.5535879321922222,25,20,20
46,5917,0.1158535717249093,2.1778092620517305e-06,0.3305532423167066,0.5535910081491227,25,20,20
46,5918,0.11573924392792331,2.130565767520884e-06,0.3306676174277508,0.5535910080785584,25,20,20
46,5919,0.11869144287956442,2.2147753798684757e-06,0.32771512995963553,0.5535912123854201,25,20,20
46,5920,0.11855558932392495,2.456652360799081e-06,0.3278508629917685,0.5535910910319455,25,20,20
46,5921,0.1185555893239249,2.456652360797748e-06,0.3278573514308111,0.5535846025929033,25,20,20
46,5922,0.11855558932410627,2.456652360797761e-06,0.32803073476673256,0.5534112192568006,25,20,20
46,5923,0.11855759940365573,2.4566668214950547e-06,0.328028494764246,0.5534114491652776,25,20,20
46,5924,0.11901519282214788,2.4564789270900163e-06,0.32757100543142803,0.5534113452674977,25,20,20
46,5925,0.11825168331169374,2.461646937606813e-06,0.3282571689314174,0.5534886861099519,25,20,20
46,5926,0.1182516833116937,2.461646937458574e-06,0.32799744064307945,0.55374841439829,25,20,20
46,5927,0.11825168331173894,2.461660774232523e-06,0.3282974974769716,0.5534483575505155,25,20,20
46,5928,0.1182516833117416,2.461660774187943e-06,0.3281214397605083,0.5536244152669765,25,20,20
46,5929,0.1569497155293743,8.143344240939194e-07,0.2894329088606274,0.5536165612755741,25,20,20
46,5930,0.15694971552933198,8.143483632474042e-07,0.28944360452312645,0.553605865599178,25,20,20
46,5931,0.15694944874079395,3.2514297197732626e-06,0.2894414342378149,0.553605865591671,25,20,20
46,5932,0.14172887761013664,3.251433411555906e-06,0.30466194823022674,0.553605922726225,25,20,20
46,5933,0.14172910865213403,3.251435088127533e-06,0.3398550355141586,0.5184126043986196,25,20,20
46,5934,0.14172910108784417,3.250733932017639e-06,0.34047412182873094,0.5177935263494926,25,20,20
46,5935,0.14172910108784104,3.2507336874425463e-06,0.3404680344520259,0.5177996137264453,25,20,20
46,5936,0.14172910108765965,3.2507336874412355e-06,0.3402946511548467,0.517972997023806,25,20,20
46,5937,0.11990619513581624,3.252413538232379e-06,0.3621175513145907,0.5179730011360553,25,20,20
46,5938,0.11990619513599665,3.253200857509967e-06,0.36248669036109105,0.5176038613020549,25,20,20
46,5939,0.1177040998056696,7.271568983436176e-05,0.3646195274459727,0.5176036570585225,25,20,20
46,5940,0.11770410039735403,7.271568983872539e-05,0.3646246883360699,0.5175984955767364,25,20,20
46,5941,0.11770410039735388,7.271568983857607e-05,0.36462459486808413,0.5175985890447226,25,20,20
46,5942,0.1177040740848629,8.838831340098639e-05,0.369415547661778,0.5127919899399574,25,20,20
46,5943,0.11770407408468248,8.83875260817828e-05,0.36903991750048865,0.5131676208887466,25,20,20
46,5944,0.11772096753657423,8.841213026318847e-05,0.3690227457817351,0.5131678745514264,25,20,20
46,5945,0.11771904995752042,8.84121300149308e-05,0.36890571909289904,0.5132868188195637,25,20,20
46,5946,0.11696866531246793,2.0149896240739344e-05,0.36938141208480535,0.513629772706484,25,20,20
46,5947,0.11696866531242593,2.014988240396542e-05,0.3690814777094628,0.5139297070957054,25,20,20
46,5948,0.11696079464601102,2.0123538534848453e-05,0.36908955831937135,0.513929523496081,25,20,20
46,5949,0.11696079464600785,2.0123538530523557e-05,0.36871645628630795,0.5143026255291517,25,20,20
46,5950,0.11696084980708445,2.4606804766291043e-05,0.36871191733834147,0.514302626049806,25,20,20
46,5951,0.11696084980708445,2.460680476621709e-05,0.3687053936098812,0.5143091497782665,25,20,20
46,5952,0.11696058999625163,2.394451216402672e-05,0.36870631623236655,0.514309149259216,25,20,20
46,5953,0.1569198710420508,2.394425182864486e-05,0.3287471055103656,0.5143090791957542,25,20,20
46,5954,0.1569198710420508,2.394425182857089e-05,0.3287471383175618,0.5143090463885579,25,20,20
46,5955,0.15691987104205718,2.39442518286488e-05,0.328747221787376,0.5143089629187372,25,20,20
46,5956,0.15691987104205724,2.3944251828650103e-05,0.32874722177711796,0.5143089629289953,25,20,20
46,5957,0.19316424802041696,2.3943391235365127e-05,0.29250307556906746,0.5143087330192787,25,20,20
46,5958,0.19316426510372742,2.394296743710226e-05,0.2925030589095659,0.5143087330192675,25,20,20
46,5959,0.19328365725120855,2.3942790636288453e-05,0.29238503612031186,0.5143073638378417,25,20,20
46,5960,0.19328365725120855,2.3942790637710513e-05,0.29238096045144407,0.5143114395067081,25,20,20
46,5961,0.22642299342578343,2.3942775515245455e-05,0.2592416242919925,0.5143114395067075,25,20,20
46,5962,0.2159823126005557,2.3945063590177403e-05,0.26975864828053236,0.5142350940553202,25,20,20
46,5963,0.21598231260055006,2.3945063796567477e-05,0.2760080677492708,0.5079856745863812,25,20,20
46,5964,0.21598231260059556,2.3945064041150995e-05,0.27600816805773887,0.507985574277623,25,20,20
46,5965,0.22279771323809927,2.3945076670253122e-05,0.2691927656769202,0.5079855760083088,25,20,20
46,5966,0.2227977132380968,2.3945076670328383e-05,0.2691883158852287,0.5079900258000027,25,20,20
46,5967,0.22279771323809686,2.3945076674618493e-05,0.26919060729860994,0.5079877343866172,25,20,20
46,5968,0.22282883902314216,2.394507030217709e-05,0.26915948152100305,0.5079877343855512,25,20,20
46,5969,0.20834186668877613,2.4685371910900854e-05,0.28344453133971903,0.5081889165995924,25,20,20
46,5970,0.20834187568490609,2.4685371915639807e-05,0.28344451830117395,0.5081889206420026,25,20,20
46,5971,0.20834187568490534,2.4685385813978433e-05,0.2835718615885607,0.5080615773407183,25,20,20
46,5972,0.20834187568485985,2.4685385569470183e-05,0.2835652395955978,0.5080681993339712,25,20,20
46,5973,0.21954513664883335,2.467792948444215e-05,0.27236298147878585,0.5080672039428945,25,20,20
46,5974,0.19405729978026487,2.6248798537964767e-05,0.2980504261819049,0.5078660252392899,25,20,20
46,5975,0.19405729918858042,2.6248798537891488e-05,0.2980438915257828,0.5078725604870964,25,20,20
46,5976,0.19405729918857964,2.6248798542106537e-05,0.2980439708708069,0.5078724811420688,25,20,20
46,5977,0.19405729918857964,2.6248798542181795e-05,0.298043970861708,0.5078724811511678,25,20,20
46,5978,0.19405729918857964,2.6248798542255754e-05,0.29805057361852244,0.5078658783943533,25,20,20
46,5979,0.1939991758365601,2.6247111715521675e-05,0.26119637329331324,0.544778203758409,25,20,20
46,5980,0.19399917583674223,2.6247111724105778e-05,0.26119876880190424,0.5447758082496272,25,20,20
46,5981,0.17970504350633604,0.016383136508837985,0.2591352052171437,0.5447766147676798,25,20,20
46,5982,0.17970504883855073,0.0163636429190735,0.25915455482824445,0.544776753414129,25,20,20
46,5983,0.1811409480238265,0.016485191636966306,0.2570042252660466,0.5453696350731575,25,20,20
46,5984,0.1809225722428609,0.018104925005570923,0.2556037098953812,0.545368792856184,25,20,20
46,5985,0.18092257224286082,0.01810492500556663,0.25560145385336414,0.5453710488982056,25,20,20
46,5986,0.1809225722428608,0.018104925005566555,0.25560361611552973,0.5453688866360403,25,20,20
46,5987,0.18092257224285757,0.018104924991625828,0.2555953708213609,0.5453771319441534,25,20,20
46,5988,0.1809225722428789,0.018104930297710903,0.29076846958912783,0.5102040278702805,25,20,20
46,5989,0.18092257514833018,0.018104930366185837,0.3273229012540581,0.4736495932314252,25,20,20
46,5990,0.18092257514833018,0.018104930366181618,0.3273207044470411,0.47365179003844654,25,20,20
46,5991,0.17861684341385473,0.01810493900795121,0.32962642751417975,0.4736517900640139,25,20,20
46,5992,0.17258713371825646,0.018104939007951158,0.33565613720966475,0.4736517900641271,25,20,20
46,5993,0.17258713371825646,0.01810493900795116,0.3356561372348608,0.4736517900389308,25,20,20
46,5994,0.17258713448742458,0.02119787222341044,0.3325631938761153,0.47365179941304897,25,20,20
46,5995,0.15598479244026733,0.021197872423266248,0.34916547977895995,0.4736518553575067,25,20,20
46,5996,0.16200542908320834,0.021197872515703594,0.3431448187887511,0.473651879612337,25,20,20
46,5997,0.1619808863184871,0.02125717379758441,0.3431100621958392,0.47365187768808903,25,20,20
46,5998,0.16198088631878055,0.021257480946526738,0.3429667814217172,0.4737948513129752,25,20,20
46,5999,0.16198088631878055,0.021257480946526738,0.34296689388348256,0.47379473885120993,25,20,20
46,6000,0.16198130557547202,0.021257481608619507,0.3102295108814505,0.5065317019344565,25,20,20
46,6001,0.1620100215828684,0.021195869185978836,0.31026240888288226,0.5065317003482691,25,20,20
46,6002,0.16201002144399024,0.02119586918597862,0.3071748223137714,0.5096192870562578,25,20,20
46,6003,0.15574479207182987,0.021195879391888415,0.3134391324555921,0.5096201960806879,25,20,20
46,6004,0.15574479261081112,0.02119461748296423,0.31343962052984364,0.5096209693763792,25,20,20
46,6005,0.15574479261081112,0.021194617482964234,0.31343962103902684,0.5096209688671961,25,20,20
46,6006,0.16133108855359424,0.021194608938811574,0.30777407250945965,0.5097002299981322,25,20,20
46,6007,0.16133108855854755,0.021194296469890107,0.3126146280793082,0.5048599868922516,25,20,20
46,6008,0.14313071272285496,0.021194286594031823,0.33081594572749223,0.5048590549556191,25,20,20
46,6009,0.14313078198007267,0.017166427222837403,0.33484372996134665,0.5048590608357406,25,20,20
46,6010,0.1803368332011283,0.017166462934068552,0.2973633540716124,0.5051333497931891,25,20,20
46,6011,0.18033683320112825,0.01716646293406855,0.2973632723238918,0.5051334315409098,25,20,20
46,6012,0.18049020860739856,0.01716646302307272,0.2972098963969881,0.5051334319725393,25,20,20
46,6013,0.18049020860721643,0.017166463023068356,0.2972096976954141,0.5051336306742997,25,20,20
46,6014,0.18049020860739812,0.01716646303691865,0.2974705423798316,0.5048727859758502,25,20,20
46,6015,0.1804902086075803,0.017166463036923017,0.2974707410814054,0.5048725872740899,25,20,20
46,6016,0.210042274043834,0.01716646677364566,0.2679188102338904,0.5048724489486281,25,20,20
46,6017,0.210042274043701,0.017166466759799583,0.26765560901176166,0.5051356501847359,25,20,20
46,6018,0.22647178511991542,0.017166466756439305,0.2512261533423898,0.5051355947812549,25,20,20
46,6019,0.2264717851199186,0.017166466756435093,0.25122604060314935,0.5051357075204961,25,20,20
46,6020,0.22647135686146191,0.017166466094337595,0.2439634415803544,0.5123987354638458,25,20,20
46,6021,0.21676216243737584,0.017184263214347656,0.25365333817077884,0.5124002361774971,25,20,20
46,6022,0.21676216243737897,0.017184263214347656,0.2536550389609334,0.5123985353873395,25,20,20
46,6023,0.19999313521379097,0.017184263127608058,0.2704240666680377,0.5123985349905624,25,20,20
46,6024,0.19999306619105695,0.014304703211551943,0.27330371088932337,0.5123985197080667,25,20,20
46,6025,0.19999306619105695,0.01430470321155202,0.27330305420569334,0.5123991763916966,25,20,20
46,6026,0.1999930661908748,0.014304703211547651,0.2733028565889222,0.5123993740086543,25,20,20
46,6027,0.1999930661908748,0.01430470321154765,0.27330282389781546,0.512399406699761,25,20,20
46,6028,0.20426444233139027,0.01418042509050027,0.26974860407224077,0.511806528505868,25,20,20
46,6029,0.20426444233139027,0.014180425090500192,0.2697485229930038,0.5118066095851053,25,20,20
46,6030,0.20543780448390744,0.014180425053642406,0.24195891122999888,0.5384228592324511,25,20,20
46,6031,0.2057080852168748,0.014180425053626745,0.24168863051408643,0.538422859215412,25,20,20
46,6032,0.20570808521687145,0.014180425053623111,0.23561517955833508,0.5444963101711705,25,20,20
46,6033,0.20570808521682277,0.01418042505361882,0.2356109617927103,0.5445005279368482,25,20,20
46,6034,0.20570808521682038,0.014180425053623031,0.2356174844862992,0.5444940052432573,25,20,20
46,6035,0.20834176671058113,0.014180389315643731,0.23325810307194783,0.5442197409018273,25,20,20
46,6036,0.20834176672089386,0.014180389329494099,0.23352552232225485,0.5439523216273571,25,20,20
46,6037,0.20834176671058427,0.014180389315648008,0.23338760782922816,0.5440902361445396,25,20,20
46,6038,0.2083417667105843,0.014180389315648006,0.23338111892686747,0.5440967250469002,25,20,20
46,6039,0.20834176671062982,0.01418038931565237,0.23338131620455724,0.5440965277691605,25,20,20
46,6040,0.208341766710629,0.014180389315648157,0.23337482486759364,0.5441030191061291,25,20,20
46,6041,0.19719259755487709,0.01418039296627654,0.24452399726319451,0.5441030122156518,25,20,20
46,6042,0.19719259755492263,0.014180392966521136,0.24452871693839004,0.5440982925401661,25,20,20
46,6043,0.1971925975549673,0.014180392980213084,0.23840875676133763,0.5502182527034819,25,20,20
46,6044,0.1971925975549673,0.014180392980213084,0.2384087576740205,0.5502182517907991,25,20,20
46,6045,0.19719259755492183,0.014180392979968488,0.23840400521570804,0.5502230042494016,25,20,20
46,6046,0.19719662041342376,0.01418039300914279,0.2383999842131508,0.5502230023642825,25,20,20
46,6047,0.19719662041342376,0.01418039300914279,0.23839998421332756,0.5502230023641057,25,20,20
46,6048,0.1797210197456278,0.014215159309277333,0.25583790884114443,0.5502259121039506,25,20,20
46,6049,0.17972101974562776,0.014215159309277256,0.2558378257723333,0.5502259951727617,25,20,20
46,6050,0.17972101974580987,0.014215159309281473,0.25583785982347496,0.5502259611214337,25,20,20
46,6051,0.1502381203336403,0.014215155563762395,0.2853207632682478,0.5502259608343499,25,20,20
46,6052,0.165295518636078,0.014216269571685142,0.2702569963141761,0.5502312154780615,25,20,20
46,6053,0.16522634758249946,0.014216269571373499,0.27032616736724585,0.5502312154788818,25,20,20
46,6054,0.1652263475824571,0.014216269571369209,0.27033067237438935,0.5502267104717848,25,20,20
46,6055,0.1652263475824571,0.014216269571369133,0.2703305565121861,0.5502268263339881,25,20,20
46,6056,0.16531280809009288,0.0005181892424985024,0.2839421644860203,0.5502268381813888,25,20,20
46,6057,0.165312808090136,0.0005181892425023593,0.28860117733612156,0.5455678253312412,25,20,20
46,6058,0.14020070221161146,0.0005181855890060364,0.31371330023613053,0.5455678119632522,25,20,20
46,6059,0.16208373231954515,0.0005181632021897512,0.2921739666470803,0.5452241378311848,25,20,20
46,6060,0.16092147711803706,0.0005188069068719637,0.29333250917202186,0.5452272068030698,25,20,20
46,6061,0.1616284720233858,0.0004847130216303272,0.29266246138958885,0.5452243535653947,25,20,20
46,6062,0.1616284720233858,0.0004847130218726686,0.2930355021131696,0.5448513128415716,25,20,20
46,6063,0.1616284720233858,0.00048471302163032595,0.29266238222911545,0.5452244327258683,25,20,20
46,6064,0.1616284720233826,0.0004847130216260482,0.29253284900808135,0.5453539659469097,25,20,20
46,6065,0.1616284720233373,0.0004847130077319981,0.29240983115253594,0.5454769838163945,25,20,20
46,6066,0.1955251220117008,0.0004858186654291192,0.2585119841941804,0.5454770751286904,25,20,20
46,6067,0.19545271373948733,0.0010971420399252978,0.2579730533570797,0.5454770908635083,25,20,20
46,6068,0.19561086009638193,0.0010964696248303785,0.257815637631584,0.5454770326472045,25,20,20
46,6069,0.19561086009638193,0.0010964696248304553,0.2578157193735655,0.5454769509052231,25,20,20
46,6070,0.19561086009637874,0.0010964696248304537,0.2578111309411813,0.5454815393376105,25,20,20
46,6071,0.19559681148259725,2.0838553672405537e-05,0.2589008380627329,0.5454815119009981,25,20,20
46,6072,0.19011734221736518,2.0839397667563733e-05,0.26438008153628817,0.5454817368486791,25,20,20
46,6073,0.2037829666849931,4.3442196668252323e-05,0.25069185314975195,0.5454817379685867,25,20,20
46,6074,0.2037829666849931,4.34421966682523e-05,0.2506918505664547,0.5454817405518838,25,20,20
46,6075,0.1675808734804427,4.482888562161611e-05,0.2866016667148298,0.545772630919105,25,20,20
46,6076,0.16790825557412772,4.3442580175389876e-05,0.28664556988930007,0.5454027319563959,25,20,20
46,6077,0.16790825557412772,4.344258017968148e-05,0.28664576662475677,0.545402535220935,25,20,20
46,6078,0.20159605453428703,2.5645043870992315e-05,0.2529772672278007,0.5454010331940399,25,20,20
46,6079,0.1656873622935002,2.453941488737549e-05,0.2888871606315812,0.545400937660029,25,20,20
46,6080,0.16451399723553167,2.453938326608641e-05,0.28012222788612284,0.5553392354950774,25,20,20
46,6081,0.16451399723553167,2.4539383266086365e-05,0.2801222273870062,0.5553392359941942,25,20,20
46,6082,0.16440248809021324,2.4538513793963173e-05,0.2802337365423031,0.5553392368536878,25,20,20
46,6083,0.16549174473129508,2.3424299792556158e-05,0.2791509064330419,0.5553339245358684,25,20,20
46,6084,0.16389647197414978,2.3424278363248546e-05,0.28074617934745527,0.5553339244000303,25,20,20
46,6085,0.1638964719741497,2.342427835888366e-05,0.28073957539813615,0.5553405283493538,25,20,20
46,6086,0.18123388028054585,2.3424079479388767e-05,0.2634022203752385,0.5553404752647356,25,20,20
46,6087,0.18123388028311954,2.342409332249214e-05,0.2636890153709083,0.555053680252649,25,20,20
46,6088,0.1637053587716844,2.3457560561478104e-05,0.2812115107711259,0.5550596728966276,25,20,20
46,6089,0.16929433480091471,2.3457599206989046e-05,0.2756227535932663,0.5550594540066109,25,20,20
46,6090,0.16929433480087167,2.3457599203281275e-05,0.2709683261447507,0.5597138814551731,25,20,20
46,6091,0.16929433480087486,2.3457599203282596e-05,0.2709684357923695,0.559713771807551,25,20,20
46,6092,0.1692943348006927,2.3457599198991137e-05,0.270966861326564,0.5597153462735429,25,20,20
46,6093,0.16929433480069278,2.3457599199066398e-05,0.27097156318860466,0.5597106444115021,25,20,20
46,6094,0.16929433480072573,2.3457609290755808e-05,0.2820253095847193,0.5486568980052627,25,20,20
46,6095,0.16929433480072573,2.3457609290754486e-05,0.2820252304721872,0.5486569771177949,25,20,20
46,6096,0.16929433480072578,2.3457609535336707e-05,0.2820319335168432,0.5486502740728944,25,20,20
46,6097,0.16929433480072578,2.3457609535187466e-05,0.2820319655635754,0.5486502420261622,25,20,20
46,6098,0.16929433480072578,2.3457609535262737e-05,0.2820320466551122,0.5486501609346255,25,20,20
46,6099,0.1720164227225337,2.347025256232193e-05,0.27911771073089825,0.548842396294005,25,20,20
46,6100,0.16631327216292235,2.347022904297377e-05,0.2848208716228946,0.548842385985139,25,20,20
46,6101,0.1663132721629223,2.3470229042899827e-05,0.2848162862326092,0.5488469713754245,25,20,20
46,6102,0.1663132721629191,2.3470229042901128e-05,0.2848162056202754,0.5488470519877615,25,20,20
46,6103,0.17991658672264169,2.3457598869773114e-05,0.2714051356868725,0.5486548199916151,25,20,20
46,6104,0.17991658672264169,2.3457598869699164e-05,0.2714051362964245,0.5486548193820632,25,20,20
46,6105,0.1799165867200656,2.3457585030884098e-05,0.27112324362313756,0.5489367120717652,25,20,20
46,6106,0.17991681307226354,2.359075409835776e-05,0.27112140582081845,0.5489381903528189,25,20,20
46,6107,0.1799168130722635,2.359075385384951e-05,0.27111478385740073,0.5489448123164811,25,20,20
46,6108,0.17626577361335322,2.359027272978853e-05,0.2747660763584403,0.5489445597554767,25,20,20
46,6109,0.19303889729377857,2.294727251282054e-05,0.2579965700505899,0.5489415853831189,25,20,20
46,6110,0.19303864840133142,9.829445314447025e-05,0.2579213592901837,0.5489416978553404,25,20,20
46,6111,0.19303864840133142,9.829445314454557e-05,0.2579214747393802,0.5489415824061438,25,20,20
46,6112,0.19303864840133456,9.829445314461901e-05,0.2581877418468423,0.5486753152986783,25,20,20
46,6113,0.19303864840166593,9.829444305714847e-05,0.2471310066780641,0.5597320504772129,25,20,20
46,6114,0.19303864840166596,9.829444305722374e-05,0.24713100609337432,0.5597320510619024,25,20,20
46,6115,0.15409014776513716,9.833825135709748e-05,0.28607936356004404,0.5597321504234616,25,20,20
46,6116,0.19407792327645917,9.833822220641759e-05,0.24609158814852386,0.5597321503528108,25,20,20
46,6117,0.19449033133480634,9.833824006569655e-05,0.24567899921212863,0.5597323312129994,25,20,20
46,6118,0.18647700142800552,9.835342548012615e-05,0.25369024890922903,0.5597343962372853,25,20,20
46,6119,0.1954638264816769,9.833755118223835e-05,0.24470550233070326,0.5597323336364378,25,20,20
46,6120,0.1954638264816769,9.833755118216174e-05,0.24470558436144388,0.5597322516056973,25,20,20
46,6121,0.19474445698813284,0.0002270029936274644,0.24529638778307108,0.5597321522351689,25,20,20
46,6122,0.19474445698813284,0.00022700299362317405,0.24529619251154192,0.5597323475067024,25,20,20
46,6123,0.1947444569881328,0.0002270029936273904,0.24529630667749064,0.5597322333407495,25,20,20
46,6124,0.19474445698813597,0.00022700299363168073,0.24529642133432514,0.5597321186839076,25,20,20
46,6125,0.19474445698813597,0.00022700299363168208,0.24529637402326002,0.5597321659949727,25,20,20
46,6126,0.19474350833190124,0.0007987764046175766,0.24472471212839195,0.5597330031350891,25,20,20
46,6127,0.19474350833190124,0.0007987764046218664,0.24472929979355296,0.5597284154699237,25,20,20
46,6128,0.19474350833153692,0.0007987764046174969,0.2447275892847764,0.559730125979069,25,20,20
46,6129,0.19462800111774975,0.0007987764045905015,0.24484309607436294,0.5597301264032967,25,20,20
46,6130,0.19462800111774975,0.0007987764045905753,0.24484306265628125,0.5597301598213782,25,20,20
46,6131,0.19462800111774975,0.0007987764045905752,0.2448431147066406,0.5597301077710187,25,20,20
46,6132,0.19397581695643568,0.0007992388383837358,0.2454948757695808,0.5597300684355998,25,20,20
46,6133,0.19397581695643562,0.0007992388383837344,0.24549475929782574,0.5597301849073549,25,20,20
46,6134,0.19397581695643562,0.0007992388383794441,0.2454946764880619,0.5597302677171231,25,20,20
46,6135,0.22209068632728882,0.000670529574728121,0.21750851975257277,0.5597302643454101,25,20,20
46,6136,0.24038450997254518,0.0006704961074893188,0.1992207222478148,0.5597242716721503,25,20,20
46,6137,0.24038450997254596,0.000670496107493495,0.19959374336069374,0.5593512505592666,25,20,20
46,6138,0.24038473387684114,2.3735724758527477e-05,0.20024122945147912,0.5593503009469208,25,20,20
46,6139,0.24038473387684114,2.3735724758530093e-05,0.2002413105458808,0.5593502198525191,25,20,20
46,6140,0.20278427647440667,2.4694565157555047e-05,0.22692838111646488,0.5702626478439704,25,20,20
46,6141,0.2027842764744067,2.4694565161921417e-05,0.2269330826737259,0.570257946286705,25,20,20
46,6142,0.20278427647440747,2.4694565161921214e-05,0.2269349850695563,0.5702560438908738,25,20,20
46,6143,0.20278427647440675,2.4694565157631585e-05,0.22692846103875577,0.5702625679216794,25,20,20
46,6144,0.20278427647440675,2.4694565157631585e-05,0.22692846045306975,0.5702625685073653,25,20,20
46,6145,0.2026094209825344,2.469970811651686e-05,0.227101914435255,0.5702639648740938,25,20,20
46,6146,0.2026094209825344,2.469970811651686e-05,0.22710180200810703,0.5702640773012417,25,20,20
46,6147,0.20260942098253445,2.4699708112227036e-05,0.22709713983702204,0.570268739472331,25,20,20
46,6148,0.20260942098253124,2.469970810793542e-05,0.22709705798851998,0.5702688213208404,25,20,20
46,6149,0.21369612132995738,2.4699708032685418e-05,0.21601035758256948,0.5702688213794398,25,20,20
46,6150,0.2136961213299574,2.469970803697576e-05,0.21601049853225698,0.5702686804297479,25,20,20
46,6151,0.21369612132995733,2.4699708036899193e-05,0.21601038322077992,0.5702687957412251,25,20,20
46,6152,0.21369612133013946,2.4699708041264076e-05,0.2160170206582929,0.5702621583035258,25,20,20
46,6153,0.2448704403455371,2.469983330438294e-05,0.18484270125919902,0.5702621585619585,25,20,20
46,6154,0.24487044034558586,2.4699833308749327e-05,0.18484745602911656,0.5702574037919879,25,20,20
46,6155,0.25368826032093467,2.469969291015254e-05,0.17602963610029843,0.5702574038858559,25,20,20
46,6156,0.2536882603209347,2.4699692914368172e-05,0.17603612517130074,0.5702509148148494,25,20,20
46,6157,0.2536882603209347,2.4699692918584366e-05,0.1760376327061338,0.570249407280012,25,20,20
46,6158,0.2536882603209347,2.469969291858177e-05,0.17603766605668741,0.5702493739294585,25,20,20
46,6159,0.25368826032093394,2.469969291858246e-05,0.1760312567684019,0.5702557832177447,25,20,20
46,6160,0.2800050425486554,2.096893918065405e-06,0.149737078502051,0.5702557820553747,25,20,20
46,6161,0.2800050425486586,2.0968939222705935e-06,0.14982933924399727,0.5701635213134211,25,20,20
46,6162,0.28000504254865866,2.096893922269296e-06,0.1498293406603027,0.5701635198971158,25,20,20
46,6163,0.27830044464709636,6.756599225259115e-07,0.1623951926925173,0.5593036870004635,25,20,20
46,6164,0.2780152778549492,6.756662515573822e-07,0.162680359478854,0.5593036869999451,25,20,20
46,6165,0.2780151330340929,6.756066184397569e-07,0.1625961301080296,0.559388061251259,25,20,20
46,6166,0.27801513303404735,6.756066141499368e-07,0.1625914592679247,0.5593927320914136,25,20,20
46,6167,0.278015133034045,6.75606614076489e-07,0.1623318457234444,0.5596523456358965,25,20,20
46,6168,0.27830353018476117,6.70466898028729e-07,0.1620448496373306,0.5596509497110099,25,20,20
46,6169,0.2783035301847579,6.704668937495683e-07,0.1619526613764643,0.5597431379718837,25,20,20
46,6170,0.27830353018475795,6.704668938261585e-07,0.16195263076791933,0.5597431685804286,25,20,20
46,6171,0.278040505381824,6.755250648704662e-07,0.16221562639993498,0.559743192693176,25,20,20
46,6172,0.278040505381824,6.755250607293751e-07,0.16221776314322325,0.5597410559498918,25,20,20
46,6173,0.27804050538164193,6.75525056365791e-07,0.16221274515553474,0.5597460739377668,25,20,20
46,6174,0.2780405054511362,6.755250568699073e-07,0.19751402842132626,0.5244447906024804,25,20,20
46,6175,0.2780405054511354,6.755250569452001e-07,0.1975073344691241,0.5244514845546833,25,20,20
46,6176,0.27804050545113534,6.755250527282447e-07,0.19750084383783936,0.5244579751859724,25,20,20
46,6177,0.2780405053790302,6.755250638107869e-07,0.19578367430629912,0.5261751447896064,25,20,20
46,6178,0.2778257105953743,6.75500800257777e-07,0.1959986499749221,0.5261749639289025,25,20,20
46,6179,0.27782571059537436,6.755008001851035e-07,0.19599853753310892,0.5261750763707158,25,20,20
46,6180,0.27782571429049857,6.79470853467039e-07,0.19434740160595862,0.5278262046326886,25,20,20
46,6181,0.23967948173896744,7.244296548465557e-07,0.2324933674383432,0.5278264263930343,25,20,20
46,6182,0.23993729690216775,7.193715396784319e-07,0.2322355818717503,0.5278264018545421,25,20,20
46,6183,0.23993703444528663,7.027727265450459e-07,0.2322358604232253,0.527826402358762,25,20,20
46,6184,0.2399371105568097,6.988038196155835e-07,0.2357400908455396,0.5243220997938314,25,20,20
46,6185,0.23993711055681285,6.988040641978039e-07,0.23574517443041074,0.5243170162087123,25,20,20
46,6186,0.23993711055685477,6.988040683728404e-07,0.23611820955624366,0.5239439810828332,25,20,20
46,6187,0.23920295919841286,6.538463612213006e-07,0.2368526275972938,0.5239437593579319,25,20,20
46,6188,0.23920295919845835,6.538463570062532e-07,0.2368525754845036,0.5239438114706807,25,20,20
46,6189,0.23819103372440728,6.73693118172436e-07,0.23786438488713238,0.5239439076953418,25,20,20
46,6190,0.23819103442935002,6.775806809935122e-07,0.23913057789832368,0.5226777100916451,25,20,20
46,6191,0.23819103442935002,6.775806809921913e-07,0.23913060993290658,0.5226776780570621,25,20,20
46,6192,0.2381910344293049,6.775806767405431e-07,0.2387574889143366,0.5230507990756814,25,20,20
46,6193,0.23819103442930803,6.775806810320236e-07,0.23875906794524354,0.5230492200447672,25,20,20
46,6194,0.23819103442930803,6.775806768158221e-07,0.23876214634596182,0.5230461416440529,25,20,20
46,6195,0.23819103442930797,6.775806767431482e-07,0.23876211156061303,0.5230461764294019,25,20,20
46,6196,0.23782280847067214,6.775790394257423e-07,0.23913033796530683,0.5230461759849817,25,20,20
46,6197,0.2383164016988544,6.775728507154245e-07,0.23863674477228614,0.5230461759560086,25,20,20
46,6198,0.22327765074184136,8.64103786255943e-07,0.2536744502592668,0.5230470348951046,25,20,20
46,6199,0.22327765074184128,8.641037862572406e-07,0.253680972541468,0.5230405126129033,25,20,20
46,6200,0.2224682028274946,1.5619062421232607e-06,0.25448639773790316,0.5230438375283593,25,20,20
46,6201,0.2062389667890992,1.561913700111973e-06,0.2707155760738597,0.5230438952233398,25,20,20
46,6202,0.20623896678909912,1.561913699962741e-06,0.2707132984155014,0.5230461728816986,25,20,20
46,6203,0.20623896678905357,1.5619136999614434e-06,0.2707131932433912,0.5230462780538543,25,20,20
46,6204,0.20623922575431697,1.563596172002696e-06,0.27071293259441526,0.5230462780550947,25,20,20
46,6205,0.20623922575431383,1.5635959274191779e-06,0.2707062300242566,0.523052980625501,25,20,20
46,6206,0.2062535099759572,0.0010948097194129161,0.2695986991954953,0.5230529811091337,25,20,20
46,6207,0.20625350997595643,0.0010948097194086646,0.26922559761224024,0.5234260826923941,25,20,20
46,6208,0.20625350997595643,0.001094809719408592,0.2693131899776439,0.5233384903269904,25,20,20
46,6209,0.20785072858567394,0.001094808029884156,0.2677159730562639,0.5233384903281774,25,20,20
46,6210,0.22485402759044537,0.0010948080224260405,0.2507127318125276,0.5233384325746006,25,20,20
46,6211,0.2248540275906446,0.0010948080224405003,0.2876456489904456,0.4864055153964684,25,20,20
46,6212,0.22485402759082715,0.001094808022684486,0.2877379561501807,0.4863132082363068,25,20,20
46,6213,0.22509064201572063,0.0010947885260067763,0.2875014557477199,0.4863131137105517,25,20,20
46,6214,0.263997838401395,0.001094090722549495,0.2485981876660114,0.4863098832100434,25,20,20
46,6215,0.2392690033274828,0.0010945414675284538,0.27332234809295924,0.48631410711202894,25,20,20
46,6216,0.2392690033274828,0.0010945414675284512,0.2733222362169469,0.48631421898804134,25,20,20
46,6217,0.2392665904538465,1.2266509122389095e-06,0.2744166541750809,0.4863155287201599,25,20,20
46,6218,0.22729873720593144,1.2269029166166388e-06,0.28638450476928495,0.48631553112186593,25,20,20
46,6219,0.22729873720593147,1.2269029166166153e-06,0.2863845478661196,0.48631548802503133,25,20,20
46,6220,0.2355780954419128,7.761580015523287e-07,0.27810986427673456,0.48631126412335024,25,20,20
46,6221,0.23557809544191283,7.761580015510318e-07,0.27811218429317464,0.4863089441069102,25,20,20
46,6222,0.23557809544191602,7.761580016250009e-07,0.27802459438948335,0.4863965340105982,25,20,20
46,6223,0.2355780954419192,7.76158005991935e-07,0.27802474011927186,0.48639638828080217,25,20,20
46,6224,0.23557809544209815,7.761582504887406e-07,0.2780286173122588,0.4863925110873918,25,20,20
46,6225,0.23557809544209815,7.761582504887399e-07,0.27802629871212425,0.4863948296875263,25,20,20
46,6226,0.23557809544191563,7.761580065041913e-07,0.2779386534259004,0.48648247497417657,25,20,20
46,6227,0.23557809544191563,7.761580065041466e-07,0.27793864945526714,0.48648247894480984,25,20,20
46,6228,0.2355662234312999,5.012519159345043e-07,0.24684190343929252,0.5175913718774912,25,20,20
46,6229,0.2355662234312999,5.012516799429939e-07,0.24683993020437292,0.5175933451126469,25,20,20
46,6230,0.21093054509202003,7.615572783070091e-06,0.2694511081660586,0.5196107311691377,25,20,20
46,6231,0.21093054509202003,7.615572783071391e-06,0.26945110759251606,0.5196107317426804,25,20,20
46,6232,0.21093046532976356,1.6472256573059935e-05,0.26703645961635536,0.5220166027973074,25,20,20
46,6233,0.21093046486748168,1.6472245724899603e-05,0.25814666725936464,0.5309063956274283,25,20,20
46,6234,0.21093046486748165,1.6472245724896967e-05,0.25816067040902657,0.5308923924777664,25,20,20
46,6235,0.17296134722325238,1.803223242364914e-05,0.29612806155149174,0.5308925589928314,25,20,20
46,6236,0.18472468013193438,1.8031980642065036e-05,0.2843647312377937,0.5308925566496288,25,20,20
46,6237,0.184409442422387,1.0731681591521868e-05,0.2588746013371407,0.5567052245588799,25,20,20
46,6238,0.16098900805010719,1.0949796884307786e-05,0.28229479935035173,0.5567052428026557,25,20,20
46,6239,0.16098900805010719,1.0949796884307786e-05,0.2822947993380514,0.5567052428149559,25,20,20
46,6240,0.16098767076087855,1.0949244088748037e-05,0.27831882334216684,0.5606825566528646,25,20,20
46,6241,0.16099283310363027,1.0949244116273707e-05,0.27831366057350737,0.5606825570787446,25,20,20
46,6242,0.16099283310344817,1.0949244107768416e-05,0.278311754162758,0.5606844634896847,25,20,20
46,6243,0.16099283369509898,1.0949244596982608e-05,0.2783207575267291,0.5606754595335736,25,20,20
46,6244,0.15491278927679886,1.0949244513546993e-05,0.2844008023709955,0.5606754591076907,25,20,20
46,6245,0.15491278927680205,1.0949244513620974e-05,0.28439621784399466,0.5606800436346883,25,20,20
46,6246,0.15491321181132536,1.1341185406535773e-05,0.28420606633774403,0.5608693806655222,25,20,20
46,6247,0.1549132118113254,1.134118541075036e-05,0.28421068672704974,0.5608647602762126,25,20,20
46,6248,0.1547835314135425,1.1371903071790308e-05,0.2843403338379273,0.5608647628454569,25,20,20
46,6249,0.15478353141354245,1.137190307592663e-05,0.28471329371760234,0.5604918029657779,25,20,20
46,6250,0.1665096943986387,1.1372261600902808e-05,0.27298712924205376,0.5604918040977056,25,20,20
46,6251,0.1665096943986387,1.1372261605154398e-05,0.2733602311518026,0.5601187021879526,25,20,20
46,6252,0.16565318932881684,1.1372943574650826e-05,0.27421673554921494,0.5601187021783924,25,20,20
46,6253,0.16565318933140397,1.1372943578929926e-05,0.274346270787562,0.5599891669374539,25,20,20
46,6254,0.14969632368489894,1.1373541435137067e-05,0.2902970178916343,0.5599952848820312,25,20,20
46,6255,0.1496963232143136,1.1373541249111371e-05,0.28247835111346414,0.5678139521309727,25,20,20
46,6256,0.14969688147890386,1.067140766099855e-05,0.2826691743852138,0.5676232727282207,25,20,20
46,6257,0.14969688088725303,1.0671407171784358e-05,0.28266017101096724,0.567632276694607,25,20,20
46,6258,0.14969688088724986,1.0671407171636417e-05,0.28266005770208,0.5676323900034976,25,20,20
46,6259,0.14875154819491868,9.125985062798219e-06,0.2836071261370986,0.5676321996829199,25,20,20
46,6260,0.14875154819491868,9.125985062721639e-06,0.28360250677083904,0.5676368190491796,25,20,20
46,6261,0.1487515481949155,9.12598505421975e-06,0.2832294842924826,0.5680098415275477,25,20,20
46,6262,0.14875154819491546,9.125985054219727e-06,0.2832294842815422,0.5680098415384883,25,20,20
46,6263,0.14877608339993087,2.6931259652815994e-07,0.2856205090138183,0.5656031382736545,25,20,20
46,6264,0.14877608339993087,2.6931259652683984e-07,0.28562062346307665,0.5656030238243962,25,20,20
46,6265,0.14879834126871935,2.3619063688515633e-06,0.25295602977762427,0.5982432670472878,25,20,20
46,6266,0.14879834126871935,2.36190636892682e-06,0.25296263253428186,0.59823666429063,25,20,20
46,6267,0.11918112819257125,2.388147806179721e-06,0.28257981720932757,0.5982366664502957,25,20,20
46,6268,0.11918112819257125,2.3881478061797214e-06,0.28257981720932757,0.5982366664502958,25,20,20
46,6269,0.11918581088593357,2.388135316234187e-06,0.28257532466817425,0.5982364763105766,25,20,20
46,6270,0.1191845992046001,2.3881177431509634e-06,0.28257667249323665,0.5982363401844206,25,20,20
46,6271,0.11918450976413286,2.3881176289428015e-06,0.2825767619912887,0.5982363401269492,25,20,20
46,6272,0.1303080036064418,2.816622524236251e-06,0.2714528037553507,0.5982363760156835,25,20,20
46,6273,0.1303080036064418,2.816622524233656e-06,0.271446313416155,0.5982428663548792,25,20,20
46,6274,0.13030800360644182,2.8166225243102447e-06,0.2714463140383336,0.5982428657327005,25,20,20
46,6275,0.13192036243654456,2.8155969570538337e-06,0.26983395619097394,0.5982428657755248,25,20,20
46,6276,0.13192036243396063,2.8155969570662507e-06,0.26970616585981444,0.5983706561092682,25,20,20
46,6277,0.13192036243396063,2.8155969570649302e-06,0.26970628030907284,0.5983705416600099,25,20,20
46,6278,0.13192036243396063,2.8155969570636326e-06,0.26970855654610193,0.5983682654229806,25,20,20
46,6279,0.13192036253016517,2.815597116137775e-06,0.28368368036311387,0.5843931415096049,25,20,20
46,6280,0.13344217159010452,2.8156250631289186e-06,0.2821618637511126,0.5843931490337195,25,20,20
46,6281,0.17292692592252162,2.815637429952084e-06,0.24267710944908794,0.5843931489909604,25,20,20
46,6282,0.1729269259225192,2.8156374257369317e-06,0.24280488817142387,0.5842653702686311,25,20,20
46,6283,0.17290451354349126,7.084726458471738e-07,0.23547396630275663,0.5916208116811059,25,20,20
46,6284,0.17291854568461504,7.084603848604143e-07,0.23545993417389355,0.5916208116811063,25,20,20
46,6285,0.15405966329763846,7.088385891160413e-07,0.25431591158210276,0.5916237162816701,25,20,20
46,6286,0.16002441824865982,7.121422979970679e-07,0.24835727137269253,0.5916175982363501,25,20,20
46,6287,0.16002441824866306,7.121422980736715e-07,0.24836185739841266,0.5916130122106266,25,20,20
46,6288,0.13704812760573848,7.121448686398271e-07,0.2713380678879213,0.5916130923614723,25,20,20
46,6289,0.13704812760592053,7.121451132347799e-07,0.2713428209117606,0.5916083393372062,25,20,20
46,6290,0.13704812760573848,7.121448686398046e-07,0.27134268887074103,0.5916084713786525,25,20,20
46,6291,0.1370481276057385,7.121448729296607e-07,0.2713426895236364,0.5916084707257528,25,20,20
46,6292,0.13704812679296624,5.27428695913902e-06,0.2713381490054823,0.5916084499145916,25,20,20
46,6293,0.1356619417729836,6.94962229914131e-06,0.2727228996322454,0.5916082089724713,25,20,20
46,6294,0.11921774464785628,6.949619387325365e-06,0.2891670414009295,0.5916082643318257,25,20,20
46,6295,0.11921774464785631,6.949619391588418e-06,0.28943109443285825,0.5913442112998926,25,20,20
46,6296,0.1192177446478571,6.949633200460583e-06,0.2898005716159403,0.5909747341030009,25,20,20
46,6297,0.11921774897939941,3.4650538114883453e-06,0.28979772798164893,0.5909810579851387,25,20,20
46,6298,0.10270123540868453,3.4650511331802107e-06,0.30631432166465045,0.5909809778755314,25,20,20
46,6299,0.10270123540868453,3.465051129003887e-06,0.30594133901087994,0.591353960529306,25,20,20
46,6300,0.10273308079680744,4.2116951624164335e-06,0.309137361680684,0.5881253458273451,25,20,20
46,6301,0.10270140072243826,3.476528635161231e-06,0.29580719058575405,0.601487932163172,25,20,20
46,6302,0.10270139648608324,2.1506441512099667e-06,0.2958148445481427,0.6014816083216225,25,20,20
46,6303,0.10274958091792935,2.1514440936822525e-06,0.29576666677249236,0.601481600865483,25,20,20
46,6304,0.10365756451890458,2.151402622319953e-06,0.2948586831785189,0.6014816008999526,25,20,20
46,6305,0.13033265960425156,2.1510435813205328e-06,0.2681835895860256,0.6014815997661401,25,20,20
46,6306,0.13033265960684354,2.1510438301310413e-06,0.26818377448828956,0.6014814148610356,25,20,20
46,6307,0.13033265960684592,2.151030021259967e-06,0.267816232583176,0.6018489567799555,25,20,20
46,6308,0.16821484925993135,2.1505608279389234e-06,0.2299340417590935,0.6018489584201467,25,20,20
46,6309,0.1682148492599313,2.1505608280141836e-06,0.2299387411198991,0.6018442590593411,25,20,20
46,6310,0.1682148492599313,2.15056082808945e-06,0.22994024813071673,0.6018427520485233,25,20,20
46,6311,0.16476705099644282,2.1466576754421495e-06,0.2333880503348017,0.6018427520110797,25,20,20
46,6312,0.16477683804432547,2.146299087715423e-06,0.2333782653266594,0.601842750329927,25,20,20
46,6313,0.16477683804173032,2.1462988389049e-06,0.23337343542883268,0.6018475802305976,25,20,20
46,6314,0.16489711762185327,2.130997137804271e-06,0.24374133838539447,0.5913594129956131,25,20,20
46,6315,0.1648971176218533,2.1309971378782195e-06,0.24374137253894726,0.5913593788420605,25,20,20
46,6316,0.16489711762189874,2.1309971379531443e-06,0.24383205215361975,0.5912686992273425,25,20,20
46,6317,0.16489711762189876,2.130997137951847e-06,0.24383205214353768,0.5912686992374244,25,20,20
46,6318,0.1648971176218956,2.1309971337348948e-06,0.2438254958073456,0.5912752555736239,25,20,20
46,6319,0.16398913506807503,2.4372170592170224e-06,0.2399824499052422,0.5960259778096225,25,20,20
46,6320,0.16398913507065183,2.437230902247799e-06,0.24027086582081708,0.5957375618776279,25,20,20
46,6321,0.1847210630769805,7.615173612585778e-07,0.2195432771859499,0.5957348982197087,25,20,20
46,6322,0.18472106307440686,7.615035224436632e-07,0.21925948235827786,0.5960186930637932,25,20,20
46,6323,0.1847210630744069,7.61503518254583e-07,0.21899323216199512,0.59628494326008,25,20,20
46,6324,0.18472106307440683,7.615035182550438e-07,0.2189887252683613,0.5962894501537136,25,20,20
46,6325,0.18472106307454358,7.615035224712672e-07,0.21890112898662423,0.5963770464353098,25,20,20
46,6326,0.2092830149435004,3.067571918870406e-07,0.19433966991239976,0.596377008386908,25,20,20
46,6327,0.1849442105156986,3.1499418998292916e-07,0.2186762668122436,0.5963792076778673,25,20,20
46,6328,0.1849442105156986,3.1499418990637496e-07,0.21866977649281175,0.5963856979972992,25,20,20
46,6329,0.18494421051547094,3.1499418553990915e-07,0.21866553329342778,0.5963899411969155,25,20,20
46,6330,0.18494421051547094,3.149941856164995e-07,0.21866557375392515,0.596389900736418,25,20,20
46,6331,0.18494421051547094,3.149941856917821e-07,0.2186701591400874,0.5963853153502557,25,20,20
46,6332,0.18494421051547094,3.1499418990812757e-07,0.21867027331403097,0.5963852011763079,25,20,20
46,6333,0.18494421042969347,3.1499427552173364e-07,0.2046835547886826,0.6103719197873484,25,20,20
46,6334,0.18494421043886164,3.149944832160331e-07,0.20896959579580865,0.6060858787708466,25,20,20
46,6335,0.18482613908571344,3.150011125199006e-07,0.20870285163615562,0.6064706942770182,25,20,20
46,6336,0.1848261390960939,3.150013613191107e-07,0.208704856609271,0.6064686892932736,25,20,20
46,6337,0.18482613909609072,3.150013570292784e-07,0.2087001531437219,0.6064733927588302,25,20,20
46,6338,0.18482613909609075,3.150013527402815e-07,0.2087046577372666,0.6064688881652898,25,20,20
46,6339,0.18482613909609075,3.15001352663679e-07,0.20869995451685824,0.6064735913856981,25,20,20
46,6340,0.1457887015869289,3.159890527779602e-07,0.24773738862328312,0.6064735938007351,25,20,20
46,6341,0.14578870158693213,3.159890570691589e-07,0.247742094192739,0.6064688882312717,25,20,20
46,6342,0.14578870158693294,3.1598906143555e-07,0.24774668392583557,0.60646429849817,25,20,20
46,6343,0.10685923387188527,5.323895940413107e-05,0.2866232272650276,0.6064642999036819,25,20,20
46,6344,0.08382384715450966,5.323920809949978e-05,0.309658602280326,0.6064643113570639,25,20,20
46,6345,0.08382384624197142,5.3239727425356505e-05,0.3096586026309488,0.6064643113996531,25,20,20
46,6346,0.08382384624183102,5.323972742823339e-05,0.3159036394233399,0.6002192746073994,25,20,20
46,6347,0.0833391276894757,5.345209322992951e-05,0.3163862217234289,0.6002211984938639,25,20,20
46,6348,0.0833414020486864,6.566655208766122e-05,0.3194361310159511,0.5971568003832727,25,20,20
46,6349,0.08334140656525219,8.511445820623885e-05,0.32416737190899747,0.5924061070675426,25,20,20
46,6350,0.08334140656525298,8.511445820631282e-05,0.3241675143336844,0.5924059646428548,25,20,20
46,6351,0.08334140656525292,8.511445820209646e-05,0.32416743294303507,0.5924060460335084,25,20,20
46,6352,0.08334140656529736,8.511445844927882e-05,0.32430426355126046,0.5922692154249912,25,20,20
46,6353,0.08237984755245728,8.511347956463167e-05,0.32526582356160005,0.5922692154063768,25,20,20
46,6354,0.08237984755245648,8.511347956026655e-05,0.32526123385311273,0.5922738051148696,25,20,20
46,6355,0.08237984754221028,8.511347931984192e-05,0.3255251676028182,0.5920098713756506,25,20,20
46,6356,0.08184159115035898,3.2229987248560015e-05,0.32611630561966787,0.5920098732427234,25,20,20
46,6357,0.0818415911503558,3.2229987248561546e-05,0.3261139682517421,0.5920122106106522,25,20,20
46,6358,0.08184159115031056,3.2229987001304166e-05,0.32584769645226624,0.5922784824104208,25,20,20
46,6359,0.0818415911503105,3.2229987001302865e-05,0.3258429966244449,0.5922831822382423,25,20,20
46,6360,0.08184159115031045,3.2229987001228895e-05,0.32584291660364784,0.5922832622590396,25,20,20
46,6361,0.08184159115031048,3.222998700137674e-05,0.32621593939360344,0.5919102394690837,25,20,20
46,6362,0.08184159115031045,3.222998700130277e-05,0.32621582550400957,0.5919103533586775,25,20,20
46,6363,0.0812232036214207,3.223007957021735e-05,0.32683418863591457,0.5919103776630934,25,20,20
46,6364,0.08122083458699991,3.2230009718184734e-05,0.33029248900276614,0.5884544464005146,25,20,20
46,6365,0.08139304577358349,3.2235128453587636e-05,0.3301202961456117,0.5884544229523501,25,20,20
46,6366,0.08139304578393199,3.223512846206654e-05,0.33024978712382014,0.5883249319637849,25,20,20
46,6367,0.08139304578393199,3.223512846206529e-05,0.3302498251122021,0.588324893975403,25,20,20
46,6368,0.08139304579409401,3.223514234770762e-05,0.3301377260135275,0.5884369930500299,25,20,20
46,6369,0.08139304579409322,3.223514235198918e-05,0.3302298772331195,0.5883448418304343,25,20,20
46,6370,0.08170614324142308,3.223002475715634e-05,0.3299167857369222,0.5883448409968967,25,20,20
46,6371,0.08170614324138209,3.2230024749989616e-05,0.32366716205543716,0.5945944646784296,25,20,20
46,6372,0.0817038689109795,2.7168354381319853e-05,0.3236755092288789,0.5945934535057593,25,20,20
46,6373,0.09552074144368727,2.716835439131548e-05,0.30985863697216304,0.5945934532297573,25,20,20
46,6374,0.09552074144368726,2.7168354386959948e-05,0.30976862077606865,0.594683469425856,25,20,20
46,6375,0.09552074144368725,2.7168354386884677e-05,0.3097685805735731,0.5946835096283518,25,20,20
46,6376,0.09552074143334192,2.7168354378405772e-05,0.30963915338075415,0.5948129368315246,25,20,20
46,6377,0.09552074144819052,3.092337316980308e-05,0.309634496468301,0.5948138387103377,25,20,20
46,6378,0.09552074144819057,3.092337316980308e-05,0.30963230082102,0.5948160343576185,25,20,20
46,6379,0.09552074144818735,3.092337316980307e-05,0.30963878432314784,0.5948095508554939,25,20,20
46,6380,0.09552074144818733,3.092337316980282e-05,0.3096411216465704,0.5948072135320714,25,20,20
46,6381,0.09552074144818735,3.092337316980154e-05,0.3096345999610929,0.594813735217549,25,20,20
46,6382,0.0887282330699998,3.09234258479995e-05,0.3164271079453893,0.5948137355587622,25,20,20
46,6383,0.08872823306999975,3.092342584792423e-05,0.3164270248765782,0.5948138186275733,25,20,20
46,6384,0.08860584457614784,3.092342740892905e-05,0.3165494129518399,0.5948138190446023,25,20,20
46,6385,0.11250635737881814,3.0923315229789986e-05,0.2926510604907843,0.5948116588151668,25,20,20
46,6386,0.1065836367465081,3.1710749450438e-05,0.2985691756235029,0.5948154768805376,25,20,20
46,6387,0.1065836367465073,3.171074945036273e-05,0.29856905972134284,0.5948155927826986,25,20,20
46,6388,0.10665182251328476,3.171075806177566e-05,0.2985008763421713,0.5948155903864811,25,20,20
46,6389,0.1066518225029075,3.171077162606579e-05,0.2988683508561965,0.5944481158692689,25,20,20
46,6390,0.11052155557151586,3.092656919865148e-05,0.29500321987271944,0.594444297986565,25,20,20
46,6391,0.11052155557151584,3.092656919436165e-05,0.2949986302067131,0.5944488876525756,25,20,20
46,6392,0.11052155557151584,3.092656919436033e-05,0.29499854915577606,0.5944489687035126,25,20,20
46,6393,0.11096777650845956,3.09143068829904e-05,0.2945522777658609,0.5944490314187947,25,20,20
46,6394,0.11096777650846273,3.0914306887355286e-05,0.2945588822920554,0.5944424268925925,25,20,20
46,6395,0.11096777650846272,3.091430688720612e-05,0.2941857784511627,0.5948155307334854,25,20,20
46,6396,0.11096777650846273,3.0914306887204873e-05,0.294185693130271,0.594815616054377,25,20,20
46,6397,0.1109677764981198,3.091429299729948e-05,0.2940314466277999,0.5949698625810811,25,20,20
46,6398,0.11096777649811979,3.091429299722419e-05,0.29403140816493384,0.5949699010439473,25,20,20
46,6399,0.1109677764889469,3.0914292785317606e-05,0.28937886915231664,0.5996224400659492,25,20,20
46,6400,0.1109677764889501,3.091429278531891e-05,0.2893790309612306,0.5996222782570321,25,20,20
46,6401,0.10265738380759734,3.152624102631022e-05,0.2976887598697723,0.599622330081602,25,20,20
46,6402,0.10265738380760052,3.15262410306013e-05,0.2976934229900903,0.5996176669612766,25,20,20
46,6403,0.10265738380760366,3.1526241030676574e-05,0.29769345202258174,0.599617637928782,25,20,20
46,6404,0.10265738380760371,3.152624103067533e-05,0.297693479165663,0.5996176107857005,25,20,20
46,6405,0.10265738380760371,3.152624103067533e-05,0.29769348173886195,0.5996176082125017,25,20,20
46,6406,0.13079545638575305,3.152572610952514e-05,0.26955540976063175,0.5996176081275034,25,20,20
46,6407,0.1307954563857531,3.152572610952776e-05,0.2695576879032798,0.5996153299848553,25,20,20
46,6408,0.13091212519772757,2.0810828489437765e-05,0.26945263022324206,0.5996144337505386,25,20,20
46,6409,0.13090990962120733,2.0624311746286644e-05,0.2694569003035456,0.5996125657634997,25,20,20
46,6410,0.1307937769657458,2.0479506837251037e-05,0.2695731861323933,0.5996125573950227,25,20,20
46,6411,0.13079377696574573,2.047950683725229e-05,0.2695731589790367,0.5996125845483793,25,20,20
46,6412,0.13079377696574573,2.0479506837250973e-05,0.2695731575672684,0.5996125859601477,25,20,20
46,6413,0.10810312297207393,1.986434318942641e-05,0.28820400696465,0.6036730057200856,25,20,20
46,6414,0.1081031173546169,1.0223696051545052e-05,0.2882136822267404,0.6036729767225906,25,20,20
46,6415,0.10810311735479905,1.0223696051620347e-05,0.28821369043078526,0.6036729685183636,25,20,20
46,6416,0.10810311735479586,1.0223696051545078e-05,0.2882135795973902,0.603673079351762,25,20,20
46,6417,0.10854583564504544,1.0215571150084458e-05,0.28777090848663744,0.6036730402971664,25,20,20
46,6418,0.108563436067138,1.0215580127025563e-05,0.2877605142053366,0.6036658341473974,25,20,20
46,6419,0.1480927046042219,1.0220689066957565e-05,0.24823124013113984,0.6036658345755704,25,20,20
46,6420,0.11180088395519695,1.0221607557584706e-05,0.28452293417926383,0.6036659602579812,25,20,20
46,6421,0.11180088395501481,1.0221607557583434e-05,0.28452285216636414,0.6036660422710631,25,20,20
46,6422,0.11620363783340862,1.0221758789638033e-05,0.28012005727384165,0.6036660831339591,25,20,20
46,6423,0.11620363783358757,1.022174497654999e-05,0.27975067427899897,0.6040354661424359,25,20,20
46,6424,0.11620363783358441,1.0221744972260158e-05,0.279746085060099,0.6040400553613432,25,20,20
46,6425,0.11620363783358441,1.022174497233413e-05,0.27974600574682773,0.6040401346746144,25,20,20
46,6426,0.11620363783358352,1.0221744971073156e-05,0.2907973220407427,0.5929888183807015,25,20,20
46,6427,0.11620111345061304,1.0221585923396303e-05,0.29476486688812686,0.5890237980753348,25,20,20
46,6428,0.11620111345079516,1.0221586172289479e-05,0.2947687753782635,0.5890198895847673,25,20,20
46,6429,0.11651698878279557,1.022154266432179e-05,0.2944528996614596,0.5890198900130791,25,20,20
46,6430,0.11702655895261425,1.0194326598408062e-05,0.29394342272505,0.5890198239957364,25,20,20
46,6431,0.1170263676206524,1.019432668119279e-05,0.2940373541067126,0.5889260839459527,25,20,20
46,6432,0.11702636762065008,1.019432667808758e-05,0.28297943256578384,0.5999840054868868,25,20,20
46,6433,0.11702636762065008,1.0194326678087604e-05,0.2829794332567629,0.5999840047959077,25,20,20
46,6434,0.11702636762046868,1.019499726968542e-05,0.28922505175310326,0.5937383856291573,25,20,20
46,6435,0.14899126345021074,1.019513742972221e-05,0.2571977650732288,0.5938007763391291,25,20,20
46,6436,0.1490594481685571,1.0169036444753022e-05,0.25712972855208,0.5938006542429175,25,20,20
46,6437,0.14905944816856026,1.0169036688808947e-05,0.25722021283942076,0.5937101699553299,25,20,20
46,6438,0.1490594481711523,1.0169036933402588e-05,0.25722496464274064,0.5937054181491733,25,20,20
46,6439,0.1490594481711523,1.0169036933477856e-05,0.25722504642871474,0.5937053363631991,25,20,20
46,6440,0.149059448171334,1.0169037177462684e-05,0.25731723117237626,0.5936131516191119,25,20,20
46,6441,0.14906375000904598,1.0169037149033275e-05,0.25731292934203,0.5936131516117744,25,20,20
46,6442,0.14906375000904595,1.0169037149031976e-05,0.25731281581618065,0.5936132651376237,25,20,20
46,6443,0.14906375000904595,1.0169037149108543e-05,0.2573128961464144,0.5936131848073899,25,20,20
46,6444,0.1490637500090461,1.0168366557584694e-05,0.2510656433610996,0.5998604382632962,25,20,20
46,6445,0.14909240644749247,1.0120261796967383e-05,0.2510370386914332,0.5998604345992766,25,20,20
46,6446,0.14902452085436235,1.0120261345060018e-05,0.25110492659037464,0.5998604322939171,25,20,20
46,6447,0.14910971974946444,1.0115178486076993e-05,0.2510197336353616,0.5998604314366868,25,20,20
46,6448,0.14553470684258582,1.0114258406950756e-05,0.2545948735689859,0.5998603053300202,25,20,20
46,6449,0.14114076382709087,1.0114111586602615e-05,0.25898885757282064,0.5998602644885009,25,20,20
46,6450,0.14113928419054608,1.0114120469643487e-05,0.2589902019730632,0.5998603997159198,25,20,20
46,6451,0.1411103335155074,1.0114527440465056e-05,0.25901915634937056,0.5998603956076802,25,20,20
46,6452,0.1411103335155042,1.0114527196407811e-05,0.2589263958924945,0.5999531560648038,25,20,20
46,6453,0.14111033351550334,1.0114527196257261e-05,0.25892323244198256,0.5999563195153168,25,20,20
46,6454,0.1411103335155034,1.0114527196330755e-05,0.25918956366020107,0.5996899882970982,25,20,20
46,6455,0.1372419534423356,1.0114607858500583e-05,0.26305794326140813,0.5996899886883967,25,20,20
46,6456,0.1372419534423356,1.0114607858500515e-05,0.26305794394773635,0.5996899880020685,25,20,20
46,6457,0.13722759478440044,1.0115106618067545e-05,0.26263953549756025,0.6001227546114203,25,20,20
46,6458,0.13722759478444663,1.0115106618143886e-05,0.2627829817619635,0.5999793083469709,25,20,20
46,6459,0.13722759478440044,1.0115106618067548e-05,0.26263953608324636,0.6001227540257343,25,20,20
46,6460,0.1372295127737105,2.1703918202267067e-05,0.26262602927694284,0.6001227540311436,25,20,20
46,6461,0.13657205151379093,2.202465412212932e-05,0.2608205715561113,0.6025853522759748,25,20,20
46,6462,0.1365720515137909,2.202465412212798e-05,0.26082054298098134,0.6025853808511049,25,20,20
46,6463,0.13804660969152605,2.2515680477689886e-05,0.25934549304385085,0.6025853815841447,25,20,20
46,6464,0.13792574482367395,2.251568050366435e-05,0.25946635789678907,0.6025853815990326,25,20,20
46,6465,0.11050538683555149,2.219595483549684e-05,0.28934962906043304,0.6001227881491787,25,20,20
46,6466,0.11050538683555149,2.219595483549814e-05,0.2893497094450312,0.6001227077645807,25,20,20
46,6467,0.09414970699940996,2.2207543462379068e-05,0.30570521768591447,0.6001228677712114,25,20,20
46,6468,0.09414970699959088,2.220754346664213e-05,0.30597156071386117,0.5998565247430794,25,20,20
46,6469,0.09414970699959094,2.2207543466566887e-05,0.30597150798700484,0.5998565774699358,25,20,20
46,6470,0.09482492526502735,2.3437691436741744e-05,0.3052891927870514,0.5998624442564824,25,20,20
46,6471,0.09482492526502737,2.3437691441030052e-05,0.3052957181948778,0.5998559188486517,25,20,20
46,6472,0.09482492526502734,2.343769168561269e-05,0.3053023226961408,0.5998493143471442,25,20,20
46,6473,0.12405488051833079,2.364985518192571e-05,0.27607213727076413,0.5998493323557209,25,20,20
46,6474,0.12740242614132144,2.3650288727473054e-05,0.27272459122135834,0.5998493323485914,25,20,20
46,6475,0.1274024261411401,2.365028848287281e-05,0.27272087942540035,0.5998530441449753,25,20,20
46,6476,0.127428875075844,1.2156492966803885e-05,0.2727056948733649,0.5998532735578238,25,20,20
46,6477,0.13661025056257667,1.2156177170997979e-05,0.26352255654183687,0.5998550367184144,25,20,20
46,6478,0.13661025056257745,1.2156177170999988e-05,0.263516147328228,0.5998614459320225,25,20,20
46,6479,0.1366102505625774,1.2156177171001779e-05,0.2632545159699695,0.6001230772902811,25,20,20
46,6480,0.1366102505625774,1.2156177171077048e-05,0.26325463124648674,0.6001229620137638,25,20,20
46,6481,0.1366102505625806,1.2156177171077056e-05,0.26325004578877303,0.6001275474714742,25,20,20
46,6482,0.10144757678371155,1.2184478532064108e-05,0.29840498088972245,0.600135257848034,25,20,20
46,6483,0.10144757678371073,1.2184478527772494e-05,0.2984047856263473,0.6001354531114145,25,20,20
46,6484,0.10144757678352984,1.2184478523509412e-05,0.29813844060078926,0.6004017981371577,25,20,20
46,6485,0.10144757678352984,1.2184478523436762e-05,0.2981384391978959,0.6004017995400511,25,20,20
46,6486,0.10144757678093538,1.2184478278769173e-05,0.2981380466043946,0.6004021921363916,25,20,20
46,6487,0.10144757678093541,1.2184478274479544e-05,0.2981315565833587,0.6004086821574318,25,20,20
46,6488,0.10923687297985499,1.2184334304273133e-05,0.2904063630141994,0.6003445796716415,25,20,20
46,6489,0.08093578395276158,1.2023862893906663e-05,0.31870066224263005,0.6003515299417138,25,20,20
46,6490,0.07998931249955733,1.1972162002892243e-05,0.31965415371959094,0.6003445616188481,25,20,20
46,6491,0.07902744102854026,1.1972165717209347e-05,0.3210489269381987,0.5999116598675439,25,20,20
46,6492,0.07902745044899874,1.1972169615543041e-05,0.32104532130913727,0.5999152560722486,25,20,20
46,6493,0.07902745044899794,1.1972169615542558e-05,0.3210498265291011,0.5999107508522854,25,20,20
46,6494,0.07902745044899792,1.197216937095858e-05,0.3210431930026148,0.5999173843790165,25,20,20
46,6495,0.07902745044904344,1.1972169375250826e-05,0.32104980118840504,0.5999107761931761,25,20,20
46,6496,0.07902745044904665,1.1972169375250872e-05,0.32104996359624693,0.5999106137853313,25,20,20
46,6497,0.07828337222155334,1.0741032352175007e-05,0.3218011445640007,0.5999047421820936,25,20,20
46,6498,0.07828337222155335,1.0741032352100988e-05,0.32180771091540356,0.5998981758306909,25,20,20
46,6499,0.07828337222159845,1.0741046165264327e-05,0.32218189224016264,0.5995239944920736,25,20,20
46,6500,0.07833730190748682,1.334313028081312e-05,0.32212536045455953,0.5995239945076734,25,20,20
46,6501,0.07833730190748761,1.3343130285104068e-05,0.3221319670678635,0.5995173878943644,25,20,20
46,6502,0.07757898531719168,1.4072848429624611e-05,0.3228894525646792,0.5995174892696997,25,20,20
46,6503,0.07757898581483197,1.6244307717664462e-05,0.32924596749012586,0.5931588023873244,25,20,20
46,6504,0.10408730626987789,1.6244196194894514e-05,0.3027394102840053,0.5931570392499207,25,20,20
46,6505,0.10408730626969616,1.6244195950835736e-05,0.30265371445162664,0.5932427350827251,25,20,20
46,6506,0.10408730626969616,1.6244195950834466e-05,0.3026537135199429,0.5932427360144089,25,20,20
46,6507,0.10408730626969621,1.6244195955096227e-05,0.3029134420128401,0.5929830075215073,25,20,20
46,6508,0.105036060146069,1.624418972536379e-05,0.30196468820153366,0.5929830074626709,25,20,20
46,6509,0.10500796248239212,1.6148766941679088e-05,0.30199310264848545,0.592982786102179,25,20,20
46,6510,0.10500796248239132,1.614876693738816e-05,0.3019911989335681,0.5929846898171014,25,20,20
46,6511,0.10500796248257309,1.6148766941594625e-05,0.30208364342308186,0.5928922453274018,25,20,20
46,6512,0.14322268602394098,1.6148768921744312e-05,0.26387251605589496,0.5928886491512406,25,20,20
46,6513,0.14322268602393778,1.614876892174561e-05,0.2638723542683771,0.5928888109387617,25,20,20
46,6514,0.1432518762700248,1.6148754029503673e-05,0.26384316403591745,0.5928888109400269,25,20,20
46,6515,0.14326780580604315,0.00039724855522353664,0.26161730195793,0.5947176436808025,25,20,20
46,6516,0.14326780580604634,0.0003972485552278283,0.261617497219784,0.594717448418941,25,20,20
46,6517,0.14326780580618295,0.0003972485414147427,0.2613356195915679,0.5949993260608335,25,20,20
46,6518,0.1639058068771041,0.00039724854444148853,0.24069472212335263,0.5950022224551015,25,20,20
46,6519,0.1632094331575793,0.0003960278004619935,0.2413924186956037,0.5950021203463544,25,20,20
46,6520,0.19600647796892504,0.00039947951586276467,0.20859190227427427,0.5950021402409376,25,20,20
46,6521,0.19600647796892504,0.00039947951586276337,0.20859194958533928,0.5950020929298726,25,20,20
46,6522,0.1950516155377025,0.00039945113391937835,0.20955454999796763,0.5949943833304102,25,20,20
46,6523,0.19505161553770242,0.0003994511339194069,0.2092884139760454,0.5952605193523324,25,20,20
46,6524,0.19653951076609374,0.00039945113394439143,0.20780051877461617,0.5952605193253452,25,20,20
46,6525,0.1965395107660941,0.0003994511341888871,0.20771679655375444,0.5953442415459619,25,20,20
46,6526,0.1965395107660941,0.00039945113419314005,0.2080898998853691,0.5949711382143428,25,20,20
46,6527,0.2121702289370281,0.00039945127378849144,0.1924591447968643,0.5949711749923182,25,20,20
46,6528,0.2121702289370282,0.0003994512737884915,0.19245914479747175,0.5949711749917107,25,20,20
46,6529,0.21209565045723722,0.0003994512738443082,0.19253372242772626,0.5949711758411912,25,20,20
46,6530,0.21209565045723713,0.00039945127384005664,0.19216062049363547,0.5953442777752863,25,20,20
46,6531,0.21209565045723713,0.000399451273835765,0.19216042324917443,0.5953444750197519,25,20,20
46,6532,0.21209565045723713,0.00039945127383576634,0.19216188243118576,0.5953430158377404,25,20,20
46,6533,0.21209564995977892,0.0003972798145477265,0.18580537083575951,0.6017016993899124,25,20,20
46,6534,0.21206297887800915,0.0003972801626258077,0.1858380398522244,0.6017017011071393,25,20,20
46,6535,0.17256764203335165,0.002487458328792265,0.2232401311870355,0.6017047684508191,25,20,20
46,6536,0.17249650108534353,0.0021037560411390284,0.22552380725544835,0.5998759356180675,25,20,20
46,6537,0.17249650108534267,0.0021037560411391763,0.2255259683136292,0.5998737745598874,25,20,20
46,6538,0.15571208808068515,0.002103755898211266,0.24231032672903816,0.599873829292064,25,20,20
46,6539,0.11765095929008484,0.002103849296257859,0.2803713543744804,0.599873837039175,25,20,20
46,6540,0.11765095928990593,0.0021038492964976264,0.28045899505971045,0.599786196353884,25,20,20
46,6541,0.11765095928990588,0.0021038492964976273,0.28045737610013505,0.5997878153134595,25,20,20
46,6542,0.11765095928972696,0.002103849296253055,0.280448877796029,0.5997963136179888,25,20,20
46,6543,0.13421610860393424,0.0021043310987257954,0.2638831675042193,0.5997963927931184,25,20,20
46,6544,0.13421610860393424,0.0021043310987258696,0.26388544576412004,0.5997941145332174,25,20,20
46,6545,0.13421640936536056,0.002105089004280609,0.2638843237027163,0.5997941779276412,25,20,20
46,6546,0.13252328502238694,0.0021049956063682145,0.26557754709808734,0.5997941722731563,25,20,20
46,6547,0.1325232850223838,0.002104995619937679,0.2658583505044458,0.5995133688532316,25,20,20
46,6548,0.13252328502238067,0.002104995620182261,0.2658649723747625,0.5995067469826734,25,20,20
46,6549,0.13252328502238067,0.002104995620182334,0.26586494096930385,0.5995067783881319,25,20,20
46,6550,0.10907077081713341,0.00210498403153311,0.2893176267427404,0.5995066184085924,25,20,20
46,6551,0.1090707708172583,0.0021050149605382627,0.30200887563407103,0.586815338588132,25,20,20
46,6552,0.10907077081721284,0.00210501496053397,0.3020023493417715,0.5868218648804813,25,20,20
46,6553,0.10900160960244498,0.0021050149605312124,0.3020715081238588,0.5868218673131647,25,20,20
46,6554,0.10897190660748246,0.0021050149456701265,0.30210097738738634,0.58682210105946,25,20,20
46,6555,0.10897190660748246,0.002105014945670124,0.302101087826478,0.5868219906203683,25,20,20
46,6556,0.09644136669937167,0.0021045918457973326,0.28917080850876586,0.6122832329460643,25,20,20
46,6557,0.1302104704321669,0.0021038381129289798,0.25540250151075555,0.612283189944148,25,20,20
46,6558,0.1364362986987481,0.0021038338313094916,0.24917669791955202,0.6122831695503897,25,20,20
46,6559,0.13367873604980246,0.0021225241210578133,0.25191240225520484,0.6122863375739344,25,20,20
46,6560,0.1336787444903765,0.0021224932059960983,0.23923456845860325,0.6249641938450239,25,20,20
46,6561,0.13617098921100118,0.0021042643738386118,0.2366425298700409,0.625082216545119,25,20,20
46,6562,0.1361709892110043,0.0021042643738382522,0.23664356126861785,0.6250811851465392,25,20,20
46,6563,0.12908596910413458,0.0021042645164923764,0.24372752554592916,0.625082240833443,25,20,20
46,6564,0.12908596910413145,0.002104264516492301,0.2437321126553404,0.6250776537240351,25,20,20
46,6565,0.12908596066343253,0.002104264502548865,0.24372339938223408,0.6250863754517839,25,20,20
46,6566,0.12954052292691054,0.002104265187762574,0.24326555269687744,0.625089659188448,25,20,20
46,6567,0.15065618312121928,0.0021042645124826954,0.2221534097114121,0.6250861426548849,25,20,20
46,6568,0.15065618312122248,0.002104264512725691,0.22241976113804868,0.6248197912280022,25,20,20
46,6569,0.15065618312122242,0.0021042645124811073,0.22241305668184266,0.6248264956844529,25,20,20
46,6570,0.15065618312121923,0.0021042645124768142,0.22241286197103682,0.6248266903952665,25,20,20
46,6571,0.15065618313160012,0.002104264512721483,0.22241109215325136,0.6248284602024264,25,20,20
46,6572,0.15065618313160012,0.002104264512721483,0.2224110895944737,0.6248284627612042,25,20,20
46,6573,0.15065618313160006,0.0021042645127257727,0.22241299260249517,0.6248265597531784,25,20,20
46,6574,0.15065836258941398,0.002104264512643307,0.22241081315262393,0.6248265597453182,25,20,20
46,6575,0.15065836258941717,0.0021042645126434574,0.22241082127794287,0.6248265516199958,25,20,20
46,6576,0.15005054813965046,0.002104231634636593,0.22302550044672453,0.6248197197789875,25,20,20
46,6577,0.17450017080530866,0.002103802921734751,0.19869070329381797,0.6247053229791381,25,20,20
46,6578,0.17450017080549077,0.002103802921739042,0.19869506247143015,0.6247009638013395,25,20,20
46,6579,0.17450017080549154,0.0021038029219813846,0.19906348145946698,0.6243325448130596,25,20,20
46,6580,0.17450017079511387,0.002103802921741007,0.1990609509678957,0.624335075315249,25,20,20
46,6581,0.17450017079529478,0.0021038029217428007,0.1987801776531592,0.6246158486298027,25,20,20
46,6582,0.17450017079511304,0.0021038029214986657,0.19868794296535058,0.6247080833180372,25,20,20
46,6583,0.174500170797705,0.00210380290793016,0.1983204689713025,0.6250755573230617,25,20,20
46,6584,0.19188444726392928,0.0021038029101567175,0.18093619176572376,0.62507555806019,25,20,20
46,6585,0.19188444726392928,0.0021038029101567175,0.1809363062643665,0.625075443561547,25,20,20
46,6586,0.19188444726392928,0.0021038029101567188,0.18093622578264415,0.6250755240432695,25,20,20
46,6587,0.19308650267195707,0.002090237246113147,0.17974775592678635,0.6250755041551431,25,20,20
46,6588,0.1930865026720021,0.0020902372599220192,0.1801153307587543,0.6247079293093212,25,20,20
46,6589,0.1930865026720021,0.002090237259922018,0.18011544520801262,0.6247078148600629,25,20,20
46,6590,0.17713122858068428,0.002090237253627764,0.19607071933490616,0.6247078148307815,25,20,20
46,6591,0.17713122858072983,0.002090237253627839,0.19607074999685803,0.624707784168784,25,20,20
46,6592,0.20484624971253607,0.002090237505436206,0.1683518976045432,0.624711615177484,25,20,20
46,6593,0.22108603485374625,0.0020902375115702597,0.15211202287068287,0.6247117047640001,25,20,20
46,6594,0.22108603485356448,0.0020902375115702714,0.1520196163780983,0.6248041112567663,25,20,20
46,6595,0.22108603485096942,0.002090237511325614,0.1520129915540809,0.6248107360836235,25,20,20
46,6596,0.22108603485096623,0.0020902375110826194,0.15175134086426392,0.6250723867736866,25,20,20
46,6597,0.24720572503377766,0.002090237571478217,0.12563073419165535,0.6250733032030883,25,20,20
46,6598,0.24314189937445596,0.002090178868356317,0.11515606423820728,0.6396118575189802,25,20,20
46,6599,0.23400630219639218,0.0020901827961460465,0.12429163875611873,0.6396118762513424,25,20,20
46,6600,0.23400630219621013,0.002090182796141756,0.12428508247886434,0.6396184325287831,25,20,20
46,6601,0.2340063021963939,0.002090182796146123,0.12428522594292116,0.6396182890645382,25,20,20
46,6602,0.22440203697142302,0.0020901919228769354,0.1338933143443893,0.6396144567613099,25,20,20
46,6603,0.21574514684642082,0.0020908006365451255,0.14254669361626873,0.6396173589007644,25,20,20
46,6604,0.2374792037296892,6.226681521530111e-07,0.12290588287800143,0.6396142907241563,25,20,20
46,6605,0.23496362719421712,2.7683455935027707e-06,0.12541940321110626,0.6396142012490831,25,20,20
46,6606,0.24095891571454586,2.7683455689747845e-06,0.11942411469726254,0.639614201242622,25,20,20
46,6607,0.2255482496065747,2.768550797924736e-06,0.13483466803469546,0.6396143138079322,25,20,20
46,6608,0.2255482496065755,2.7685507979260562e-06,0.13484356635302705,0.6396054154895997,25,20,20
46,6609,0.21602293308273687,6.442994580155385e-07,0.1443690429863177,0.6396073796314883,25,20,20
46,6610,0.21602293308255477,6.442994622305854e-07,0.1443691175573504,0.6396073050606332,25,20,20
46,6611,0.21602293308513865,6.44299709954257e-07,0.14454857168241844,0.6394278509327337,25,20,20
46,6612,0.21602293308513942,6.442997142453877e-07,0.14454857401192037,0.6394278486032267,25,20,20
46,6613,0.21602293308513865,6.442997143193359e-07,0.1445397909701059,0.6394366316450418,25,20,20
46,6614,0.2160229330850931,6.442997142427693e-07,0.14453964726043578,0.6394367753547576,25,20,20
46,6615,0.21602293309526183,6.442999538015661e-07,0.14465368581482424,0.6393227367899607,25,20,20
46,6616,0.23779127917019927,6.349216215334523e-07,0.12288496954308321,0.6393231163650958,25,20,20
46,6617,0.23779127917024157,6.349216216076271e-07,0.1228828621277665,0.63932522378037,25,20,20
46,6618,0.2013760924491534,6.353852741858417e-07,0.15929804613789394,0.6393252260276792,25,20,20
46,6619,0.18963537545727255,6.14646668793742e-07,0.17103857613816115,0.6393254337578977,25,20,20
46,6620,0.1896353754572725,6.146466687184503e-07,0.17103849297017304,0.639325516925886,25,20,20
46,6621,0.1896353754546886,6.146464209221052e-07,0.17085907072887063,0.6395049391700202,25,20,20
46,6622,0.1896353754546886,6.146464209234262e-07,0.17085909778929498,0.6395049121095958,25,20,20
46,6623,0.1896353754546878,6.146464167062583e-07,0.17085909713464192,0.6395049127642537,25,20,20
46,6624,0.1896353754546878,6.146464124146675e-07,0.17085890132414633,0.6395051085747537,25,20,20
46,6625,0.18963537545468867,6.146464167813695e-07,0.1708611819783481,0.6395028279205464,25,20,20
46,6626,0.18963537546500148,6.146602671502917e-07,0.17112392986824088,0.6392400800064904,25,20,20
46,6627,0.20697506011596928,6.144752488732226e-07,0.15378414951411762,0.639240175894664,25,20,20
46,6628,0.20697506011596928,6.144752488758403e-07,0.15378411415304935,0.6392402112557322,25,20,20
46,6629,0.22058039591182577,6.14506687421956e-07,0.1401796967921007,0.639239292789386,25,20,20
46,6630,0.22058039590147324,6.145064434949115e-07,0.14006543284729375,0.6393535567447893,25,20,20
46,6631,0.22058039590147324,6.145064434961631e-07,0.14007013489791764,0.6393488546941654,25,20,20
46,6632,0.2205803959015185,6.14520293937314e-07,0.1403375032625348,0.6390814863156526,25,20,20
46,6633,0.22058039590152256,6.145202939399527e-07,0.14033905542023195,0.6390799341579513,25,20,20
46,6634,0.23703115018880688,6.143026418280052e-07,0.12388841560372484,0.6390798199048259,25,20,20
46,6635,0.23703115017867624,6.142890361480941e-07,0.12362273233403745,0.6393455031982496,25,20,20
46,6636,0.23703115017885834,6.142892807423328e-07,0.12362736120397426,0.6393408743278861,25,20,20
46,6637,0.24429364508165605,6.141485234775886e-07,0.11618097941741498,0.6395247613524051,25,20,20
46,6638,0.2439173484339708,6.141495080692562e-07,0.11655765608915894,0.6395243813273619,25,20,20
46,6639,0.2616143464505251,6.343163747970325e-07,0.09886344776777234,0.6395215714653275,25,20,20
46,6640,0.2616143464505251,6.343163705793356e-07,0.09886344257043683,0.6395215766626672,25,20,20
46,6641,0.2785720129655093,4.195510692377579e-08,0.08190928928698009,0.6395186557924037,25,20,20
46,6642,0.2785720129655093,4.19551069237754e-08,0.08190929125348989,0.6395186538258938,25,20,20
46,6643,0.29490173559872285,4.211206314000912e-08,0.06576456759524632,0.6393336546939671,25,20,20
46,6644,0.29490173559854066,4.2111818524969946e-08,0.06576288421602795,0.6393353380736122,25,20,20
46,6645,0.294901735598583,4.21118227413155e-08,0.0657629609331923,0.6393352613564018,25,20,20
46,6646,0.2732607038140274,2.9510040685134776e-05,0.08736969104979336,0.6393400950954942,25,20,20
46,6647,0.2732607038140274,2.9510040685210033e-05,0.0873742764111104,0.6393355097341769,25,20,20
46,6648,0.2732607038140306,2.9510040685211355e-05,0.08737424505472705,0.639335541090557,25,20,20
46,6649,0.2732607038138493,2.9510040444980912e-05,0.08737420542522222,0.6393355807204834,25,20,20
46,6650,0.2732607038140306,2.951004044068984e-05,0.08736961195020804,0.6393401741953203,25,20,20
46,6651,0.2732607038142115,2.9510040683679963e-05,0.08763194965448502,0.6390778364906197,25,20,20
46,6652,0.2732607038142115,2.951004068353073e-05,0.0876254259564371,0.6390843601886674,25,20,20
46,6653,0.2732607038142147,2.9510040683533328e-05,0.08762545498382708,0.6390843311612744,25,20,20
46,6654,0.2732607038148782,2.951004069909771e-05,0.12506881800770947,0.6016409681367121,25,20,20
46,6655,0.27324384075661584,2.9510040697133865e-05,0.12508568106599266,0.6016409681366934,25,20,20
46,6656,0.2732438407566167,2.9510040701350246e-05,0.1250811765130838,0.6016454726895973,25,20,20
46,6657,0.2732438407566126,2.9510040701273637e-05,0.12508421197795314,0.6016424372247321,25,20,20
46,6658,0.27919001907183655,2.952057266357266e-05,0.11914014070398495,0.6016403196515138,25,20,20
46,6659,0.26419147922058506,2.950083344710467e-05,0.1341323496081378,0.6016466703378291,25,20,20
46,6660,0.2641914792205843,2.9500833442738024e-05,0.13413023273757996,0.6016487872083922,25,20,20
46,6661,0.264191479220542,2.9500833438447704e-05,0.13413011795553856,0.6016489019904803,25,20,20
46,6662,0.2641914792207241,2.950083344281329e-05,0.13413028715249553,0.6016487327933367,25,20,20
46,6663,0.26419147924323433,2.9500833461385193e-05,0.13659041801944294,0.5991886019038606,25,20,20
46,6664,0.2641914792432343,2.9500833461386443e-05,0.1365902562089112,0.5991887637143923,25,20,20
46,6665,0.26419147924305214,2.9500833457019558e-05,0.1365900605683173,0.5991889593551728,25,20,20
46,6666,0.26419147924304975,2.9500833461383692e-05,0.13659165569292012,0.599187364230568,25,20,20
46,6667,0.24255594177364992,2.9489608335825722e-05,0.15822725865359336,0.5991873099644205,25,20,20
46,6668,0.24255594177364997,2.9489608335901007e-05,0.15823188028075255,0.5991826883372611,25,20,20
46,6669,0.24255594177360443,2.9489608331535423e-05,0.1582318354267838,0.5991827331912796,25,20,20
46,6670,0.24214306472994726,2.9494973485803686e-05,0.15864334343607125,0.5991840968604947,25,20,20
46,6671,0.2421430647297651,2.9494973485729672e-05,0.15864326177013044,0.5991841785266177,25,20,20
46,6672,0.24214306472971991,2.949495963536119e-05,0.15837592926579439,0.5994515110448493,25,20,20
46,6673,0.24214306472971991,2.9494959631069516e-05,0.15850382816325173,0.5993236121473963,25,20,20
46,6674,0.2421430647297231,2.9494959631144777e-05,0.1585085283109325,0.5993189119997122,25,20,20
46,6675,0.24214306472972236,2.949495963047404e-05,0.16475792058386837,0.5930695197267778,25,20,20
46,6676,0.24225251507183512,2.9494589408341367e-05,0.16464847061241997,0.5930695197263359,25,20,20
46,6677,0.23867331339249773,2.9494135042305967e-05,0.16822767499266766,0.5930695174797905,25,20,20
46,6678,0.23867331339249856,2.9494135042305987e-05,0.16823440763347794,0.5930627848389793,25,20,20
46,6679,0.23870817528194624,2.948894824637955e-05,0.16820091417122554,0.5930614215985799,25,20,20
46,6680,0.23870817528194543,2.9488948246379742e-05,0.16807147275360287,0.5931908630162033,25,20,20
46,6681,0.23870817528194543,2.9488948246453377e-05,0.16815906435845684,0.5931032714113492,25,20,20
46,6682,0.23870817528212712,2.9488948242906297e-05,0.16200177762808607,0.599260558141542,25,20,20
46,6683,0.24024638314290897,2.9490542596763768e-05,0.1604635682480785,0.5992605580664149,25,20,20
46,6684,0.24024638314290822,2.9490542601040207e-05,0.16058636883702374,0.5991377574774661,25,20,20
46,6685,0.2402463831427265,2.9490542601040342e-05,0.1605006707788392,0.5992234555358323,25,20,20
46,6686,0.2402463831427265,2.9490542601040322e-05,0.16050064371485795,0.5992234825998135,25,20,20
46,6687,0.24024638314272642,2.949054260096504e-05,0.16049605666509964,0.5992280696495722,25,20,20
46,6688,0.2402463831427264,2.949054260096374e-05,0.1604960166765851,0.5992281096380868,25,20,20
46,6689,0.2402463831427264,2.9490542600888496e-05,0.16049593363300999,0.599228192681662,25,20,20
46,6690,0.2569039786955268,2.9490111659181403e-05,0.14384478378746787,0.5992217474053461,25,20,20
46,6691,0.256465515974737,2.949012350073067e-05,0.144283246469994,0.5992217474317685,25,20,20
46,6692,0.2564655332889439,2.9490137565543257e-05,0.10464336494365106,0.63886161162984,25,20,20
46,6693,0.2564655332889439,2.949013756554196e-05,0.10464344543735128,0.6388615311361397,25,20,20
46,6694,0.25646553328889876,2.9490123752455214e-05,0.10426934720158337,0.6392356293857658,25,20,20
46,6695,0.25646553328889554,2.9490123752378622e-05,0.10426937914289876,0.6392355974444537,25,20,20
46,6696,0.2429958292215916,2.9473158160082382e-05,0.11768865747890675,0.6392860401413419,25,20,20
46,6697,0.2429958292217238,2.9473732625681808e-05,0.12877682674773344,0.6281978702979172,25,20,20
46,6698,0.24298346789108835,2.9473745160857674e-05,0.1287891880652641,0.6281978702984868,25,20,20
46,6699,0.2429834678910883,2.9473745164999076e-05,0.12869709100193336,0.6282899673618133,25,20,20
46,6700,0.24298346789113384,2.9473745165001674e-05,0.1286993776860112,0.62828768067769,25,20,20
46,6701,0.2429834678909529,2.9473744922010246e-05,0.128432418963777,0.6285546394003481,25,20,20
46,6702,0.2429834678909529,2.9473744922085537e-05,0.1284323764565254,0.6285546819075996,25,20,20
46,6703,0.2429834678909497,2.9473744922085537e-05,0.1284323339201459,0.6285547244439821,25,20,20
46,6704,0.24305384348342288,2.9473735640613072e-05,0.12836195833771744,0.6285547244432187,25,20,20
46,6705,0.24305384348342365,2.947373564061439e-05,0.12836195837354814,0.6285547244073872,25,20,20
46,6706,0.24337116273114173,2.9478726695570226e-05,0.12804463413094225,0.6285547244112201,25,20,20
46,6707,0.23738505970646495,2.9499808720285184e-05,0.13396494833486483,0.6286204921499499,25,20,20
46,6708,0.23738505970646567,2.94998087202865e-05,0.13396047544683395,0.62862496503798,25,20,20
46,6709,0.23738505970646887,2.9499808720363073e-05,0.13396059124660428,0.6286248492382064,25,20,20
46,6710,0.23738505970646887,2.9499808716144707e-05,0.13433351327206527,0.6282519272127497,25,20,20
46,6711,0.23738505970646567,2.949980887526045e-05,0.1482986851889296,0.6142867552957296,25,20,20
46,6712,0.23738505970646567,2.9499808875186476e-05,0.14829868520255296,0.6142867552821065,25,20,20
46,6713,0.23765968507809976,2.9499717038238958e-05,0.1480240603604763,0.614286754844386,25,20,20
46,6714,0.2517085753603138,2.949649119831884e-05,0.13402561599512322,0.6142363121533646,25,20,20
46,6715,0.2517085753603138,2.949649119832014e-05,0.13402564502211833,0.6142362831263695,25,20,20
46,6716,0.2517085753603138,2.9496491198243548e-05,0.13402568551949037,0.6142362426289975,25,20,20
46,6717,0.251708575360317,2.9496491198246167e-05,0.13402573289144612,0.6142361952570383,25,20,20
46,6718,0.251708575360317,2.9496491202536e-05,0.13403039705517814,0.614231531093302,25,20,20
46,6719,0.25170857536031777,2.949649120260996e-05,0.1340369750605305,0.6142249530879488,25,20,20
46,6720,0.25170857536036256,2.9496491202685955e-05,0.13366397891460857,0.6145979492338259,25,20,20
46,6721,0.23470001136722005,3.066570347820263e-05,0.1506684886899931,0.6146008342393089,25,20,20
46,6722,0.2347000113672192,3.0665703478199994e-05,0.15066825948065993,0.614601063448643,25,20,20
46,6723,0.2347000113672192,3.0665703478201336e-05,0.15066833914419125,0.6146009837851116,25,20,20
46,6724,0.22419992205364447,3.066577163577079e-05,0.1611102714762936,0.6146591406984269,25,20,20
46,6725,0.22419992205364767,3.06657716357721e-05,0.16111495331422826,0.6146544588604886,25,20,20
46,6726,0.20803786863225732,3.1296894158790006e-05,0.17727627099801338,0.6146545634755711,25,20,20
46,6727,0.20803786863225737,3.129689415879003e-05,0.17727789270262284,0.6146529417709616,25,20,20
46,6728,0.20803786863225734,3.129689440337095e-05,0.17728219663000047,0.6146486378433395,25,20,20
46,6729,0.2301796866835297,1.8289527319144855e-06,0.15517477616420844,0.6146437081995306,25,20,20
46,6730,0.23011054788683802,1.8289530411649044e-06,0.15524391496056375,0.6146437081995567,25,20,20
46,6731,0.23011054838728398,1.8289648830414167e-06,0.14745038762667906,0.6224372350211534,25,20,20
46,6732,0.23011054838728723,1.828964883042725e-06,0.14745687607280888,0.6224307465750204,25,20,20
46,6733,0.23011054838728726,1.828964878752893e-06,0.1474521744081593,0.622435448239674,25,20,20
46,6734,0.23012742656574178,1.8299552569062693e-06,0.1474352951968389,0.6224354482821617,25,20,20
46,6735,0.2285605307459735,1.828360381627829e-06,0.1490021926792567,0.6224354482143876,25,20,20
46,6736,0.22856053074597665,1.8283603774265276e-06,0.14896498777908646,0.6224726531145588,25,20,20
46,6737,0.228560513408596,1.8283462784036852e-06,0.14870137485393933,0.6227362833911855,25,20,20
46,6738,0.22856051340859607,1.8283462784063038e-06,0.14870357114224791,0.6227340871028768,25,20,20
46,6739,0.22873559091140613,1.8333377322805866e-06,0.14852848864050144,0.6227340871103597,25,20,20
46,6740,0.22873559091140605,1.8333377365689168e-06,0.1485328163781714,0.6227297593726856,25,20,20
46,6741,0.23910772235678343,1.833269718886968e-06,0.13821884147452979,0.6226716028989675,25,20,20
46,6742,0.23910772235678418,1.8332697231765965e-06,0.13822544553500968,0.6226649988384826,25,20,20
46,6743,0.23280315687329656,6.726769179358649e-07,0.1445340551982267,0.6226621152515581,25,20,20
46,6744,0.22125800245184105,8.128166012689087e-07,0.15607834960880662,0.6226628351227504,25,20,20
46,6745,0.22125800246215388,8.128166055319126e-07,0.15634547015819358,0.6223957145630464,25,20,20
46,6746,0.2212580024621116,8.128166053839707e-07,0.1563520764696298,0.6223891082516526,25,20,20
46,6747,0.1993151494708988,2.0949620019087202e-07,0.17829563741196378,0.6223890036209361,25,20,20
46,6748,0.16152045783498067,2.3215741053700785e-05,0.21595574727335048,0.6225005791506134,25,20,20
46,6749,0.17493428162009436,0.0003680129211276555,0.20230870166871018,0.6223890037900661,25,20,20
46,6750,0.17655970330006954,0.00036801292112726916,0.2006832799888091,0.6223890037899923,25,20,20
46,6751,0.17655970330025117,0.00036801292112734565,0.20080152809155027,0.6222707556870694,25,20,20
46,6752,0.1765597033106293,0.0003680129350665757,0.20080724260057617,0.622265041153726,25,20,20
46,6753,0.17655970331062693,0.0003680129350709408,0.20080714762557458,0.6222651361287257,25,20,20
46,6754,0.1749473140388883,0.0003680129419620928,0.20241943000814092,0.6222652430110066,25,20,20
46,6755,0.17494731403906968,0.0003680129419578046,0.2024145345314861,0.6222701384874845,25,20,20
46,6756,0.17481445178155297,0.00036800777260013925,0.20254737783480486,0.6222701626110401,25,20,20
46,6757,0.17481445178155297,0.00036800777284043184,0.2025474763839086,0.6222700640616962,25,20,20
46,6758,0.16985959808953247,0.00036813871625429313,0.20742695220559626,0.6223453109886155,25,20,20
46,6759,0.1696905309974909,0.00036821447041060495,0.20767191176072797,0.6222693427713692,25,20,20
46,6760,0.1939498649717731,4.1113603605354575e-07,0.18378038127493757,0.6222693426172522,25,20,20
46,6761,0.19394986497177302,4.1113603612751317e-07,0.18378257904061793,0.6222671448515718,25,20,20
46,6762,0.19394986496139408,4.1112209682218404e-07,0.18377025807483224,0.6222794658416757,25,20,20
46,6763,0.19028163137633441,4.060418808608328e-07,0.1874384967548966,0.622279465826887,25,20,20
46,6764,0.19028163137637982,4.060421248421184e-07,0.18752930089702968,0.6221886616844645,25,20,20
46,6765,0.19028163465565645,3.0163821449856346e-07,0.18364031865858646,0.6260777450475417,25,20,20
46,6766,0.19028163465547482,3.016384590057218e-07,0.18352707142631522,0.6261909922797497,25,20,20
46,6767,0.19159531178010375,3.401324468828705e-07,0.1816168912171528,0.6267874568702955,25,20,20
46,6768,0.19161503892974482,3.690905793091234e-07,0.18159713040079367,0.6267874615788808,25,20,20
46,6769,0.19161503892961268,3.6851611799978403e-07,0.1705111847404381,0.6378734078138298,25,20,20
46,6770,0.19161503892961262,3.685158734162427e-07,0.1705047102697032,0.6378798822848093,25,20,20
46,6771,0.19031701266820517,3.3003036988488967e-07,0.17239934648939062,0.637283310812033,25,20,20
46,6772,0.1903170126785829,3.3003061447857055e-07,0.17240406730835875,0.6372785899824427,25,20,20
46,6773,0.19031701267086532,3.3003085488599114e-07,0.1721414657982149,0.6375411915000637,25,20,20
46,6774,0.19031701267068324,3.3003085495971414e-07,0.17226927692855531,0.6374133803699054,25,20,20
46,6775,0.21324230879578235,4.984488467232952e-07,0.1467664069747601,0.6399907857806099,25,20,20
46,6776,0.19344800225667416,3.5228546556398773e-07,0.16913205690122027,0.6374195885566389,25,20,20
46,6777,0.19344800225667413,3.5228546549023985e-07,0.16937563854981483,0.6371760069080445,25,20,20
46,6778,0.19344800225662862,3.522852209819858e-07,0.169371213269297,0.6371804321888525,25,20,20
46,6779,0.19344800225662862,3.522849764737358e-07,0.16936459130609754,0.6371870541522965,25,20,20
46,6780,0.1934480022566254,3.522849763997531e-07,0.16936459064878606,0.6371870548096112,25,20,20
46,6781,0.19248707511632326,2.9551288525351306e-07,0.17032557931056747,0.6371870500602234,25,20,20
46,6782,0.19248707511632004,2.95512885178352e-07,0.17023985601998187,0.6372727733508121,25,20,20
46,6783,0.19248707511632326,2.9551289376025055e-07,0.17024623244702108,0.637266396923761,25,20,20
46,6784,0.19248707511632326,2.955128937576331e-07,0.1702396282979633,0.6372730010728188,25,20,20
46,6785,0.19248707511632332,2.9551289376029735e-07,0.17023971089437662,0.6372729184764053,25,20,20
46,6786,0.1856733617781068,2.997031712842751e-07,0.17698939614210105,0.6373369423766206,25,20,20
46,6787,0.1856733612776608,2.99691174509683e-07,0.17081317054888198,0.6435131684822828,25,20,20
46,6788,0.1856733612776609,2.99690934820016e-07,0.17072028542655734,0.6436060536048471,25,20,20
46,6789,0.18663275140327307,2.996998109662417e-07,0.16976076016784142,0.6436061887290745,25,20,20
46,6790,0.18663275140327307,2.996998108935719e-07,0.16975848439781221,0.6436084644991037,25,20,20
46,6791,0.1866327514032763,2.997000549536687e-07,0.16985078047346827,0.6435161684232006,25,20,20
46,6792,0.1934393924072911,3.004925925832653e-07,0.16310816172883555,0.6434521453712796,25,20,20
46,6793,0.19343939240729036,3.0049258821685137e-07,0.16310825670312631,0.6434520503969938,25,20,20
46,6794,0.19343939240728716,3.004925797102441e-07,0.16310176556713019,0.6434585415330016,25,20,20
46,6795,0.1865214675498181,3.0056723934443307e-07,0.17001971455024323,0.6434585173326998,25,20,20
46,6796,0.18652146754981494,3.0056723934313573e-07,0.17001460804484506,0.6434636238381012,25,20,20
46,6797,0.18265006030605435,2.7955014048832817e-07,0.17395178639903588,0.64339787374477,25,20,20
46,6798,0.1760709270883935,2.7455632143341203e-07,0.18046532997271872,0.643463468382567,25,20,20
46,6799,0.17607092708580144,2.7455607683825636e-07,0.18046081438793574,0.6434679839701866,25,20,20
46,6800,0.14613909928669383,1.466933413128834e-06,0.21039144838451665,0.6434679853953764,25,20,20
46,6801,0.14613909928669377,1.4669334132028022e-06,0.21039144687485056,0.6434679869050425,25,20,20
46,6802,0.14643789132194024,1.7104675678306098e-06,0.21015798643573408,0.6434024117747578,25,20,20
46,6803,0.1464378913218948,1.7104675634637272e-06,0.21025017831403678,0.6433102198965048,25,20,20
46,6804,0.14640919922426868,1.7104816795195525e-06,0.21027887039758833,0.6433102198964633,25,20,20
46,6805,0.1464091992242718,1.710481924122674e-06,0.21028207100228372,0.6433070192915201,25,20,20
46,6806,0.1464091959460677,1.4595260538671935e-06,0.214169712743749,0.6394196317841296,25,20,20
46,6807,0.14949289980578837,1.459618496103265e-06,0.21108598451422578,0.6394196560614901,25,20,20
46,6808,0.14949289980578517,1.4596184960279736e-06,0.21108590198194077,0.6394197385937783,25,20,20
46,6809,0.14949289980578506,1.4596185003195874e-06,0.21099370806084075,0.6395119325148739,25,20,20
46,6810,0.14949289980578512,1.4596185002456285e-06,0.21098718579824666,0.639518454777468,25,20,20
46,6811,0.1559108950412443,1.2160047946425913e-06,0.2045694545473222,0.6395184344066389,25,20,20
46,6812,0.1559108950516233,1.216018734020609e-06,0.20458177414799328,0.6395061147816495,25,20,20
46,6813,0.15591089505162328,1.2160187340180141e-06,0.20458177122696342,0.6395061177026792,25,20,20
46,6814,0.15647023326676496,1.439516183183217e-05,0.2040087450115475,0.6395066265598556,25,20,20
46,6815,0.15647023326676252,1.439516159151932e-05,0.20400565850461455,0.6395097130670313,25,20,20
46,6816,0.11647757272033349,2.1045194077845194e-05,0.24399112219799599,0.6395102598875918,25,20,20
46,6817,0.11647757272037892,2.1045194077844933e-05,0.24399356353352583,0.6395078185520167,25,20,20
46,6818,0.11647757272297433,2.104519407370254e-05,0.2439958444765606,0.6395055376063907,25,20,20
46,6819,0.1164775727125934,2.1045193829107542e-05,0.24399109033590782,0.6395102917576696,25,20,20
46,6820,0.11647027352276079,1.4398934348694442e-05,0.24400556461714284,0.6395097629257475,25,20,20
46,6821,0.11647027352276158,1.4398934352912107e-05,0.24400567884333124,0.6395096486995541,25,20,20
46,6822,0.11712919218830314,1.4398845071274261e-05,0.2433467841113592,0.6395096248552664,25,20,20
46,6823,0.11712919218830312,1.4398845066982625e-05,0.2433465868667179,0.639509822099912,25,20,20
46,6824,0.1140149399953021,1.437610978382946e-05,0.2464630860916512,0.6395075978032628,25,20,20
46,6825,0.1140149399953021,1.4376109783754171e-05,0.24646146522156429,0.6395092186733496,25,20,20
46,6826,0.11401493999530281,1.4376109792278993e-05,0.246727728407251,0.639242955487654,25,20,20
46,6827,0.11401493999529962,1.4376109792278993e-05,0.24673226688522282,0.6392384170096852,25,20,20
46,6828,0.11351501581565387,1.196857220766507e-06,0.24724757293998706,0.6392362143871382,25,20,20
46,6829,0.1135150158078703,1.196843530288199e-06,0.24723769745823387,0.6392460898903654,25,20,20
46,6830,0.11351501580787036,1.19684353457808e-06,0.24686929692159965,0.639614490426995,25,20,20
46,6831,0.11351501580791518,1.196843530435752e-06,0.24686930996740675,0.6396144773811473,25,20,20
46,6832,0.11351501580791439,1.196843530435268e-06,0.24687381682516135,0.6396099705233934,25,20,20
46,6833,0.13683709921397622,1.1963372970557875e-06,0.22355571784017655,0.6396059866085497,25,20,20
46,6834,0.1368123306225849,1.1963372119281214e-06,0.22358048687098406,0.639605986169218,25,20,20
46,6835,0.13681233062258577,1.1963372120046845e-06,0.22358215330460796,0.6396043197355932,25,20,20
46,6836,0.13681233062272202,1.1963372076409118e-06,0.22367174560247868,0.6395147274375905,25,20,20
46,6837,0.15344086774810298,1.1963337502829214e-06,0.2070432084977857,0.6395147274203601,25,20,20
46,6838,0.18327858157687615,4.769963685949027e-07,0.17720619495340192,0.639514746473353,25,20,20
46,6839,0.18327858157687615,4.76996368593606e-07,0.1772014946665163,0.6395194467602388,25,20,20
46,6840,0.18327858157687302,4.769961288264729e-07,0.17710934093006225,0.6396116004969358,25,20,20
46,6841,0.18327858157687302,4.76996133117422e-07,0.1771159474228534,0.6396049940041404,25,20,20
46,6842,0.1668182944395761,4.772059107813838e-07,0.19357623433332782,0.6396049940211852,25,20,20
46,6843,0.16681829443957924,4.772061546092048e-07,0.19370171340277242,0.6394795149514936,25,20,20
46,6844,0.1737868094687214,4.180217342274708e-09,0.1867336681198131,0.639479518231248,25,20,20
46,6845,0.17378680946872133,4.180213125069502e-09,0.18672908068362376,0.6394841056674416,25,20,20
46,6846,0.1737868094687245,4.180213125553221e-09,0.1867245738155945,0.6394886125354676,25,20,20
46,6847,0.1737868094687245,4.180213050284361e-09,0.18672445853907732,0.639488727811985,25,20,20
46,6848,0.173786809468679,4.180212976267013e-09,0.18672427866083133,0.6394889076902767,25,20,20
46,6849,0.173786809468679,4.180212976243836e-09,0.18672435772642534,0.6394888286246826,25,20,20
46,6850,0.17378680946867892,4.180212974923552e-09,0.1867244431412055,0.6394887432099025,25,20,20
46,6851,0.1737868094686853,4.180208760409961e-09,0.18681036416245012,0.6394028221886559,25,20,20
46,6852,0.17544607959484598,4.777488260349802e-07,0.18514843834417008,0.6394050043121572,25,20,20
46,6853,0.17544607959502492,4.777488260344971e-07,0.18515294690443224,0.6394004957517161,25,20,20
46,6854,0.17924919578179768,4.823490667408825e-07,0.18128334979941008,0.6394669720697252,25,20,20
46,6855,0.17924919577920556,4.823488178399208e-07,0.18129110484100022,0.6394592170309761,25,20,20
46,6856,0.1792491957790234,4.823488136227484e-07,0.18129300377569468,0.639457318096468,25,20,20
46,6857,0.17924919577902418,4.823488136961984e-07,0.1812975650288552,0.6394527568433066,25,20,20
46,6858,0.1792491957790242,4.823488136957195e-07,0.1815637823579828,0.639186539514179,25,20,20
46,6859,0.1892447957498009,4.828292510629446e-07,0.16664245320186238,0.6441122682190848,25,20,20
46,6860,0.1892447957498009,4.82829251062967e-07,0.16664245262627467,0.6441122687946725,25,20,20
46,6861,0.18924479574980413,4.828292510656312e-07,0.16664879130054813,0.6441059301203959,25,20,20
46,6862,0.14929051930207432,5.074541904026526e-07,0.20641226610570243,0.6442967071380328,25,20,20
46,6863,0.10954102291761167,5.403574336844748e-07,0.23189272893355276,0.6585657077914016,25,20,20
46,6864,0.10954102291765717,5.403576782621846e-07,0.23189378262150354,0.6585646541031608,25,20,20
46,6865,0.10954102291766032,5.403576824780469e-07,0.2318984037094113,0.6585600330152456,25,20,20
46,6866,0.10954102291506494,5.403576824040832e-07,0.2318961159796963,0.658562320747556,25,20,20
46,6867,0.10954102292544508,5.40357682404119e-07,0.2318962124367513,0.658562224280121,25,20,20
46,6868,0.10954102292544501,5.403576866209434e-07,0.2316300764894516,0.6588283602274164,25,20,20
46,6869,0.1095410229254395,5.403576866211163e-07,0.23153982866265632,0.6589186080542173,25,20,20
46,6870,0.10954102292543866,5.403576866197989e-07,0.23153827700640167,0.6589201597104726,25,20,20
46,6871,0.1095410229254378,5.403576865445109e-07,0.23153827546839215,0.6589201612484831,25,20,20
46,6872,0.1004636401650745,5.401138062581534e-07,0.23340597686689346,0.6661298428542253,25,20,20
46,6873,0.10063270207163652,5.401433803722275e-07,0.2332369170185588,0.6661298407664232,25,20,20
46,6874,0.10063270207163652,5.40143380373525e-07,0.23323475332863772,0.6661320044563442,25,20,20
46,6875,0.10063270207163656,5.401433803722275e-07,0.2332362617526941,0.6661304960322877,25,20,20
46,6876,0.10063270207163576,5.401433719226763e-07,0.23297003193601934,0.6663967258489718,25,20,20
46,6877,0.1006327020718179,5.401433762907118e-07,0.23297177549705542,0.6663949822877495,25,20,20
46,6878,0.10063270207436763,5.401433805238461e-07,0.23296895489055752,0.6663978028916934,25,20,20
46,6879,0.10063270206398901,5.407184328522368e-07,0.2440226618265584,0.6553440953910187,25,20,20
46,6880,0.10063270206398578,5.407184328522132e-07,0.2440124607030365,0.6553542965145438,25,20,20
46,6881,0.10063270206657854,5.401573216078163e-07,0.2329609555945774,0.6664058021815213,25,20,20
46,6882,0.10063274904863896,7.888389732601201e-07,0.23296065680313233,0.6664058053092548,25,20,20
46,6883,0.1273203069533426,1.151889500535315e-06,0.2064099197372114,0.6662686214199448,25,20,20
46,6884,0.1272226014208986,1.1189967956869216e-06,0.19091192011601005,0.6818643594662945,25,20,20
46,6885,0.12722260142089856,1.1189967956869216e-06,0.19091041171102824,0.6818658678712766,25,20,20
46,6886,0.12722260142089856,1.1189967956869216e-06,0.19091041428422706,0.6818658652980777,25,20,20
46,6887,0.1272226014208986,1.1189967956129504e-06,0.19091030277016677,0.6818659768121378,25,20,20
46,6888,0.12722260156502943,1.1197710850584117e-06,0.1912331755729461,0.6815431030909381,25,20,20
46,6889,0.12722260156243423,1.1197708361722883e-06,0.19122833831263533,0.681547940354093,25,20,20
46,6890,0.1272226015624311,1.1197705924197587e-06,0.19109814403794664,0.6816781346290287,25,20,20
46,6891,0.12722260156243104,1.119770592418461e-06,0.19109814261540364,0.6816781360515718,25,20,20
46,6892,0.12722260156243104,1.1197705924184386e-06,0.19109814259106156,0.6816781360759139,25,20,20
46,6893,0.12722260156243104,1.1197705923444674e-06,0.19109802870197068,0.681678249965005,25,20,20
46,6894,0.1272226015624311,1.119770588128136e-06,0.19110253332026,0.6816737453467198,25,20,20
46,6895,0.1272226015624311,1.119770588130754e-06,0.19110261382021843,0.6816736648467614,25,20,20
46,6896,0.12722260141570596,1.1189823575277844e-06,0.1907729358346557,0.6820033437672799,25,20,20
46,6897,0.12542176369505506,1.118737139693911e-06,0.17025739270546814,0.7043197248623368,25,20,20
46,6898,0.12542176369505506,1.1187371396925906e-06,0.1702572782270838,0.7043198393407212,25,20,20
46,6899,0.12542176369505506,1.1187371396952083e-06,0.17025739269869397,0.7043197248691109,25,20,20
46,6900,0.12834455490440644,7.31058552806326e-07,0.16738858272934887,0.7042661313076916,25,20,20
46,6901,0.12834455490445196,7.310585528089674e-07,0.16738437684642415,0.704270337190571,25,20,20
46,6902,0.12847620041422453,7.309698212187021e-07,0.16725275553895727,0.7042703130769972,25,20,20
46,6903,0.13882204303187418,7.309697809444654e-07,0.15690691292131345,0.7042703130770317,25,20,20
46,6904,0.13865296287623918,7.309478916359866e-07,0.15707599310069983,0.7042703130751694,25,20,20
46,6905,0.1328310825012117,7.309492486603839e-07,0.1628978734682748,0.7042703130812649,25,20,20
46,6906,0.13283108250103312,7.30949252948901e-07,0.16280823730400723,0.7043599492457068,25,20,20
46,6907,0.13283108250103465,7.309494256545081e-07,0.1738659648282182,0.6933022217213217,25,20,20
46,6908,0.1328310825010346,7.309494255792168e-07,0.1738658817495256,0.6933023048000144,25,20,20
46,6909,0.13283108264878277,7.309494255776236e-07,0.17386838304801816,0.6932998033537736,25,20,20
46,6910,0.13283102982595166,7.309418710231567e-07,0.17386831888923207,0.6932999203429452,25,20,20
46,6911,0.13283102982595169,7.309418753134957e-07,0.17386851416076118,0.6932997250714118,25,20,20
46,6912,0.13283102982595163,7.309418752395328e-07,0.17386381430617026,0.6933044249260029,25,20,20
46,6913,0.13273663698397034,7.309557993958012e-07,0.16853978629371263,0.6987228457665177,25,20,20
46,6914,0.13273663698397042,7.309557951807769e-07,0.16853969936508015,0.6987229326951543,25,20,20
46,6915,0.13273663698396723,7.309557908909312e-07,0.16890811449809168,0.6983545175621502,25,20,20
46,6916,0.1327366371315803,7.309557952467339e-07,0.16899813796562785,0.6982644939469966,25,20,20
46,6917,0.1327366371315811,7.30955795318683e-07,0.1693711761853063,0.6978914557273174,25,20,20
46,6918,0.1327366371315811,7.309557952447118e-07,0.1693711413984516,0.6978914905141721,25,20,20
46,6919,0.13273663713162306,7.309560425007421e-07,0.16963115498905815,0.6976314769232762,25,20,20
46,6920,0.10981207988106963,7.351054465744329e-07,0.1887100553935127,0.701477129619971,25,20,20
46,6921,0.10981207973345657,7.3510544221863e-07,0.1886200319259766,0.7015671532351248,25,20,20
46,6922,0.10981207973345646,7.351054422172864e-07,0.18862000466364123,0.7015671804974601,25,20,20
46,6923,0.1098120482525742,7.350948491006252e-07,0.17848640004659733,0.7117008166059794,25,20,20
46,6924,0.109812048252571,7.350948448094939e-07,0.17848169589009533,0.7117055207624889,25,20,20
46,6925,0.10192718087780764,7.385845265020671e-07,0.186365642953251,0.711706437584415,25,20,20
46,6926,0.10192718087781082,7.385845307651276e-07,0.18663197389895228,0.7114401066387062,25,20,20
46,6927,0.10192718087776527,7.385845308377653e-07,0.18663617753415196,0.711435903003552,25,20,20
46,6928,0.10265693342607075,0.003921063536364413,0.18198612111930845,0.7114358819182561,25,20,20
46,6929,0.10265693342607075,0.003921063536364488,0.18199264480834682,0.7114293582292177,25,20,20
46,6930,0.10920445458873931,0.003921058869900178,0.17551162262373432,0.7113628639176262,25,20,20
46,6931,0.1092044545887393,0.003921058869900178,0.17513854387142794,0.7117359426699327,25,20,20
46,6932,0.12296179546250179,0.003920593388084017,0.1613838486262966,0.7117337625231169,25,20,20
46,6933,0.1229617954624986,0.003920593388079829,0.16111913655307106,0.7119984745963501,25,20,20
46,6934,0.12296179546249862,0.003920593388079905,0.16111925310840508,0.7119983580410159,25,20,20
46,6935,0.12296179546249862,0.003920593388079981,0.16111928696711408,0.7119983241823067,25,20,20
46,6936,0.12296179940911524,0.003920593388108536,0.19643916335421863,0.6766784438485572,25,20,20
46,6937,0.12296179940911528,0.0039205933881085375,0.1964375832817273,0.6766800239210485,25,20,20
46,6938,0.14746853247330172,0.003920585273398697,0.17193086030230936,0.67668002195099,25,20,20
46,6939,0.14746853247330172,0.003920585273398622,0.17192425753537663,0.6766866247179227,25,20,20
46,6940,0.1472077121421428,0.0039205953645680995,0.1721850669387604,0.6766866255545284,25,20,20
46,6941,0.14720771214214287,0.003920595364568175,0.1721851812957976,0.676686511197491,25,20,20
46,6942,0.1472077121419167,0.003920595350669996,0.17214829262077494,0.676723399886638,25,20,20
46,6943,0.17942088722277608,0.0039339357566690394,0.1399207775949832,0.6767243994255717,25,20,20
46,6944,0.1872043492917993,0.003933932265653862,0.13213821525201266,0.6767235031905343,25,20,20
46,6945,0.1872043492917993,0.003933932265658153,0.13214482175928619,0.6767168966832563,25,20,20
46,6946,0.15332463103182364,0.003933932266716113,0.1655808540678256,0.6771605826336345,25,20,20
46,6947,0.15325658152530386,0.00393393226579074,0.16609261007620854,0.6767168761326967,25,20,20
46,6948,0.1532565815253046,0.0039339322657907395,0.16622201595362918,0.6765874702552754,25,20,20
46,6949,0.1532565821114418,0.003933932265613894,0.15554562209519504,0.6872638635277489,25,20,20
46,6950,0.1532565821114418,0.003933932265613893,0.1555456201220827,0.6872638655008612,25,20,20
46,6951,0.1532565815253023,0.003933932265613741,0.15517069618855614,0.6876387900205274,25,20,20
46,6952,0.15265615659023535,0.003934146988408379,0.15622290373628678,0.6871867926850689,25,20,20
46,6953,0.15258405726092986,0.0039341469915894975,0.15629500263754237,0.6871867931099379,25,20,20
46,6954,0.15258405711300274,0.0039341469915894975,0.1562973642920191,0.6871844316033884,25,20,20
46,6955,0.13003937495884021,0.003934173780789205,0.17883960504406674,0.6871868462163033,25,20,20
46,6956,0.14548387667628948,0.003933962834389064,0.16666721393649936,0.6839149465528215,25,20,20
46,6957,0.1690341429933336,0.0039339550528578885,0.14323871108615,0.6837931908676589,25,20,20
46,6958,0.1690341429933336,0.003933955052857813,0.14323859812520462,0.6837933038286043,25,20,20
46,6959,0.16903414299333672,0.003933955053102332,0.1432432988844404,0.6837886030691209,25,20,20
46,6960,0.1914922697352741,0.0039346179932624,0.12060740122943603,0.6839657110420277,25,20,20
46,6961,0.18543426120583725,0.003934618065737407,0.12666540974456778,0.6839657109838579,25,20,20
46,6962,0.18543426120583406,0.003934618065733041,0.12665880580376127,0.6839723149246721,25,20,20
46,6963,0.18543426120583406,0.003934618065733115,0.12666529836325843,0.6839658223651746,25,20,20
46,6964,0.20768011821666302,0.003934591276532977,0.10442188275415752,0.6839634077526463,25,20,20
46,6965,0.2076801182166631,0.003934591276532977,0.10442350366441149,0.6839617868423923,25,20,20
46,6966,0.20768011821666232,0.003934591276532904,0.10405266448215578,0.684332626024649,25,20,20
46,6967,0.20768011821666232,0.003934591276532904,0.10405274293967719,0.6843325475671276,25,20,20
46,6968,0.20768011821666235,0.00393459127653298,0.10405285882674262,0.684332431680062,25,20,20
46,6969,0.20768011821666232,0.00393459127653298,0.1040528588122601,0.6843324316945446,25,20,20
46,6970,0.20768011821666552,0.00393459129044329,0.10401861304957716,0.684366677443314,25,20,20
46,6971,0.20768011821666155,0.003934591276532904,0.10392345301678534,0.6844618374900202,25,20,20
46,6972,0.20801565274057393,0.003934581183772576,0.10358792942249069,0.6844618366531628,25,20,20
46,6973,0.20801565274057393,0.0039345811837724984,0.10358781356162758,0.6844619525140258,25,20,20
46,6974,0.20785318535233752,0.003934871805033803,0.10367239626107691,0.6845395465815513,25,20,20
46,6975,0.20785318535233752,0.00393487180503802,0.10367096985893502,0.6845409729836888,25,20,20
46,6976,0.2076469473903796,0.0039348769566349825,0.10387720266907442,0.6845409729839104,25,20,20
46,6977,0.2076469473903796,0.003934876956639232,0.10424369953654489,0.6841744761164356,25,20,20
46,6978,0.21209751750056913,1.4337118948644595e-05,0.10370345965008626,0.6841846857303951,25,20,20
46,6979,0.21209751750056913,1.4337118948721183e-05,0.10370342495545337,0.684184720425028,25,20,20
46,6980,0.21209751412154812,0.000579027014808308,0.10781875900398205,0.6795046998596618,25,20,20
46,6981,0.21209751412154898,0.0005790270287197615,0.1079111852445155,0.6794122736052158,25,20,20
46,6982,0.21209751412154898,0.0005790270287154705,0.10790457932731277,0.679418879522423,25,20,20
46,6983,0.21209751412413605,0.0005790270426138077,0.10803409069510392,0.6792893681381463,25,20,20
46,6984,0.21209751412413605,0.0005790270426137311,0.10803397413976981,0.6792894846934803,25,20,20
46,6985,0.21209751412154895,0.0005790270287153174,0.10790434830675935,0.6794191105429763,25,20,20
46,6986,0.21209751412154895,0.0005790270287153187,0.10790437618104523,0.6794190826686904,25,20,20
46,6987,0.21209751412159736,0.0005790278186648261,0.10814114092541438,0.6791823171343233,25,20,20
46,6988,0.21209751412417044,0.000579027832475208,0.10853565758909622,0.6787878004542577,25,20,20
46,6989,0.20691870592489267,0.000580645734846323,0.11372291671707581,0.6787777316231842,25,20,20
46,6990,0.20691870592489184,0.0005806457348420313,0.1137227214449434,0.6787779268953217,25,20,20
46,6991,0.20691870592489184,0.0005806457348419547,0.1137161166906547,0.6787845316496104,25,20,20
46,6992,0.20691715996510257,0.0005799397098666168,0.09902032759271523,0.693482572732315,25,20,20
46,6993,0.20663877365766126,0.0005799400648915355,0.09929870855009794,0.693482577727349,25,20,20
46,6994,0.1841967322159636,0.00057927712473444,0.12191852094607475,0.6933054697132264,25,20,20
46,6995,0.1841967322159636,0.0005792771247387317,0.12191871818000768,0.6933052724792893,25,20,20
46,6996,0.1841967322159184,0.0005792771244916236,0.12165706807186856,0.6935669225877207,25,20,20
46,6997,0.18417943972822715,0.000579277142579555,0.12167436054144636,0.6935669225877461,25,20,20
46,6998,0.1841797220898142,0.0005792771334579167,0.12167407575377548,0.6935669250229516,25,20,20
46,6999,0.1841797220898142,0.0005792771334579921,0.1216806785283846,0.6935603222483425,25,20,20
46,7000,0.1841797220872411,0.0005792771196476102,0.12128623578696653,0.6939547650061441,25,20,20
46,7001,0.1841797220872411,0.0005792771196475362,0.12127974546393767,0.693961255329173,25,20,20
46,7002,0.19018286847754712,0.0005792770439639363,0.11527659950857566,0.6939612549699126,25,20,20
46,7003,0.16150424479632441,0.0005659366381164467,0.14396968008480535,0.693960138480753,25,20,20
46,7004,0.16150424479632444,0.0005659366381207357,0.14396976287013696,0.6939600556954172,25,20,20
46,7005,0.13999123064166846,0.0005659451275953505,0.15776900552488612,0.7016738187058493,25,20,20
46,7006,0.10371770072350898,0.0005659451278781191,0.19404253545031483,0.7016738186982967,25,20,20
46,7007,0.10371770072350901,0.0005659451278781944,0.19404037120161222,0.7016759829469994,25,20,20
46,7008,0.10417492826529123,0.0005656546898895345,0.1936610277251016,0.7015983893197165,25,20,20
46,7009,0.10417492826529123,0.0005656546898852848,0.19329452916917148,0.7019648878756509,25,20,20
46,7010,0.10513333342906415,0.0005656551776778057,0.1923361259127721,0.7019648854804847,25,20,20
46,7011,0.10513333342906098,0.0005656551774332855,0.1923379885740638,0.701963022819441,25,20,20
46,7012,0.08881056468631149,0.0005656459864256126,0.21637441272547633,0.6942493766017858,25,20,20
46,7013,0.08786762501169948,0.0005656715731069613,0.21731732681665852,0.6942493765985341,25,20,20
46,7014,0.08786762501169953,0.0005656715731069639,0.2173172762247148,0.6942494271904777,25,20,20
46,7015,0.08786762501169955,0.0005656715731069652,0.21731736223415057,0.6942493411810421,25,20,20
46,7016,0.08786762501169953,0.0005656715731068146,0.21731266007740976,0.6942540433377831,25,20,20
46,7017,0.08786762501165109,0.0005656707831573826,0.21707589310326697,0.6944908111019237,25,20,20
46,7018,0.0770220005311975,0.000565670602198137,0.22792151818909506,0.6944908106775081,25,20,20
46,7019,0.09189296789186066,0.000565670601821461,0.21305067195274052,0.6944906895535763,25,20,20
46,7020,0.09189296790221865,0.0005656706020697977,0.21314367638775306,0.6943976851079574,25,20,20
46,7021,0.0918929679022178,0.0005656706018256666,0.21305102839197496,0.6944903331039807,25,20,20
46,7022,0.09189296790221778,0.0005656706018255926,0.21304453802304352,0.6944968234729122,25,20,20
46,7023,0.092309268374839,0.0005656744264150508,0.21262823311302484,0.6944968240857203,25,20,20
46,7024,0.09230926837483981,0.0005656744266573908,0.21300124112582455,0.6941238160726775,25,20,20
46,7025,0.10261873972045159,0.0005656705997828349,0.20269177423610973,0.694123815443655,25,20,20
46,7026,0.10261873972045164,0.0005656705997828375,0.20269177663191165,0.6941238130478531,25,20,20
46,7027,0.10261873972045166,0.0005656705997827623,0.20269830189194418,0.6941172877878208,25,20,20
46,7028,0.10261873972045162,0.0005656705997829102,0.20270297331675521,0.6941126163630098,25,20,20
46,7029,0.1026187397204516,0.000565670599782909,0.20269636688023138,0.6941192227995336,25,20,20
46,7030,0.10261873972045155,0.000565670599782909,0.20269474600459475,0.6941208436751702,25,20,20
46,7031,0.10267490219369427,0.0005656706076519971,0.20263858352280092,0.6941208436758521,25,20,20
46,7032,0.1026521496586546,0.0005656706966743337,0.2026613355374538,0.6941208441072164,25,20,20
46,7033,0.1026521496586546,0.0005656706966743337,0.2026613355721407,0.6941208440725296,25,20,20
46,7034,0.10265214965865493,0.000565670696674926,0.2391948461087831,0.657587333535886,25,20,20
46,7035,0.10351608166166361,0.0005656450609151814,0.23833093977915343,0.657587333498267,25,20,20
46,7036,0.10351608165130562,0.000565645060671062,0.23824252360758513,0.6576757496804373,25,20,20
46,7037,0.10351608165130882,0.0005656450606711372,0.2382446889195548,0.6576735843684643,25,20,20
46,7038,0.12673087545144457,0.0005656652254183287,0.21502977784759786,0.6576736814755386,25,20,20
46,7039,0.1267308754514437,0.000565665211506874,0.21493734960961017,0.6577661097274387,25,20,20
46,7040,0.12673088020425294,9.758165930929972e-07,0.21550191268573696,0.6577662312934167,25,20,20
46,7041,0.12673088020425294,9.758165888014063e-07,0.21550183189659755,0.6577663120825603,25,20,20
46,7042,0.12673088020425294,9.758165887261498e-07,0.2154953415491363,0.6577728024300216,25,20,20
46,7043,0.126730880204253,9.758165887261498e-07,0.2154955053224655,0.6577726386566924,25,20,20
46,7044,0.12673088020429848,9.75830528030167e-07,0.21550771242699962,0.6577604315381734,25,20,20
46,7045,0.1267308802042993,9.75830528180705e-07,0.21550783510826682,0.6577603088569053,25,20,20
46,7046,0.12673088020429613,9.758305281807094e-07,0.21550559598844957,0.6577625479767257,25,20,20
46,7047,0.12673088020429613,9.758305238890952e-07,0.21550551519113104,0.6577626287740486,25,20,20
46,7048,0.12673088020445764,9.758428329192323e-07,0.22019460813690203,0.6530735358158068,25,20,20
46,7049,0.1267308802044121,9.758288936139178e-07,0.22018228717307864,0.653085856793615,25,20,20
46,7050,0.1267308807911543,9.766048153493483e-07,0.21582306867609138,0.6574450739279384,25,20,20
46,7051,0.12673088084933978,9.766048154615674e-07,0.21921495774098854,0.6540531848048552,25,20,20
46,7052,0.12314572144622588,9.766135756793781e-07,0.22280011715374035,0.6540531847864558,25,20,20
46,7053,0.14646968261446955,9.875906088725501e-07,0.19930466317701268,0.6542246666179079,25,20,20
46,7054,0.1456075989634687,9.871427711065954e-07,0.20016674727577002,0.6542246666179895,25,20,20
46,7055,0.14560759896346867,9.871427711785201e-07,0.20053984813492634,0.6538515657588333,25,20,20
46,7056,0.1570586957429155,3.479381097096689e-05,0.1890548471704443,0.6538516632756685,25,20,20
46,7057,0.15705869574291553,3.479381097104082e-05,0.1890614113034349,0.6538450991426776,25,20,20
46,7058,0.15705869574291476,3.479381097089158e-05,0.18906131708367288,0.6538451933624407,25,20,20
46,7059,0.1570586957429148,3.479381097096555e-05,0.189061398154636,0.6538451122914775,25,20,20
46,7060,0.15665833084187963,3.4818208460236063e-05,0.18946173668487507,0.6538451142647841,25,20,20
46,7061,0.1566583308418828,3.481820846023731e-05,0.18972882148612671,0.6535780294635294,25,20,20
46,7062,0.156658330841886,3.481822212839893e-05,0.18945064228914338,0.6538562086468416,25,20,20
46,7063,0.15665833084188918,3.4818222128474195e-05,0.18945289302124407,0.6538539579147377,25,20,20
46,7064,0.15665833084188996,3.4818222368765285e-05,0.18945489392602105,0.6538519570097198,25,20,20
46,7065,0.1566583308418899,3.481822236861475e-05,0.18944828971699987,0.6538585612187411,25,20,20
46,7066,0.1566583308419354,3.481822261328497e-05,0.18945296147079416,0.6538538894646565,25,20,20
46,7067,0.14541279560423753,3.479806340675333e-05,0.20069854620650454,0.6538538601258496,25,20,20
46,7068,0.14541279560423756,3.479806341104449e-05,0.20070313587455688,0.6538492704577931,25,20,20
46,7069,0.14541279501733784,3.479727518457116e-05,0.2003799380141451,0.6541724696933309,25,20,20
46,7070,0.14541279501733462,3.4797275184494596e-05,0.20037765966679705,0.6541747480406822,25,20,20
46,7071,0.14526846305285124,3.479239066853375e-05,0.20052199567215095,0.6541747488843285,25,20,20
46,7072,0.14526846305288413,3.4792965728254325e-05,0.21158042032622892,0.6431163236551579,25,20,20
46,7073,0.15214770320921972,3.5004434468843774e-05,0.20487258631458066,0.6429447060417298,25,20,20
46,7074,0.15214770320921966,3.500443446455394e-05,0.20486796326260856,0.6429493290937063,25,20,20
46,7075,0.1861906776418764,3.405506432551062e-05,0.18552409908421172,0.6282511682095856,25,20,20
46,7076,0.18017204140739868,3.430035841065168e-05,0.1915424897296199,0.6282511685045706,25,20,20
46,7077,0.1801720414073947,3.4300358406436006e-05,0.19153589480854724,0.6282577634256515,25,20,20
46,7078,0.18017204140739462,3.430035840643602e-05,0.19152937255489053,0.6282642856793083,25,20,20
46,7079,0.18017204140739781,3.4300358410650585e-05,0.19153399363249474,0.6282596646016966,25,20,20
46,7080,0.18017204140739704,3.430035816606704e-05,0.19152728858990944,0.6282663696445273,25,20,20
46,7081,0.18017204140739385,3.430035816606681e-05,0.19152919091678489,0.6282644673176552,25,20,20
46,7082,0.18017204140739387,3.4300358406370866e-05,0.1915274199193208,0.6282662383148789,25,20,20
46,7083,0.18017204140739387,3.4300358406369565e-05,0.1915273054945416,0.6282663527396581,25,20,20
46,7084,0.18017251806866255,3.430038630528688e-05,0.15192688524009088,0.6678662963049413,25,20,20
46,7085,0.18017251806866255,3.430038630528821e-05,0.15192679724325237,0.6678663843017797,25,20,20
46,7086,0.18004759096820874,4.552045695903472e-05,0.15203955388135634,0.6678673346934758,25,20,20
46,7087,0.16078626158615303,5.882046127085062e-05,0.1712252965490582,0.6679296214035181,25,20,20
46,7088,0.16078626158615625,5.882046127092719e-05,0.1712253810443608,0.6679295369082122,25,20,20
46,7089,0.1607862615861563,5.8820461270853906e-05,0.1708523587559219,0.6683025591966514,25,20,20
46,7090,0.1607862615861563,5.882046127092918e-05,0.17085244123418453,0.6683024767183884,25,20,20
46,7091,0.16078626158615708,5.882046127092918e-05,0.1708524760446536,0.6683024419079184,25,20,20
46,7092,0.16078626158615708,5.8820461271004414e-05,0.1708590794266165,0.6682958385259554,25,20,20
46,7093,0.16118772599847822,5.8796055638447636e-05,0.170457641393915,0.6682958365519673,25,20,20
46,7094,0.16118772599847822,5.879605563845026e-05,0.1704642469541606,0.6682892309917218,25,20,20
46,7095,0.16118772599852382,5.879605588303382e-05,0.1704709520107892,0.668282525934803,25,20,20
46,7096,0.15320432556136837,4.549604704846601e-05,0.17852618695424852,0.6682239914373339,25,20,20
46,7097,0.15320432556136843,4.549604704846731e-05,0.1785261619245874,0.6682240164669949,25,20,20
46,7098,0.14564994110517213,1.3021536283509597e-05,0.1861130050804434,0.6682240322781005,25,20,20
46,7099,0.14564994110517213,1.3021536283510917e-05,0.18611311897311103,0.6682239183854327,25,20,20
46,7100,0.14564994110517293,1.302153628779925e-05,0.18611312092960702,0.6682239164289316,25,20,20
46,7101,0.14564994110517293,1.3021536292087807e-05,0.18611782165725052,0.6682192157012838,25,20,20
46,7102,0.14564994110517296,1.3021536047494151e-05,0.1861130679067624,0.6682239694520166,25,20,20
46,7103,0.14516738447604086,2.2905971121283914e-06,0.18660732651054387,0.6682229984163025,25,20,20
46,7104,0.14516738447604405,2.2905971163442544e-06,0.1866119480976596,0.6682183768291796,25,20,20
46,7105,0.14516738447604088,2.29059712063445e-06,0.18634637027306236,0.6684839546537756,25,20,20
46,7106,0.1451673844760761,2.2905973227488216e-06,0.1925912610925781,0.6622390638340225,25,20,20
46,7107,0.14516738447607933,2.290597327038654e-06,0.19259585078081978,0.6622344741457734,25,20,20
46,7108,0.14516690775662486,2.29056943155727e-06,0.19227280897508528,0.6625579926988577,25,20,20
46,7109,0.14516690775662486,2.290569431555973e-06,0.1922727298868952,0.6625580717870477,25,20,20
46,7110,0.14516690775662486,2.290569431555973e-06,0.19227284436119596,0.662557957312747,25,20,20
46,7111,0.14151881526289936,2.402626170301605e-06,0.19592081558416782,0.6625579665267621,25,20,20
46,7112,0.14151881526289936,2.4026261703029027e-06,0.19592073725864673,0.6625580448522832,25,20,20
46,7113,0.14151881526289856,2.402626166087244e-06,0.19591421279575624,0.6625645693151787,25,20,20
46,7114,0.14151420345478247,2.2994048693468512e-06,0.19591893703261198,0.6625645601077358,25,20,20
46,7115,0.1415142034547825,2.299404869346829e-06,0.19592352404562657,0.6625599730947213,25,20,20
46,7116,0.1415142034547825,2.299404873563187e-06,0.19591711648584875,0.6625663806544947,25,20,20
46,7117,0.14151420345473692,2.2994046289822404e-06,0.19591041543508378,0.6625730817055496,25,20,20
46,7118,0.14151420345473692,2.2994046246906493e-06,0.19591025676327406,0.6625732403773636,25,20,20
46,7119,0.14151420345473692,2.2994046289809885e-06,0.19590575052296555,0.6625777466176679,25,20,20
46,7120,0.1388175284204129,9.75968795832477e-07,0.1984686655798249,0.6627128300309657,25,20,20
46,7121,0.13881752842041284,9.759688001234027e-07,0.19847518926695934,0.662706306343827,25,20,20
46,7122,0.13881752842041284,9.759688000494324e-07,0.1984752226685791,0.6627062729422072,25,20,20
46,7123,0.13881752842036732,9.759685553791972e-07,0.19847038771704312,0.6627111078940334,25,20,20
46,7124,0.13851342295780653,4.867634212604281e-07,0.1987749425524889,0.6627111477262829,25,20,20
46,7125,0.13851342295780975,4.867636616384396e-07,0.19877317282160967,0.6627129174569187,25,20,20
46,7126,0.1385058120897193,4.870541073411213e-07,0.18416331118687793,0.6773303896692957,25,20,20
46,7127,0.13899275403297032,4.870628023607757e-07,0.18368018982778234,0.6773265690764453,25,20,20
46,7128,0.1456546669128383,4.871505975697271e-07,0.177018292915093,0.6773265530214716,25,20,20
46,7129,0.14565466691283588,4.87150357190418e-07,0.1770200639393791,0.6773247819974283,25,20,20
46,7130,0.1456546669128327,4.871503529005624e-07,0.17701536174589594,0.6773294841909189,25,20,20
46,7131,0.14565466691283588,4.871505932059088e-07,0.17701359071012177,0.6773312552264495,25,20,20
46,7132,0.14565466691283901,4.871508334995713e-07,0.17701559160469035,0.6773292543316377,25,20,20
46,7133,0.14446437116526703,4.789387352458247e-07,0.17834082011926702,0.6771943297767312,25,20,20
46,7134,0.14446437116526703,4.789387353210936e-07,0.1783409031630196,0.6771942467329783,25,20,20
46,7135,0.14446437123568776,4.783653069494902e-07,0.20260235369743804,0.6529327967015667,25,20,20
46,7136,0.14523400113643795,4.784716340075919e-07,0.21609986361807182,0.6386656567738551,25,20,20
46,7137,0.1452340011364379,4.784716340049742e-07,0.21609985961220804,0.6386656607797188,25,20,20
46,7138,0.14532569173119814,5.163582243941422e-07,0.18723554531364597,0.6674382465969302,25,20,20
46,7139,0.17069932114505953,7.056871873414213e-07,0.1622111543066745,0.6670888188610786,25,20,20
46,7140,0.17069932173669256,7.056871916335288e-07,0.16222116085335725,0.6670788117227586,25,20,20
46,7141,0.1368724473635495,4.603131880515539e-07,0.1960482813262087,0.6670788109970529,25,20,20
46,7142,0.13687244736359486,4.611052851715604e-07,0.19618347735382818,0.666943614177291,25,20,20
46,7143,0.1368724473635949,4.6110528517290375e-07,0.1961835173253016,0.6669435742058175,25,20,20
46,7144,0.13687244736359172,4.6110528510025395e-07,0.19618343599322066,0.6669436555379018,25,20,20
46,7145,0.13687244736611606,4.603131879808074e-07,0.19644616633247536,0.6666809259882198,25,20,20
46,7146,0.13687244413476074,9.577345554726264e-07,0.19644567213602573,0.6666809259946567,25,20,20
46,7147,0.14032042434310446,1.0079426708766991e-06,0.19299791178748124,0.6666806559267421,25,20,20
46,7148,0.14076583794332168,0.000596277733718803,0.1919572125379392,0.666680671785019,25,20,20
46,7149,0.14076583794075204,0.000596277733723084,0.1916515054932295,0.6669863788322941,25,20,20
46,7150,0.14076583794074804,0.0005962777200571748,0.19156139771411024,0.667076486625083,25,20,20
46,7151,0.1357670757227036,0.0005960645085221533,0.1965594865706623,0.6670773731981104,25,20,20
46,7152,0.13576707572270352,0.0005960645085177977,0.1964671868688742,0.6671696728999029,25,20,20
46,7153,0.13576707572270352,0.0005960645085177977,0.19646714888233896,0.6671697108864383,25,20,20
46,7154,0.15177430317284132,0.0005960645714881868,0.1804599213640283,0.667169710891641,25,20,20
46,7155,0.15177430258120825,0.0005960645714796044,0.1804497207462862,0.6671799121010246,25,20,20
46,7156,0.11571975957842032,0.0005960643204432236,0.21650426477507653,0.6671799113260594,25,20,20
46,7157,0.11571975957842037,0.0005960643204475135,0.2165089669393801,0.6671752091617514,25,20,20
46,7158,0.11571975957841717,0.0005960643202029299,0.2165022639046844,0.6671819121966951,25,20,20
46,7159,0.1156280689132496,0.0005960264319854103,0.21005327228015835,0.6737226323746061,25,20,20
46,7160,0.11562806891325032,0.0005960264321918105,0.2163033342512508,0.6674725704033062,25,20,20
46,7161,0.11228972949754495,0.00059618760564096,0.2196405043636596,0.6674735785331538,25,20,20
46,7162,0.11228972949754494,0.0005961876056409587,0.21964046439218637,0.6674736185046273,25,20,20
46,7163,0.1512408672886816,0.0005961875948013159,0.1806879466222381,0.6674749984942783,25,20,20
46,7164,0.15111274999316593,0.0006101514411464806,0.18080310997592522,0.6674739885897617,25,20,20
46,7165,0.1511127499931283,0.0006101514409400752,0.17455591561755837,0.6737211829483725,25,20,20
46,7166,0.1511127499933092,0.0006101514547904428,0.17482336189307723,0.6734537366588222,25,20,20
46,7167,0.1511127499933124,0.0006101514547948051,0.17482996524340183,0.67344713330849,25,20,20
46,7168,0.15066764501664853,1.4375926278328447e-05,0.17587086161914353,0.673447117437929,25,20,20
46,7169,0.15066764501665092,1.437592627840317e-05,0.17613480867542708,0.6731831703816431,25,20,20
46,7170,0.16545482662501637,1.4366194336146416e-05,0.16134852368549635,0.6731822834951501,25,20,20
46,7171,0.16545482662501954,1.4366194340512622e-05,0.16135512962345477,0.6731756775571844,25,20,20
46,7172,0.16545482662501954,1.4366194095918968e-05,0.16135029612490245,0.6731805110559814,25,20,20
46,7173,0.16545482662483862,1.4366180245552581e-05,0.1610829636236883,0.6734478435712269,25,20,20
46,7174,0.1618617745617699,1.4366175978675016e-05,0.13091772023519455,0.7072061390270568,25,20,20
46,7175,0.16186177456176667,1.4366175974308833e-05,0.13091111629484734,0.7072127429674118,25,20,20
46,7176,0.16186177456176667,1.4366175974310132e-05,0.1309111144125964,0.7072127448496626,25,20,20
46,7177,0.16186177456176673,1.4366175970021264e-05,0.13090960591631037,0.7072142533459528,25,20,20
46,7178,0.16186177456176357,1.436617596994784e-05,0.13064329772938463,0.7074805615328819,25,20,20
46,7179,0.16186177456176354,1.436617596565803e-05,0.13063859606422912,0.7074852631980414,25,20,20
46,7180,0.16186177456176346,1.436617596144314e-05,0.13089828957804253,0.7072255696842322,25,20,20
46,7181,0.17976542536964213,1.436610658509951e-05,0.11299463847828801,0.7072255700454845,25,20,20
46,7182,0.17976542564778294,0.0002587810122351486,0.11275021700213139,0.7072255763378499,25,20,20
46,7183,0.17976502782713452,0.0002587810145087027,0.10690433437629954,0.7130718567820566,25,20,20
46,7184,0.17976502782713452,0.00025878101450885096,0.10717055096933593,0.7128056401890202,25,20,20
46,7185,0.17976502797365546,0.0002587810147468994,0.10753774990891216,0.7124384411026852,25,20,20
46,7186,0.17976502797365546,0.0002587810147468982,0.10753937074657927,0.712436820265018,25,20,20
46,7187,0.17976502797383753,0.0002587810147468982,0.10753953181836351,0.7124366591930514,25,20,20
46,7188,0.1797650279738383,0.00025878101474682467,0.10727342948624793,0.7127027615251663,25,20,20
46,7189,0.1797650279738383,0.00025878101474682467,0.10727343206954512,0.7127027589418691,25,20,20
46,7190,0.17976502797383911,0.0002587810147511143,0.10728003790124545,0.7126961531101637,25,20,20
46,7191,0.17978235757388428,0.0002587805136454776,0.10726270393018736,0.712696157982282,25,20,20
46,7192,0.17978235757388109,0.00025878051364111403,0.10725613736788196,0.7127027245445948,25,20,20
46,7193,0.1797823581607848,0.00025878130187159844,0.10731967936749451,0.7126391811698483,25,20,20
46,7194,0.17978235816078558,0.0002587813018758868,0.10732616895253815,0.7126326915847996,25,20,20
46,7195,0.17978235816060345,0.0002587813018759594,0.1073261203227828,0.7126327402147369,25,20,20
46,7196,0.1797823581606027,0.0002587813018717451,0.10731957126690238,0.7126392892706223,25,20,20
46,7197,0.17978235816060276,0.00025878130211408904,0.1076926911533328,0.7122661693839494,25,20,20
46,7198,0.17978235816060203,0.00025878130211401374,0.10769268278122338,0.7122661777560595,25,20,20
46,7199,0.17978235816060203,0.00025878130211401374,0.10769272028214713,0.7122661402551356,25,20,20
46,7200,0.17978235816064653,0.0002587813157580559,0.10171010529904759,0.7182487552245469,25,20,20
46,7201,0.17978235816064728,0.00025878131576227025,0.10171665435492418,0.7182422061686653,25,20,20
46,7202,0.17978235816082372,0.00025878132933091185,0.10208600018368404,0.7178728603261604,25,20,20
46,7203,0.17978235816082452,0.0002587813293351275,0.10209249085440422,0.7178663696554353,25,20,20
46,7204,0.17978235816082452,0.0002587813293351275,0.10209249026871817,0.7178663702411214,25,20,20
46,7205,0.1796419165823392,0.00025878132932316897,0.10223290725763987,0.7178663948306973,25,20,20
46,7206,0.17964359087899967,0.00025878132953618824,0.10739911361634787,0.7126985141751156,25,20,20
46,7207,0.17964359087899975,0.0002587813295404792,0.10740572011000578,0.7126919076814534,25,20,20
46,7208,0.17964359087895454,0.0002587813156900368,0.10713827245551505,0.7129593553498398,25,20,20
46,7209,0.1796435825293961,0.0002587813016377505,0.10674286030260985,0.7133547758663558,25,20,20
46,7210,0.1796435825293961,0.0002587813016377492,0.1067428583051555,0.7133547778638101,25,20,20
46,7211,0.173803138367638,0.0002587813627974437,0.11258215259627813,0.7133559276732864,25,20,20
46,7212,0.173803138367638,0.000258781362797445,0.11258280790011232,0.713355272369452,25,20,20
46,7213,0.173803138367638,0.000258781362797519,0.11258288378895454,0.7133551964806096,25,20,20
46,7214,0.17380313836763725,0.000258781362797519,0.11258276812808626,0.7133553121414787,25,20,20
46,7215,0.1738031383676372,0.00025878136279322935,0.11257616363188268,0.7133619166376866,25,20,20
46,7216,0.1738031383676372,0.00025878136279748094,0.11294698937323615,0.712991090896329,25,20,20
46,7217,0.17380313836745676,0.0002587813489842443,0.11257281002061609,0.7133652702629427,25,20,20
46,7218,0.17393643929177297,0.0002587814381333457,0.11243953317933586,0.7133652460907577,25,20,20
46,7219,0.17393643929177305,0.0002587814381376088,0.11270586644571916,0.7130989128243701,25,20,20
46,7220,0.1739364387048694,0.00025878064991318524,0.1234339070217174,0.7023708736234999,25,20,20
46,7221,0.17393476440839042,0.00025878064994407085,0.11839718523832252,0.7074092697033428,25,20,20
46,7222,0.17393476426186844,0.0002587806497102549,0.11828967404257403,0.7075167810458471,25,20,20
46,7223,0.17393476426186852,0.0002587806497103287,0.1183819664781708,0.7074244886102501,25,20,20
46,7224,0.17393476426182328,0.00025878064970180257,0.11811562689942572,0.707690828189049,25,20,20
46,7225,0.17393476426182325,0.0002587806497018012,0.11811558554061624,0.7076908695478585,25,20,20
46,7226,0.17401811231845155,0.0002587806433665736,0.1180336175618684,0.7076894894763133,25,20,20
46,7227,0.17403259360715687,2.14355804174889e-07,0.11827120210111133,0.7076959899359271,25,20,20
46,7228,0.17403254646710237,2.1484800695533772e-07,0.11827125114623639,0.7076959875386541,25,20,20
46,7229,0.17403254646710237,2.1484801124565436e-07,0.11827133887512689,0.7076958998097593,25,20,20
46,7230,0.17403254646710317,2.1484801131961328e-07,0.11827794390984316,0.7076892947750422,25,20,20
46,7231,0.1749440068866293,2.1481066686323408e-07,0.11735916198298585,0.7076966163197177,25,20,20
46,7232,0.1749440068866301,2.1481067122962433e-07,0.11736386565184975,0.7076919126508485,25,20,20
46,7233,0.17494400688662928,2.1481067123032057e-07,0.11735738013510247,0.7076983981675967,25,20,20
46,7234,0.17494400703406676,2.148245627561797e-07,0.11748806211438553,0.7075677160269846,25,20,20
46,7235,0.1749440070340668,2.1482456275747744e-07,0.11748806353692849,0.7075677146044421,25,20,20
46,7236,0.1471673023281489,2.25776847899145e-06,0.14470867944345897,0.7081217604599133,25,20,20
46,7237,0.1471673023281488,2.2577684747296875e-06,0.14444242722801262,0.7083880126753638,25,20,20
46,7238,0.10735360290069891,2.259356966649423e-06,0.18425610974576984,0.7083880279965643,25,20,20
46,7239,0.10735360290069891,2.259356966797341e-06,0.1842625996046067,0.7083815381377275,25,20,20
46,7240,0.10735360290069972,2.259356970974961e-06,0.18463559947036187,0.7080085382719673,25,20,20
46,7241,0.10735360291108137,2.2593569794073617e-06,0.18463077028441663,0.7080133674475225,25,20,20
46,7242,0.08471367811930092,2.069631516227575e-06,0.20727178934990118,0.7080124628992815,25,20,20
46,7243,0.0846010181075044,2.116005426466903e-06,0.20738441457287812,0.7080124513141911,25,20,20
46,7244,0.08460101810750753,2.1167982197371306e-06,0.1964264332993208,0.718970431794952,25,20,20
46,7245,0.08681206973291541,1.1584889091638195e-05,0.19420591357146427,0.7189704318065288,25,20,20
46,7246,0.08681206974318481,1.1585675240348023e-05,0.19464015884563202,0.7185361857359426,25,20,20
46,7247,0.0928899080958445,1.1585674163435799e-05,0.18856232085367694,0.7185361853763148,25,20,20
46,7248,0.0928899080855751,1.1584888010435636e-05,0.1881278802962256,0.7189706267301885,25,20,20
46,7249,0.09288990808562068,1.1584888014728584e-05,0.1880372496190585,0.719061257407306,25,20,20
46,7250,0.0928899080856199,1.158488801043768e-05,0.18803064417111479,0.7190678628552548,25,20,20
46,7251,0.09288990808562068,1.158488801473064e-05,0.18803084283831553,0.7190676641880492,25,20,20
46,7252,0.09288990808562064,1.1584888014729343e-05,0.18803084233732265,0.7190676646890425,25,20,20
46,7253,0.0928863584629325,1.1584888070651976e-05,0.1880343915268701,0.7190676651221273,25,20,20
46,7254,0.0928863584629325,1.1584888070652e-05,0.1880343916422421,0.7190676650067553,25,20,20
46,7255,0.08716196348541703,2.1206863506429667e-06,0.1903341246796474,0.7225017911485853,25,20,20
46,7256,0.08716196348541626,2.120686354859353e-06,0.1903276612282469,0.7225082545999822,25,20,20
46,7257,0.08716196348541627,2.120686359147889e-06,0.19033236194591435,0.7225035538823105,25,20,20
46,7258,0.08716196348541548,2.1206863549315665e-06,0.19033228123819665,0.7225036345900331,25,20,20
46,7259,0.08160331924618477,2.3693554986482363e-06,0.1920399342210812,0.7263543771772356,25,20,20
46,7260,0.0816033192461855,2.3693552563068953e-06,0.19166920603804588,0.7267251053605124,25,20,20
46,7261,0.0816033192461848,2.3693552563069186e-06,0.1916668940082587,0.7267274173903001,25,20,20
46,7262,0.08160331924636573,2.3693554950122457e-06,0.1919330995934907,0.7264612118046486,25,20,20
46,7263,0.08160331924636254,2.3685626955315872e-06,0.1918331666647764,0.7265611455261656,25,20,20
46,7264,0.08160331924636254,2.3685626955315872e-06,0.1918331666647764,0.7265611455261656,25,20,20
46,7265,0.08160331924631688,2.3685626912401003e-06,0.1918362047507979,0.726558107440194,25,20,20
46,7266,0.08160331924631688,2.3685626912426956e-06,0.1918363177882616,0.7265579944027304,25,20,20
46,7267,0.08160331909887866,2.368548799763738e-06,0.19196536254395505,0.7264289498083666,25,20,20
46,7268,0.08160331909887866,2.3685487955121457e-06,0.1915923730882481,0.7268019392640777,25,20,20
46,7269,0.08160331909887945,2.368548795584807e-06,0.1915988656713842,0.7267954466809406,25,20,20
46,7270,0.08160331909887868,2.368548791293685e-06,0.19159427739065912,0.7268000349616709,25,20,20
46,7271,0.08160331909887861,2.3685487870038514e-06,0.19158968773137847,0.7268046246209556,25,20,20
46,7272,0.08160331909887861,2.368548791294145e-06,0.19158988288692555,0.7268044294654042,25,20,20
46,7273,0.08160331909887861,2.368548787077822e-06,0.1915897686967454,0.7268045436555888,25,20,20
46,7274,0.0816033190988818,2.3685487870038514e-06,0.19158979529051323,0.7268045170618177,25,20,20
46,7275,0.04513330174967219,2.3945685302676598e-06,0.22805954337041137,0.7268047603113855,25,20,20
46,7276,0.04513330174971743,2.394568777525034e-06,0.22832578178594753,0.7265385218955569,25,20,20
46,7277,0.04513330174971743,2.394568777523736e-06,0.2283257007451089,0.7265386029363955,25,20,20
46,7278,0.04511882056351555,2.3707157524472702e-06,0.2283464350495721,0.7265323736711593,25,20,20
46,7279,0.04511882056351242,2.3707157524485908e-06,0.2283463285753293,0.7265324801454054,25,20,20
46,7280,0.041594660905219606,2.344696004001514e-06,0.23187075791476705,0.7265322364840097,25,20,20
46,7281,0.04159466090521966,2.3446960082176126e-06,0.2318729209073643,0.726530073491408,25,20,20
46,7282,0.04159465787591726,2.340820451134592e-06,0.1955423861289535,0.7628606151746778,25,20,20
46,7283,0.040734912292040584,2.340356134861002e-06,0.19640945381082162,0.7628532935410028,25,20,20
46,7284,0.03455926066668968,2.972606269913097e-07,0.2031423682702195,0.762298073802463,25,20,20
46,7285,0.0564384304203031,2.9726062427923377e-07,0.18126319858852355,0.7622980737305488,25,20,20
46,7286,0.0564384304203031,2.9726062420397346e-07,0.1812651015201041,0.7622961707989682,25,20,20
46,7287,0.05643843042030311,2.97260624205294e-07,0.1812651285822768,0.7622961437367956,25,20,20
46,7288,0.056438430420303096,2.9726062413130047e-07,0.18126501465806563,0.7622962576610067,25,20,20
46,7289,0.08569266280787936,2.9726060642471013e-07,0.15201078229170817,0.7622962576398059,25,20,20
46,7290,0.08569266280792487,2.972606106709567e-07,0.15174686164501008,0.7625601782864544,25,20,20
46,7291,0.08569266280785597,2.972608450810849e-07,0.1520122883185751,0.7622947516127241,25,20,20
46,7292,0.08569266280785923,2.972747874127198e-07,0.15201602234636927,0.7622910175709842,25,20,20
46,7293,0.08569266280785931,2.972747917056551e-07,0.15201621960482858,0.7622908203125206,25,20,20
46,7294,0.08569266280785852,2.972747916316969e-07,0.15200964101225703,0.7622973989050931,25,20,20
46,7295,0.08569266280785852,2.9727479163042235e-07,0.15200956708120417,0.7622974728361457,25,20,20
46,7296,0.08569266280785852,2.972747917030831e-07,0.1520161428104631,0.7622908971068867,25,20,20
46,7297,0.08569266280785852,2.97274791779622e-07,0.15201838040051377,0.7622886595168359,25,20,20
46,7298,0.08569266280785856,2.9727479540052376e-07,0.1582613651801269,0.756045674737219,25,20,20
46,7299,0.08569266280785788,2.9727479114893293e-07,0.1578929529373948,0.7564140869799562,25,20,20
46,7300,0.08569266280785781,2.9726109342740726e-07,0.157891465436361,0.7564155744946877,25,20,20
46,7301,0.08569266280785862,2.972610934287512e-07,0.15789385775009632,0.7564131821809515,25,20,20
46,7302,0.08569266280785862,2.9726109343004815e-07,0.15789391038586653,0.7564131295451813,25,20,20
46,7303,0.08569266280781633,2.9726108492253213e-07,0.1578962012772674,0.7564108386538312,25,20,20
46,7304,0.0856926628078448,2.972612440842201e-07,0.1718615182193571,0.7424455217115535,25,20,20
46,7305,0.08569266280784159,2.9726099947411094e-07,0.17185915925517356,0.7424478806759849,25,20,20
46,7306,0.08569266280770929,2.9726076083399124e-07,0.17168511826167024,0.7426219216698593,25,20,20
46,7307,0.08569266280771247,2.9726076512560564e-07,0.17168531353380329,0.7426217263977187,25,20,20
46,7308,0.08569266280771241,2.972607608339681e-07,0.17168511827297525,0.7426219216585512,25,20,20
46,7309,0.09643488524634564,2.9726070079554944e-07,0.16094289583459112,0.7426219216583619,25,20,20
46,7310,0.09643488524634558,2.9726070079422807e-07,0.1609430070960927,0.7426218103968604,25,20,20
46,7311,0.09643488524629695,2.9726069651264645e-07,0.16085078065528013,0.7427140368377259,25,20,20
46,7312,0.096434884655411,2.972468264145118e-07,0.16061553235129883,0.7429492857464632,25,20,20
46,7313,0.09643488465541097,2.9724683075104054e-07,0.16087717421633388,0.7426876438814238,25,20,20
46,7314,0.09643488465541017,2.972468307484212e-07,0.160879483413559,0.7426853346841996,25,20,20
46,7315,0.09643488480204018,2.9727426445871215e-07,0.1610566810964081,0.7425081368272868,25,20,20
46,7316,0.09643488480204018,2.9727426453268327e-07,0.16105668252355698,0.7425081354001378,25,20,20
46,7317,0.09643488479172736,2.9727402154223644e-07,0.1607894842472472,0.7427753336870034,25,20,20
46,7318,0.09643488464491581,2.972463439244952e-07,0.16048284449455863,0.7430819736141813,25,20,20
46,7319,0.12042222261587243,2.9984213362869694e-07,0.1364949378466559,0.7430825396953382,25,20,20
46,7320,0.12042222261587243,2.998421336286738e-07,0.1364948581106147,0.7430826194313793,25,20,20
46,7321,0.12042222261592064,3.006282865546362e-07,0.13692929862772454,0.7426481781280684,25,20,20
46,7322,0.12042222261592064,3.0062828655593365e-07,0.13693399841314838,0.7426434783426445,25,20,20
46,7323,0.12042222261592064,3.00628289640335e-07,0.1479917980486616,0.7315856787071282,25,20,20
46,7324,0.12042222261592071,3.0062853423528695e-07,0.14799663246005745,0.7315808442954878,25,20,20
46,7325,0.11995726799835477,5.1957742356598414e-08,0.1523125783432143,0.7277301017006892,25,20,20
46,7326,0.11995726799835477,5.1957742357896955e-08,0.15230790330901578,0.7277347767348875,25,20,20
46,7327,0.11995726799835861,5.195774273316778e-08,0.18884603385290333,0.6911966461909951,25,20,20
46,7328,0.11995726799835861,5.195774265920887e-08,0.18883943108581366,0.6912032489580848,25,20,20
46,7329,0.11995726799831345,5.195749547710334e-08,0.1885731941224655,0.6914694859217255,25,20,20
46,7330,0.11995726853429765,0.014682193512118333,0.177352831090165,0.6880077068634189,25,20,20
46,7331,0.11995726853430089,0.014682193512122538,0.1774450520683797,0.6879154858851968,25,20,20
46,7332,0.11995726854465076,0.014682193512212205,0.163477481523027,0.7018830564201097,25,20,20
46,7333,0.11995726854465395,0.014682193512213311,0.1526859113742557,0.7126746265688773,25,20,20
46,7334,0.119957268544654,0.014682193512213306,0.1526905337733809,0.7126700041697522,25,20,20
46,7335,0.11995726854465392,0.014682193512209684,0.14644102527121866,0.718919512671918,25,20,20
46,7336,0.11995726854465474,0.01468219351220961,0.1464387781721334,0.7189217597710024,25,20,20
46,7337,0.11995726854465474,0.0146821935122139,0.14643894441369823,0.7189215935294332,25,20,20
46,7338,0.11995726854724985,0.014682193512214049,0.14644567831882477,0.7189148596217114,25,20,20
46,7339,0.11995726854724989,0.014682193512218339,0.14645225636226172,0.7189082815782701,25,20,20
46,7340,0.11995726854724989,0.014682193512218411,0.14645878007586874,0.7189017578646631,25,20,20
46,7341,0.12114867265068897,0.014682193511873944,0.14526737834594874,0.7189017554914886,25,20,20
46,7342,0.12114867265068892,0.014682193511869652,0.14526518052497503,0.7189039533124667,25,20,20
46,7343,0.1211486726506909,0.014682193520698798,0.15923064283418073,0.70493849099443,25,20,20
46,7344,0.1211486726609769,0.014682193521179188,0.1595975166000921,0.7045716172177522,25,20,20
46,7345,0.12114867266097683,0.014682193521174924,0.15933129250344016,0.7048378413144084,25,20,20
46,7346,0.12114867266098002,0.014682193521179207,0.15942351275649114,0.70474562106135,25,20,20
46,7347,0.12114867266093182,0.014682192735026354,0.15899377206452645,0.7051753625395156,25,20,20
46,7348,0.12114867266093497,0.014682192748876648,0.15925651967596563,0.704912614914223,25,20,20
46,7349,0.12114867266093818,0.01468219274888094,0.15926304443565165,0.7049060901545294,25,20,20
46,7350,0.1596264766644151,0.01468219283663201,0.12078521550845706,0.704906114990496,25,20,20
46,7351,0.1596264766644151,0.014682192836627826,0.12052049425753969,0.7051708362414176,25,20,20
46,7352,0.15916902417154197,0.014682484694215632,0.12097760609795326,0.7051708850362892,25,20,20
46,7353,0.15916902417154197,0.014682484694211415,0.12110700719343112,0.7050414839408156,25,20,20
46,7354,0.15916902416125595,0.014682484693726737,0.12073352893166296,0.7054149622133543,25,20,20
46,7355,0.15916902416125595,0.014682484693726733,0.12072894161015675,0.7054195495348607,25,20,20
46,7356,0.15916902416125914,0.014682484693731021,0.12073554410759621,0.705412947037414,25,20,20
46,7357,0.13528758066878419,0.014684933513643155,0.1446153825855972,0.7054121032319766,25,20,20
46,7358,0.13528758065844795,0.01468493351339433,0.14474250223679885,0.7052849835913598,25,20,20
46,7359,0.1352875806584965,0.014684933513638072,0.14487455133936947,0.7051529344884968,25,20,20
46,7360,0.13528758065849647,0.014684933513637997,0.1448744386256546,0.7051530472022116,25,20,20
46,7361,0.13528758065849328,0.01468493351363807,0.14487751637307675,0.7051499694547927,25,20,20
46,7362,0.13528758065849328,0.014684933513638067,0.144748110158923,0.7052793756689465,25,20,20
46,7363,0.13528758065849408,0.01468493351363807,0.14475050927240785,0.705276976555461,25,20,20
46,7364,0.13528758065849408,0.014684933513638079,0.14466291071913973,0.7053645751087292,25,20,20
46,7365,0.13528758125014748,0.014684933500036574,0.14440408323541065,0.7056234020144064,25,20,20
46,7366,0.13528758125014428,0.014684933500032282,0.14439747731763997,0.7056300079321844,25,20,20
46,7367,0.15311080996103063,0.014684933500139346,0.126574248606934,0.7056300079318969,25,20,20
46,7368,0.15906698354593998,0.014684933501729393,0.1206180750129818,0.7056300079393495,25,20,20
46,7369,0.15906698354593918,0.014684933501729468,0.12062037573491746,0.7056277072174146,25,20,20
46,7370,0.1590669835459392,0.014684933501733756,0.12062686510657761,0.7056212178457502,25,20,20
46,7371,0.15906698354594004,0.014684933501737933,0.1209933645085861,0.7052547184437367,25,20,20
46,7372,0.15906698354612214,0.01468493350173786,0.12099028777037331,0.7052577951817673,25,20,20
46,7373,0.1593632785739565,0.014684933501628791,0.1206939927421239,0.7052577951822915,25,20,20
46,7374,0.1593632785739533,0.0146849335016245,0.12068738682435325,0.7052644011000697,25,20,20
46,7375,0.1593632785739533,0.014684933501624496,0.12068727235270614,0.7052645155717169,25,20,20
46,7376,0.15936327857395644,0.014684933501620206,0.12068537060892438,0.7052664173154998,25,20,20
46,7377,0.1596247007013414,0.014684933405426204,0.12042397342711819,0.7052663924661148,25,20,20
46,7378,0.15856007615984608,0.014684933753052234,0.12148321283857712,0.7052717772485251,25,20,20
46,7379,0.15856007615989087,0.014684933753052349,0.1211148567052087,0.7056401333818486,25,20,20
46,7380,0.1585600761598455,0.014684933753052274,0.1209854020907914,0.7057695879963114,25,20,20
46,7381,0.15856007616002557,0.014684933743982824,0.10701743877783867,0.7197375513181528,25,20,20
46,7382,0.15856007616002557,0.014684933743982753,0.10701285142328576,0.7197421386727059,25,20,20
46,7383,0.15856007616002238,0.01468493374397854,0.10701042689837688,0.7197445631976221,25,20,20
46,7384,0.15856007616002313,0.01468493374398712,0.10701042825793732,0.7197445618380524,25,20,20
46,7385,0.15856007616002313,0.014684933744223121,0.10701242845619262,0.719742561639561,25,20,20
46,7386,0.15856007616002393,0.01468493374422327,0.10701713109908154,0.7197378589966711,25,20,20
46,7387,0.15856007616002402,0.014684933744223274,0.10701718608485457,0.7197378040108979,25,20,20
46,7388,0.15856007616002407,0.014684933744223276,0.10701946364869709,0.7197355264470553,25,20,20
46,7389,0.15856007616002393,0.014684933744223274,0.10701952251211554,0.7197354675836372,25,20,20
46,7390,0.19820493765091618,0.014682481820113214,0.06737711307235161,0.7197354674566188,25,20,20
46,7391,0.1982049402448365,0.0007753528342880319,0.08128310880916793,0.7197365981117073,25,20,20
46,7392,0.19820998490766786,3.4033870940886774e-07,0.08021200166699069,0.7215776730866318,25,20,20
46,7393,0.19820998431601144,3.4033846054636543e-07,0.08020340885748453,0.7215862664880432,25,20,20
46,7394,0.1982099843160115,3.403387051272889e-07,0.08020999942127524,0.721579675924008,25,20,20
46,7395,0.19820998431596593,3.4033870076220036e-07,0.08020525386035164,0.7215844214849816,25,20,20
46,7396,0.19820998431578382,3.4033869654476005e-07,0.08020454302729249,0.721585132318227,25,20,20
46,7397,0.17811667399764539,3.403364204265929e-07,0.10030314589717046,0.7215798397687635,25,20,20
46,7398,0.1781166739976453,3.4033617584437177e-07,0.1002965952885277,0.7215863903776509,25,20,20
46,7399,0.17811667399764614,3.40336420342447e-07,0.1003035531049391,0.7215794325609943,25,20,20
46,7400,0.17811667399764614,3.403364203411041e-07,0.10030354924534274,0.7215794364205906,25,20,20
46,7401,0.1781166739976468,3.403364203424018e-07,0.10030367465657772,0.721579311009355,25,20,20
46,7402,0.1781166739976468,3.4033642034374426e-07,0.1003037570948507,0.721579228571082,25,20,20
46,7403,0.1781166739976436,3.4033641605342804e-07,0.10030364157915304,0.7215793440867871,25,20,20
46,7404,0.1781166739976436,3.4033641612735364e-07,0.10030364249540867,0.7215793431705315,25,20,20
46,7405,0.14131973655271007,3.4034926756024886e-07,0.13710057614416446,0.7215793469538582,25,20,20
46,7406,0.14131973655271093,3.403492718516941e-07,0.13710050392931744,0.7215794191687,25,20,20
46,7407,0.14131973655271007,3.4034927184855745e-07,0.13710490448810667,0.7215750186099118,25,20,20
46,7408,0.14131973655271243,3.4034902735178254e-07,0.1370964075176996,0.721583515580561,25,20,20
46,7409,0.14131973655266392,3.403487836834716e-07,0.13696893905446095,0.7217109840440916,25,20,20
46,7410,0.14131973655266392,3.403487836834716e-07,0.136968939054461,0.7217109840440916,25,20,20
46,7411,0.14131973655525432,3.4034927134305703e-07,0.13709878125103023,0.7215811418444443,25,20,20
46,7412,0.1413197365552535,3.4034927119253737e-07,0.1370941171803627,0.7215858059151127,25,20,20
46,7413,0.14131973655543564,3.403492713430749e-07,0.13709424443554258,0.7215856786597505,25,20,20
46,7414,0.1411938649811674,3.404398642508372e-07,0.13722011548730345,0.7215856790916654,25,20,20
46,7415,0.14119386498116657,3.4043986432346466e-07,0.137220075869125,0.7215857187098446,25,20,20
46,7416,0.14119386498116657,3.404398685409504e-07,0.13721712156338778,0.7215886730155776,25,20,20
46,7417,0.1411938649809845,3.404398685381615e-07,0.13730779088937894,0.7214980036897685,25,20,20
46,7418,0.14119386498080239,3.4043986838762313e-07,0.13730785563357095,0.7214979389457586,25,20,20
46,7419,0.14119386498080558,3.404398726034851e-07,0.13731244485603605,0.7214933497232862,25,20,20
46,7420,0.1411938649809845,3.4043987268861275e-07,0.13722034083743373,0.7215854537417096,25,20,20
46,7421,0.14119386498098455,3.404401172822674e-07,0.13722502190024705,0.7215807726786515,25,20,20
46,7422,0.14116495500071188,2.9238531185680704e-07,0.13725398402497027,0.7215807685890061,25,20,20
46,7423,0.14116495499811685,2.923853117088658e-07,0.13725195053914643,0.721582802077425,25,20,20
46,7424,0.14116495499811677,2.9238506718916976e-07,0.13725371980740728,0.7215810328094088,25,20,20
46,7425,0.14116495499811596,2.9238506289755536e-07,0.1372536369624228,0.7215811156543981,25,20,20
46,7426,0.1411649549981159,2.9238506274833304e-07,0.13724893812755365,0.7215858144892677,25,20,20
46,7427,0.14116495500847404,2.923850627481833e-07,0.13733918614080057,0.7214955664656625,25,20,20
46,7428,0.14116495500588366,2.923845750885979e-07,0.1372092315068082,0.7216255211027329,25,20,20
46,7429,0.14116495500588366,2.923845750872778e-07,0.13720915104155726,0.7216256015679839,25,20,20
46,7430,0.14116495500588364,2.9238457501347984e-07,0.13711693765944308,0.7217178149500982,25,20,20
46,7431,0.14116049113196602,2.9256010706557796e-07,0.13874770262994476,0.7200915136779819,25,20,20
46,7432,0.1711642469236905,2.925845964295822e-07,0.10874394054721112,0.7200915199445018,25,20,20
46,7433,0.1711642469236905,2.925845922152324e-07,0.10874393885770443,0.7200915216340127,25,20,20
46,7434,0.17116424692369128,2.925845922892157e-07,0.10873741914615842,0.7200980413455577,25,20,20
46,7435,0.17116424692369128,2.9258459657950996e-07,0.10873750195531214,0.7200979585363997,25,20,20
46,7436,0.17583743688570255,3.0343177267427203e-07,0.10406434003262025,0.7200979196499044,25,20,20
46,7437,0.17583743688570258,3.0343177267428474e-07,0.10405781834698528,0.7201044413355394,25,20,20
46,7438,0.1758374368855205,3.0343177260018323e-07,0.10405924311635895,0.7201030165663478,25,20,20
46,7439,0.1758374368855173,3.034317725904651e-07,0.10414978810319489,0.7200124715795149,25,20,20
46,7440,0.1758374368855173,3.0343177266313853e-07,0.10414982329523063,0.7200124363874788,25,20,20
46,7441,0.17583743688551653,3.034317725125559e-07,0.104149739590218,0.7200125200924924,25,20,20
46,7442,0.17583743688551334,3.0343177243728683e-07,0.10415435690644305,0.7200079027762706,25,20,20
46,7443,0.1758374368855587,3.034320119748099e-07,0.10428443705593768,0.7198778226264912,25,20,20
46,7444,0.1758374368855619,3.034320120499026e-07,0.10437672951196322,0.7197855301704624,25,20,20
46,7445,0.1758374368855619,3.034320120485825e-07,0.1043766490467123,0.7197856106357132,25,20,20
46,7446,0.1758374368855587,3.034320119721697e-07,0.10428443706004492,0.7198778226223839,25,20,20
46,7447,0.1758374368855619,3.034320120482491e-07,0.10455070275163703,0.7196115569307885,25,20,20
46,7448,0.17580873376995043,3.0509897529157657e-07,0.10457940420264707,0.7196115569284268,25,20,20
46,7449,0.17593023097434382,3.050083828827893e-07,0.10445790751329632,0.7196115565039771,25,20,20
46,7450,0.1759302309745255,3.0500838716190286e-07,0.10455020686464365,0.7195192571524436,25,20,20
46,7451,0.1759302309745255,3.0500838716192615e-07,0.10454562151493019,0.7195238425021572,25,20,20
46,7452,0.17592966884787603,3.0527102286499394e-07,0.10476209432545794,0.7193079315556438,25,20,20
46,7453,0.17592966884787598,3.052710228649938e-07,0.1047574736643364,0.7193125522167653,25,20,20
46,7454,0.17592966884769634,3.0527118056444854e-07,0.11863532569048355,0.70543470019064,25,20,20
46,7455,0.17592966883751862,3.052714229052529e-07,0.11891592061850842,0.7051541052725505,25,20,20
46,7456,0.17592966883751548,3.052714186154657e-07,0.11891121962528467,0.7051588062657816,25,20,20
46,7457,0.17592966883751543,3.0527141861539706e-07,0.11891121842502034,0.7051588074660461,25,20,20
46,7458,0.175929668837335,3.052711761994777e-07,0.11853817692977386,0.7055318489617154,25,20,20
46,7459,0.17592966883733513,3.0527093673724635e-07,0.11840809882368658,0.705661927068042,25,20,20
46,7460,0.17592966883733513,3.0527093681200495e-07,0.11867435066482923,0.7053956752268992,25,20,20
46,7461,0.17592966883733385,3.052707791217216e-07,0.10471080264673058,0.7193592232451569,25,20,20
46,7462,0.14138596270057907,2.1059918980793686e-06,0.13925258177217759,0.7193593495353454,25,20,20
46,7463,0.14221511135493065,2.1535863625130664e-06,0.13842326887726947,0.7193594661814376,25,20,20
46,7464,0.1422151113549338,2.15358636680445e-06,0.1384254998010268,0.7193572352576727,25,20,20
46,7465,0.1422151113549306,2.153586362513066e-06,0.13842326885221146,0.7193594662064956,25,20,20
46,7466,0.10253470287474567,2.1536101047435914e-06,0.1781035386652857,0.7193596048498634,25,20,20
46,7467,0.10253470287474567,2.1536101047435694e-06,0.1781035386651082,0.7193596048500409,25,20,20
46,7468,0.10253470287474567,2.153610104742294e-06,0.1781036177328145,0.7193595257823345,25,20,20
46,7469,0.10253470287474568,2.1536101048167577e-06,0.17784198667764595,0.7196211568375028,25,20,20
46,7470,0.10253470287474568,2.153610109107052e-06,0.17784206745037845,0.7196210760647659,25,20,20
46,7471,0.10253470287474648,2.1536098645994086e-06,0.17820848182673335,0.7192546616886547,25,20,20
46,7472,0.10253470287474652,2.153609864674701e-06,0.17820848435117592,0.719254659164212,25,20,20
46,7473,0.10253470287474972,2.1536098647498162e-06,0.17830077739854258,0.7191623661168424,25,20,20
46,7474,0.1025347028747497,2.153609864749794e-06,0.17830054741263518,0.7191625961027498,25,20,20
46,7475,0.10253470287474965,2.1536098647510686e-06,0.1783005469363651,0.7191625965790199,25,20,20
46,7476,0.10253470287479438,2.1536238011862073e-06,0.17830218630278896,0.7191609571986148,25,20,20
46,7477,0.11900949911641642,2.14252377565185e-06,0.16182745406754914,0.7191609042922589,25,20,20
46,7478,0.11900949911637088,2.1425237712862647e-06,0.16182733583104753,0.7191610225288103,25,20,20
46,7479,0.11900949911637088,2.1425237712848777e-06,0.16219573752775354,0.7187926208321045,25,20,20
46,7480,0.11900949911637088,2.1425237712096086e-06,0.16219573694089248,0.7187926214189655,25,20,20
46,7481,0.11888971248104081,2.142520317787015e-06,0.162315523171723,0.7187926218269183,25,20,20
46,7482,0.11864082319756138,0.0007814433581283526,0.16178520824245496,0.7187925252018552,25,20,20
46,7483,0.11786069699779052,0.0007814437082709629,0.16256533401168194,0.7187925252822562,25,20,20
46,7484,0.11786069699779063,0.0007814437082666726,0.16256987413405014,0.7187879851598923,25,20,20
46,7485,0.11767603715043483,0.0007814436192195458,0.16275453491876998,0.7187879843115755,25,20,20
46,7486,0.1183277217835765,0.0007814433612627849,0.16210284976797076,0.71878798508719,25,20,20
46,7487,0.11832772178357968,0.0007814433612627123,0.1621075311201909,0.7187833037349667,25,20,20
46,7488,0.11825765720917046,0.0007828658465605965,0.16217630972964003,0.7187831672146291,25,20,20
46,7489,0.11825765720917046,0.000782865846556305,0.1621747687606423,0.7187847081836309,25,20,20
46,7490,0.11825765720917046,0.000782865846556379,0.16217938954258015,0.7187800874016931,25,20,20
46,7491,0.11825765720917364,0.0007828658465563036,0.16218092945534296,0.7187785474889273,25,20,20
46,7492,0.12108589838265676,0.0007828658921343,0.1593526975149624,0.7187785382102477,25,20,20
46,7493,0.12108589838265672,0.0007828658921342986,0.15935275843188954,0.7187784772933206,25,20,20
46,7494,0.12108589839303843,0.00078286589213859,0.1593543876669216,0.7187768480479023,25,20,20
46,7495,0.11609151039312456,0.0007807733201350742,0.1640195487878054,0.7191081674989345,25,20,20
46,7496,0.11609151039312456,0.0007807733201351494,0.1640196304540733,0.7191080858326666,25,20,20
46,7497,0.10914079060078796,0.0007807771068698663,0.17091243098406048,0.719166001308281,25,20,20
46,7498,0.10914079060078796,0.0007807771068697911,0.1709078929340059,0.7191705393583356,25,20,20
46,7499,0.10914078897735259,0.0007807754549960676,0.17090789627906297,0.7191705392885869,25,20,20
46,7500,0.10914078897735259,0.0007807754550003579,0.17090801102157419,0.7191704245460714,25,20,20
46,7501,0.10914078897735263,0.0007807754550003593,0.17090805110015306,0.7191703844674923,25,20,20
46,7502,0.10914078897735263,0.000780775454996069,0.17090785632795863,0.719170579239691,25,20,20
46,7503,0.10914078897734952,0.0007807754552383365,0.17118868269035645,0.718889752877054,25,20,20
46,7504,0.10916993801252234,0.000780775455375709,0.17115953365375025,0.71888975287835,25,20,20
46,7505,0.10916993801252552,0.0007807754556223007,0.17153255660189365,0.7185167299299571,25,20,20
46,7506,0.10916993801252546,0.0007807754556222993,0.17153251849640644,0.7185167680354444,25,20,20
46,7507,0.10914079952656133,0.0007807754406654429,0.17156165699862336,0.7185167680341484,25,20,20
46,7508,0.1091407995265614,0.0007807754546066019,0.17156857452423954,0.7185098504945912,25,20,20
46,7509,0.10914072378996392,0.0016810787093598525,0.17059292457861253,0.7185852729220626,25,20,20
46,7510,0.10914186306620839,0.001681078702660363,0.17092327574032473,0.718253782490806,25,20,20
46,7511,0.10914186306620836,0.0016810787026603643,0.17092331322939708,0.7182537450017337,25,20,20
46,7512,0.1091418630662083,0.0016810787024180219,0.17055019277822386,0.7186268654531492,25,20,20
46,7513,0.1091418630662083,0.0016810787024137415,0.17045801303123326,0.7187190452001443,25,20,20
46,7514,0.1091418630662083,0.0016810787024137386,0.17045797565319148,0.7187190825781862,25,20,20
46,7515,0.1091418630662538,0.0016810787024136658,0.1700850280661124,0.7190920301652198,25,20,20
46,7516,0.10914186306625387,0.0016810787024136686,0.17008664694036912,0.719090411290963,25,20,20
46,7517,0.10914186306643439,0.0016810787024178835,0.16971828121667623,0.7194587770144711,25,20,20
46,7518,0.10914186306638966,0.0016810787024178083,0.16972485984728217,0.71945219838391,25,20,20
46,7519,0.14030019082944403,0.0016810787024784384,0.1385665358571908,0.7194521946108865,25,20,20
46,7520,0.14030019082944398,0.0016810787024784362,0.1385651449713844,0.719453585496693,25,20,20
46,7521,0.14030019081910786,0.0016810787024784362,0.13856514409937198,0.7194535863790414,25,20,20
46,7522,0.14030019081910783,0.0016810787024826878,0.13893344971067909,0.7190852807677302,25,20,20
46,7523,0.1472848569458749,0.0016810883361034824,0.13200544537889766,0.7190286093391238,25,20,20
46,7524,0.186572104092176,0.0009017393940577601,0.09349756723101287,0.7190285892827533,25,20,20
46,7525,0.15209265171992928,0.0009017697252631358,0.12729961693643108,0.7197059616183759,25,20,20
46,7526,0.1520926517199261,0.0009017697252631341,0.12729482061139755,0.7197107579434125,25,20,20
46,7527,0.1520926517201082,0.0009017697252674977,0.1273013455975474,0.7197042329570763,25,20,20
46,7528,0.15209265172010503,0.000901769725020906,0.12693484562851234,0.7200707329263613,25,20,20
46,7529,0.15209269771510087,0.0009017715094574967,0.1269347978464605,0.7200707329289808,25,20,20
46,7530,0.1520926977151009,0.000901771509457498,0.12693487976272433,0.720070651012717,25,20,20
46,7531,0.15209269771505546,0.0009017714955210647,0.12692683112537947,0.7200786996640437,25,20,20
46,7532,0.15209269771505865,0.0009017715094194047,0.12705637103979592,0.7199491597357256,25,20,20
46,7533,0.15209269771505546,0.000901771509419404,0.1267901387434177,0.7202153920321069,25,20,20
46,7534,0.15298343493067723,4.619621043224277e-08,0.126876428171246,0.7201400907018659,25,20,20
46,7535,0.15298343493085945,4.619621472374793e-08,0.12687147765143927,0.7201450412214864,25,20,20
46,7536,0.15298343493081382,4.6196210357032904e-08,0.12686973343631464,0.7201467854366608,25,20,20
46,7537,0.1529834349334002,4.619622760164748e-08,0.12683254691138543,0.7201839719589864,25,20,20
46,7538,0.1529834349334002,4.618228651915032e-08,0.12683024876296947,0.7201862701213435,25,20,20
46,7539,0.15298343493340105,4.618229073788157e-08,0.1268324997285478,0.7201840191557602,25,20,20
46,7540,0.15298343493355546,4.618229008604148e-08,0.13290583461790753,0.7141106842662466,25,20,20
46,7541,0.15298343493355548,4.6182290126051396e-08,0.1325329279671248,0.7144835909170293,25,20,20
46,7542,0.15298343493340105,4.618228663549532e-08,0.12645946422734425,0.7205570546569677,25,20,20
46,7543,0.1529834349334461,4.618228241734738e-08,0.12683063818283002,0.7201858807014412,25,20,20
46,7544,0.152983434933264,4.6182278053738006e-08,0.12719710257239705,0.7198194163120603,25,20,20
46,7545,0.15298343493330235,4.618227805488906e-08,0.1334850218816206,0.7135314970027982,25,20,20
46,7546,0.15298343493330235,4.6182278054843126e-08,0.13348479189555895,0.7135317269888598,25,20,20
46,7547,0.15298343493330235,4.6182278054843126e-08,0.13348479189555895,0.7135317269888598,25,20,20
46,7548,0.15298343493330158,4.618227805354639e-08,0.1334781737371739,0.7135383451472456,25,20,20
46,7549,0.15307281822732843,4.572858218679887e-08,0.13338891411748346,0.7135382219266049,25,20,20
46,7550,0.15307281822714638,4.57424282646547e-08,0.1336516098664713,0.713275526163953,25,20,20
46,7551,0.17450085646549365,4.434719371001039e-08,0.11222357208151924,0.7132755271057927,25,20,20
46,7552,0.17450085646544775,4.4347193636753245e-08,0.11185663603317264,0.7136424631541852,25,20,20
46,7553,0.17450085646544863,4.434719378471385e-08,0.11185165643253862,0.7136474427548181,25,20,20
46,7554,0.17450085646544547,4.4347193933913446e-08,0.11185473530427868,0.7136443638830812,25,20,20
46,7555,0.17450085646540706,4.434719393278477e-08,0.10556676865894737,0.7199323305284508,25,20,20
46,7556,0.17450085646540703,4.434719385750231e-08,0.1055621478902834,0.719936951297115,25,20,20
46,7557,0.17450085646559313,4.4347438472255875e-08,0.10556374761159538,0.7199353515753723,25,20,20
46,7558,0.17450085646559632,4.434743854621832e-08,0.10556847615594381,0.7199306230310205,25,20,20
46,7559,0.17450085646559632,4.4347438546218316e-08,0.1055685920169704,0.719930507169994,25,20,20
46,7560,0.17450085646541413,4.434743432850817e-08,0.10565923220994346,0.7198398669772073,25,20,20
46,7561,0.1745008564654141,4.43474341792442e-08,0.10566577081065093,0.7198333283764999,25,20,20
46,7562,0.17450085646541408,4.434743836702109e-08,0.10592737377877752,0.7195717254083692,25,20,20
46,7563,0.17450085646541408,4.434743829065461e-08,0.10583508045567024,0.7196640187314765,25,20,20
46,7564,0.17450085646545957,4.434744258340018e-08,0.10583682967887328,0.7196622695082238,25,20,20
46,7565,0.17450085646545868,4.4347442434142266e-08,0.105835206552493,0.719663892634605,25,20,20
46,7566,0.17450085646545868,4.434743824639359e-08,0.10557049658547682,0.7199286026016253,25,20,20
46,7567,0.17298995849455295,1.106788095375136e-07,0.10605394120794809,0.7209559896186889,25,20,20
46,7568,0.1729899584945074,1.1067880524604342e-07,0.10605227304999527,0.7209576577766914,25,20,20
46,7569,0.1729899584945074,1.1067880509550058e-07,0.10604765364331374,0.7209622771833731,25,20,20
46,7570,0.1729899584945074,1.1067880509682103e-07,0.106049815345832,0.7209601154808548,25,20,20
46,7571,0.1729899584945074,1.106788050980952e-07,0.10604989531196617,0.7209600355147208,25,20,20
46,7572,0.1729899584945074,1.1067880509939294e-07,0.10605000824185323,0.7209599225848338,25,20,20
46,7573,0.17299010456398986,7.173063878103718e-06,0.10774820401985767,0.7192545183522739,25,20,20
46,7574,0.17299010456158187,7.17306386019612e-06,0.10778729251245973,0.7192154298620974,25,20,20
46,7575,0.1729901045614035,7.173049962520465e-06,0.10765585208209401,0.7193468703065394,25,20,20
46,7576,0.1720097765880809,7.173049959826003e-06,0.10863618005541895,0.7193468703065398,25,20,20
46,7577,0.17052543907278683,7.191843580019563e-06,0.11012040917649545,0.719346959907138,25,20,20
46,7578,0.17040272864511796,7.191842101075715e-06,0.11024311960553153,0.7193469599072501,25,20,20
46,7579,0.16870419847949322,7.191843211453954e-06,0.11194061355698831,0.7193479961203074,25,20,20
46,7580,0.168704198479494,7.191843211527937e-06,0.11194721862632187,0.7193413910509731,25,20,20
46,7581,0.16870419847953955,7.191857150831977e-06,0.11195945909038484,0.719329150572925,25,20,20
46,7582,0.16870419847958465,7.191857155080986e-06,0.11233246378400212,0.7189561458792584,25,20,20
46,7583,0.1427751418472734,7.218613434547712e-06,0.13825538821536282,0.7189622513239293,25,20,20
46,7584,0.14282668042035637,8.717900059233924e-06,0.13820245907906728,0.718962142600517,25,20,20
46,7585,0.14282668042035637,8.717900059235245e-06,0.13820249246302835,0.7189621092165559,25,20,20
46,7586,0.14282668042035637,8.717900059309194e-06,0.13820029736747094,0.7189643043121131,25,20,20
46,7587,0.11261951945348138,8.718518427602883e-06,0.16840744899453727,0.7189643130335539,25,20,20
46,7588,0.11261951945348138,8.718518427528935e-06,0.16840736794859335,0.7189643940794979,25,20,20
46,7589,0.11261951945348216,8.718518427530279e-06,0.1684075222763192,0.7189642397517713,25,20,20
46,7590,0.10620661715064912,8.718304458899498e-06,0.17482043162606903,0.7189642329188232,25,20,20
46,7591,0.10620661715064911,8.718304458900797e-06,0.17482031716798965,0.7189643473769025,25,20,20
46,7592,0.1062066171506491,8.718290612824727e-06,0.17455306497658177,0.7192315995821567,25,20,20
46,7593,0.1062066171506491,8.71829085740695e-06,0.17455968751652395,0.7192249770419699,25,20,20
46,7594,0.10620661715064916,8.718290857405654e-06,0.1741912871662668,0.7195933773922272,25,20,20
46,7595,0.10620661715064988,8.718290857403668e-06,0.17419769644618635,0.7195869681123068,25,20,20
46,7596,0.10620661716099765,8.718290861755109e-06,0.1743270831884158,0.7194575813597254,25,20,20
46,7597,0.10620661716100005,8.71829086175642e-06,0.17432056065136708,0.7194641038967715,25,20,20
46,7598,0.10620661716100006,8.718290861756443e-06,0.17432272635199303,0.7194619381961457,25,20,20
46,7599,0.07204804577859773,8.718937716049654e-06,0.20848129788707548,0.7194619373966108,25,20,20
46,7600,0.07204804577859454,8.718937715974387e-06,0.20848121605589928,0.71946201922779,25,20,20
46,7601,0.07204804577859542,8.718937716124971e-06,0.2084813700466367,0.7194618652370518,25,20,20
46,7602,0.07204804577859221,8.718937716124952e-06,0.2084798282266527,0.719463407057039,25,20,20
46,7603,0.07204804577859222,8.71893772041588e-06,0.208486318273411,0.7194569170102767,25,20,20
46,7604,0.07204806570211285,7.860031467004698e-05,0.20841057176794234,0.7194627622152747,25,20,20
46,7605,0.07204806570211285,7.86003146700483e-05,0.20841065029684586,0.7194626836863712,25,20,20
46,7606,0.10492405383639176,7.86001526887705e-05,0.17546371285999515,0.7195336331509248,25,20,20
46,7607,0.10492405383639176,7.86001526886978e-05,0.1754702358527777,0.7195271101581424,25,20,20
46,7608,0.10492405383639176,7.860015268877307e-05,0.17547026924816841,0.7195270767627516,25,20,20
46,7609,0.07750553428863023,7.889411834382378e-05,0.20280209969703267,0.7196134718959937,25,20,20
46,7610,0.07750553428863655,7.889411809939012e-05,0.20297491364586875,0.7194406579473958,25,20,20
46,7611,0.08708548105967666,8.532353075999578e-05,0.19338851897688078,0.7194406764326835,25,20,20
46,7612,0.08708548105967666,8.532353076014368e-05,0.19339094069043905,0.719438254719125,25,20,20
46,7613,0.08708548105963114,8.532351682512927e-05,0.19338522564449812,0.7194439697790465,25,20,20
46,7614,0.08708548105958604,8.532351682088025e-05,0.19301222095088064,0.7198169744727132,25,20,20
46,7615,0.08350117569699586,8.379748186755817e-05,0.1966050831763431,0.7198099436447947,25,20,20
46,7616,0.08350146247038145,8.379800962525694e-05,0.19659675901887716,0.7198179805011174,25,20,20
46,7617,0.08350958791183252,1.3916632694402546e-05,0.1966643598727908,0.7198121355826832,25,20,20
46,7618,0.08350958791183573,1.3916632694477811e-05,0.1966666376445306,0.7198098578109402,25,20,20
46,7619,0.08351051579667537,1.391610477915473e-05,0.1966737471454893,0.7198018209530569,25,20,20
46,7620,0.051102752154863484,1.3916335373864515e-05,0.22874886833123148,0.7201344631785312,25,20,20
46,7621,0.05110275215486262,1.3916335373712612e-05,0.22874871233276464,0.7201346191769993,25,20,20
46,7622,0.0909714307037493,1.3916326404773847e-05,0.18888003622949723,0.7201346167403498,25,20,20
46,7623,0.09097143070374937,1.3916326409063661e-05,0.18888465927923168,0.7201299936906109,25,20,20
46,7624,0.11931544125845495,1.3603922595408428e-05,0.16062203957231255,0.7200489152466385,25,20,20
46,7625,0.10571431452493918,8.562897501080718e-06,0.17422816573702155,0.7200489568405398,25,20,20
46,7626,0.10571564965959826,1.6420915757917905e-06,0.17423435135393386,0.7200483568948935,25,20,20
46,7627,0.10571564965964378,1.6420915758657813e-06,0.1742300270252215,0.7200526812235601,25,20,20
46,7628,0.10570768156655032,1.642092640543582e-06,0.17413441810562003,0.7201562582351904,25,20,20
46,7629,0.10570768992039589,1.6421064534995154e-06,0.17450289032957766,0.7197877776435737,25,20,20
46,7630,0.1057076899202098,1.6421062045944464e-06,0.1745077003761038,0.7197829675974826,25,20,20
46,7631,0.10570502034435499,1.3904267941919411e-06,0.17451062163148467,0.7197829675973669,25,20,20
46,7632,0.10570501964405626,1.3948034690582767e-06,0.17451061795510855,0.7197829675973669,25,20,20
46,7633,0.10570501964405629,1.3948034690575971e-06,0.1748836059335493,0.7194099796189259,25,20,20
46,7634,0.10570501964405626,1.3948034690575976e-06,0.1748771133910014,0.7194164721614738,25,20,20
46,7635,0.1057050202357097,1.3948039581260617e-06,0.17488344749971813,0.7194101374606146,25,20,20
46,7636,0.10570502023570977,1.3948039581273822e-06,0.17488353000166793,0.7194100549586647,25,20,20
46,7637,0.10889266467007219,2.0735800674361353e-06,0.17169520768320903,0.7194100540666492,25,20,20
46,7638,0.1088926646700754,2.073580067584061e-06,0.1716997954889684,0.7194054662608863,25,20,20
46,7639,0.10889266467007537,2.0735800633684036e-06,0.17169330485770093,0.7194119568921582,25,20,20
46,7640,0.10889266467007858,2.0735800677333117e-06,0.1716997975888821,0.7194054641609694,25,20,20
46,7641,0.1088926646700331,2.0735803122402445e-06,0.17170422222474258,0.7194010395249097,25,20,20
46,7642,0.1310427112592042,2.0691434588262257e-06,0.1495541800721366,0.7194010395252002,25,20,20
46,7643,0.13104273118312224,2.0692087633035696e-06,0.14960013116553628,0.7193550684425779,25,20,20
46,7644,0.13104273118330434,2.069208767594737e-06,0.14960492748454993,0.7193502721233775,25,20,20
46,7645,0.13104273118330512,2.069208767522766e-06,0.14923205424064195,0.719723145367285,25,20,20
46,7646,0.131042731183123,2.0692087632303245e-06,0.14922725652407776,0.7197279430840356,25,20,20
46,7647,0.1310427311831222,2.0692087632290044e-06,0.1492271070026903,0.7197280926054239,25,20,20
46,7648,0.09193525664273965,2.1259991024405096e-06,0.18833979244625315,0.7197228249119033,25,20,20
46,7649,0.09193525664273645,2.1259991023639434e-06,0.1883397079509545,0.7197229094072054,25,20,20
46,7650,0.0919352566427364,2.125999102362646e-06,0.188335004466185,0.7197276128919747,25,20,20
46,7651,0.09193525664274034,2.1259991066537718e-06,0.18833967564446152,0.7197229417136901,25,20,20
46,7652,0.09193525664273715,2.1259991023628566e-06,0.18833318434103943,0.7197294330171198,25,20,20
46,7653,0.09193525664273722,2.125999102214978e-06,0.18833019262907777,0.7197324247290817,25,20,20
46,7654,0.09193525664273722,2.125999342507389e-06,0.18833219353355393,0.7197304238243646,25,20,20
46,7655,0.09193525664273729,2.1259993467990037e-06,0.18833239076813368,0.7197302265897807,25,20,20
46,7656,0.09193525664273797,2.1259993467883535e-06,0.1945821460930926,0.7134804712648211,25,20,20
46,7657,0.09193525664273797,2.1259993468634624e-06,0.19458361038932284,0.7134790069685906,25,20,20
46,7658,0.09193525664273404,2.1259993469372225e-06,0.19458546197808008,0.7134771553798374,25,20,20
46,7659,0.09193525664273722,2.1259995893531655e-06,0.19495850337581594,0.7131041139818558,25,20,20
46,7660,0.09193525664273405,2.1259993469359706e-06,0.19459211551630376,0.7134705018416136,25,20,20
46,7661,0.09193525664273405,2.125999346934651e-06,0.19459203446536677,0.7134705828925506,25,20,20
46,7662,0.09193525664273401,2.1259993468946388e-06,0.19495853277998498,0.7131040845779324,25,20,20
46,7663,0.07025250066846322,2.3217460157427012e-06,0.21664109216113583,0.7131040854243836,25,20,20
46,7664,0.07023416489951362,2.2646003723535625e-06,0.2166596236505761,0.7131039468495364,25,20,20
46,7665,0.0702341643080399,2.2645998833590916e-06,0.21665272245307687,0.7131108486389983,25,20,20
46,7666,0.07023416430803665,2.2645998833564492e-06,0.21665101284350885,0.7131125582485697,25,20,20
46,7667,0.0702341643080366,2.264599638772886e-06,0.21664430918902247,0.7131192619033009,25,20,20
46,7668,0.07023459458655519,2.2646037233285403e-06,0.21664381321800186,0.7131193275917181,25,20,20
46,7669,0.07023459458655519,2.264603719003667e-06,0.2162708247703994,0.713492316039325,25,20,20
46,7670,0.07023459458655527,2.2646037232963916e-06,0.2162731901971878,0.7134899506125322,25,20,20
46,7671,0.07023459458655448,2.2646037191384644e-06,0.22092544559518792,0.7088376952145374,25,20,20
46,7672,0.03597519433648109,2.2653302875529757e-06,0.2551844571422244,0.7088380831910063,25,20,20
46,7673,0.03597519433648108,2.2653302875516323e-06,0.25517784874258914,0.7088446915906416,25,20,20
46,7674,0.03597519433648108,2.265330287554273e-06,0.255177964589235,0.7088445757439957,25,20,20
46,7675,0.03597519433648101,2.2653302831875496e-06,0.2551763416205479,0.7088461987126871,25,20,20
46,7676,0.03597519433648101,2.265330283186252e-06,0.2551762291586925,0.7088463111745424,25,20,20
46,7677,0.03597519433648114,2.2653302874692804e-06,0.25526852210530604,0.7087540182279245,25,20,20
46,7678,0.03597519433648114,2.265330287544526e-06,0.2552685993952878,0.7087539409379428,25,20,20
46,7679,0.05100747498533617,1.5861834513940579e-06,0.240236994510469,0.7087539443207427,25,20,20
46,7680,0.051007474985336226,1.5861834515432731e-06,0.2402434841691769,0.7087474546620346,25,20,20
46,7681,0.05100747498533702,1.5861834557948777e-06,0.24061658833572927,0.7083743504954773,25,20,20
46,7682,0.051007474985340216,1.5861834557961978e-06,0.24061655697892323,0.70837438185228,25,20,20
46,7683,0.05100747498533385,1.5861834556463357e-06,0.24043707853345178,0.708553860297758,25,20,20
46,7684,0.05100747498533386,1.586183211138086e-06,0.24043045704445723,0.7085604817869973,25,20,20
46,7685,0.05100747498533464,1.5861832152665976e-06,0.24055528473752744,0.7084356540939224,25,20,20
46,7686,0.05100747498533771,1.5861832152759984e-06,0.2404676934925017,0.7085232453389448,25,20,20
46,7687,0.04938650494954821,7.15381427390185e-05,0.24201270162267854,0.7085292552850336,25,20,20
46,7688,0.08843469954067817,7.134238907296475e-05,0.2029647036309209,0.7085292544393276,25,20,20
46,7689,0.08843469954067813,7.134238907296598e-05,0.20295808348691297,0.7085358745833354,25,20,20
46,7690,0.08843469954067495,7.134238906867486e-05,0.2029533823712085,0.7085405756990475,25,20,20
46,7691,0.08843469118682934,7.134237525150327e-05,0.20258490841832333,0.708909058019595,25,20,20
46,7692,0.08843469118682855,7.134237524722551e-05,0.2024554599271081,0.7090385065108155,25,20,20
46,7693,0.08843469118682855,7.134237524722679e-05,0.202455499197738,0.7090384672401856,25,20,20
46,7694,0.08877200926480133,7.134235649914319e-05,0.2021181845737382,0.7090384638049606,25,20,20
46,7695,0.08877200926480056,7.134235649489291e-05,0.20174508240464012,0.7094115659740637,25,20,20
46,7696,0.08877200926480049,7.134235649075076e-05,0.20174741746394012,0.7094092309147679,25,20,20
46,7697,0.08877200927518145,7.13423564950432e-05,0.20175217282594318,0.7094044755423796,25,20,20
46,7698,0.08877200928556235,7.134235673956293e-05,0.2017523081467757,0.7094043402109217,25,20,20
46,7699,0.08877200928556313,7.134235673943252e-05,0.19709348818727976,0.714063160170417,25,20,20
46,7700,0.08884176024921978,7.134236160271783e-05,0.19702379806397388,0.7140630993252028,25,20,20
46,7701,0.08884176024921908,7.134236160265321e-05,0.1907739268768118,0.7203129705123658,25,20,20
46,7702,0.08884176024921907,7.134236160257921e-05,0.1907739254490527,0.7203129719401248,25,20,20
46,7703,0.08884176024921907,7.134236160265321e-05,0.19077392684151476,0.7203129705476627,25,20,20
46,7704,0.08884176025959993,7.134236184724818e-05,0.19077868048294366,0.7203082168956082,25,20,20
46,7705,0.0888417602596032,7.134236185153959e-05,0.1907808719319086,0.7203060254466357,25,20,20
46,7706,0.08885560511275833,7.134236184957615e-05,0.19076702707877402,0.720306025446617,25,20,20
46,7707,0.08885560511275829,7.13423618495009e-05,0.1907604513175707,0.7203126012078207,25,20,20
46,7708,0.09232290171699523,7.134236106040648e-05,0.18729303508852607,0.720312720833417,25,20,20
46,7709,0.09232290171699443,7.134236106040389e-05,0.1872929931273741,0.7203127627945699,25,20,20
46,7710,0.09232290171699123,7.134236106461824e-05,0.18729951511476806,0.720306240807175,25,20,20
46,7711,0.0923826714850997,7.134188791410449e-05,0.18764333940588832,0.7199026472210975,25,20,20
46,7712,0.0923826714850997,7.134188791417848e-05,0.1876434585275972,0.7199025280993885,25,20,20
46,7713,0.09238267148509971,7.134188791846814e-05,0.1876500630271413,0.7198959235998401,25,20,20
46,7714,0.09055749335133775,7.135531536262582e-05,0.1894752266293499,0.7198959247039493,25,20,20
46,7715,0.08517533121897519,7.135544612922708e-05,0.19485777258794942,0.7198955407469465,25,20,20
46,7716,0.08517533122126432,7.135545762032631e-05,0.20189343076065847,0.7128598825604567,25,20,20
46,7717,0.08517533122126432,7.135545762025234e-05,0.20188690707146312,0.712866406249652,25,20,20
46,7718,0.08517916256143654,1.4389363071050929e-08,0.20196048688874588,0.7128603361604529,25,20,20
46,7719,0.08798615908250579,1.3539043037394465e-08,0.19915349517286254,0.7128603322055888,25,20,20
46,7720,0.08798615908250661,1.353904303744e-08,0.19915368521439722,0.7128601421640534,25,20,20
46,7721,0.08798615908250661,1.3539043038760516e-08,0.1991536441003875,0.7128601832780629,25,20,20
46,7722,0.08798615908250658,1.3539042964766637e-08,0.1991536374596086,0.7128601899188418,25,20,20
46,7723,0.08798615907215805,1.3539038613302676e-08,0.19902421227587713,0.7129896151129259,25,20,20
46,7724,0.0879861590721581,1.3539038613293326e-08,0.19929044594997034,0.7127233814388327,25,20,20
46,7725,0.08798615907215805,1.3539038611959803e-08,0.1990240991848984,0.7129897282039046,25,20,20
46,7726,0.08798615906177715,1.3538793941711613e-08,0.1990194925621652,0.7129943348372635,25,20,20
46,7727,0.08798615906182267,1.353879394299691e-08,0.19902619817300665,0.7129876292263764,25,20,20
46,7728,0.08798615906164053,1.3538798158826871e-08,0.19902923919923268,0.7129845882003282,25,20,20
46,7729,0.08798615906163733,1.3538793793494215e-08,0.19902693486975512,0.7129868925298132,25,20,20
46,7730,0.08647978626989511,1.1431607302549778e-10,0.20053079319319614,0.7129894204225914,25,20,20
46,7731,0.08647978626989518,1.1431614833541822e-10,0.20053307154705308,0.7129871420687343,25,20,20
46,7732,0.08647978627248946,1.1432051320686388e-10,0.20053957733687727,0.7129806362763115,25,20,20
46,7733,0.086479786272444,1.1432051321913495e-10,0.20053295857981382,0.7129872550334204,25,20,20
46,7734,0.08647978627244406,1.1432058721310429e-10,0.20053296067245316,0.7129872529407811,25,20,20
46,7735,0.08647978627244413,1.1432066250470616e-10,0.20053298979661208,0.7129872238166222,25,20,20
46,7736,0.08647978627244486,1.1432058983125422e-10,0.20053294859987436,0.7129872650133592,25,20,20
46,7737,0.08647978627244803,1.14320739030815e-10,0.20053764809723007,0.7129825655160001,25,20,20
46,7738,0.08647978627244796,1.1432066373921425e-10,0.2005375855788556,0.7129826280343748,25,20,20
46,7739,0.08569569402151916,1.1454763811462741e-10,0.20132167782798885,0.7129826280359434,25,20,20
46,7740,0.08569569402151837,1.1454771208580556e-10,0.20132171892271342,0.7129825869412195,25,20,20
46,7741,0.08569569401113825,1.1454341968523385e-10,0.20133097013059956,0.7129733357437179,25,20,20
46,7742,0.08569569401113825,1.1454767257453176e-10,0.2017040334759274,0.712600272398386,25,20,20
46,7743,0.0856956940111383,1.1454338424369509e-10,0.20169751015290255,0.7126067957214149,25,20,20
46,7744,0.08569569401113825,1.1454330767668946e-10,0.20170400127721003,0.7126003045971078,25,20,20
46,7745,0.0853000700823685,8.13600987332945e-10,0.20209952869264763,0.7126004004113821,25,20,20
46,7746,0.08571613601952119,1.4915365165165643e-08,0.20168344747345768,0.7126004015916553,25,20,20
46,7747,0.08571628154230103,1.4859096189095879e-08,0.17271299464590378,0.7415707089526985,25,20,20
46,7748,0.08571628153192011,1.4858851518847687e-08,0.1727082718965327,0.7415754317126954,25,20,20
46,7749,0.07410088952142499,1.4858851765181912e-08,0.18432366388686133,0.7415754317328616,25,20,20
46,7750,0.07410054670767423,1.4848732762412614e-08,0.17335423992901952,0.7525451985145731,25,20,20
46,7751,0.07410054670767428,1.4848732763711157e-08,0.1733542423911879,0.7525451960524048,25,20,20
46,7752,0.07410054670771987,1.4848737055373414e-08,0.17335438545092485,0.7525450529926178,25,20,20
46,7753,0.0741005467094089,1.484889624429346e-08,0.1873181339377924,0.738581304503902,25,20,20
46,7754,0.07410054670940897,1.4848896320906114e-08,0.18731819002340722,0.7385812484182872,25,20,20
46,7755,0.07410054671007038,1.5521079869537255e-08,0.17951012389078533,0.7463893138780641,25,20,20
46,7756,0.07410054671007038,1.5521079870856926e-08,0.17951664755018062,0.7463827902186688,25,20,20
46,7757,0.11086747877730041,1.5514094169444325e-08,0.14274971555414961,0.7463827901544557,25,20,20
46,7758,0.10768213596094572,1.550887181238345e-08,0.14593518126882077,0.7463826672613619,25,20,20
46,7759,0.10768213596094568,1.5508871812387125e-08,0.14593301742488163,0.7463848311053011,25,20,20
46,7760,0.10781664174001034,0.003334992365255949,0.1424635329567312,0.7463848329380031,25,20,20
46,7761,0.10781664174001034,0.0033349923652560213,0.14245704408401377,0.7463913218107203,25,20,20
46,7762,0.10781664174018755,0.0033349923790691087,0.1428265229308765,0.7460218429498674,25,20,20
46,7763,0.10083224571382665,0.0033349923944802234,0.1498081685299738,0.74602459336172,25,20,20
46,7764,0.10083224571400953,0.003334992394484513,0.14981472023720843,0.7460180416542981,25,20,20
46,7765,0.10022260726751021,0.000854867125657266,0.15283300439597405,0.7460895212108593,25,20,20
46,7766,0.13364985406181723,0.0008548671225878945,0.11940575920209161,0.7460895196135034,25,20,20
46,7767,0.13364985406181643,0.0008548671225835282,0.11940100608113982,0.7460942727344603,25,20,20
46,7768,0.13364985406181648,0.0008548671228223077,0.1196607520810139,0.7458345267343474,25,20,20
46,7769,0.13364985420744488,0.0008548671115800767,0.11263279665444398,0.7528624820265312,25,20,20
46,7770,0.13364985420787143,0.0008548664394819769,0.10648066495037858,0.7590146144022681,25,20,20
46,7771,0.13481615791646634,0.0008548657401973572,0.1053144577563873,0.759014518586949,25,20,20
46,7772,0.12428605849103798,0.0008711934812491008,0.11154411781857926,0.7632986302091337,25,20,20
46,7773,0.12448357837081835,0.0008711934812203202,0.11134659793908089,0.7632986302088804,25,20,20
46,7774,0.12448357837081835,0.0008711934812160687,0.11097349602160875,0.7636717321263568,25,20,20
46,7775,0.12448357837100046,0.0008711934814606522,0.11098008523241389,0.7636651429151249,25,20,20
46,7776,0.13054619443949086,0.000871193659381056,0.10491746856172623,0.7636651433394017,25,20,20
46,7777,0.13054619443949084,0.000871193659381056,0.10492384500172218,0.7636587668994058,25,20,20
46,7778,0.13054619443967697,0.0008711936593854225,0.1049220202122147,0.7636605916887228,25,20,20
46,7779,0.13054619443967702,0.0008711936593854237,0.10491981701591667,0.7636627948850208,25,20,20
46,7780,0.13052660733648247,0.0008711936657575217,0.10493940408289172,0.7636627949148682,25,20,20
46,7781,0.13052660733648247,0.0008711936657575217,0.104939404117509,0.763662794880251,25,20,20
46,7782,0.13052660733648247,0.000871193665761131,0.11118886945483371,0.7574133295429226,25,20,20
46,7783,0.13052660733648253,0.000871193665761205,0.11118895052579678,0.7574132484719595,25,20,20
46,7784,0.13052660733634192,0.0008711936660014234,0.11119087338566896,0.7574113256119877,25,20,20
46,7785,0.13051989635486258,0.0008711936597468766,0.11119758440271778,0.7574113255826727,25,20,20
46,7786,0.13051989635486258,0.0008711936597469519,0.11119762332603464,0.7574112866593558,25,20,20
46,7787,0.13051989635486258,0.0008711936597469505,0.11119765612208612,0.7574112538633042,25,20,20
46,7788,0.13051989650246495,0.0008711936736592292,0.11102420035161,0.7575847094722657,25,20,20
46,7789,0.13051989650246812,0.0008711936736592305,0.11102425443343775,0.7575846553904347,25,20,20
46,7790,0.1305198965024226,0.0008711936734146457,0.11101763039230235,0.7575912794318603,25,20,20
46,7791,0.13050924334267497,1.6681921068390668e-05,0.11195424926231715,0.757519825473939,25,20,20
46,7792,0.130509243342675,1.6681921068390668e-05,0.11232816898776042,0.7571459057484957,25,20,20
46,7793,0.13050924334267497,1.6681921071232426e-05,0.12592403544769454,0.7435500392885595,25,20,20
46,7794,0.1305092433426749,1.668192107115716e-05,0.12592395237910034,0.7435501223571539,25,20,20
46,7795,0.13024146697657815,1.668695206293122e-05,0.126190356896036,0.7435514891753233,25,20,20
46,7796,0.13024961973931973,1.6686774941099923e-05,0.1261822047234506,0.743551488762289,25,20,20
46,7797,0.13024961973672686,1.668677470080007e-05,0.12643839556374228,0.7432952979248307,25,20,20
46,7798,0.13024961973672686,1.6686774700801365e-05,0.12643828312651656,0.7432954103620564,25,20,20
46,7799,0.13009014262791896,1.670186192464174e-05,0.1265963308663854,0.7432968246437716,25,20,20
46,7800,0.13009014262787338,1.6701861920498005e-05,0.12660084971899513,0.7432923057912113,25,20,20
46,7801,0.13009014262787333,1.670186192049541e-05,0.12660076655932723,0.7432923889508792,25,20,20
46,7802,0.13009014262769042,1.67018619161318e-05,0.12659423986091622,0.7432989156494773,25,20,20
46,7803,0.13009014262750834,1.6701861916067955e-05,0.12659237028408787,0.7433007852264878,25,20,20
46,7804,0.13009014262750834,1.6701861916066634e-05,0.1265923702649979,0.7433007852455777,25,20,20
46,7805,0.13009014247990672,1.670184800530106e-05,0.12650617857091548,0.7433869771011727,25,20,20
46,7806,0.1300901424799099,1.670186194092046e-05,0.12026891887489752,0.749624236783252,25,20,20
46,7807,0.1300901424799099,1.670186194099569e-05,0.12026151934745759,0.7496316363106921,25,20,20
46,7808,0.13009014247990913,1.6701861696414772e-05,0.12025481831073204,0.7496383373476629,25,20,20
46,7809,0.13009014247990913,1.6701861696488708e-05,0.12026142110681146,0.7496317345515834,25,20,20
46,7810,0.130090142479725,1.670186169215083e-05,0.11999507260475005,0.7498980830538329,25,20,20
46,7811,0.13009014247972503,1.6701861696412597e-05,0.12026128939922355,0.7496318662593553,25,20,20
46,7812,0.13009014247972586,1.6701861700705295e-05,0.1202636619231685,0.7496294937354052,25,20,20
46,7813,0.13023766055198324,1.670181974649826e-05,0.12011748571188668,0.7496281519163839,25,20,20
46,7814,0.13023766055198324,1.6701819746424287e-05,0.1201220716714825,0.749623565956788,25,20,20
46,7815,0.13023766055198324,1.670181974641288e-05,0.12012394121737134,0.7496216964108992,25,20,20
46,7816,0.1302376605519833,1.6701819746488194e-05,0.12012394239537187,0.7496216952328985,25,20,20
46,7817,0.1302376605518484,1.6701805937617023e-05,0.11975151097120454,0.7499941266710095,25,20,20
46,7818,0.13023766055184766,1.670180593347486e-05,0.11975574324196683,0.7499898944002521,25,20,20
46,7819,0.11996250949914745,0.0005936823660164213,0.13374076024257825,0.7457030478922577,25,20,20
46,7820,0.11996250949919299,0.0005936823799590293,0.11977789377949585,0.7596659143413521,25,20,20
46,7821,0.11996250949919379,0.0005936823801993643,0.11951609078333211,0.7599277173372747,25,20,20
46,7822,0.11996250949919299,0.0005936823801992903,0.11950959821044731,0.7599342099101603,25,20,20
46,7823,0.11996250949919215,0.0005936823799589852,0.11950518899097155,0.7599386191298773,25,20,20
46,7824,0.11996251008454882,0.0005936831661161419,0.11993963183441046,0.7595041749149245,25,20,20
46,7825,0.11996251008454882,0.0005936831661161432,0.11993493248502306,0.7595088742643119,25,20,20
46,7826,0.11996251009484898,0.0005936831661162193,0.12025069993881146,0.7591931068002233,25,20,20
46,7827,0.11996251009484901,0.0005936831661205078,0.12025528914060578,0.7591885175984247,25,20,20
46,7828,0.11996251009484894,0.0005936831661203573,0.1202486843458985,0.759195122393132,25,20,20
46,7829,0.11996251009480342,0.0005936831521749829,0.12024179948010907,0.7592020072729124,25,20,20
46,7830,0.11996251009480337,0.0005936831519303994,0.12023517547903566,0.7592086312742304,25,20,20
46,7831,0.1199625100948034,0.0005936831519303981,0.1202352879544962,0.7592085187987699,25,20,20
46,7832,0.1199625100948489,0.0005936831519346156,0.12023692129047424,0.7592068854627421,25,20,20
46,7833,0.11996251008454877,0.0005936831519345409,0.119921182977306,0.7595226237862106,25,20,20
46,7834,0.0820266737977831,0.0005936786516771793,0.15785704756920985,0.7595225999813295,25,20,20
46,7835,0.08202667380553655,0.0005936786516813685,0.15797985964563319,0.7593997878971486,25,20,20
46,7836,0.08202667380553734,0.0005936786516814451,0.1579799775452477,0.7593996699975331,25,20,20
46,7837,0.08202667380553733,0.0005936786516814438,0.1579799496711998,0.759399697871581,25,20,20
46,7838,0.08176566730871439,0.0005937034291709545,0.15823672819349938,0.7594039010686139,25,20,20
46,7839,0.08176566730992993,0.0005937034308037747,0.19354727641091923,0.7240933528483466,25,20,20
46,7840,0.08107216214996765,0.0005936890622204557,0.19424202139302524,0.7240921273947866,25,20,20
46,7841,0.08107216156461257,0.0005936882760633015,0.19381427518185246,0.7245198749774714,25,20,20
46,7842,0.08107191397011274,0.0005933344317330015,0.19381490522307923,0.724519846375074,25,20,20
46,7843,0.08107191397011272,0.0005933344317328509,0.19381028581620605,0.7245244657819476,25,20,20
46,7844,0.08107191397011276,0.0005933344317328509,0.19381487435328018,0.7245198772448735,25,20,20
46,7845,0.08106767461357632,0.0005933344317323856,0.19381911370994792,0.7245198772447426,25,20,20
46,7846,0.08106767461357632,0.0005933344317323856,0.1938190340909753,0.7245199568637152,25,20,20
46,7847,0.07916397059528832,0.0005933382986142129,0.1956552630042785,0.7245874281018182,25,20,20
46,7848,0.07916397059528514,0.0005933382986184261,0.19565987167472396,0.7245828194313717,25,20,20
46,7849,0.052581708557624625,0.0005936802176817128,0.21711741723850733,0.7297071939861849,25,20,20
46,7850,0.05258152381784261,0.0005937140839821481,0.18343691564872056,0.7633878464494542,25,20,20
46,7851,0.05258152381784341,0.000593714083986441,0.18343703046176996,0.7633877316363997,25,20,20
46,7852,0.05258152381779789,0.0005937140839864398,0.18343547847310976,0.7633892836251053,25,20,20
46,7853,0.05258152381779468,0.0005937140700471372,0.1834232380098283,0.7634015241023293,25,20,20
46,7854,0.052581523817797876,0.0005937140700471372,0.18342494844322055,0.7633998136689342,25,20,20
46,7855,0.0525213377004967,0.0005936893075357607,0.18349189143287398,0.7633930815590935,25,20,20
46,7856,0.05252133755257919,0.0005936893072868938,0.18349079370154742,0.7633941794385862,25,20,20
46,7857,0.046147406925351235,0.0005939406629576903,0.1898621770390105,0.7633964753726802,25,20,20
46,7858,0.0461474068003821,0.0005939024408819285,0.1836120910255945,0.7696465997331411,25,20,20
46,7859,0.04614740680038205,0.0005939024408819272,0.18360750398753756,0.7696511867711981,25,20,20
46,7860,0.03373279934668279,0.0005935601775539308,0.18227580800258203,0.7833978324731808,25,20,20
46,7861,0.03469054251192914,0.0005936166996983873,0.18131045586567307,0.7834053849226987,25,20,20
46,7862,0.014117270949049188,0.0016718406895606566,0.2008076883143242,0.7834032000470654,25,20,20
46,7863,0.014117270949049174,0.001671840689556365,0.2008140980812721,0.7833967902801217,25,20,20
46,7864,0.014117270949049162,0.0016718406895563636,0.20080760752447535,0.7834032808369186,25,20,20
46,7865,0.014117270949049954,0.0016718407033695258,0.20118167238900272,0.7830292159585771,25,20,20
46,7866,0.0010698342138423932,0.0005933658711703036,0.21530762469884732,0.7830291752161394,25,20,20
46,7867,0.001069834213842406,0.0005933658714148106,0.21531424748761094,0.7830225524271313,25,20,20
46,7868,0.0010698342138416694,0.0005933658576059104,0.21520639943399605,0.783130400494556,25,20,20
46,7869,0.001069834203493173,0.000593365857601646,0.2150815551163291,0.7832552448225756,25,20,20
46,7870,0.0010698342034931028,0.0005933658573570651,0.21508145480896043,0.7832553451301889,25,20,20
46,7871,0.0010698342035384916,0.000593365857600896,0.21521093662244023,0.7831258633164198,25,20,20
46,7872,0.0010698342035824295,0.0005933658576052602,0.21520443926751395,0.7831323606712978,25,20,20
46,7873,0.0010698342035368959,0.0005933658576051847,0.2152073935028653,0.7831294064359922,25,20,20
46,7874,0.0014633959191801451,0.0010172101000633822,0.2143900469390024,0.7831293470417536,25,20,20
46,7875,0.001463395919225533,0.00101721010006766,0.21451296965061883,0.7830064243300876,25,20,20
46,7876,0.0014633959192254784,0.0010172101000634735,0.21424675225519696,0.7832726417255137,25,20,20
46,7877,0.0014634415289112648,0.0010172143932201216,0.21886304096409714,0.7786563031137712,25,20,20
46,7878,0.0014631787801109722,0.0010175761169673426,0.21886294199839373,0.778656303104527,25,20,20
46,7879,0.0014631787801109716,0.0010175761169674178,0.21886521872429815,0.7786540263786225,25,20,20
46,7880,0.0005601373076020187,0.0010200424773610854,0.2194245758506126,0.7789952443644234,25,20,20
46,7881,0.0005601373076019636,0.0010200424773567944,0.21941987222241668,0.7789999479926234,25,20,20
46,7882,0.0005601373076020193,0.0010200424773568683,0.21941984083154506,0.778999979383495,25,20,20
46,7883,0.0005601373076028178,0.001020042477357019,0.21941980947725073,0.7790000107377886,25,20,20
46,7884,0.0005601373076028169,0.00102004247735702,0.21941992340290833,0.7789998968121309,25,20,20
46,7885,0.0005601373076027616,0.0010200424773528045,0.21941992108792657,0.778999899127117,25,20,20
46,7886,0.000560137307557428,0.0010200424771089748,0.21929038864797296,0.7791294315673598,25,20,20
46,7887,0.000560137307602959,0.0010200424773577862,0.21929285496090106,0.7791269652541373,25,20,20
46,7888,0.0005601373075574236,0.0010200424773534192,0.2192926582567598,0.7791271619583284,25,20,20
46,7889,0.0005601373075582224,0.0010200424773534192,0.2192860954932662,0.7791337247218212,25,20,20
46,7890,0.0005601373075605987,0.001020042477353344,0.2195531788504054,0.7788666413646795,25,20,20
46,7891,0.0006491373895716742,0.0010201854178114522,0.21724983387236146,0.7810808433202542,25,20,20
46,7892,0.0006491373896164058,0.0010201854180518295,0.21725447212972152,0.781076205062609,25,20,20
46,7893,0.0005386907612195052,0.0004268810055973681,0.21789880601848555,0.7811356222146963,25,20,20
46,7894,0.0005386907612194913,0.00042688100559736556,0.21789880459591918,0.7811356236372629,25,20,20
46,7895,0.0005386907612187064,0.0004268810055974382,0.2178988785219923,0.7811355497111906,25,20,20
46,7896,0.004131828820606871,0.00042435810554324223,0.21465703166927402,0.7807867814045752,25,20,20
46,7897,0.004131828820607666,0.00042435810554758007,0.2149233688363542,0.78052044423749,25,20,20
46,7898,0.004131828820607666,0.00042435810554758007,0.21492336883635418,0.78052044423749,25,20,20
46,7899,0.004131828820607609,0.0004243581055475061,0.21492340019253905,0.7805204128813052,25,20,20
46,7900,0.004131828820562089,0.0004243581055432886,0.21492825576304664,0.7805155573108474,25,20,20
46,7901,0.0041318288205166144,0.0004243581052944772,0.21492359438106043,0.7805202186931278,25,20,20
46,7902,0.004131828820519733,0.00042435889144740185,0.2153580064569834,0.7800858058310487,25,20,20
46,7903,0.004131828820519719,0.00042435889144732785,0.215364495333146,0.7800793169548862,25,20,20
46,7904,0.004131828820519705,0.0004243588914430362,0.21536448875196668,0.7800793235360699,25,20,20
46,7905,0.004131828820519705,0.00042435889144303756,0.21536460060354692,0.7800792116844896,25,20,20
46,7906,0.00413182882051976,0.000424358891442961,0.21536451318249092,0.7800792991055455,25,20,20
46,7907,0.004131828820516586,0.0004243581052900363,0.21493015174333735,0.7805136613308551,25,20,20
46,7908,0.004131828820516628,0.0004243581052900371,0.215189880614782,0.7802539324594103,25,20,20
46,7909,0.004131828820516559,0.00042435810528574736,0.21518517848484678,0.7802586345893502,25,20,20
46,7910,0.0037374762646483783,5.164556913350294e-07,0.21600253948061016,0.7802594677990495,25,20,20
46,7911,0.0037374762646029914,5.164556871325148e-07,0.21587309281107792,0.7803889144686312,25,20,20
46,7912,0.003737476264606187,5.164556872077758e-07,0.2158712254450214,0.7803907818346845,25,20,20
46,7913,0.0037374762646053884,5.164556870585357e-07,0.2158712214035401,0.7803907858761667,25,20,20
46,7914,0.003650060281430239,0.00012301468605663613,0.21811666804390334,0.7781102569886095,25,20,20
46,7915,0.0036500602814302403,0.0001230146860567114,0.21812315837341284,0.7781037666590997,25,20,20
46,7916,0.0036500602814302403,0.00012301468605671007,0.21812304255119921,0.7781038824813135,25,20,20
46,7917,0.003650060281575179,0.0001230146951276147,0.23183427534371617,0.7643926496795804,25,20,20
46,7918,0.00365006028157518,0.0001230146951276147,0.23183897515760887,0.7643879498656877,25,20,20
46,7919,0.003650060281578375,0.00012301469513190585,0.2318435653639156,0.7643833596593734,25,20,20
46,7920,0.003650060284165551,0.00012301469513198356,0.23197349102467238,0.7642534339960292,25,20,20
46,7921,0.0036499287890990845,0.000123040176124095,0.23197430487379134,0.7642527261609849,25,20,20
46,7922,0.0036499287877191184,0.0001226845838396018,0.23197466046745582,0.7642527261609849,25,20,20
46,7923,0.0036509433359526973,3.9119028020844306e-08,0.23209646712069304,0.764252550424326,25,20,20
46,7924,0.0036509433359519167,3.911902797544541e-08,0.2318348315079321,0.7645141860370878,25,20,20
46,7925,0.003650386837403952,3.9118231726238847e-08,0.2318353921920131,0.764514181852351,25,20,20
46,7926,0.003650386837403952,3.9118231726215275e-08,0.23183539149093096,0.7645141825534332,25,20,20
46,7927,0.0036513380518239115,1.0654262276318916e-06,0.2315565868883131,0.7647910096336351,25,20,20
46,7928,0.0036513380517791735,1.0654259872132824e-06,0.23192487066486628,0.764422725857367,25,20,20
46,7929,0.0036513380517791735,1.06542598721458e-06,0.23192487209700746,0.7644227244252257,25,20,20
46,7930,0.00365133805209699,2.056466709073898e-05,0.23190537285558335,0.7644227244252285,25,20,20
46,7931,0.003651338052096991,2.056466709081423e-05,0.23191197561224086,0.764416121668571,25,20,20
46,7932,0.003651338052097004,2.056466709073898e-05,0.23190548731960894,0.7644226099612029,25,20,20
46,7933,0.0036514983201730803,2.0776142039256386e-05,0.23196352172465254,0.764364203813133,25,20,20
46,7934,0.0036514983201739277,2.0776142281594898e-05,0.232337237578193,0.7639904879593493,25,20,20
46,7935,0.004389412937315903,2.0776156035772016e-05,0.25013874810476133,0.7454510628018851,25,20,20
46,7936,0.0043894129373158895,2.0776156035773314e-05,0.25013871271865074,0.7454510981879957,25,20,20
46,7937,0.0043894129373614164,2.0776156280356836e-05,0.25014071597898246,0.7454490949273739,25,20,20
46,7938,0.004389412937360625,2.0776156276105215e-05,0.2497675966652073,0.745822214241154,25,20,20
46,7939,0.004389412937360639,2.0776156276253154e-05,0.24976759933459428,0.7458222115717669,25,20,20
46,7940,0.004389412937213323,2.0776147205497784e-05,0.2357892503777417,0.7598005605378375,25,20,20
46,7941,0.004389412939808265,2.0776147201206698e-05,0.23579383514078123,0.7597959757722075,25,20,20
46,7942,0.00438941293980821,2.0776147201208e-05,0.23579383512806365,0.7597959757849253,25,20,20
46,7943,0.004389412939811405,2.077614720120801e-05,0.23578731486907373,0.759802496043912,25,20,20
46,7944,0.000751133302312363,2.0997762468715995e-05,0.2359945879403902,0.7632332809948282,25,20,20
46,7945,0.0007511628821209791,1.0697637447464042e-05,0.236004845206088,0.7632332942743427,25,20,20
46,7946,0.000751162882166451,1.069763745175419e-05,0.2357451532238737,0.7634929862565074,25,20,20
46,7947,0.0007511628821632556,1.0697637447461718e-05,0.2357404491683755,0.7634976903120131,25,20,20
46,7948,0.0007511628796216161,1.069763744753328e-05,0.23561058129832213,0.7636275581846083,25,20,20
46,7949,0.0007511628796216173,1.0697637447535897e-05,0.23561069565025267,0.7636274438326777,25,20,20
46,7950,0.03380552913885373,1.0697637439346163e-05,0.20255632938605675,0.7636274438376506,25,20,20
46,7951,0.033805529138853714,1.0697637439346151e-05,0.20256544604314541,0.7636183271805619,25,20,20
46,7952,0.03380552913885377,1.0697637439343556e-05,0.20256552874092867,0.7636182444827787,25,20,20
46,7953,0.03380552914114986,1.0697649762540618e-05,0.20722433770099197,0.7589594355080959,25,20,20
46,7954,0.03380552915153078,1.0697650007136907e-05,0.20722917430089133,0.7589545988975711,25,20,20
46,7955,0.033805529151576315,1.0697650007138002e-05,0.20723107893545156,0.7589526942629654,25,20,20
46,7956,0.033805529149280276,1.0697637683793022e-05,0.20257380819260465,0.7636099650204317,25,20,20
46,7957,0.03380552913890016,1.0697637439271827e-05,0.20269862394885735,0.7634851492748035,25,20,20
46,7958,0.03380552913907909,1.069763768379151e-05,0.2027033749692493,0.7634803982539882,25,20,20
46,7959,0.03380552913903356,1.0697637679500578e-05,0.20269684914723343,0.7634869240760538,25,20,20
46,7960,0.03380552913898805,1.0697637679351347e-05,0.2026876767016322,0.7634960965217007,25,20,20
46,7961,0.033805529138991174,1.0697637679424011e-05,0.20269075825459,0.7634930149687398,25,20,20
46,7962,0.03380537325172037,1.0486238392602707e-05,0.19917936963024002,0.7670047708796472,25,20,20
46,7963,0.04624082796875361,9.437896328120166e-06,0.18692385665084899,0.7668258774840686,25,20,20
46,7964,0.046240827968753576,9.437896328121443e-06,0.1869239433390493,0.7668257907958688,25,20,20
46,7965,0.04624082796615864,9.437896328122695e-06,0.18692125922429031,0.7668284749132224,25,20,20
46,7966,0.04624082796615544,9.437896328047435e-06,0.18691652381431528,0.7668332103232008,25,20,20
46,7967,0.04624082796615464,9.437896332263267e-06,0.18679347795163398,0.7669562561858787,25,20,20
46,7968,0.04623126499786042,5.248827390786884e-05,0.18998446892886117,0.7637317777993701,25,20,20
46,7969,0.04623126499786046,5.2488273907944106e-05,0.18998449557252184,0.7637317511557091,25,20,20
46,7970,0.06706191580427533,5.248789183261117e-05,0.16948562905425452,0.7633999672496367,25,20,20
46,7971,0.06706191580445366,5.248868392980642e-05,0.16961919711617213,0.7632663983954435,25,20,20
46,7972,0.06706191580445371,5.248868392988039e-05,0.1696237840408136,0.7632618114708017,25,20,20
46,7973,0.0670619158044695,5.248875254371827e-05,0.20617051253388788,0.7267150829090983,25,20,20
46,7974,0.0670619158044695,5.248875254371695e-05,0.2061705147601028,0.7267150806828832,25,20,20
46,7975,0.06731040157828798,4.328874778876152e-05,0.20281718419089104,0.7298291254830316,25,20,20
46,7976,0.06731040157828796,4.3288747784470585e-05,0.2028106601642326,0.7298356495096943,25,20,20
46,7977,0.06731039714933715,4.3289209057439524e-05,0.20632223970591335,0.7263240739356912,25,20,20
46,7978,0.03445536640363048,4.802477626457433e-05,0.2391723366574471,0.7263242721626569,25,20,20
46,7979,0.0129016529816089,4.8269483229865066e-05,0.2607246588000846,0.7263254187350754,25,20,20
46,7980,0.0129016529816089,4.8269483229865094e-05,0.26072457634337043,0.7263255011917894,25,20,20
46,7981,0.012901652981608842,4.826948322978983e-05,0.26071995553204924,0.7263301220031109,25,20,20
46,7982,0.012901652981608842,4.82694832297159e-05,0.260719874494862,0.7263302030402984,25,20,20
46,7983,0.039691486259638115,4.826293011046987e-05,0.2340281177510035,0.726232133059247,25,20,20
46,7984,0.03969148625963731,4.826293011032061e-05,0.23403463743207148,0.7262256133781803,25,20,20
46,7985,0.03969148625963737,4.826293011024664e-05,0.23403460311325347,0.7262256476969984,25,20,20
46,7986,0.03969148625963653,4.826292986790942e-05,0.2336608102147933,0.7265994405957017,25,20,20
46,7987,0.03969148625963648,4.8262929867834146e-05,0.23366069415980198,0.7265995566506933,25,20,20
46,7988,0.03969148625945501,4.826213777063889e-05,0.23352557886245007,0.7267346727403239,25,20,20
46,7989,0.039492114774531295,4.352657056711835e-05,0.23372988414782658,0.7267344745070743,25,20,20
46,7990,0.039492114774532135,4.352657056719365e-05,0.23372989017242407,0.7267344684824758,25,20,20
46,7991,0.03954533206389057,4.328285059297315e-05,0.23367806083826828,0.7267333242472475,25,20,20
46,7992,0.03954533206389377,4.328285059297315e-05,0.2336827962078241,0.7267285888776885,25,20,20
46,7993,0.039545332063893754,4.3282850592971854e-05,0.2336827941992612,0.7267285908862514,25,20,20
46,7994,0.03954533206384824,4.328285058875619e-05,0.23367626851693038,0.726735116568632,25,20,20
46,7995,0.0395453320742291,4.328285083764336e-05,0.23368097580994288,0.7267304092649899,25,20,20
46,7996,0.0395453320742291,4.3282850837718616e-05,0.23368109166204787,0.726730293412885,25,20,20
46,7997,0.03954533207422911,4.3282850837718616e-05,0.23368124119106184,0.7267301438838709,25,20,20
46,7998,0.03954533207422911,4.3282850837718616e-05,0.2336859410152298,0.726725444059703,25,20,20
46,7999,0.03954533208723445,4.3282782236678315e-05,0.19714581772796078,0.7632655674025675,25,20,20
46,8000,0.03954533207685354,4.328278198779372e-05,0.1971410277369487,0.7632703574042093,25,20,20
46,8001,0.03954533206235015,4.327841890113301e-05,0.19714221782079877,0.7632691716979498,25,20,20
46,8002,0.039545332062350204,4.3278418905425276e-05,0.1971488257014461,0.7632625638172983,25,20,20
46,8003,0.03954533206235019,4.3278418905423975e-05,0.19714859513159347,0.763262794387151,25,20,20
46,8004,0.03954533206234699,4.3278418905423975e-05,0.1971438597723129,0.7632675297464346,25,20,20
46,8005,0.039545332062347005,4.327841890549795e-05,0.19714394860921192,0.7632674409095354,25,20,20
46,8006,0.03954533206235014,4.327841890128099e-05,0.19714204564110258,0.7632693438776458,25,20,20
46,8007,0.03954533206216802,4.3278418656834265e-05,0.1974035430454848,0.7630078464736906,25,20,20
46,8008,0.03954533206216801,4.327841865683299e-05,0.19739693861666982,0.7630144509025054,25,20,20
46,8009,0.039545611354964254,4.3304186459668964e-05,0.19739653151268988,0.7630145529458862,25,20,20
46,8010,0.039812349847521016,4.330418656633751e-05,0.1971297930195266,0.7630145529463859,25,20,20
46,8011,0.03981234984752107,4.330418681084577e-05,0.19713179622854407,0.7630125497371238,25,20,20
46,8012,0.03981234984752103,4.330418657060007e-05,0.19739142445437505,0.7627529215115331,25,20,20
46,8013,0.03981234984752427,4.330418657067502e-05,0.19748360306168325,0.7626607429042217,25,20,20
46,8014,0.03981234984752427,4.330418657074899e-05,0.19748360372811857,0.7626607422377863,25,20,20
46,8015,0.03981234984752512,4.330418657511387e-05,0.19749024195217546,0.762654104013724,25,20,20
46,8016,0.03981234984752433,4.330418657082406e-05,0.1975758960242229,0.7625684499416817,25,20,20
46,8017,0.039812349847524346,4.330418657511519e-05,0.19758059815411,0.7625637478117904,25,20,20
46,8018,0.03956406510252816,4.3303179929131546e-05,0.20094176038560507,0.7594508713319371,25,20,20
46,8019,0.03956406510257359,4.330317993348707e-05,0.20102936683133088,0.7593632648861615,25,20,20
46,8020,0.056233542245585896,4.327748302183959e-05,0.18435999816322396,0.7593631821081681,25,20,20
46,8021,0.056233542245585834,4.327748302176448e-05,0.1842677058237457,0.7594554744476464,25,20,20
46,8022,0.056233542245585834,4.327748302176577e-05,0.18426770591466954,0.7594554743567226,25,20,20
46,8023,0.05623354224558898,4.327748302613066e-05,0.18427423088610873,0.7594489493852759,25,20,20
46,8024,0.056233311651097656,4.327313638807218e-05,0.18427444017372224,0.7594489750387916,25,20,20
46,8025,0.0562333116510976,4.327313638814823e-05,0.18454060931914898,0.759182805893365,25,20,20
46,8026,0.0562333116510944,4.327313638378465e-05,0.18453411726715166,0.7591892979453698,25,20,20
46,8027,0.06001660208764704,2.2070425615099256e-07,0.18099966479780885,0.7589835124102874,25,20,20
46,8028,0.06001660208764704,2.207042518599082e-07,0.18099496421729924,0.7589882129908012,25,20,20
46,8029,0.06001660208764702,2.207042560762623e-07,0.18099496933597503,0.7589882078721213,25,20,20
46,8030,0.08926112757177361,2.207042713578734e-07,0.1517504438463714,0.7589882078775834,25,20,20
46,8031,0.08926112757172813,2.2070402684962297e-07,0.15174385465148277,0.758994797072762,25,20,20
46,8032,0.1253450871412877,1.1428833036350676e-09,0.11566063787760136,0.7589942738382274,25,20,20
46,8033,0.1253450871412877,1.142883227091963e-09,0.11566067258102367,0.7589942391348052,25,20,20
46,8034,0.12534508714128773,1.1428790120592722e-09,0.11566061858691983,0.7589942931289131,25,20,20
46,8035,0.12554485217212366,1.1295476929245601e-07,0.11543111823808562,0.7590239166350213,25,20,20
46,8036,0.12554489915131295,1.130324703055052e-07,0.11543109557125172,0.759023892244965,25,20,20
46,8037,0.12554489915126749,1.1303246594995357e-07,0.11533886837925234,0.7591161194370141,25,20,20
46,8038,0.12527667494955966,1.9838639213448224e-05,0.11561699234820083,0.759086494063026,25,20,20
46,8039,0.12527667494955966,1.983863921337395e-05,0.1153522830530675,0.7593512033581592,25,20,20
46,8040,0.12527667494955974,1.983865153293606e-05,0.12001104443680871,0.7546924419620984,25,20,20
46,8041,0.12527667494955974,1.9838651533010007e-05,0.12000455552552591,0.7546989308733814,25,20,20
46,8042,0.12527667494955974,1.9838651533008733e-05,0.12000459339863641,0.7546988930002708,25,20,20
46,8043,0.12527667494955969,1.983865153293219e-05,0.12000447878824147,0.7546990076106657,25,20,20
46,8044,0.12528957428238166,1.983865153864812e-05,0.11999157777372921,0.7546990092923503,25,20,20
46,8045,0.12528957428242707,1.9838651538649437e-05,0.1201216177521617,0.7545689693138727,25,20,20
46,8046,0.12528962108871158,1.9838613267995274e-05,0.12008851848993775,0.7546020218080827,25,20,20
46,8047,0.12528962109743097,1.9869038928440633e-05,0.12855458505798403,0.7461359248056566,25,20,20
46,8048,0.1252895273451326,1.98692388359105e-05,0.1285852061755214,0.7461053972405101,25,20,20
46,8049,0.12528952734513266,1.9869238835911e-05,0.1283189891337323,0.746371614282299,25,20,20
46,8050,0.1252895273451327,1.9869238835911e-05,0.12831897703630615,0.7463716263797252,25,20,20
46,8051,0.09615242391060175,9.322218807412944e-05,0.157033001186495,0.7467213527148295,25,20,20
46,8052,0.09615242391060173,9.32221880697942e-05,0.15676674901321053,0.7469876048881183,25,20,20
46,8053,0.09615245265916741,9.319242178889474e-05,0.14984740990182985,0.7539069450172142,25,20,20
46,8054,0.09615245265916746,9.319242178896743e-05,0.1498520312638699,0.7539023236551741,25,20,20
46,8055,0.09615245265916661,9.319242178889213e-05,0.14985202457073107,0.7539023303483138,25,20,20
46,8056,0.09615240869275472,7.486256495692535e-05,0.14987039889604406,0.7539023298462451,25,20,20
46,8057,0.09615240869280027,7.486256496121697e-05,0.14987048232127925,0.7539022464209598,25,20,20
46,8058,0.0966195534014603,1.50949885085965e-05,0.14981281089482446,0.753552540715207,25,20,20
46,8059,0.09661955340146036,1.5094988512887376e-05,0.14981945242574754,0.7535458991842795,25,20,20
46,8060,0.09661955340146042,1.5094988512961346e-05,0.14981945384116574,0.7535458977688612,25,20,20
46,8061,0.09661955340146042,1.5094988517176373e-05,0.14981958406391163,0.7535457675461111,25,20,20
46,8062,0.0966195534014636,1.509498876169476e-05,0.14982433647128712,0.7535410151384879,25,20,20
46,8063,0.09661955340146357,1.5094988761620773e-05,0.14981975048656357,0.7535456011232116,25,20,20
46,8064,0.09661955340146353,1.5094988761771279e-05,0.14982134560679122,0.7535440060029837,25,20,20
46,8065,0.10195332845852255,2.182997960899052e-05,0.14448083512712986,0.753544006434739,25,20,20
46,8066,0.10195332845870145,2.1829993550075624e-05,0.14448313162594273,0.7535417099218061,25,20,20
46,8067,0.10195332845870146,2.1829993554290697e-05,0.14448321347004145,0.7535416280777031,25,20,20
46,8068,0.10195332845870145,2.1829993554290677e-05,0.14448170569720667,0.7535431358505378,25,20,20
46,8069,0.10195332844568031,2.182999354141783e-05,0.14448162219891297,0.7535432193618655,25,20,20
46,8070,0.10195332844568031,2.1829993541417826e-05,0.14448162219891292,0.7535432193618655,25,20,20
46,8071,0.10195332844568022,2.1829993537126167e-05,0.1444814250534348,0.7535434165073479,25,20,20
46,8072,0.10195332844568022,2.1829993537127485e-05,0.14448601237702388,0.753538829183759,25,20,20
46,8073,0.1019533284456771,2.182999353712747e-05,0.14448139193051085,0.753543449630275,25,20,20
46,8074,0.10195332844567703,2.1829993537053502e-05,0.1444813108615728,0.7535435306992132,25,20,20
46,8075,0.10195332844568103,2.182999353705484e-05,0.14459993667632884,0.753424904884453,25,20,20
46,8076,0.10195332844567705,2.1829993537053502e-05,0.14447940790970903,0.7535454336510768,25,20,20
46,8077,0.1019533284456771,2.1829993537053363e-05,0.14448091631610985,0.753543925244676,25,20,20
46,8078,0.10195332844585923,2.1829993537202624e-05,0.1444810641621214,0.7535437773984822,25,20,20
46,8079,0.10195332844585916,2.1829993532911704e-05,0.14447450012502824,0.7535503414355798,25,20,20
46,8080,0.10195332844585918,2.1829993532910406e-05,0.14446991480362997,0.753554926756978,25,20,20
46,8081,0.10195332844586236,2.182999353276117e-05,0.14447308951814422,0.7535517520424608,25,20,20
46,8082,0.10195332844585912,2.1829993532612278e-05,0.14438090948351026,0.753643932077098,25,20,20
46,8083,0.10195332844845127,2.182999354119346e-05,0.14438003245506617,0.7536448091029413,25,20,20
46,8084,0.1019533284484513,2.1829993545456038e-05,0.14464624986058602,0.7533785916974172,25,20,20
46,8085,0.10195332844845133,2.1829993549780914e-05,0.1450192372850495,0.7530056042729494,25,20,20
46,8086,0.10195332845104657,2.182999379859045e-05,0.1450239593033171,0.7530008822518377,25,20,20
46,8087,0.10195332845100097,2.1829993794225004e-05,0.14502225361720728,0.7530025879379975,25,20,20
46,8088,0.10195332845100104,2.182999379851532e-05,0.14502236981073144,0.753002471744469,25,20,20
46,8089,0.10138887789994845,8.530246263784462e-06,0.14552256694305807,0.7530800249107291,25,20,20
46,8090,0.10137670994323876,0.02456443363873191,0.12105639421727084,0.7530024622007584,25,20,20
46,8091,0.1013767099432416,0.024564434425288096,0.12134050150332816,0.7527183541281418,25,20,20
46,8092,0.10137670994324247,0.024564434425532692,0.12134063517795904,0.7527182204532654,25,20,20
46,8093,0.1074766336636583,0.024575095903096388,0.11522846863753732,0.7527198017957073,25,20,20
46,8094,0.1074766336636583,0.024575095903096394,0.11522846935832115,0.7527198010749235,25,20,20
46,8095,0.10747663362536775,0.03917671156546251,0.10062686481990495,0.752719789989264,25,20,20
46,8096,0.10747663362536782,0.03917671156570659,0.10071609224101229,0.7526305625679125,25,20,20
46,8097,0.10747663362293347,0.039176711565457774,0.10537043352168853,0.7479762212899196,25,20,20
46,8098,0.10747663362275135,0.03917671155151661,0.10536354994438657,0.7479831048813449,25,20,20
46,8099,0.10747663362275213,0.039176711551517106,0.10528322532602666,0.7480634294997034,25,20,20
46,8100,0.10747663362275209,0.03917671155151282,0.10528314452827824,0.7480635102974563,25,20,20
46,8101,0.10747663362275288,0.039176711551512894,0.10528318394654108,0.7480634708791924,25,20,20
46,8102,0.10747663362275288,0.03917671155151718,0.10528337919311793,0.7480632756326113,25,20,20
46,8103,0.10747663362275285,0.039176711551521394,0.1052898364752475,0.7480568183504777,25,20,20
46,8104,0.10747663362275289,0.03917671155152569,0.10529632854557225,0.7480503262801487,25,20,20
46,8105,0.12545374378316343,0.03917672061570894,0.08732287275615583,0.7480466628449711,25,20,20
46,8106,0.14746755344544554,0.0391767113121639,0.06530911675456771,0.7480466184878223,25,20,20
46,8107,0.14746755344819462,0.03917671132620156,0.06572150560004014,0.7476342296255631,25,20,20
46,8108,0.14746755344819457,0.03917671132619727,0.06571501352971544,0.7476407216958922,25,20,20
46,8109,0.14746755344819457,0.039176711326197274,0.06571497817068393,0.7476407570549237,25,20,20
46,8110,0.1474675534481946,0.039176711326197274,0.0657149006524423,0.7476408345731653,25,20,20
46,8111,0.14746755345980794,0.03829268747168347,0.06659890721406027,0.7476408518544477,25,20,20
46,8112,0.14746755345981113,0.038292687471687833,0.06659893712163516,0.7476408219468652,25,20,20
46,8113,0.1474675534598111,0.038292687471687833,0.06659882207172617,0.7476409369967744,25,20,20
46,8114,0.14746755345980794,0.038292687471683545,0.06697178156991783,0.74726797749859,25,20,20
46,8115,0.14746755345980708,0.03829268747143898,0.06696287873255315,0.7472768803362002,25,20,20
46,8116,0.14746755345976204,0.038292686684882865,0.06654881596336223,0.7476909438919924,25,20,20
46,8117,0.14746755345976204,0.03829268668488287,0.06654892900082592,0.7476908308545286,25,20,20
46,8118,0.1474675534597652,0.038292686684878625,0.066175946347807,0.7480638135075488,25,20,20
46,8119,0.1474675534597652,0.038292686684878625,0.06617594843634206,0.7480638114190137,25,20,20
46,8120,0.1474675534597652,0.038292686684878625,0.06617583644929263,0.7480639234060631,25,20,20
46,8121,0.14746755345976598,0.0382926866848787,0.06617595034053575,0.7480638095148191,25,20,20
46,8122,0.14746755345960505,0.03829268668487863,0.061516773127638986,0.7527229867278769,25,20,20
46,8123,0.14746755345942295,0.038292686684874344,0.06151028188858877,0.7527294779671135,25,20,20
46,8124,0.1474675534568276,0.03829268668486584,0.061512965396772555,0.7527267944615336,25,20,20
46,8125,0.1474675534449868,0.040018339225853766,0.05978733015434968,0.7527267771748093,25,20,20
46,8126,0.1474675534449868,0.04001833922585377,0.0597873651694081,0.7527267421597509,25,20,20
46,8127,0.1474675534449868,0.04001833923954848,0.05979485121178674,0.7527192561036776,25,20,20
46,8128,0.14746755344755813,0.04001833923979075,0.06016138465555852,0.7523527226570921,25,20,20
46,8129,0.14746755344774104,0.040018339240035346,0.06016621817231648,0.7523478891399067,25,20,20
46,8130,0.13606205752798084,0.039999480839608116,0.0715919358118314,0.7523465258205788,25,20,20
46,8131,0.13606009382074225,0.03999948084128104,0.07159387492032095,0.7523465504176551,25,20,20
46,8132,0.13606009382074302,0.039999480841285406,0.07159857662610906,0.7523418487118617,25,20,20
46,8133,0.13606009382092435,0.03999948084128962,0.07160325905387585,0.7523371662839093,25,20,20
46,8134,0.13606009382092435,0.039999480841289625,0.07160986181550748,0.7523305635222778,25,20,20
46,8135,0.13606009382092435,0.03999948084128528,0.07134364298266194,0.7525967823551278,25,20,20
46,8136,0.13606009382092668,0.039999480827350276,0.07133151871361751,0.7526089066381049,25,20,20
46,8137,0.13606009382092984,0.03999948082759327,0.07159126649031293,0.7523491588611633,25,20,20
46,8138,0.13606009382092746,0.03999948082759749,0.0715913425269779,0.7523490828244964,25,20,20
46,8139,0.13606009382092746,0.03999948082759749,0.07159141841412231,0.752349006937352,25,20,20
46,8140,0.13606009381817838,0.03999948081355554,0.07117894878015246,0.7527614765881129,25,20,20
46,8141,0.1360600938181752,0.039999480813312546,0.07091271073827751,0.7530277146302339,25,20,20
46,8142,0.13606009381835732,0.03999948081331269,0.07091276011014508,0.7530276652581841,25,20,20
46,8143,0.13606009381851952,0.03999948081353338,0.07544946261545263,0.7484909627524938,25,20,20
46,8144,0.13606009381835735,0.03999948081355729,0.07091759363303952,0.7530228317350453,25,20,20
46,8145,0.1360600938183542,0.03999948081356151,0.07091770637231996,0.7530227189957637,25,20,20
46,8146,0.1360600938181713,0.0399994808133212,0.07091757498272375,0.7530228503857832,25,20,20
46,8147,0.13652745206811578,0.039999480819587666,0.07045021834796447,0.7530228487643317,25,20,20
46,8148,0.13652745206793362,0.03999948081958751,0.07045005310624917,0.7530230140062293,25,20,20
46,8149,0.13652171536092506,0.039999480819817045,0.07045578981143802,0.7530230140078195,25,20,20
46,8150,0.13652171536092747,0.03999948081981283,0.07045270920763565,0.7530260946116236,25,20,20
46,8151,0.13652171536092747,0.03999948081981283,0.07045270921771339,0.7530260946015459,25,20,20
46,8152,0.13652171536110902,0.03999948082006094,0.07058212610881504,0.7528966777100146,25,20,20
46,8153,0.12482929087990854,0.039999480813684214,0.08227455065714302,0.7528966776492638,25,20,20
46,8154,0.12482929087972641,0.039999480813679926,0.08226975366136642,0.7529014746452267,25,20,20
46,8155,0.12482929087972641,0.03999948081367985,0.0822697188501002,0.752901509456493,25,20,20
46,8156,0.1248292908797264,0.039999480813435254,0.08226488393977953,0.7529063443670584,25,20,20
46,8157,0.12482929087972561,0.039999480813435254,0.08227129315338573,0.752899935153453,25,20,20
46,8158,0.12482929087733878,0.03999948081319299,0.08208124812887994,0.7530899801805879,25,20,20
46,8159,0.12482929087734196,0.039999480813193065,0.08208121817497113,0.7530900101344935,25,20,20
46,8160,0.12482929087734117,0.03999948081319299,0.08208106373184176,0.7530901645776236,25,20,20
46,8161,0.13596229717412864,0.03999948076628082,0.07094809792066088,0.7530901241389291,25,20,20
46,8162,0.13596229717412942,0.0399994807662809,0.07094809929355039,0.7530901227660389,25,20,20
46,8163,0.1359622971741326,0.03999948076627668,0.07120972856003878,0.7528284934995517,25,20,20
46,8164,0.13596229717412942,0.03999948076627653,0.07120810899180995,0.7528301130677838,25,20,20
46,8165,0.13596229717412942,0.03999948076627653,0.07121038852919104,0.7528278335304027,25,20,20
46,8166,0.13596229717413263,0.039999480766525417,0.07121505030051856,0.7528231717588231,25,20,20
46,8167,0.12696409188185,0.03999966624071307,0.08021135768212055,0.7528248841953159,25,20,20
46,8168,0.12696409188184682,0.039999666240708776,0.08021124150693491,0.7528250003705089,25,20,20
46,8169,0.12696409188184687,0.03999966624070885,0.08021582889941122,0.7528204129780326,25,20,20
46,8170,0.12693587863322528,0.03999961961733023,0.08024430722626981,0.7528201945231743,25,20,20
46,8171,0.1269358786435738,0.03999961963123292,0.08037393638902596,0.752690565336167,25,20,20
46,8172,0.12644405280810184,0.03999961963730195,0.0808657622194832,0.7526905653351126,25,20,20
46,8173,0.12644405280810186,0.03999961963730624,0.0808659574668246,0.7526903700877667,25,20,20
46,8174,0.1264440528081018,0.03999961963730195,0.08086587669405633,0.7526904508605393,25,20,20
46,8175,0.12644405281848078,0.03999961965124133,0.08087819768215368,0.7526781298481238,25,20,20
46,8176,0.14815575697451927,0.0399996198550753,0.059166493289580506,0.7526781298808247,25,20,20
46,8177,0.16642886993688602,0.039999619657568125,0.040893380466281125,0.7526781299392644,25,20,20
46,8178,0.1664288699368861,0.03996869253789888,0.04092430758585453,0.7526781299393602,25,20,20
46,8179,0.16642886993688605,0.03996869253789458,0.040917702177217644,0.7526847353480014,25,20,20
46,8180,0.1681199151353193,0.039968696259797334,0.03922559747987933,0.7526857911250039,25,20,20
46,8181,0.1786193656976174,0.03996869243916323,0.028727206508354843,0.7526847353548645,25,20,20
46,8182,0.17861936569761747,0.039968692439407746,0.028358938163714032,0.7530530036992608,25,20,20
46,8183,0.17862068951349755,0.03996869243280332,0.028357614445583074,0.753053003608116,25,20,20
46,8184,0.17862068951349755,0.03996869243279911,0.028362119033859625,0.7530484990198437,25,20,20
46,8185,0.17862068951349758,0.039968692432799185,0.02836673980174786,0.7530438782519553,25,20,20
46,8186,0.17862066075621258,0.03996869176110009,0.022165836922596393,0.759244810560091,25,20,20
46,8187,0.1579428258684357,0.0399692804380619,0.04284303468562173,0.7592448590078807,25,20,20
46,8188,0.15794282586843678,0.011240688726487147,0.07157162630822879,0.7592448590968468,25,20,20
46,8189,0.15794282586843436,0.011240688726246917,0.0715714949897563,0.7592449904155619,25,20,20
46,8190,0.15794282586861325,0.011240688726002398,0.07157339161273434,0.7592430937926495,25,20,20
46,8191,0.1579428258686132,0.011240688726002321,0.07156868975044452,0.7592477956549395,25,20,20
46,8192,0.15794282586861325,0.011240688726006597,0.07169594483024516,0.7591205405751346,25,20,20
46,8193,0.1579428258686172,0.011240688726251136,0.07169352925218607,0.7591229561529456,25,20,20
46,8194,0.15794282586843564,0.011240688726003027,0.07156400097402456,0.7592524844315366,25,20,20
46,8195,0.15794282586843564,0.011240688726007315,0.07157052637981426,0.7592459590257424,25,20,20
46,8196,0.15794282586843245,0.011240688726007315,0.07157052494038824,0.7592459604651716,25,20,20
46,8197,0.16717974904266,0.01124177803228602,0.062332421345721804,0.7592460515793316,25,20,20
46,8198,0.16717974904247793,0.01124177803228173,0.06259211509181009,0.7589863578334297,25,20,20
46,8199,0.16147859663244238,0.011240794938955965,0.06826645572295847,0.7590141527056425,25,20,20
46,8200,0.1686587878763902,0.011241641724258764,0.061082149994074,0.7590174204052764,25,20,20
46,8201,0.1686587878763902,0.011241641724258762,0.061082149981950086,0.7590174204174002,25,20,20
46,8202,0.16865878787639027,0.011241641724258837,0.061082177371477704,0.7590173930278726,25,20,20
46,8203,0.1686588561517054,0.0011152648197401765,0.07120848557782851,0.7590173934507249,25,20,20
46,8204,0.16865905144350882,1.7272998185580507e-06,0.07232182830874925,0.7590173929479224,25,20,20
46,8205,0.16865905144350882,1.7272998142684441e-06,0.07231533625015601,0.75902388500652,25,20,20
46,8206,0.1686590514435089,1.7272998185297142e-06,0.07257696768711666,0.7587622535695552,25,20,20
46,8207,0.1686590514435152,1.7272998184562413e-06,0.0724305867691455,0.75890863448752,25,20,20
46,8208,0.1701216873932433,6.950510321697961e-07,0.07097398777893855,0.7589036297767854,25,20,20
46,8209,0.1701184144589439,6.950479254903966e-07,0.07097726072407418,0.7589036297690559,25,20,20
46,8210,0.1701184144589375,6.950479297800284e-07,0.07086391494350569,0.7590169755496265,25,20,20
46,8211,0.17011841445893353,6.950476852434077e-07,0.07086325012512507,0.7590176403682557,25,20,20
46,8212,0.17011841445893347,6.950474406511197e-07,0.07085845567557464,0.7590224348180508,25,20,20
46,8213,0.17011841445875217,6.950474406500865e-07,0.07067544699732253,0.759205443496484,25,20,20
46,8214,0.15081121434136205,1.0728833031709093e-07,0.08957814027540889,0.7596105380948986,25,20,20
46,8215,0.1508112143413613,1.0728832602726649e-07,0.08957355198442578,0.7596151263858867,25,20,20
46,8216,0.1508112143413613,1.072883217376379e-07,0.08956706196354457,0.7596216164067723,25,20,20
46,8217,0.1508112143413621,1.0728856631985868e-07,0.08957365053422006,0.7596150278358514,25,20,20
46,8218,0.1508112143413621,1.0728857053551632e-07,0.08958014114046581,0.7596085372296014,25,20,20
46,8219,0.1508112143413621,1.0728857053681328e-07,0.08958022110656887,0.7596084572634985,25,20,20
46,8220,0.1508112143309831,1.0727463123276664e-07,0.08956798258645898,0.7596206958079266,25,20,20
46,8221,0.12323534292233224,2.379235105538744e-09,0.11717161029485541,0.7595930444035767,25,20,20
46,8222,0.12312845076506669,2.366969737824339e-09,0.11727850081660533,0.7595930460513578,25,20,20
46,8223,0.12312845076506668,2.3669697352284544e-09,0.11727857785140662,0.7595929690165564,25,20,20
46,8224,0.11120218281975452,2.612555098783388e-09,0.1292010470819368,0.759596767485753,25,20,20
46,8225,0.08826004071364218,1.9564082099055416e-08,0.15214309000678253,0.7595968497154928,25,20,20
46,8226,0.08826004071364223,1.9564082100394893e-08,0.1521452872295303,0.759594652492745,25,20,20
46,8227,0.08826004071364225,1.9564086315270633e-08,0.15214463041172124,0.7595953093105499,25,20,20
46,8228,0.08825977979680584,1.7956533279291214e-07,0.15214396796645585,0.7595960726714053,25,20,20
46,8229,0.08825977979698757,1.7956533699939835e-07,0.15223619356664395,0.7595038470710312,25,20,20
46,8230,0.08825977979698837,1.7956533707469077e-07,0.15223622994994326,0.7595038106877311,25,20,20
46,8231,0.08825977979698915,1.7956534143843998e-07,0.15224089308153899,0.7594991475561302,25,20,20
46,8232,0.0882597797969899,1.7956533722150818e-07,0.15223440316251208,0.7595056374751608,25,20,20
46,8233,0.08825977722817106,3.7492435140188524e-07,0.15223497374228245,0.7595048741051948,25,20,20
46,8234,0.08825977722817027,3.749243513265936e-07,0.15223486022598678,0.7595049876214915,25,20,20
46,8235,0.08825977722817024,3.7492435561642653e-07,0.1522348619468461,0.759504985900628,25,20,20
46,8236,0.08363053961544115,3.7509028151395357e-07,0.15686789855103442,0.7595011867432429,25,20,20
46,8237,0.08363053961544115,3.7509028151263346e-07,0.15686781808578346,0.7595012672084939,25,20,20
46,8238,0.08363053961544115,3.75090281586605e-07,0.1568678195252338,0.7595012657690434,25,20,20
46,8239,0.08363053962579935,3.750902858696314e-07,0.15696012736127213,0.7594089579226426,25,20,20
46,8240,0.08363053962579928,3.7509028588351416e-07,0.15683073504648495,0.7595383502374295,25,20,20
46,8241,0.08363053962579853,3.7509004145050855e-07,0.1568306347986068,0.7595384504855529,25,20,20
46,8242,0.08363053962579853,3.7509004145180636e-07,0.15683063677171902,0.7595384485124407,25,20,20
46,8243,0.083630539625844,3.750900372645109e-07,0.15656592937796657,0.7598031559061518,25,20,20
46,8244,0.08363053961549552,3.750763784078908e-07,0.15656582251712353,0.7598032627910023,25,20,20
46,8245,0.08728086145746179,3.7415881346101716e-07,0.15332064242332535,0.7593981219603997,25,20,20
46,8246,0.087280861457461,3.741588133857483e-07,0.15332056554653897,0.7593981988371867,25,20,20
46,8247,0.08728086145746027,3.741588090944531e-07,0.15340815580154155,0.759310608582189,25,20,20
46,8248,0.11759260040949432,3.743872847562983e-07,0.12309639787475682,0.7593106273284639,25,20,20
46,8249,0.11759262666380767,3.750058914277284e-07,0.13196322078924744,0.7504437775410533,25,20,20
46,8250,0.11759262666380448,3.7500589135118536e-07,0.13196321876299133,0.7504437795673123,25,20,20
46,8251,0.11759287846031462,0.001099098008590263,0.13086424396347676,0.7504437795676178,25,20,20
46,8252,0.11759285220600134,0.0010990973899878847,0.1219975777702123,0.7593104726337981,25,20,20
46,8253,0.11759285220602803,0.0010990974831164256,0.15717024748826752,0.7241378028225879,25,20,20
46,8254,0.11759285220602919,0.0010991028718319576,0.1570276719122036,0.7242803730099351,25,20,20
46,8255,0.11759285220602919,0.0010991028720706616,0.1572924009604257,0.7240156439614742,25,20,20
46,8256,0.11759285220602919,0.0010991028720749262,0.15755873363662018,0.7237493112852753,25,20,20
46,8257,0.11759260033090704,2.4507398148248497e-08,0.15856166593932053,0.7238457092223741,25,20,20
46,8258,0.13375825336593852,2.409620348101568e-08,0.14239601424683007,0.7238457082910279,25,20,20
46,8259,0.1337582533659386,2.4096203481018557e-08,0.14239450866851044,0.7238472138693473,25,20,20
46,8260,0.13375825336593858,2.4096199188567772e-08,0.14238980511657984,0.7238519174212823,25,20,20
46,8261,0.11143432614839885,2.409591116828603e-08,0.16471373239182185,0.7238519173638684,25,20,20
46,8262,0.11143432614839885,2.409590690523497e-08,0.1644474391031256,0.7241182106525689,25,20,20
46,8263,0.1114343261483957,2.4095912414754088e-08,0.17815097305436747,0.7104146767013251,25,20,20
46,8264,0.11143432613808303,2.4095908206983853e-08,0.1780652698799499,0.7105003798860595,25,20,20
46,8265,0.10719363702052612,2.3280765186938408e-08,0.18230605785756146,0.7105002818411472,25,20,20
46,8266,0.10719362131081178,2.2778347397121546e-08,0.18230621060677898,0.7105001453040619,25,20,20
46,8267,0.1071936213109939,2.2778351763281297e-08,0.1823127352288874,0.7104936206817669,25,20,20
46,8268,0.10719362130963234,2.2778354382183394e-08,0.1823127352295346,0.7104936206824786,25,20,20
46,8269,0.10719377505823083,0.03824105582363374,0.1441679291011252,0.71039724001701,25,20,20
46,8270,0.11310590279086279,0.03824105559489842,0.13825582171041828,0.7103972199038203,25,20,20
46,8271,0.1131057490515997,0.039381828173445446,0.13711521983101702,0.7103972029439377,25,20,20
46,8272,0.11310574905160291,0.03938182817344559,0.1371152971727373,0.710397125602214,25,20,20
46,8273,0.11310723901909217,0.039381822691361125,0.11094735410983567,0.7365635841797114,25,20,20
46,8274,0.11310723901909217,0.03938182269136113,0.11094883465391141,0.7365621036356355,25,20,20
46,8275,0.1131072390190467,0.039381822691361125,0.11094236992572372,0.7365685683638686,25,20,20
46,8276,0.09655604508365837,0.039381805742342096,0.12748589208509087,0.7365762570889091,25,20,20
46,8277,0.09655604508370448,0.03938180574234216,0.127615461177594,0.7364466879963597,25,20,20
46,8278,0.0965560450837037,0.039381805742337794,0.12761530310739475,0.7364468460665643,25,20,20
46,8279,0.11312315776618131,0.03938180589548715,0.11104814936990595,0.7364468869684258,25,20,20
46,8280,0.09741395469915978,0.039381805895658845,0.12675735243616582,0.7364468869690154,25,20,20
46,8281,0.12055341337819898,0.039381810798784785,0.10361788116613875,0.736446894656877,25,20,20
46,8282,0.11441634548441781,0.03938181510848063,0.10975494437862889,0.7364468950284728,25,20,20
46,8283,0.11441634548441777,0.03938181510848063,0.10975719419883603,0.7364446452082655,25,20,20
46,8284,0.11441634548441815,0.03938181510848072,0.10967149264605038,0.7365303467610507,25,20,20
46,8285,0.1144163454845541,0.03938181510847644,0.1095434380090523,0.7366584013979172,25,20,20
46,8286,0.11441634548450862,0.03938181510848058,0.10954651627046745,0.7366553231365432,25,20,20
46,8287,0.10636685221833825,0.03939489528183222,0.1175818834498853,0.7366563690499441,25,20,20
46,8288,0.10636685221852397,0.039394895295744754,0.11767123024129302,0.736567022244438,25,20,20
46,8289,0.10636685221852085,0.03939489529574461,0.11767114337526344,0.7365671091104709,25,20,20
46,8290,0.10544976866162781,0.039394895758091054,0.11858822639455627,0.7365671091857245,25,20,20
46,8291,0.10544976866162781,0.03939489575809098,0.11858170467875757,0.7365736309015234,25,20,20
46,8292,0.10544976866144648,0.03939489575808669,0.11894821688283135,0.7362071186976356,25,20,20
46,8293,0.10544976866144642,0.039394895758082395,0.11894359378595443,0.7362117417945168,25,20,20
46,8294,0.10544976866144645,0.0393948957580824,0.11894817915162094,0.73620715642885,25,20,20
46,8295,0.10544976908918409,0.03939489633254785,0.13003632281125918,0.7251190117670088,25,20,20
46,8296,0.10544976908918409,0.039394896332547856,0.1300363562487942,0.7251189783294736,25,20,20
46,8297,0.10545036592398473,0.039394896332705945,0.1300435303474154,0.7251112073958937,25,20,20
46,8298,0.11139283117077685,0.03939489211497363,0.12410104554479488,0.7251112311694549,25,20,20
46,8299,0.1113913412032597,0.03939489211497026,0.11510945382085548,0.7341043128609145,25,20,20
46,8300,0.111391341203266,0.03939489211497034,0.11519667837853237,0.7340170883032314,25,20,20
46,8301,0.11139134120308031,0.03939489210105781,0.11511406422755323,0.7340997024683088,25,20,20
46,8302,0.11139134077534273,0.03939489152659236,0.10402742769297162,0.7451863400050933,25,20,20
46,8303,0.11139134077534278,0.039394891526592396,0.10439890815939304,0.7448148595386719,25,20,20
46,8304,0.11139134077534278,0.03939489152659239,0.10439879368103938,0.7448149740170257,25,20,20
46,8305,0.11139134077534356,0.039394891526596754,0.10440345731175889,0.744810310386301,25,20,20
46,8306,0.1113913407753435,0.039394891526596754,0.10439875747163739,0.7448150102264225,25,20,20
46,8307,0.11139134077534357,0.03939489152660094,0.10477174549458129,0.7444420222034743,25,20,20
46,8308,0.11139134077516158,0.03939489152659664,0.10485744107269397,0.744356326625548,25,20,20
46,8309,0.11139134077516476,0.03939489152683573,0.09089210401448579,0.7583216636835136,25,20,20
46,8310,0.11139134077516717,0.03939489152683144,0.09088751621853661,0.7583262514794649,25,20,20
46,8311,0.11139134077516723,0.03939489152683152,0.09097981065158774,0.7582339570464136,25,20,20
46,8312,0.11139134077516717,0.03939489152683144,0.09088751823502271,0.7583262494629787,25,20,20
46,8313,0.0983722857011518,0.03939489164673169,0.10390564516970312,0.7583271774824137,25,20,20
46,8314,0.1217304735290702,0.039394891641554325,0.0805474573512624,0.7583271774781131,25,20,20
46,8315,0.1217304735289336,0.03939489165549355,0.08055806716661147,0.7583165676489613,25,20,20
46,8316,0.12173047352893356,0.03939489165549355,0.08055141360400739,0.7583232212115654,25,20,20
46,8317,0.12173047352888804,0.03939489164155425,0.08053911912501995,0.7583355157045376,25,20,20
46,8318,0.1180204747550519,0.039394891555209595,0.08424914135663104,0.7583354923331074,25,20,20
46,8319,0.11802047475505184,0.039394891555213814,0.08425376241533926,0.758330871274395,25,20,20
46,8320,0.11802047475523397,0.0393948915552181,0.08425844118476439,0.7583261925047835,25,20,20
46,8321,0.11802047475505184,0.039394891555213814,0.08425843717653722,0.758326196513197,25,20,20
46,8322,0.11802047475505184,0.039394891555213814,0.08425847516301653,0.7583261585267177,25,20,20
46,8323,0.09205671941649327,0.03938180924863368,0.11023620696092307,0.7583252643739498,25,20,20
46,8324,0.09205671941649252,0.03938180924887602,0.1102361920335476,0.7583252793010837,25,20,20
46,8325,0.09596559493371581,0.039381809243201234,0.10632731729586033,0.7583252785272225,25,20,20
46,8326,0.09596559493370947,0.039381809243205335,0.1065209022123353,0.7581316936107497,25,20,20
46,8327,0.09596559493370625,0.039381809243205335,0.10652086891922447,0.7581317269038637,25,20,20
46,8328,0.09596559493370617,0.03938180924320526,0.1064286473152069,0.7582239485078814,25,20,20
46,8329,0.09596559493370935,0.0393818092432053,0.10605574067759116,0.758596855145494,25,20,20
46,8330,0.09596559493370935,0.0393818092432053,0.1060557760733669,0.7585968197497182,25,20,20
46,8331,0.09596559493370618,0.03938180924296063,0.10605140956035652,0.7586011862629765,25,20,20
46,8332,0.09596559493370699,0.039381809243202975,0.10642449346030503,0.7582281023627848,25,20,20
46,8333,0.09596559493370778,0.039381809243203045,0.10642458416735787,0.7582280116557311,25,20,20
46,8334,0.09596559493370783,0.039381809243203045,0.10642926600458191,0.7582233298185069,25,20,20
46,8335,0.09596559493370868,0.03938180924344761,0.1064378454639001,0.7582147503589433,25,20,20
46,8336,0.09596559493371103,0.039381809243447544,0.10643934730972612,0.758213248513115,25,20,20
46,8337,0.09485084551537477,0.03938180943832459,0.10755409558713355,0.7582132494591669,25,20,20
46,8338,0.09485084551537158,0.03938180943832459,0.1075524745584919,0.7582148704878118,25,20,20
46,8339,0.09485084551537079,0.03938180943808225,0.10718405390800034,0.7585832911385464,25,20,20
46,8340,0.09485084551537079,0.039381809438082324,0.10718400601163816,0.7585833390349086,25,20,20
46,8341,0.09094353504069018,0.03938180674254397,0.11109151949524759,0.758583138721518,25,20,20
46,8342,0.09094353503197952,0.011239573705478352,0.13923375285307957,0.7585831384094627,25,20,20
46,8343,0.09094353503197952,0.01123957370547835,0.139233751940428,0.7585831393221143,25,20,20
46,8344,0.06921142357749234,0.011239588366281677,0.14807984918249997,0.7714691388737265,25,20,20
46,8345,0.06921142357749235,0.01123958836628604,0.14808447064689928,0.7714645174093228,25,20,20
46,8346,0.04594620501845839,0.011239588262535953,0.17135061596129972,0.7714635907577059,25,20,20
46,8347,0.04594620501850387,0.011239588262535951,0.17135723471857958,0.7714569720003804,25,20,20
46,8348,0.08221245609174177,0.011239593585517349,0.13509097925123476,0.7714569710715062,25,20,20
46,8349,0.08221245609174258,0.011239593585517425,0.13508790110285832,0.771460049219882,25,20,20
46,8350,0.08221245609174253,0.011239593585274503,0.13482163168501496,0.7717263186379683,25,20,20
46,8351,0.07620328136477425,0.011239588324364336,0.1408308129539977,0.7717263173568639,25,20,20
46,8352,0.07620328136477425,0.011239588324360117,0.1408262519073644,0.7717308784035015,25,20,20
46,8353,0.07620328136477425,0.011239588324360193,0.14083095265563386,0.771726177655232,25,20,20
46,8354,0.07244286820248338,0.01123958832580262,0.14459134345925878,0.771726200012456,25,20,20
46,8355,0.07244286820243792,0.01123958832580262,0.14458931151742138,0.7717282319543386,25,20,20
46,8356,0.07245432096061508,0.003506923235640911,0.15231043353766593,0.7717283222660786,25,20,20
46,8357,0.07245432148316326,0.0035069232356446946,0.15698996897992487,0.7670487863012676,25,20,20
46,8358,0.07245432148316638,0.003506923235644735,0.15662347160499576,0.7674152836761934,25,20,20
46,8359,0.07245432148316873,0.0035069232493408877,0.15662313598705552,0.7674156192804351,25,20,20
46,8360,0.07245433445282796,0.00350692324105251,0.1566225195231824,0.7674162227829372,25,20,20
46,8361,0.07245433445282791,0.0035069232410525107,0.1566224914658182,0.7674162508403015,25,20,20
46,8362,0.07245433445282795,0.0035069232410524383,0.15662235179483228,0.7674163905112874,25,20,20
46,8363,0.07245433445282862,0.0035069232412587633,0.16286771373764453,0.7611710285682685,25,20,20
46,8364,0.07245433445282543,0.003506923241254547,0.1628697946054393,0.7611689477004806,25,20,20
46,8365,0.07245433445287042,0.003506923255067635,0.16324235291786043,0.7607963893742016,25,20,20
46,8366,0.0724543344528736,0.0035069232550719253,0.16324671776858185,0.7607920245234727,25,20,20
46,8367,0.07245433445287365,0.003506923255071998,0.16324679752893684,0.7607919447631175,25,20,20
46,8368,0.07245433445287365,0.0035069232550719986,0.16324217679499564,0.7607965654970588,25,20,20
46,8369,0.0724543344530314,0.003506923255283763,0.16789471106182166,0.7561440312298635,25,20,20
46,8370,0.0724543344530314,0.0035069232552836878,0.16789471056264166,0.7561440317290437,25,20,20
46,8371,0.07860225049084722,0.0035069231770628677,0.16174679460185767,0.7561440317302326,25,20,20
46,8372,0.07859084792228775,2.636222306639803e-07,0.16526494702422134,0.7561439414312605,25,20,20
46,8373,0.07856296038763935,2.6341719691115393e-07,0.16529283359080085,0.7561439426043627,25,20,20
46,8374,0.07856296038764016,2.6421010271750415e-07,0.16538261855736877,0.7560541568448875,25,20,20
46,8375,0.07852790659902449,2.6395255611776086e-07,0.16541767263622803,0.7560541568121905,25,20,20
46,8376,0.07852790659902363,2.6315965038670234e-07,0.16532317112768485,0.7561486591136409,25,20,20
46,8377,0.07852790659902366,2.631596504619713e-07,0.16532313978179844,0.7561486904595272,25,20,20
46,8378,0.07852790659902366,2.631596503879997e-07,0.16532306004756658,0.7561487701937591,25,20,20
46,8379,0.07852790659902366,2.631596460981751e-07,0.16531844059680964,0.7561533896445202,25,20,20
46,8380,0.07852790659902366,2.6315964609687735e-07,0.16531843859917847,0.7561533916421515,25,20,20
46,8381,0.07852785723281076,1.9552185282627943e-08,0.16531873158561752,0.7561533916293852,25,20,20
46,8382,0.07852785723281396,1.9552428276968067e-08,0.16558508212398151,0.7558870410907752,25,20,20
46,8383,0.07852785723281396,1.955242820300149e-08,0.16558280645883403,0.7558893167559226,25,20,20
46,8384,0.07852785723281401,1.955242820300149e-08,0.1655828074068123,0.7558893158079444,25,20,20
46,8385,0.07852785723281396,1.9552428200405606e-08,0.1655828045621875,0.7558893186525693,25,20,20
46,8386,0.07852785723281076,1.955242383422221e-08,0.16557619946038468,0.7558959237543796,25,20,20
46,8387,0.07852785724319285,1.955242812453634e-08,0.16557634232207452,0.7558957808823034,25,20,20
46,8388,0.07852785724319283,1.9552428197103246e-08,0.16594936280347536,0.7555227604009025,25,20,20
46,8389,0.07852785724319278,1.9552424094751e-08,0.16557634266123503,0.7558957805431465,25,20,20
46,8390,0.07852785724319272,1.955218167871991e-08,0.16520324029101288,0.7562688829136112,25,20,20
46,8391,0.07852785724319272,1.955218168001764e-08,0.16520335471579198,0.756268768488832,25,20,20
46,8392,0.08029686424909961,1.9332749259315098e-08,0.163434345810043,0.7562687706081058,25,20,20
46,8393,0.08029686424928173,1.933274925930688e-08,0.16343906104622455,0.7562640553717423,25,20,20
46,8394,0.08029686424912477,1.933253747581249e-08,0.15895940502659756,0.7607437113917388,25,20,20
46,8395,0.08029686424912079,1.9332533128484325e-08,0.15877988224673406,0.7609232341716106,25,20,20
46,8396,0.10778598522284119,4.481356604457596e-09,0.14417731217978658,0.7480366981160145,25,20,20
46,8397,0.10778598522284198,4.481356678429129e-09,0.14417731431037328,0.748036695985427,25,20,20
46,8398,0.1077859852228388,4.481113759367808e-09,0.14391756724107416,0.7482964430549722,25,20,20
46,8399,0.13828567756364032,4.474415775947959e-09,0.11341787706394546,0.7482964408979977,25,20,20
46,8400,0.13828567756364032,4.474415626708643e-09,0.11341790844701957,0.7482964095149236,25,20,20
46,8401,0.13778610162215685,4.475961402540973e-09,0.11391748437993923,0.7482964095219422,25,20,20
46,8402,0.13778610162211175,4.462148240499365e-09,0.11354338413052881,0.7486705097852109,25,20,20
46,8403,0.1377861016221117,4.46214816780204e-09,0.11354800278775233,0.7486658911279875,25,20,20
46,8404,0.1377861016221117,4.462152457894873e-09,0.11355016718821168,0.7486637267275239,25,20,20
46,8405,0.13778610162211247,4.462152534457515e-09,0.11355256689358895,0.7486613270221457,25,20,20
46,8406,0.14142328735208992,4.460765747848921e-09,0.1099154035295547,0.7486613046575894,25,20,20
46,8407,0.12972510868076165,4.511488102581998e-09,0.12161358169143595,0.748661305116314,25,20,20
46,8408,0.12972510868076165,4.511492393712829e-09,0.12161828525276386,0.7486566015549818,25,20,20
46,8409,0.12972510868076165,4.5114923184215434e-09,0.12161820413688491,0.7486566826708608,25,20,20
46,8410,0.12972510815825897,4.511488462717234e-09,0.11694020121239093,0.7533346861178614,25,20,20
46,8411,0.12972510815825822,4.5114926790623544e-09,0.11694028189138786,0.7533346054388609,25,20,20
46,8412,0.14009844856399842,2.4041310962948373e-08,0.10656689674932192,0.7533346306453684,25,20,20
46,8413,0.14009844871090962,2.405516558984325e-08,0.10683273742402387,0.7530687898099004,25,20,20
46,8414,0.14010906335026757,2.440275237300229e-08,0.10682202933715855,0.753068882909821,25,20,20
46,8415,0.1401090633503127,2.44027481561766e-08,0.10719375057067286,0.7526971616762659,25,20,20
46,8416,0.14010906335031267,2.440274823015074e-08,0.1071922119898452,0.7526987002570934,25,20,20
46,8417,0.1401091094089521,2.003678898368596e-08,0.107192170297053,0.7526987002572052,25,20,20
46,8418,0.1401091094089489,2.0022848260225185e-08,0.10718403889849863,0.7527068316697035,25,20,20
46,8419,0.14010910940894894,2.002284833418429e-08,0.10719052978183669,0.7527003407863653,25,20,20
46,8420,0.14010910940894894,2.002284833288655e-08,0.10719052834969553,0.7527003422185063,25,20,20
46,8421,0.12150332916587724,2.8154433201698888e-08,0.12579629849050808,0.752700344189181,25,20,20
46,8422,0.1215033291658773,2.815443320153155e-08,0.12588389156676347,0.7526127511129255,25,20,20
46,8423,0.1215033291658773,2.815442891299659e-08,0.12587926851749665,0.7526173741621964,25,20,20
46,8424,0.1215033293133382,2.816857493892365e-08,0.12562423836517475,0.7528724041529117,25,20,20
46,8425,0.12150332931333825,2.8168575011588406e-08,0.1256288607739965,0.7528677817440897,25,20,20
46,8426,0.1215033293133383,2.8168575160826333e-08,0.12563538449335512,0.7528612580247309,25,20,20
46,8427,0.12150332931333825,2.8168575085559595e-08,0.1256288627523214,0.7528677797657647,25,20,20
46,8428,0.12150332931333832,2.816861175440348e-08,0.11964515061978113,0.7588514918982685,25,20,20
46,8429,0.12263385126914965,8.291209690526896e-09,0.1185148348098055,0.758851305629835,25,20,20
46,8430,0.12263385126914886,8.291209613964252e-09,0.11851243425817044,0.758853706181471,25,20,20
46,8431,0.12263385112219206,8.277355059661918e-09,0.11825158279060341,0.7591145578098493,25,20,20
46,8432,0.14670069455818296,1.444999855631855e-10,0.09418474945761723,0.7591145558396996,25,20,20
46,8433,0.146700694558365,1.58439214341927e-10,0.094190465666082,0.7591088396171136,25,20,20
46,8434,0.14670069455836507,1.5844343131962638e-10,0.09419698910597374,0.7591023161772177,25,20,20
46,8435,0.146700694558365,1.5844335605899142e-10,0.09419228618509096,0.7591070190981004,25,20,20
46,8436,0.14670069455836424,1.582002856760315e-10,0.09392601471313008,0.7593732905703052,25,20,20
46,8437,0.14670069455836743,1.5820457858891915e-10,0.09392621188503619,0.7593730933983917,25,20,20
46,8438,0.14670069455836818,1.5820886877189812e-10,0.09392317158669725,0.7593761336967256,25,20,20
46,8439,0.14670069455836818,1.5820894276538946e-10,0.0939232854756114,0.7593760198078114,25,20,20
46,8440,0.14681631653774432,1.6128550318988387e-10,0.09380766265663203,0.7593760206443381,25,20,20
46,8441,0.14681631653774432,1.6128542921875785e-10,0.09380762784554257,0.7593760554554275,25,20,20
46,8442,0.146276604522756,2.912519395999714e-07,0.09434566176739322,0.7593774424579111,25,20,20
46,8443,0.1462766045227568,2.9126575276326714e-07,0.0947198425118031,0.7590032616996872,25,20,20
46,8444,0.14627661179475368,2.912777762121563e-07,0.10021986681856764,0.7535032301089024,25,20,20
46,8445,0.14627661178437157,2.9127777184527637e-07,0.10021964195272054,0.7535034549851359,25,20,20
46,8446,0.14627661178437076,2.9127777169601387e-07,0.10021955883341457,0.7535035381044427,25,20,20
46,8447,0.14627661178436763,2.912777674043987e-07,0.10021944358787,0.7535036533499948,25,20,20
46,8448,0.15847695402254763,2.912254698507529e-07,0.08801910187546241,0.7535036528765201,25,20,20
46,8449,0.1584769501323078,5.10701560752835e-07,0.08801885019420365,0.7535036889719278,25,20,20
46,8450,0.15696957244481158,5.110527122842673e-07,0.08952613369051696,0.7535037828119594,25,20,20
46,8451,0.15696957244481158,5.110527122842909e-07,0.08952605335077578,0.7535038631517006,25,20,20
46,8452,0.1569695651729968,5.110406845471169e-07,0.08401951823214977,0.7590104055541691,25,20,20
46,8453,0.15696956517281468,5.110406844731543e-07,0.08401487446046975,0.7590150493260314,25,20,20
46,8454,0.15696956517286018,5.110409290579714e-07,0.0840215789668354,0.7590083448193755,25,20,20
46,8455,0.15696956517286018,5.11040929056629e-07,0.0840215004746761,0.759008423311535,25,20,20
46,8456,0.15893888305711493,5.106896669630839e-07,0.08205227678224175,0.7590083294709767,25,20,20
46,8457,0.15893888305711493,5.106896669630839e-07,0.08205227678224175,0.7590083294709767,25,20,20
46,8458,0.15893888305711493,5.10689666963261e-07,0.08196002326849756,0.7591005829847206,25,20,20
46,8459,0.1589388830673137,5.106896712517469e-07,0.08196466730068526,0.75909593894233,25,20,20
46,8460,0.15893888291985325,5.106757697985738e-07,0.08185427819610268,0.7592063282082746,25,20,20
46,8461,0.15893888291985322,5.106757698725445e-07,0.08185420539468989,0.7592064010096873,25,20,20
46,8462,0.15893888291985322,5.106757698738645e-07,0.08185890663062617,0.759201699773751,25,20,20
46,8463,0.15893888291985644,5.106760138538871e-07,0.08194538623283888,0.7591152201712912,25,20,20
46,8464,0.15893888291985636,5.106760138525901e-07,0.08194530481572296,0.759115301588407,25,20,20
46,8465,0.15044771412851213,2.2920232172149363e-07,0.09043809707262783,0.7591139595965383,25,20,20
46,8466,0.15044771412869384,2.2920208194930603e-07,0.09043756760175928,0.7591144890674648,25,20,20
46,8467,0.15044771412850894,2.2920207774280385e-07,0.09034509573258108,0.7592069609368322,25,20,20
46,8468,0.15044771412850952,2.292022367846706e-07,0.10394186691303055,0.7456101897562231,25,20,20
46,8469,0.15044771412850946,2.2920223670940076e-07,0.10394194198920215,0.7456101146800515,25,20,20
46,8470,0.1504477141181741,2.2920223256884955e-07,0.10393943521194168,0.7456126214676515,25,20,20
46,8471,0.1363096358553279,2.3586605258057156e-07,0.11807660146995469,0.7456135268086648,25,20,20
46,8472,0.1368394767667467,2.3612268247831804e-07,0.11754669064069458,0.7456135964698758,25,20,20
46,8473,0.13687119088704403,4.3425159168610866e-05,0.11726492614735853,0.7458204578064296,25,20,20
46,8474,0.13687119088923402,4.342515917223196e-05,0.12351480069154806,0.7395705832600463,25,20,20
46,8475,0.13687119088905192,4.3425145232927896e-05,0.12350256021578414,0.7395828237499316,25,20,20
46,8476,0.13687119088905111,4.342513141976593e-05,0.12312838090553996,0.7399570030739896,25,20,20
46,8477,0.1368711908890961,4.3425131505247005e-05,0.10916304426134163,0.7539223397180577,25,20,20
46,8478,0.1368711908890961,4.34251315053223e-05,0.10916315756476705,0.7539222264146322,25,20,20
46,8479,0.1368711908890961,4.342513150532225e-05,0.10916315744937556,0.7539222265300235,25,20,20
46,8480,0.13734624540773324,4.3425131721324906e-05,0.10868810293052233,0.7539222265300236,25,20,20
46,8481,0.1373462454056201,4.342513172138863e-05,0.1086961931369766,0.7539141363256825,25,20,20
46,8482,0.13734624540557458,4.3425131476792945e-05,0.10878394943824342,0.7538263800247057,25,20,20
46,8483,0.13734624540557458,4.3425131476866556e-05,0.10878699207705823,0.7538233373858907,25,20,20
46,8484,0.1373462454055778,4.342513172147232e-05,0.10879027477901922,0.753820054683682,25,20,20
46,8485,0.1373462454055778,4.3425131721395725e-05,0.10879027417985675,0.7538200552828443,25,20,20
46,8486,0.13734624540553228,4.3425131476812204e-05,0.10878365014883971,0.7538266793141516,25,20,20
46,8487,0.13734624540553309,4.3425131476888796e-05,0.10878373331999505,0.7538265961429953,25,20,20
46,8488,0.13734624540552987,4.342513123228298e-05,0.10878044814586413,0.753829881317374,25,20,20
46,8489,0.13734624540552987,4.342513123228301e-05,0.10878052722368872,0.7538298022395493,25,20,20
46,8490,0.13734624540545298,4.342513122867347e-05,0.10252267725023748,0.7600876522130813,25,20,20
46,8491,0.13683300679514576,4.342531067318392e-05,0.10303591524589317,0.7600876526482885,25,20,20
46,8492,0.16016831525325514,1.672057372871822e-08,0.07995091279249596,0.759880755233675,25,20,20
46,8493,0.1596391162296745,3.9990625126061065e-05,0.08043686516447844,0.7598840279807213,25,20,20
46,8494,0.1596391162296745,3.999062512613503e-05,0.08043686650005538,0.7598840266451442,25,20,20
46,8495,0.13705136941130958,3.9984389532745715e-05,0.10301900405893766,0.7598896421402214,25,20,20
46,8496,0.13386852480804312,3.998396130617036e-05,0.10620836753828854,0.7598831236923634,25,20,20
46,8497,0.13386852480804318,3.998396130631957e-05,0.1062148912822759,0.7598765999483759,25,20,20
46,8498,0.13386852481721598,3.9983973625680234e-05,0.1108742591672939,0.7552172320418655,25,20,20
46,8499,0.13386852481721598,3.9983973870213774e-05,0.11087001465980834,0.7552214765491064,25,20,20
46,8500,0.13386852481721592,3.9983973870064554e-05,0.11086352500298954,0.7552279662059255,25,20,20
46,8501,0.13386852481721986,3.998476210071135e-05,0.11119328345089045,0.7548982069697898,25,20,20
46,8502,0.11769385531220682,4.064148876003838e-05,0.12736729518312992,0.7548982080159041,25,20,20
46,8503,0.1176938553122068,4.064148876003968e-05,0.12736718251725923,0.7548983206817748,25,20,20
46,8504,0.11769385531220998,4.0641488760039676e-05,0.12736715021020753,0.7548983529888234,25,20,20
46,8505,0.11769385531220998,4.064148876003965e-05,0.1273671502081829,0.7548983529908478,25,20,20
46,8506,0.15646132006576413,6.673276058156177e-07,0.08864300324064603,0.7548950093659843,25,20,20
46,8507,0.15646132006576413,6.673276057405031e-07,0.08855082330230026,0.7549871893043302,25,20,20
46,8508,0.15646132006576413,6.673276099555511e-07,0.08855093879501658,0.7549870738116096,25,20,20
46,8509,0.15646132006576413,6.673276099529104e-07,0.08855093493544565,0.7549870776711805,25,20,20
46,8510,0.1564613200657186,6.673273653068662e-07,0.0885423553933832,0.7549956572135329,25,20,20
46,8511,0.15646132006571867,6.673273653081867e-07,0.08854246835614146,0.7549955442507746,25,20,20
46,8512,0.15646132006576413,6.673276091405828e-07,0.08867234194216617,0.7548656706644608,25,20,20
46,8513,0.15646132006576416,6.673276092898228e-07,0.0886723772524733,0.7548656353541533,25,20,20
46,8514,0.1565247174662127,6.773023746977038e-07,0.08860894546773285,0.7548656597636796,25,20,20
46,8515,0.1565247174662127,6.773021300889152e-07,0.08860670100479652,0.7548679042268605,25,20,20
46,8516,0.1565247174661671,6.77302129939637e-07,0.08860454916260421,0.7548700560690985,25,20,20
46,8517,0.18388283352333126,8.392672782526311e-07,0.06124625974347766,0.7548700674659123,25,20,20
46,8518,0.18588387612575363,3.1185628868901257e-07,0.05921181413972586,0.7549039978782313,25,20,20
46,8519,0.1858838761257536,3.118562887616861e-07,0.05921178226986204,0.754904029748095,25,20,20
46,8520,0.18588387612570817,3.1185604493061004e-07,0.05908182821447929,0.7550339838037671,25,20,20
46,8521,0.18588387611653534,3.1184372556867487e-07,0.054422379264210965,0.7596934327755275,25,20,20
46,8522,0.18633276095534013,3.0168951562557034e-07,0.0539735294242188,0.759693407930925,25,20,20
46,8523,0.18633276095534013,3.0168951133391084e-07,0.05397349596224291,0.7596934413929053,25,20,20
46,8524,0.18633276095534332,3.016895156987959e-07,0.053980022075307346,0.7596869152798336,25,20,20
46,8525,0.18633276095534326,3.0168951998992666e-07,0.053984609741168824,0.7596823276139676,25,20,20
46,8526,0.18633276095534257,3.016895199159554e-07,0.053984640535815996,0.7596822968193213,25,20,20
46,8527,0.20245753057304616,3.016958178517683e-07,0.03785986924714479,0.7596822984839912,25,20,20
46,8528,0.20245753057309127,3.0169582210341663e-07,0.03823299026571481,0.7593091774653719,25,20,20
46,8529,0.20245753057309446,3.0169582225265663e-07,0.03823310558316494,0.7593090621479184,25,20,20
46,8530,0.20245753057309446,3.0169582225265616e-07,0.038233138414481706,0.7593090293166016,25,20,20
46,8531,0.2024575305730951,3.016958223797128e-07,0.04448256771380587,0.7530596000172766,25,20,20
46,8532,0.17550520989275642,1.4040811325456507e-07,0.07143506238929585,0.753059587309834,25,20,20
46,8533,0.17550520989271134,1.4040810900425962e-07,0.07106197179515544,0.7534326779040239,25,20,20
46,8534,0.1755052098927122,1.4040810908214287e-07,0.07106427869805772,0.7534303710011205,25,20,20
46,8535,0.17550520989271134,1.404081090055572e-07,0.07106667360667931,0.7534279760925,25,20,20
46,8536,0.17550520989271134,1.4040810900426028e-07,0.07106667419100515,0.753427975508174,25,20,20
46,8537,0.17550520989270815,1.4040810471334582e-07,0.07106018286128286,0.7534344668379037,25,20,20
46,8538,0.18767527355906705,1.145525133773941e-08,0.05891874824358359,0.7534059667420976,25,20,20
46,8539,0.18767527355906705,1.1455251411688325e-08,0.05891416228416452,0.7534105527015166,25,20,20
46,8540,0.18767527355906705,1.145525141428326e-08,0.058916437841637734,0.7534082771440435,25,20,20
46,8541,0.18767527355906705,1.1455247123152987e-08,0.05891176273095529,0.7534129522547302,25,20,20
46,8542,0.15128759271433423,1.1092213689823329e-08,0.09530487530133783,0.753407520892115,25,20,20
46,8543,0.190682383461061,1.0414829741348148e-08,0.055910086302149296,0.7534075198219595,25,20,20
46,8544,0.190682383461061,1.0414829740050007e-08,0.05591005869706128,0.7534075474270476,25,20,20
46,8545,0.1906823834713738,1.0414834003076686e-08,0.05617714582782095,0.753140460285971,25,20,20
46,8546,0.1906823834713739,1.0414834000458436e-08,0.05618186301731905,0.7531357430964728,25,20,20
46,8547,0.1906823834713739,1.0414834000436067e-08,0.05618186159547295,0.753135744518319,25,20,20
46,8548,0.1906823834713699,9.626603353618516e-09,0.055852067751165475,0.753465539150861,25,20,20
46,8549,0.1906823834713699,9.626603428932172e-09,0.05585215219235251,0.7534654547096739,25,20,20
46,8550,0.19068238347136993,9.626603428932233e-09,0.05585211937372169,0.7534654875283046,25,20,20
46,8551,0.19068238347137,9.626603504201434e-09,0.05584744799952251,0.7534701589025039,25,20,20
46,8552,0.19068238347137,9.626603431550416e-09,0.05584733614318295,0.7534702707588435,25,20,20
46,8553,0.1906823834713732,9.62660358211051e-09,0.05584745345809122,0.753470153443932,25,20,20
46,8554,0.1906823834610604,9.626599317786098e-09,0.055580251857767264,0.753737355054573,25,20,20
46,8555,0.1906823834610604,9.626599393054554e-09,0.05558034407410647,0.7537372628382337,25,20,20
46,8556,0.1906823834610604,9.626599468321359e-09,0.055586832985299796,0.7537307739270404,25,20,20
46,8557,0.19068238346105965,9.626599393038758e-09,0.05558683294466369,0.7537307739676773,25,20,20
46,8558,0.19068238346105965,9.626599319067415e-09,0.05559145171243498,0.7537261551999062,25,20,20
46,8559,0.19068238346105965,9.626599320388325e-09,0.0555914801623092,0.7537261267500319,25,20,20
46,8560,0.19068238346106045,9.626842315502025e-09,0.055857716804065524,0.7534598901080318,25,20,20
46,8561,0.1906823834610604,9.626838024393558e-09,0.055853127111605075,0.7534644798004966,25,20,20
46,8562,0.1906810700301158,1.0454386581066684e-08,0.055854439713807415,0.7534644798016901,25,20,20
46,8563,0.1906810700301158,1.045438658368494e-08,0.05584972459963699,0.7534691949158606,25,20,20
46,8564,0.19068107003011575,1.0454386508381487e-08,0.05585621304220189,0.7534627064732957,25,20,20
46,8565,0.19068107003275642,1.045439087587504e-08,0.05585673406470387,0.7534621854481487,25,20,20
46,8566,0.190681070032754,1.045439516699678e-08,0.0558613546877777,0.753457564825073,25,20,20
46,8567,0.1906810700327508,1.0454395016436683e-08,0.05586123795855926,0.7534576815542948,25,20,20
46,8568,0.19068107003275073,1.0454390726119814e-08,0.05586764548758423,0.7534512740252742,25,20,20
46,8569,0.18921726588244497,9.03582037288935e-10,0.057331504716743587,0.7534512284972295,25,20,20
46,8570,0.16004364699695312,1.8974690879405107e-08,0.0865051035754084,0.7534512304529474,25,20,20
46,8571,0.1598973341874278,1.9068380139630514e-08,0.08665139169345064,0.7534512550507415,25,20,20
46,8572,0.15989733418742774,1.9068380063087488e-08,0.08665127631560507,0.7534513704285871,25,20,20
46,8573,0.187868421700519,9.323897948285903e-10,0.05868020921357795,0.753451368153513,25,20,20
46,8574,0.18786842170051832,9.323897443749206e-10,0.052435317975446115,0.7596962593916455,25,20,20
46,8575,0.18786842170051832,9.323897430777275e-10,0.05243304052696384,0.7596985368401278,25,20,20
46,8576,0.18786842170051915,9.323940347144916e-10,0.05243323710608103,0.7596983402610055,25,20,20
46,8577,0.18786842170051923,9.323983258221564e-10,0.05243794073455672,0.7596936366325253,25,20,20
46,8578,0.18786842170051923,9.323984010913107e-10,0.05243141905021613,0.759700158316866,25,20,20
46,8579,0.18786842170051604,9.323983258228421e-10,0.05243141760633112,0.7597001597607543,25,20,20
46,8580,0.18786842170051604,9.323983271205754e-10,0.052431498095993734,0.7597000792710916,25,20,20
46,8581,0.187868421700516,9.323982531493902e-10,0.052431417025030694,0.7597001603420547,25,20,20
46,8582,0.15094601584919806,0.0002380571411641622,0.08909585621706961,0.759720070792568,25,20,20
46,8583,0.15094601584919887,0.00023805714116431146,0.08909593930176105,0.7597199877078755,25,20,20
46,8584,0.15094601584920206,0.00023805714116431406,0.08910246173422344,0.7597134652754101,25,20,20
46,8585,0.15094601584920211,0.00023805714116438673,0.08910254080726865,0.7597133862023648,25,20,20
46,8586,0.1509473557997885,0.00023805723333788245,0.08910117656417345,0.7597134104027008,25,20,20
46,8587,0.15096067384189804,0.0002380572318020177,0.08908788269653688,0.7597133862297636,25,20,20
46,8588,0.15096067384189807,0.00023805723180630884,0.0890925583995324,0.7597087105267636,25,20,20
46,8589,0.15096067384189807,0.00023805723180623487,0.08909259169959215,0.7597086772267037,25,20,20
46,8590,0.1510924249329186,0.00023805713970927503,0.08896084069241644,0.7597086772349557,25,20,20
46,8591,0.15109242493292172,0.00023805715351814848,0.08933031787473611,0.759339200038824,25,20,20
46,8592,0.15109242494066005,0.00023805716745308502,0.08933551362220862,0.7593340042696783,25,20,20
46,8593,0.15109242494066005,0.00023805716745300978,0.08933559432672729,0.7593339235651597,25,20,20
46,8594,0.15109242494065683,0.00023805716745300718,0.0893290390770927,0.7593404788147976,25,20,20
46,8595,0.1510924249408425,0.0002380571679411281,0.08942122092954637,0.7592482969616701,25,20,20
46,8596,0.15109242494084246,0.00023805716793683695,0.08941663121155403,0.7592528866796667,25,20,20
46,8597,0.15109242493046357,0.00023805715399745765,0.0894044734211983,0.7592650444943407,25,20,20
46,8598,0.1512178597595366,0.00023805706336336538,0.08927906288294485,0.7592650202941553,25,20,20
46,8599,0.15121785975953644,0.00023805706336275706,0.09552845119875956,0.7530156319783413,25,20,20
46,8600,0.1512178597595365,0.00023805706336290627,0.09553061690846303,0.7530134662686376,25,20,20
46,8601,0.1512178597597186,0.0002380570633629063,0.09552996137121662,0.7530141218057019,25,20,20
46,8602,0.1686869635641035,0.00023807581628873558,0.07806079252257411,0.7530141680970333,25,20,20
46,8603,0.16868696356410273,0.0002380758162886616,0.07806298627086057,0.7530119743487477,25,20,20
46,8604,0.16868696356414745,0.00023807581604995764,0.07780138179107307,0.7532735788287289,25,20,20
46,8605,0.16856025713075706,0.00023807581763842225,0.07792806404698348,0.7532736030046204,25,20,20
46,8606,0.1685602571305777,0.000238075817154594,0.07783897097156058,0.7533626960807065,25,20,20
46,8607,0.16856025713057857,0.00023807581739864977,0.07793165031307096,0.7532700167389512,25,20,20
46,8608,0.16856025713058184,0.00023807581739864977,0.07793826533825492,0.753263401713764,25,20,20
46,8609,0.16856025713058262,0.00023807581740301512,0.0779358900369778,0.7532657770150359,25,20,20
46,8610,0.1685602571305858,0.00023807581740301512,0.07793127269836621,0.7532703943536445,25,20,20
46,8611,0.16856025713058578,0.0002380758174030151,0.07793110891493858,0.7532705581370723,25,20,20
46,8612,0.1685602571305858,0.00023807581740294115,0.07792462002860749,0.7532770470234036,25,20,20
46,8613,0.1685602571305832,0.00023807580374896756,0.0915203134601742,0.7396813536054941,25,20,20
46,8614,0.16856025713058326,0.00023807580374889359,0.09152031290848886,0.7396813541571795,25,20,20
46,8615,0.16856025713058326,0.00023807580374889621,0.09152691769438605,0.7396747493712823,25,20,20
46,8616,0.16856025713058004,0.0002380758037488988,0.09152030517195353,0.739681361893718,25,20,20
46,8617,0.1697765451408088,0.00023807580364808127,0.09030401716234149,0.7396813618932021,25,20,20
46,8618,0.1697765451406267,0.00023807580365229708,0.09030709509475499,0.7396782839609664,25,20,20
46,8619,0.15418803942522577,0.00023808830101843464,0.1005626930447355,0.7450111792290207,25,20,20
46,8620,0.15418803942525977,0.00023808897162519508,0.1068075650745123,0.7387663065286031,25,20,20
46,8621,0.15418803942525655,0.00023808897162097897,0.10680659228324822,0.7387672793198747,25,20,20
46,8622,0.15418803942525935,0.00023808897184090212,0.11146537741595285,0.7341084941869473,25,20,20
46,8623,0.15418803942517983,0.0002380883012298506,0.10521587847234733,0.7403579938012436,25,20,20
46,8624,0.15418803942517983,0.00023808830122977402,0.10521601180835181,0.7403578604652391,25,20,20
46,8625,0.1621260614225747,0.00023808630618203327,0.10260803269874778,0.735027819572496,25,20,20
46,8626,0.1621260614225747,0.00023808630617766686,0.10260333015899972,0.7350325221122483,25,20,20
46,8627,0.15955667827298883,2.7366072086840507e-07,0.10536424559673811,0.7350788024695525,25,20,20
46,8628,0.15955667841940238,2.744472733642809e-07,0.09952880755474251,0.7409142395785823,25,20,20
46,8629,0.1595566784195805,2.7444705351458043e-07,0.09513670084649303,0.7453063462868735,25,20,20
46,8630,0.1595566784195805,2.7444705358857427e-07,0.0951367347152795,0.7453063124180868,25,20,20
46,8631,0.15955667841958043,2.7444705351330544e-07,0.09513673326309162,0.7453063138702747,25,20,20
46,8632,0.1595566784195773,2.7444705343803645e-07,0.09513673125964056,0.7453063158737288,25,20,20
46,8633,0.15955667841957727,2.7444705336274443e-07,0.09513661071606572,0.7453064364173038,25,20,20
46,8634,0.1595566784195765,2.744470532879678e-07,0.09513210378265854,0.7453109433507119,25,20,20
46,8635,0.15955667827320777,2.7366049710877606e-07,0.09472469085453632,0.745718357211759,25,20,20
46,8636,0.15955667827321096,2.7366050139885944e-07,0.09472477885313837,0.7457182692131495,25,20,20
46,8637,0.1595566782732109,2.736605014754261e-07,0.09472473000376827,0.7457183180625195,25,20,20
46,8638,0.15955663290722027,3.452156075287423e-08,0.09479120699853397,0.7456521255726849,25,20,20
46,8639,0.1595566329071748,3.452156504268477e-08,0.09478917651008935,0.7456541560611707,25,20,20
46,8640,0.15955663290717756,3.4521781238909503e-08,0.09944823394627006,0.7409950986247711,25,20,20
46,8641,0.11991276611489717,3.4526120697627525e-08,0.1390920551666248,0.7409951441923579,25,20,20
46,8642,0.15331325184900288,3.4596514285182195e-08,0.10569161492464767,0.7409950986298349,25,20,20
46,8643,0.1533132518490029,3.4596514359152894e-08,0.1056916476419468,0.7409950659125353,25,20,20
46,8644,0.1532959968743593,2.7818494636388214e-07,0.10570863758755682,0.7409950873531369,25,20,20
46,8645,0.1532959968743561,2.78184946288595e-07,0.10570643889371127,0.7409972860469858,25,20,20
46,8646,0.1532959968743561,2.7818494636386393e-07,0.10570655418014933,0.7409971707605476,25,20,20
46,8647,0.15329599687421844,2.788898930447765e-07,0.10996118871518354,0.7367425355207043,25,20,20
46,8648,0.13425523538756118,2.700100913978393e-07,0.12900459228557043,0.7367399023167772,25,20,20
46,8649,0.13425523538756434,2.700100999507201e-07,0.1291339673269286,0.7366105272754072,25,20,20
46,8650,0.09435562593892423,2.7051977006334433e-07,0.1690334402252998,0.7366106633160059,25,20,20
46,8651,0.09435562512889643,2.6616683368968377e-07,0.169033424264086,0.7366106844401844,25,20,20
46,8652,0.09435683568374524,2.645404029858117e-07,0.16903243255820327,0.736610467217649,25,20,20
46,8653,0.09435683568374205,2.6454039443163355e-07,0.16890290404812391,0.73673999572774,25,20,20
46,8654,0.09435683568392418,2.6454063895261486e-07,0.16890762462977782,0.7367352751456595,25,20,20
46,8655,0.09435683568392736,2.6454063895391177e-07,0.16890778736367462,0.7367351124117595,25,20,20
46,8656,0.09435683568374607,2.6454039443293793e-07,0.16891185075201354,0.7367310490238463,25,20,20
46,8657,0.07509582720933189,6.084499126207511e-06,0.18813815980235313,0.7367599284891889,25,20,20
46,8658,0.07509582720951398,6.0845130655115285e-06,0.18815036690670695,0.7367477213707138,25,20,20
46,8659,0.05664191675850882,6.068617473458866e-06,0.2065482605674547,0.7368037540565617,25,20,20
46,8660,0.05664191675868775,6.0686177136871716e-06,0.20655072923512235,0.736801285388475,25,20,20
46,8661,0.056641935902106005,6.068999298269398e-06,0.20655073079599312,0.7368012643026016,25,20,20
46,8662,0.05664193590210353,6.068999504733258e-06,0.21280040133226027,0.7305515937661302,25,20,20
46,8663,0.05664193590210353,6.068999500516919e-06,0.21306203038617547,0.7302899647122193,25,20,20
46,8664,0.05664193590210356,6.068999500592163e-06,0.2130685193486989,0.7302834757496959,25,20,20
46,8665,0.05664193590210367,6.06899950051562e-06,0.2130732026988275,0.7302787923995673,25,20,20
46,8666,0.0566419359022845,6.068999542156644e-06,0.20695332435267072,0.7363986707455018,25,20,20
46,8667,0.07997898510081461,6.06875224398195e-06,0.18361621782197982,0.736398728324961,25,20,20
46,8668,0.07997898510077213,6.068047297228867e-06,0.17909486433157518,0.7409200825203548,25,20,20
46,8669,0.07936573913326388,6.064363105138509e-06,0.17972982046840802,0.7408983760352225,25,20,20
46,8670,0.06644283401286401,1.5164953912636772e-09,0.1926876855863283,0.7408694788843116,25,20,20
46,8671,0.06644283401286401,1.5164953912860477e-09,0.1926876065084341,0.7408695579622059,25,20,20
46,8672,0.06644283401268188,1.5162507976311076e-09,0.19268277299891132,0.7408743914721555,25,20,20
46,8673,0.06644283401268186,1.5162507976315382e-09,0.19267624996865,0.7408809145024169,25,20,20
46,8674,0.0664428340126851,1.516250648461907e-09,0.1926697548040833,0.7408874096669805,25,20,20
46,8675,0.06644283401268185,1.5162506470954661e-09,0.19266972761091264,0.7408874368601545,25,20,20
46,8676,0.06644283401268503,1.5162507197598166e-09,0.19267431418840794,0.740882850282656,25,20,20
46,8677,0.04257486508951056,1.1958818852372306e-07,0.21654218930513075,0.7408828260171703,25,20,20
46,8678,0.04257486508968987,1.1958797240276724e-07,0.21188316101983912,0.7455418543024984,25,20,20
46,8679,0.041023003095822276,1.1881109537690027e-07,0.21343502755823415,0.7455418505348477,25,20,20
46,8680,0.04102302108238609,1.1882623572617852e-07,0.21343500941220456,0.7455418506791731,25,20,20
46,8681,0.04102302108238524,1.1882599159383613e-07,0.2133423634282616,0.7456344966633615,25,20,20
46,8682,0.04102302108238524,1.1882599159513386e-07,0.21334236145111327,0.7456344986405098,25,20,20
46,8683,0.041023021082385244,1.1882599167041287e-07,0.21334896621565724,0.7456278938759656,25,20,20
46,8684,0.04102302108233753,1.1883624041523398e-07,0.2239571087477462,0.7350197513336755,25,20,20
46,8685,0.04102302108492277,1.1883624476481787e-07,0.22411613537547445,0.7348607247033577,25,20,20
46,8686,0.041023021084922735,1.1883648930214938e-07,0.22411775711843623,0.7348591029601514,25,20,20
46,8687,0.04102302108492224,1.1883633018643338e-07,0.21015232608029283,0.7488245339984545,25,20,20
46,8688,0.025021286414234553,5.054945295046442e-07,0.2261536533306148,0.7488245547606212,25,20,20
46,8689,0.0026641946474069266,5.052829740992582e-07,0.24851080292613048,0.7488244971434878,25,20,20
46,8690,0.0026641946474061278,5.052829740966177e-07,0.24851075956754407,0.7488245405020748,25,20,20
46,8691,0.0026641946474060723,5.052829740218737e-07,0.24824442707729083,0.7490908729923283,25,20,20
46,8692,0.002664194647409267,5.052829783135103e-07,0.2482445432715259,0.7490907567980858,25,20,20
46,8693,0.0026641946472277162,5.052827302825935e-07,0.24811686540012937,0.7492184346699119,25,20,20
46,8694,0.002664194574701593,7.1536778305113505e-06,0.2481102381833133,0.749218413564154,25,20,20
46,8695,0.0026641945850566164,7.1536778305014885e-06,0.24820235180776162,0.7491262999293505,25,20,20
46,8696,0.0026641945850566172,7.153677830427526e-06,0.24820238564956995,0.7491262660875424,25,20,20
46,8697,0.0026641813008856726,7.15369183810337e-06,0.24820240279811748,0.7491262622091586,25,20,20
46,8698,0.002664181300882477,7.153691838102073e-06,0.2481977040033289,0.7491309610039503,25,20,20
46,8699,0.0026641813008824633,7.153691833810459e-06,0.24819750733427579,0.7491311576730075,25,20,20
46,8700,0.002664181300912073,7.153691833859373e-06,0.26218659163949437,0.7351420733677594,25,20,20
46,8701,0.00266418130091213,7.153691833785415e-06,0.2621816098403894,0.7351470551668643,25,20,20
46,8702,0.0026933616916301317,7.1545377643369625e-06,0.2617724060500919,0.7355270777205131,25,20,20
46,8703,0.002693361691629319,7.154537759972884e-06,0.26177668426449086,0.7355227995061193,25,20,20
46,8704,0.00267444990688897,8.105920258997055e-06,0.26217466591882665,0.7351427782540249,25,20,20
46,8705,0.002674449906888941,8.105920258921749e-06,0.2621702222053887,0.7351472219674631,25,20,20
46,8706,0.00267444990670691,8.10590632390759e-06,0.262162604814014,0.7351548393729549,25,20,20
46,8707,0.0026744499067069094,8.105906323908912e-06,0.2621625243549312,0.7351549198320377,25,20,20
46,8708,0.001712091483890805,8.105905863520401e-06,0.2631248827361911,0.7351549198740532,25,20,20
46,8709,0.0017120914838940002,8.10590586781204e-06,0.2631249655362104,0.7351548370740268,25,20,20
46,8710,0.0017120914838939718,8.105905863522183e-06,0.2631226624904382,0.7351571401198034,25,20,20
46,8711,0.0017120914838971585,8.105905863520718e-06,0.263212680458037,0.7350671221522016,25,20,20
46,8712,0.00011322334900925663,8.105891351185844e-06,0.2648115486056966,0.7350671221539424,25,20,20
46,8713,0.00011322334900922961,8.10589135118457e-06,0.2648091480128322,0.735069522746807,25,20,20
46,8714,0.00011322334900922963,8.105891351185891e-06,0.2648091513732806,0.7350695193863588,25,20,20
46,8715,0.00014489886395234157,8.118988553577358e-06,0.2648082768838799,0.7350387052636141,25,20,20
46,8716,0.00014489886392352256,8.118988553603011e-06,0.2511923118411568,0.7486546703063659,25,20,20
46,8717,0.00014489927370442627,8.118390837737656e-06,0.2511923015332224,0.7486546808022346,25,20,20
46,8718,0.00014489927370442627,8.11839083773636e-06,0.25119225975077103,0.7486547225846861,25,20,20
46,8719,0.00014489927370437024,8.11839083781031e-06,0.2511907198390055,0.7486562624964516,25,20,20
46,8720,0.00014489927370444006,8.118391082403989e-06,0.2511955533274747,0.748651429007738,25,20,20
46,8721,0.00014489927111920313,8.118391078054405e-06,0.2510365531521663,0.7488104291856356,25,20,20
46,8722,0.00014489927111921644,8.118391077979161e-06,0.25103658655402655,0.7488103957837755,25,20,20
46,8723,0.00014490638049803275,8.118402595839706e-06,0.25730954838275183,0.7425374268341536,25,20,20
46,8724,0.00014490638054326412,8.118416446283476e-06,0.25757699783301347,0.7422699773699962,25,20,20
46,8725,0.0001449063805432791,8.118416450573129e-06,0.2575836023535896,0.7422633728494155,25,20,20
46,8726,0.00014490638054406307,8.118416205960529e-06,0.2575907636275801,0.7422562115756689,25,20,20
46,8727,0.00014490638041042667,8.1184059572144e-06,0.24698911503269808,0.7528578601809334,25,20,20
46,8728,0.0009181211604165239,1.0673569782036622e-05,0.2462072530046031,0.7528639522651973,25,20,20
46,8729,0.0009005086815938529,1.067407085812496e-05,0.24622486259494167,0.7528639546526056,25,20,20
46,8730,0.000900508681596936,1.0674070862417156e-05,0.24622670372564048,0.7528621135218995,25,20,20
46,8731,0.000900508681596922,1.0674070858127552e-05,0.2462200992417061,0.7528687180058382,25,20,20
46,8732,0.0009005086815517465,1.0674057007760371e-05,0.24595276567850996,0.75313605158293,25,20,20
46,8733,0.0009005086815517606,1.0674057007910882e-05,0.24595438873942324,0.7531344285220166,25,20,20
46,8734,0.0009005086815517746,1.0674057007909608e-05,0.24594782397615272,0.7531409932852872,25,20,20
46,8735,0.0009005086815517889,1.0674057007910907e-05,0.24594785169448075,0.753140965566959,25,20,20
46,8736,0.0009005086815541855,1.0674057012128569e-05,0.24594136857335416,0.753147448688079,25,20,20
46,8737,0.0009005086815509914,1.0674057012126577e-05,0.2459478525972256,0.7531409646642108,25,20,20
46,8738,0.040355348392160525,9.721825801038624e-06,0.20649396650428092,0.7531409632777575,25,20,20
46,8739,0.040355348392163724,9.721825801189163e-06,0.20649408324359697,0.753140846538438,25,20,20
46,8740,0.040355348392162906,9.721825801116483e-06,0.20648526541511347,0.7531496643669225,25,20,20
46,8741,0.04032369222036539,9.708728048971026e-06,0.20652049305449893,0.7531461059970863,25,20,20
46,8742,0.040323692220368586,9.708728053262488e-06,0.20652207808504236,0.7531445209665353,25,20,20
46,8743,0.040323692220367836,9.708728053263784e-06,0.20651320962989955,0.7531533894216786,25,20,20
46,8744,0.040323692220367836,9.708728048974131e-06,0.20650671760667286,0.7531598814449098,25,20,20
46,8745,0.04032369222036465,9.708728048974306e-06,0.20641450455554317,0.7532520944960426,25,20,20
46,8746,0.04032369222036464,9.708728049048245e-06,0.20641916641694466,0.753247432634641,25,20,20
46,8747,0.04032369222293594,9.708728291389253e-06,0.20678795976719794,0.7528786392815741,25,20,20
46,8748,0.04032369222293914,9.708728535984208e-06,0.206792793276689,0.7528738057718354,25,20,20
46,8749,0.04032369222293914,9.708728535984208e-06,0.206792793276689,0.7528738057718354,25,20,20
46,8750,0.04032369222296869,9.708728535956571e-06,0.22078179445045684,0.7388848045980382,25,20,20
46,8751,0.04032369222301073,9.708728778922483e-06,0.2210465222971422,0.7386200767510678,25,20,20
46,8752,0.04032369222300994,9.708728778847893e-06,0.22067348090913785,0.7389931181390729,25,20,20
46,8753,0.04030836559270438,9.708219419942066e-06,0.22068894400546402,0.7389929821824107,25,20,20
46,8754,0.040308365592704315,9.708219420014716e-06,0.22068902941879232,0.7389928967690824,25,20,20
46,8755,0.0403083655901362,9.708219181891359e-06,0.22031573150524772,0.7393661946854333,25,20,20
46,8756,0.04030838706956516,9.708207437622114e-06,0.2201391395834989,0.7395427651394975,25,20,20
46,8757,0.04030838706956276,9.708207433331157e-06,0.2205065009349747,0.7391754037880283,25,20,20
46,8758,0.0403083870695332,9.708207437573687e-06,0.2065190073327537,0.7531628973902745,25,20,20
46,8759,0.04030838706953,9.708207192977437e-06,0.2065141718359067,0.7531677328873693,25,20,20
46,8760,0.04030838706953,9.708207188761091e-06,0.2065140590717204,0.7531678456515597,25,20,20
46,8761,0.040308387069530056,9.708207192948905e-06,0.20678027647590047,0.7529016282473754,25,20,20
46,8762,0.040308387069575576,9.70820719723851e-06,0.20678685551929465,0.7528950492039312,25,20,20
46,8763,0.07998293567249924,9.708213496120321e-06,0.16711230519173756,0.7528950509222664,25,20,20
46,8764,0.07998293567249927,9.708213496195341e-06,0.16724179885334045,0.7527655572606633,25,20,20
46,8765,0.07998293567249927,9.708213496195363e-06,0.1672416824167262,0.7527656736972775,25,20,20
46,8766,0.0799136389146391,1.0574883971097612e-05,0.1538851045670242,0.7661906816343651,25,20,20
46,8767,0.07991363891463836,1.0574883971171617e-05,0.1535111868633095,0.7665645993380805,25,20,20
46,8768,0.07991363891463518,1.0574883975387964e-05,0.15351129961428256,0.7665644865871064,25,20,20
46,8769,0.07991363891463592,1.0574883975387952e-05,0.15351782359408264,0.7665579626073056,25,20,20
46,8770,0.07991363891463592,1.0574883975463231e-05,0.15351130164405505,0.7665644845573332,25,20,20
46,8771,0.0799136389146359,1.0574883975312678e-05,0.15350967865960785,0.7665661075417805,25,20,20
46,8772,0.07991363891463595,1.0574883971022407e-05,0.15350956392921553,0.7665662222721771,25,20,20
46,8773,0.06387621694896589,1.1220512589177351e-05,0.16954331516206064,0.7665692473763837,25,20,20
46,8774,0.0638762169489659,1.1220512589178673e-05,0.16954980770476383,0.7665627548336806,25,20,20
46,8775,0.06387621694896585,1.1220512584916887e-05,0.16928347641149288,0.7668290861269559,25,20,20
46,8776,0.06387621694892061,1.1220512337734774e-05,0.16902182539415211,0.767090737144589,25,20,20
46,8777,0.06387802921150518,1.0353865179879562e-05,0.14941059213332403,0.7867010247899906,25,20,20
46,8778,0.06387802921150525,1.0353865179879585e-05,0.14941067266216163,0.786700944261153,25,20,20
46,8779,0.0638780292115053,1.0353865179956151e-05,0.14941078853934514,0.7867008283839694,25,20,20
46,8780,0.06387802921150525,1.0353865179956105e-05,0.14941073504865224,0.7867008818746623,25,20,20
46,8781,0.06387802921150525,1.0353865179879525e-05,0.14940603321558002,0.7867055837077345,25,20,20
46,8782,0.06878848473620015,9.71183300952228e-06,0.14449826506587723,0.7867035383649127,25,20,20
46,8783,0.06878848473620015,9.711833009522271e-06,0.14450288384490104,0.7866989195858891,25,20,20
46,8784,0.06878848473620017,9.711833013813175e-06,0.14450949032827345,0.7866923131025123,25,20,20
46,8785,0.06878649983465944,9.711809379850501e-06,0.1375515716374083,0.7936522167185522,25,20,20
46,8786,0.06878649984503991,9.711809384066514e-06,0.1375549387797761,0.7936488495657997,25,20,20
46,8787,0.0687864998450431,9.71180962865003e-06,0.13755694199768423,0.7936468463476438,25,20,20
46,8788,0.06878649984504313,9.711809628648755e-06,0.13755702943430798,0.7936467589110201,25,20,20
46,8789,0.06878649984504306,9.711809628724024e-06,0.13755702999833302,0.7936467583469949,25,20,20
46,8790,0.0687864998450431,9.711809632973876e-06,0.13780061178307443,0.7934031765622493,25,20,20
46,8791,0.06878649983468489,9.711809628692125e-06,0.13770830336130288,0.7934954849943833,25,20,20
46,8792,0.06878649983468495,9.711809628694744e-06,0.13770830678151608,0.79349548157417,25,20,20
46,8793,0.06878649983468574,9.711809628618199e-06,0.13771062481765675,0.7934931635380287,25,20,20
46,8794,0.06878649942514413,2.8080544681852883e-06,0.13771753911322424,0.793493153407163,25,20,20
46,8795,0.06878649942518647,2.8080542278187377e-06,0.13771744283391768,0.7934932496866677,25,20,20
46,8796,0.06878649942518648,2.808054472411094e-06,0.13772219724427995,0.7934884952760609,25,20,20
46,8797,0.06878647083637864,2.8080544542247954e-06,0.13162099184110493,0.7995897292680618,25,20,20
46,8798,0.06878647083637865,2.8080544543000627e-06,0.13162110703750451,0.7995896140716623,25,20,20
46,8799,0.06878647083637551,2.808054450008449e-06,0.1316209915134395,0.7995897295957347,25,20,20
46,8800,0.05644700350425782,2.8358705316044187e-06,0.1439604326868781,0.7995897279383322,25,20,20
46,8801,0.05243364888291274,2.8319749534593344e-06,0.14797051330779354,0.7995930058343399,25,20,20
46,8802,0.06397196401960174,2.8283661700080267e-06,0.1364331816007375,0.7995920260134903,25,20,20
46,8803,0.06397196401964728,2.828366414578115e-06,0.13644208582627113,0.7995831217876667,25,20,20
46,8804,0.06397196401964722,2.8283664102879516e-06,0.1364404643651133,0.7995847432488287,25,20,20
46,8805,0.06397196401964726,2.828366414577739e-06,0.13644505203062032,0.7995801555833174,25,20,20
46,8806,0.06397196401964726,2.8283666590973992e-06,0.13644977162914992,0.7995754359845432,25,20,20
46,8807,0.06397196402999115,2.8283668985133603e-06,0.1365936437200472,0.7994315638830627,25,20,20
46,8808,0.06397196402999117,2.828366898515978e-06,0.136593643753416,0.7994315638496938,25,20,20
46,8809,0.06397196402994564,2.828366894225074e-06,0.13658703699842575,0.7994381706047338,25,20,20
46,8810,0.06397196402994562,2.828366649631397e-06,0.13658228257776767,0.7994429250256365,25,20,20
46,8811,0.06397196402994881,2.8283666496326946e-06,0.13658244392417568,0.7994427636792254,25,20,20
46,8812,0.06397196402994956,2.8283666453091187e-06,0.13621173431464934,0.7998134732887553,25,20,20
46,8813,0.06397196402994951,2.828366645307821e-06,0.1362117014812185,0.7998135061221862,25,20,20
46,8814,0.06397196402994874,2.828366645305249e-06,0.13621604180809851,0.799809165795307,25,20,20
46,8815,0.0639719640402453,2.8291548759518137e-06,0.1365458356570852,0.7994793711477931,25,20,20
46,8816,0.0639719640428372,2.8291551204610373e-06,0.13655248185730132,0.7994727249447405,25,20,20
46,8817,0.06397196404283641,2.8291551205362737e-06,0.13655478258806056,0.7994704242139821,25,20,20
46,8818,0.06397196404283959,2.829155365131203e-06,0.1365528834706875,0.7994723233311073,25,20,20
46,8819,0.06397195883090266,2.828654286234841e-06,0.13655289161385886,0.7994723209009519,25,20,20
46,8820,0.06397195882052138,2.8286542818695646e-06,0.13654944135218505,0.7994757711730114,25,20,20
46,8821,0.06397195882052452,2.828654286233853e-06,0.13654963567779724,0.7994755768473916,25,20,20
46,8822,0.06397195882311948,2.8286682270330764e-06,0.136557802177095,0.799467410331558,25,20,20
46,8823,0.06397195882311948,2.8286682269591143e-06,0.13655310234167461,0.7994721101669786,25,20,20
46,8824,0.0639719588127385,2.8286682268851505e-06,0.13655300493716707,0.7994722075818665,25,20,20
46,8825,0.06397195881269296,2.828668222594201e-06,0.13654647724103927,0.7994787352780441,25,20,20
46,8826,0.06397195881273529,2.828668226883831e-06,0.1365529221938473,0.7994722903251896,25,20,20
46,8827,0.06397195881273211,2.8286682225182222e-06,0.13655272642113403,0.7994724860979104,25,20,20
46,8828,0.06397195881268658,2.828668218227273e-06,0.13654611962276994,0.7994790928963244,25,20,20
46,8829,0.0640735533232003,2.8296598105175167e-06,0.13643691086008836,0.7994867061568997,25,20,20
46,8830,0.06407355373072707,2.6996102424541516e-06,0.13643704069591883,0.7994867059631103,25,20,20
46,8831,0.06407355373072707,2.6996102467429475e-06,0.13643461844133026,0.7994891282176944,25,20,20
46,8832,0.08072882161817226,2.675689786771968e-06,0.11978265240053865,0.7994858502915012,25,20,20
46,8833,0.10795271995468542,1.2052594941672465e-07,0.09256740134252164,0.7994797581768435,25,20,20
46,8834,0.1079527205874198,0.014685843826522636,0.07788167746407935,0.7994797581219776,25,20,20
46,8835,0.10795272058741663,0.014685843826278116,0.07788154430424293,0.7994798912820618,25,20,20
46,8836,0.10795272058741663,0.014685843826278116,0.07788162341677513,0.7994798121695296,25,20,20
46,8837,0.10795272057707357,0.014685843826034484,0.07773121433408353,0.7996302212628078,25,20,20
46,8838,0.10795272057702893,0.014685843825794208,0.07772459123577659,0.7996368443613996,25,20,20
46,8839,0.1079667056704102,0.014685843819422333,0.07771060617966062,0.7996368443305062,25,20,20
46,8840,0.1079667056704102,0.014685843819422334,0.07771068726530508,0.7996367632448619,25,20,20
46,8841,0.10796670567041027,0.014685843819666916,0.07771739029092935,0.7996300602189931,25,20,20
46,8842,0.10796670567041104,0.014685843819666916,0.07771739029164253,0.7996300602182791,25,20,20
46,8843,0.10796670567041099,0.014685843819422334,0.07771091582069217,0.7996365346894742,25,20,20
46,8844,0.10796670567041175,0.014685843819422405,0.0777044267080419,0.7996430238021236,25,20,20
46,8845,0.10796670567041175,0.01468584381942248,0.07771102947513155,0.7996364210350339,25,20,20
46,8846,0.10796670566781674,0.014685843805481753,0.07770286428416635,0.7996445862425346,25,20,20
46,8847,0.10796670565770235,0.014685843017251106,0.07737309967942968,0.7999743516456167,25,20,20
46,8848,0.10796670565770153,0.014685843017251031,0.07737309621468999,0.7999743551103572,25,20,20
46,8849,0.10796670565770153,0.014685843017251028,0.07737309424157773,0.7999743570834694,25,20,20
46,8850,0.1079668228953095,3.623024367636128e-05,0.09202258987730329,0.7999743569837103,25,20,20
46,8851,0.1079668228953095,3.623024367628729e-05,0.09202262129301664,0.799974325567997,25,20,20
46,8852,0.09597331868958615,3.6230245949097816e-05,0.10401612487982037,0.7999743261846439,25,20,20
46,8853,0.09773160786911878,2.7842894748091454e-09,0.10228019687503974,0.7999881924715515,25,20,20
46,8854,0.09773160786911964,2.784293841720324e-09,0.10228024230947852,0.7999881470371075,25,20,20
46,8855,0.09773160786911964,2.784289551626689e-09,0.10227796476836794,0.7999904245782226,25,20,20
46,8856,0.09773160786912044,2.7842896248838063e-09,0.10265100298805073,0.7996173863585387,25,20,20
46,8857,0.0977316078691205,2.7842896983760414e-09,0.10291733420626917,0.79935105514032,25,20,20
46,8858,0.0977316078691205,2.784289699718513e-09,0.10291710563256354,0.7993512837140259,25,20,20
46,8859,0.09773160786911969,2.784289699135338e-09,0.10254402629690035,0.79972436304969,25,20,20
46,8860,0.0977316078691197,2.784289699135194e-09,0.10254410289062439,0.7997242864559658,25,20,20
46,8861,0.10971169410498362,2.784288254856239e-09,0.0905640166965795,0.7997242864141483,25,20,20
46,8862,0.10971169410498288,2.784043658583942e-09,0.0905639794837963,0.7997243236271768,25,20,20
46,8863,0.1097116941048008,2.7840437325232637e-09,0.0905685716206764,0.7997197314904787,25,20,20
46,8864,0.10795328747355541,2.5404932324910223e-07,0.0923405929188513,0.7997058655582694,25,20,20
46,8865,0.10795328747355543,2.540493232491108e-07,0.09233626793020021,0.7997101905469205,25,20,20
46,8866,0.10795328747355537,2.540493189593009e-07,0.09233156487755588,0.7997148935995688,25,20,20
46,8867,0.11994141130414424,2.5404715226054005e-07,0.08034344166628574,0.7997148929824166,25,20,20
46,8868,0.11994141130414424,2.540471522592647e-07,0.08034332861856754,0.799715006030135,25,20,20
46,8869,0.11994141130414424,2.540471565508567e-07,0.08034352444075264,0.7997148102079455,25,20,20
46,8870,0.1199414113041442,2.540471564755961e-07,0.08033882211448827,0.7997195125342101,25,20,20
46,8871,0.08370220657704866,1.7580468403370406e-06,0.11657652272441393,0.7997195126516966,25,20,20
46,8872,0.08370220657704866,1.7580468403383613e-06,0.11657652473214349,0.7997195106439671,25,20,20
46,8873,0.08370220657704863,1.7580468445552077e-06,0.11631038878545413,0.7999856465906524,25,20,20
46,8874,0.08012398556484059,2.5489628256017015e-07,0.11951854978322551,0.800357209755651,25,20,20
46,8875,0.08012398556484059,2.54896282486203e-07,0.11951855015844723,0.8003572093804294,25,20,20
46,8876,0.08012398556484054,2.54896282486179e-07,0.11952503840428853,0.800350721134588,25,20,20
46,8877,0.11989681494055665,2.5390469016363346e-07,0.07975982328062052,0.8003431078741322,25,20,20
46,8878,0.11989681494055578,2.539046900883186e-07,0.07975975778496137,0.8003431733697923,25,20,20
46,8879,0.11989681494055578,2.5390469016228927e-07,0.07975983686793527,0.8003430942868183,25,20,20
46,8880,0.11989681494055579,2.5390469016228927e-07,0.07975995134223607,0.8003429798125175,25,20,20
46,8881,0.11865748398579448,2.5425648250080526e-07,0.0809992819157812,0.8003429798419422,25,20,20
46,8882,0.11865748398579448,2.542564824995075e-07,0.08099927992842516,0.8003429818292983,25,20,20
46,8883,0.11865748398579763,2.542564867491123e-07,0.0813723008456095,0.7999699609121066,25,20,20
46,8884,0.11865748398579763,2.5425648667384336e-07,0.08137221780185688,0.7999700439558594,25,20,20
46,8885,0.11866788006114866,2.534164453328492e-07,0.08173338345762113,0.7995984830647852,25,20,20
46,8886,0.11866788006114866,2.5341644962397993e-07,0.08173580744431502,0.799596059078087,25,20,20
46,8887,0.11866788006114552,2.5341644529910694e-07,0.0813651045402239,0.7999667619821855,25,20,20
46,8888,0.11866788006114627,2.5341644529908016e-07,0.0813670091261911,0.7999648573962175,25,20,20
46,8889,0.11866788006114624,2.534164452251091e-07,0.08136697411290089,0.7999648924095076,25,20,20
46,8890,0.11866788006114627,2.5341644377527784e-07,0.09533664989427856,0.7859952166281314,25,20,20
46,8891,0.11866788006132839,2.534164410840554e-07,0.08136694269627111,0.7999649238259594,25,20,20
46,8892,0.11866788006133072,2.5341643686638425e-07,0.08136690014185918,0.799964966380373,25,20,20
46,8893,0.11866788006151165,2.5341643694118774e-07,0.08163402044291296,0.7996978460791382,25,20,20
46,8894,0.11866788006151242,2.5341644119277004e-07,0.08200712459936696,0.799324741922679,25,20,20
46,8895,0.11866788006151242,2.5341644536909564e-07,0.08237362172347351,0.7989582447985684,25,20,20
46,8896,0.11866788006151242,2.534164410787794e-07,0.08237345351592569,0.7989584130061206,25,20,20
46,8897,0.11866788006133108,2.5341644522092993e-07,0.0823755693842541,0.7989562971379693,25,20,20
46,8898,0.11866788006133193,2.534303845236497e-07,0.08238128618838092,0.7989505803199026,25,20,20
46,8899,0.11866788006146373,2.534305615183751e-07,0.09343961721922399,0.7878922492887507,25,20,20
46,8900,0.09642083952973675,2.532286276372927e-07,0.11568657651102196,0.7878923307306135,25,20,20
46,8901,0.09642083952991966,2.5324256781375244e-07,0.11569639911969289,0.7878825081078195,25,20,20
46,8902,0.09642083952991896,2.5324256356346854e-07,0.11532809323729523,0.7882508139902221,25,20,20
46,8903,0.1199083385281456,2.5309563305530384e-07,0.09184067583462246,0.7882507325415989,25,20,20
46,8904,0.11990833852814488,2.5309563309485297e-07,0.09147227419636807,0.788619134179854,25,20,20
46,8905,0.11990833852818719,2.531095722496299e-07,0.09148447842087534,0.7886069299413653,25,20,20
46,8906,0.11990833852818719,2.5310957224830935e-07,0.0914843974564634,0.7886070109057772,25,20,20
46,8907,0.11990833852818726,2.53109572250905e-07,0.09148910093135212,0.7886023074308883,25,20,20
46,8908,0.11990833852818802,2.5310957661599255e-07,0.09149145353590547,0.7885999548263299,25,20,20
46,8909,0.11990833852818718,2.531095723219597e-07,0.09148940239458604,0.7886020059676546,25,20,20
46,8910,0.11990833852818719,2.5310981690415853e-07,0.09149610543902646,0.7885953029229695,25,20,20
46,8911,0.11286393710497519,2.531092932245318e-07,0.0985405065287301,0.7885953032570014,25,20,20
46,8912,0.11498738498260018,2.533842530528983e-07,0.08237127301903753,0.802641088614109,25,20,20
46,8913,0.11498738498260258,2.533842530513407e-07,0.08237369547116495,0.8026386661619792,25,20,20
46,8914,0.11498738498242167,2.533842529765596e-07,0.08210661056651772,0.8029057510668074,25,20,20
46,8915,0.11498738498242173,2.533842530518509e-07,0.08210669305952432,0.8029056685738007,25,20,20
46,8916,0.11498738499278056,2.533844928943568e-07,0.08219475311113392,0.8028176085115923,25,20,20
46,8917,0.12203487836599827,2.533850267607494e-07,0.07514725966106893,0.8028176085879056,25,20,20
46,8918,0.12203487836599905,2.5338502683601827e-07,0.07514726108893104,0.8028176071600427,25,20,20
46,8919,0.12203487836599587,2.5338502254488705e-07,0.07514255952437104,0.8028223087246102,25,20,20
46,8920,0.12203487836604139,2.533852672302478e-07,0.07514492003878115,0.8028199482099099,25,20,20
46,8921,0.12203487836604145,2.533850269111002e-07,0.07540455474594704,0.8025603135029843,25,20,20
46,8922,0.12204497533678199,2.5338186699040535e-07,0.07539445821140425,0.8025603130699465,25,20,20
46,8923,0.12204497533673725,2.5336792768768656e-07,0.07538217864324288,0.8025725926520919,25,20,20
46,8924,0.12190518568102825,2.5337273227129344e-07,0.07552192009229836,0.802572640853941,25,20,20
46,8925,0.12190518568102902,2.5337273234631404e-07,0.07565144124971425,0.8024431196965243,25,20,20
46,8926,0.1219051856810322,2.5337297266908083e-07,0.07564847476894583,0.8024460861770492,25,20,20
46,8927,0.1219051856785689,2.5337273111446814e-07,0.0867000442740944,0.7913945166746056,25,20,20
46,8928,0.12190518567856815,2.53372903747541e-07,0.09775321524532252,0.7803413457032053,25,20,20
46,8929,0.12190518567857053,2.533729038215121e-07,0.0977532146606098,0.7803413462879155,25,20,20
46,8930,0.12190292366645859,2.533729038474805e-07,0.09775547667245962,0.7803413462881776,25,20,20
46,8931,0.12190292366677631,2.5337393354254554e-07,0.12323552636928113,0.7548612965900088,25,20,20
46,8932,0.12190292366934763,2.5337417580920287e-07,0.12360853918612408,0.7544882837703523,25,20,20
46,8933,0.12190292366934682,2.533741758818535e-07,0.12360858026854725,0.7544882426879299,25,20,20
46,8934,0.12190292366934682,2.533741759558247e-07,0.12360866779484177,0.754488155161635,25,20,20
46,8935,0.12190292365898873,2.5337393189875433e-07,0.12351602636884243,0.7545807965982366,25,20,20
46,8936,0.12190292365885107,2.533738421660408e-07,0.12377365320033462,0.7543231697669718,25,20,20
46,8937,0.12190292365885502,2.533736695333425e-07,0.11271747275619128,0.7653793502112843,25,20,20
46,8938,0.12190292365885501,2.5337366953206837e-07,0.11271735887648993,0.7653794640909857,25,20,20
46,8939,0.12190292365885581,2.533736695307936e-07,0.11272401240476697,0.765372810562708,25,20,20
46,8940,0.12190292365885576,2.5337366953077114e-07,0.11272404518827762,0.7653727777791974,25,20,20
46,8941,0.12190292365881372,2.533598234438533e-07,0.11254889813192774,0.7655479248494353,25,20,20
46,8942,0.11802432741199756,2.557396236775476e-07,0.11642749141246185,0.765547925435917,25,20,20
46,8943,0.11802432741199441,2.557396236118276e-07,0.11633989315596585,0.7656355236924162,25,20,20
46,8944,0.1025491134967731,1.5617956753940362e-06,0.1316363077263608,0.7658130169811909,25,20,20
46,8945,0.10254911349677301,1.561795675392738e-06,0.13163162388716126,0.7658177008203905,25,20,20
46,8946,0.10254912654957758,1.3087406261866743e-06,0.0987151369996613,0.7987344277101349,25,20,20
46,8947,0.10254911267055206,1.3087408674010015e-06,0.09172422252492779,0.8057253560636529,25,20,20
46,8948,0.10254911267042427,1.3087408685886613e-06,0.08066748808093097,0.8167820905077763,25,20,20
46,8949,0.10254911267042739,1.308740868616537e-06,0.080407754835327,0.8170418237533771,25,20,20
46,8950,0.1025491126704282,1.3095281878183386e-06,0.08077879740318426,0.8166707803982001,25,20,20
46,8951,0.10254911267042825,1.3095284324284019e-06,0.08078115574563974,0.8166684220554999,25,20,20
46,8952,0.10315055987521105,2.3205843595727022e-06,0.08017386777988313,0.8166732517605466,25,20,20
46,8953,0.10315055987539312,2.3205843594987313e-06,0.08018048068736401,0.8166666388528837,25,20,20
46,8954,0.1031505598753931,2.3205841192097067e-06,0.08055185318941042,0.8162952663510776,25,20,20
46,8955,0.10315055987539305,2.3205838746009186e-06,0.08054960872665635,0.8162975108140764,25,20,20
46,8956,0.10315055987539226,2.3205838746011537e-06,0.08042669124885604,0.8164204282918776,25,20,20
46,8957,0.10315055987539179,2.3205840803005617e-06,0.08630316685364038,0.8105439526868876,25,20,20
46,8958,0.10315055987539173,2.320584080300585e-06,0.08629836914529193,0.8105487503952362,25,20,20
46,8959,0.1031505679938657,2.321349233394332e-06,0.08778989203502602,0.8090572186218751,25,20,20
46,8960,0.10315056799386252,2.321349229251643e-06,0.08804961847483513,0.8087974921820732,25,20,20
46,8961,0.10315056800396212,2.321349465593854e-06,0.08833041697519255,0.8085166936713799,25,20,20
46,8962,0.10315056800396126,2.3213355262898365e-06,0.08831809743377629,0.8085290132267363,25,20,20
46,8963,0.10640392444209938,1.3078999107219204e-06,0.08507058472303484,0.8085241829349552,25,20,20
46,8964,0.10640392444210178,1.3078999150874896e-06,0.08506399445178221,0.808530773206201,25,20,20
46,8965,0.10640392503165812,1.307914050049537e-06,0.08521445964977463,0.8083803074045173,25,20,20
46,8966,0.10640392503165812,1.3079140500482393e-06,0.08521457209727554,0.8083801949570163,25,20,20
46,8967,0.10640392503165817,1.3079140543744105e-06,0.08558756154853885,0.8080072055057487,25,20,20
46,8968,0.10640392444210184,1.3078999194136609e-06,0.08543706295652814,0.8081577047014507,25,20,20
46,8969,0.09594719964673092,1.3227305548539616e-06,0.09589174036108648,0.8081597372616279,25,20,20
46,8970,0.07220126155449216,1.7059887650723002e-08,0.11981061418563382,0.8079881071999861,25,20,20
46,8971,0.07220126155448824,1.7059883285260167e-08,0.1198089524538612,0.8079897689317671,25,20,20
46,8972,0.07220126155453346,1.7073733653759946e-08,0.12007628604191957,0.8077224353298132,25,20,20
46,8973,0.07220126155712056,1.7073977483519656e-08,0.12020612570731018,0.8075925956615917,25,20,20
46,8974,0.07220126155711976,1.7073977406952662e-08,0.12021261156499122,0.8075861098039115,25,20,20
46,8975,0.07220126155711976,1.707398168868279e-08,0.1203048247203549,0.8074938966485434,25,20,20
46,8976,0.07220126155716523,1.707397740021599e-08,0.12030244229821754,0.8074962790706397,25,20,20
46,8977,0.10768328068139783,1.7468665077368934e-08,0.09856920663694535,0.7937474952129917,25,20,20
46,8978,0.11738073037680928,7.892395780829807e-09,0.08887241951157795,0.793746842219217,25,20,20
46,8979,0.11738073037662718,7.892395779531476e-09,0.08886569262400626,0.7937535691069708,25,20,20
46,8980,0.119215301701683,7.566398947140354e-09,0.08732812551580653,0.7934565652161116,25,20,20
46,8981,0.119215301701679,7.566394655629612e-09,0.08732664137441196,0.7934580493575144,25,20,20
46,8982,0.1192175767600098,7.565188327219568e-09,0.09078596413569842,0.789996451539103,25,20,20
46,8983,0.11921757676001299,7.565188402494286e-09,0.09079058355090189,0.7899918321238961,25,20,20
46,8984,0.11921757676001216,6.777869198074794e-09,0.09041483749805748,0.7903675789640607,25,20,20
46,8985,0.11921757676001216,6.777864917642396e-09,0.09032265775106664,0.7904597587110558,25,20,20
46,8986,0.11921757676000945,6.777654967331943e-09,0.0840731878492222,0.7967092286131131,25,20,20
46,8987,0.11921757676000944,6.7776549686073075e-09,0.08407307174719314,0.7967093447151421,25,20,20
46,8988,0.11921757675996396,6.777410284544664e-09,0.08407081817699083,0.7967115982856346,25,20,20
46,8989,0.11921757675743498,6.777172233740606e-09,0.08370239299271437,0.7970800234726783,25,20,20
46,8990,0.11921757675738981,6.763321865263259e-09,0.08343502662114537,0.7973473898581429,25,20,20
46,8991,0.11941924024299429,6.410673816718318e-09,0.08323336348767776,0.797347389858654,25,20,20
46,8992,0.11941924024306903,6.410673729015423e-09,0.0901336128809624,0.7904471404652947,25,20,20
46,8993,0.10760285640476575,6.664141547385155e-09,0.10194999523722698,0.7904471416938657,25,20,20
46,8994,0.10686087872246017,3.082105508243157e-08,0.1026978119884883,0.7904412784679965,25,20,20
46,8995,0.10686087872241544,3.0821055229980605e-08,0.10278778491957043,0.7903513055369591,25,20,20
46,8996,0.10686087872241544,3.082105523127834e-08,0.10278778689268271,0.7903513035638469,25,20,20
46,8997,0.10686087872241544,3.082105098167347e-08,0.10241479888352957,0.7907242915730042,25,20,20
46,8998,0.10686087872241551,3.082105090900049e-08,0.10241479266909014,0.7907242977874437,25,20,20
46,8999,0.10686087060394232,3.0055902066835436e-08,0.10129637337032031,0.7918427259698355,25,20,20
46,9000,0.10686087060394227,3.005590206551492e-08,0.10129626384281527,0.7918428354973406,25,20,20
46,9001,0.10686087059365694,3.0055417381695324e-08,0.10092312447471953,0.7922159748762061,25,20,20
46,9002,0.10376860375997378,2.496512365672048e-08,0.10401677594463346,0.7922145953302693,25,20,20
46,9003,0.1037686037599769,2.4965123731989288e-08,0.10401681018084537,0.7922145610940541,25,20,20
46,9004,0.1037686037599477,2.4965127964185157e-08,0.09685255005874238,0.7993788212161822,25,20,20
46,9005,0.10376860376253719,2.4979042707253037e-08,0.09694782148276511,0.7992835497756552,25,20,20
46,9006,0.10136040279399816,2.9164249320069186e-08,0.09935483704763554,0.7992847309941172,25,20,20
46,9007,0.10136040279404324,2.916425349512913e-08,0.09972784079190357,0.7989117272498,25,20,20
46,9008,0.10136040279404243,2.9164253346236162e-08,0.09963562719648011,0.7990039408452243,25,20,20
46,9009,0.10136040279404243,2.9164253418887247e-08,0.09963559579084384,0.7990039722508605,25,20,20
46,9010,0.10136040279404245,2.9164253420184984e-08,0.09962910525100964,0.7990104627906947,25,20,20
46,9011,0.10136040279399693,2.916425341907681e-08,0.09962690408730594,0.7990126639544438,25,20,20
46,9012,0.11295640825503213,2.8923158473117553e-08,0.08803089838487908,0.7990126644369303,25,20,20
46,9013,0.11346514735769865,2.8910674625847987e-08,0.08752216100627366,0.7990126627253531,25,20,20
46,9014,0.11346514736807822,2.8924614800976836e-08,0.08753190114163828,0.7990029225656688,25,20,20
46,9015,0.10048619697992234,4.3149438854020796e-08,0.10051083722365513,0.7990029226469839,25,20,20
46,9016,0.1134644513268578,2.892462640804592e-08,0.08753259718074212,0.7990029225677739,25,20,20
46,9017,0.11346445132431608,2.892462648547874e-08,0.08753220722311722,0.7990033125279402,25,20,20
46,9018,0.11372547302555454,2.8919849845040466e-08,0.08727123372863722,0.7990032643259584,25,20,20
46,9019,0.11372547302555454,2.8919854097930558e-08,0.08764433503592434,0.7986301630186667,25,20,20
46,9020,0.11372547302555452,2.891985417189305e-08,0.08764892039704404,0.7986255776575472,25,20,20
46,9021,0.11372547302555448,2.970600284752665e-08,0.08771024329059392,0.7985642539778486,25,20,20
46,9022,0.1137254730255094,2.8919849922861555e-08,0.08728240550045449,0.798992092554186,25,20,20
46,9023,0.15317061984238006,4.73051346188268e-09,0.047837091386035084,0.7989922840410714,25,20,20
46,9024,0.15317061983200275,4.716750283835216e-09,0.0588853700754541,0.7879440053757928,25,20,20
46,9025,0.15317061982941335,4.703079399470071e-09,0.05891532010037195,0.7879140553671351,25,20,20
46,9026,0.15317061982941418,4.7030835744982006e-09,0.05928181950253731,0.7875475559649646,25,20,20
46,9027,0.1531706198294149,4.7030879382933825e-09,0.05928641403300212,0.7875429614344948,25,20,20
46,9028,0.15317061982941493,4.703087939591533e-09,0.05928645415161717,0.7875429213158796,25,20,20
46,9029,0.15317061982941174,4.703083574000379e-09,0.05928639089662944,0.7875429845708749,25,20,20
46,9030,0.15317061982941174,4.703083571406142e-09,0.059279788753940875,0.7875495867135635,25,20,20
46,9031,0.15317061982952732,4.702843521161034e-09,0.0638094017789172,0.7830199736887116,25,20,20
46,9032,0.15317061982952732,4.702839269569479e-09,0.0634362985893791,0.7833930768782541,25,20,20
46,9033,0.15317061983211602,5.489606715594884e-09,0.05918044406998626,0.7876489306082908,25,20,20
46,9034,0.15317061983211602,5.4896068661551065e-09,0.059180527825017724,0.7876488468532591,25,20,20
46,9035,0.15317061983211602,5.489606864880132e-09,0.05918052820877425,0.7876488464695026,25,20,20
46,9036,0.15317061984249697,5.489851535127523e-09,0.059185362811045465,0.7876440118566059,25,20,20
46,9037,0.15317061984263236,5.489851431818824e-09,0.05944700635960673,0.7873823683079092,25,20,20
46,9038,0.15317061984263552,5.489851431493295e-09,0.059450050774591826,0.787379323892921,25,20,20
46,9039,0.153170619842634,5.489674509681186e-09,0.048392067347475524,0.7984373073202158,25,20,20
46,9040,0.153170619842634,5.489674435696329e-09,0.048387367487712975,0.7984420071799785,25,20,20
46,9041,0.15317061984281885,5.4896747922748176e-09,0.048353412702079615,0.7984759619654267,25,20,20
46,9042,0.15317061984300095,5.48992366589217e-09,0.04835993352028986,0.7984694411467853,25,20,20
46,9043,0.15317061984300095,5.489923593241496e-09,0.04835993156105497,0.7984694431060201,25,20,20
46,9044,0.153170619843001,5.490165859326057e-09,0.048732936133582844,0.79809643853325,25,20,20
46,9045,0.15317061984299865,5.490408126132803e-09,0.04910133817714311,0.7977280364894503,25,20,20
46,9046,0.15317061984299865,5.490412415157539e-09,0.04910139997078516,0.7977279746958039,25,20,20
46,9047,0.15317061984281657,5.490163615533684e-09,0.04909488058033398,0.797734494086686,25,20,20
46,9048,0.15317061984281657,5.49016361555583e-09,0.049101483380707765,0.7977278912863122,25,20,20
46,9049,0.15317061984281735,5.490163688216599e-09,0.049107935869661105,0.7977214387973579,25,20,20
46,9050,0.15317061984281416,5.490163612925363e-09,0.04910793441695984,0.7977214402500625,25,20,20
46,9051,0.1531706198428141,5.489925486524465e-09,0.04874143641179666,0.7980879382554639,25,20,20
46,9052,0.15317061984281416,5.4899297763343914e-09,0.04874605946153124,0.798083315205725,25,20,20
46,9053,0.15317061984281416,5.489929850306137e-09,0.048739570585523355,0.7980898040817327,25,20,20
46,9054,0.15316228121456082,5.579240690357503e-09,0.04874788486081345,0.7980898283453852,25,20,20
46,9055,0.15316228121456088,5.579240724908357e-09,0.04912084587131074,0.7977168673348879,25,20,20
46,9056,0.1531622812118112,4.792469495884291e-09,0.04871763704840973,0.7981200769473098,25,20,20
46,9057,0.15316228121181044,4.792469495896561e-09,0.04871111308465644,0.7981266009110638,25,20,20
46,9058,0.15368468446141953,4.439629351214822e-09,0.04818890164511113,0.7981264094538403,25,20,20
46,9059,0.1536846844510387,4.439384757533222e-09,0.04818418033785001,0.7981311307717269,25,20,20
46,9060,0.15368468445103864,4.439384683562905e-09,0.04818406645701321,0.7981312446525638,25,20,20
46,9061,0.1536846844510386,4.439384608293984e-09,0.04818398596161786,0.7981313251479593,25,20,20
46,9062,0.15368468445104108,4.439380360651658e-09,0.04781099269756976,0.7985043184120092,25,20,20
46,9063,0.15368468445108613,4.4393845357115925e-09,0.04818399644173838,0.7981313146677914,25,20,20
46,9064,0.153684684451041,4.4393803606392365e-09,0.0478174815874594,0.7984978295221196,25,20,20
46,9065,0.15122785529177327,4.294546570492171e-08,0.05027417961071583,0.7984979221520453,25,20,20
46,9066,0.15122785529177332,4.2945465780664e-08,0.050269939926644164,0.7985021618361171,25,20,20
46,9067,0.15122785529177088,4.294547006894555e-08,0.05027646847844742,0.7984956332843118,25,20,20
46,9068,0.15122785529158597,4.294522585236659e-08,0.05018528084822929,0.798586820914959,25,20,20
46,9069,0.15122785529158916,4.294523007003223e-08,0.050185362255613424,0.7985867395075674,25,20,20
46,9070,0.14602389789899864,1.1977395767459533e-05,0.05537854890111538,0.7985855758041184,25,20,20
46,9071,0.1460238978989978,1.197739552519215e-05,0.0550054663885312,0.7989586583169457,25,20,20
46,9072,0.14603244899145285,1.197739540771061e-05,0.05499691532606172,0.7989586582870776,25,20,20
46,9073,0.14603244899145204,1.1977395403494452e-05,0.05500115329756647,0.7989544203155777,25,20,20
46,9074,0.14603244899145207,1.197739540349311e-05,0.055001236029449715,0.7989543375836945,25,20,20
46,9075,0.14603244899163417,1.1977395407782963e-05,0.0550059877515846,0.7989495858613733,25,20,20
46,9076,0.14603435674150186,1.1977395897451626e-05,0.055298265553067244,0.7986554003095333,25,20,20
46,9077,0.14846025087364928,1.193889002793796e-05,0.052872405553515994,0.7986554046828067,25,20,20
46,9078,0.14846025087364928,1.1938890032187578e-05,0.05323890436016272,0.7982889058761558,25,20,20
46,9079,0.14846025087364928,1.1938890032113583e-05,0.053238866373714104,0.7982889438626044,25,20,20
46,9080,0.14846025087364922,1.1938890027823775e-05,0.05323416424605292,0.79829364599027,25,20,20
46,9081,0.14851232560555436,8.49267963956799e-05,0.053103014525580805,0.7982997330724686,25,20,20
46,9082,0.14851232560555355,8.49267963913135e-05,0.053098310347528994,0.7983044372505256,25,20,20
46,9083,0.14851232560555355,8.49267963913135e-05,0.05309831033877194,0.7983044372592828,25,20,20
46,9084,0.14851232560570726,8.492746697872371e-05,0.05897562365302664,0.7924271232742871,25,20,20
46,9085,0.14851232560570732,8.492746697887294e-05,0.05898222713159974,0.7924205197957137,25,20,20
46,9086,0.14851232560570413,8.492746697458131e-05,0.05898673168363473,0.7924160152436861,25,20,20
46,9087,0.1480317628309341,8.492746697446433e-05,0.05946729442994659,0.7924160152721444,25,20,20
46,9088,0.14803176283093408,8.492746697872691e-05,0.05973351201224223,0.7921497976898445,25,20,20
46,9089,0.14803176283093408,8.492746697872952e-05,0.05973362647155203,0.7921496832305347,25,20,20
46,9090,0.1480298550808843,8.4927466484845e-05,0.059438218609860066,0.7924469988427704,25,20,20
46,9091,0.14802985508077615,8.492679613769342e-05,0.05319450679395762,0.7986907113291281,25,20,20
46,9092,0.1480298550807793,8.492679613769297e-05,0.0533174244134196,0.7985677937096629,25,20,20
46,9093,0.13158989475956218,8.493876967110974e-05,0.06975746876456244,0.7985676977062038,25,20,20
46,9094,0.13158989475956206,8.493876967103449e-05,0.06975089230167066,0.7985742741690959,25,20,20
46,9095,0.13158989475956212,8.493876967103453e-05,0.06975097283072518,0.7985741936400413,25,20,20
46,9096,0.13158989475956226,8.493876967110962e-05,0.06983856689122135,0.7984865995795448,25,20,20
46,9097,0.141614480916978,8.493533624727725e-05,0.059811664960521066,0.7984889187862533,25,20,20
46,9098,0.141614480916978,8.493533624727851e-05,0.05981174495106692,0.7984888387957073,25,20,20
46,9099,0.14161448091697726,8.493533624923736e-05,0.07049656251110524,0.7878040212356681,25,20,20
46,9100,0.14161448091697645,8.493533624494642e-05,0.070490037526362,0.7878105462204162,25,20,20
46,9101,0.14161448091697726,8.493533625347126e-05,0.07075630213864971,0.7875442816081193,25,20,20
46,9102,0.14161448091697407,8.493533625332251e-05,0.07062680817435467,0.7876737755724176,25,20,20
46,9103,0.1066931917973587,0.00014566078813042153,0.10548721785682552,0.7876739295576851,25,20,20
46,9104,0.1066931917973586,0.0001456607881304204,0.10539500502855806,0.7877661423859528,25,20,20
46,9105,0.10669319179731308,0.00014566078789012802,0.10539300408422067,0.7877681433305759,25,20,20
46,9106,0.10669319179735418,0.00014566078809229892,0.11163864378988475,0.7815225036246685,25,20,20
46,9107,0.14155245277784625,8.49352468783419e-05,0.07684028659193935,0.7815223253833358,25,20,20
46,9108,0.11231974671603559,8.492758645571705e-05,0.10607531632821754,0.7815200093692909,25,20,20
46,9109,0.11231974671603559,8.492758646000717e-05,0.10607748139721815,0.781517844300286,25,20,20
46,9110,0.11231974671621775,8.492758670469272e-05,0.10607973577112291,0.7815155899259544,25,20,20
46,9111,0.11231974671621696,8.492758669616788e-05,0.10618650938309343,0.7814088163139931,25,20,20
46,9112,0.11231974671626235,8.492758670037166e-05,0.10631596381905792,0.781279361877979,25,20,20
46,9113,0.13760705450757962,8.492670682799931e-05,0.08102866110184072,0.7812793576837518,25,20,20
46,9114,0.1313866563527558,8.492691919128104e-05,0.0872489456934149,0.7812794710346381,25,20,20
46,9115,0.13138665635271038,8.492691918700196e-05,0.08711940820359937,0.7814090085245033,25,20,20
46,9116,0.13145471874271997,8.4926919188003e-05,0.08705134582090476,0.7814090085171873,25,20,20
46,9117,0.13145471874271997,8.492691918378747e-05,0.08742216985177395,0.7810381844863223,25,20,20
46,9118,0.13145471874272072,8.492691918194377e-05,0.07636587369886744,0.7920944806392296,25,20,20
46,9119,0.13145471874272072,8.492691918201901e-05,0.07636595416924376,0.7920944001688531,25,20,20
46,9120,0.13145471874267964,8.4926918975557e-05,0.0701156134993397,0.7983447408390048,25,20,20
46,9121,0.13145471874268283,8.492691897563096e-05,0.07012028750594469,0.7983400668323967,25,20,20
46,9122,0.13145471874525413,8.492693278879226e-05,0.07049436063387464,0.7979659936880823,25,20,20
46,9123,0.13145977499970862,8.492693278494978e-05,0.07048930437942952,0.7979659936880767,25,20,20
46,9124,0.1314597749997118,8.492693302947007e-05,0.07049242288715854,0.7979628751801,25,20,20
46,9125,0.13145977499970868,8.492693302947007e-05,0.07048780350937191,0.7979674945578897,25,20,20
46,9126,0.13145977499970793,8.492693324123721e-05,0.07514503991990411,0.7933102581471465,25,20,20
46,9127,0.13145977501008962,8.492693324981886e-05,0.07477369622927632,0.7936816018273839,25,20,20
46,9128,0.1475697775376638,8.492709215566376e-05,0.058663805181640355,0.79368149018854,25,20,20
46,9129,0.1475195210849794,8.494716567116414e-05,0.05871404318321019,0.793681488566139,25,20,20
46,9130,0.14751952108479804,8.494716542655517e-05,0.0587118256681012,0.7936837060816739,25,20,20
46,9131,0.14751952108479485,8.494716542233916e-05,0.05870874329151711,0.7936867884582655,25,20,20
46,9132,0.14751952108698382,8.494717718163706e-05,0.0649748540030823,0.7874206777327522,25,20,20
46,9133,0.14751952108698702,8.494717717738875e-05,0.06460648644392217,0.7877890452919131,25,20,20
46,9134,0.14751952108698702,8.494717717738875e-05,0.06460651347126119,0.7877890182645743,25,20,20
46,9135,0.14751952108698707,8.49471771773161e-05,0.06461118686460753,0.787784344871228,25,20,20
46,9136,0.1475195216773978,8.494717742144801e-05,0.06470401019618015,0.7876915209490004,25,20,20
46,9137,0.12251646347534109,7.300837792214107e-05,0.08971902458392197,0.7876915035628141,25,20,20
46,9138,0.12251646347792818,7.300837816598505e-05,0.08958276623704134,0.7878277619068638,25,20,20
46,9139,0.12251646347535694,7.300836435275111e-05,0.0892108553895563,0.7881996727707333,25,20,20
46,9140,0.12251646347535447,7.300836459726948e-05,0.08921095454685563,0.7881995736131919,25,20,20
46,9141,0.12251646347764668,7.30083771273315e-05,0.09388560143411853,0.7835249267111069,25,20,20
46,9142,0.12251646347764669,7.300837712725755e-05,0.09388563485220013,0.7835248932930253,25,20,20
46,9143,0.12251646347764748,7.300837713139944e-05,0.09389025524829281,0.7835202728969276,25,20,20
46,9144,0.12251646347764743,7.300837713139811e-05,0.0938901733318121,0.7835203548134082,25,20,20
46,9145,0.12251646347764743,7.30083769153408e-05,0.08923293488305387,0.7881775932623826,25,20,20
46,9146,0.1225164634672657,7.300837690675917e-05,0.0892311612818044,0.7881793668740226,25,20,20
46,9147,0.12251646346726569,7.300837690683311e-05,0.0892312152983844,0.7881793128574424,25,20,20
46,9148,0.11648838801169865,7.300837695057354e-05,0.09525929075417502,0.7881793128571754,25,20,20
46,9149,0.11648838801169786,7.30083769462837e-05,0.09525928839620419,0.7881793152151512,25,20,20
46,9150,0.11648838801169789,7.300837695049826e-05,0.0952639094444751,0.7881746941668761,25,20,20
46,9151,0.0770425161104698,7.300838620103821e-05,0.1347020264398896,0.7881824490634386,25,20,20
46,9152,0.0770425161104698,7.300838620103821e-05,0.13470700824707899,0.7881774672562493,25,20,20
46,9153,0.07704251611051528,7.300838644141731e-05,0.13470713964688524,0.7881773358561571,25,20,20
46,9154,0.07704251611046975,7.30083861967471e-05,0.13470241855461854,0.7881820569487141,25,20,20
46,9155,0.05829947566154975,7.383374840677377e-05,0.15344259795510265,0.7881840926349399,25,20,20
46,9156,0.058299475661578185,7.383374840677325e-05,0.1684660774360956,0.7731606131539186,25,20,20
46,9157,0.05829947566157813,7.383374840677192e-05,0.16846148948890266,0.7731652011011114,25,20,20
46,9158,0.05830070941567281,7.383375735340193e-05,0.1934288733567837,0.7481965834701897,25,20,20
46,9159,0.042235771422610216,7.381352867789994e-05,0.20949383067253272,0.7481965843761789,25,20,20
46,9160,0.04223454287397038,7.384010881408517e-05,0.20950293197285355,0.7481886850443616,25,20,20
46,9161,0.04223454287397043,7.384010881408652e-05,0.20950284993555193,0.7481887670816634,25,20,20
46,9162,0.04223454287397043,7.384010881408393e-05,0.20949814865161837,0.7481934683655967,25,20,20
46,9163,0.042234542873971236,7.384010881844773e-05,0.20950062421576354,0.7481909928014464,25,20,20
46,9164,0.04223454288435216,7.384010882281289e-05,0.2095055027845229,0.7481861142223017,25,20,20
46,9165,0.027687330026258446,7.417004065351497e-05,0.22404909999242723,0.7481893999406605,25,20,20
46,9166,0.027687330026258446,7.417004065351621e-05,0.2240491014563196,0.748189398476768,25,20,20
46,9167,0.027687330026440568,7.417004065359279e-05,0.22405389919580607,0.7481846007370995,25,20,20
46,9168,0.027687330026440568,7.417004065359279e-05,0.22405378476094917,0.7481847151719563,25,20,20
46,9169,0.027687330026259643,7.417004080856889e-05,0.23775730360385441,0.7344811963290774,25,20,20
46,9170,0.02768733002625959,7.417004080856889e-05,0.2377572238660655,0.7344812760668664,25,20,20
46,9171,0.027687330026258793,7.417004056404788e-05,0.23775247142302183,0.7344860285101552,25,20,20
46,9172,0.0345104088633961,1.3886375275434663e-06,0.2310073111430723,0.7344808913560041,25,20,20
46,9173,0.04704562722415157,1.8615845898362934e-06,0.21847158042522735,0.7344809307660312,25,20,20
46,9174,0.04704562722414842,1.8615843453173135e-06,0.2184669541695259,0.7344855570219803,25,20,20
46,9175,0.04704562722414836,1.8615843452420223e-06,0.2184669193578091,0.7344855918336972,25,20,20
46,9176,0.047045627224148394,1.8615843452407254e-06,0.2184692060005839,0.7344833051909225,25,20,20
46,9177,0.04704562722200455,1.8615725860173963e-06,0.21257709606109854,0.7403754151443109,25,20,20
46,9178,0.04704562722200455,1.8615725860186942e-06,0.21257709805872962,0.7403754131466798,25,20,20
46,9179,0.047045627222007724,1.8615725860939632e-06,0.21257706609237567,0.7403754451130306,25,20,20
46,9180,0.04704562722205297,1.8615725860948247e-06,0.2128286783511529,0.7401238328542081,25,20,20
46,9181,0.04704562722205224,1.8615725860195567e-06,0.21283326393655735,0.7401192472688046,25,20,20
46,9182,0.032222980810202945,1.890760479331184e-06,0.22765592069398363,0.7401192077353342,25,20,20
46,9183,0.03222298081019975,1.8907604792559152e-06,0.227655838186037,0.740119290243284,25,20,20
46,9184,0.03222298081015464,1.8907604792566187e-06,0.2272818773836212,0.7404932510457449,25,20,20
46,9185,0.0325526540018438,1.873737844192432e-06,0.22695222045341507,0.7404932518068962,25,20,20
46,9186,0.01278005851838688,1.874891301964608e-06,0.24672457053524596,0.7404934960550651,25,20,20
46,9187,0.01278005851838688,1.874891301890614e-06,0.24672453253869425,0.740493534051617,25,20,20
46,9188,0.012780058518341629,1.8748913018144835e-06,0.24647283781192939,0.7407452287784269,25,20,20
46,9189,0.012780058518341655,1.874891546408709e-06,0.24647517882316358,0.7407428877669482,25,20,20
46,9190,0.009180460149699846,2.0969901751254727e-06,0.250074800009241,0.7407426428508838,25,20,20
46,9191,0.023600231448063228,1.5949945122425659e-06,0.23565553070903636,0.7407426428483882,25,20,20
46,9192,0.023600231445476114,1.5949942640620339e-06,0.23552545754925544,0.7408727160110042,25,20,20
46,9193,0.02360023144565827,1.5949942682790945e-06,0.23515255172767688,0.7412456218323963,25,20,20
46,9194,0.023600230855293045,1.5949940285127134e-06,0.23505992451016622,0.7413382496405121,25,20,20
46,9195,0.04099920682584228,1.599131548184489e-06,0.21766094406748468,0.7413382499751248,25,20,20
46,9196,0.04099920682584547,1.5991453985534941e-06,0.2179283929262645,0.7410708011024915,25,20,20
46,9197,0.04100111467794418,1.5991456413641316e-06,0.2182355112716976,0.7407617749047166,25,20,20
46,9198,0.044713075781414355,2.9269508429416566e-06,0.21452211126539533,0.740761886002347,25,20,20
46,9199,0.03786105463090239,3.670500339448431e-05,0.22134132047767893,0.7407609198880242,25,20,20
46,9200,0.07778181813943456,3.6704994171849214e-05,0.1814283119044371,0.7407531649619561,25,20,20
46,9201,0.07777270120657484,4.896859777723476e-05,0.18142516524033858,0.7407531649553094,25,20,20
46,9202,0.07777270120657484,4.896859777731001e-05,0.18143176800937247,0.7407465621862754,25,20,20
46,9203,0.10667763611918867,1.498404418008574e-05,0.15255981879506897,0.740747561041563,25,20,20
46,9204,0.10667763612956543,1.4984030574364056e-05,0.15230095085876233,0.7410064289810986,25,20,20
46,9205,0.10667763612956543,1.4984030574362736e-05,0.1523009494469939,0.7410064303928668,25,20,20
46,9206,0.10667763612956457,1.4984030569997648e-05,0.15229619682497203,0.7410111830148938,25,20,20
46,9207,0.10667763672101677,1.4984044514282782e-05,0.15230152265028196,0.7410058565841874,25,20,20
46,9208,0.10601747491077497,1.3828758125136408e-05,0.15296816115148937,0.7410005351796104,25,20,20
46,9209,0.10601747431914071,1.382874418085128e-05,0.15295966053646548,0.7410090364002129,25,20,20
46,9210,0.1055991483424551,1.382881964103441e-05,0.1533779857424902,0.741009037095414,25,20,20
46,9211,0.10559914834245512,1.3828819641034437e-05,0.15337801280647134,0.7410090100314326,25,20,20
46,9212,0.1055991483422738,1.3828819879811908e-05,0.15364416757143565,0.7407428552664108,25,20,20
46,9213,0.1354172655382651,1.2500064158327494e-05,0.12382749066230891,0.7407427437352677,25,20,20
46,9214,0.13541535768634855,1.2500064160111855e-05,0.12352520634742246,0.7410469359020689,25,20,20
46,9215,0.10624785740696283,1.2508781086548503e-05,0.13740758140892945,0.7563320524030214,25,20,20
46,9216,0.10624785756468366,1.2508795060898273e-05,0.12359196135947545,0.7701476722807802,25,20,20
46,9217,0.10624785756468366,1.2508795060973564e-05,0.12359204382764044,0.7701475898126151,25,20,20
46,9218,0.10624785756468366,1.2508795060898307e-05,0.123592043824363,0.7701475898158927,25,20,20
46,9219,0.10624785756468363,1.2508795060972265e-05,0.12359394580934432,0.7701456878309113,25,20,20
46,9220,0.10624785740696277,1.2508780927384612e-05,0.12343970052759082,0.7702999332845194,25,20,20
46,9221,0.10624785740696355,1.250878117565118e-05,0.12352539238844792,0.7702142414234132,25,20,20
46,9222,0.10624785739658997,1.2508780931005173e-05,0.12378401213710942,0.7699556216853699,25,20,20
46,9223,0.10624785739658917,1.2508780682664645e-05,0.12369171589102367,0.7700479179317048,25,20,20
46,9224,0.11707051901742321,1.2508778424942934e-05,0.11287005486895131,0.7700469173352008,25,20,20
46,9225,0.11708251370231892,2.3415993426830814e-06,0.11286822596782332,0.7700469187305157,25,20,20
46,9226,0.11781807027838019,2.5803563140682137e-06,0.1121312121153668,0.7700481372499397,25,20,20
46,9227,0.11781807027838014,2.580356314066905e-06,0.11212472263492206,0.7700546267303844,25,20,20
46,9228,0.11781807026799919,2.5803563097757404e-06,0.11212200774434894,0.7700573416313427,25,20,20
46,9229,0.10861273507901714,0.0007182334022579315,0.12061165341085363,0.770057378107872,25,20,20
46,9230,0.10862534312706011,0.0007182521701302628,0.12059902825038633,0.7700573764524234,25,20,20
46,9231,0.10862534312705374,0.0007182521701303382,0.1203319087456454,0.7703244959571707,25,20,20
46,9232,0.10862534312705381,0.000718252170134663,0.12070501063649379,0.7699513940663177,25,20,20
46,9233,0.10862534312705702,0.0007182521701388807,0.12070292975833054,0.7699534749444736,25,20,20
46,9234,0.10862534312723911,0.000718252169898652,0.12069841357510867,0.7699579911277535,25,20,20
46,9235,0.10862534312705698,0.000718252169654131,0.12069361753101042,0.7699627871722785,25,20,20
46,9236,0.1086253431272391,0.0007182521698987885,0.12070024152849329,0.7699561631743687,25,20,20
46,9237,0.10862534312724229,0.00071825216990308,0.1206938340245946,0.7699625706782599,25,20,20
46,9238,0.10862534312724144,0.0007182521696643005,0.12043408678985701,0.7702223179132371,25,20,20
46,9239,0.10862534312742354,0.0007182521696600862,0.12043382080224335,0.7702225839006729,25,20,20
46,9240,0.10862534312742353,0.0007182521696600862,0.12043379376260416,0.7702226109403121,25,20,20
46,9241,0.0766644654250527,0.000718009600930629,0.15239255847253674,0.7702249665014793,25,20,20
46,9242,0.07663970507114153,0.0007161710457606485,0.15241913670926485,0.7702249871738323,25,20,20
46,9243,0.05137229701053617,5.185848447035489e-07,0.17840223125427954,0.7702249531503389,25,20,20
46,9244,0.05137229701053611,5.185848404526463e-07,0.17802924325302502,0.7705979411515977,25,20,20
46,9245,0.051372297010354,5.185845957938479e-07,0.17802253818019342,0.7706046462248561,25,20,20
46,9246,0.04961076303584292,5.550517463391448e-07,0.17977903673592127,0.7706096451764889,25,20,20
46,9247,0.04961076303579739,5.550517419735363e-07,0.1797789185238314,0.7706097633886287,25,20,20
46,9248,0.04961076303584277,5.550519858020479e-07,0.17990879342889454,0.7704798884832763,25,20,20
46,9249,0.04961076303584277,5.550519857267561e-07,0.1799087534693336,0.7704799284428373,25,20,20
46,9250,0.04961076303584273,5.550519899411186e-07,0.17991373642666605,0.7704749454855004,25,20,20
46,9251,0.04961076303583953,5.550519857234758e-07,0.17991356818048942,0.7704751137316844,25,20,20
46,9252,0.049610763035657424,5.550519857234643e-07,0.17990731197901172,0.7704813699333443,25,20,20
46,9253,0.049610763035657424,5.550519856468753e-07,0.17990723081261795,0.770481451099738,25,20,20
46,9254,0.04961076303566062,5.550519856481952e-07,0.1799120290972654,0.7704766528150876,25,20,20
46,9255,0.04961076303566068,5.550519857974108e-07,0.1799186318945182,0.7704700500178344,25,20,20
46,9256,0.04961076303566068,5.550519857961355e-07,0.17991862993150443,0.7704700519808482,25,20,20
46,9257,0.04961076303566388,5.550519856469202e-07,0.17991682342144955,0.7704718584909002,25,20,20
46,9258,0.049203380250657854,0.00011110012597716712,0.18020441786852204,0.7704811017548421,25,20,20
46,9259,0.04920333448349221,0.00011774730627854868,0.1801978267008086,0.7704810915094196,25,20,20
46,9260,0.049203334483492275,0.00011774730628290015,0.18032734772990844,0.7703515704803153,25,20,20
46,9261,0.05082952995692847,0.0001177109334907056,0.17870479940224257,0.7703479597073373,25,20,20
46,9262,0.05082952995692847,0.00011771093349063037,0.1787047645808579,0.7703479945287219,25,20,20
46,9263,0.050829529956931664,0.00011771093349063169,0.17870476603258167,0.7703479930769952,25,20,20
46,9264,0.05082952995693168,0.00011771093349492334,0.17870496269153704,0.7703477964180355,25,20,20
46,9265,0.05082952995693175,0.00011771093349921319,0.17870970959910018,0.7703430495104682,25,20,20
46,9266,0.05082952995693175,0.00011771093349921449,0.17871623130963626,0.770336527799932,25,20,20
46,9267,0.05082952995715857,0.00011771093374299512,0.17886671048353,0.7701860486255678,25,20,20
46,9268,0.05082952996996216,0.00011771093494576699,0.21540032502448703,0.7336524340706057,25,20,20
46,9269,0.05082952996996216,0.00011771093494576699,0.21540032502448703,0.7336524340706057,25,20,20
46,9270,0.050829529972531866,0.00011771093494576624,0.21579821854788434,0.7332545405446386,25,20,20
46,9271,0.050829529972531914,0.00011771093494576626,0.21579827260316606,0.7332544864893568,25,20,20
46,9272,0.04913457824417332,0.00011771047025864359,0.21749679923347628,0.733250912052092,25,20,20
46,9273,0.049134578244173346,0.00011771047025871861,0.21762624923087037,0.733121462054698,25,20,20
46,9274,0.049134578244170134,0.00011771047026492774,0.2286793665703347,0.7220683447152295,25,20,20
46,9275,0.049314860343267874,0.00011769376898857289,0.2432368500045051,0.707330595883237,25,20,20
46,9276,0.04949046372117628,0.0001176987390565443,0.24306262984260116,0.7073292076971649,25,20,20
46,9277,0.04949046372117623,0.00011769873905219283,0.24293322286683533,0.7074586146729351,25,20,20
46,9278,0.044678359444374344,0.00011769810800691026,0.24829269170321347,0.7069112507444042,25,20,20
46,9279,0.03998673438474225,7.152388896791749e-06,0.25310410889413887,0.7069020043322211,25,20,20
46,9280,0.0399867343847422,7.152388896791714e-06,0.25311063061925515,0.7068954826071047,25,20,20
46,9281,0.03998673438451617,7.152388653087433e-06,0.2530896736875489,0.7069164395392807,25,20,20
46,9282,0.04557854494015344,7.1524006102525825e-06,0.24749786312123717,0.706916439537998,25,20,20
46,9283,0.04557854494015347,7.1524006144592894e-06,0.24746062643367003,0.7069536762255609,25,20,20
46,9284,0.04557891954601379,2.0521356818404337e-06,0.24746535662492342,0.7069536716933797,25,20,20
46,9285,0.04557891954619594,2.052135686130763e-06,0.24745895056211012,0.7069600777560067,25,20,20
46,9286,0.04557891954624145,2.0521356861320836e-06,0.24745908040264666,0.7069599479154246,25,20,20
46,9287,0.04557891954628654,2.0521494995782972e-06,0.24783214751109434,0.7065868807931183,25,20,20
46,9288,0.04557891954888129,2.05216343895759e-06,0.24784446908505792,0.7065745592026207,25,20,20
46,9289,0.07962510408194283,2.0523000260795988e-06,0.2137982844152947,0.7065745592027356,25,20,20
46,9290,0.07962510408176389,2.052300021789263e-06,0.2137981797474574,0.7065746638707564,25,20,20
46,9291,0.07962510408194562,2.0523000260723105e-06,0.21389048420888507,0.7064823594091427,25,20,20
46,9292,0.07962510408190132,2.0522862126261164e-06,0.21351961291314084,0.7068532307187447,25,20,20
46,9293,0.07962510408185579,2.052286212549539e-06,0.2135129947155081,0.7068598489164231,25,20,20
46,9294,0.07961024622603263,3.1551784075819794e-06,0.2135267480881205,0.706859850507439,25,20,20
46,9295,0.07961024622621396,3.155178652083349e-06,0.21340488425778303,0.7069817143373507,25,20,20
46,9296,0.07957219762712647,3.150114197458741e-06,0.21344293792146243,0.7069817143372137,25,20,20
46,9297,0.079686882247183,3.1501141989338184e-06,0.2133282532865168,0.7069817143521013,25,20,20
46,9298,0.07968688282954807,3.1509051389560605e-06,0.17692309276204965,0.7433868735032635,25,20,20
46,9299,0.043450139653539076,3.151822154141561e-06,0.21315983271759506,0.7433868758067124,25,20,20
46,9300,0.04345013965353828,3.1518221540662504e-06,0.21315755578901277,0.7433891527352955,25,20,20
46,9301,0.043450139653539076,3.151822158355902e-06,0.21316416034864707,0.743382548175656,25,20,20
46,9302,0.043450139058370446,3.15103001127324e-06,0.21312328111882192,0.743423428792797,25,20,20
46,9303,0.04345013905595781,3.151016080475816e-06,0.21311760638212376,0.7434291035458387,25,20,20
46,9304,0.04345013905613987,3.1510160763446262e-06,0.21303011112603992,0.7435165988017445,25,20,20
46,9305,0.04345013905613668,3.1510160763446262e-06,0.2130319176148786,0.7435147923129091,25,20,20
46,9306,0.04345013905613348,3.151016076343306e-06,0.21303194897168481,0.7435147609561062,25,20,20
46,9307,0.04345040046039774,2.0726696337948747e-06,0.21303276746886002,0.7435147594011093,25,20,20
46,9308,0.037858988038124666,2.0735318250211626e-06,0.2186241790264805,0.7435147594035709,25,20,20
46,9309,0.037858988037942555,2.073531580520041e-06,0.2186166036806052,0.7435223347498726,25,20,20
46,9310,0.03785898803794254,2.073531580521338e-06,0.2186230932772435,0.7435158451532342,25,20,20
46,9311,0.037858988037942604,2.0735315804473667e-06,0.2186276808998099,0.7435112575306678,25,20,20
46,9312,0.043680070018605084,2.0733796466512396e-06,0.21280659907080002,0.7435112575309492,25,20,20
46,9313,0.04368007001860512,2.0733796424360182e-06,0.2128023195409619,0.7435155370607913,25,20,20
46,9314,0.043680070018423056,2.073379642286772e-06,0.2127976029483499,0.7435202536535858,25,20,20
46,9315,0.04368007001860197,2.073379646575714e-06,0.21280401393141737,0.7435138426703347,25,20,20
46,9316,0.04368007001841982,2.0733796422843134e-06,0.21280172966756505,0.7435161269343734,25,20,20
46,9317,0.04368021498970214,2.6359079758104546e-08,0.21280362961520505,0.7435161290360135,25,20,20
46,9318,0.043680214989702135,2.635907546649016e-08,0.2128034337924097,0.7435163248588129,25,20,20
46,9319,0.04368021498970289,2.635907362280534e-08,0.20174718191165383,0.7545725767395701,25,20,20
46,9320,0.04368021498970369,2.6359073698098077e-08,0.20174065707335362,0.7545791015778694,25,20,20
46,9321,0.043680214987133974,2.635907369884647e-08,0.2013427635269972,0.7549769951267956,25,20,20
46,9322,0.043680214986951835,2.6359069333260458e-08,0.20134256683315283,0.7549771918208263,25,20,20
46,9323,0.043705427313303985,4.728496108675044e-08,0.201306170943893,0.7549883544578424,25,20,20
46,9324,0.043705427313303985,4.728496101148152e-08,0.20130608789021953,0.754988437511516,25,20,20
46,9325,0.043705427313303936,4.728496108676413e-08,0.20130608625253202,0.7549884391492034,25,20,20
46,9326,0.04370542731330389,4.728496108546639e-08,0.20130600376068056,0.754988521641055,25,20,20
46,9327,0.04370542731330389,4.728496108674175e-08,0.2013061182201465,0.754988407181589,25,20,20
46,9328,0.043734371746093376,2.274716687974589e-08,0.20127719835993627,0.7549884071468037,25,20,20
46,9329,0.043734371746093376,2.274716688104362e-08,0.20127731282950065,0.7549882926772393,25,20,20
46,9330,0.04373437175647549,2.2747171245329355e-08,0.20127093404543384,0.7549946714509197,25,20,20
46,9331,0.04373437175647548,2.2747171168771533e-08,0.2012662322084501,0.7549993732879036,25,20,20
46,9332,0.04373437175647549,2.2747407183191352e-08,0.20126445948159308,0.7550011460145246,25,20,20
46,9333,0.03492388107257845,2.2821623989462897e-08,0.2100137424462484,0.7550623536595493,25,20,20
46,9334,0.003969547402789386,2.2760394168698073e-08,0.2410175774389639,0.7550128523978528,25,20,20
46,9335,0.003969547402607266,2.2760149572401994e-08,0.24101274249885227,0.7550176873383911,25,20,20
46,9336,0.003969547402607265,2.276014964765863e-08,0.24101934584155013,0.7550110839956933,25,20,20
46,9337,0.040142169140250955,2.1843132978666865e-08,0.20484672733926013,0.7550110816773571,25,20,20
46,9338,0.04014216914758117,2.1843305690305227e-08,0.2158127630712209,0.7440450459378931,25,20,20
46,9339,0.040142169137199056,2.1843301324699822e-08,0.21581261819589234,0.7440451908236082,25,20,20
46,9340,0.04014216913715367,2.1843057497508912e-08,0.21568269125076558,0.7441751177690239,25,20,20
46,9341,0.040142169137199105,2.2635154616240752e-08,0.21581788726626502,0.7440399209613817,25,20,20
46,9342,0.04014216913719831,2.263515453962814e-08,0.21581792377779177,0.7440398844498556,25,20,20
46,9343,0.04014216913719831,2.263515453962814e-08,0.21581792434328168,0.7440398838843657,25,20,20
46,9344,0.040295160172391944,8.606051178077544e-06,0.2156559876830842,0.744040246093346,25,20,20
46,9345,0.0402951601827306,8.606051182349595e-06,0.21582931616310258,0.7438669176029847,25,20,20
46,9346,0.0402951601827306,8.606051182347e-06,0.2158293681686362,0.7438668655974512,25,20,20
46,9347,0.0402951601827298,8.60605117805867e-06,0.2158227643100853,0.7438734694560071,25,20,20
46,9348,0.04029516018043753,8.606038647921382e-06,0.2111480354289638,0.748548198351951,25,20,20
46,9349,0.040294841441987625,1.3376704658195488e-05,0.21115528963741237,0.7485364922159421,25,20,20
46,9350,0.04029484144198683,1.3376704653830017e-05,0.2111537069693991,0.7485380748839604,25,20,20
46,9351,0.040294841441944645,1.3375912556712479e-05,0.21110773940127125,0.7485840432442273,25,20,20
46,9352,0.040294841441944645,1.337591255671118e-05,0.21110773740364003,0.7485840452418586,25,20,20
46,9353,0.040294841441944534,1.3375912556783858e-05,0.21101553048666863,0.74867625215883,25,20,20
46,9354,0.04029484144413349,1.3375912763089475e-05,0.2172816408395729,0.7424101418035309,25,20,20
46,9355,0.04029484144413023,1.337591276301431e-05,0.21719893406097002,0.7424928485821373,25,20,20
46,9356,0.04029484144412701,1.337591276293902e-05,0.2171988147718232,0.7424929678712874,25,20,20
46,9357,0.04029484144412703,1.3375912763014307e-05,0.2172009785927409,0.7424908040503695,25,20,20
46,9358,0.04029484144413038,1.3375912766561242e-05,0.22344828815514867,0.7362434944879549,25,20,20
46,9359,0.04029484144413038,1.3375912770852633e-05,0.22345056660887966,0.7362412160342197,25,20,20
46,9360,0.040269113735830094,1.3354986612008149e-05,0.22348082574014405,0.7362367055374144,25,20,20
46,9361,0.040269113735830094,1.335498661200685e-05,0.22348082376703182,0.7362367075105267,25,20,20
46,9362,0.04026911373583011,1.3354986612156095e-05,0.22348544456517724,0.736232086712381,25,20,20
46,9363,0.04026911373583011,1.3354986616445952e-05,0.22349003423252906,0.7362274970450251,25,20,20
46,9364,0.0402691137358333,1.3354986861040926e-05,0.2234947532823329,0.7362227779949734,25,20,20
46,9365,0.0402691137358341,1.3354986861042225e-05,0.22350127926551575,0.7362162520117895,25,20,20
46,9366,0.04026911373583411,1.3354986861042454e-05,0.2234991426497506,0.7362183886275548,25,20,20
46,9367,0.04026911373587708,1.3354986857424193e-05,0.21725411741459663,0.7424634138626693,25,20,20
46,9368,0.040150548189978215,1.3354112447435721e-05,0.21737268383738534,0.7424634138601889,25,20,20
46,9369,0.04015246524108531,1.3354112690653378e-05,0.2174835869267423,0.7423505937194815,25,20,20
46,9370,0.04015246524108531,1.3354112690653378e-05,0.21748358636125228,0.7423505942849715,25,20,20
46,9371,0.04015054818997582,1.335411244591115e-05,0.2176342002881583,0.7422018974094198,25,20,20
46,9372,0.04015054818778693,1.3354112239606853e-05,0.21136811895037944,0.7484679787495938,25,20,20
46,9373,0.03996834851023141,1.8672080135164966e-05,0.21154536287015105,0.7484676165394823,25,20,20
46,9374,0.03996834849989276,1.8672080130894226e-05,0.2113655454965502,0.7486474339234264,25,20,20
46,9375,0.03996834849989595,1.8672080130969487e-05,0.21137034378281977,0.7486426356371534,25,20,20
46,9376,0.03996834850007688,1.8672080369674173e-05,0.21163009006404923,0.7483828893555046,25,20,20
46,9377,0.03999746123648355,1.8672925505261198e-05,0.21160763660848553,0.7483762292295261,25,20,20
46,9378,0.03999746123648675,1.867292574984342e-05,0.21161433897671522,0.7483695268610485,25,20,20
46,9379,0.04001356045743476,1.3927118004525565e-05,0.21160298172356076,0.7483695307009995,25,20,20
46,9380,0.04001356045743476,1.3927118004525565e-05,0.21160289488494521,0.7483696175396152,25,20,20
46,9381,0.04001356045743483,1.3927118008818277e-05,0.21160517387741315,0.7483673385471427,25,20,20
46,9382,0.03999931146995774,1.3926272877855691e-05,0.2116193065700518,0.748367455687112,25,20,20
46,9383,0.039999311469960934,1.3926272877932302e-05,0.21161937498502537,0.7483673872721353,25,20,20
46,9384,0.03999931146996014,1.3926272634937772e-05,0.21172612604167973,0.7482606362157246,25,20,20
46,9385,0.03999931146996014,1.3926272635010339e-05,0.21209911374111023,0.7478876485162939,25,20,20
46,9386,0.03999931147012171,1.3926284952689933e-05,0.21640072994090034,0.7435860323040244,25,20,20
46,9387,0.03999931148050122,1.3926284952765448e-05,0.21641078896794125,0.743575973266604,25,20,20
46,9388,0.03999931148050122,1.3926284952764149e-05,0.2164042652841343,0.743582496950411,25,20,20
46,9389,0.039999311480504375,1.3926284952763625e-05,0.21667049756816906,0.7433162646663731,25,20,20
46,9390,0.03999931148050438,1.3926284952687775e-05,0.21629739469984352,0.7436893675346988,25,20,20
46,9391,0.039999541873683105,1.4183538891501673e-05,0.21629572240504755,0.7436905521823773,25,20,20
46,9392,0.039999541873680024,1.4183538646919477e-05,0.2162906673983741,0.7436956071892986,25,20,20
46,9393,0.04018799532849594,1.4183538675385488e-05,0.21610221394352291,0.7436956071893057,25,20,20
46,9394,0.040187995328496734,1.418432690603097e-05,0.21643205983794997,0.7433657605066472,25,20,20
46,9395,0.040187995328496734,1.4184326905955703e-05,0.21643203340659437,0.7433657869380029,25,20,20
46,9396,0.04018799532849995,1.4184326910320613e-05,0.21643852546117087,0.7433592948834186,25,20,20
46,9397,0.040187995328499836,1.4184326910319292e-05,0.21643699188088977,0.7433608284636999,25,20,20
46,9398,0.04018799532845356,1.4184326910391671e-05,0.21656194947243787,0.7432358708721981,25,20,20
46,9399,0.04018799532845429,1.4184326910465376e-05,0.2165643740723323,0.7432334462723027,25,20,20
46,9400,0.0401879953286364,1.418432715512415e-05,0.21657107655310856,0.7432267437910997,25,20,20
46,9401,0.07998817457192825,1.4184326621059434e-05,0.17677089731035184,0.7432267437910994,25,20,20
46,9402,0.07998817457192825,1.4184326621059458e-05,0.176773094384234,0.743224546717217,25,20,20
46,9403,0.043646070730903375,1.4184326592682635e-05,0.21311519818641617,0.743224546756088,25,20,20
46,9404,0.04364607073090344,1.418432659283047e-05,0.21348822082050448,0.7428515241219995,25,20,20
46,9405,0.04364607073090024,1.4184326592755188e-05,0.21348353897084915,0.7428562059716581,25,20,20
46,9406,0.04364607073090025,1.4184326592756484e-05,0.21348356730683413,0.742856177635673,25,20,20
46,9407,0.04364607073089949,1.4184326592681508e-05,0.21348114271468016,0.7428586022278278,25,20,20
46,9408,0.08344871587621647,1.4159455285663248e-05,0.17367852652833768,0.7428585981401605,25,20,20
46,9409,0.08344871587621647,1.4159455285663248e-05,0.1736786124389396,0.7428585122295586,25,20,20
46,9410,0.08343385212983176,1.4159462958314077e-05,0.17369347446539177,0.7428585139418188,25,20,20
46,9411,0.08343385212983176,1.4159463202896298e-05,0.17369357248397554,0.7428584159229904,25,20,20
46,9412,0.0834338521298317,1.4159463202823731e-05,0.17332055186492526,0.7432314365420407,25,20,20
46,9413,0.08343385213001214,1.4159477016061635e-05,0.17369461674394493,0.7428573716490274,25,20,20
46,9414,0.08343385213001216,1.4159477016060337e-05,0.17369689454653423,0.7428550938464382,25,20,20
46,9415,0.08343385213001854,1.4159477015911163e-05,0.17369390370454735,0.7428580846884187,25,20,20
46,9416,0.08343385213001853,1.4159477015913758e-05,0.17369154940782633,0.7428604389851398,25,20,20
46,9417,0.11632087986325235,1.415948035428694e-05,0.14080452577207647,0.742860434884317,25,20,20
46,9418,0.11632087986325555,1.4159480598190431e-05,0.14093220360100595,0.7427327570551404,25,20,20
46,9419,0.11632087985305815,1.4159480593898602e-05,0.14092673905887576,0.742738221607472,25,20,20
46,9420,0.11936306526619761,1.4159479592763943e-05,0.1378845532698727,0.7427382219843368,25,20,20
46,9421,0.11936306526601724,1.41594657796013e-05,0.137515073806181,0.743107701462022,25,20,20
46,9422,0.11936285558548057,0.0003755289843395073,0.1371550986129727,0.743106516817207,25,20,20
46,9423,0.11936285558547974,0.0003755281961089358,0.1368318284973491,0.743429787721062,25,20,20
46,9424,0.11936285558547974,0.0003755281961088605,0.1368318265067228,0.7434297897116885,25,20,20
46,9425,0.11936285558529765,0.0003755281958642771,0.13682523733121463,0.7434363788876233,25,20,20
46,9426,0.11936285558529759,0.000375528195864202,0.13670041696640484,0.7435611992524334,25,20,20
46,9427,0.11936285557796779,0.0003755281956872087,0.12564373165513612,0.7546178845712087,25,20,20
46,9428,0.11936285557796461,0.0003755281954475963,0.12551847981459233,0.7547431364119954,25,20,20
46,9429,0.11936285557814502,0.00037552819569411236,0.12588758702062208,0.7543740292055388,25,20,20
46,9430,0.11936285557814502,0.00037552819569840396,0.12588759312367048,0.7543740231024861,25,20,20
46,9431,0.11936285557796288,0.00037552819569840266,0.12588593890804206,0.7543756773182967,25,20,20
46,9432,0.11936285557796289,0.0003755281956941868,0.12588135063315223,0.7543802655931908,25,20,20
46,9433,0.08275632602159648,0.0003768985608709422,0.1624865097884107,0.7543802656291215,25,20,20
46,9434,0.08275632602159576,0.0003768985606264353,0.16247992111059212,0.7543868543071853,25,20,20
46,9435,0.08275632602147973,0.0003768985485532029,0.15781003685066275,0.7590567385793043,25,20,20
46,9436,0.08275632602147974,0.00037689854855327867,0.1575438060071681,0.7593229694227989,25,20,20
46,9437,0.08295596986329584,0.00037689854855280785,0.1573441621653502,0.7593229694228012,25,20,20
46,9438,0.08295709653055777,1.37227549875293e-06,0.15765976509204796,0.7593817661018959,25,20,20
46,9439,0.1087867809592441,1.39855822709152e-06,0.1318265998735162,0.759385220609013,25,20,20
46,9440,0.10878678095924726,1.3985582313073942e-06,0.1318246992360849,0.7593871212464371,25,20,20
46,9441,0.10454695578414044,1.3726535893091426e-06,0.13606801900852109,0.7593836525537497,25,20,20
46,9442,0.10454474602339144,1.3726536172702444e-06,0.13607022876898237,0.7593836525540095,25,20,20
46,9443,0.10865430159718946,1.3724975195154555e-06,0.13176161284807686,0.7595827130572147,25,20,20
46,9444,0.10865430159737162,1.372497519665359e-06,0.13194105082314656,0.7594032750819626,25,20,20
46,9445,0.10865430159737163,1.3724975239549657e-06,0.13194765464239622,0.7593966712627085,25,20,20
46,9446,0.10865430159737162,1.3724975196620454e-06,0.1319475336017507,0.7593967923033582,25,20,20
46,9447,0.10865430159732611,1.372497275067094e-06,0.13194281322960397,0.7594015126757951,25,20,20
46,9448,0.10866546498178892,0.003306443925149136,0.12867567511537778,0.7593524159776844,25,20,20
46,9449,0.10866546498178892,0.003306443925149062,0.12867556126310548,0.7593525298299568,25,20,20
46,9450,0.10866546498178571,0.0033064439251489853,0.1286754928481318,0.7593525982449336,25,20,20
46,9451,0.10866546498160363,0.00330644392514891,0.12867091922384882,0.7593571718693986,25,20,20
46,9452,0.1168005774880149,0.0033066976746892584,0.12073471746423751,0.7591580073730586,25,20,20
46,9453,0.11680057748783353,0.003306697674689258,0.12055528350623723,0.75933744133124,25,20,20
46,9454,0.11680057748783032,0.0033066976746848912,0.12054867954087407,0.7593440452966108,25,20,20
46,9455,0.11444761628395372,0.0033053556520830896,0.12290298043261474,0.7593440476313481,25,20,20
46,9456,0.11444761628413591,0.003305355652078949,0.122898080357973,0.7593489477058116,25,20,20
46,9457,0.11444761628413591,0.0033053556520789497,0.12289796722759692,0.7593490608361877,25,20,20
46,9458,0.1144476162841751,0.0033053556520833156,0.12289651535518548,0.7593505127085554,25,20,20
46,9459,0.11444761628417513,0.003305355652079174,0.12289841601227608,0.7593486120514689,25,20,20
46,9460,0.11444761628417194,0.0033053556520790256,0.1229030004905249,0.7593440275732233,25,20,20
46,9461,0.11443651780052426,3.1140718994818385e-07,0.1262288407705066,0.7593343300217782,25,20,20
46,9462,0.11443651780052427,3.114071942860119e-07,0.12649501025711177,0.7590681605351688,25,20,20
46,9463,0.11080122052425452,3.39698568583997e-07,0.12969204136181758,0.759506398415359,25,20,20
46,9464,0.11080122052425452,3.3969856858397474e-07,0.12968745400975965,0.759510985767417,25,20,20
46,9465,0.11080122052420892,3.3969856421702846e-07,0.12968719486076233,0.7595112449164643,25,20,20
46,9466,0.11081769747081535,3.114157403462872e-07,0.13010524100601636,0.7590767501074278,25,20,20
46,9467,0.11081769747081532,3.1141574027104284e-07,0.13009871926516026,0.7590832718482843,25,20,20
46,9468,0.1108176974706344,3.1141549727672195e-07,0.12996189073206027,0.7592201003818084,25,20,20
46,9469,0.1108176974706344,3.114154972753834e-07,0.1298323651038038,0.7593496260100651,25,20,20
46,9470,0.11081769747063358,3.114155014157723e-07,0.1298388865041766,0.7593431046096888,25,20,20
46,9471,0.11081769747063679,3.114157459993134e-07,0.12984547707703756,0.7593365140365801,25,20,20
46,9472,0.11081769747063686,3.114157459992911e-07,0.1298455566194886,0.7593364344941287,25,20,20
46,9473,0.11081769747063681,3.1141574592531996e-07,0.1298455217731021,0.7593364693405152,25,20,20
46,9474,0.11081769747068236,3.1141575021671693e-07,0.1298478412798671,0.7593341498337005,25,20,20
46,9475,0.11081769747068236,3.1141575021542034e-07,0.1298431401877599,0.7593388509258077,25,20,20
46,9476,0.11081769747067917,3.114157459255876e-07,0.12983843803765102,0.7593435530759239,25,20,20
46,9477,0.11081769747067917,3.1141574592431347e-07,0.12983851151559636,0.7593434795979784,25,20,20
46,9478,0.109859248112665,1.1110344152385557e-06,0.1307211613496358,0.7594184795032841,25,20,20
46,9479,0.10985924811525972,1.1110483546178245e-06,0.1307333284048155,0.7594063124315703,25,20,20
46,9480,0.1098592481152598,1.111048599210204e-06,0.13073812393967502,0.7594015168964661,25,20,20
46,9481,0.1098592481153053,1.11104883958949e-06,0.13073635298410596,0.7594032878517493,25,20,20
46,9482,0.11415267463067731,1.111040569888273e-06,0.1264466695120589,0.7593995448166937,25,20,20
46,9483,0.1420540055575703,1.0819585659370485e-06,0.09854537009968631,0.7593995423841778,25,20,20
46,9484,0.14205400555738812,1.0819585657890655e-06,0.09854594183038559,0.759398970653661,25,20,20
46,9485,0.13305225324612946,1.016072281671079e-05,0.10753782974996884,0.7593997562810851,25,20,20
46,9486,0.13305225324613024,1.016072282100322e-05,0.10754253389099479,0.7593950521400542,25,20,20
46,9487,0.13305225324613104,1.016072282108114e-05,0.10754913895239016,0.7593884470786578,25,20,20
46,9488,0.13305225324613104,1.0160722821155111e-05,0.10754921999851157,0.7593883660325362,25,20,20
46,9489,0.13305225324613104,1.0160722821156409e-05,0.10754930103935026,0.7593882849916977,25,20,20
46,9490,0.13305225324613026,1.0160723065673484e-05,0.1075475289151838,0.7593900571156205,25,20,20
46,9491,0.13305225333749462,1.0188699638338529e-05,0.12284057504120378,0.7440969829216634,25,20,20
46,9492,0.13305225333744908,1.0188699633971864e-05,0.12283828692554298,0.7440992710373742,25,20,20
46,9493,0.1271042175158038,1.0188703629899501e-05,0.12878632273687007,0.744099271043696,25,20,20
46,9494,0.12710421751580378,1.0188703629974772e-05,0.12878632427365594,0.7440992695069102,25,20,20
46,9495,0.12710421751320908,1.0188689690598077e-05,0.1287741176254645,0.7441114761716358,25,20,20
46,9496,0.1271042175132546,1.0188689690673546e-05,0.1287720373270085,0.7441135564700463,25,20,20
46,9497,0.1271042175130749,1.0188689452608377e-05,0.12866456186429262,0.7442210319331799,25,20,20
46,9498,0.127104217513257,1.0188689697266288e-05,0.12867119529859036,0.7442143984984553,25,20,20
46,9499,0.12710129290284747,9.360815685210336e-06,0.12867295219187583,0.744216394089591,25,20,20
46,9500,0.12710129290284825,9.360815685359231e-06,0.12876516578729927,0.7441241804941666,25,20,20
46,9501,0.12710129290284825,9.360815440838844e-06,0.12913343413193662,0.7437559121497737,25,20,20
46,9502,0.12710129290284747,9.360815432312724e-06,0.12886718156740087,0.7440221647143187,25,20,20
46,9503,0.13276642085483503,9.106911817482137e-06,0.12320223159187077,0.7440222406414759,25,20,20
46,9504,0.1320913201475824,9.106919975955295e-06,0.12387733228822029,0.7440222406442212,25,20,20
46,9505,0.13209132014740113,9.106919975357149e-06,0.12396304464278289,0.7439365282898405,25,20,20
46,9506,0.1320913201474012,9.106919975358448e-06,0.12396304610413049,0.7439365268284928,25,20,20
46,9507,0.13209132014740116,9.106919975359128e-06,0.12359002531715994,0.7443095476154633,25,20,20
46,9508,0.13209132014740121,9.106919975433099e-06,0.12358778855091293,0.7443117843817104,25,20,20
46,9509,0.1320913201474044,9.106919979725891e-06,0.12358953915771355,0.7443100337749022,25,20,20
46,9510,0.13209132014740438,9.106919979650624e-06,0.1235917029440613,0.7443078699885547,25,20,20
46,9511,0.13209132014740432,9.106919979650624e-06,0.12359162244962463,0.7443079504829914,25,20,20
46,9512,0.16819170374294068,9.106911542816701e-06,0.08749123850223256,0.7443079508432838,25,20,20
46,9513,0.1681917037429399,9.106911538526891e-06,0.08748672686667679,0.7443124624788446,25,20,20
46,9514,0.1681917037429399,9.106911538525593e-06,0.08748672543453559,0.7443124639109858,25,20,20
46,9515,0.15961686313337312,3.276016554948536e-08,0.09607140385402507,0.7443117002524362,25,20,20
46,9516,0.15961686313337314,3.2760165550783094e-08,0.09607148492937366,0.7443116191770878,25,20,20
46,9517,0.15961686313337314,3.2760165624753866e-08,0.09607156596673809,0.7443115381397233,25,20,20
46,9518,0.15961686313337314,3.27601655520801e-08,0.09607618470604047,0.7443069194004209,25,20,20
46,9519,0.15961686313337314,3.2760165552103275e-08,0.09607610471546339,0.7443069993909981,25,20,20
46,9520,0.1596168631333276,3.275992088186804e-08,0.09607126976392738,0.7443118343428242,25,20,20
46,9521,0.15961686313336945,3.354582922431136e-08,0.09649900724638423,0.743884096074417,25,20,20
46,9522,0.15961686313336942,3.354582914772234e-08,0.09649892415739308,0.7438841791634081,25,20,20
46,9523,0.15961686313336862,3.354558937781195e-08,0.0964112818153432,0.7439718215056986,25,20,20
46,9524,0.1596168631333687,3.354558937785789e-08,0.09641139142839919,0.7439717118926426,25,20,20
46,9525,0.15961686313336862,3.3545585042625336e-08,0.09614517261767612,0.74423793070337,25,20,20
46,9526,0.18063104762241128,2.9640167102043723e-08,0.07512556143759902,0.7442433612998223,25,20,20
46,9527,0.18063117602273476,1.0144647818755174e-05,0.07519231563632087,0.7441663636931252,25,20,20
46,9528,0.18063117602273157,1.014464781446243e-05,0.07519059486468577,0.7441680844647678,25,20,20
46,9529,0.18063117602287185,1.0143861665901602e-05,0.07476089205239982,0.7445977880630619,25,20,20
46,9530,0.18063117602305356,1.0143861909956256e-05,0.07484895269179972,0.7445097274232363,25,20,20
46,9531,0.18112529906324937,1.0143786346137858e-05,0.07435490639198124,0.7445096507584228,25,20,20
46,9532,0.1811768927023745,1.014378634417158e-05,0.07430331319086964,0.7445096503204113,25,20,20
46,9533,0.18117689994093517,1.0144468566662367e-05,0.07996836240365694,0.7388445931868408,25,20,20
46,9534,0.15492497409780842,1.2739520456134525e-05,0.10620573263380644,0.7388565537479295,25,20,20
46,9535,0.15492497409780842,1.2739520456135823e-05,0.10620581312346902,0.738856473258267,25,20,20
46,9536,0.15492497409780923,1.2739534306504818e-05,0.10647318149245791,0.7385891048754268,25,20,20
46,9537,0.15492497409780917,1.2739534302214962e-05,0.10647317916622347,0.7385891072016656,25,20,20
46,9538,0.15492497409785455,1.273953454604848e-05,0.10660270777152298,0.7384595785960769,25,20,20
46,9539,0.1549249740978577,1.2739534546047184e-05,0.1066073302026624,0.7384549561649343,25,20,20
46,9540,0.1549249740978577,1.2739534546047159e-05,0.10660738437303394,0.7384549019945627,25,20,20
46,9541,0.15492497424008725,1.2740299138501269e-05,0.10814563732312031,0.7369166481376542,25,20,20
46,9542,0.12446008147361959,1.2740311265052763e-05,0.1386104061398467,0.736916772075268,25,20,20
46,9543,0.12395492152145234,1.2740489134200215e-05,0.13911554195542666,0.7369167960339866,25,20,20
46,9544,0.12395492152145554,1.274048913856687e-05,0.1391177086046355,0.7369146293847703,25,20,20
46,9545,0.12395492152145873,1.2740489382394668e-05,0.13924798538242864,0.7367843526067303,25,20,20
46,9546,0.12395492152145954,1.2740489386646262e-05,0.1396210884642138,0.7364112495249399,25,20,20
46,9547,0.12400469422594484,1.2740668267930569e-05,0.13957131429208547,0.7364112508137016,25,20,20
46,9548,0.12414722553881063,1.2740489389083845e-05,0.13942878444659157,0.7364112495252086,25,20,20
46,9549,0.12414722553881058,1.2740489389008578e-05,0.13942874507306446,0.7364112888987357,25,20,20
46,9550,0.12414722553880746,1.2740489145180757e-05,0.13930326600361975,0.7365367679684275,25,20,20
46,9551,0.12419258167048262,1.2740137755218365e-05,0.1392633614615163,0.7365313167302454,25,20,20
46,9552,0.12364946271312131,1.39978082734445e-05,0.1397993504591024,0.7365371890195024,25,20,20
46,9553,0.12364946271312131,1.3997808269154413e-05,0.13979718089937962,0.7365393585792295,25,20,20
46,9554,0.1236494627129396,1.3997808025172456e-05,0.1397045395859896,0.7366319998930453,25,20,20
46,9555,0.12345713441026895,1.399780802322289e-05,0.13989686788880065,0.7366319998929067,25,20,20
46,9556,0.12345713441026815,1.3997808023074e-05,0.13980457394348644,0.7367242938382218,25,20,20
46,9557,0.12365344441849194,1.3997808022097377e-05,0.13960826393539627,0.736724293838089,25,20,20
46,9558,0.12365344441848926,1.3997808024937841e-05,0.1535733988051503,0.7227591589683349,25,20,20
46,9559,0.12365344441848927,1.3997808020574874e-05,0.15358240562888878,0.7227501521446007,25,20,20
46,9560,0.12365344452542364,1.3998382662878969e-05,0.16466586899858554,0.7116666880933274,25,20,20
46,9561,0.12365344452542368,1.3998382662880268e-05,0.16466117059696067,0.7116713864949524,25,20,20
46,9562,0.12365344452542294,1.3998368812585265e-05,0.16439383702361637,0.7119387200821476,25,20,20
46,9563,0.12365344452542301,1.3998368816802449e-05,0.16439845810775133,0.7119340989980083,25,20,20
46,9564,0.12387016860710318,1.4003245710654364e-05,0.16418175269282503,0.7119340754543603,25,20,20
46,9565,0.12387016860705766,1.4003245710651723e-05,0.16417262765699664,0.7119432004902342,25,20,20
46,9566,0.12387016860705768,1.4003245714941533e-05,0.16417505164329774,0.7119407765039288,25,20,20
46,9567,0.12387016860705767,1.400324571494202e-05,0.1641705447583163,0.7119452833889102,25,20,20
46,9568,0.12387016860705767,1.4003245714940722e-05,0.16417043229646083,0.7119453958507655,25,20,20
46,9569,0.12387016860701233,1.4003245475398309e-05,0.16404557938074768,0.7120702487667637,25,20,20
46,9570,0.12387016860701239,1.4003245475473562e-05,0.16405019867565784,0.7120656294718535,25,20,20
46,9571,0.12387016136845168,1.4002563252982774e-05,0.1583851494628703,0.717730686605424,25,20,20
46,9572,0.12387016136845168,1.4002563252981476e-05,0.15838515003641307,0.7177306860318814,25,20,20
46,9573,0.12387016136845168,1.4002563248691666e-05,0.15838052840116357,0.7177353076671352,25,20,20
46,9574,0.12387016136845169,1.400256325298328e-05,0.15838072306250772,0.7177351130057867,25,20,20
46,9575,0.12387016136845164,1.4002563252834037e-05,0.1583760226868588,0.7177398133814359,25,20,20
46,9576,0.12387016136845169,1.4002563252907529e-05,0.15864227480284093,0.7174735612654536,25,20,20
46,9577,0.12387016137113978,1.4002576750944886e-05,0.15993204254827328,0.7161837935038352,25,20,20
46,9578,0.12387016137113978,1.4002576751018872e-05,0.15993674240803582,0.7161790936440725,25,20,20
46,9579,0.12387003292458788,3.8923908709391515e-06,0.1599469812936756,0.7161790933908643,25,20,20
46,9580,0.12387003292463335,3.892391115523969e-06,0.15995352259220202,0.716172552092048,25,20,20
46,9581,0.12174590098198722,2.635179387909837e-06,0.16167316543122912,0.716578298407396,25,20,20
46,9582,0.12174590097934768,2.6351658941517336e-06,0.16050853922021896,0.7177429246345386,25,20,20
46,9583,0.12009630829709589,4.012915169414721e-08,0.16217268750028058,0.7177309640734726,25,20,20
46,9584,0.1200963082970991,4.012915605952529e-08,0.16217499383387646,0.7177286577398689,25,20,20
46,9585,0.12009630829705362,4.0128911476006036e-08,0.16216837125387237,0.7177352803201632,25,20,20
46,9586,0.1153247580343036,4.361182561676943e-08,0.16693990200777759,0.7177352963460939,25,20,20
46,9587,0.11532475803448575,4.361182569208506e-08,0.16694000960855665,0.7177351887451324,25,20,20
46,9588,0.11532475803430355,4.361182561417396e-08,0.1669398991633684,0.7177352991905029,25,20,20
46,9589,0.11532475810026403,1.6424753047203638e-08,0.15189570101380256,0.7327795244611808,25,20,20
46,9590,0.11532475810026326,1.6424748796908206e-08,0.1515292016331429,0.7331460238418452,25,20,20
46,9591,0.11532475810049837,1.642474596899172e-08,0.17393206251441654,0.7107431629603377,25,20,20
46,9592,0.1153247581004952,1.6424745895020187e-08,0.1739319929508655,0.710743232523892,25,20,20
46,9593,0.11532475810049514,1.6424745821550164e-08,0.17367036158115706,0.7110048638936006,25,20,20
46,9594,0.11532475810049508,1.6424745820252434e-08,0.17367027908930566,0.7110049463854522,25,20,20
46,9595,0.11143316415748325,1.1452771234447827e-08,0.17756187841349116,0.7110049459762533,25,20,20
46,9596,0.11143461862916312,1.087831411124115e-08,0.176210937877529,0.712354432614993,25,20,20
46,9597,0.11053275857857986,7.956669650254707e-05,0.17744498063244177,0.7119426940924752,25,20,20
46,9598,0.11459668035346668,7.956661524679029e-05,0.17338105894497072,0.7119426940863153,25,20,20
46,9599,0.1147188848827687,7.956661368421293e-05,0.17325885442467887,0.7119426940788677,25,20,20
46,9600,0.11471888488272011,7.956661367985838e-05,0.17313359234668102,0.7120679561569183,25,20,20
46,9601,0.12043126748511951,7.956170512358287e-05,0.16742121119387804,0.7120679596158784,25,20,20
46,9602,0.12043126748511951,7.956170512351022e-05,0.1674166238203132,0.7120725469894434,25,20,20
46,9603,0.12042981290650602,7.956170494262078e-05,0.1576810518972321,0.7218095734913192,25,20,20
46,9604,0.12042981290650606,7.95617051856164e-05,0.15794740382847827,0.7215432215598301,25,20,20
46,9605,0.12042981290650606,7.956170518561772e-05,0.1579474308788042,0.7215431945095042,25,20,20
46,9606,0.12042981290650932,7.956170518561772e-05,0.15795404589033157,0.7215365794979735,25,20,20
46,9607,0.15471129275365675,7.956170630474697e-05,0.12367256950063087,0.7215365760394077,25,20,20
46,9608,0.15471129275365675,7.956170630474564e-05,0.12367273258240476,0.7215364129576336,25,20,20
46,9609,0.15471129275365672,7.956170630060506e-05,0.12367273031848292,0.7215364152215596,25,20,20
46,9610,0.15471129275365986,7.956170630053239e-05,0.12367264489672572,0.7215365006433139,25,20,20
46,9611,0.15471129275366066,7.956170630068163e-05,0.123677265906884,0.7215318796331545,25,20,20
46,9612,0.1547116579171238,7.956170630410264e-05,0.12676170265037529,0.7184470777261964,25,20,20
46,9613,0.15471165777470888,7.956094170728206e-05,0.12521871254647043,0.7199900687371131,25,20,20
46,9614,0.15471165777470808,7.95609417029919e-05,0.1252216651735035,0.7199871161100851,25,20,20
46,9615,0.15471165777470813,7.956094170306717e-05,0.1252232616485377,0.7199855196350508,25,20,20
46,9616,0.15471165777470813,7.956094170314114e-05,0.12522331570469888,0.7199854655788895,25,20,20
46,9617,0.15471165777729623,7.956094219099653e-05,0.1253305314411656,0.7198782498393471,25,20,20
46,9618,0.15406832491857408,7.956602132034884e-05,0.1259725035408281,0.7198796055192779,25,20,20
46,9619,0.15406832491857095,7.956602132027228e-05,0.12597258281885854,0.7198795262412506,25,20,20
46,9620,0.15406832491875308,7.956602132456499e-05,0.12597479155347924,0.7198773175064436,25,20,20
46,9621,0.15406832491875305,7.956602132027469e-05,0.1259746233459313,0.7198774857139958,25,20,20
46,9622,0.15406832491875308,7.956602132456478e-05,0.1259722010628739,0.7198799079970489,25,20,20
46,9623,0.15406832491875314,7.956602132464133e-05,0.1259738240227441,0.7198782850371787,25,20,20
46,9624,0.15406832491875308,7.956602132471659e-05,0.12597377610151972,0.7198783329584031,25,20,20
46,9625,0.1540683249187499,7.956602132034992e-05,0.12597309061586606,0.7198790184440641,25,20,20
46,9626,0.15406832491874986,7.956602132034861e-05,0.12596660029953322,0.7198855087603969,25,20,20
46,9627,0.15406832491874986,7.956602132042386e-05,0.1259715822581632,0.719880526801767,25,20,20
46,9628,0.1540683249187504,7.956602131892525e-05,0.13993917587274163,0.7059129331871894,25,20,20
46,9629,0.15406832491875033,7.956602131470761e-05,0.1399390944819409,0.7059130145779945,25,20,20
46,9630,0.15406832491875033,7.956602131470895e-05,0.13994379374478558,0.7059083153151497,25,20,20
46,9631,0.15406832491875033,7.956602131463628e-05,0.1399372700264033,0.7059148390335322,25,20,20
46,9632,0.1880071727863202,9.72820927530089e-09,0.10607798247177269,0.7059148350136979,25,20,20
46,9633,0.18800717278636556,9.728213476497922e-09,0.10620588865951991,0.7057869288259013,25,20,20
46,9634,0.18800717278659212,9.742120200461003e-09,0.09233379541582161,0.7196590220554663,25,20,20
46,9635,0.18800717278418289,9.741877001243402e-09,0.09222655528134932,0.719766262192591,25,20,20
46,9636,0.18800717262685798,8.952132309492059e-09,0.09197298624357382,0.7200198321774363,25,20,20
46,9637,0.1880071726268611,8.952132309469826e-09,0.09197298624817868,0.7200198321728283,25,20,20
46,9638,0.18800717262667901,8.952128093357342e-09,0.09197072961780323,0.72002208880339,25,20,20
46,9639,0.18800717262667901,8.952128019386218e-09,0.09197061576350636,0.7200222026576868,25,20,20
46,9640,0.1827039721979801,3.872998696032319e-09,0.09727517695104225,0.7200208469779791,25,20,20
46,9641,0.18270397219798062,3.87300148836336e-09,0.111245101704331,0.7060509222246868,25,20,20
46,9642,0.18270397219798062,3.873001561013228e-09,0.1112449922426136,0.7060510316864042,25,20,20
46,9643,0.18270397219798068,3.873005851330036e-09,0.11124048766563271,0.7060555362633804,25,20,20
46,9644,0.18270397219798384,3.873009993722063e-09,0.11123598353941612,0.7060600403895897,25,20,20
46,9645,0.17961276027312986,1.8429547846890874e-07,0.11432614029926098,0.7060609151321303,25,20,20
46,9646,0.17961276027313308,1.8429547854417784e-07,0.11432614080044512,0.706060914630943,25,20,20
46,9647,0.1486563524396124,6.332618231575113e-09,0.14524679274368318,0.7060968484840854,25,20,20
46,9648,0.14865635243961317,6.332618306832356e-09,0.14525339835597154,0.7060902428717961,25,20,20
46,9649,0.14865511219211838,6.332618814454677e-09,0.14525463860333265,0.7060902428719293,25,20,20
46,9650,0.14865511219211838,6.332618889723944e-09,0.14525464003941663,0.7060902414358453,25,20,20
46,9651,0.1486551121921152,6.332614524138e-09,0.14526104706707715,0.7060838344081923,25,20,20
46,9652,0.14853081632582582,6.3326419000279715e-09,0.14538534293321118,0.7060838344083202,25,20,20
46,9653,0.14824618036393453,6.334273618019897e-09,0.1456699548714722,0.706083858430319,25,20,20
46,9654,0.1482461803641167,6.33428212553121e-09,0.1456722345091017,0.7060815787924989,25,20,20
46,9655,0.1482461803641166,6.334282050262356e-09,0.1456721206297658,0.7060816926718348,25,20,20
46,9656,0.1482461803641166,6.334282048942474e-09,0.14566563230299243,0.7060881809986083,25,20,20
46,9657,0.14824618036411658,6.334286263305625e-09,0.1456706140456164,0.7060831992559801,25,20,20
46,9658,0.14824618036411658,6.3342863359790174e-09,0.1456706488219984,0.706083164479598,25,20,20
46,9659,0.16856343438598223,3.360201339865739e-05,0.12531698900575183,0.7060859745948666,25,20,20
46,9660,0.16209270972016282,3.39221185743885e-05,0.13178736633668994,0.7060860018245727,25,20,20
46,9661,0.16209270972252457,3.396335476454424e-05,0.1353712837059493,0.7025020432167614,25,20,20
46,9662,0.18174986151445638,3.6767314112117396e-07,0.11575053770831302,0.7024992331040888,25,20,20
46,9663,0.18174986151445321,3.676728981268565e-07,0.11548418716998604,0.702765583642662,25,20,20
46,9664,0.181272440615509,3.676602685854826e-07,0.11596160808364286,0.702765583640579,25,20,20
46,9665,0.18127244061550896,3.67660264295853e-07,0.11595508385649735,0.7027721078677286,25,20,20
46,9666,0.1509279771432011,2.156852187412748e-06,0.11852355856959967,0.7305463074350114,25,20,20
46,9667,0.15092797714083855,2.115615997181756e-06,0.11493303559007707,0.7341368716530867,25,20,20
46,9668,0.15092797714083855,2.1156159971078303e-06,0.11493292174435997,0.7341369854988039,25,20,20
46,9669,0.1509279771407932,2.1156159929053072e-06,0.11480809388319485,0.7342618133600186,25,20,20
46,9670,0.15092797714341374,2.1156159901903553e-06,0.10114105713417638,0.7479288501064191,25,20,20
46,9671,0.15092797714079267,2.1156159901129763e-06,0.10083816912990587,0.7482317381133109,25,20,20
46,9672,0.15092797714056558,2.1156020805975322e-06,0.10074050569221596,0.7483294015651373,25,20,20
46,9673,0.15092797735625463,2.115891757487093e-06,0.12616150691039116,0.7229083998415965,25,20,20
46,9674,0.15092797735643473,2.115891761599655e-06,0.1264231518942007,0.7226467548576025,25,20,20
46,9675,0.15092797735643476,2.1158917616729003e-06,0.1267962537183587,0.7222736530334446,25,20,20
46,9676,0.1509279773564348,2.1158917659493423e-06,0.12692107403645728,0.7221488327153418,25,20,20
46,9677,0.15109675901180858,2.11589644552197e-06,0.1267522919471381,0.7221488331446076,25,20,20
46,9678,0.1510967590144033,2.115910384899965e-06,0.12676449705944498,0.7221366280157666,25,20,20
46,9679,0.1510967590144033,2.1159103849752474e-06,0.1267690844229529,0.7221320406522587,25,20,20
46,9680,0.1510967590144041,2.115910384901978e-06,0.1264027151962276,0.7224984098789833,25,20,20
46,9681,0.15135607000186974,2.115905725049431e-06,0.1261434046430904,0.7224984094493146,25,20,20
46,9682,0.15169017476686933,2.115993207478138e-06,0.12580932380528118,0.7224983854346418,25,20,20
46,9683,0.15169017476686933,2.1159932075521005e-06,0.12580932384570295,0.7224983853942198,25,20,20
46,9684,0.15169017476668833,2.1159932033642874e-06,0.12554309191295687,0.722764617327151,25,20,20
46,9685,0.16025487459601467,1.7958880043800977e-06,0.11697873904124079,0.7227645904747395,25,20,20
46,9686,0.12026309615850819,1.7959018434819419e-06,0.1569705174015467,0.722764590538102,25,20,20
46,9687,0.12025734774228403,2.0509723808149974e-06,0.15701281934291186,0.7227277819424246,25,20,20
46,9688,0.11590124398015662,2.5872875166618195e-07,0.1494027796084154,0.7346957176826774,25,20,20
46,9689,0.11590125238653873,2.5872875174292096e-07,0.14939914294206674,0.7346993459426439,25,20,20
46,9690,0.1159012523865395,2.5872875189216123e-07,0.14939929691381498,0.7346991919708947,25,20,20
46,9691,0.11964758461464836,2.5873186864116804e-07,0.14565296506594097,0.734699191587543,25,20,20
46,9692,0.11964758461464843,2.5873186864378627e-07,0.14565285203944142,0.7346993046140424,25,20,20
46,9693,0.11964758461464838,2.5873186856852607e-07,0.14564823264421314,0.7347039240092709,25,20,20
46,9694,0.11964758461465076,2.587321123254194e-07,0.1457776005176686,0.7345745561355692,25,20,20
46,9695,0.11964758461210112,2.5950432587340403e-07,0.14619972145875793,0.7341524344248159,25,20,20
46,9696,0.11964758461209794,2.5950408204121837e-07,0.14607031346600277,0.7342818424178182,25,20,20
46,9697,0.11964758461209792,2.595040864063119e-07,0.14606828303013247,0.7342838728536841,25,20,20
46,9698,0.11964758461209792,2.5950408633234075e-07,0.14606820198401102,0.7342839538998056,25,20,20
46,9699,0.11964758461209792,2.5950408633234075e-07,0.14606812294080357,0.7342840329430129,25,20,20
46,9700,0.1196475846120979,2.595040863310661e-07,0.14606821035921203,0.7342839455246044,25,20,20
46,9701,0.11964758461223493,2.5871817800003974e-07,0.14563860335985,0.7347135533097378,25,20,20
46,9702,0.11964758461228041,2.5871818228837094e-07,0.14564520725864274,0.7347069494108953,25,20,20
46,9703,0.11964758461228361,2.5871818236236276e-07,0.14564682938736198,0.7347053272821725,25,20,20
46,9704,0.1196475846121015,2.5871793776611225e-07,0.1456420749023914,0.7347100817675698,25,20,20
46,9705,0.10848217392522594,2.5878550573212885e-07,0.1568074680703129,0.7347100992189559,25,20,20
46,9706,0.1084821282707015,2.596144758542032e-07,0.15680751296682652,0.7347100991479962,25,20,20
46,9707,0.10855596767877049,2.5952536230089734e-07,0.15673367364785706,0.7347100991480101,25,20,20
46,9708,0.10855596767858838,2.5952536147452893e-07,0.15685649229923038,0.7345872804968197,25,20,20
46,9709,0.10855596767858851,2.5952560546066124e-07,0.15694867145348632,0.7344951013423198,25,20,20
46,9710,0.10863109860632215,2.5952248830949865e-07,0.1568735405291302,0.7344951013420594,25,20,20
46,9711,0.1485996755509224,2.5952248680272264e-07,0.1174474270492829,0.733952637877308,25,20,20
46,9712,0.14859967555074027,2.595224782938908e-07,0.11744514740289516,0.7339549175238862,25,20,20
46,9713,0.14859967555074027,2.595224782186443e-07,0.11744503296253804,0.7339550319642434,25,20,20
46,9714,0.14859967555073714,2.5952247392703003e-07,0.11744487517840792,0.7339551897483808,25,20,20
46,9715,0.14866160152940774,8.280760419435821e-05,0.11730039898577008,0.7339551918806287,25,20,20
46,9716,0.14853768589233174,8.28076057287847e-05,0.11742431462864678,0.7339551918732937,25,20,20
46,9717,0.1485376858923318,8.280760573307453e-05,0.11742897679538951,0.7339505297065463,25,20,20
46,9718,0.1485376858925139,8.280760573736568e-05,0.11743368061750938,0.73394582588424,25,20,20
46,9719,0.1233092594153193,8.283361004349635e-05,0.14266197209856252,0.7339459348760752,25,20,20
46,9720,0.1233092594153193,8.283361004357033e-05,0.14266205314468394,0.7339458538299537,25,20,20
46,9721,0.12330878182669469,8.283281989553743e-05,0.14240468808644194,0.7342036972669682,25,20,20
46,9722,0.1233087818266955,8.283282014005841e-05,0.14240944052931145,0.7341989448238535,25,20,20
46,9723,0.12330878182926666,8.283281989607293e-05,0.1426911466024194,0.7339172387484182,25,20,20
46,9724,0.12330878182926666,8.283281989607423e-05,0.1426911799964782,0.7339172053543592,25,20,20
46,9725,0.12330878182926668,8.283281989607426e-05,0.1426911799964782,0.7339172053543593,25,20,20
46,9726,0.12330878182926668,8.283281989607552e-05,0.14269106551408844,0.7339173198367491,25,20,20
46,9727,0.12168963795272118,8.28067524183576e-05,0.14431035953994756,0.733917195754913,25,20,20
46,9728,0.1216896379631016,8.280675290752434e-05,0.14431697906436386,0.733910576219627,25,20,20
46,9729,0.12168963796310167,8.280675290759965e-05,0.14431701845021003,0.7339105368337807,25,20,20
46,9730,0.12168963795272125,8.280675241843162e-05,0.1443102870742135,0.733917268220647,25,20,20
46,9731,0.12168963795272118,8.280675241843057e-05,0.14430786247514518,0.7339196928197153,25,20,20
46,9732,0.12168963795254227,8.280676635344215e-05,0.14431547818392096,0.7339120770971834,25,20,20
46,9733,0.1216896379525422,8.280676635336557e-05,0.14431543679841868,0.7339121184826858,25,20,20
46,9734,0.1216896379499709,8.280676635336623e-05,0.1439437138462339,0.734283841437442,25,20,20
46,9735,0.12162773693568925,2.8047596337454824e-08,0.14408839346300015,0.7342838415537145,25,20,20
46,9736,0.12162772852930714,2.8047592058236747e-08,0.14396720982250266,0.7344050336005984,25,20,20
46,9737,0.12162772852935273,2.8047596424618418e-08,0.14397200480068706,0.734400238622364,25,20,20
46,9738,0.12162772852935273,2.8047356883115178e-08,0.14384908756995296,0.7345231558533376,25,20,20
46,9739,0.12162772852935273,2.8047356959677636e-08,0.14385136569723683,0.7345208777260537,25,20,20
46,9740,0.12162772852935279,2.8047361174246584e-08,0.14385379008815258,0.7345184533351337,25,20,20
46,9741,0.11971598442782129,5.447280993169574e-08,0.14576538628677915,0.7345185748125894,25,20,20
46,9742,0.11971598442782126,5.4472809931696136e-08,0.1457654627955409,0.7345184983038275,25,20,20
46,9743,0.11961162720644443,5.4565015020937874e-08,0.1458698199170085,0.7345184983115318,25,20,20
46,9744,0.11961162720644522,5.4565014946994466e-08,0.1458676217162624,0.7345206965122771,25,20,20
46,9745,0.11961162720644522,5.4565015020988425e-08,0.1458677014851114,0.7345206167434278,25,20,20
46,9746,0.11961162769681925,5.427644812377292e-08,0.1573170523938959,0.7230712656328363,25,20,20
46,9747,0.11961162769869209,5.485091682324463e-08,0.16840368077615747,0.7119846366742325,25,20,20
46,9748,0.11961162769868894,5.483697759579439e-08,0.16839147512459773,0.7119968423397347,25,20,20
46,9749,0.11961162769868974,5.483697759449641e-08,0.16881565251199804,0.7115726649523334,25,20,20
46,9750,0.11961191421595316,5.538088761397422e-08,0.1688079114936549,0.7115801189095032,25,20,20
46,9751,0.1196119142159532,5.538088776450987e-08,0.16881443382154976,0.7115735965816082,25,20,20
46,9752,0.11961191421595246,5.538064745936801e-08,0.16881430246224494,0.7115737279411541,25,20,20
46,9753,0.11961191421595242,5.538064316951196e-08,0.16880960190705913,0.7115784284963442,25,20,20
46,9754,0.11961191421595557,5.538064324250427e-08,0.16907583429243725,0.7113121961109629,25,20,20
46,9755,0.11961056288966777,5.8998436887668655e-08,0.16907730579728206,0.7113120723146125,25,20,20
46,9756,0.11961056288962224,5.899843259674241e-08,0.1690707255387567,0.7113186525731879,25,20,20
46,9757,0.11961056288962223,5.8998436737844924e-08,0.16906614468126224,0.7113232334306785,25,20,20
46,9758,0.1196105628896222,5.8998436662575644e-08,0.1690726351294637,0.7113167429824777,25,20,20
46,9759,0.1596083990372349,5.815406078188597e-08,0.12907479982622785,0.7113167429824769,25,20,20
46,9760,0.1596083990372349,5.8154056565754816e-08,0.12907722212053774,0.711314320688171,25,20,20
46,9761,0.15960839834566243,5.815297085561291e-08,0.13213689971391204,0.7082546437874551,25,20,20
46,9762,0.15960839834566318,5.815297078166656e-08,0.13213045078402513,0.7082610927173414,25,20,20
46,9763,0.15948217314495983,6.329409494136787e-08,0.1322566704211208,0.7082610931398247,25,20,20
46,9764,0.15948217314495985,6.329409501662493e-08,0.13225666887953166,0.7082610946814138,25,20,20
46,9765,0.15905855691992923,6.347180269173913e-08,0.13268026057849128,0.7082611190297773,25,20,20
46,9766,0.15905855691992932,6.34718069682016e-08,0.13280979380824673,0.7081315858000174,25,20,20
46,9767,0.15905855691992932,6.347180689294457e-08,0.1328032693790652,0.708138110229199,25,20,20
46,9768,0.15905855691992934,6.34718111106111e-08,0.1327986359574517,0.7081427436508083,25,20,20
46,9769,0.15905855692062473,6.289758475304477e-08,0.12208351358042044,0.7188578666013705,25,20,20
46,9770,0.15905855692062473,6.289758903210017e-08,0.12178885647280747,0.7191525237089793,25,20,20
46,9771,0.15905855692062712,6.291152591212257e-08,0.12166633421286807,0.7192750459549794,25,20,20
46,9772,0.1590585569206271,6.291152598605832e-08,0.12167282254476763,0.7192685576230796,25,20,20
46,9773,0.1590585569206239,6.291152591306607e-08,0.12140655736146959,0.719534822806381,25,20,20
46,9774,0.1590585575106471,6.292542803965282e-08,0.12152544552185342,0.7194159340420718,25,20,20
46,9775,0.15905855751065026,6.292567045687015e-08,0.12189854093445743,0.7190428386292221,25,20,20
46,9776,0.15905855751065265,6.292567045666247e-08,0.12190044328005335,0.7190409362836236,25,20,20
46,9777,0.15905855751065268,6.292566624084643e-08,0.1218958550571392,0.7190455245065418,25,20,20
46,9778,0.15905855750808207,6.292542382627052e-08,0.1215228048520957,0.7194185747143983,25,20,20
46,9779,0.15905855750808207,6.292542375227655e-08,0.1215227250832465,0.7194186544832475,25,20,20
46,9780,0.15905855750803657,6.292541938589566e-08,0.12151792961034195,0.7194234499562019,25,20,20
46,9781,0.15905855750803893,6.292542374946e-08,0.12152445619735461,0.7194169233691825,25,20,20
46,9782,0.15906499643896782,6.292547853171958e-08,0.12151801726649936,0.7194169233690542,25,20,20
46,9783,0.15906499643897104,6.292547860828618e-08,0.12151805258873778,0.7194168880468126,25,20,20
46,9784,0.15509526386948658,6.292555461179693e-08,0.1254877847678708,0.7194168884370881,25,20,20
46,9785,0.15509526386948655,6.292555461049912e-08,0.12548781754075178,0.719416855664207,25,20,20
46,9786,0.15509526386948422,6.292555881300961e-08,0.12561723721280024,0.7192874359921566,25,20,20
46,9787,0.15509526386948103,6.292555444812478e-08,0.12561063269890593,0.7192940405060585,25,20,20
46,9788,0.15509526386948103,6.292555444942291e-08,0.12561074774896974,0.719293925455995,25,20,20
46,9789,0.15540911446033256,5.634128885139585e-07,0.12530137852910847,0.7192889435976707,25,20,20
46,9790,0.15540911446033256,5.634128885126603e-07,0.12530126464049582,0.7192890574862832,25,20,20
46,9791,0.1607929493501391,3.6239089874244665e-08,0.11992043126883546,0.7192865831419353,25,20,20
46,9792,0.16079294935013988,3.623908565921197e-08,0.1199203792517365,0.7192866351590377,25,20,20
46,9793,0.1607929493501399,3.623933017889544e-08,0.1199250988857168,0.7192819155248129,25,20,20
46,9794,0.16449928794514337,3.6243949684720494e-08,0.11621876066894357,0.7192819151419633,25,20,20
46,9795,0.16449928794514337,3.624419000323296e-08,0.11609406096229721,0.7194066148483692,25,20,20
46,9796,0.16475278813187175,3.623952535051196e-08,0.11584056077259344,0.7194066148560093,25,20,20
46,9797,0.16475278813187166,3.623952527649489e-08,0.11584055932765609,0.7194066163009468,25,20,20
46,9798,0.1647527881318717,3.6239280756808984e-08,0.11583734749104226,0.7194098281378052,25,20,20
46,9799,0.16475278813187177,3.623928083210022e-08,0.11583746140521191,0.7194097142236354,25,20,20
46,9800,0.16475278870000892,3.6239276627862775e-08,0.11731782431195988,0.7179293507487544,25,20,20
46,9801,0.16475278870000884,3.6239276629182876e-08,0.11731790396715347,0.7179292710935612,25,20,20
46,9802,0.16475278870000967,3.623927662916865e-08,0.11731803283605602,0.7179291422246579,25,20,20
46,9803,0.16475278870000967,3.6239276630501024e-08,0.11731151112123828,0.7179356639394757,25,20,20
46,9804,0.16475278870000967,3.623927663050075e-08,0.11731143901325947,0.7179357360474546,25,20,20
46,9805,0.1647527881100259,3.623791019397263e-08,0.12185135468431624,0.7133958209677483,25,20,20
46,9806,0.1647527881101672,3.6239270244477734e-08,0.11732975918230748,0.7179174164682555,25,20,20
46,9807,0.16475278811016725,3.6239266028340984e-08,0.11758948588016732,0.7176576897703995,25,20,20
46,9808,0.16475278811016408,3.623926173871178e-08,0.11758948413173183,0.7176576915188423,25,20,20
46,9809,0.16475278811016406,3.6239261663944173e-08,0.11732315236224715,0.717924023288327,25,20,20
46,9810,0.1920254450932008,3.5563661104389275e-08,0.090050496051682,0.717924023291456,25,20,20
46,9811,0.19202544509320163,3.556366117964632e-08,0.09005709905843098,0.7179174202847061,25,20,20
46,9812,0.19202544510355007,3.557756379470058e-08,0.09018510598363996,0.7177894133352462,25,20,20
46,9813,0.1920254451035509,3.557756386996984e-08,0.09018522112725805,0.7177892981916272,25,20,20
46,9814,0.19202544510355016,3.557756379467812e-08,0.09018523368056297,0.7177892856383231,25,20,20
46,9815,0.1920254451138995,3.557756387215169e-08,0.09030820296165207,0.7176663163468845,25,20,20
46,9816,0.19202544511389955,3.557756820870303e-08,0.0905744338421723,0.7174000854663599,25,20,20
46,9817,0.19045412513763138,1.0640243744774098e-06,0.09213984853182673,0.7174049623061676,25,20,20
46,9818,0.18141777867326642,1.2437736953259697e-06,0.10117599944561599,0.7174049781074225,25,20,20
46,9819,0.18141777867326322,1.243759754168212e-06,0.10116908050359268,0.7174118970633901,25,20,20
46,9820,0.181417778105126,1.2437599986768916e-06,0.09956588660432451,0.719015091530551,25,20,20
46,9821,0.18141777810512594,1.2437599943865748e-06,0.09956573129541098,0.719015246839469,25,20,20
46,9822,0.18141777810512594,1.243759994386566e-06,0.09957035005350193,0.719010628081378,25,20,20
46,9823,0.181417778105126,1.243759994387872e-06,0.09956576410769255,0.719015214027187,25,20,20
46,9824,0.18141777810512605,1.2437599943866337e-06,0.09955932379606622,0.7190216543388134,25,20,20
46,9825,0.1814177781051261,1.2437599986782712e-06,0.09955944000695481,0.7190215381279205,25,20,20
46,9826,0.18141777810512605,1.2437599943852911e-06,0.09955947331628924,0.7190215048185904,25,20,20
46,9827,0.181417778105126,1.2437599943839708e-06,0.09955947329142704,0.7190215048434527,25,20,20
46,9828,0.1814177781051292,1.2437738927963713e-06,0.09968439442093176,0.7188965837000464,25,20,20
46,9829,0.18250030044913468,1.2436989628032647e-06,0.09860187215823171,0.7188965836936709,25,20,20
46,9830,0.18250030043878457,1.2436989626518324e-06,0.09847229929685096,0.7190261565654019,25,20,20
46,9831,0.18102138513591678,1.281551688799219e-06,0.09995117373501695,0.7190261595773777,25,20,20
46,9832,0.1810213851383108,1.2823264453323468e-06,0.10012275504249786,0.7188545774927461,25,20,20
46,9833,0.18102138513831,1.2823262008240745e-06,0.100116133053586,0.7188611994819033,25,20,20
46,9834,0.18102138513830993,1.2823262008240743e-06,0.1001161659362583,0.7188611665992307,25,20,20
46,9835,0.18102138513830987,1.2823262007771518e-06,0.09985642707964448,0.7191209054558446,25,20,20
46,9836,0.18102138513848953,1.2823262092777638e-06,0.10022949559330614,0.718747836941995,25,20,20
46,9837,0.1810213851384895,1.2823262092764663e-06,0.1002294955803886,0.7187478369549125,25,20,20
46,9838,0.18102138513848942,1.2823259646814917e-06,0.10022474115951581,0.71875259137603,25,20,20
46,9839,0.18312603642721773,2.5370150946662756e-07,0.09812599542253857,0.7187477144487342,25,20,20
46,9840,0.18312603642721761,2.5370150946658087e-07,0.09812594685627936,0.7187477630149934,25,20,20
46,9841,0.18312603642721761,2.5370150946658124e-07,0.09812594689978621,0.7187477629714866,25,20,20
46,9842,0.18313545266857167,2.48561650824616e-07,0.09811651168773508,0.7187477870820423,25,20,20
46,9843,0.18313545265408127,2.4856162647461217e-07,0.09818395078423568,0.7186803480000562,25,20,20
46,9844,0.18313545265408446,2.485618667856554e-07,0.09818125198821111,0.7186830467958374,25,20,20
46,9845,0.18313545353381705,2.4856322643983435e-07,0.09818126466118404,0.7186830332417722,25,20,20
46,9846,0.18313545353381713,2.485749914922764e-07,0.10443085838000339,0.7124334395111878,25,20,20
46,9847,0.18313545353124155,2.4778633921594356e-07,0.10412198880645442,0.7127423098759645,25,20,20
46,9848,0.18313545353385796,2.4778634339484853e-07,0.10449542585038175,0.7123688728294166,25,20,20
46,9849,0.18325695490025548,2.4778628860573894e-07,0.10437392448391022,0.7123688728295454,25,20,20
46,9850,0.18325695490025548,2.477862885330884e-07,0.10437381129590266,0.712368986017553,25,20,20
46,9851,0.18325695490282348,2.477862885317772e-07,0.10479798798598992,0.7119448093248978,25,20,20
46,9852,0.1832569549028619,2.4778628853263825e-07,0.11106401634983941,0.70567878096101,25,20,20
46,9853,0.18298847556604522,2.4796681445403534e-07,0.11133249506107987,0.7056787814060602,25,20,20
46,9854,0.14988326039752392,2.4796724869367153e-07,0.14443757694588752,0.7056789146893396,25,20,20
46,9855,0.16016072619169253,3.036833881473496e-08,0.13416034757853218,0.7056788958614362,25,20,20
46,9856,0.16016072619168933,3.0368094212742636e-08,0.13415643849374995,0.7056828049464662,25,20,20
46,9857,0.16016072619187066,3.036809842885465e-08,0.13415872725413247,0.7056805161858981,25,20,20
46,9858,0.16016072619187072,3.0368098354906635e-08,0.1341587606723682,0.7056804827676622,25,20,20
46,9859,0.16016072619187072,3.036809835492878e-08,0.1341652843705055,0.7056739590695248,25,20,20
46,9860,0.1592555208630968,0.003216710087477181,0.13185377761518022,0.7056739914342451,25,20,20
46,9861,0.15925552087338213,0.003216710087961866,0.13222692037834155,0.7053008486603138,25,20,20
46,9862,0.1592555208732,0.003216710087957576,0.132224628946762,0.7053031400920798,25,20,20
46,9863,0.15925552087320083,0.0032167108808376834,0.13232038898764029,0.7052073792583207,25,20,20
46,9864,0.15925552087320086,0.0032167108808376834,0.13232047145445278,0.7052072967915082,25,20,20
46,9865,0.15925552087058445,0.003216710880833432,0.13194700026709164,0.7055807679814898,25,20,20
46,9866,0.1250297072814629,0.0032697421938232252,0.16611519528163082,0.7055853552430825,25,20,20
46,9867,0.12502970728146048,0.003269742179924738,0.16598572685856822,0.7057148236800459,25,20,20
46,9868,0.12502970728145965,0.0032697413870447045,0.16588993339945418,0.705810617932041,25,20,20
46,9869,0.12503879246552063,0.003269741452749566,0.16582507273849018,0.7058663933432386,25,20,20
46,9870,0.12499945620839342,0.01465327321063767,0.15448066030102386,0.7058666102799444,25,20,20
46,9871,0.12499945620839345,0.014653273210641886,0.1544807744919917,0.7058664960889723,25,20,20
46,9872,0.12499945620839345,0.014653273210641882,0.15448069399203326,0.7058665765889307,25,20,20
46,9873,0.10827889944694132,0.014653285048030968,0.17120126215287843,0.7058665533521489,25,20,20
46,9874,0.10827889944694052,0.014653285048031041,0.1712012234615573,0.7058665920434706,25,20,20
46,9875,0.10827889944698586,0.014653285036270265,0.1650813940833593,0.7119864214333839,25,20,20
46,9876,0.10827889944698271,0.014653285036027924,0.1647083865544101,0.7123594289625785,25,20,20
46,9877,0.10827889944441468,0.01465328503602792,0.16428432165969156,0.7127834938598652,25,20,20
46,9878,0.10854505875787276,0.014653284855529483,0.16401816296431762,0.7127834934222799,25,20,20
46,9879,0.10854505875787357,0.014653284855529558,0.16401813311260338,0.7127835232739932,25,20,20
46,9880,0.10854505875787357,0.014653284855529634,0.16401801841580696,0.7127836379707893,25,20,20
46,9881,0.10257559332065416,0.01465328483724173,0.16998632519885287,0.712784796643251,25,20,20
46,9882,0.10866664023983427,0.014653284762084511,0.16389646156842136,0.7127836134296598,25,20,20
46,9883,0.1086633027109741,0.014653284762085989,0.16389979909714503,0.7127836134297948,25,20,20
46,9884,0.10872757159587505,0.0003929626693100832,0.17809622583511747,0.7127832398996974,25,20,20
46,9885,0.10872757159587508,0.0003929626693100845,0.17810081181999637,0.7127786539148184,25,20,20
46,9886,0.10872757159574016,0.0003929626695461662,0.1777344064170385,0.7131450593176751,25,20,20
46,9887,0.10872757159578873,0.00039296346164335893,0.17786308072352555,0.7130163842190425,25,20,20
46,9888,0.1087275715957887,0.0003929634616433563,0.17786299955532184,0.713016465387246,25,20,20
46,9889,0.10872757159597084,0.0003929634616519392,0.17786536724118324,0.713014097701194,25,20,20
46,9890,0.10873317505854616,0.0003929634616504714,0.17785976378633553,0.7130140976934676,25,20,20
46,9891,0.10873317520594218,0.0003929634755420106,0.17786728583378694,0.7130065754847287,25,20,20
46,9892,0.11021456375572913,5.3074118739691745e-05,0.17672579556352783,0.7130065665620029,25,20,20
46,9893,0.11021456375554703,5.307411873118423e-05,0.1767235431893038,0.7130088189364175,25,20,20
46,9894,0.11021456375572916,5.307411873976572e-05,0.17672590945109656,0.7130064526744342,25,20,20
46,9895,0.11021456375572916,5.307411873976704e-05,0.17673049677468558,0.7130018653508452,25,20,20
46,9896,0.11021456375569393,5.307411874413105e-05,0.17047099319071443,0.7192613689348474,25,20,20
46,9897,0.11021456375564614,5.307332664701229e-05,0.17034244873301266,0.719389914184694,25,20,20
46,9898,0.10657070210121962,4.250019188158821e-08,0.17404016975711403,0.7193890856414746,25,20,20
46,9899,0.1065707021012196,4.2500191854323024e-08,0.17430630577435313,0.7191229496242356,25,20,20
46,9900,0.1065707021012196,4.2500191854300663e-08,0.17430622586631825,0.7191230295322704,25,20,20
46,9901,0.10508055390797233,4.3891680554805135e-08,0.17579627443858256,0.7191231277617645,25,20,20
46,9902,0.10508055389773242,4.389119594602959e-08,0.17555289938485688,0.7193665028262147,25,20,20
46,9903,0.10508055389773246,4.389120023619582e-08,0.1755498590786832,0.7193695431323842,25,20,20
46,9904,0.14468342771862958,1.8882263716294746e-08,0.13594700988036895,0.7193695435187378,25,20,20
46,9905,0.14468342771862958,1.888225945454142e-08,0.13568079109013553,0.7196357623089754,25,20,20
46,9906,0.14468342771862883,1.8882263671508448e-08,0.1356806629611755,0.7196358904379321,25,20,20
46,9907,0.1446834277186288,1.8882263597536915e-08,0.13568062813774814,0.7196359252613596,25,20,20
46,9908,0.1446834277186288,1.888226352222252e-08,0.1356805128490704,0.7196360405500374,25,20,20
46,9909,0.1446834277186288,1.888226352352025e-08,0.13568062673294873,0.719635926666159,25,20,20
46,9910,0.14468342771862888,1.8882267813683883e-08,0.13568213571317644,0.7196344176859268,25,20,20
46,9911,0.12214398125169185,1.5584902789344186e-08,0.15822156578862276,0.719634437374782,25,20,20
46,9912,0.12196973834310557,3.404950212505699e-08,0.15838529849238836,0.7196449291150034,25,20,20
46,9913,0.12196973833276024,3.403584402971216e-08,0.15826050341296694,0.7197697242184282,25,20,20
46,9914,0.1219697383327595,3.4035844029680754e-08,0.15826508870954334,0.7197651389218523,25,20,20
46,9915,0.12196973833271477,3.403584402838307e-08,0.15826508867017847,0.719765138961262,25,20,20
46,9916,0.12196973833271482,3.4035599509965837e-08,0.1582649566774239,0.719765270954261,25,20,20
46,9917,0.12196973833271475,3.4035595221099516e-08,0.15826993800296277,0.7197602896287266,25,20,20
46,9918,0.12196973818527565,3.402187640279214e-08,0.16919057440920887,0.708839653383639,25,20,20
46,9919,0.12196973818527565,3.402188066454618e-08,0.16945220587793589,0.7085780219149076,25,20,20
46,9920,0.12124635640942442,3.858278625073351e-07,0.1701752565606964,0.7085780012020163,25,20,20
46,9921,0.12124635640942522,3.8582786250863337e-07,0.17017521748100983,0.7085780402817021,25,20,20
46,9922,0.08314194530689073,1.1249588214970561e-06,0.20827882764704758,0.7085781020872404,25,20,20
46,9923,0.08314194530689073,1.124958821494438e-06,0.20827871376108636,0.7085782159732014,25,20,20
46,9924,0.11514848631850735,3.8590595426222936e-07,0.1762718052133,0.7085793225622383,25,20,20
46,9925,0.11514848631846196,3.859059584770184e-07,0.17614674302811675,0.7087043847474626,25,20,20
46,9926,0.11514842031552565,3.798028420315624e-07,0.17614681461466153,0.7087043852669704,25,20,20
46,9927,0.11326712134722339,3.793132966704266e-07,0.17803187278980293,0.7087006265496774,25,20,20
46,9928,0.11397040709251917,3.6045148043750707e-07,0.17733919266155806,0.7086900397944431,25,20,20
46,9929,0.11397040709251836,3.6045148043486645e-07,0.17733914930297143,0.7086900831530304,25,20,20
46,9930,0.11397040709251836,3.6045148043486645e-07,0.1773392311840979,0.7086900012719038,25,20,20
46,9931,0.11397040709251836,3.6045148046294575e-07,0.1770776020598338,0.7089516303961677,25,20,20
46,9932,0.1142124509276535,3.5541431156879194e-07,0.17683553951371744,0.7089516541443183,25,20,20
46,9933,0.11421245092765345,3.5541431152945774e-07,0.17720203686960073,0.7085851567884351,25,20,20
46,9934,0.11421245092765439,3.5541413887824665e-07,0.16632361618073535,0.7194635774774722,25,20,20
46,9935,0.11421245092765116,3.554141388017116e-07,0.1663190671971918,0.719468126461019,25,20,20
46,9936,0.11421245092765121,3.554143834156544e-07,0.16632080226826912,0.719466391389697,25,20,20
46,9937,0.11421245092764801,3.5541437912473993e-07,0.1663142787984712,0.7194729148595023,25,20,20
46,9938,0.11421245092764881,3.554143749484125e-07,0.1659435760765002,0.7198436175814767,25,20,20
46,9939,0.11421245092769426,3.554143748757704e-07,0.1659412753434926,0.7198459183144388,25,20,20
46,9940,0.11421245092769426,3.554143748783886e-07,0.16594127723004137,0.7198459164278899,25,20,20
46,9941,0.1130278917290873,3.5948199372413674e-07,0.16712587377537577,0.7198458750135437,25,20,20
46,9942,0.11302671762580653,1.2833677005724106e-05,0.16711457336397426,0.7198458753332138,25,20,20
46,9943,0.11302671762580575,1.283367700572211e-05,0.167485276077395,0.7194751726197939,25,20,20
46,9944,0.11302671762580575,1.2833677005794782e-05,0.16748029274901685,0.7194801559481719,25,20,20
46,9945,0.11302671767634925,2.2612219332404428e-05,0.16747051467140073,0.7194801554329179,25,20,20
46,9946,0.11302671767634997,2.2612219328114274e-05,0.16746897428440047,0.7194816958199215,25,20,20
46,9947,0.1130267176763492,2.2612219083606023e-05,0.16746238513913464,0.7194882849654326,25,20,20
46,9948,0.1130267176763484,2.2612219083530753e-05,0.16746238045698145,0.7194882896475866,25,20,20
46,9949,0.11302671767648077,2.2612219260507052e-05,0.17814754734604601,0.7088031227582127,25,20,20
46,9950,0.11196957053146221,2.263057665886559e-05,0.1789104412533908,0.7090973576384881,25,20,20
46,9951,0.11196953045878656,0.037728675663512276,0.14120443656026224,0.7090973573174385,25,20,20
46,9952,0.1119695304587866,0.03772867566375679,0.14121095418926832,0.7090908396881879,25,20,20
46,9953,0.11283827517131861,0.037728656312390155,0.14063646686484163,0.7087966016514493,25,20,20
46,9954,0.11283827517131861,0.037728656312385866,0.14063176473565497,0.7088013037806401,25,20,20
46,9955,0.11283827517131861,0.037728656312385866,0.14063176226342008,0.7088013062528751,25,20,20
46,9956,0.11283827517131942,0.037728656326325175,0.14064400133523602,0.7087890671671191,25,20,20
46,9957,0.11283827517131936,0.03772865632608056,0.14064234617219343,0.7087907223304063,25,20,20
46,9958,0.11282918950115726,0.037728658374261335,0.14064411411171426,0.7087980380128667,25,20,20
46,9959,0.11282918950115403,0.037728658374256985,0.14046461200626076,0.7089775401183277,25,20,20
46,9960,0.11282918950115406,0.03772865836031783,0.14045469207095995,0.7089874600675679,25,20,20
46,9961,0.11282918950115409,0.03772865836031783,0.14045927803589467,0.708982874102633,25,20,20
46,9962,0.11282918950115409,0.03772865836031783,0.14045916415201623,0.7089829879865114,25,20,20
46,9963,0.11282918950115413,0.03772865836055589,0.14082758248176774,0.7086145696565217,25,20,20
46,9964,0.11282918962632157,0.03772865837217356,0.13593380246008835,0.7135083495414162,25,20,20
46,9965,0.1201163343796604,0.037728654227997975,0.1286477883995074,0.7135072229928342,25,20,20
46,9966,0.1201163343796612,0.037728654227997975,0.12864802036688758,0.7135069910254532,25,20,20
46,9967,0.1201163343796612,0.037728654227997975,0.12864801835915807,0.7135069930331827,25,20,20
46,9968,0.12011633437970669,0.037728654227997975,0.12866190845791525,0.71349310293438,25,20,20
46,9969,0.12011633437970676,0.037728654227997975,0.12866190849326903,0.7134931028990262,25,20,20
46,9970,0.120116334379706,0.03772865422800212,0.12865970413440256,0.7134953072578893,25,20,20
46,9971,0.120116334379706,0.037728654228002194,0.1286598199966058,0.713495191395686,25,20,20
46,9972,0.12011633669746934,0.0377286666608116,0.12872529538003785,0.7134297012616811,25,20,20
46,9973,0.1201163366974693,0.03772866666056933,0.12835877850271527,0.713796218139246,25,20,20
46,9974,0.12011633668580432,0.039399512219758875,0.1266879329551883,0.7137962181392484,25,20,20
46,9975,0.12011633656050531,0.03939951220820649,0.12089656471933416,0.719587586511954,25,20,20
46,9976,0.08375960529911365,0.03939951223765626,0.15725320000892798,0.7195876824543019,25,20,20
46,9977,0.08375960529911365,0.03939951223765634,0.15725328307157319,0.7195875993916567,25,20,20
46,9978,0.11045932996362402,0.03939949775128963,0.13055265093529367,0.7195885213497926,25,20,20
46,9979,0.11045932996362408,0.03939949775128971,0.13055735280608632,0.7195838194789999,25,20,20
46,9980,0.11045932996381018,0.03939949775129415,0.13055744777079364,0.719583724514102,25,20,20
46,9981,0.11045932996381018,0.039399497751294074,0.13055739176857276,0.719583780516323,25,20,20
46,9982,0.12356322601638656,0.03939949768963489,0.11745441895276557,0.7195828573412127,25,20,20
46,9983,0.12356322601634102,0.03939949768963489,0.11745201840941853,0.7195852578846054,25,20,20
46,9984,0.12356322601634023,0.03939949768963489,0.11745178783947285,0.719585488454552,25,20,20
46,9985,0.12371795784230148,0.03939949771372213,0.11729695983964544,0.7195855846043309,25,20,20
46,9986,0.1211928253560284,0.03939949768271431,0.1198222124763771,0.71958546448488,25,20,20
46,9987,0.11964427004045561,0.03939949851746923,0.12137076708903285,0.719585464353042,25,20,20
46,9988,0.11964427004045555,0.03939949851746924,0.12136614772154534,0.7195900837205295,25,20,20
46,9989,0.11964427004045555,0.03939949851746916,0.12136460731670931,0.7195916241253656,25,20,20
46,9990,0.1196442700404555,0.03939949851746487,0.12136449112318512,0.7195917403188942,25,20,20
46,9991,0.11964427004027657,0.03939949851770089,0.12136695834815417,0.7195892730938678,25,20,20
46,9992,0.11964427004027663,0.03939949851770089,0.12136695837301623,0.7195892730690054,25,20,20
46,9993,0.11924359258936419,0.03939949869701962,0.12176761211000808,0.7195892966036078,25,20,20
46,9994,0.1196335167321095,0.039399503678177836,0.12137765940603623,0.7195893201836757,25,20,20
46,9995,0.11963351674243423,0.039399504468505125,0.12160193143016525,0.7193650473588948,25,20,20
46,9996,0.11963351674243505,0.0393995044685052,0.12160845742203807,0.719358521367021,25,20,20
46,9997,0.1196335167321103,0.039399503678177836,0.12138410234405807,0.7195828772456533,25,20,20
46,9998,0.1196335167321103,0.03939950367817784,0.12138421670431965,0.7195827628853916,25,20,20
46,9999,0.11963351673210956,0.0393995036779355,0.12101117673409435,0.7199558028558601,25,20,20
46,10000,0.1196335167319234,0.03939950367793113,0.12101111512942397,0.7199558644607211,25,20,20
