run,generation,degenerate,holistic,other,compositional,popsize,turnover_rounds,group_rounds
48,0,0.9987713554999793,1.4267839920713722e-08,0.0012266915175253483,1.938714656782331e-06,25,20,20
48,1,0.86553629526296,2.851297901000749e-08,0.13439396560441155,6.971061964236073e-05,25,20,20
48,2,0.6500120327287392,0.015114677574629153,0.32927227133238596,0.005601018364248834,25,20,20
48,3,0.6441373325352179,0.0007125465361845718,0.3112459297896932,0.04390419113890622,25,20,20
48,4,0.5795311073654564,0.00030306550942329515,0.3707971814863069,0.04936864563881551,25,20,20
48,5,0.3241628821144234,3.326003290316173e-05,0.5741817741767317,0.10162208367594104,25,20,20
48,6,0.3212719037836511,0.0007124386120677766,0.5997517746583676,0.07826388294591313,25,20,20
48,7,0.29218104030328507,1.4664852105259964e-05,0.6295404292900936,0.07826386555451653,25,20,20
48,8,0.22191185672711378,1.4564119215585108e-05,0.6348875199460582,0.14318605920761338,25,20,20
48,9,0.2514033110776265,1.4588425350352694e-05,0.5893551733191842,0.15922692717784007,25,20,20
48,10,0.2072653726774467,1.4288744120231656e-07,0.6335733588303093,0.1591611256048021,25,20,20
48,11,0.2015412454395641,1.6760585912618619e-06,0.6248158953508964,0.17364118315094793,25,20,20
48,12,0.1727334191397566,0.03999406204142521,0.5481230906577621,0.23914942816105586,25,20,20
48,13,0.2513319246965826,0.07955282056120805,0.42996425572652314,0.23915099901568543,25,20,20
48,14,0.25129757593712976,0.06445890560964697,0.4452918397170361,0.23895167873618647,25,20,20
48,15,0.25286699179662936,0.024975673726406883,0.4877199655831113,0.23443736889385197,25,20,20
48,16,0.2520757073954759,8.745026242279467e-05,0.5490076446218896,0.19882919772021115,25,20,20
48,17,0.2558215842929071,8.709370547249538e-05,0.5052655019756045,0.23882582002601496,25,20,20
48,18,0.29216749644924733,8.712634912036239e-05,0.5085492728880037,0.19919610431362778,25,20,20
48,19,0.29189182558738413,2.2089079366290125e-07,0.5477534741105985,0.1603544794112226,25,20,20
48,20,0.28804377119053753,2.2316407227315483e-07,0.5516015254647685,0.16035448018062123,25,20,20
48,21,0.2531465411802358,5.365115713426168e-07,0.5868651577028423,0.15998776460535022,25,20,20
48,22,0.24811413866048398,5.363647017829199e-07,0.5918976065718488,0.1599877184029651,25,20,20
48,23,0.21105279322646733,5.363647017829054e-07,0.6289546247722262,0.1599920456366046,25,20,20
48,24,0.2081141595548746,0.0011221298410420703,0.6112691616802711,0.17949454892381256,25,20,20
48,25,0.20811415990690144,0.0005900585439292879,0.6313020598402019,0.1599937217089674,25,20,20
48,26,0.23054141354812008,1.8548098386249141e-07,0.5741922765088404,0.19526612446205546,25,20,20
48,27,0.23054141354795832,1.853594810718011e-07,0.6046115773718156,0.16484682372074486,25,20,20
48,28,0.23040843107126519,1.9043334926533513e-07,0.6046758528254564,0.16491552566992898,25,20,20
48,29,0.20878854441104097,2.1382882525537363e-07,0.6263370531088711,0.16487418865126308,25,20,20
48,30,0.20430099206140298,2.2504809086792504e-07,0.6356680657416969,0.16003071714880965,25,20,20
48,31,0.20430099190033157,2.2503415002350558e-07,0.6356642206001015,0.16003456246541717,25,20,20
48,32,0.20432786629900587,1.4914986023473786e-06,0.6338132250227759,0.1618574171796154,25,20,20
48,33,0.20432786629900587,1.4914985974769114e-06,0.6338086026388947,0.16186203956350156,25,20,20
48,34,0.20433270561619266,1.4864784146888878e-06,0.6356609997487319,0.16000480815666035,25,20,20
48,35,0.20433270793889574,1.6643426588352273e-06,0.6356608195617833,0.16000480815666177,25,20,20
48,36,0.20433270793889574,1.6643426587599629e-06,0.6356585819592893,0.16000704575915584,25,20,20
48,37,0.20433270793894193,1.664342902750945e-06,0.63578650263134,0.15987912508681495,25,20,20
48,38,0.20433270804041614,2.018570438638694e-06,0.6357844594535003,0.15988081393564393,25,20,20
48,39,0.20443488036582808,2.1030401888184173e-06,0.6356822026572305,0.15988081393675033,25,20,20
48,40,0.1773124766292752,2.45481500576588e-06,0.6628041963050881,0.15988087225062877,25,20,20
48,41,0.17721109629146778,2.370986170066612e-06,0.6629056604192293,0.1598808723031309,25,20,20
48,42,0.21694084805370803,2.3710764341164127e-06,0.6231759077211173,0.15988087314873836,25,20,20
48,43,0.2160176199394713,2.372070010967703e-06,0.6240992648766632,0.1598807431138518,25,20,20
48,44,0.21600063900310687,2.3710681538528034e-06,0.6241162443816478,0.15988074554708886,25,20,20
48,45,0.2195868344188462,2.3704272418822295e-06,0.6205300453087181,0.1598807498451911,25,20,20
48,46,0.21958683456017597,2.678101029264877e-06,0.6157637968687747,0.16464669047001693,25,20,20
48,47,0.219586834560176,2.678101029338848e-06,0.6157637639499173,0.16464672338887426,25,20,20
48,48,0.21718342208119332,2.9273086021509565e-06,0.6181669275936978,0.16464672301650368,25,20,20
48,49,0.21816341627005045,2.9273173070853798e-06,0.6171869358712633,0.1646467205413758,25,20,20
48,50,0.2576904786659718,1.9578002071515907e-06,0.5776594514176862,0.16464811211613228,25,20,20
48,51,0.26830255493008726,1.606150632701602e-06,0.5670477284657734,0.16464811045350405,25,20,20
48,52,0.26830255493011845,1.9555984105372462e-06,0.5670473497886769,0.1646481396827918,25,20,20
48,53,0.26262510185387183,1.955509481198109e-06,0.5727248037930965,0.1646481388435478,25,20,20
48,54,0.2626251019081295,8.704801895715373e-06,0.5727180542727185,0.16464813901725317,25,20,20
48,55,0.2626251024998884,8.704801895867247e-06,0.5727197193915307,0.16464647330668175,25,20,20
48,56,0.23386710765383423,8.528520692723788e-06,0.6014778909138307,0.16464647291163895,25,20,20
48,57,0.21861504412748264,8.528502492092595e-06,0.6167299544873411,0.1646464728826804,25,20,20
48,58,0.21503385389448162,8.528502501066633e-06,0.6203111469331577,0.16464647066985574,25,20,20
48,59,0.2150338533027226,8.528502500842085e-06,0.6203160029961916,0.16464161519858092,25,20,20
48,60,0.25095397121137536,8.528502500439756e-06,0.5843958894092269,0.16464161087689244,25,20,20
48,61,0.2694054156828191,8.51715489237889e-06,0.5659445086008309,0.16464155856145318,25,20,20
48,62,0.2530782651631768,8.539676507215717e-06,0.5822716347150247,0.16464156044528735,25,20,20
48,63,0.25307852485916643,8.551909731958652e-06,0.5822713622741871,0.16464156095691082,25,20,20
48,64,0.25307852485912025,8.551909488041641e-06,0.5821435226585326,0.16476940057285497,25,20,20
48,65,0.2530787885230786,8.558123867569803e-06,0.5821432522605601,0.16476940109248925,25,20,20
48,66,0.2530669263475903,8.558123936874139e-06,0.5821550934313708,0.16476942209709694,25,20,20
48,67,0.25306666730822314,8.558120566207175e-06,0.5821553529846287,0.1647694215865769,25,20,20
48,68,0.25306666730822314,8.558120566281138e-06,0.5821599730638111,0.1647648015073942,25,20,20
48,69,0.269043574044393,8.578619947921334e-06,0.5661828164742736,0.16476503086138186,25,20,20
48,70,0.2686928317657405,8.558252941413008e-06,0.5665338651111942,0.16476474487012027,25,20,20
48,71,0.26869285388940584,2.5770051356836235e-06,0.5663346992322829,0.16496986987317122,25,20,20
48,72,0.26879927505546397,2.5770083466248618e-06,0.5662282300375913,0.16496991789859386,25,20,20
48,73,0.2335648541640628,2.280545543486408e-06,0.6014643389616947,0.16496852632869413,25,20,20
48,74,0.23356485416410863,2.280545543486935e-06,0.6018838166007878,0.1645490486895552,25,20,20
48,75,0.19463681621412626,3.2339806999372867e-06,0.6408108213184545,0.16454912848671413,25,20,20
48,76,0.1970260923801499,3.17776935603986e-06,0.6384216223528062,0.16454910749768362,25,20,20
48,77,0.19702609238015303,3.1777693603320802e-06,0.6384282212224343,0.164542508628048,25,20,20
48,78,0.19702609238010718,3.1777693602562932e-06,0.638010646523755,0.16496008332677317,25,20,20
48,79,0.21375212020412104,3.177769579681686e-06,0.6212846186699579,0.1649600833563376,25,20,20
48,80,0.21375212020416978,3.177769824350602e-06,0.6212828494424172,0.16496185258358484,25,20,20
48,81,0.2137520984896717,4.027461979857702e-06,0.62148714655822,0.16475672749012404,25,20,20
48,82,0.21533844053532067,5.033517211558864e-06,0.6198997984031895,0.16475672754427367,25,20,20
48,83,0.1789647443288424,5.034772445514801e-06,0.6562734273653453,0.16475679353336287,25,20,20
48,84,0.17903341837875572,4.913681201284956e-06,0.6562048743226363,0.16475679361740334,25,20,20
48,85,0.1790334137556159,5.262208909298521e-06,0.6561081266052257,0.164853197430246,25,20,20
48,86,0.17903341375561677,5.262208909372505e-06,0.6561081280386322,0.1648531959968389,25,20,20
48,87,0.17903346799907854,5.553432549744705e-06,0.6560286883001973,0.16493229026817396,25,20,20
48,88,0.17473017332193053,5.580276934290139e-06,0.6603319539269639,0.16493229247417088,25,20,20
48,89,0.1747301742873993,0.0009027826333073709,0.6551555035221925,0.16921153955709906,25,20,20
48,90,0.17473017428739687,0.0009027826333073301,0.6555219682738602,0.16884507480543376,25,20,20
48,91,0.17473017428739607,0.0009027826333073806,0.6617649434699243,0.16260209960937083,25,20,20
48,92,0.17473017428734736,0.000902782633062713,0.6617601896796148,0.16260685339997394,25,20,20
48,93,0.17473017333336244,1.527707542780333e-05,0.6669269577612396,0.15832759182996894,25,20,20
48,94,0.14149359971266867,1.5323661304634553e-05,0.7001635038241557,0.15832757280186857,25,20,20
48,95,0.14051859554363688,1.532401582236678e-05,0.7011385042890924,0.15832757615144663,25,20,20
48,96,0.14051859778927375,0.0005666368562459918,0.7005872039452389,0.15832756140923984,25,20,20
48,97,0.1405185977299909,0.0005663341407018721,0.7052766897975434,0.15363837833176291,25,20,20
48,98,0.14051853214024412,0.0010696925227256587,0.7046906409916133,0.15372113434541557,25,20,20
48,99,0.1405185321402473,0.0010696925227257324,0.7046906437417962,0.15372113159522927,25,20,20
48,100,0.14051853214024657,0.0010696925227214821,0.7043175806217892,0.15409419471524144,25,20,20
48,101,0.15573705051853534,0.0010696772846429954,0.689105433719882,0.1540878384769388,25,20,20
48,102,0.17155333288057326,0.00106965511581935,0.6732891753814906,0.15408783662211598,25,20,20
48,103,0.18998163464347,0.0010702826093796673,0.6548603066721977,0.15408777607495255,25,20,20
48,104,0.18661614026641513,0.0010703112644672678,0.6582258887887282,0.15408765968039073,25,20,20
48,105,0.18661608620240475,0.0010703680597828895,0.6583033205700002,0.154010225167813,25,20,20
48,106,0.14849576181448101,0.0010703943998796469,0.696423496881604,0.1540103469040356,25,20,20
48,107,0.14847960659567558,0.0005741636012616629,0.6970186409719988,0.15392758883106464,25,20,20
48,108,0.1484796064162493,0.0005738155841882934,0.6969258714392911,0.15402070656027178,25,20,20
48,109,0.14843721839275503,0.0005738598719749694,0.6962825953734479,0.15470632636182177,25,20,20
48,110,0.14843721839275498,0.0005738598719748436,0.6900331284787987,0.1609557932564713,25,20,20
48,111,0.1509718946964339,0.0005738379207705639,0.6874984761091743,0.1609557912736223,25,20,20
48,112,0.15094535369549228,0.0005737940628929769,0.6882106787206151,0.1602701735210006,25,20,20
48,113,0.11154000630595995,0.0005753854325694174,0.7276144278460518,0.16027018041541896,25,20,20
48,114,0.11154003080974001,0.0005756443059845802,0.7276909018225685,0.16019342306170856,25,20,20
48,115,0.1115400286175948,1.4290285841424715e-05,0.728252258034859,0.1601934230617067,25,20,20
48,116,0.11316664741784002,1.4289855777939508e-05,0.7266256417150782,0.1601934210113059,25,20,20
48,117,0.11218634428309969,1.4289838259835296e-05,0.7276058184628809,0.16019354741576022,25,20,20
48,118,0.11224838949202816,1.5751643067633654e-05,0.7275424357092308,0.16019342315567456,25,20,20
48,119,0.11069125088964997,1.3128713605821658e-05,0.7291021973784919,0.1601934230182523,25,20,20
48,120,0.11069125088964679,1.312871360582163e-05,0.7291043910100555,0.16019122938669195,25,20,20
48,121,0.145632327777308,1.3055787291096898e-05,0.694163387050502,0.16019122938489855,25,20,20
48,122,0.12556263109119783,1.2927276623172109e-05,0.7136050920496235,0.16081934958255448,25,20,20
48,123,0.12715867960011334,1.2310779378506896e-05,0.712009710563856,0.160819299056651,25,20,20
48,124,0.1505403107268579,1.0742943088708168e-05,0.6886231658845869,0.16082578044546592,25,20,20
48,125,0.1504782869001293,9.281155812106823e-06,0.6882419651439265,0.16127046680013138,25,20,20
48,126,0.15047828690012927,9.28115581218075e-06,0.6882420058393423,0.16127042610471523,25,20,20
48,127,0.15047899560931569,9.252492669062048e-06,0.6882413238316955,0.16127042806631858,25,20,20
48,128,0.1541667283106348,9.252492669054437e-06,0.6845535911371321,0.1612704280595627,25,20,20
48,129,0.15416672831063688,9.253009390678493e-06,0.6985479044316676,0.14727611424830342,25,20,20
48,130,0.1541664702561671,0.02327398925328214,0.6752834267506348,0.14727611373991514,25,20,20
48,131,0.16954232134949274,0.02327397734978235,0.6599074951317827,0.14727620616894138,25,20,20
48,132,0.16752518689646276,0.023275197947873996,0.6619298443314215,0.14726977082424106,25,20,20
48,133,0.16193045289803196,0.02327519793515529,0.6681533112959336,0.14664103787087807,25,20,20
48,134,0.1620559096709708,0.02327519793515529,0.6680278545229948,0.146641037870878,25,20,20
48,135,0.16199626091053715,0.02327424415179608,0.6680885368923363,0.14664095804533103,25,20,20
48,136,0.1847073276798881,0.02327425569298707,0.6453774575303549,0.14664095909677083,25,20,20
48,137,0.18458518686233003,0.02327425569298804,0.6454995983477814,0.14664095909690147,25,20,20
48,138,0.18369659282094786,0.023281978296506124,0.6442746563452653,0.14874677253728158,25,20,20
48,139,0.18207023564701147,0.023281978297037154,0.645901013518671,0.14874677253728158,25,20,20
48,140,0.18207023400549158,0.04001612425711919,0.6291668692033439,0.14874677253404647,25,20,20
48,141,0.18207023400549166,0.04001612425711927,0.629166902510737,0.14874673922665335,25,20,20
48,142,0.18207023400549166,0.04001612425711927,0.6291647402353813,0.1487489015020092,25,20,20
48,143,0.18204155015863865,0.04001612342450626,0.6291934249135858,0.14874890150327022,25,20,20
48,144,0.1820439567440742,0.04001776787879132,0.6291816663826201,0.14875660899451545,25,20,20
48,145,0.2219573814479715,0.04001771110590511,0.5892682985351264,0.14875660891099737,25,20,20
48,146,0.22195738203420945,0.04001771111996028,0.5896430568026938,0.14838185004313675,25,20,20
48,147,0.2393532351917197,0.04001646768220273,0.5722484983685089,0.14838179875756916,25,20,20
48,148,0.2203957211156942,0.040051026113274164,0.591003850087679,0.14854940268335357,25,20,20
48,149,0.22007183440853015,0.04005102630953072,0.5913276450703716,0.148549494211568,25,20,20
48,150,0.2201000239362022,0.04005102714237824,0.5912994547086083,0.14854949421281158,25,20,20
48,151,0.22010002393774733,0.04005102714052522,0.5865543876866522,0.15329456123507568,25,20,20
48,152,0.22010002393774733,0.04005102714052522,0.5865542751902002,0.1532946737315278,25,20,20
48,153,0.22010002393774528,0.040051026623803526,0.5725599946232677,0.16728895481518402,25,20,20
48,154,0.2023262364864777,0.040051636403187374,0.5903302617314995,0.16729186537883592,25,20,20
48,155,0.202326236374064,0.04004448231967828,0.5504937279260781,0.20713555338017972,25,20,20
48,156,0.20232623637490552,0.0388064129962635,0.5517317972432632,0.207135553385568,25,20,20
48,157,0.20232623644429487,0.038806365928023334,0.5470623325439975,0.21180506508368424,25,20,20
48,158,0.21936863749649416,0.038805773868115005,0.5300232614337281,0.2118023272016626,25,20,20
48,159,0.21938489598836244,0.03880580251666497,0.5300069738671221,0.21180232762784867,25,20,20
48,160,0.1995190449384193,0.03877127186698446,0.550067414302662,0.2116422688919334,25,20,20
48,161,0.20310352488588912,0.03876962741283967,0.5464922840873505,0.21163456361391975,25,20,20
48,162,0.20310352980782137,0.03877107308020736,0.546490833424665,0.21163456368730438,25,20,20
48,163,0.20310352980718765,0.03829135792878182,0.5469705485821111,0.21163456368191766,25,20,20
48,164,0.20310352980718765,0.038291357928781744,0.5469704334211621,0.21163467884286674,25,20,20
48,165,0.2315872045894528,0.03829154816898923,0.5184940950327142,0.21162715220884212,25,20,20
48,166,0.23158720458924506,0.04001002799133859,0.5167756152105738,0.21162715220884057,25,20,20
48,167,0.23197429091934574,0.040010027646401325,0.5163886245952543,0.2116270568389985,25,20,20
48,168,0.21691050726107805,0.04001001963820527,0.5314524528357909,0.2116270202649252,25,20,20
48,169,0.21691050726108185,0.040009292917966094,0.5314531795560247,0.21162702026492686,25,20,20
48,170,0.21697961768005608,0.04001091505452937,0.5318194039009135,0.21119006336449928,25,20,20
48,171,0.21660637633706037,0.04001093567395966,0.5321927956661352,0.21118989232284371,25,20,20
48,172,0.21660637633706037,0.04001093567395968,0.5321993991332221,0.21118328885575696,25,20,20
48,173,0.21662366121283694,0.0400094859430261,0.5321757926835614,0.21119106016057393,25,20,20
48,174,0.21656886629261837,0.04008623548215588,0.5321614566067454,0.2111834416184788,25,20,20
48,175,0.21656886619201632,0.04064955328967161,0.5315998132371476,0.21118176728116395,25,20,20
48,176,0.21656886619201632,0.04064955328967161,0.5315997812343959,0.21118179928391573,25,20,20
48,177,0.2134778673820386,0.04064955329411136,0.5346907136502373,0.211181865673613,25,20,20
48,178,0.21014062779647563,0.04064955367865975,0.5380278376703174,0.21118198085454684,25,20,20
48,179,0.21014062779647563,0.04064955367865975,0.5380277557126896,0.21118206281217475,25,20,20
48,180,0.21052708666001468,0.040649553672339855,0.5376412968855955,0.21118206278204926,25,20,20
48,181,0.25021770541406435,0.04064955365496401,0.4979506781195237,0.21118206281144708,25,20,20
48,182,0.2662905697906637,0.04064956208760579,0.4818755824365018,0.2111842856852281,25,20,20
48,183,0.2662905697906637,0.04064956208760579,0.4818778618584916,0.21118200626323846,25,20,20
48,184,0.2668526247295302,0.04064956208772157,0.48131580685978465,0.2111820063229631,25,20,20
48,185,0.26684404129671885,0.04057119519237606,0.4814028589033951,0.21118190460750916,25,20,20
48,186,0.2668382877629079,0.0405711949145887,0.4814086240568086,0.21118189326569392,25,20,20
48,187,0.266838287762953,0.04057119491483105,0.48177946667716226,0.21081105064505284,25,20,20
48,188,0.26683828745787247,0.04057119412290364,0.4816231601433704,0.21096735827585233,25,20,20
48,189,0.26988476233483016,0.040571187652488,0.4782325484205422,0.211311501592138,25,20,20
48,190,0.23296934576284653,0.04057301761256886,0.5148974011764055,0.21156023544817795,25,20,20
48,191,0.23296934576284653,0.04057301761256886,0.5148907963218926,0.21156684030269093,25,20,20
48,192,0.23296934504165517,0.04057301762770404,0.5148907970255039,0.2115668403051344,25,20,20
48,193,0.23296970621468763,0.04068554837291532,0.5147779051072292,0.21156684030516537,25,20,20
48,194,0.247598101431581,0.04068613336455521,0.5001488889756093,0.21156687622825346,25,20,20
48,195,0.26885795173982213,0.04068612527119874,0.4785934057751349,0.2118625172138419,25,20,20
48,196,0.26884256944755475,0.04069118178569511,0.4779300551567323,0.212536193610016,25,20,20
48,197,0.2692807340125645,0.040691953142876935,0.4774911180831037,0.21253619476145486,25,20,20
48,198,0.25295525966292454,0.04072496076294401,0.4937807737634197,0.21253900581071022,25,20,20
48,199,0.25295397782741935,0.04071721157364555,0.4958957428244956,0.2104330677744373,25,20,20
48,200,0.25295397782741935,0.04071721157364555,0.4958957428244956,0.21043306777443732,25,20,20
48,201,0.26911135293119853,0.04071719968349767,0.4797384362986192,0.2104330110866819,25,20,20
48,202,0.26633578133745267,0.04071536994771356,0.48276096599032625,0.21018788272450428,25,20,20
48,203,0.26633578144972175,0.04073530366467711,0.4875052545969067,0.20542366028869,25,20,20
48,204,0.2765182352332763,0.040735085823509404,0.47732301310872344,0.20542366583448746,25,20,20
48,205,0.27654649659817543,0.0406225978991848,0.47740723966574394,0.2054236658368929,25,20,20
48,206,0.2765464965981786,0.040622597899427786,0.4776735733657314,0.20515733213665907,25,20,20
48,207,0.2734884197322338,0.040622584670255354,0.481075808423422,0.20481318717408734,25,20,20
48,208,0.25210443525455045,0.04058958642907744,0.5024956014326816,0.2048103768836886,25,20,20
48,209,0.2682926331319713,0.040589561558156656,0.48630754291777506,0.2048102623920955,25,20,20
48,210,0.26991762442569667,0.040589561757228526,0.4846825504244468,0.20481026339262656,25,20,20
48,211,0.2873387673370764,0.04058955268688278,0.46726141662607135,0.20481026334996827,25,20,20
48,212,0.27489390105276257,0.04058955610352048,0.47970534346552285,0.2048111993781936,25,20,20
48,213,0.2577698423728857,0.04061668677183251,0.49680223238233423,0.20481123847294683,25,20,20
48,214,0.2577698417866478,0.040616686757777264,0.4964275008689385,0.2051859705866357,25,20,20
48,215,0.25776984178660267,0.040616686757534916,0.49605437870110625,0.20555909275475556,25,20,20
48,216,0.29762148381247316,0.040616696750384824,0.45620630799595924,0.205555511441182,25,20,20
48,217,0.2976212202331949,0.04061670285201009,0.45620487766784,0.20555719924695384,25,20,20
48,218,0.2978790658142014,0.040617095027313005,0.44977723455416746,0.21172660460431714,25,20,20
48,219,0.2741119757545494,0.04064354411018763,0.4735177992325652,0.21172668090269636,25,20,20
48,220,0.29791371863002686,0.04064354396048345,0.4497160571961536,0.2117266802133339,25,20,20
48,221,0.2978847309498248,0.04064349519643132,0.4497450936781271,0.2117266801756146,25,20,20
48,222,0.29788473095003776,0.04058165387923836,0.44980693499501156,0.21172668017571028,25,20,20
48,223,0.2962576526288153,0.04058165366503115,0.45143401446254244,0.21172667924360958,25,20,20
48,224,0.32158368424534634,0.0405808052113146,0.42610876704067097,0.2117267435026662,25,20,20
48,225,0.32643473085796737,0.04057574769378781,0.4213988921870742,0.2115906292611683,25,20,20
48,226,0.3264347308579674,0.04057574769378781,0.42140368988532484,0.21158583156291758,25,20,20
48,227,0.3264367775015177,0.04057574772346362,0.4214016432135186,0.2115858315614977,25,20,20
48,228,0.32643677754926614,0.03939898867337308,0.4225784022158638,0.21158583156149485,25,20,20
48,229,0.3264367775492662,0.03939898867337316,0.4225800246402169,0.21158420913714143,25,20,20
48,230,0.32158382464788393,0.03939898953411143,0.4279783102124553,0.2110388756055469,25,20,20
48,231,0.2828190387964915,0.03939899843832083,0.4667407098185076,0.21104125294667708,25,20,20
48,232,0.2828190387964915,0.03939899843832075,0.4667406492291327,0.21104131353605213,25,20,20
48,233,0.28162341054512835,0.03940033013846111,0.4679373212144762,0.21103893810193164,25,20,20
48,234,0.32107698962402326,0.03937319915623287,0.4285109129548425,0.2110388982648998,25,20,20
48,235,0.296179643809523,0.039373213633767015,0.45340626057304445,0.21104088198366355,25,20,20
48,236,0.29617964475090086,0.039373213644828896,0.42643809478279054,0.23800904682147803,25,20,20
48,237,0.29617964470295094,0.040601683985737186,0.4252096244898293,0.23800904682148097,25,20,20
48,238,0.2966927926679528,0.04060091179518222,0.42469724982561613,0.23800904571124806,25,20,20
48,239,0.2966927926679527,0.04060091179518222,0.42469728374628785,0.2380090117905764,25,20,20
48,240,0.29669279172500457,0.04060091178409075,0.41650529956372606,0.24620099692717784,25,20,20
48,241,0.2957130772385401,0.040600911784242674,0.4174850140497098,0.24620099692750658,25,20,20
48,242,0.2558292831351916,0.04060091143272167,0.4573689064053086,0.24620089902677733,25,20,20
48,243,0.25584659022079853,0.040600911943585484,0.4573515988081223,0.24620089902749276,25,20,20
48,244,0.2558911379921207,0.04060091194684035,0.457307050602035,0.2462008994590035,25,20,20
48,245,0.28903116465187534,0.040600911087245596,0.42416702480294277,0.24620089945793516,25,20,20
48,246,0.28903116465187534,0.040600911087245596,0.4241670241018336,0.246200900159044,25,20,20
48,247,0.2890311646518761,0.04060091108724989,0.42417362866147057,0.24619429559940187,25,20,20
48,248,0.28903116465187534,0.04060091108724568,0.42417362693253025,0.24619429732834722,25,20,20
48,249,0.2890311646518753,0.040600911087245596,0.4241720045182747,0.2461959197426029,25,20,20
48,250,0.2755664015917842,0.04060089662407521,0.4376259948236786,0.24620670696045996,25,20,20
48,251,0.27556571626119175,0.04060089662418711,0.43762668015361683,0.24620670696100222,25,20,20
48,252,0.27563740422876154,0.0406008966241313,0.43755499218623434,0.24620670696087138,25,20,20
48,253,0.2756092947812208,0.04060084928353699,0.4375831489768054,0.24620670695843538,25,20,20
48,254,0.25188081985347305,0.040600845694806875,0.4613124649375127,0.2462058695142067,25,20,20
48,255,0.2518808198534917,0.040600845694592616,0.4963481765203928,0.2111701579315215,25,20,20
48,256,0.25248775062812767,0.040580604308579626,0.4918768572971458,0.21505478776614567,25,20,20
48,257,0.2555336483703672,0.04058062728701129,0.48883093344511275,0.21505479089750779,25,20,20
48,258,0.24133810531220948,0.040554179803732084,0.5030530001534331,0.2150547147306224,25,20,20
48,259,0.24073118154944606,0.04055417981341222,0.47569273751206786,0.24302190112507083,25,20,20
48,260,0.2569881792582301,0.040553781435234144,0.46560719109018756,0.23685084821634536,25,20,20
48,261,0.2634717965829396,0.040553781434697254,0.4591236145230214,0.2368508074593388,25,20,20
48,262,0.24309241497263112,0.040553781402513034,0.47980088554740896,0.23655291807744588,25,20,20
48,263,0.24009217893956158,0.040553807317073975,0.48280110112878566,0.2365529126145781,25,20,20
48,264,0.24021517346977267,0.040553807315438846,0.48267810702413194,0.23655291219065663,25,20,20
48,265,0.24021616717696606,0.040553854322972614,0.4826898371775476,0.23654014132251447,25,20,20
48,266,0.24015983340419542,0.04055385344251288,0.4827457397670462,0.2365405733862463,25,20,20
48,267,0.2401593383143567,0.04055385344225626,0.48274623890076307,0.23654056934262524,25,20,20
48,268,0.24015933831435754,0.04055385344226063,0.48274636137131344,0.23654044687206977,25,20,20
48,269,0.24021472214489697,0.040553851842913886,0.48269097927163124,0.23654044674055785,25,20,20
48,270,0.2173921723983709,0.04055414752767171,0.505513209051176,0.23654047102278156,25,20,20
48,271,0.24377942434843167,0.04055414752779368,0.479125957100621,0.2365404710231543,25,20,20
48,272,0.24372250392512973,0.04055409861713811,0.4791829245243481,0.23654047293338448,25,20,20
48,273,0.24370490892938346,0.04055409910987545,0.4792005142852356,0.23654047767550535,25,20,20
48,274,0.24364952321064645,0.04055679383996787,0.4792532071195141,0.23654047582987137,25,20,20
48,275,0.24364461860632589,0.04055679383996793,0.47925811172332056,0.23654047583038632,25,20,20
48,276,0.2420804777240576,0.0405567485437605,0.4808227300332678,0.23654004369891468,25,20,20
48,277,0.2420804777240579,0.040559329431450124,0.4808201491401142,0.23654004370437826,25,20,20
48,278,0.24881363017598687,0.04055932960810939,0.474086996496845,0.23654004371905898,25,20,20
48,279,0.24881363017598687,0.04055932960810954,0.47435332542115227,0.2362737147947513,25,20,20
48,280,0.24881362298100768,0.040559329597246736,0.46620850642654027,0.24441854099520563,25,20,20
48,281,0.24881362298105322,0.04055932959724666,0.46594890814071455,0.24467813928098592,25,20,20
48,282,0.24502888923238594,0.04055932941924415,0.4697336420821598,0.2446781392662104,25,20,20
48,283,0.24502699349153328,0.040568606468940845,0.46972626059708383,0.24467813944244127,25,20,20
48,284,0.24502699349153328,0.04056860646894085,0.46972193394102524,0.24468246609849958,25,20,20
48,285,0.24501661306982428,0.04056860646894231,0.4697323139297215,0.244682466531511,25,20,20
48,286,0.2450165924788259,0.040568606229023335,0.4312901918981833,0.28312460939396744,25,20,20
48,287,0.25702084681427717,0.04056860622863936,0.41928593756347077,0.2831246093936126,25,20,20
48,288,0.25702084681427395,0.04056860622839475,0.4192842777603723,0.28312626919695894,25,20,20
48,289,0.22038629906355606,0.04057000919886696,0.4559173051912695,0.28312638654630695,25,20,20
48,290,0.22038629906355614,0.04057000919886704,0.455915143404763,0.28312854833281326,25,20,20
48,291,0.22038630199997097,0.040006352943129916,0.44254663966421814,0.29706070539267937,25,20,20
48,292,0.21685640448832635,0.04000635393759233,0.44607665878329494,0.29706058279078584,25,20,20
48,293,0.2168564037774091,0.04000635317375703,0.44478515476438574,0.29835208828444776,25,20,20
48,294,0.21844889781968438,0.0400063532161486,0.4431926606118452,0.2983520883523211,25,20,20
48,295,0.22163646155908825,0.040005013026566366,0.44000632634779374,0.2983521990665516,25,20,20
48,296,0.22163646155937966,0.014151375678650636,0.4658595997320758,0.2983525630298944,25,20,20
48,297,0.2216364615593765,0.014151375678646372,0.46559325495889614,0.2986189078030813,25,20,20
48,298,0.22163646155937575,0.014151375678642083,0.4655978346051677,0.2986143281568149,25,20,20
48,299,0.22004447982087186,0.014151376513204098,0.4671898115351953,0.2986143321307289,25,20,20
48,300,0.2239538802041139,0.014151376513203645,0.4632804111520741,0.2986143321306089,25,20,20
48,301,0.22395388022406418,0.014151724785184791,0.4679780155495811,0.29391637944117055,25,20,20
48,302,0.22396820392947728,0.014151724800518066,0.46796369175808505,0.2939163795119204,25,20,20
48,303,0.24033725634367262,0.014152207625839953,0.4515940770835635,0.2939164589469247,25,20,20
48,304,0.2403371086968131,0.014142930624446276,0.4516035019722896,0.2939164587064519,25,20,20
48,305,0.26194110134028814,0.014144063503746567,0.4299984194416466,0.2939164157143192,25,20,20
48,306,0.2619504061207689,0.014141682468393717,0.4299914696657352,0.29391644174510234,25,20,20
48,307,0.22763933450911725,0.014141683204849773,0.4643023404663784,0.29391664181965466,25,20,20
48,308,0.22763933450929938,0.014141683204849775,0.4642992532387515,0.2939197290470995,25,20,20
48,309,0.22763933509966516,0.014141683204854056,0.46438530653437743,0.29383367516110337,25,20,20
48,310,0.2277358708057397,0.014140550369762871,0.46428990041833623,0.29383367840616137,25,20,20
48,311,0.2277358708057397,0.014140550369762948,0.46429001571377104,0.2938335631107264,25,20,20
48,312,0.22776507586877756,0.014140550399493834,0.46426081047679074,0.29383356325493726,25,20,20
48,313,0.22776507586848588,0.03994893041827821,0.43845279411067567,0.29383319960256016,25,20,20
48,314,0.2277897150809252,0.03994892019014827,0.43842818933720124,0.2938331753917249,25,20,20
48,315,0.22766683112139177,0.03994892019011545,0.43855107330409626,0.2938331753843963,25,20,20
48,316,0.22766683112120958,0.03994892019011545,0.4385493642208987,0.293834884467776,25,20,20
48,317,0.22766683351678027,0.03994890441095572,0.452481546779587,0.2799027152926766,25,20,20
48,318,0.222346526902737,0.039948904541335685,0.4578018527952162,0.2799027157607101,25,20,20
48,319,0.22234652690273696,0.03994890454133982,0.457804015972537,0.2799005525833852,25,20,20
48,320,0.21959085824899457,0.03994892581216252,0.46055986342780303,0.2799003525110385,25,20,20
48,321,0.21959085824899457,0.039948925812162445,0.46055974814246575,0.2799004677963758,25,20,20
48,322,0.21887333706775502,0.039948930003844564,0.4612772454330225,0.27990048749537627,25,20,20
48,323,0.21887333706775502,0.03994893000384465,0.46127736073461767,0.27990037219378094,25,20,20
48,324,0.21887333706775497,0.03994893000384465,0.4612727738941361,0.2799049590342624,25,20,20
48,325,0.21887333706775497,0.03994893000384457,0.46127273908304667,0.27990499384535195,25,20,20
48,326,0.21886001975060976,0.039948616317010896,0.4612863962863641,0.27990496764601397,25,20,20
48,327,0.2188600165492023,0.03996491441227511,0.4612701013989006,0.2799049676396202,25,20,20
48,328,0.19215469515000602,0.03996528117590305,0.4878771313897539,0.28000289228433595,25,20,20
48,329,0.19805901844217222,0.039965276853894255,0.4819728330193785,0.28000287168455396,25,20,20
48,330,0.19805901882542262,0.06372830419581667,0.4581749105013524,0.2800377664774076,25,20,20
48,331,0.19805901882542254,0.06372830419581658,0.4581747971973683,0.2800378797813917,25,20,20
48,332,0.1980590182350112,0.06372830419581231,0.4580820382909009,0.28013063927827486,25,20,20
48,333,0.1980590182350112,0.0637283041958166,0.4580821309756486,0.2801305465935229,25,20,20
48,334,0.22540426849998998,0.06372828604178413,0.43067618271166874,0.2801912627465574,25,20,20
48,335,0.2252283575523478,0.06372835206057387,0.43085205193977105,0.2801912384473061,25,20,20
48,336,0.2255718064222397,0.06372835170490176,0.43050860670062263,0.2801912351722343,25,20,20
48,337,0.22557205528113378,0.06481389521707485,0.4294228138392593,0.2801912356625306,25,20,20
48,338,0.22557205528113455,0.06481389521707494,0.42942523847874287,0.28018881102304616,25,20,20
48,339,0.22557205528113536,0.06481389521707921,0.4295547654620095,0.2800592840397745,25,20,20
48,340,0.21955390122600868,0.06481389536705649,0.43557291935441794,0.28005928405251546,25,20,20
48,341,0.21955390122600868,0.0648138953670565,0.4359459576030878,0.27968624580384555,25,20,20
48,342,0.2195539012260079,0.06481389536705652,0.43582303452931503,0.27980916887761914,25,20,20
48,343,0.2195539012260111,0.0648138953670523,0.4358230301259681,0.2798091732809672,25,20,20
48,344,0.21955390124637353,0.06482353837661073,0.43581338710501166,0.2798091732720025,25,20,20
48,345,0.180560415286688,0.0648235392524355,0.47480675315661464,0.27980929230425966,25,20,20
48,346,0.18057426059293535,0.06482353837495747,0.47479291276963287,0.27980928826247187,25,20,20
48,347,0.18057426059293535,0.06482353837495318,0.47478630736167565,0.27981589367043336,25,20,20
48,348,0.1902917778878573,0.06482353452327357,0.46512951006594505,0.279755177522922,25,20,20
48,349,0.19047263512093046,0.06482353437306305,0.46494865299564153,0.27975517751036294,25,20,20
48,350,0.1904874764522087,0.0648235343730793,0.464933811664347,0.27975517751036294,25,20,20
48,351,0.1904874764522087,0.0648235343730793,0.4649337763032786,0.2797552128714311,25,20,20
48,352,0.19048747645220948,0.06482353437307946,0.46456535964656065,0.2801236295281481,25,20,20
48,353,0.22410736518885954,0.06482353459168637,0.4309454294061483,0.28012367081330425,25,20,20
48,354,0.22410736518885643,0.0648235345916905,0.4309455093359219,0.28012359088352967,25,20,20
48,355,0.22410736518885643,0.0648235345916905,0.43094562381831175,0.28012347640114,25,20,20
48,356,0.22410736518884142,0.06363873795529698,0.4321304207712454,0.28012347608461485,25,20,20
48,357,0.22410736518884122,0.06486971533510551,0.43089944339143704,0.2801234760846149,25,20,20
48,358,0.224107365188842,0.06486971533510981,0.4309017226095132,0.28012119686653364,25,20,20
48,359,0.2304723545946492,0.06486971520387105,0.42453674995887836,0.2801211802426,25,20,20
48,360,0.2304450930201425,0.06486994984620935,0.42456375759712073,0.2801211995365261,25,20,20
48,361,0.22817176790525423,0.06486995466850815,0.42683642883025835,0.28012184859597783,25,20,20
48,362,0.2249689868800517,0.06486995425377928,0.4300393229509292,0.2801217359152373,25,20,20
48,363,0.2249689868800517,0.06486995425377928,0.43003927090237826,0.28012178796378817,25,20,20
48,364,0.2516605888664004,0.06486958749025949,0.4034459602938963,0.2800238633494422,25,20,20
48,365,0.25742475213661875,0.06486958749057027,0.3976817965933511,0.28002386377945837,25,20,20
48,366,0.25754613092254347,0.06486958748900824,0.39756041780912343,0.2800238637793233,25,20,20
48,367,0.2575461309225427,0.0648695874890039,0.39756041711514767,0.28002386447330424,25,20,20
48,368,0.25426397747044427,0.06486980899045584,0.40084246633255766,0.2800237472065411,25,20,20
48,369,0.2542615278223435,0.06488370934378947,0.40083103491475497,0.2800237279191112,25,20,20
48,370,0.24950364716843002,0.06488371274271461,0.4055895655777569,0.2800230745110967,25,20,20
48,371,0.2495036419356972,0.0648837127425653,0.4055895732068947,0.2800230721148419,25,20,20
48,372,0.24950364193789892,0.06488371274277287,0.41165505636470656,0.27395758895462097,25,20,20
48,373,0.2495081379815743,0.06488371274278251,0.4116505586191067,0.2739575906565357,25,20,20
48,374,0.27229321655290467,0.0648820999052567,0.388867037499447,0.27395764604239015,25,20,20
48,375,0.2826103166881507,0.06488209249342763,0.37848461074002265,0.2740229800783981,25,20,20
48,376,0.27562458365655085,0.06488233602928149,0.38546897779391065,0.2740241025202558,25,20,20
48,377,0.2641637670256185,0.06488233603368279,0.39692979443646015,0.2740241025042369,25,20,20
48,378,0.2641651267072647,0.06488236212630832,0.3969282864047057,0.27402422476171984,25,20,20
48,379,0.2646723864577859,0.06379646063318917,0.39750689369576214,0.2740242592132613,25,20,20
48,380,0.2653297004136416,0.06379665618373125,0.3967902935728595,0.2740833498297661,25,20,20
48,381,0.2653297004240198,0.06379665619766633,0.3968003348437328,0.2740733085345796,25,20,20
48,382,0.27237170495559243,0.06379664788077057,0.389758358981303,0.2740732881823325,25,20,20
48,383,0.27918120060658763,0.06379617527442845,0.3829463677317252,0.2740762563872583,25,20,20
48,384,0.27914320983769114,0.06379746629669696,0.382983076589709,0.27407624727590213,25,20,20
48,385,0.3181152158530466,0.06379617440016193,0.34401247239205085,0.27407613735474007,25,20,20
48,386,0.3182559781447845,0.06379617956017633,0.3438716803307682,0.27407616196427115,25,20,20
48,387,0.3182414032601811,0.06379620363335986,0.34388623117696954,0.27407616192948964,25,20,20
48,388,0.3292610967019798,0.06379733609591781,0.33286001089426526,0.2740815563078376,25,20,20
48,389,0.3292610967019799,0.0637973360959221,0.3328665009322341,0.2740750662698644,25,20,20
48,390,0.3193266263499952,0.06379777033863898,0.3427984848491157,0.2740771184622504,25,20,20
48,391,0.3193266263422114,0.0637977703247039,0.3427928106450803,0.27408279268800473,25,20,20
48,392,0.3193331937627368,0.06379774576145344,0.3427862174591257,0.27408284301668406,25,20,20
48,393,0.32013048175212966,0.06379661329755903,0.34199543175811525,0.27407747319219616,25,20,20
48,394,0.31947180774276784,0.06379643007410653,0.3087907307279506,0.3079410314551745,25,20,20
48,395,0.335970629321478,0.06379641885232502,0.2922949680948209,0.30793798373137543,25,20,20
48,396,0.33597067441827805,0.06380047403600198,0.2922908273005758,0.3079380242451437,25,20,20
48,397,0.33597067441827805,0.06380047403600204,0.2922909410731254,0.3079379104725943,25,20,20
48,398,0.342721323613166,0.06380046981493945,0.28560568560466926,0.307872520967225,25,20,20
48,399,0.34221393185571763,0.06430168255456727,0.2856118995564792,0.30787248603323547,25,20,20
48,400,0.3520288311975371,0.06430124831187826,0.27579948664947573,0.3078704338411084,25,20,20
48,401,0.3520288311975371,0.06430124831187826,0.2758009128634098,0.3078690076271743,25,20,20
48,402,0.35202883118873407,0.0643012098920073,0.2697239211921585,0.3139460377270997,25,20,20
48,403,0.35202883073997276,0.061766359443526,0.2722936668823321,0.3139111429341688,25,20,20
48,404,0.35202200707185083,0.06178298668258958,0.2722838888569415,0.3139111173886175,25,20,20
48,405,0.35202200706964915,0.06178298668238211,0.2662137852687305,0.3199812209792376,25,20,20
48,406,0.34501463116956727,0.061796331304583126,0.27314417466112706,0.32004486286472245,25,20,20
48,407,0.34501463116956727,0.06179633130482772,0.27314898112003694,0.32004005640556804,25,20,20
48,408,0.34501463116697223,0.0617963313048278,0.27314893901927245,0.32004009850892745,25,20,20
48,409,0.3075601543554544,0.06191062900240177,0.310488623483443,0.32004059315870037,25,20,20
48,410,0.3075601543441904,0.06189674291029358,0.3105025092343549,0.3200405935111603,25,20,20
48,411,0.3075601543441904,0.06189674291029358,0.31050250923451034,0.320040593511005,25,20,20
48,412,0.30756003749123667,0.061776607446870004,0.3106227615588973,0.32004059350299535,25,20,20
48,413,0.3075600374912359,0.061776607446869934,0.31061817477803505,0.3200451802838588,25,20,20
48,414,0.30756003749123667,0.061776607447110256,0.310618859112835,0.32004449594881784,25,20,20
48,415,0.3075600374912366,0.06177660744686567,0.3106140262088854,0.32004932885301196,25,20,20
48,416,0.3129758121257592,0.06177660756299378,0.3027515720961854,0.3224960082150616,25,20,20
48,417,0.31297581212580156,0.06177660756299807,0.30275613085459346,0.32249144945660696,25,20,20
48,418,0.3129758121258016,0.06177660756299799,0.30275612452007217,0.32249145579112826,25,20,20
48,419,0.3129758121258016,0.06177660756299807,0.3027561308796325,0.3224914494315679,25,20,20
48,420,0.3129758121258016,0.06177660756299799,0.30275601535555324,0.32249156495564735,25,20,20
48,421,0.3129758798878731,0.06143430382816119,0.3030982513192533,0.3224915649647126,25,20,20
48,422,0.31067463956702923,0.06143406425207304,0.30540085331541783,0.3224904428654801,25,20,20
48,423,0.2876198734297125,0.06143406485614586,0.3284556166889034,0.32249044502523766,25,20,20
48,424,0.287619873429667,0.06143406485613727,0.3284508620650422,0.322495199649153,25,20,20
48,425,0.31095706682631463,0.06143406425218016,0.30511367140224493,0.3224951975192603,25,20,20
48,426,0.31095706682631546,0.06143406425218024,0.30511378788001337,0.322495081041491,25,20,20
48,427,0.31110626508554157,0.061434064248895,0.3049646142209061,0.3224950564446577,25,20,20
48,428,0.3111062199498554,0.06142037181085026,0.30497839230840595,0.3224950159308879,25,20,20
48,429,0.3111062202628365,0.06142039711052888,0.30497836457961175,0.32249501804702324,25,20,20
48,430,0.31130612980305983,0.06142039710894434,0.30477845504097045,0.32249501804702563,25,20,20
48,431,0.31117738480825435,0.06142039728955046,0.3049071994172078,0.3224950184849878,25,20,20
48,432,0.3111773848093247,0.079556239485534,0.28677135721472935,0.3224950184904122,25,20,20
48,433,0.3111773848093256,0.0795562394855383,0.2867778485473965,0.32248852715773985,25,20,20
48,434,0.3111775604052094,0.07959198012264894,0.28674193228980205,0.32248852718233983,25,20,20
48,435,0.31020917924262675,0.07959198012285844,0.2877103134650151,0.3224885271694995,25,20,20
48,436,0.3113772482862499,0.07951842810153324,0.2866157957550392,0.32248852785717735,25,20,20
48,437,0.3089104697745275,0.07940413040262005,0.28919736654217143,0.32248803328067926,25,20,20
48,438,0.3236833142918807,0.07940415303859037,0.2678023929683332,0.3291101397011956,25,20,20
48,439,0.32368331431178793,0.0794239772003563,0.26778256878665074,0.32911013970120395,25,20,20
48,440,0.3182384131712567,0.07942409433507826,0.2756421504871331,0.3266953420065311,25,20,20
48,441,0.2886528299890244,0.07948761190593634,0.30522145157025327,0.32663810653478714,25,20,20
48,442,0.2748052765636566,0.07948761660504236,0.32569110450399674,0.32001600232730487,25,20,20
48,443,0.2748052765638388,0.07948761660505087,0.3256927725838193,0.32001433424729164,25,20,20
48,444,0.27480527656385334,0.0777764710138794,0.32740391787164463,0.3200143345506238,25,20,20
48,445,0.2748052765638533,0.07777647101363493,0.3274082156771316,0.3200100367453816,25,20,20
48,446,0.2584966772271322,0.0777764826987177,0.34355013680359264,0.3201767032705581,25,20,20
48,447,0.25849667722713227,0.07777648269896177,0.34364243072609374,0.32008440934781296,25,20,20
48,448,0.25208509671129387,0.07777648704927446,0.34998782095758985,0.32015059528184225,25,20,20
48,449,0.25220924584930554,0.07777648687181987,0.3498636724275459,0.3201505948513287,25,20,20
48,450,0.26716043593236927,0.07777552098993168,0.33491344825014285,0.32015059482755626,25,20,20
48,451,0.2671604359332227,0.07946424054070146,0.33322472900165856,0.3201505945244174,25,20,20
48,452,0.2671604359332218,0.0794642405406971,0.3332181237793803,0.320157199746701,25,20,20
48,453,0.2609367689292492,0.07946424489723772,0.33944064246705463,0.3201583437064586,25,20,20
48,454,0.2609367652586683,0.07946711088960606,0.3394378049653149,0.32015831888641116,25,20,20
48,455,0.2609367652690161,0.07946711088961454,0.33956723552077844,0.3200288883205913,25,20,20
48,456,0.26093676527939813,0.07946711088961034,0.3395608344466087,0.32003528938438286,25,20,20
48,457,0.2605066885084626,0.0794670835586821,0.3399909396313346,0.3200352883015205,25,20,20
48,458,0.26068292875910304,0.07946708392085167,0.339809280750142,0.3200407065699033,25,20,20
48,459,0.26121101412403447,0.07946737051641388,0.33928632749272775,0.32003528786682395,25,20,20
48,460,0.2674926696950022,0.0794673712380754,0.3330708329525037,0.31996912611441886,25,20,20
48,461,0.2728385439880577,0.07946736757506402,0.3277261045708365,0.3199679838660419,25,20,20
48,462,0.2728385439880577,0.07946736757506409,0.32772621844774585,0.31996786998913246,25,20,20
48,463,0.2728385439880577,0.07946736757506402,0.3277261025733821,0.3199679858634963,25,20,20
48,464,0.2728409910337952,0.07946734632469504,0.3277236785556814,0.3199679840858286,25,20,20
48,465,0.2728409910337953,0.07946734632469933,0.3277237996064252,0.3199678630350805,25,20,20
48,466,0.2728409033719473,0.07946722904414004,0.3242008395016065,0.3234910280823069,25,20,20
48,467,0.2728439018859694,0.0794470607711794,0.3242180088385678,0.3234910285042835,25,20,20
48,468,0.27284390194135993,0.07944706077133323,0.29907915575354804,0.34862988153375896,25,20,20
48,469,0.2729759018734868,0.07944705570092667,0.2989471846476793,0.3486298577779074,25,20,20
48,470,0.27297290341472713,0.08053317504963829,0.2978640641795612,0.34862985735607344,25,20,20
48,471,0.2729729034147263,0.08053317504963822,0.29786406335953197,0.34862985817610337,25,20,20
48,472,0.2702494482683178,0.08053318801264958,0.3005857137611775,0.3486316499578552,25,20,20
48,473,0.2702494482579397,0.08053318801265377,0.3007150332929348,0.3485023304364717,25,20,20
48,474,0.25649791086914797,0.0805333172441997,0.31443134344494217,0.34853742844171015,25,20,20
48,475,0.25415271320075183,0.08045644989820609,0.31685970896797655,0.34853112793306495,25,20,20
48,476,0.2541249979913957,0.08045644990479882,0.31688732553706844,0.34853122656673635,25,20,20
48,477,0.26762294216119925,0.08045632085227108,0.3034246084200534,0.34849612856647627,25,20,20
48,478,0.2676229421610179,0.08045632085226265,0.30342298054341293,0.34849775644330655,25,20,20
48,479,0.2538249493376202,0.08045603718161627,0.3172212580377832,0.3484977554429809,25,20,20
48,480,0.252964835656598,0.08045603717302853,0.3180815002399156,0.3484976269304585,25,20,20
48,481,0.2522330861351162,0.08045603716643177,0.318813348429484,0.34849752826896874,25,20,20
48,482,0.25206784008380395,0.0804560261134528,0.3191452710472905,0.34833086275545233,25,20,20
48,483,0.2450267949745851,0.08045602611356674,0.3261863157933599,0.3483308631184879,25,20,20
48,484,0.24502679497694768,0.08045606734975268,0.3297702342890109,0.34474690338428815,25,20,20
48,485,0.24502679502552316,0.08044119507131037,0.32978510651897536,0.3447469033841907,25,20,20
48,486,0.2531485944402696,0.08044119611763001,0.3216633063423419,0.3447469030997581,25,20,20
48,487,0.2532009168728303,0.08044119594016125,0.3216109840795182,0.34474690310748984,25,20,20
48,488,0.25320091687175794,0.08105992048035587,0.3209922595457745,0.34474690310211126,25,20,20
48,489,0.27950682418986933,0.08105990751231848,0.294688157645366,0.3447451106524456,25,20,20
48,490,0.27950682420601447,0.05149830440966169,0.32424949202423475,0.3447453793600886,25,20,20
48,491,0.2795068241898731,0.08102882870166345,0.29471923645601733,0.34474511065244556,25,20,20
48,492,0.27950682414128425,0.08044042865851628,0.2953076362359161,0.3447451109642829,25,20,20
48,493,0.2795068241412803,0.08044042865851621,0.2951782335600884,0.34487451364011457,25,20,20
48,494,0.27950682414127953,0.08044042865851615,0.2951781933821414,0.3448745538180624,25,20,20
48,495,0.2795068241412796,0.08044042865852047,0.2955512958909544,0.34450145130924503,25,20,20
48,496,0.2789588556592725,0.08044046743685883,0.2960992256187094,0.3445014512851589,25,20,20
48,497,0.29539834756963795,0.08044046681570871,0.2796597336180475,0.3445014519966056,25,20,20
48,498,0.2834815391915657,0.08044046680319251,0.29157654371815706,0.3445014502870841,25,20,20
48,499,0.2834815838055696,0.08044046193308492,0.2915764839275072,0.34450147033383766,25,20,20
48,500,0.2789989131001711,0.08045185429559304,0.2960467912719236,0.3445024413323115,25,20,20
48,501,0.2850300904260902,0.08044042245809382,0.29002801805123013,0.34450146906458506,25,20,20
48,502,0.28503023303822034,0.08044017858006647,0.29002813972272096,0.34450144865899146,25,20,20
48,503,0.29098050769865647,0.08044017424789965,0.28407786896873466,0.34450144908470853,25,20,20
48,504,0.2909778416962346,0.08044017424636206,0.28408053538334915,0.3445014486740536,25,20,20
48,505,0.29097784169623464,0.08044017424636203,0.28408216352695603,0.3444998205304465,25,20,20
48,506,0.2909778415882446,0.08044017424618645,0.2727760670406337,0.35580591712493453,25,20,20
48,507,0.2909778415882446,0.08044017424619074,0.2727826715263749,0.35579931263918896,25,20,20
48,508,0.29096408731536266,0.08044017425240742,0.2727964258216406,0.3557993126105885,25,20,20
48,509,0.29096408731536266,0.08044017425216338,0.2727042115622438,0.35589152687022946,25,20,20
48,510,0.2977565908535002,0.08044017425213233,0.26591168385191644,0.35589155104245035,25,20,20
48,511,0.2977565908536811,0.08044017425212813,0.2661787640638499,0.3556244708303403,25,20,20
48,512,0.2977565908536811,0.08044017425212392,0.2661721886033697,0.35563104629082476,25,20,20
48,513,0.29783304199124605,0.08044017425210351,0.26609573790391605,0.3556310458527337,25,20,20
48,514,0.29783304199124605,0.08044017425210344,0.2660891351225008,0.35563764863414904,25,20,20
48,515,0.2707522841876086,0.08044017474179739,0.2931698901230181,0.3556376509475754,25,20,20
48,516,0.2710007879890388,0.08044017474171497,0.29292141085692686,0.3556376264123189,25,20,20
48,517,0.28028334249089615,0.0804401707820042,0.28363886065714344,0.3556376260699557,25,20,20
48,518,0.280292080983376,0.0804401707819743,0.28363012217976347,0.35563762605488575,25,20,20
48,519,0.28029303569504216,0.08044028193528219,0.28362905615428685,0.3556376262153882,25,20,20
48,520,0.2800040814383056,0.08044028705660748,0.28391795726894037,0.35563767423614595,25,20,20
48,521,0.27975441334675044,0.08044028705671863,0.28416762535986334,0.3556376742366668,25,20,20
48,522,0.2797559400648796,0.08044028706610043,0.2841660986286467,0.3556376742403725,25,20,20
48,523,0.27975594006509275,0.08043989965634933,0.28416648603272626,0.35563767424583115,25,20,20
48,524,0.2797559716031157,0.07935381285134499,0.28525254129982,0.3556376742457188,25,20,20
48,525,0.2797535249542354,0.07935405697462584,0.2852547441639091,0.35563767390722734,25,20,20
48,526,0.2797535249518728,0.07935401573843569,0.2816643350366583,0.3592281242730309,25,20,20
48,527,0.27975751573440816,0.07935397497062219,0.2816603810558212,0.35922812823914607,25,20,20
48,528,0.27968870732071444,0.07935397549080483,0.28172918890256343,0.35922812828591516,25,20,20
48,529,0.2796887073198598,0.07998683577736375,0.28109632892879066,0.35922812797398385,25,20,20
48,530,0.2689427777233483,0.07998704789047895,0.2918420462154131,0.3592281281707581,25,20,20
48,531,0.26894163579884134,0.07998718534226186,0.2918430508487558,0.3592281280101396,25,20,20
48,532,0.26894163498849744,0.07998718534226186,0.2918430516590996,0.35922812801013976,25,20,20
48,533,0.26894163498849744,0.07998718534226605,0.29221612451669343,0.3588550551525418,25,20,20
48,534,0.27182022799837696,0.07998839614870483,0.28933054387446033,0.3588608319784562,25,20,20
48,535,0.2349440518285522,0.07998841954122463,0.3262005512978889,0.35886697733233247,25,20,20
48,536,0.23206352255038226,0.07998720873809329,0.32908783782202333,0.3588614308894995,25,20,20
48,537,0.2320635217409456,0.08000163809483456,0.32907340927460366,0.35886143088961375,25,20,20
48,538,0.2028279762594357,0.08000172700682982,0.3536458902770147,0.3635244064567173,25,20,20
48,539,0.20282797625925475,0.08000172700682975,0.35337871607476196,0.3637915806591511,25,20,20
48,540,0.20287557807315573,0.08004728666877767,0.35328545913831433,0.3637916761197513,25,20,20
48,541,0.20287557807316506,0.06461002800662145,0.36872271780046423,0.36379167611974894,25,20,20
48,542,0.2028280372119918,0.06454705391001885,0.36825838379392023,0.3643665250840688,25,20,20
48,543,0.20284575288656434,0.06454728506437263,0.3646338148012635,0.36797314724779917,25,20,20
48,544,0.24283317142123764,0.06454520589706783,0.3252234198515263,0.3673982028301667,25,20,20
48,545,0.2428331714108891,0.06454520589706356,0.32509623821064176,0.3675253844814037,25,20,20
48,546,0.24281337019804566,0.06454497304774692,0.28881442370715044,0.403827233047055,25,20,20
48,547,0.24322439577428576,0.06454496792502847,0.28840345083397567,0.40382718546670887,25,20,20
48,548,0.20827509235852723,0.06454705055649403,0.32335067157127795,0.40382718551369967,25,20,20
48,549,0.20827509235852731,0.0645470505564941,0.3233507275734994,0.40382712951147814,25,20,20
48,550,0.2082750923582728,0.06454704102732223,0.32335073710303797,0.40382712951136585,25,20,20
48,551,0.20827509235848032,0.07995156605562548,0.3079462120689721,0.4038271295169208,25,20,20
48,552,0.20827509235848032,0.07995156605562123,0.3075732226376975,0.40420011894819957,25,20,20
48,553,0.20827509235848032,0.07995156605562552,0.30757333762700084,0.40420000395889205,25,20,20
48,554,0.2085246993685481,0.07995156605551437,0.3073237306174338,0.40420000395850214,25,20,20
48,555,0.2085246993685481,0.07995156605551437,0.30732372912919936,0.40420000544673657,25,20,20
48,556,0.20852469936833537,0.06122830068162045,0.3260469945059088,0.40420000544413376,25,20,20
48,557,0.20802928799160053,0.06122830067735004,0.3265424046563366,0.40420000667471123,25,20,20
48,558,0.20802928799164566,0.06122830067759237,0.3269154129404476,0.4038269983903128,25,20,20
48,559,0.24099782853269236,0.06122830457509404,0.2939468704724905,0.4038269964197221,25,20,20
48,560,0.24099782853269228,0.061228304575089716,0.29357376518893596,0.4042001017032809,25,20,20
48,561,0.24099782853269222,0.06122830457508543,0.29357139895033024,0.40420246794189096,25,20,20
48,562,0.24099782777662707,0.06122830473615995,0.29357139918634023,0.40420246830087303,25,20,20
48,563,0.23799488488456913,0.061228330237193054,0.2965676248848313,0.40420915999340623,25,20,20
48,564,0.22640699925611554,0.061228330486474976,0.3081555099512784,0.4042091603061311,25,20,20
48,565,0.20904393628197668,0.061228330496696265,0.3255185729000663,0.40420916032126086,25,20,20
48,566,0.20904393628197745,0.06122833049669207,0.3255168932038688,0.40421084001746166,25,20,20
48,567,0.20904393628295573,0.06121391127032295,0.32553131242285716,0.4042108400238642,25,20,20
48,568,0.22718865038651395,0.06121391125999006,0.30738659834575105,0.4042108400077455,25,20,20
48,569,0.22718865038651395,0.06121391125999006,0.30738659973308713,0.40421083862040935,25,20,20
48,570,0.22718865038651395,0.06121391125999006,0.3073866282508014,0.40421081010269516,25,20,20
48,571,0.22718865038651395,0.061213911259990136,0.3073932046938674,0.40420423365962904,25,20,20
48,572,0.22718865038650976,0.07993811671860501,0.2886689992382083,0.40420423365667746,25,20,20
48,573,0.22718864979847134,0.07993811750736986,0.2888684128196901,0.4040048198744695,25,20,20
48,574,0.22717362201314864,0.07993811750737174,0.2888834406060774,0.404004819873403,25,20,20
48,575,0.22717362201314864,0.07993811750737174,0.28888794588991423,0.4040003145895662,25,20,20
48,576,0.22717362201314778,0.07993811750737183,0.28889257826525483,0.4039956822142263,25,20,20
48,577,0.2271736220131485,0.07993811750737183,0.2888926131025239,0.40399564737695653,25,20,20
48,578,0.26691995911492516,0.0799381169886164,0.24914623077721365,0.40399569311924566,25,20,20
48,579,0.26691995911492605,0.07993811698862076,0.24927575296625043,0.4038661709302037,25,20,20
48,580,0.26691998449017246,0.07993799574610579,0.24927583835658557,0.4038661814071368,25,20,20
48,581,0.2669878722681197,0.07993799623862202,0.24920781863134903,0.4038663128619103,25,20,20
48,582,0.2665907428964941,0.07993799894502912,0.24960493153007846,0.4038663266283995,25,20,20
48,583,0.2663895637175381,0.07993799903702642,0.2498060860396018,0.40386635120583475,25,20,20
48,584,0.2663895637175381,0.07993799903702635,0.2497994825773312,0.4038729546681056,25,20,20
48,585,0.2664145446722977,0.07993800418457297,0.2497745201472868,0.4038729309958438,25,20,20
48,586,0.2664145446722977,0.07993800418457304,0.24978112294358393,0.40386632819954654,25,20,20
48,587,0.2664146367403524,0.08033970907279203,0.24937873650218698,0.4038669176846696,25,20,20
48,588,0.26465211398602345,0.08033970974380303,0.2511412569438118,0.40386691932636254,25,20,20
48,589,0.26465211398602345,0.08033970974380296,0.2511411772851167,0.40386699898505773,25,20,20
48,590,0.26465211398602345,0.08033970974380304,0.2511412904390942,0.40386688583108016,25,20,20
48,591,0.26458422676487264,0.08033970925128711,0.2512093119576129,0.40386675202622774,25,20,20
48,592,0.2653810067900006,0.08034092233627829,0.2504113293296434,0.4038667415440784,25,20,20
48,593,0.2772447671699102,0.08034091938061763,0.23854758598473513,0.4038667274647379,25,20,20
48,594,0.2772447671699095,0.08034091938062185,0.23855410749986125,0.4038602059496083,25,20,20
48,595,0.2771305310267909,0.08034087050215019,0.23868122949471438,0.4038473689763454,25,20,20
48,596,0.30827868905608335,0.08034087048827766,0.2075330712153069,0.40384736924033304,25,20,20
48,597,0.30827868905603834,0.08034087048803532,0.20716011225531378,0.4042203282006136,25,20,20
48,598,0.30827868905603834,0.08034087048803532,0.20716022614928986,0.40422021430663746,25,20,20
48,599,0.30827868905603745,0.08034087048803096,0.20703081840520832,0.4043496220507241,25,20,20
48,600,0.30831184357027747,0.08034088427138336,0.2069975844966944,0.4043496876616456,25,20,20
48,601,0.3081924695107335,0.08034088427121432,0.20711695898964116,0.40434968722841047,25,20,20
48,602,0.2882196258617822,0.08034138759450443,0.22708466078371148,0.4043543257600012,25,20,20
48,603,0.2886773288202624,0.08034004698103389,0.22662829842654136,0.4043543257721614,25,20,20
48,604,0.28867732882285774,0.08034004698103818,0.22663278179656884,0.40434984239953436,25,20,20
48,605,0.2886773288228609,0.0803400469810423,0.22689441345210354,0.40408821074399226,25,20,20
48,606,0.2884058471276064,0.0803400426622771,0.22716589911732815,0.40408821109278753,25,20,20
48,607,0.2884058471276065,0.0803400426622771,0.22716589844046087,0.40408821176965476,25,20,20
48,608,0.2884058471275129,0.061617222992895695,0.24588871794715825,0.404088211932432,25,20,20
48,609,0.32157549758768234,0.061617209286121584,0.21271799850934112,0.40408929461685367,25,20,20
48,610,0.3215754975876792,0.0616172092861174,0.21245174804631897,0.40435554507988314,25,20,20
48,611,0.32157549758784365,0.061617209286121126,0.21711080640765532,0.39969648671837865,25,20,20
48,612,0.3215754071008615,0.06122239859546744,0.21750569994880148,0.3996964943548684,25,20,20
48,613,0.3215754071006979,0.06122239859546372,0.2128531655639077,0.4043490287399296,25,20,20
48,614,0.32157540709812193,0.061222397806454804,0.2125690662038399,0.40463312889158215,25,20,20
48,615,0.3215754070982063,0.07825950967000588,0.19553195450321603,0.4046331287285706,25,20,20
48,616,0.3215754070982062,0.07825950967000166,0.1955273678369444,0.4046377153948466,25,20,20
48,617,0.3279039626193787,0.0782595095921858,0.18919881311010722,0.4046377146783271,25,20,20
48,618,0.3242649943579825,0.07825950959360185,0.1928365284279205,0.4046389676204942,25,20,20
48,619,0.32426499435816425,0.07825950959384169,0.19292223546419698,0.40455326058379604,25,20,20
48,620,0.324265086683681,0.07825237089990182,0.19292867672310524,0.40455386569331103,25,20,20
48,621,0.32426508668381465,0.06284589477477062,0.2083351417544201,0.4045538767869937,25,20,20
48,622,0.324265086683817,0.06284589477477481,0.20859486824093593,0.40429415030047144,25,20,20
48,623,0.3242650866932673,0.06284593601096497,0.21218527736754783,0.400703699928219,25,20,20
48,624,0.3242650866932681,0.06284593601096497,0.21219176994659414,0.4006972073491719,25,20,20
48,625,0.3242650866934501,0.06284593601096511,0.2121917506091769,0.400697226686407,25,20,20
48,626,0.32426508669586346,0.06284593601072536,0.2121060906677188,0.40078288662569156,25,20,20
48,627,0.33105750986033655,0.06284593593404651,0.20531481595907683,0.40078173824653923,25,20,20
48,628,0.33105750986033655,0.06284593593404644,0.2053083256246145,0.4007882285810016,25,20,20
48,629,0.33105750986012894,0.06454254222172,0.20361171934237285,0.40078822857577756,25,20,20
48,630,0.3310601544659584,0.06454254222331449,0.2036090747200134,0.4007882285907129,25,20,20
48,631,0.29115348943461333,0.06461206169844523,0.24344040891910773,0.4007940399478336,25,20,20
48,632,0.25674391453776635,0.0646131755270262,0.2778488912669346,0.4007940186682724,25,20,20
48,633,0.2602540101359732,0.06461317552719435,0.2743400481727663,0.4007927661640657,25,20,20
48,634,0.260185028993416,0.06454366959682234,0.27448434546955075,0.40078695594021063,25,20,20
48,635,0.253954010966146,0.06454367829848667,0.28071535302199085,0.40078695771337647,25,20,20
48,636,0.2536097155038852,0.0645436782985534,0.28105964808336015,0.40078695811420106,25,20,20
48,637,0.25383327068495093,0.06454367314942253,0.28083612260078283,0.40078693356484363,25,20,20
48,638,0.2538332706848173,0.0799592000971973,0.2654206067467285,0.40078692247125675,25,20,20
48,639,0.25383327068502504,0.07826244807296295,0.26711735877075926,0.4007869224712526,25,20,20
48,640,0.25259391038468937,0.078263016174645,0.26835614974288735,0.40078692369777785,25,20,20
48,641,0.2525939103846886,0.07826301617464923,0.2683497399444694,0.4007933334961924,25,20,20
48,642,0.25259391038468937,0.0782630161746493,0.26834974204036915,0.4007933314002916,25,20,20
48,643,0.2543165960652707,0.07826300285416082,0.2666270697633399,0.400793331317228,25,20,20
48,644,0.22153560351284995,0.07826299415090171,0.299408072765536,0.4007933295707107,25,20,20
48,645,0.22152045545346308,0.07826243239410215,0.29942378382143775,0.40079332833099557,25,20,20
48,646,0.22151452335050167,0.07826243257883116,0.2994297148738666,0.4007933291967996,25,20,20
48,647,0.22151452334790656,0.0782624325788268,0.2994277301571605,0.4007953139161052,25,20,20
48,648,0.1855387786639755,0.07826250044529591,0.3354034031961325,0.400795317694595,25,20,20
48,649,0.18259917591843056,0.07826243259453775,0.33833551792557925,0.4008028735614513,25,20,20
48,650,0.18122199050105953,0.07826193702444915,0.33971550925679167,0.40080056321769875,25,20,20
48,651,0.21609999641227176,0.07825985439446474,0.30483958560523233,0.4008005635880298,25,20,20
48,652,0.2161035736399321,0.07825985439446471,0.3048360083775767,0.40080056358802507,25,20,20
48,653,0.21506584606404291,0.07825986435859528,0.3057961524544512,0.40087813712290965,25,20,20
48,654,0.20817525180849536,0.07825986443081626,0.3126867069966913,0.4008781767639961,25,20,20
48,655,0.20817525180831328,0.07825986443081612,0.3126866781897797,0.40087820557109005,25,20,20
48,656,0.20817525180831328,0.07825986443081619,0.3126820594592355,0.400882824301634,25,20,20
48,657,0.21690479386250888,0.07825986443116893,0.303952517741946,0.4008828239643752,25,20,20
48,658,0.21690479386269104,0.07825986443116471,0.3039571188230873,0.40087822288305597,25,20,20
48,659,0.21689205372097484,0.07825956417138612,0.27012471460777693,0.43472366749986113,25,20,20
48,660,0.21689208744398283,0.07825956417187531,0.270134866131587,0.4347134822525539,25,20,20
48,661,0.21689204685153052,0.07825956340648756,0.26901733057747834,0.4358310591645026,25,20,20
48,662,0.21689204685153052,0.07825956340648763,0.26939031825054693,0.435458071491434,25,20,20
48,663,0.21689204685152974,0.07825956340648763,0.26938371173576525,0.4354646780062166,25,20,20
48,664,0.21689195288887791,0.07825955905918966,0.2693838053155677,0.4354646827363634,25,20,20
48,665,0.2168919528888811,0.07825955905919381,0.2690108990147631,0.43583758903716074,25,20,20
48,666,0.20515258074939496,0.07827109403403126,0.28068372544111186,0.4358925997754603,25,20,20
48,667,0.2051525807492129,0.07827109403403126,0.2806790430030048,0.43589728221374946,25,20,20
48,668,0.2051525807492129,0.07827109403403126,0.2806790411064488,0.4358972841103054,25,20,20
48,669,0.20515258074920972,0.07827109403403126,0.2806790410815028,0.4358972841352546,25,20,20
48,670,0.22826818389858572,0.07827108560361352,0.25756567982852246,0.43589505066927764,25,20,20
48,671,0.2506480803288669,0.07827108602805348,0.23518255135937285,0.4358982822837059,25,20,20
48,672,0.2506375205779536,0.07827108603115057,0.2351931106751256,0.43589828271576925,25,20,20
48,673,0.2571355008959746,0.07827109107575868,0.22869511742163418,0.43589829060663193,25,20,20
48,674,0.25645954436226054,0.07827108088735599,0.2294486587288375,0.43582071602154565,25,20,20
48,675,0.2564497929890406,0.07827145154178561,0.22945800844469383,0.4358207470244797,25,20,20
48,676,0.25584394811981026,0.07827173626449385,0.2300635447896678,0.43582077082602777,25,20,20
48,677,0.2558439481198102,0.07827173626449385,0.23006346969790065,0.4358208459177948,25,20,20
48,678,0.25057440372500844,0.07827062235922554,0.2353341312958256,0.4358208426199385,25,20,20
48,679,0.2510426259440694,0.07827061733330666,0.2348659616261285,0.4358207950964939,25,20,20
48,680,0.267674098786247,0.07827061690886646,0.21823772086453663,0.4358175634403484,25,20,20
48,681,0.2676740987862478,0.07827061690886647,0.2182378348707293,0.43581744943415496,25,20,20
48,682,0.2676740987862478,0.07827061690886218,0.21823763821177392,0.4358176460931146,25,20,20
48,683,0.2678735268320198,0.0782707505367314,0.21803806555229002,0.4358176570789572,25,20,20
48,684,0.267873526831816,0.07827102738615664,0.21803778839982807,0.4358176573821976,25,20,20
48,685,0.2678735268319973,0.07827102738616086,0.2180394153814011,0.43581603040043915,25,20,20
48,686,0.28007188217884077,0.0782594974828828,0.20590760108326842,0.4357610192550066,25,20,20
48,687,0.28007188217865864,0.07825949748287851,0.20590588459665568,0.43576273574180574,25,20,20
48,688,0.2800718821786594,0.0782594974828828,0.20590746001766572,0.43576116032079054,25,20,20
48,689,0.2797702150009397,0.07825949249958099,0.2062091085908664,0.4357611839086114,25,20,20
48,690,0.27977021500093585,0.07995543387334764,0.20451316752043572,0.43576118360527927,25,20,20
48,691,0.2797702150009359,0.07995543387335192,0.20451974695332253,0.43575460417238815,25,20,20
48,692,0.27965711778145835,0.07995543368856599,0.2046328452235311,0.43575460330644333,25,20,20
48,693,0.27966883881490917,0.07995530021301389,0.20462122229817897,0.43575463867389674,25,20,20
48,694,0.27960090198314275,0.07995530012062245,0.20468915964803988,0.43575463824819366,25,20,20
48,695,0.2796009019840105,0.07994757051026519,0.20469688925197474,0.4357546382537483,25,20,20
48,696,0.2619789554656078,0.07994791310833198,0.22231542255261869,0.4357577088734405,25,20,20
48,697,0.2619789554655658,0.07994791310833627,0.22194156612299187,0.436131565303105,25,20,20
48,698,0.2619789586834593,0.07994815722756403,0.22187616306440097,0.4361967210245744,25,20,20
48,699,0.26197895868345844,0.0799481572275641,0.22187612440820006,0.43619675968077604,25,20,20
48,700,0.2625352571998117,0.08069504234758593,0.22063820744423324,0.4361314930083678,25,20,20
48,701,0.2616624113460943,0.08069509978449917,0.22151855547068564,0.436123933398721,25,20,20
48,702,0.2611061104967286,0.07994797490939877,0.2228218707470327,0.43612404384684006,25,20,20
48,703,0.261106111190046,0.07934466764463739,0.2234251773185609,0.4361240438467561,25,20,20
48,704,0.261106111190046,0.07934466764463739,0.22342520773283123,0.4361240134324859,25,20,20
48,705,0.2611809057600173,0.07934466764455457,0.2233504131706605,0.43612401342476814,25,20,20
48,706,0.26118090575056707,0.07934462640836434,0.21975996923295915,0.43971449860811007,25,20,20
48,707,0.26046052222696614,0.07934491623374083,0.220478704516876,0.43971585702241767,25,20,20
48,708,0.2635093467141471,0.07934617246458711,0.21742382008099706,0.4397206607402689,25,20,20
48,709,0.23985456100552444,0.07934618061826172,0.2410786933183255,0.4397205650578879,25,20,20
48,710,0.23606417634330146,0.07934618062396508,0.24486907719332798,0.43972056583940494,25,20,20
48,711,0.23606417639067342,0.07764955980608254,0.24656569766060368,0.4397205661426401,25,20,20
48,712,0.26884222109995215,0.07764979981291256,0.2137874392084997,0.4397205398786358,25,20,20
48,713,0.2688422210999523,0.07764979981315662,0.21387970676780554,0.43962827231908574,25,20,20
48,714,0.2688422210999523,0.07764979981315662,0.21387962830892232,0.439628350777969,25,20,20
48,715,0.2688422210999554,0.0776497998131567,0.21387962972650332,0.43962834936038475,25,20,20
48,716,0.27057833063330217,0.07765049560630799,0.21213923317103572,0.43963194058935406,25,20,20
48,717,0.270578809127019,0.07765049563431196,0.21232004884581215,0.43945064639285675,25,20,20
48,718,0.2705788091270158,0.07765049563431183,0.21232004600047205,0.4394506492382002,25,20,20
48,719,0.27057880912701493,0.07765049563430745,0.21231843573321504,0.4394522595054623,25,20,20
48,720,0.26800860238937146,0.07764923506055756,0.21244414900045816,0.44189801354961167,25,20,20
48,721,0.26800860238937146,0.07764923506055756,0.2124440629787232,0.4418980995713466,25,20,20
48,722,0.2675299875529721,0.07764923496158828,0.21505838608470412,0.43976239140073436,25,20,20
48,723,0.2675299929117151,0.07764923496138101,0.21537443706154222,0.4394463350653604,25,20,20
48,724,0.2675211454171803,0.07764923496138694,0.21538328455553746,0.439446335065894,25,20,20
48,725,0.2675211453698083,0.07933679792211089,0.21369572194551809,0.43944633476256145,25,20,20
48,726,0.26752114537732025,0.07933679793219954,0.22475409431135826,0.42838796237912063,25,20,20
48,727,0.2709183618171121,0.07933680303966606,0.22135687353087302,0.428387961612348,25,20,20
48,728,0.26489030787205126,0.07933680743543539,0.22738492271290187,0.42838796197961065,25,20,20
48,729,0.2648903078720513,0.07933680743543549,0.22739152546349606,0.4283813592290164,25,20,20
48,730,0.264890307869456,0.0793368074354312,0.22738704317736777,0.4283858415177443,25,20,20
48,731,0.27078276937514717,0.07933680321912705,0.22149458581671969,0.42838584158900533,25,20,20
48,732,0.27142826472885123,0.07933651339375103,0.22085071448507543,0.4283845073923218,25,20,20
48,733,0.27142826472885145,0.07933651617606287,0.22085071170266596,0.42838450739241923,25,20,20
48,734,0.2714282692747591,0.07933685775278172,0.2208503655712429,0.4283845074012158,25,20,20
48,735,0.2714282685805741,0.07996990892222866,0.2202173151014519,0.4283845073957451,25,20,20
48,736,0.27127251108865036,0.079969913993197,0.22037304334570762,0.4283845315724448,25,20,20
48,737,0.27126464810867046,0.07996973475771336,0.22038020393687563,0.4283854131967398,25,20,20
48,738,0.27126464810866735,0.0799697347577091,0.22011395148326265,0.42865166565036034,25,20,20
48,739,0.2552861499764565,0.07996972828596594,0.23609244868203622,0.4286516730555402,25,20,20
48,740,0.2552861499765052,0.07996972828621043,0.23610123654751805,0.428642885189765,25,20,20
48,741,0.255286149977336,0.07825203063736078,0.23781893419021696,0.4286428851950849,25,20,20
48,742,0.2633317347081893,0.07825185357816547,0.2296981567652942,0.42871825494834953,25,20,20
48,743,0.26462861047317726,0.07825396096896284,0.22782647517806204,0.4292909533797972,25,20,20
48,744,0.26462861047317715,0.07825396096871877,0.22773425963264096,0.42938316892546263,25,20,20
48,745,0.26462861047317704,0.07825396096871455,0.22772993128708044,0.4293874972710274,25,20,20
48,746,0.258306591581541,0.07826770387970486,0.23403821005916303,0.4293874944795907,25,20,20
48,747,0.25830659158154107,0.07826770387970493,0.23403816005133496,0.42938754448741867,25,20,20
48,748,0.25830659157403235,0.07826770386961636,0.22297982193821134,0.44044588261813944,25,20,20
48,749,0.25830659157403235,0.07826770386961636,0.2229798573347714,0.44044584722157937,25,20,20
48,750,0.25830655785102435,0.07826770386912717,0.22296959333885133,0.44045614494099666,25,20,20
48,751,0.2583065578510243,0.0782677038691271,0.2229629885818895,0.4404627496979586,25,20,20
48,752,0.2583065578509756,0.07826770386888682,0.22296069026379325,0.4404650480163437,25,20,20
48,753,0.2583065569719762,0.07904675215119916,0.22218255513564777,0.44046413574117593,25,20,20
48,754,0.2583065569719762,0.07904675215119494,0.2221760645296185,0.44047062634720946,25,20,20
48,755,0.2583065569719762,0.07904675215119494,0.2221760366674753,0.44047065420935283,25,20,20
48,756,0.2583065553505137,0.07826776560722137,0.22295502518497068,0.4404706538572934,25,20,20
48,757,0.2586970182126377,0.07826776049884634,0.22256456700648183,0.44047065428203325,25,20,20
48,758,0.25869701821264085,0.07826776049885056,0.22257117538837595,0.4404640459001318,25,20,20
48,759,0.2531518238144368,0.07826723448256738,0.22818222631636098,0.440398715386634,25,20,20
48,760,0.25315134532071676,0.07826723445455913,0.22800596863549516,0.44057545158922834,25,20,20
48,761,0.25185495226211774,0.07826776618151957,0.22986172915727912,0.44001555239908385,25,20,20
48,762,0.2518549522621145,0.07826776618151526,0.22985520468001103,0.44002207687635947,25,20,20
48,763,0.2518572272332399,0.07826751309138154,0.22985318279902056,0.44002207687635747,25,20,20
48,764,0.25185722723242415,0.07995572518485211,0.22816497070613098,0.4400220768765922,25,20,20
48,765,0.22109790225541348,0.07995555253264465,0.2589244855016897,0.4400220597102515,25,20,20
48,766,0.18281180586609552,0.07995555337808154,0.2971855799182035,0.4400470608376188,25,20,20
48,767,0.18280957020311173,0.07996759361800895,0.2971757753411648,0.44004706083771417,25,20,20
48,768,0.18280957020309643,0.0799661610531137,0.2971772079116318,0.4400470608321578,25,20,20
48,769,0.18282024803251498,0.07996616020338726,0.2971915285525638,0.44002206321153375,25,20,20
48,770,0.1827622803241427,0.0799661585216009,0.29724950595792987,0.44002205519632587,25,20,20
48,771,0.18276228032414274,0.07998935356891124,0.2972263109051577,0.44002205520178783,25,20,20
48,772,0.18276228032414593,0.07998935356891124,0.2972262712529239,0.4400220948540185,25,20,20
48,773,0.18276228931752464,0.07998935356865014,0.297226262330743,0.4400220947830817,25,20,20
48,774,0.16592546716881182,0.07998936513224962,0.3140629906383485,0.44002217706058855,25,20,20
48,775,0.16592546716881182,0.07998936513224962,0.31406299063834847,0.44002217706058866,25,20,20
48,776,0.16607964269628384,0.07998936006136616,0.31390884435059435,0.44002215289175434,25,20,20
48,777,0.16607964269628384,0.07998936006136623,0.31390881096767687,0.4400221862746718,25,20,20
48,778,0.1660796426963487,0.05121398127502978,0.34268390099964063,0.44002247502898056,25,20,20
48,779,0.1660796426963455,0.05121398127502964,0.3426837876901784,0.4400225883384464,25,20,20
48,780,0.20274955528644195,0.05121391375278656,0.30601394222346373,0.44002258873730715,25,20,20
48,781,0.20274980977836646,0.051213919830365884,0.3060136816629147,0.44002258872835287,25,20,20
48,782,0.1984272147405493,0.05121386966747811,0.3103499549793989,0.44000896061257255,25,20,20
48,783,0.1984512174937042,0.05121127140624725,0.3103413481073431,0.4399961629927045,25,20,20
48,784,0.16152234378124863,0.05132221693767148,0.3471591917482181,0.43999624753286126,25,20,20
48,785,0.1615223437812493,0.05132221693767503,0.3534086984143115,0.4337467408667638,25,20,20
48,786,0.16152208474448945,0.051322574066301065,0.35340860032244537,0.4337467408667638,25,20,20
48,787,0.16152208474448998,0.05132257406630112,0.3673788048968509,0.4197765362923576,25,20,20
48,788,0.1589133153878883,0.05121163731957276,0.37009615990296446,0.4197788873895739,25,20,20
48,789,0.1589133153884217,0.03580562143803678,0.3855021755893408,0.41977888758420046,25,20,20
48,790,0.1589133153884667,0.03580562143804532,0.37153667691192455,0.4337443862615627,25,20,20
48,791,0.1588890582181057,0.0358056033457545,0.3715609519965152,0.43374438643962354,25,20,20
48,792,0.15888905821757657,0.022483409563535183,0.3848831459723278,0.4337443862465594,25,20,20
48,793,0.15888905821757657,0.022483409563539402,0.38488106506921843,0.4337464671496645,25,20,20
48,794,0.1574248418324027,0.022508663770008323,0.38632001200887045,0.43374648238871844,25,20,20
48,795,0.15742484183239952,0.022508663770008326,0.3863200523759207,0.43374644202167084,25,20,20
48,796,0.15742484183255315,0.02250866377042106,0.39256518465006285,0.4275013097469616,25,20,20
48,797,0.15742484183255634,0.022508663770425406,0.3926946256926563,0.4273718687043608,25,20,20
48,798,0.15742484684419045,0.022507953583746142,0.3926953308676926,0.4273718687043702,25,20,20
48,799,0.1574248468441904,0.022507953583746142,0.3926952980342616,0.42737190153780114,25,20,20
48,800,0.1574248468441904,0.022507953583746135,0.3926952980342617,0.427371901537801,25,20,20
48,801,0.15742081427847968,0.022507953583662706,0.39269933060778944,0.42737190153006666,25,20,20
48,802,0.1574292888736235,0.02251929128337043,0.3895981282037368,0.4304532916392677,25,20,20
48,803,0.1640684483682791,0.022505548282444172,0.382972732938049,0.4304532704112269,25,20,20
48,804,0.18716556084510635,0.022505560035037172,0.3598756111039356,0.43045326801592027,25,20,20
48,805,0.18716556084510633,0.02250556003503717,0.3598756077991495,0.4304532713207064,25,20,20
48,806,0.18716143680375436,0.022500071074706106,0.3613769092435253,0.4289615828780137,25,20,20
48,807,0.20375192696139868,0.02250005931347403,0.3447863345234519,0.42896167920167455,25,20,20
48,808,0.20375602942212964,0.022500059313473576,0.3447822320627191,0.42896167920167694,25,20,20
48,809,0.20375602942208493,0.02250005931370734,0.3451506480521526,0.4285932632120544,25,20,20
48,810,0.20375602986968405,0.022488446152675864,0.3451622607656789,0.4285932632119607,25,20,20
48,811,0.20375602986968405,0.022488446152675867,0.34516226418601015,0.4285932597916294,25,20,20
48,812,0.1828025208608967,0.02248845586528746,0.3661132680494857,0.4285957552243294,25,20,20
48,813,0.182802520860896,0.022488455865045193,0.36574484791373896,0.4289641753603191,25,20,20
48,814,0.18251298863376408,0.022488455883667702,0.366034380117015,0.4289641753655527,25,20,20
48,815,0.18251298863361043,0.02248845588325497,0.35978924784287214,0.43520930764026183,25,20,20
48,816,0.18251298863361043,0.022488455883255046,0.3597939456697298,0.4352046098134042,25,20,20
48,817,0.18251298863620546,0.022488455883255046,0.35979597865837676,0.4352025768221621,25,20,20
48,818,0.22220203251959064,0.022488455883476338,0.3201069330854965,0.4352025785114362,25,20,20
48,819,0.22219767695333587,0.022885852462544324,0.32126986451901596,0.43364660606510286,25,20,20
48,820,0.22219767695333903,0.022885852462548584,0.321536083594183,0.4333803869899283,25,20,20
48,821,0.22219767696371928,0.02288585246278956,0.31529128717870725,0.43962518339478346,25,20,20
48,822,0.22195243460775782,0.022885843498912272,0.3155389723700935,0.43962274952323577,25,20,20
48,823,0.21885631273407483,0.022885841749302464,0.31863768641911216,0.43962015909750995,25,20,20
48,824,0.23691470098744546,0.022885219569040313,0.3005047836149945,0.43969529582851913,25,20,20
48,825,0.23691470098744546,0.022885219569040313,0.3005048960524177,0.4396951833910958,25,20,20
48,826,0.23691472072130956,0.02282641445623615,0.30059741065154205,0.4396614541709117,25,20,20
48,827,0.23637929266208352,0.02282643419768039,0.3011328206145972,0.4396614525256382,25,20,20
48,828,0.23624799165580807,0.022826434289566166,0.30126272272909105,0.4396628513255343,25,20,20
48,829,0.23624799165580487,0.022826434289561815,0.30113328098179887,0.4397922930728339,25,20,20
48,830,0.2362479916558017,0.02282643428955755,0.300867028712786,0.44005854534185423,25,20,20
48,831,0.23247835053672994,0.022826434199179405,0.30463804651595394,0.4400571687481362,25,20,20
48,832,0.24887957084481077,0.022826422637234767,0.28823694384433307,0.44005706267362077,25,20,20
48,833,0.24887957084481077,0.022826422637234767,0.28823694384433307,0.44005706267362094,25,20,20
48,834,0.24887957084481083,0.02282642263723906,0.2882370266539167,0.44005697986403297,25,20,20
48,835,0.2486016161865259,0.022826422727454387,0.2885149803766998,0.44005698070931976,25,20,20
48,836,0.2486016161865259,0.022826422727454387,0.2885150961473774,0.44005686493864216,25,20,20
48,837,0.2486016161865216,0.051555009775282844,0.2597865091010183,0.44005686493717716,25,20,20
48,838,0.24211554066271426,0.05155500968904594,0.26620735228681963,0.4401220973614201,25,20,20
48,839,0.24211554066271426,0.05155500968904587,0.26621197106879824,0.4401174785794417,25,20,20
48,840,0.24340623522578334,0.05155498993538078,0.2649212978821889,0.44011747695664705,25,20,20
48,841,0.24433375976969224,0.05155499088647395,0.26399377230437227,0.4401174770394617,25,20,20
48,842,0.24420943366575987,0.05158362263156981,0.26408948312190494,0.44011746058076523,25,20,20
48,843,0.24420943366575978,0.05158362263156553,0.2640894003123213,0.4401175433903532,25,20,20
48,844,0.24420943366575978,0.05158362263156552,0.2640958928890332,0.44011105081364144,25,20,20
48,845,0.24420943365537895,0.051583622631320936,0.2640912144852954,0.4401157292280045,25,20,20
48,846,0.24321814121546215,0.05158362219017135,0.26508250722215826,0.4401157293722083,25,20,20
48,847,0.24321814121546217,0.051583622190171416,0.26508720848048484,0.4401110281138815,25,20,20
48,848,0.2116188773080926,0.05158362264243798,0.2966863708996733,0.44011112914979555,25,20,20
48,849,0.21161887730549747,0.05158362264243798,0.29667975143669,0.4401177486153739,25,20,20
48,850,0.21161887730549828,0.05158362264268256,0.29668637542833837,0.44011112462348,25,20,20
48,851,0.21161887730549822,0.05158362264268256,0.296686375417398,0.44011112463442054,25,20,20
48,852,0.21161887730550183,0.05037578491279676,0.29789421284024376,0.440111124941457,25,20,20
48,853,0.21187309597698684,0.05037578509022447,0.29763994619681194,0.4401111727359762,25,20,20
48,854,0.21187309597698684,0.05037578509022454,0.2976399803150675,0.44011113861772044,25,20,20
48,855,0.21187309597729093,0.025791426103916312,0.32222433949587476,0.44011113842291755,25,20,20
48,856,0.21187309597729093,0.025791426103916312,0.3222177330699715,0.44011774484882094,25,20,20
48,857,0.21187309597729098,0.025791426103916312,0.32221770028685454,0.44011777763193777,25,20,20
48,858,0.21187309597747192,0.025791426104159233,0.3224839376827287,0.43985154023564,25,20,20
48,859,0.2118730959782657,0.05413842533054432,0.29413722721541463,0.4398512514757752,25,20,20
48,860,0.2079156681565236,0.05413842043020011,0.2981704205871452,0.4397754908261314,25,20,20
48,861,0.20440582405711644,0.054138445154999326,0.30168036320254926,0.4397753675853351,25,20,20
48,862,0.19888702805036446,0.054138442615612056,0.3071991622033819,0.43977536713064225,25,20,20
48,863,0.19888702805036765,0.0541384426158566,0.3071968213319099,0.4397777080018665,25,20,20
48,864,0.19888702805007508,0.07993902926536484,0.281396234789467,0.43977770789509285,25,20,20
48,865,0.1928702563336293,0.0799390333598825,0.28741302989430245,0.4397776804121865,25,20,20
48,866,0.1929505393609868,0.07993906459570845,0.2869215638313218,0.440188832211983,25,20,20
48,867,0.1929505393609868,0.079939064595464,0.2869149820455918,0.44019541399795736,25,20,20
48,868,0.19295053936358184,0.07993906459570865,0.28692157443568844,0.4401888216050209,25,20,20
48,869,0.19295053936358106,0.0799390645957128,0.28692805646932656,0.4401823395713793,25,20,20
48,870,0.1947205300938123,0.07993906431469623,0.2851580684331707,0.44018233715832067,25,20,20
48,871,0.19472053009295348,0.08036431424887798,0.2847328184998495,0.44018233715831906,25,20,20
48,872,0.19472053009277257,0.08036431424863505,0.2844711678449185,0.440443987813674,25,20,20
48,873,0.19387613937729253,0.08036428907308078,0.2853129630932778,0.4404466084563492,25,20,20
48,874,0.19387613937729253,0.08036428907308078,0.2853128472072089,0.44044672434241844,25,20,20
48,875,0.19387613937729253,0.08036428907308085,0.285308266624812,0.44045130492481527,25,20,20
48,876,0.19438713018449558,0.08036428906667173,0.28479727588301723,0.4404513048658157,25,20,20
48,877,0.194387110465445,0.08002009980506349,0.2851414848571931,0.440451304872297,25,20,20
48,878,0.19438707072418226,0.08001967708970872,0.2851419469432106,0.4404513052428971,25,20,20
48,879,0.1943870707241822,0.08001967708970442,0.2851353436258293,0.4404579085602828,25,20,20
48,880,0.19418074338358476,0.08001967746076302,0.28534157642812175,0.4404580027275292,25,20,20
48,881,0.19418074338358796,0.08001967746076738,0.285341772200835,0.44045780695480835,25,20,20
48,882,0.19418074338358796,0.08001967746076738,0.28534367513230685,0.44045590402333656,25,20,20
48,883,0.19418074419253173,0.08001943007921901,0.2853439217113961,0.44045590401685186,25,20,20
48,884,0.1941807442415051,0.07959361447278852,0.28576973726325855,0.4404559040224465,25,20,20
48,885,0.194180744241684,0.07959361447278855,0.2857762811432615,0.4404493601422646,25,20,20
48,886,0.19418074424172974,0.05083304359140011,0.31453656327029317,0.44044964889657534,25,20,20
48,887,0.19836649808669193,0.050833043346546376,0.31035328060459966,0.44044717796216126,25,20,20
48,888,0.19958925806558964,0.050847484648191194,0.3091160989403864,0.44044715834583203,25,20,20
48,889,0.19782052826494798,0.05084750831083443,0.31087831623783924,0.4404536471863772,25,20,20
48,890,0.19782052826235286,0.05084750831058977,0.31087161090932636,0.4404603525177299,25,20,20
48,891,0.21482477721404222,0.05084745446582833,0.2942761651412458,0.4400516031788824,25,20,20
48,892,0.21482477721404222,0.05084745446582826,0.29426956238443136,0.4400582059356969,25,20,20
48,893,0.21482477721404297,0.050847454466044384,0.29892895424546356,0.43539881407444775,25,20,20
48,894,0.21481544143674935,0.05079356851398838,0.29899217870152917,0.4353988113477326,25,20,20
48,895,0.21422359114340345,0.05079356852037696,0.29958402895801883,0.4353988113782003,25,20,20
48,896,0.21422359114340353,0.050793568520377044,0.2995841100289819,0.43539873030723714,25,20,20
48,897,0.21422359114340345,0.05079356852037696,0.299584141428643,0.43539869890757615,25,20,20
48,898,0.21422359114340345,0.05079356852037689,0.29958559572147264,0.4353972446147467,25,20,20
48,899,0.21422359114340028,0.05079356852037275,0.29958864555631165,0.43539419477991503,25,20,20
48,900,0.21422359114358233,0.05079356852037698,0.29958864904979854,0.4353941912862419,25,20,20
48,901,0.21422359114358233,0.05079356852037705,0.2995951393752538,0.43538770096078655,25,20,20
48,902,0.2142236404792194,0.0507935685089645,0.29959509004443285,0.4353877009673826,25,20,20
48,903,0.2142236404792202,0.05079356850896443,0.2995950107622507,0.43538778024956426,25,20,20
48,904,0.24301370891788301,0.05079354468593364,0.2708114369245871,0.43538130947159537,25,20,20
48,905,0.24965326182039158,0.050793544683545,0.2642371172792341,0.4353160762168282,25,20,20
48,906,0.24965326182033062,0.07955479528778751,0.23547615543482311,0.43531578745705757,25,20,20
48,907,0.24965326182019404,0.07955479528778331,0.23547818424931893,0.43531375864270266,25,20,20
48,908,0.2496532618201972,0.07955479528802789,0.23547821300219726,0.4353137298895765,25,20,20
48,909,0.24965274004850632,0.07955479615067135,0.23547873390997925,0.435313729890842,25,20,20
48,910,0.2789984547823196,0.07955479072683795,0.2061330254468762,0.43531372904396554,25,20,20
48,911,0.28859172574300923,0.07955479098426398,0.19653977072884043,0.4353137125438859,25,20,20
48,912,0.2491266173393015,0.07955479061313678,0.23600497292418177,0.43531361912337924,25,20,20
48,913,0.26147732910208604,0.07955479791640778,0.223656657557308,0.4353112154241973,25,20,20
48,914,0.26147947969087393,0.07957844233826111,0.22363084519878712,0.4353112327720769,25,20,20
48,915,0.26147947969087315,0.07957844233850571,0.2236356387235398,0.4353064392470802,25,20,20
48,916,0.26147947969086993,0.07957844233826106,0.22362912161356516,0.43531295635730266,25,20,20
48,917,0.2630357788032153,0.07957844203703494,0.22207282438167347,0.4353129547780753,25,20,20
48,918,0.26303577880326384,0.07957844282917637,0.22220587868909625,0.4351798996784625,25,20,20
48,919,0.26788844748053664,0.07956399725401433,0.2173676558556274,0.4351798994098205,25,20,20
48,920,0.22841391896607197,0.07986666573710972,0.25653905602529137,0.43518035927152615,25,20,20
48,921,0.22841391896607197,0.07986666573710972,0.2565436752827448,0.4351757400140728,25,20,20
48,922,0.22841391896602642,0.07986666573710965,0.25653705507327706,0.43518236022358614,25,20,20
48,923,0.22841391897640637,0.07986666573735429,0.2565454815444559,0.4351739337417827,25,20,20
48,924,0.22841391897635777,0.07986666494521287,0.25641253968453404,0.43530687639389454,25,20,20
48,925,0.22796234765390896,0.07958424943533546,0.257146986378798,0.43530641653195695,25,20,20
48,926,0.18945990656561965,0.07958424944397063,0.29564929433680265,0.4353065496536066,25,20,20
48,927,0.18945990656562034,0.07958424944397063,0.295644708565904,0.4353111354245045,25,20,20
48,928,0.1894599065511495,0.07958424905919126,0.292072376631166,0.4388834677584929,25,20,20
48,929,0.22718961684213299,0.0795842682810603,0.2543450845038715,0.43888103037293485,25,20,20
48,930,0.22738727032688302,0.0795842682809768,0.25414743186646704,0.43888102952567304,25,20,20
48,931,0.22913631645776056,0.07958424905609152,0.25239858821887856,0.4388808462672693,25,20,20
48,932,0.22913631646814508,0.07958424905609159,0.25240192467172484,0.43887750980403845,25,20,20
48,933,0.22913631646814586,0.07958424905609168,0.25253133470612793,0.43874809976963436,25,20,20
48,934,0.22913631641917243,0.08002145700615747,0.2520941268106318,0.4387480997640381,25,20,20
48,935,0.22913632224414557,0.08002145700600563,0.2520941234230902,0.4387480973267581,25,20,20
48,936,0.2291363222443473,0.07654435763798588,0.25557122279090694,0.4387480973267597,25,20,20
48,937,0.22819118722132736,0.07654435762954595,0.2565164908899592,0.4387479642591672,25,20,20
48,938,0.22819118722114531,0.07654435762930147,0.25651419152037386,0.4387502636291791,25,20,20
48,939,0.2123333161375282,0.07654435762291743,0.27237206264021974,0.4387502635993337,25,20,20
48,940,0.2123333161271482,0.0765443576226728,0.2723636007976769,0.43875872545250116,25,20,20
48,941,0.21329239086818508,0.07654435812845121,0.2714045255494023,0.4387587254539605,25,20,20
48,942,0.21329239086818433,0.07654435812823508,0.26674513368837005,0.44341811731520964,25,20,20
48,943,0.21329239086818433,0.07654435812823501,0.26675175174695764,0.443411499256622,25,20,20
48,944,0.2132923908681844,0.07654435812823926,0.267120153040207,0.44304309796336844,25,20,20
48,945,0.2132923909239518,0.07733508150488716,0.26983562253172577,0.43953690503943443,25,20,20
48,946,0.213290163384087,0.07733508150488813,0.26983785007158967,0.43953690503943443,25,20,20
48,947,0.213290163384087,0.07733508150488813,0.26983776900633943,0.4395369861046847,25,20,20
48,948,0.21329016338408693,0.07733508150464354,0.26983293618456367,0.43954181892670513,25,20,20
48,949,0.1734186434357724,0.07733530433351135,0.30970421468062076,0.4395418375500953,25,20,20
48,950,0.1734186434358179,0.07733530433351142,0.309706495893818,0.43953955633685277,25,20,20
48,951,0.1734186434254335,0.07733530433351142,0.30970312807470907,0.4395429241663461,25,20,20
48,952,0.17341872398506453,0.07766658050333743,0.3093717711866406,0.4395429243249572,25,20,20
48,953,0.17341872398506372,0.07766658050333743,0.3093651176379374,0.43954957787366117,25,20,20
48,954,0.1725121233949314,0.0776666665545958,0.3102637896533205,0.43955742039715145,25,20,20
48,955,0.1725121233949314,0.07766666655459165,0.31063669597907095,0.439184514071405,25,20,20
48,956,0.17251212354238907,0.07766666656873299,0.3103956353322872,0.4394255745565897,25,20,20
48,957,0.1725096416730266,0.07766646780278158,0.31039833259303046,0.43942555793116056,25,20,20
48,958,0.17466025543556135,0.07766648110947814,0.3080485738902159,0.4396246895647443,25,20,20
48,959,0.1746602554355159,0.07766648110947813,0.30804637525932077,0.43962688819568485,25,20,20
48,960,0.17465805538700274,0.07764283595585736,0.3080722378159306,0.4396268708412092,25,20,20
48,961,0.1746580553870064,0.07594622544331209,0.30976884832856977,0.4396268708411118,25,20,20
48,962,0.1746580553870056,0.07594622544331203,0.30963935289638267,0.4397563662732998,25,20,20
48,963,0.17465805609713858,0.07515550186672813,0.3104962152218948,0.4396902268142384,25,20,20
48,964,0.17465805609695578,0.07779100593814763,0.30786071115056396,0.4396902268143324,25,20,20
48,965,0.18836576186082346,0.07779099264401279,0.2943521485798518,0.4394910969153117,25,20,20
48,966,0.18836576186082346,0.07779099264401287,0.2943543976905089,0.43948884780465464,25,20,20
48,967,0.18836576186080456,0.07863205450423906,0.29351333583039535,0.43948884780456077,25,20,20
48,968,0.18836576186080456,0.07863205450423913,0.29351347833569263,0.4394887052992633,25,20,20
48,969,0.18785015802760052,0.07863205459399138,0.2940290816513601,0.4394887057270475,25,20,20
48,970,0.18785949605512653,0.0786320539890522,0.2940196742348369,0.43948877572098477,25,20,20
48,971,0.18785949605512972,0.07863205398905214,0.2936466542194196,0.43986179573639894,25,20,20
48,972,0.186987038622747,0.07863207358592661,0.29451900029829947,0.43986188749302757,25,20,20
48,973,0.220942794038465,0.07863207340404484,0.26056331505955416,0.43986181749793574,25,20,20
48,974,0.22094279403846495,0.07863207340404903,0.26082957685334734,0.43959555570413833,25,20,20
48,975,0.22094279403846573,0.07863207340429285,0.2609591007240649,0.4394660318331761,25,20,20
48,976,0.2209427932870184,0.07863206955968008,0.26095910527111776,0.43946603188218325,25,20,20
48,977,0.22094279328701844,0.07863222597780799,0.26095894885299153,0.43946603188218164,25,20,20
48,978,0.22094279328702224,0.07857872279019852,0.2610124520405956,0.43946603188218325,25,20,20
48,979,0.22094279328702218,0.07857872279019852,0.2610124520155766,0.4394660319072024,25,20,20
48,980,0.2047974687872621,0.07857872279405019,0.27715777450558965,0.4394660339130975,25,20,20
48,981,0.20479746878726288,0.07857872279405012,0.27715319053171306,0.43947061788697367,25,20,20
48,982,0.18506421926526798,0.07857873357217895,0.29673006135806257,0.4396269858044903,25,20,20
48,983,0.18506421926526798,0.07857873357217904,0.2971008867807039,0.43925616038184884,25,20,20
48,984,0.18835737538779335,0.07859242812443529,0.2937940162746832,0.43925618021308793,25,20,20
48,985,0.18834017354862873,0.07860145319836236,0.29375917709824806,0.43929919615476104,25,20,20
48,986,0.21169688836926093,0.0786014293424591,0.27040248812862155,0.43929919415965846,25,20,20
48,987,0.2278203227247954,0.07860142914037038,0.25427905399135975,0.43929919414347446,25,20,20
48,988,0.22782032287272905,0.0786014291403747,0.25401519878617324,0.43956304920072287,25,20,20
48,989,0.23501187500600706,0.07858773221017262,0.2468373636239541,0.43956302915986584,25,20,20
48,990,0.2345198768743943,0.07858773255176003,0.2473293614150387,0.4395630291588066,25,20,20
48,991,0.2345198768743943,0.07858773255176003,0.2473358230885993,0.43955656748524596,25,20,20
48,992,0.23451987687439435,0.07858773255176754,0.25198808481404616,0.43490430575979167,25,20,20
48,993,0.23451987687439435,0.07858773255176746,0.2516150642975052,0.4352773262763327,25,20,20
48,994,0.234464605412181,0.07858904370275067,0.25167686709769,0.435269483787378,25,20,20
48,995,0.23446460541218184,0.07858904370275069,0.25167701661907765,0.4352693342659898,25,20,20
48,996,0.23446460541217826,0.08027658456768297,0.24998947575414882,0.4352693342659898,25,20,20
48,997,0.23446460526424148,0.08027658456767439,0.24998709525815443,0.43527171490992955,25,20,20
48,998,0.2344646052644228,0.08027658456767867,0.24999161835666547,0.43526719181123286,25,20,20
48,999,0.23446460585398066,0.08027658456792239,0.25014201400413555,0.4351167955739612,25,20,20
48,1000,0.2344646058537986,0.08027658456791815,0.25014386590959903,0.435114943668684,25,20,20
48,1001,0.23446460515352516,0.08029051996127315,0.2501299308576589,0.435114944027542,25,20,20
48,1002,0.23446452694508035,0.07994903624327951,0.2504714926842539,0.435114944127386,25,20,20
48,1003,0.25348303501073544,0.07994902544012353,0.23160936334135518,0.434958576207785,25,20,20
48,1004,0.25348303501073544,0.07994902544012022,0.2269571033446756,0.4396108362044678,25,20,20
48,1005,0.2534830350115627,0.07828405106601381,0.22862207771263474,0.43961083620978775,25,20,20
48,1006,0.23736510442312458,0.07828404286659614,0.244737010207508,0.43961384250277,25,20,20
48,1007,0.19756348295308895,0.0782840386460844,0.284538636251185,0.43961384214964033,25,20,20
48,1008,0.19756575601752613,0.07828404246910908,0.28453634180956433,0.43961385970379874,25,20,20
48,1009,0.19756575601752538,0.07828404246910908,0.28453630746489006,0.4396138940484738,25,20,20
48,1010,0.1975657560175274,0.07828404246926825,0.2985062413487565,0.42564396016444606,25,20,20
48,1011,0.21514706782192072,0.07828403105924531,0.2809280407381337,0.42564086038069837,25,20,20
48,1012,0.21514706782210283,0.07828403105948988,0.2809368632028946,0.42563203791551096,25,20,20
48,1013,0.18860293698536992,0.07830324715515613,0.30746014290434487,0.4256336729551274,25,20,20
48,1014,0.1886029369853699,0.07830324715515184,0.30745353841876333,0.4256402774407133,25,20,20
48,1015,0.188600703442882,0.078303247056987,0.3073980692594474,0.4256979802406819,25,20,20
48,1016,0.18769955478323636,0.07830326695784061,0.3082991979900755,0.4256979802688459,25,20,20
48,1017,0.18860086883567903,0.0783032470569868,0.30739790386769916,0.42569798023963346,25,20,20
48,1018,0.18860086883484797,0.08002172461855743,0.3056794263122795,0.42569798023431354,25,20,20
48,1019,0.17975037746473077,0.08000250817493436,0.31455076694824896,0.4256963474120842,25,20,20
48,1020,0.17975037746473072,0.08000250817493429,0.31455068645448203,0.42569642790585127,25,20,20
48,1021,0.1797503774647286,0.08000250817477506,0.3005822904729279,0.43966482388756667,25,20,20
48,1022,0.17975037746479983,0.052268022037741876,0.3282987782754816,0.439682822221975,25,20,20
48,1023,0.1577094403555244,0.05227019836721878,0.3503375378095644,0.43968282346769116,25,20,20
48,1024,0.1577096245439096,0.0522565109214503,0.3503510406998003,0.4396828238348385,25,20,20
48,1025,0.15770962458951146,0.07689945872977573,0.3257251409970652,0.43966577568364684,25,20,20
48,1026,0.15842891160506245,0.07689945873614244,0.325005852329533,0.4396657773292612,25,20,20
48,1027,0.1584287274167808,0.07690595451158357,0.324999541468378,0.4396657766032568,25,20,20
48,1028,0.1584287274167808,0.07690595451158641,0.3389694062086853,0.42569591186294575,25,20,20
48,1029,0.15842872741678474,0.07690595451158716,0.37550599755312875,0.38915932051849667,25,20,20
48,1030,0.12494678544569959,0.07690598108804717,0.39762037854074395,0.400526854925507,25,20,20
48,1031,0.12494678544570043,0.07690598108828892,0.3836553466232651,0.4144918868427435,25,20,20
48,1032,0.1250129285558494,0.07722759679484198,0.38326710107194273,0.41449237357736385,25,20,20
48,1033,0.1250128766929552,0.07721893206813535,0.38331883367814334,0.4144493575607666,25,20,20
48,1034,0.12501287610339737,0.07721893206789165,0.38316843806581324,0.4145997537628981,25,20,20
48,1035,0.1250128761033973,0.07721893206765135,0.3831702097677469,0.4145979820612048,25,20,20
48,1036,0.11945291404789236,0.07721894068575738,0.3887301423300667,0.41459800293628396,25,20,20
48,1037,0.11945291404789163,0.07721894068551355,0.38860532193402053,0.4147228233325748,25,20,20
48,1038,0.12025380151042751,0.07728767516611698,0.38772938636162896,0.41472913696182667,25,20,20
48,1039,0.12080189263446911,0.07731909478335719,0.38714985223753523,0.4147291603446396,25,20,20
48,1040,0.12080185660992933,0.07801786822781415,0.3865078101270239,0.4146724650352336,25,20,20
48,1041,0.12080185660992929,0.07801786822781415,0.3865076990921007,0.4146725760701566,25,20,20
48,1042,0.12080185660993008,0.07801786822782268,0.38677403408483174,0.41440624107741625,25,20,20
48,1043,0.12080185660974802,0.07801786822758236,0.3871382324626158,0.41404204270005435,25,20,20
48,1044,0.10846163805400354,0.07801826207172385,0.39947611640165515,0.41404398347261795,25,20,20
48,1045,0.107794978956414,0.07798685407543719,0.4001742069503084,0.41404396001784105,25,20,20
48,1046,0.1077288335724313,0.07765553668176332,0.4005721567211939,0.4140434730246107,25,20,20
48,1047,0.10772885689973342,0.07766267976859104,0.4040261785179776,0.4105822848136971,25,20,20
48,1048,0.11367796486383139,0.07766267106076015,0.3980771005645679,0.4105822635108406,25,20,20
48,1049,0.11367790348827007,0.07766266506195289,0.39807716793893866,0.41058226351083765,25,20,20
48,1050,0.11367790348845158,0.077662665062201,0.3982019957902261,0.41045743565912074,25,20,20
48,1051,0.1136779033409979,0.07766266504805963,0.3980747062210177,0.4105847253899244,25,20,20
48,1052,0.1136779032953248,0.08075382634654858,0.3949844951514195,0.41058377520670597,25,20,20
48,1053,0.11367790329532487,0.08074631494112233,0.39499200655684397,0.4105837752067076,25,20,20
48,1054,0.11367790329532408,0.08074631494111813,0.3949901011907288,0.41058568057282785,25,20,20
48,1055,0.11367790329532408,0.08074631494111813,0.39499009976868477,0.41058568199487133,25,20,20
48,1056,0.11367790329532398,0.08074631494111813,0.39499009895031273,0.4105856828132435,25,20,20
48,1057,0.11367790329532713,0.08074631494136048,0.3953631383344112,0.4102126434288996,25,20,20
48,1058,0.11366446897689121,0.080744970603478,0.39537791479499235,0.4102126456246377,25,20,20
48,1059,0.11366446897689196,0.08074497060347798,0.3950050081786358,0.41058555224099375,25,20,20
48,1060,0.11367903975643288,0.08074491723362252,0.39499049296195354,0.41058555004799047,25,20,20
48,1061,0.11367941196514306,0.08074506914418658,0.3948524293779238,0.4107230895127463,25,20,20
48,1062,0.11367941197531974,0.08074506914394275,0.3948152089358987,0.41076030994483853,25,20,20
48,1063,0.11367941196514364,0.08074506914394282,0.39472461110501045,0.4108509077859028,25,20,20
48,1064,0.11367941196514383,0.08073040053199454,0.39473927971696027,0.41085090778590105,25,20,20
48,1065,0.1136794120131089,0.07952213082470301,0.3959475490691564,0.4108509080930316,25,20,20
48,1066,0.1136794120131089,0.07952213082470294,0.39594094734471313,0.4108575098174749,25,20,20
48,1067,0.11367941201310497,0.07952213082469872,0.3959427984396956,0.41085565872250046,25,20,20
48,1068,0.11367941201310497,0.07952213082469872,0.39594283573865835,0.4108556214235374,25,20,20
48,1069,0.11367941201327195,0.07952213082505265,0.4069945145179551,0.3998039426437197,25,20,20
48,1070,0.11367941201327122,0.0795221308250484,0.4067283238251103,0.40007013333656966,25,20,20
48,1071,0.11719117735318926,0.07952307714497951,0.4033393091775677,0.3999464363242628,25,20,20
48,1072,0.1171911773531925,0.07952307714498379,0.4036056486072414,0.3996800968945816,25,20,20
48,1073,0.11719117835240578,0.053707567166740446,0.4294211574740575,0.399680097006796,25,20,20
48,1074,0.11719117835222372,0.053707567166736164,0.4294195135090264,0.3996817409720135,25,20,20
48,1075,0.11719117830425864,0.05494621839282444,0.4281808626380321,0.39968174066488465,25,20,20
48,1076,0.11719982383444705,0.05494696754208616,0.42817146684059837,0.3996817417828686,25,20,20
48,1077,0.11639924568204427,0.054871485575387575,0.429053838107844,0.39967543063472355,25,20,20
48,1078,0.11639930849966859,0.05486445818445934,0.42906084855633225,0.39967538475953873,25,20,20
48,1079,0.11639930849950154,0.054864458184105354,0.41800271955531926,0.4107335137610728,25,20,20
48,1080,0.11288747067807064,0.054863005604887646,0.42152985241751056,0.41071967129952996,25,20,20
48,1081,0.11288747067807059,0.05486300560488336,0.4215297102060693,0.4107198135109757,25,20,20
48,1082,0.11288747067807138,0.05486300560489192,0.4216220095646844,0.410627514152351,25,20,20
48,1083,0.11290290401160212,0.054862915570285296,0.4216072178677933,0.41062696255031816,25,20,20
48,1084,0.11290290401160132,0.054862915570276734,0.4215149181254783,0.4107192622926427,25,20,20
48,1085,0.11290290401160533,0.054841056697143585,0.4215367769930519,0.41071926229819844,25,20,20
48,1086,0.10037558411590713,0.05484105671458094,0.4340639635595357,0.4107193956099758,25,20,20
48,1087,0.09446157104792612,0.05484105671856545,0.4399779762556157,0.4107193959778923,25,20,20
48,1088,0.1339379334294031,0.0548410567182799,0.4005016138836519,0.4107193959686651,25,20,20
48,1089,0.12526690203058508,0.05484066303994596,0.40917493461716964,0.4107175003122998,25,20,20
48,1090,0.12408590473869559,0.05485140011322841,0.4103451791377109,0.4107175160103643,25,20,20
48,1091,0.12456026279514934,0.0548514001196062,0.40987082107243133,0.4107175160128129,25,20,20
48,1092,0.1245784816510558,0.054851400119926084,0.40985260221328296,0.4107175160157342,25,20,20
48,1093,0.1456204992464284,0.05485140031148328,0.3888106294257496,0.41071747101633777,25,20,20
48,1094,0.12810813944726487,0.05485151966710813,0.4062904628012719,0.41074987808435426,25,20,20
48,1095,0.12292323719301759,0.0548521346044222,0.4114747318552732,0.4107498963472868,25,20,20
48,1096,0.12292323719301765,0.05485213460442212,0.41156705392290216,0.41065757427965816,25,20,20
48,1097,0.12292323719301765,0.05485213460442205,0.4115620714510232,0.4106625567515368,25,20,20
48,1098,0.12292323719301765,0.05485213460442205,0.41156215180085176,0.41066247640170844,25,20,20
48,1099,0.12292324560191459,0.05485213460467026,0.41167602755529,0.4105485922381251,25,20,20
48,1100,0.12244009396917806,0.05485210795237807,0.3835283673307955,0.43917943074764876,25,20,20
48,1101,0.11884658175121815,0.05485210795223228,0.3871218817660618,0.4391794285304883,25,20,20
48,1102,0.11886312929616538,0.05485212245692305,0.38710138026152213,0.4391833679853899,25,20,20
48,1103,0.11886312929616213,0.05485212245691879,0.38683504224361687,0.43944970600330274,25,20,20
48,1104,0.11886312929616213,0.05485212245691879,0.3868350401551072,0.4394497080918123,25,20,20
48,1105,0.1188631292961629,0.0548521224569188,0.38683716587105416,0.43944758237586456,25,20,20
48,1106,0.11872849203829405,0.05485310738207011,0.38697083679564737,0.4394475637839883,25,20,20
48,1107,0.1187372382354893,0.05485393368970528,0.3869611939635222,0.4394476341112829,25,20,20
48,1108,0.11948089622723776,0.054840078898130404,0.38623139108893817,0.43944763378569335,25,20,20
48,1109,0.11948089622723394,0.054840082733970244,0.38623138725865963,0.43944763378013607,25,20,20
48,1110,0.14687144239985972,0.05484003919393908,0.3588408846158814,0.43944763379032,25,20,20
48,1111,0.17042121407395958,0.05483991983592293,0.3353236397357302,0.43941522635438707,25,20,20
48,1112,0.1704212140739588,0.05483991983591871,0.3356965462965124,0.4390423197936098,25,20,20
48,1113,0.1704212140739588,0.054831015521966384,0.3357054506049086,0.43904231979916597,25,20,20
48,1114,0.17042121407395885,0.054831015521966314,0.3353339682218185,0.4394138021822561,25,20,20
48,1115,0.17041514157654103,0.054830993819020755,0.33190739875430764,0.4428464658501307,25,20,20
48,1116,0.17041514614092043,0.0548310040027033,0.3319073834955313,0.4428464663608446,25,20,20
48,1117,0.17041514614092043,0.05483100400270322,0.3319057639155871,0.44284808594078884,25,20,20
48,1118,0.14612119582888117,0.054831458360442446,0.35619922190818054,0.44284812390249484,25,20,20
48,1119,0.14612119582888117,0.054831458360442446,0.3561993377779652,0.4428480080327101,25,20,20
48,1120,0.14612118741998426,0.054831458360194235,0.35608538235999576,0.4429619718598248,25,20,20
48,1121,0.12869640486655082,0.05483146386194039,0.3734651338631746,0.4430069974083352,25,20,20
48,1122,0.15271483247283374,0.05483100985231165,0.34944719822949416,0.44300695944535995,25,20,20
48,1123,0.15271483147383713,0.08063706315541559,0.3236411460375041,0.4430069593332429,25,20,20
48,1124,0.15277511147361109,0.0806362368567248,0.32357387005186083,0.443014781617803,25,20,20
48,1125,0.15277511147360795,0.08063623685648247,0.3232008306677625,0.4433878210021468,25,20,20
48,1126,0.152775111473608,0.08063623685672645,0.32328842534944263,0.44330022632022276,25,20,20
48,1127,0.15393705835815455,0.08063562190577732,0.32212718810565844,0.4433001316304088,25,20,20
48,1128,0.1539370583607412,0.08063562190577749,0.3222641393765289,0.4431631803569516,25,20,20
48,1129,0.19374238245647996,0.08063562190569382,0.28245881775454984,0.44316317788327564,25,20,20
48,1130,0.19374238245652808,0.08063566669278224,0.28282156696977234,0.4428003838809165,25,20,20
48,1131,0.1937356064722878,0.08063566273445807,0.28626101021147404,0.43936772058177953,25,20,20
48,1132,0.1937356064722878,0.08064472586956149,0.2862519470819267,0.43936772057622336,25,20,20
48,1133,0.17313792758807764,0.0806448091229178,0.3068495960232454,0.4393676672657587,25,20,20
48,1134,0.17313792758807744,0.08064465025358089,0.3068497548925809,0.4393676672657603,25,20,20
48,1135,0.17313792758807747,0.08064465025358089,0.30685199507933253,0.4393654270790089,25,20,20
48,1136,0.17313792758549082,0.08064465025358075,0.30671512289871955,0.4395022992622087,25,20,20
48,1137,0.15054910739742866,0.08069876629912281,0.3292452978987964,0.43950682840465155,25,20,20
48,1138,0.15144279906178582,0.0806987667888685,0.328359498193353,0.43949893595599204,25,20,20
48,1139,0.15151042449631608,0.08069876679037626,0.3282918727644833,0.43949893594882383,25,20,20
48,1140,0.16508244155702426,0.08069876092631131,0.3147648884943628,0.43945390902230175,25,20,20
48,1141,0.15896585238433605,0.08069876100273773,0.32088147722512406,0.43945390938780193,25,20,20
48,1142,0.15896606503604746,0.08069869898406415,0.32088132667445707,0.4394539093054312,25,20,20
48,1143,0.15895793916702605,0.08069793736907355,0.3208902152764327,0.4394539081874673,25,20,20
48,1144,0.16481577553244822,0.08069793747714281,0.3150323302842819,0.43945395670612664,25,20,20
48,1145,0.16481577553244744,0.08069793747713845,0.3151602290644935,0.43932605792592055,25,20,20
48,1146,0.16510026703116779,0.08069793712265401,0.31487573792104817,0.4393260579251296,25,20,20
48,1147,0.16510026703116773,0.08069793712265401,0.314875848972698,0.4393259468734799,25,20,20
48,1148,0.16510026703116773,0.0806979371226541,0.3148782706546676,0.43932352519151024,25,20,20
48,1149,0.16510026703116776,0.08069793712265838,0.3148805488531565,0.4393212469930171,25,20,20
48,1150,0.16513962552136208,0.08069858992045026,0.3148405352687342,0.43932124928945343,25,20,20
48,1151,0.16502171044301697,0.08069858991882964,0.3149584503487064,0.4393212492894464,25,20,20
48,1152,0.1650217104533974,0.08069858991883391,0.31496506407633545,0.4393146355514325,25,20,20
48,1153,0.16502171045340056,0.08069858991882971,0.31496286899583814,0.4393168306319309,25,20,20
48,1154,0.16407629009708496,0.08069858942013962,0.3159082900147637,0.43931683046801134,25,20,20
48,1155,0.16794925374157374,0.08069858941872647,0.31203532675598405,0.4393168300837153,25,20,20
48,1156,0.16794925374157374,0.0806985894187264,0.31203722968756464,0.43931492715213466,25,20,20
48,1157,0.16403428885953752,0.08064515938730742,0.3160068850214872,0.43931366673166766,25,20,20
48,1158,0.16403428885953752,0.08064515938730735,0.3160068039422507,0.4393137478109045,25,20,20
48,1159,0.16352965799842242,0.08064515974051156,0.31651142816509004,0.439313754095976,25,20,20
48,1160,0.16352965799842484,0.08064515974051586,0.3165093451652342,0.43931583709582517,25,20,20
48,1161,0.16352713600421803,0.08064515980186819,0.31342483960141737,0.44240286459249584,25,20,20
48,1162,0.16696563820555782,0.08064421510888,0.30998042803313497,0.442409718652427,25,20,20
48,1163,0.16696563820534466,0.08006615797451705,0.31055848516780693,0.4424097186523312,25,20,20
48,1164,0.16533627431441109,0.08006547196023651,0.3121918038366233,0.4424064498887288,25,20,20
48,1165,0.16533627431440795,0.08006547196023651,0.3121964487039339,0.4424018050214212,25,20,20
48,1166,0.183848801034732,0.0800653995799038,0.2936810439170165,0.4424047554683465,25,20,20
48,1167,0.18387799105659522,0.08006539956483989,0.2936518539102169,0.44240475546834657,25,20,20
48,1168,0.1838779910565952,0.08006539956483989,0.2936472403995355,0.4424093689790281,25,20,20
48,1169,0.1843680461343097,0.08006539921790475,0.2931571919230383,0.442409362724746,25,20,20
48,1170,0.18448393711721528,0.08006539921790379,0.2930413009401289,0.4424093627247505,25,20,20
48,1171,0.1845369728943983,0.0800653992179066,0.2929882651629304,0.44240936272476344,25,20,20
48,1172,0.18453697289439897,0.08006539921790669,0.29289595775403043,0.4425016701336626,25,20,20
48,1173,0.1845369728943508,0.08006535443057422,0.29244091603011674,0.4429567566449569,25,20,20
48,1174,0.14500744562434792,0.08006535474646664,0.3319704917847271,0.44295670784445723,25,20,20
48,1175,0.14500744562434792,0.08006535474646657,0.3319704569635193,0.4429567426656651,25,20,20
48,1176,0.14500744562434792,0.08006535474646657,0.3319703439137184,0.44295685571546595,25,20,20
48,1177,0.12221873560152993,0.080065862201868,0.3547585457659094,0.44295685643069105,25,20,20
48,1178,0.12221858741002274,0.08006586221684082,0.3577783091977043,0.4399372411754308,25,20,20
48,1179,0.12221858741002034,0.0800658622170796,0.3580444644409003,0.43967108593199844,25,20,20
48,1180,0.12221858741001954,0.08006586221683655,0.3577781119281208,0.4399374384450219,25,20,20
48,1181,0.12221858741002034,0.08006586221684082,0.3577804773206822,0.43993507305245544,25,20,20
48,1182,0.12221799271385886,0.08006586309077549,0.3577810711416934,0.4399350730536726,25,20,20
48,1183,0.12221799271385876,0.08006586309077555,0.35765624862069684,0.4400598955746691,25,20,20
48,1184,0.12221799271386197,0.08006586310471638,0.3576643419127075,0.44005180226871454,25,20,20
48,1185,0.12221799271470005,0.07943739470915244,0.35829281030204674,0.4400518022741013,25,20,20
48,1186,0.1222179927147025,0.07943739470914815,0.35829524178603434,0.44004937079011547,25,20,20
48,1187,0.12221799271470564,0.07943739470914815,0.35829841861312794,0.44004619396301853,25,20,20
48,1188,0.12221799271470564,0.07943739470914815,0.3583031220972006,0.44004149047894586,25,20,20
48,1189,0.12221799271470564,0.07943739470914822,0.35830320314111974,0.44004140943502684,25,20,20
48,1190,0.12221799271470565,0.07943739469521177,0.35830167388000306,0.44004293871008004,25,20,20
48,1191,0.1622109864631665,0.07943739469685805,0.3183086558628299,0.4400429629771463,25,20,20
48,1192,0.1621418686961258,0.07943739469685536,0.31837777362913544,0.4400429629778837,25,20,20
48,1193,0.1330347585339813,0.07944189478482498,0.3462578462618006,0.44126550041939305,25,20,20
48,1194,0.09439430808873844,0.079444112694085,0.384896072374497,0.4412655068426802,25,20,20
48,1195,0.09436570406203532,0.07944411183495284,0.3849246772615503,0.44126550684146215,25,20,20
48,1196,0.09436570406203536,0.07944411183495298,0.3852911761730895,0.44089900792992276,25,20,20
48,1197,0.11373602459162471,0.07944411223524424,0.36592449657923287,0.44089536659389755,25,20,20
48,1198,0.11373602459162475,0.07944411223524432,0.36592449861710674,0.4408953645560237,25,20,20
48,1199,0.11373602459162799,0.07944411223524439,0.3660167100329448,0.4408031531401824,25,20,20
48,1200,0.10284890838372208,0.07945424535229886,0.3781162544628019,0.4395805918011768,25,20,20
48,1201,0.10284890838372208,0.07945424535229888,0.378111665438039,0.43958518082593967,25,20,20
48,1202,0.08151960777011862,0.0794542344757521,0.39944392684258995,0.4395822309115401,25,20,20
48,1203,0.08151960777011548,0.07945423447574773,0.3994419852087541,0.4395841725453837,25,20,20
48,1204,0.08219867545080117,0.07945423406775173,0.3987628794571947,0.4395842110242525,25,20,20
48,1205,0.0822004779991795,0.07945445209703685,0.39876085887384144,0.4395842110299423,25,20,20
48,1206,0.10521559005201887,0.07945445159512468,0.3757457474068272,0.43958421094602945,25,20,20
48,1207,0.09920092586869422,0.07945495603970806,0.37408526444916196,0.4472588536424361,25,20,20
48,1208,0.10249147910479589,0.07945495646612721,0.3707947107861533,0.4472588536429234,25,20,20
48,1209,0.10248916559626928,0.07945499158039068,0.37079698918601417,0.4472588536373258,25,20,20
48,1210,0.08541981739449005,0.07953663940694283,0.39544583023809515,0.43959771296047123,25,20,20
48,1211,0.08541986280578358,0.07953663020373636,0.39544579367224,0.4395977133182392,25,20,20
48,1212,0.08541981783223346,0.07953651147044204,0.39541192735986813,0.4396317433374556,25,20,20
48,1213,0.08541981783223265,0.07953651147044195,0.39541184618632413,0.4396318245110007,25,20,20
48,1214,0.08541981783223268,0.07953651147044188,0.3954071483591157,0.4396365223382093,25,20,20
48,1215,0.08541981783223665,0.07953651147044616,0.39549934193923797,0.439544328758079,25,20,20
48,1216,0.08541981783223672,0.07953651147044616,0.39550404285422075,0.4395396278430961,25,20,20
48,1217,0.08541981782185633,0.07953651147044616,0.3954989361297332,0.43954473457796406,25,20,20
48,1218,0.08541981782185712,0.07953651147045045,0.3954991294037315,0.4395445413039606,25,20,20
48,1219,0.08541981782185712,0.07953651147044624,0.3958720514291924,0.4391716192785038,25,20,20
48,1220,0.0852065857823881,0.07953651161762348,0.3960852826202055,0.43917161997978227,25,20,20
48,1221,0.08520658578239124,0.0795365116176192,0.3960884574462407,0.4391684451537482,25,20,20
48,1222,0.08468334395865743,0.07953429454201119,0.396613922729529,0.4391684387698012,25,20,20
48,1223,0.08490507552912385,0.07953429439483398,0.3963921920075226,0.43916843806851835,25,20,20
48,1224,0.08490507552912385,0.07953429439483381,0.3963031492923221,0.43925748078371946,25,20,20
48,1225,0.08489934451105087,0.07953429439645589,0.39630887988288904,0.43925748120960345,25,20,20
48,1226,0.08489934451105081,0.07953429439645589,0.3963042928565188,0.4392620682359737,25,20,20
48,1227,0.084899344511054,0.07953429439645596,0.39630426089000614,0.43926210020248313,25,20,20
48,1228,0.08488213892026332,0.07953430750275794,0.3963253927918128,0.43925816078516466,25,20,20
48,1229,0.08488213892026013,0.07953430750275786,0.39632530887210166,0.439258244704879,25,20,20
48,1230,0.08488213892025687,0.07953430750275786,0.3963205390235809,0.439263014553403,25,20,20
48,1231,0.10803354427686793,0.07945215544209364,0.3732647867610142,0.4392495135200227,25,20,20
48,1232,0.108033544279321,0.07945215544231346,0.37793417725318756,0.4345801230251767,25,20,20
48,1233,0.10803354427948564,0.07945215545239867,0.38900260033800405,0.4235116999301102,25,20,20
48,1234,0.10803354427932098,0.07945215544231338,0.37793421062120763,0.43458008965715655,25,20,20
48,1235,0.10811751371071777,0.07943915539067349,0.3778557190116424,0.4345876118869644,25,20,20
48,1236,0.10578956182082107,0.07943915496425699,0.38018367128815284,0.43458761192676726,25,20,20
48,1237,0.1057934327466637,0.0794375218096971,0.38018895364455807,0.4345800917990794,25,20,20
48,1238,0.08862099818729079,0.07943703873924383,0.3973553613885551,0.4345866016849093,25,20,20
48,1239,0.08862099818729079,0.07943703873924383,0.3973553349484353,0.434586628125029,25,20,20
48,1240,0.08862099818729398,0.0794370387392439,0.39735992202692877,0.43458204104653225,25,20,20
48,1241,0.0878325582080608,0.07943703790038245,0.39814836291524247,0.4345820409763123,25,20,20
48,1242,0.0878325582080608,0.07943703790038245,0.3981483619903219,0.43458204190123306,25,20,20
48,1243,0.08783255820806453,0.07942812454531019,0.3981572753453907,0.43458204190123306,25,20,20
48,1244,0.11722357818983417,0.07942810390504969,0.368771769602583,0.43457654830253184,25,20,20
48,1245,0.117223578189831,0.07942810390504977,0.3687670882638611,0.43458122964125684,25,20,20
48,1246,0.11722357818983019,0.07942810390504977,0.3683940520211476,0.4349542658839712,25,20,20
48,1247,0.11722357818983017,0.07942810390504977,0.36839404998839625,0.43495426791672254,25,20,20
48,1248,0.117223578187377,0.07942810390482995,0.3637265607849397,0.43962175712285223,25,20,20
48,1249,0.11878669748697072,0.079428150934038,0.3621633944549304,0.4396217571240596,25,20,20
48,1250,0.11878669748697072,0.079428150934038,0.3621635083041218,0.4396216432748681,25,20,20
48,1251,0.12365585690164478,0.07942815097390353,0.3572943498350166,0.43962164228943346,25,20,20
48,1252,0.1236558592280393,0.08020503918533535,0.35658485190732675,0.4395542496792975,25,20,20
48,1253,0.12365585922804251,0.08020503918533535,0.3565848471200681,0.43955425446655305,25,20,20
48,1254,0.12365585923063425,0.08020503918533542,0.35659402639161536,0.439545075192414,25,20,20
48,1255,0.12365585923081637,0.08020503918558008,0.35660072949133464,0.4395383720922678,25,20,20
48,1256,0.12365585922822143,0.08020503918558429,0.3565961447097852,0.439542956876408,25,20,20
48,1257,0.1617344757822535,0.08020499215531704,0.31851757518727203,0.43954295687515577,25,20,20
48,1258,0.16189393400969807,0.08020499587225814,0.3183008450770849,0.4396002250409574,25,20,20
48,1259,0.16189393401998334,0.08020499588630971,0.31866930977136415,0.4392317603223412,25,20,20
48,1260,0.16189393401998334,0.08020499588630971,0.31867591346001634,0.43922515663368905,25,20,20
48,1261,0.16189393402019636,0.08018292583009924,0.31869798319948883,0.4392251569502141,25,20,20
48,1262,0.16189393402019636,0.08018292583009924,0.31869798316074666,0.43922515698895614,25,20,20
48,1263,0.16189393402019636,0.08018292583009931,0.3186914614798538,0.439231678669849,25,20,20
48,1264,0.16189393401935834,0.08138983829040876,0.3174845490256733,0.43923167866455815,25,20,20
48,1265,0.16175166828989684,0.0813898387087779,0.3176267007509865,0.43923179225033765,25,20,20
48,1266,0.16175166786661468,0.08138971356444903,0.31759217957511104,0.439266438993824,25,20,20
48,1267,0.1617516678802333,0.08138971353695837,0.31639472558861,0.44046389299419714,25,20,20
48,1268,0.1617224019514515,0.0813897540009971,0.3164239551582265,0.44046388888932314,25,20,20
48,1269,0.1617224019805262,0.08138975402712628,0.317622570045722,0.43926527394662385,25,20,20
48,1270,0.16155205144972623,0.0813897540271263,0.3177929205465047,0.439265273976641,25,20,20
48,1271,0.16559673200948763,0.08138974686828314,0.31380535502505186,0.4392081660971758,25,20,20
48,1272,0.16559673200948766,0.08138974686828314,0.31379875284362124,0.43921476827860645,25,20,20
48,1273,0.16559673201986855,0.08138974686828744,0.31380347041611545,0.439210050695727,25,20,20
48,1274,0.16559716570542946,0.0813897064294393,0.31252163837187963,0.44049148949324973,25,20,20
48,1275,0.16559716570542946,0.08138970642943923,0.31252160389276673,0.44049152397236285,25,20,20
48,1276,0.16559716570542946,0.08138970642944353,0.3125217442235112,0.44049138364161405,25,20,20
48,1277,0.16559716570626662,0.08015839690343947,0.31375305374877394,0.4404913836415183,25,20,20
48,1278,0.16559716570626745,0.08015839690343954,0.3137530891815759,0.44049134820871544,25,20,20
48,1279,0.1655971656958873,0.08015839690367976,0.3137549935890578,0.44048944381137345,25,20,20
48,1280,0.1655971656958873,0.0801583969036797,0.31375499300201926,0.4404894443984121,25,20,20
48,1281,0.17753385847782038,0.0801583966536144,0.3018183004703206,0.4404894443982434,25,20,20
48,1282,0.17753385865265245,0.07938151279500211,0.3025940004965837,0.440490628055761,25,20,20
48,1283,0.17753385865265245,0.07938151279499789,0.3025985594068562,0.44048606914549265,25,20,20
48,1284,0.17753385865265486,0.07938151279499796,0.30269073990588063,0.44039388864646584,25,20,20
48,1285,0.17801048025448232,0.07938151279499599,0.302214118334063,0.44039388861645806,25,20,20
48,1286,0.17801048025448155,0.079381512794996,0.30212841679808805,0.44047959015243393,25,20,20
48,1287,0.17801048025448155,0.079381512794996,0.30212841679789065,0.44047959015263133,25,20,20
48,1288,0.15604991289884657,0.07938151280917848,0.32409202129402276,0.4404765529979525,25,20,20
48,1289,0.16243658892246368,0.0793815125064425,0.3177065228915887,0.44047537567950473,25,20,20
48,1290,0.16243658892246368,0.0793815125064425,0.31770644239788853,0.44047545617320494,25,20,20
48,1291,0.16243658892246052,0.0793815125064425,0.3177045400321274,0.44047735853896924,25,20,20
48,1292,0.1624365889224605,0.07938151250643836,0.3177045386368586,0.44047735993424225,25,20,20
48,1293,0.20083330041613004,0.07938151249219977,0.27930804387060915,0.44047714322106074,25,20,20
48,1294,0.24073240739998739,0.07938148488247815,0.23940893989882717,0.44047716781870705,25,20,20
48,1295,0.24073240741030014,0.07938148489632836,0.23967168673232592,0.44021442096104535,25,20,20
48,1296,0.24060529892346522,0.07938148498999802,0.23979879511021157,0.44021442097632485,25,20,20
48,1297,0.24060529892346527,0.07938148498999802,0.23979879513937744,0.44021442094715907,25,20,20
48,1298,0.21297009408702589,0.07938148510589005,0.26743394001102044,0.4402144807960633,25,20,20
48,1299,0.21297009408702666,0.07938148510589428,0.26706558433074706,0.44058283647633173,25,20,20
48,1300,0.2129700940868901,0.07938148510564962,0.26706364259510246,0.44058477821235764,25,20,20
48,1301,0.21297009408692222,0.07938148567987077,0.27814518991096643,0.4295032303222406,25,20,20
48,1302,0.21297009408691903,0.07938148567987077,0.2781405694394338,0.42950785079377646,25,20,20
48,1303,0.21297730206052562,0.07938148558620144,0.27813336157477664,0.4295078507784964,25,20,20
48,1304,0.21297730206052828,0.07938148559797004,0.28437824582573157,0.4232629665157704,25,20,20
48,1305,0.23963386147474963,0.0793814858303852,0.2577217459988835,0.4232629066959818,25,20,20
48,1306,0.23963386148625157,0.0773140368803349,0.2597891952538626,0.4232629063795508,25,20,20
48,1307,0.2423391934482653,0.07731406204729326,0.2570768789124229,0.42326986559201857,25,20,20
48,1308,0.24240253571678066,0.07731406214247694,0.2570135361732661,0.4232698659674764,25,20,20
48,1309,0.24193069145227747,0.07731406214246724,0.25748538043731345,0.4232698659679418,25,20,20
48,1310,0.23849061436866809,0.07731403656834254,0.2293803488070497,0.45481500025593946,25,20,20
48,1311,0.23849061436866492,0.07731403656834261,0.22937563361139346,0.45481971545159877,25,20,20
48,1312,0.23849065809633543,0.07731403221824448,0.22937559454084272,0.45481971514457714,25,20,20
48,1313,0.23849065809628991,0.07731403221824448,0.22937083320111004,0.45482447648435537,25,20,20
48,1314,0.23849065809651063,0.07731403221826544,0.2658265680733458,0.41836874161187787,25,20,20
48,1315,0.23936971254447253,0.07731403266561501,0.26839254855504385,0.41492370623486835,25,20,20
48,1316,0.23936971254447253,0.07731403266561494,0.2683924679382876,0.41492378685162473,25,20,20
48,1317,0.23937151009959196,0.07731403264285149,0.26960405150422034,0.4137104057533359,25,20,20
48,1318,0.23937415250782457,0.07732115672642208,0.26966233226276165,0.41364235850299136,25,20,20
48,1319,0.23937415249751182,0.07732115671257171,0.26939499712171355,0.41390969366820257,25,20,20
48,1320,0.2392873251562345,0.07732115670136634,0.2610387349846362,0.4223527831577625,25,20,20
48,1321,0.23928732515624698,0.07732115614079044,0.2501047291258382,0.43328678957712397,25,20,20
48,1322,0.22365239626665306,0.07732117958073387,0.2657395769018768,0.4332868472507359,25,20,20
48,1323,0.22365239626665306,0.0773211795807338,0.26573499159161584,0.4332914325609969,25,20,20
48,1324,0.2236523962666498,0.0773211795807338,0.266104843672332,0.43292158048028384,25,20,20
48,1325,0.22365239685701582,0.07732117956684832,0.2660433741974687,0.43298304937866666,25,20,20
48,1326,0.22365239685701582,0.07732117956684825,0.26604334011319447,0.432983083462941,25,20,20
48,1327,0.2236523968452973,0.07943481656973475,0.2639297031221204,0.43298308346284714,25,20,20
48,1328,0.2236523968455048,0.07706720015630976,0.26629731953524777,0.43298308346293723,25,20,20
48,1329,0.2236154744367513,0.07706720017496485,0.2663342401864681,0.43298308520181517,25,20,20
48,1330,0.223615474426466,0.07706720016090907,0.26596115441721757,0.43335617099540696,25,20,20
48,1331,0.2111732030525766,0.07707859040080621,0.2783911084098722,0.43335709813674456,25,20,20
48,1332,0.21129310145032443,0.07707859040080783,0.2782712100046487,0.4333570981442192,25,20,20
48,1333,0.18793917586237247,0.07707951197194206,0.30162419265120555,0.4333571195144799,25,20,20
48,1334,0.1874814733408088,0.07707951232487852,0.30208189487795184,0.4333571194563608,25,20,20
48,1335,0.18792902436787032,0.07707951197224566,0.30163434414883505,0.4333571195110489,25,20,20
48,1336,0.19430224572049884,0.07706812163566902,0.29527346456598247,0.4333561680778495,25,20,20
48,1337,0.19430224513009062,0.07706812163566468,0.2951808513598669,0.43344878187437763,25,20,20
48,1338,0.19430224513009062,0.07706812163566461,0.29518080827766685,0.4334488249565778,25,20,20
48,1339,0.1942775139587956,0.07706812163533461,0.29519845192925825,0.43345591247661075,25,20,20
48,1340,0.16091653929696245,0.0770681270512847,0.32621033149330136,0.4358050021584504,25,20,20
48,1341,0.15391068243728445,0.07706837064507008,0.3332159444094486,0.4358050025081967,25,20,20
48,1342,0.15390537959771375,0.07706124663637787,0.3331610595839919,0.43587231418191735,25,20,20
48,1343,0.15390537959771375,0.07706124663637787,0.33316109356038015,0.43587228020552904,25,20,20
48,1344,0.15390537959771375,0.07706124663637787,0.33316109166373364,0.43587228210217577,25,20,20
48,1345,0.15648079287920885,0.07706272469864044,0.33059089128013425,0.4358655911420179,25,20,20
48,1346,0.15648079447418015,0.07706272466113612,0.3306240347409479,0.43583244612373745,25,20,20
48,1347,0.15648079447417823,0.0770627246493675,0.324374566527567,0.4420819143488889,25,20,20
48,1348,0.15648079447397056,0.07940607113466272,0.3220312200425679,0.4420819143488005,25,20,20
48,1349,0.1564807944739674,0.0794060711346628,0.3220311721213738,0.44208196226999763,25,20,20
48,1350,0.1564807944739674,0.0794060711346628,0.322031174133209,0.44208196025816243,25,20,20
48,1351,0.1564807944739674,0.07940607113466287,0.32203121211965763,0.4420819222717139,25,20,20
48,1352,0.15593277978782635,0.07940606571977571,0.3249283043747853,0.439732850117614,25,20,20
48,1353,0.15593282328478456,0.07870729297960069,0.3256268553757723,0.4397330283598447,25,20,20
48,1354,0.15593282328478542,0.0787072937690278,0.3258963981226989,0.4394634848234902,25,20,20
48,1355,0.15593282328478472,0.0787072937692718,0.32598857680932425,0.43937130613662134,25,20,20
48,1356,0.15645350205157485,0.07870729375196757,0.3254678993590738,0.4393713048373849,25,20,20
48,1357,0.18972985016541927,0.0787075306467821,0.29219136744867025,0.4393712517391286,25,20,20
48,1358,0.18972985016541927,0.0787075306467821,0.29219147992078026,0.43937113926701854,25,20,20
48,1359,0.18972985016541932,0.07870753064678218,0.29219159523225746,0.4393710239555413,25,20,20
48,1360,0.18972985016542254,0.07870753064678225,0.2918185749522053,0.43974404423558994,25,20,20
48,1361,0.1897298501654232,0.07870753064653833,0.29172646135966585,0.4398361578283727,25,20,20
48,1362,0.1897298501654232,0.07870753064653827,0.29172653653610436,0.43983608265193425,25,20,20
48,1363,0.1897298501654224,0.07870752985735575,0.29146171283847194,0.44010090713875016,25,20,20
48,1364,0.18972985016800975,0.07870752985736423,0.2915872415663434,0.4399753784082827,25,20,20
48,1365,0.1858661828699896,0.07870729963181239,0.2954502557126341,0.4399762617855641,25,20,20
48,1366,0.18586618287003429,0.0787072996318081,0.2954522423522277,0.4399742751459303,25,20,20
48,1367,0.1853171729342273,0.07870729963149507,0.2960012523440904,0.4399742750901876,25,20,20
48,1368,0.18513628109488,0.07870729963137627,0.2961821446241121,0.439974274649632,25,20,20
48,1369,0.17919705818576318,0.07870729962977797,0.3021213679607108,0.43997427422374796,25,20,20
48,1370,0.17919705818576318,0.07870729962977797,0.3021212534103975,0.4399743887740613,25,20,20
48,1371,0.17919705818576318,0.0787072996297779,0.3021211380885076,0.43997450409595124,25,20,20
48,1372,0.1791970582347075,0.07829088054504287,0.30253755712420366,0.43997450409604605,25,20,20
48,1373,0.1791970582347075,0.07829088054504287,0.3025374426546393,0.43997461856561043,25,20,20
48,1374,0.17920915849012733,0.07829088086947628,0.3022443131017078,0.4402556475386885,25,20,20
48,1375,0.17920707800616698,0.08168674001246062,0.29884556946415,0.44026061251722226,25,20,20
48,1376,0.179194985099264,0.08168674049738069,0.29917306201918914,0.4399452123841661,25,20,20
48,1377,0.179194985099264,0.08168674049738062,0.29917298096427347,0.43994529343908184,25,20,20
48,1378,0.17922418176435229,0.08168673964935279,0.29914377720801505,0.4399453013782798,25,20,20
48,1379,0.13983486140873158,0.08168676306454042,0.33853307030117563,0.4399453052255526,25,20,20
48,1380,0.17784527956756488,0.08168673964935813,0.3005226794053139,0.4399453013777632,25,20,20
48,1381,0.1778452795667239,0.0829186018419216,0.29929081721349554,0.4399453013778591,25,20,20
48,1382,0.1778363008880562,0.08291765649150902,0.29930082022854554,0.4399452223918891,25,20,20
48,1383,0.17783506446455274,0.08291765648253957,0.29930205674801924,0.4399452223048883,25,20,20
48,1384,0.17783506446455355,0.08291765648254387,0.2993021375723791,0.4399451414805233,25,20,20
48,1385,0.1778112721860756,0.08291765648503605,0.29142033749011537,0.44785073383877283,25,20,20
48,1386,0.1778112721860756,0.08291765648503605,0.29142037860635395,0.44785069272253447,25,20,20
48,1387,0.17781127217186946,0.08291765648539254,0.29148649341205707,0.4477845779306808,25,20,20
48,1388,0.17781127217186946,0.08291765648539261,0.29148657592561367,0.44778449541712434,25,20,20
48,1389,0.17781127217186626,0.08291765648539254,0.2914866068402034,0.4477844645025377,25,20,20
48,1390,0.1778112766186791,0.08291765694879034,0.29148647599761524,0.44778459043491553,25,20,20
48,1391,0.1778112766186791,0.08291765694879034,0.2914864020733074,0.44778466435922326,25,20,20
48,1392,0.17781127661867915,0.08291765694879041,0.2914911039353482,0.4477799624971825,25,20,20
48,1393,0.20098592307324237,0.0829176684899677,0.26831656989840963,0.4477798385383802,25,20,20
48,1394,0.20098592307324237,0.0829176684899677,0.2683230915736519,0.447773316863138,25,20,20
48,1395,0.2009805096859714,0.0829176684872102,0.23623410876807416,0.47986771305874387,25,20,20
48,1396,0.2009805096370452,0.08163904462207115,0.23751273268214404,0.4798677130587391,25,20,20
48,1397,0.2009804626125669,0.08163929338925374,0.23751254786129997,0.47986769613687913,25,20,20
48,1398,0.20098046262288363,0.08163929340335255,0.23776463352272426,0.47961561045103934,25,20,20
48,1399,0.2010980580822077,0.08163781581064306,0.23764171460622457,0.47962241150092416,25,20,20
48,1400,0.20109810428469507,0.08163782008587335,0.23764285070675534,0.47962122492267595,25,20,20
48,1401,0.20095448069486466,0.08163782008591947,0.23778647428387129,0.4796212249353442,25,20,20
48,1402,0.20095448069486466,0.08163782008591947,0.23778658813306272,0.47962111108615274,25,20,20
48,1403,0.20095448068454794,0.08163782007182067,0.2375344653465951,0.4798732338970359,25,20,20
48,1404,0.2009544806845488,0.08163782007182067,0.2379010184169249,0.47950668082670533,25,20,20
48,1405,0.20095448068455113,0.0816378200718206,0.23752948358396198,0.47987821565966604,25,20,20
48,1406,0.20095448068455113,0.08163782007182067,0.23753418342024496,0.47987351582338283,25,20,20
48,1407,0.2009544806819637,0.08163782007181211,0.23740865324018562,0.4799990460060382,25,20,20
48,1408,0.20095448068196448,0.08163782008575142,0.23742086034393647,0.47998683888834726,25,20,20
48,1409,0.20095448068196448,0.08163782008575142,0.23742078127271118,0.47998691795957243,25,20,20
48,1410,0.20121284284079452,0.08163782111686745,0.23716241636685903,0.47998691967547835,25,20,20
48,1411,0.21739492753271178,0.08163804233031671,0.2209800549344916,0.47998697520247907,25,20,20
48,1412,0.21739492753266632,0.08163804233031664,0.220973484073574,0.47999354606344236,25,20,20
48,1413,0.21759159087260926,0.08163803123289959,0.2207788472522314,0.47999153064225936,25,20,20
48,1414,0.21759159087260932,0.08163803123289966,0.22078354793825267,0.479986829956238,25,20,20
48,1415,0.2175915908726094,0.08163803123313951,0.22087611308904653,0.4798942648052041,25,20,20
48,1416,0.21759159087260932,0.08163803123313944,0.22087149227794275,0.479898885616308,25,20,20
48,1417,0.2175915908726094,0.08163803123314371,0.2208761153648143,0.479894262529432,25,20,20
48,1418,0.21759159087260949,0.08163803123314371,0.2208761170314801,0.4798942608627662,25,20,20
48,1419,0.21759159087260949,0.08163803123314378,0.22124921745191098,0.4795211604423353,25,20,20
48,1420,0.21759159087282,0.08275457154171285,0.2201326771377489,0.47952116044771764,25,20,20
48,1421,0.21887030752082431,0.07935871288572936,0.22211110031450346,0.47965987927894177,25,20,20
48,1422,0.21887030752082423,0.07935871288572985,0.2220206988558243,0.47975028073762055,25,20,20
48,1423,0.2188703075208241,0.07935871288573405,0.2220176187773023,0.4797533608161384,25,20,20
48,1424,0.19099209771944742,0.07935872544194661,0.24970135926636178,0.47994781757224303,25,20,20
48,1425,0.19045369523054168,0.07942851671449612,0.25031367247894454,0.47980411557601677,25,20,20
48,1426,0.19045369523054806,0.07942851671449207,0.25031370369123074,0.4798040843637282,25,20,20
48,1427,0.19045369523059358,0.07942851671449214,0.25032019697614966,0.4797975910787637,25,20,20
48,1428,0.19045369523059358,0.07942851670055712,0.2503144819702679,0.47980330609858046,25,20,20
48,1429,0.19045369523059358,0.07942851670055698,0.25031289644548416,0.47980489162336437,25,20,20
48,1430,0.2068508635406979,0.07945571672166463,0.23389561669462997,0.47979780304300773,25,20,20
48,1431,0.2068508635404843,0.0800434339806807,0.23330789944120575,0.47979780303762953,25,20,20
48,1432,0.19178608754628035,0.08004343295332134,0.24837267715656114,0.4797978023438375,25,20,20
48,1433,0.19178608754627796,0.08004343295332987,0.24863738776016164,0.4795330917402307,25,20,20
48,1434,0.169058366259997,0.08004347566975575,0.2711445290072381,0.4797536290630093,25,20,20
48,1435,0.16905836626004206,0.08004347568356891,0.2715185465485695,0.47937961150781966,25,20,20
48,1436,0.16957912840876574,0.08004343298042586,0.27121836307178065,0.4791590755390278,25,20,20
48,1437,0.1695790822351414,0.08004343304701418,0.2711499667848947,0.4792275179329494,25,20,20
48,1438,0.1695791230524832,0.08004318426821523,0.2711503166176021,0.479227376061699,25,20,20
48,1439,0.16957912305243808,0.08004318425440207,0.27077621633366167,0.4796014763594977,25,20,20
48,1440,0.1695791230524828,0.08004318425439355,0.27052388929881954,0.4798538033943037,25,20,20
48,1441,0.1678480594026152,0.08005028098198955,0.2704764270368443,0.48162523257854956,25,20,20
48,1442,0.16784822059373922,0.08075370310749744,0.2664875655709651,0.4849105107277967,25,20,20
48,1443,0.16784810288164556,0.08074659382136126,0.2683922021598195,0.48301310113717205,25,20,20
48,1444,0.1679643894330291,0.0807575540780059,0.26826483688071184,0.4830132196082516,25,20,20
48,1445,0.16796438943474443,0.08075758205482327,0.28318961460447567,0.4680884139059552,25,20,20
48,1446,0.16220110152150327,0.0807575863869499,0.28895289817914216,0.4680884139124034,25,20,20
48,1447,0.16134554094540485,0.08067683488909268,0.2898893287437817,0.4680882954217194,25,20,20
48,1448,0.1613455409453593,0.08067683488909261,0.2898828020648039,0.46809482210074277,25,20,20
48,1449,0.1613455409453602,0.08067683488933723,0.2898798377074511,0.4680977864578501,25,20,20
48,1450,0.16036841339208785,0.0806768348768095,0.29085696642173503,0.46809778530936597,25,20,20
48,1451,0.16036841339204236,0.08067683487680957,0.2908430757485462,0.46811167598260023,25,20,20
48,1452,0.16036841339204158,0.08067683487656495,0.29084071477656964,0.4681140369548223,25,20,20
48,1453,0.16036841339208707,0.08067683487632897,0.2908361166499841,0.46811863508159846,25,20,20
48,1454,0.16036841339208713,0.08067683487633326,0.2908426421024765,0.4681121096291016,25,20,20
48,1455,0.15929167146746276,0.08067706965871144,0.29191912889974075,0.46811212997408364,25,20,20
48,1456,0.16629668414376986,0.08067682606492557,0.2849143593233052,0.468112130467998,25,20,20
48,1457,0.16629668414372753,0.08067682606516158,0.28492082699630955,0.4681056627948001,25,20,20
48,1458,0.16629668414376986,0.08067682606492557,0.2849165516519471,0.4681099381393561,25,20,20
48,1459,0.16629668414461338,0.08008196147506354,0.2855114162355885,0.46810993814473334,25,20,20
48,1460,0.1662966841446125,0.08008196147481886,0.2855096798878879,0.46811167449267954,25,20,20
48,1461,0.1662966841446125,0.08008196147481886,0.2855097198610721,0.46811163451949533,25,20,20
48,1462,0.16629668414461246,0.08008196147481886,0.28550521296772485,0.4681161414128428,25,20,20
48,1463,0.16629668414338247,0.08008196147497477,0.25618206543146516,0.4974392889501766,25,20,20
48,1464,0.16668984849240318,0.08008172825700463,0.2557891917859146,0.4974392314646769,25,20,20
48,1465,0.1726280990874062,0.08008172826011045,0.24985094120021323,0.49743923145226965,25,20,20
48,1466,0.1726280990874062,0.08008172826011045,0.24985094320862253,0.4974392294438604,25,20,20
48,1467,0.17262809908736065,0.08008172826010189,0.24984862798012394,0.4974415446724131,25,20,20
48,1468,0.1726281016071568,0.08008172774076616,0.24984862597957494,0.4974415446725017,25,20,20
48,1469,0.17262810160715603,0.08008172774076186,0.24984202002241673,0.49744815062966496,25,20,20
48,1470,0.1726282449127057,0.08009582395414232,0.24982880437607358,0.49744712675707686,25,20,20
48,1471,0.172628083750981,0.07939240184989144,0.25388492204887103,0.49409459235025543,25,20,20
48,1472,0.19613254122984078,0.07936520182886789,0.23040766427156367,0.4940945926697271,25,20,20
48,1473,0.19613235710668703,0.0793513502610074,0.23042172028906766,0.4940945723432372,25,20,20
48,1474,0.19613235705608223,0.07935134584048162,0.2010317699499955,0.5234845271534403,25,20,20
48,1475,0.1961572333483999,0.07935340590393464,0.20100464117097924,0.5234847195766859,25,20,20
48,1476,0.1961572333484,0.07935340590393464,0.20100464641723167,0.5234847143304333,25,20,20
48,1477,0.1961572333484,0.07935340590393464,0.2010045326487135,0.5234848280989514,25,20,20
48,1478,0.19615723334858046,0.07935340590418123,0.20137765324275164,0.5231117075044861,25,20,20
48,1479,0.19615723334857968,0.07935340590418534,0.20175057414429506,0.5227387866029395,25,20,20
48,1480,0.196573737498895,0.07935110135646344,0.18983677932164128,0.5342383818229999,25,20,20
48,1481,0.19657373749911225,0.07935924617059655,0.18982863450183088,0.5342383818284597,25,20,20
48,1482,0.19657373749928797,0.07935924617060085,0.18983331506693182,0.5342337012631786,25,20,20
48,1483,0.20358510299059915,0.07935900732393471,0.18282218407150685,0.5342337056139586,25,20,20
48,1484,0.20358510298974195,0.054153003756650324,0.20802818753279212,0.5342337057208149,25,20,20
48,1485,0.19754300717506026,0.05415300356702755,0.21406913459585572,0.5342348546620556,25,20,20
48,1486,0.1975430071750603,0.05415300356702327,0.21406901985356025,0.5342349694043552,25,20,20
48,1487,0.19754300717506038,0.054153003567027555,0.21407139164124384,0.5342325976166673,25,20,20
48,1488,0.19754300717505888,0.0799757338951129,0.18824866142548877,0.534232597504338,25,20,20
48,1489,0.19754300717505888,0.0799757338951129,0.18824869683138273,0.534232562098444,25,20,20
48,1490,0.19767076577860507,0.07997573389505729,0.1881209378111727,0.5342325625151639,25,20,20
48,1491,0.19767076577860507,0.07997573389505729,0.18812101227286596,0.5342324880534706,25,20,20
48,1492,0.19767076577842463,0.079975733894815,0.18774808692601497,0.5346054134007444,25,20,20
48,1493,0.19767076577842776,0.079975733894815,0.18775041860388048,0.5346030817228757,25,20,20
48,1494,0.19767076577824563,0.07997573389481062,0.18774575138593302,0.5346077489410096,25,20,20
48,1495,0.19767076577058354,0.079975733874324,0.1771435211175107,0.5452099792375809,25,20,20
48,1496,0.1994756038024998,0.07997573410396581,0.17533868294792945,0.5452099791456037,25,20,20
48,1497,0.1994756038110975,0.07997570612739138,0.16030716139916443,0.5602415286623456,25,20,20
48,1498,0.19947560381088025,0.07999863543904889,0.1602842320932798,0.5602415286567899,25,20,20
48,1499,0.19947560381088106,0.07999863543904893,0.15991349502126737,0.5606122657288013,25,20,20
48,1500,0.19947560381088106,0.07999863543904893,0.15991819449947633,0.5606075662505922,25,20,20
48,1501,0.19947560381088125,0.07997678280631208,0.15994004713221463,0.5606075662505906,25,20,20
48,1502,0.19947560381088128,0.07997678280630788,0.1599400454182931,0.5606075679645162,25,20,20
48,1503,0.20408467279263473,0.07997678307096955,0.1553321481732874,0.5606063959631069,25,20,20
48,1504,0.20408467279263479,0.07997678307096956,0.15533203514678795,0.5606065089896063,25,20,20
48,1505,0.20408467279263395,0.07997678307096541,0.15570277202843394,0.5602357721079653,25,20,20
48,1506,0.2041562015510744,0.07997678355250876,0.15563097867629386,0.5602360362201224,25,20,20
48,1507,0.20415620155125655,0.07997678355250891,0.15563113883891277,0.5602358760573212,25,20,20
48,1508,0.20415620155125655,0.07997678356644686,0.15562843349953925,0.5602385813827568,25,20,20
48,1509,0.20231634400196113,0.07997678333244779,0.1574682900221719,0.5602385826434185,25,20,20
48,1510,0.202316344001779,0.07997678333244763,0.15773446246947606,0.5599724101962966,25,20,20
48,1511,0.20231634400177892,0.07997678333244763,0.1577343819404227,0.5599724907253502,25,20,20
48,1512,0.21494137715245212,0.07997678355751064,0.14510934752516644,0.5599724917648703,25,20,20
48,1513,0.20802938747407201,0.0799767878907915,0.15202019401599703,0.5599736306191392,25,20,20
48,1514,0.20802938747407196,0.07997678789079143,0.15165179214399432,0.5603420324911419,25,20,20
48,1515,0.20802938747407201,0.0799767878907915,0.1513855420244897,0.5606082826106465,25,20,20
48,1516,0.2052378549420504,0.08005701723373637,0.1541040294945462,0.5606010983296664,25,20,20
48,1517,0.21229804509714748,0.08005701289728076,0.1470449825304326,0.5605999594751389,25,20,20
48,1518,0.21229832765148843,0.08005701289712064,0.14704470237254816,0.5605999570788424,25,20,20
48,1519,0.21229832765148837,0.08005701289712064,0.14704481342189923,0.5605998460294912,25,20,20
48,1520,0.2122983276514881,0.08004833426343179,0.1470534920555868,0.5605998460294929,25,20,20
48,1521,0.21185694719360948,0.08004833403472673,0.11899474530763358,0.5890999734640298,25,20,20
48,1522,0.21100488799648554,0.07996886533771112,0.11971930083777792,0.5893069458280249,25,20,20
48,1523,0.21100488799648634,0.0799688653377069,0.1197147088858142,0.5893115377799919,25,20,20
48,1524,0.2110048879973273,0.0787370058715838,0.12094656835100316,0.5893115377800846,25,20,20
48,1525,0.20912692600024882,0.07873700587146461,0.12282453205138841,0.5893115360768968,25,20,20
48,1526,0.20912692600025204,0.07873700587146461,0.12281994658157064,0.5893161215467113,25,20,20
48,1527,0.20914393612966412,0.07873700587147013,0.12280293645069157,0.5893161215481729,25,20,20
48,1528,0.20914403762026687,0.07873700587146817,0.12280283581135708,0.589316120696907,25,20,20
48,1529,0.20921311178504742,0.07873700587162252,0.12273376156402206,0.5893161207793071,25,20,20
48,1530,0.20921311726861958,0.07873700588068953,0.13672319145882894,0.5753266853918609,25,20,20
48,1531,0.23854832348319824,0.07873625136699589,0.10759478209298802,0.575120643056817,25,20,20
48,1532,0.24545746706007077,0.07873624383629317,0.10068669583905239,0.5751195932645828,25,20,20
48,1533,0.24545746706007077,0.07873624383629317,0.10068661593101749,0.5751196731726177,25,20,20
48,1534,0.24514387246638591,0.07873650440868063,0.10099992739901863,0.5751196957259139,25,20,20
48,1535,0.24514387246639022,0.049976831342289335,0.12975960046384474,0.5751196957274748,25,20,20
48,1536,0.24514387246635383,0.04997683134210953,0.11915140817116283,0.5857278880203729,25,20,20
48,1537,0.24514387246635386,0.04997683134210953,0.11927622892801067,0.5856030672635252,25,20,20
48,1538,0.24514387246635386,0.04997683134210953,0.11927623093035496,0.5856030652611808,25,20,20
48,1539,0.2451438724689493,0.04997683132816737,0.1192739979899641,0.5856052982129184,25,20,20
48,1540,0.24514387246908162,0.049976831328344413,0.13033228138858022,0.5745470148139932,25,20,20
48,1541,0.27197315757324797,0.04997683147425679,0.10350299386046893,0.5745470170920258,25,20,20
48,1542,0.2719731575732448,0.04997683147425678,0.10350757933028659,0.5745424316222113,25,20,20
48,1543,0.2719731575732448,0.04997683147425678,0.10350769380388687,0.5745423171486109,25,20,20
48,1544,0.27197315757324486,0.04997683147425678,0.1035031083481168,0.574546902604381,25,20,20
48,1545,0.27197315756293344,0.04997683147401808,0.10323907054695161,0.5748109404160965,25,20,20
48,1546,0.2719731575804209,0.052810206139053247,0.10040569586598944,0.5748109404145358,25,20,20
48,1547,0.2719731575804169,0.05281020613905318,0.10040558365135763,0.5748110526291714,25,20,20
48,1548,0.27172169817821235,0.052810206319096414,0.10065704286848601,0.5748110526342047,25,20,20
48,1549,0.2717216981782124,0.052810206319096345,0.10065060188477086,0.57481749361792,25,20,20
48,1550,0.2717216981782124,0.052810206319096345,0.10065056646379907,0.5748175290388917,25,20,20
48,1551,0.2597593594478486,0.05281036090772979,0.1102157152509721,0.5772145643934492,25,20,20
48,1552,0.25975935944784867,0.052810360907729864,0.11021568389478714,0.5772145957496339,25,20,20
48,1553,0.25975938382565555,0.05281039364791487,0.12130772559786386,0.5661224969285651,25,20,20
48,1554,0.25969229941310784,0.05281042214650979,0.12135956837853427,0.5661377100618483,25,20,20
48,1555,0.25969229941228206,0.05406547181189733,0.12010451871396928,0.5661377100618513,25,20,20
48,1556,0.2596922994096866,0.05406547181190155,0.12010945699373357,0.5661327717846781,25,20,20
48,1557,0.2596922994096866,0.05406547181189726,0.12010285249787676,0.5661393762805393,25,20,20
48,1558,0.2596922994096865,0.05406547181189733,0.1201092934815919,0.5661329352968242,25,20,20
48,1559,0.25967329466428496,0.0540654433131426,0.12014353989937687,0.5661177221231953,25,20,20
48,1560,0.2596732946764103,0.05322014493533392,0.12098883795496737,0.5661177224332884,25,20,20
48,1561,0.2596753831286129,0.05322014493533298,0.12098674950276156,0.566117722433293,25,20,20
48,1562,0.26004361217181493,0.05322014475528827,0.12061852107646036,0.5661177219964366,25,20,20
48,1563,0.2600436121718181,0.05322014475528835,0.12049370036074654,0.5662425427121471,25,20,20
48,1564,0.2614376398387614,0.05322014476170303,0.11909957521210318,0.5662426401874326,25,20,20
48,1565,0.26143763983876134,0.05322014476170296,0.11909945942068427,0.5662427559788514,25,20,20
48,1566,0.26143763983862894,0.053220144761525916,0.10804101420002617,0.5773012011998189,25,20,20
48,1567,0.2614376398386745,0.05322014476152606,0.10804124564422118,0.5773009697555781,25,20,20
48,1568,0.2614376154608684,0.05322011202134114,0.09695082505590202,0.588391447461888,25,20,20
48,1569,0.27485715031369723,0.05321995708827088,0.08592848213287028,0.5859944104651613,25,20,20
48,1570,0.27485808812666446,0.05321995708858559,0.08592754427756835,0.585994410507181,25,20,20
48,1571,0.26846070364597574,0.053219957163636235,0.09232374646791333,0.585995592722474,25,20,20
48,1572,0.2684607036284878,0.07911462877264222,0.06642907487629958,0.5859955927225698,25,20,20
48,1573,0.2643689370043993,0.07911462893439791,0.07051957816148537,0.5859968558997168,25,20,20
48,1574,0.26436893152340524,0.07911462893918544,0.05679747691103747,0.5997189626263713,25,20,20
48,1575,0.26436893152340524,0.07911462893918537,0.05679087351957354,0.5997255660178353,25,20,20
48,1576,0.24572588529857156,0.07911462878252093,0.075435142558198,0.5997243433607089,25,20,20
48,1577,0.2457258852987536,0.07911462878276553,0.075441764552337,0.5997177213661433,25,20,20
48,1578,0.2457258852987536,0.07911462878276553,0.07544172915656135,0.599717756761919,25,20,20
48,1579,0.2457258852985715,0.07911462878252094,0.07543972591660457,0.5997197600023024,25,20,20
48,1580,0.24454349966450317,0.07911464886922956,0.07662199245785391,0.5997198590084128,25,20,20
48,1581,0.24454349966450323,0.07911464886922964,0.07662211162831757,0.599719739837949,25,20,20
48,1582,0.24454349966450323,0.07911464886922964,0.07662211162831761,0.599719739837949,25,20,20
48,1583,0.24454349966450642,0.07911464886923394,0.07662863508595985,0.5997132163802994,25,20,20
48,1584,0.2445434996645065,0.07911464886947686,0.07689028575991946,0.5994515657060968,25,20,20
48,1585,0.227351291771381,0.07911473314933065,0.09364715993645473,0.5998868151428327,25,20,20
48,1586,0.227351291771381,0.07911473314933065,0.09364719274498437,0.599886782334303,25,20,20
48,1587,0.22735129177138105,0.07911473314933072,0.09364727443627138,0.599886700643016,25,20,20
48,1588,0.22735129177138028,0.07911473314957523,0.09365048625873879,0.5998834888203048,25,20,20
48,1589,0.22770155431671454,0.07911473747149252,0.09323446619249612,0.5999492420192954,25,20,20
48,1590,0.22770155431671463,0.07911473747149253,0.09323446961249346,0.599949238599298,25,20,20
48,1591,0.22770155431676004,0.07911473748561706,0.09341402458046386,0.5997696836171577,25,20,20
48,1592,0.22770155431680236,0.07911473748586158,0.09341602613721119,0.5997676820601235,25,20,20
48,1593,0.2277015543167569,0.07911473747173703,0.09323646774924338,0.5999472404622613,25,20,20
48,1594,0.22770155431675745,0.07911473747189195,0.10720614525463246,0.5859775629567168,25,20,20
48,1595,0.22770155431675426,0.07911473747188758,0.10719953873098356,0.5859841694803734,25,20,20
48,1596,0.22886480161669226,0.07911471739145226,0.10603641048616624,0.5859840705056883,25,20,20
48,1597,0.26000555154353755,0.07911471739115647,0.07489566064034742,0.585984070424958,25,20,20
48,1598,0.26885786292010927,0.07911471739116646,0.06604334925364835,0.5859840704350754,25,20,20
48,1599,0.2688578629201548,0.07911471739117083,0.06604567076332742,0.5859817489253465,25,20,20
48,1600,0.2688578629175795,0.0791147173775324,0.0704370882458531,0.5815903314590344,25,20,20
48,1601,0.26931565218159087,0.07911471718623711,0.06997927830973691,0.5815903523224348,25,20,20
48,1602,0.2693156523294663,0.07911471718624133,0.06998582145619209,0.5815838090281,25,20,20
48,1603,0.2693156521815453,0.07911471718624125,0.07007134048615651,0.5814982901460567,25,20,20
48,1604,0.2693156521815462,0.07911471718648576,0.07007606012067046,0.5814935705112974,25,20,20
48,1605,0.2693156521815461,0.07911471718624118,0.0700713390696225,0.5814982915625899,25,20,20
48,1606,0.269315652181546,0.07911471718624538,0.07007782441967274,0.5814918062125355,25,20,20
48,1607,0.2672324727618908,0.07911445669082341,0.07216126598486677,0.5814918045624184,25,20,20
48,1608,0.2729677997635891,0.07911445230629609,0.06649287703274333,0.581424870897371,25,20,20
48,1609,0.2729677999111916,0.07911445232044716,0.06657916727578882,0.5813385804925721,25,20,20
48,1610,0.2727715510842496,0.0791144523204486,0.06677541610260124,0.5813385804927002,25,20,20
48,1611,0.2730024356341452,0.07911445231392941,0.06654462906241648,0.5813384829895084,25,20,20
48,1612,0.2731627964157876,0.0791144523140087,0.06638426828107985,0.5813384829891234,25,20,20
48,1613,0.2731627964157876,0.0791144523140087,0.06638418920325517,0.5813385620669481,25,20,20
48,1614,0.2731627964157876,0.0791144523140087,0.06638427027860383,0.5813384809915996,25,20,20
48,1615,0.2504465753007552,0.07911446080464794,0.08909609801727719,0.5813428658773195,25,20,20
48,1616,0.25702407699271057,0.07911445251926702,0.08252299121047663,0.5813384792775458,25,20,20
48,1617,0.25678765762661887,0.07911445234258963,0.08275943496979743,0.581338455060994,25,20,20
48,1618,0.2567876576956879,0.07911445234258963,0.10408520807389697,0.5600126818878254,25,20,20
48,1619,0.25678765769568795,0.07911445234258978,0.10408748773998504,0.560010402221737,25,20,20
48,1620,0.2567876576956864,0.07911445234258549,0.10408516611119373,0.5600127238505341,25,20,20
48,1621,0.2629322741397689,0.07911445226562049,0.09794057064712224,0.5600127029474881,25,20,20
48,1622,0.2558735915373026,0.07911445205313333,0.1049992534970371,0.560012702912527,25,20,20
48,1623,0.2557287537058538,0.07911445205321392,0.10514409134320646,0.5600127028977259,25,20,20
48,1624,0.25572875370585374,0.07911445205297093,0.10487773883637196,0.5602790554048034,25,20,20
48,1625,0.2557287537162319,0.07911445206666572,0.10488522491343819,0.5602715693036642,25,20,20
48,1626,0.24847740018656922,0.07912790817162035,0.1121231219853569,0.5602715696564534,25,20,20
48,1627,0.24847740017619024,0.07912790815768098,0.11211088146251051,0.5602838102036182,25,20,20
48,1628,0.2484774001761447,0.0791279081576809,0.11220077310819514,0.5601939185579792,25,20,20
48,1629,0.2484774001761447,0.0791279081576809,0.11220737588422677,0.5601873157819475,25,20,20
48,1630,0.2484774001761447,0.0791279081576809,0.11220737529854079,0.5601873163676335,25,20,20
48,1631,0.24847196681036465,0.07912782388875307,0.11264818288998367,0.5597520264108983,25,20,20
48,1632,0.24847196681036465,0.07912782388875307,0.11264810042729889,0.5597521088735828,25,20,20
48,1633,0.24847196681036413,0.07912782388859388,0.09868292916134125,0.5737172801397004,25,20,20
48,1634,0.24847196681031858,0.07912782388834931,0.09867622407938727,0.5737239852219446,25,20,20
48,1635,0.2484719668103186,0.07912782388834931,0.0986763056315925,0.5737239036697391,25,20,20
48,1636,0.24847196679817832,0.07998087054468517,0.09782325929758556,0.5737239033595505,25,20,20
48,1637,0.24847196679817837,0.07998087054468518,0.0977311623359628,0.5738160003211731,25,20,20
48,1638,0.24847196679817837,0.07998087054468518,0.09773127683460556,0.5738158858225303,25,20,20
48,1639,0.24847196679817837,0.07998087054468518,0.09773116094853647,0.5738160017085994,25,20,20
48,1640,0.24922207397305943,0.08005878827281578,0.09689032998502407,0.5738288077691001,25,20,20
48,1641,0.24922207397305945,0.08005878827281579,0.09688372863153541,0.5738354091225887,25,20,20
48,1642,0.24922207397306262,0.0800587882730603,0.09688808252213468,0.5738310552317417,25,20,20
48,1643,0.24922207397306262,0.0800587882730603,0.09688338162135919,0.5738357561325172,25,20,20
48,1644,0.24922207397306584,0.08005878827306467,0.0968899855617102,0.5738291521921586,25,20,20
48,1645,0.24922207398344354,0.08005878827306467,0.09688818919934944,0.5738309485441416,25,20,20
48,1646,0.24922207383584113,0.0800587882589094,0.09679540940860322,0.5739237284966454,25,20,20
48,1647,0.24922207383584197,0.0800587882589095,0.09679555392372477,0.573923583981523,25,20,20
48,1648,0.24922207383584197,0.0800587882589095,0.09679547484590012,0.5739236630593476,25,20,20
48,1649,0.24922207383584194,0.08005878825890957,0.0968020769083146,0.5739170609969331,25,20,20
48,1650,0.24922207383584194,0.08005878825890957,0.0968020778582751,0.5739170600469725,25,20,20
48,1651,0.2779719775978873,0.07998087058189306,0.06814185773149582,0.5739052940887235,25,20,20
48,1652,0.2779719775978873,0.07998087058188878,0.06804979410514618,0.5739973577150774,25,20,20
48,1653,0.28541955923821605,0.07996741447693316,0.060615668922692795,0.5739973573621576,25,20,20
48,1654,0.27291588264281125,0.07996741519846816,0.07290278162011753,0.5742139205386024,25,20,20
48,1655,0.26677184332760523,0.07996741520107291,0.0790468209326291,0.574213920538692,25,20,20
48,1656,0.2274315418599996,0.07996762855907152,0.11838590964049316,0.5742149199404346,25,20,20
48,1657,0.22743154186018052,0.07996762855907572,0.11865213346515764,0.5739486961155851,25,20,20
48,1658,0.22743154186018047,0.07996762855907572,0.11865209151029246,0.5739487380704503,25,20,20
48,1659,0.22743154186018127,0.07996762855931987,0.1187410982301551,0.5738597313503427,25,20,20
48,1660,0.2274315418601813,0.07996762855932409,0.11873468999220432,0.5738661395882891,25,20,20
48,1661,0.23761898578428553,0.07996762849219292,0.10854828623750185,0.5738650994860186,25,20,20
48,1662,0.237618985798132,0.05115765551802743,0.1373582591962672,0.5738650994875725,25,20,20
48,1663,0.19798499853019677,0.05115765551824181,0.1769922464602482,0.5738650994913125,25,20,20
48,1664,0.22115071122433133,0.051157675701368026,0.15382651017635823,0.573865102897942,25,20,20
48,1665,0.22115071122433125,0.051157675701368026,0.15382651018829283,0.5738651028860074,25,20,20
48,1666,0.22115071122432842,0.051157675701151824,0.1491677573873964,0.5785238556871231,25,20,20
48,1667,0.22115071122432847,0.05115767570115617,0.14943409065409288,0.5782575224204222,25,20,20
48,1668,0.22115071122432764,0.05115767570091201,0.14934485593757646,0.5783467571371836,25,20,20
48,1669,0.22115071122433083,0.05115767570091638,0.1493449983069165,0.578346614767836,25,20,20
48,1670,0.22115071122433147,0.05115767570091647,0.14920819297092752,0.5784834201038244,25,20,20
48,1671,0.22115071121395055,0.05115767570067179,0.14946968896211224,0.5782219241232651,25,20,20
48,1672,0.2173640211855151,0.051157674092803716,0.15270060140306868,0.578777703318612,25,20,20
48,1673,0.21736402118551504,0.05115767409280363,0.15270522180844875,0.5787730829132317,25,20,20
48,1674,0.2177202464923371,0.051158892072018604,0.15234877582388376,0.5787720856117593,25,20,20
48,1675,0.21772024649254093,0.049440149649867475,0.15406751824592693,0.5787720856116634,25,20,20
48,1676,0.21772024649254088,0.04944014964986318,0.15406743545909563,0.578772168398499,25,20,20
48,1677,0.217720246492723,0.04944014965010776,0.1540750533236452,0.5787645505335227,25,20,20
48,1678,0.21772024649254088,0.049440149649863256,0.1540674779778318,0.5787721258797627,25,20,20
48,1679,0.2177202464925417,0.049440149649863256,0.1540675114772593,0.5787720923803343,25,20,20
48,1680,0.21772024642347587,0.04944014964986326,0.13283401509806614,0.6000055888285933,25,20,20
48,1681,0.21772024643383478,0.0494401496637799,0.1329237236355724,0.5999158802668116,25,20,20
48,1682,0.21772024643401605,0.04944014966378413,0.13292828633763626,0.5999113175645623,25,20,20
48,1683,0.21760363669890967,0.04944014966352395,0.13304489607668088,0.5999113175608847,25,20,20
48,1684,0.21675586432611532,0.04943871834429176,0.13389410186834974,0.5999113154612428,25,20,20
48,1685,0.2167382808725286,0.049438718340119175,0.09400906143685321,0.6398139393504976,25,20,20
48,1686,0.21673828087252858,0.04943871834011489,0.09400894667132018,0.6398140541160351,25,20,20
48,1687,0.21673828087239197,0.0494387183401149,0.0940065497776426,0.6398164510098492,25,20,20
48,1688,0.2167382813804154,0.04943871834032065,0.09966757310802324,0.6341554271712394,25,20,20
48,1689,0.21673828138023385,0.0494387183403163,0.09953803906082798,0.6342849612186205,25,20,20
48,1690,0.21673828138023385,0.0494387183403163,0.0995334507148608,0.6342895495645877,25,20,20
48,1691,0.216738281380416,0.04943871834032489,0.09953570451684778,0.63428729576241,25,20,20
48,1692,0.21673828138037046,0.0494387183403206,0.09953339558067588,0.6342896046986318,25,20,20
48,1693,0.21673828139331722,0.04943871834056899,0.09936266372278926,0.6344603365433232,25,20,20
48,1694,0.2167382813933173,0.04943871834056899,0.09936270110263955,0.634460299163473,25,20,20
48,1695,0.2167382813933173,0.049438718340568996,0.0993627821535765,0.6344602181125361,25,20,20
48,1696,0.18928333433634015,0.04943871806467297,0.12663540451935634,0.63464254307963,25,20,20
48,1697,0.18959594771005198,0.04943871815082676,0.12632279064158358,0.6346425434975373,25,20,20
48,1698,0.1895959477098699,0.04943871815081818,0.1263220452533985,0.6346432888859131,25,20,20
48,1699,0.1934114788573591,0.04943869958278037,0.12306231527509803,0.6340875062847621,25,20,20
48,1700,0.1934114788573559,0.04943869958277608,0.12305582461347621,0.6340939969463915,25,20,20
48,1701,0.1934114788573559,0.04943869958277608,0.1230560537972306,0.634093767762637,25,20,20
48,1702,0.19341147884457008,0.04943869958274381,0.12761963185478337,0.6295301897179023,25,20,20
48,1703,0.23308594396989968,0.04943869958587047,0.08794514223776606,0.6295302142064629,25,20,20
48,1704,0.23308594396989968,0.04943869958587054,0.0879451018485457,0.6295302545956833,25,20,20
48,1705,0.23308594396989973,0.04943869958611354,0.0882113392172746,0.6292640172267114,25,20,20
48,1706,0.2330859439698997,0.049438699586113535,0.08821600038843284,0.6292593560555533,25,20,20
48,1707,0.2330859439698997,0.049438699586113535,0.08821577109394343,0.6292595853500426,25,20,20
48,1708,0.2330859439699209,0.04943869958590599,0.08356319996142077,0.6339121564827517,25,20,20
48,1709,0.23308594396992166,0.04943869958566299,0.08330141200885388,0.6341739444355607,25,20,20
48,1710,0.23308591031771175,0.04943869957198869,0.08329637610537398,0.6341790140049249,25,20,20
48,1711,0.2720737433857592,0.04943869912039982,0.04470743166385282,0.6337801258299879,25,20,20
48,1712,0.2720737433857592,0.049438699120399825,0.04470583922936162,0.6337817182644792,25,20,20
48,1713,0.2720737433855517,0.05118852273277259,0.042956015617100454,0.6337817182645751,25,20,20
48,1714,0.27207374390795996,0.05118852273276779,0.04762636219176697,0.629111371167505,25,20,20
48,1715,0.27188254320318106,0.051188522734382035,0.04781756247111197,0.6291113715913247,25,20,20
48,1716,0.27188254269515677,0.05118852274426064,0.05321484290617265,0.6237140916544098,25,20,20
48,1717,0.27205477897111363,0.051188522919063395,0.0530426309363355,0.6237140671734873,25,20,20
48,1718,0.2720547789711113,0.05118852290897466,0.0419841834141279,0.6347725147057859,25,20,20
48,1719,0.272054778448521,0.05118852290897087,0.037307311088756484,0.6394493875537515,25,20,20
48,1720,0.2721249527694945,0.05118852290741141,0.03723713719316243,0.6394493871299315,25,20,20
48,1721,0.27212495276949444,0.05118852290740707,0.03697080451215191,0.6397157198109462,25,20,20
48,1722,0.27212495276949444,0.05118852290740707,0.03687852298990907,0.639808001333189,25,20,20
48,1723,0.2721249527694944,0.05118852290740707,0.03687857362667852,0.6398079506964196,25,20,20
48,1724,0.2721249527694944,0.05118852290740707,0.036878654677615495,0.6398078696454828,25,20,20
48,1725,0.27172435993967214,0.05118852786055226,0.03727785034409293,0.6398092618556825,25,20,20
48,1726,0.27172435993967214,0.05118852786055655,0.037282553895323124,0.6398045583044479,25,20,20
48,1727,0.27128327516548884,0.05118881472896639,0.03772196012833797,0.6398059499772066,25,20,20
48,1728,0.27128327516548806,0.05118881472896639,0.037717435535409446,0.6398104745701361,25,20,20
48,1729,0.2345095987211229,0.05118883722779983,0.07449108576049032,0.6398104782905866,25,20,20
48,1730,0.2345095987211229,0.05118883722779983,0.07449108659665042,0.6398104774544265,25,20,20
48,1731,0.271353921704831,0.051188814640155254,0.037646789503809515,0.6398104741512042,25,20,20
48,1732,0.27135392170741807,0.05118881464015969,0.037778679132613506,0.6396785845198087,25,20,20
48,1733,0.2713539217074156,0.051188814640164046,0.03778019505867917,0.6396770685937411,25,20,20
48,1734,0.2713539217074156,0.05118881464016834,0.03778485923425636,0.6396724044181595,25,20,20
48,1735,0.25509403238646333,0.051188826761712256,0.0540446218691402,0.639672518982684,25,20,20
48,1736,0.2553669710889031,0.05118882679241168,0.053773051584498015,0.639671150534187,25,20,20
48,1737,0.2553669710889031,0.051188826792407396,0.053768349445036154,0.6396758526736532,25,20,20
48,1738,0.2553669710889031,0.051188826792407396,0.05376834944500082,0.6396758526736884,25,20,20
48,1739,0.27145731066316037,0.05118881465843094,0.037678136570293785,0.6396757381081146,25,20,20
48,1740,0.2714573106629787,0.05118881465819117,0.03759243804686733,0.6397614366319628,25,20,20
48,1741,0.2698703147085566,0.05118955769468675,0.03917999198780268,0.6397601356089541,25,20,20
48,1742,0.2698703147085559,0.05118955769468676,0.03917993150795329,0.6397601960888042,25,20,20
48,1743,0.26987031470857104,0.05118221711885125,0.039187272083867734,0.63976019608871,25,20,20
48,1744,0.25297369105733564,0.05118222883214684,0.0560838830417616,0.6397601970687558,25,20,20
48,1745,0.25297369105733636,0.05118222883214692,0.0560839829374955,0.6397600971730211,25,20,20
48,1746,0.21659347035769727,0.05118222464886751,0.09245751540931382,0.639766789584121,25,20,20
48,1747,0.21612308204211292,0.051182229026031374,0.09292785898188063,0.6397668299499747,25,20,20
48,1748,0.19448383344349854,0.05118221731289471,0.11456712027363881,0.6397668289699675,25,20,20
48,1749,0.19107091692877554,0.051183864173342905,0.1179851041086003,0.6397601147892809,25,20,20
48,1750,0.1910709169149325,0.07875505426230985,0.09041391372789803,0.6397601150948593,25,20,20
48,1751,0.19059659549298558,0.07875552936762727,0.09088779934590528,0.6397600757934816,25,20,20
48,1752,0.1868273708188496,0.07875552927855024,0.09465700260682625,0.6397600972957738,25,20,20
48,1753,0.1868273708188496,0.07875552927854587,0.09465553158666591,0.6397615683159384,25,20,20
48,1754,0.18682737234717792,0.039143955554558116,0.1342665459635822,0.6397621261346818,25,20,20
48,1755,0.1870877461200515,0.039142851330518875,0.13400723336986753,0.6397621691795622,25,20,20
48,1756,0.18708774612005236,0.03914285133051903,0.13400951105191072,0.6397598914975179,25,20,20
48,1757,0.18708774612005238,0.039142851330519104,0.13413904066827737,0.6396303618811512,25,20,20
48,1758,0.18708774611764756,0.03914285133051904,0.13400886351693098,0.6397605390349025,25,20,20
48,1759,0.18611695819221907,0.039143671542387445,0.13475593154825005,0.6399834387171436,25,20,20
48,1760,0.18611695819221907,0.03914367154238752,0.13475593213171433,0.6399834381336791,25,20,20
48,1761,0.18611695878189785,0.039143671542870816,0.13488421031116452,0.6398551593640669,25,20,20
48,1762,0.18611695735346978,0.03876354176758637,0.13517013608197687,0.6399493647969671,25,20,20
48,1763,0.19333019464264162,0.03876306228241718,0.12795737934267445,0.6399493637322664,25,20,20
48,1764,0.19333019464264167,0.03876306228241711,0.12782955932350873,0.6400771837514321,25,20,20
48,1765,0.19333019464268722,0.03876306228266593,0.12783125412767937,0.6400754889469671,25,20,20
48,1766,0.19333019464268722,0.038763062282661645,0.1278266594836763,0.6400800835909746,25,20,20
48,1767,0.19532322928600146,0.038762032377871423,0.12583474536400457,0.6400799929721225,25,20,20
48,1768,0.19532322927568796,0.038762032363954854,0.1259039509462406,0.6400107874141167,25,20,20
48,1769,0.19532322927569115,0.03876203236395493,0.1259039544007046,0.6400107839596493,25,20,20
48,1770,0.19532322927587323,0.03876203236395508,0.1259086709933165,0.6400060673668552,25,20,20
48,1771,0.19532322927587237,0.03876203236395501,0.1259129961176278,0.6400017422425448,25,20,20
48,1772,0.19532306811861613,0.038762032364011934,0.12591315727429855,0.6400017422430733,25,20,20
48,1773,0.19532306811861694,0.038762032364011934,0.12591319361455328,0.6400017059028176,25,20,20
48,1774,0.1921091071308202,0.03876203243751951,0.12912603772984188,0.6400028227018182,25,20,20
48,1775,0.15422918837274616,0.03876203245728973,0.16700579820705796,0.6400029809629041,25,20,20
48,1776,0.15422918837274613,0.038762032457289736,0.1670059126773804,0.6400028664925819,25,20,20
48,1777,0.15422918837260952,0.038762032471228884,0.16701343512223032,0.6399953440339293,25,20,20
48,1778,0.154229188372564,0.03876203245728958,0.1670012280611405,0.640007551109004,25,20,20
48,1779,0.15422918837256483,0.038762032457534096,0.16700323129640413,0.6400055478734952,25,20,20
48,1780,0.1542291883734284,0.0399474437765546,0.16581782028355657,0.6400055475664587,25,20,20
48,1781,0.15422918837342758,0.03994744377655888,0.16594718771540595,0.639876180134606,25,20,20
48,1782,0.1376171560198606,0.039947444200876266,0.1825592186457207,0.6398761811335412,25,20,20
48,1783,0.137617156019863,0.039947444200880484,0.18256566918801656,0.6398697305912386,25,20,20
48,1784,0.137617156019863,0.039947444200880484,0.18256551534023277,0.6398698844390226,25,20,20
48,1785,0.14083334981343137,0.03994664729783219,0.1795665785345354,0.6396534243542006,25,20,20
48,1786,0.1044319679313535,0.03994667290839768,0.21596781477086627,0.6396535443893826,25,20,20
48,1787,0.1044319679313535,0.0399466729083976,0.21596781338722418,0.6396535457730247,25,20,20
48,1788,0.10443196793049041,0.03998877833489119,0.21592570795613214,0.6396535457784863,25,20,20
48,1789,0.10443196793303197,0.03998877833488619,0.21605389035420688,0.6395253633778749,25,20,20
48,1790,0.13450131911509505,0.03998875510152824,0.1859898508159419,0.6395200749674345,25,20,20
48,1791,0.1345013191150497,0.03998875510152824,0.1858308532596258,0.6396790725237959,25,20,20
48,1792,0.1345013191124626,0.03998875510128433,0.18570089500250056,0.6398090307837521,25,20,20
48,1793,0.13450131852260486,0.03998875510080104,0.1855775488782583,0.6399323774983353,25,20,20
48,1794,0.13450131852260486,0.03998875510080104,0.185577434909121,0.6399324914674727,25,20,20
48,1795,0.1345013185226049,0.03998875510104396,0.18584375638296483,0.6396661699933859,25,20,20
48,1796,0.13450131852264915,0.039988755100799446,0.18621017082773847,0.6392997555488126,25,20,20
48,1797,0.13450131852264918,0.039988755100799446,0.18621017225853898,0.6392997541180121,25,20,20
48,1798,0.13450131852264596,0.03998875510079938,0.18620823129305722,0.6393016950834971,25,20,20
48,1799,0.10165327357989139,0.03998875553579004,0.21905741448522953,0.6393005563990881,25,20,20
48,1800,0.10165327357989128,0.03998875553579004,0.21905581991289513,0.6393021509714224,25,20,20
48,1801,0.1016532735799297,0.039988755535996436,0.22530565384629164,0.6330523170377813,25,20,20
48,1802,0.10128925770184143,0.03998873032618924,0.22532233786733954,0.6333996741046296,25,20,20
48,1803,0.10128925770184463,0.039988730325946256,0.2250576963919192,0.6336643155802897,25,20,20
48,1804,0.10128925770202617,0.039988730339844666,0.22505779798752443,0.6336642139706045,25,20,20
48,1805,0.10128925770202298,0.03998873033984482,0.2250583666221983,0.6336636453359336,25,20,20
48,1806,0.1012892577022039,0.039988730353690896,0.22532111192679913,0.6334009000173056,25,20,20
48,1807,0.10128925770220311,0.03998873035369097,0.2253210775898911,0.6334009343542144,25,20,20
48,1808,0.1012892577021647,0.03998873035348457,0.21907135959402255,0.6396506523503276,25,20,20
48,1809,0.10128925770216467,0.03998873035348449,0.21906483588465217,0.639657176059698,25,20,20
48,1810,0.10042269008307114,0.039988730144085695,0.21975103377088614,0.6398375460019567,25,20,20
48,1811,0.1004227237192313,0.03998873095052827,0.21985767533699863,0.6397308699932416,25,20,20
48,1812,0.10042269008306795,0.03998873014408133,0.21974442783292772,0.6398441519399227,25,20,20
48,1813,0.10042269008306792,0.039988730144081254,0.21974442583164833,0.6398441539412022,25,20,20
48,1814,0.10042269008307113,0.03998873014408118,0.21974385722005668,0.6398447225527907,25,20,20
48,1815,0.09738596958064534,0.03998872975220932,0.22312791913481253,0.6394973815323324,25,20,20
48,1816,0.09705690519615398,0.05380928919519273,0.2096161817323172,0.6395176238763366,25,20,20
48,1817,0.09678805391504472,0.05380929424966901,0.20988500384617845,0.6395176479891078,25,20,20
48,1818,0.09678805391504473,0.053809294249673296,0.20988512000310805,0.639517531832174,25,20,20
48,1819,0.09678805391504156,0.05380929424967338,0.20989164097656057,0.6395110108587247,25,20,20
48,1820,0.13632614908238344,0.05380929425003908,0.170353681461269,0.6395108752063084,25,20,20
48,1821,0.13632614908238344,0.05380929425003908,0.17035368018463376,0.6395108764829438,25,20,20
48,1822,0.13632614908256557,0.05380929425004337,0.17036031759387257,0.6395042390735184,25,20,20
48,1823,0.13261303568316107,0.05380928919842977,0.1740734382985119,0.6395042368198971,25,20,20
48,1824,0.13261303568316107,0.05380928919842977,0.17407344326490848,0.6395042318535006,25,20,20
48,1825,0.13261303569329178,0.05380928919842556,0.17433400531381704,0.6392436697944656,25,20,20
48,1826,0.13261303569328797,0.05380983423977063,0.17433346027793725,0.6392436697890042,25,20,20
48,1827,0.13624152648051882,0.05380993929166983,0.17079961010394712,0.6391489241238641,25,20,20
48,1828,0.1362415264804737,0.05380993929166975,0.17042649258848958,0.6395220416393669,25,20,20
48,1829,0.13624156822159786,0.06449588076908921,0.1597607861079376,0.6395017649013751,25,20,20
48,1830,0.13624156822177855,0.06449588076908921,0.16007647247146026,0.6391860785376714,25,20,20
48,1831,0.13624156822159786,0.0644958807690893,0.15976082088446042,0.6395017301248525,25,20,20
48,1832,0.13624156821128583,0.06449588076933382,0.15949845490654369,0.6397640961128367,25,20,20
48,1833,0.14279877181552228,0.06449588069379633,0.1529424025498459,0.6397629449408355,25,20,20
48,1834,0.1427987718155223,0.06449588069380059,0.15320861994660753,0.6394967275440696,25,20,20
48,1835,0.14279877181552228,0.0644958806937963,0.15320842271206458,0.6394969247786169,25,20,20
48,1836,0.14279877181552297,0.06449588069380016,0.15786729378885478,0.634838053701822,25,20,20
48,1837,0.14279877181552292,0.06450606835307643,0.15785710612957848,0.6348380537018221,25,20,20
48,1838,0.142798771815523,0.06450606835331942,0.1581234580545496,0.6345717017766079,25,20,20
48,1839,0.14197055425021943,0.06450606870216033,0.15894663039886775,0.6345767466487526,25,20,20
48,1840,0.14197055425040112,0.06450606870240011,0.15903278632414733,0.6344905907230516,25,20,20
48,1841,0.14086084309490407,0.06450606868230652,0.16014265576020673,0.6344904324625827,25,20,20
48,1842,0.14472290348303918,0.06450606867944171,0.15628061723447814,0.6344904106030416,25,20,20
48,1843,0.1450923481737916,0.06450606869468722,0.15591612180306064,0.6344854613284613,25,20,20
48,1844,0.1450923481737916,0.06450606869468722,0.1559160073538492,0.6344855757776727,25,20,20
48,1845,0.14509234817379368,0.06450606869484213,0.16961969152493483,0.6207818916064294,25,20,20
48,1846,0.1450923481737937,0.0645060686948422,0.16961966012524324,0.6207819230061212,25,20,20
48,1847,0.14509224964119974,0.07996734967817437,0.15415848874335017,0.6207819119372765,25,20,20
48,1848,0.14500615870172356,0.07996737823354672,0.1542445511266085,0.6207819119381217,25,20,20
48,1849,0.14500615870172287,0.07996737823354293,0.1495857631036693,0.6254406999610653,25,20,20
48,1850,0.1450061587017208,0.07996737823338369,0.13561578621216042,0.6394106768527356,25,20,20
48,1851,0.14539889254782706,0.07996737822407725,0.13522305280464697,0.6394106764234487,25,20,20
48,1852,0.14539889254783028,0.07996737822432183,0.13523163426967227,0.639402094958176,25,20,20
48,1853,0.14539889254783112,0.0799673782245665,0.1352364677808526,0.6393972614467499,25,20,20
48,1854,0.14539889254782787,0.07996737822456643,0.13523475673645463,0.6393989724911512,25,20,20
48,1855,0.1452679567990738,0.07996737822464771,0.13536566828599564,0.6393989966902831,25,20,20
48,1856,0.1452679567990746,0.07996737822464771,0.1357387046473426,0.6390259603289352,25,20,20
48,1857,0.14526795679907145,0.07996737822440314,0.13573174613765807,0.6390329188388675,25,20,20
48,1858,0.14887087161702214,0.07996738149577004,0.13225699452500822,0.6389047523621995,25,20,20
48,1859,0.14885600210726324,0.07996738149577927,0.13227186389112636,0.6389047525058307,25,20,20
48,1860,0.14885600210708233,0.0799673814819289,0.13200441643111,0.6391721999798784,25,20,20
48,1861,0.1488560021070823,0.07996738148168431,0.13200186120383223,0.6391747552074005,25,20,20
48,1862,0.14885600210708605,0.07996717489757751,0.13200206778238094,0.639174755212955,25,20,20
48,1863,0.14886261935652667,0.07996717490064614,0.13199547430451727,0.6391747314383093,25,20,20
48,1864,0.14886261935652667,0.07996717490064623,0.13200207931723013,0.6391681264255963,25,20,20
48,1865,0.1489754781165089,0.0799671745489649,0.1318893164904531,0.6391680308440726,25,20,20
48,1866,0.14897547811650896,0.07996717456072988,0.13813230519858435,0.6329250421241762,25,20,20
48,1867,0.14897577530756556,0.07996717406094475,0.13813200846616835,0.6329250421653204,25,20,20
48,1868,0.1489757753179451,0.0799671740609449,0.13814209319968074,0.6329149574214283,25,20,20
48,1869,0.14897577531794506,0.0799671740609449,0.13814058672317547,0.6329164638979333,25,20,20
48,1870,0.14897577531776338,0.07996717406070514,0.13804944774923447,0.6330076028722958,25,20,20
48,1871,0.1489757753177626,0.07996717406070507,0.13767640941968087,0.6333806412018501,25,20,20
48,1872,0.1489757753179447,0.07996717406071366,0.13768301567488125,0.6333740349464592,25,20,20
48,1873,0.1489757753283028,0.07996717406095778,0.1377757166672641,0.6332813339434741,25,20,20
48,1874,0.14897577532834835,0.07996717406096215,0.13777587540740213,0.6332811752032861,25,20,20
48,1875,0.14897577532834838,0.07996717406096215,0.13777579892383687,0.6332812516868512,25,20,20
48,1876,0.14897577532834844,0.079967174060962,0.13776927594693344,0.633287774663755,25,20,20
48,1877,0.10947095828679976,0.07996717406335253,0.17727409287529083,0.6332877747745554,25,20,20
48,1878,0.10934346638791606,0.07996717406181374,0.1774015851853598,0.6332877743649092,25,20,20
48,1879,0.10934346697950362,0.07996717406180952,0.17741158814983435,0.6332777708088514,25,20,20
48,1880,0.10934346697950355,0.07996717406156653,0.17714535010874147,0.6335440088501871,25,20,20
48,1881,0.1093434669795067,0.07996717406181103,0.17715197207247413,0.6335373868862068,25,20,20
48,1882,0.10934296147256234,0.07996717406201702,0.17715224807439042,0.6335376163910289,25,20,20
48,1883,0.10934296147238078,0.07996717404811432,0.17702262708546523,0.6336672373940383,25,20,20
48,1884,0.10934296147238079,0.07996717404811442,0.1770226567998957,0.6336672076796079,25,20,20
48,1885,0.1093429614723776,0.07996717404786984,0.17701606619234794,0.6336737982874034,25,20,20
48,1886,0.11650447490633015,0.07996717056153833,0.16990561071901744,0.6336227438131129,25,20,20
48,1887,0.11650447490651226,0.0799671705615427,0.16990569293165741,0.6336226616002866,25,20,20
48,1888,0.11650447490651228,0.07999781051196049,0.16987505298679412,0.6336226615947321,25,20,20
48,1889,0.11287598410228043,0.07999770546217286,0.17350197121433963,0.6336243392212068,25,20,20
48,1890,0.1128776797097068,0.07999772533885599,0.17350025176467024,0.6336243431867667,25,20,20
48,1891,0.11287767970970682,0.07999772533885599,0.17350253843187724,0.6336220565195597,25,20,20
48,1892,0.11287767970970762,0.07999772533909404,0.17387403744299249,0.6332505575082056,25,20,20
48,1893,0.11287819057654906,0.07999772535391349,0.17387329304663243,0.633250791022904,25,20,20
48,1894,0.11287819057652762,0.07999772535415747,0.17395587394443485,0.6331682101248791,25,20,20
48,1895,0.11287819057652847,0.07999772535416176,0.173956068617579,0.6331680154517298,25,20,20
48,1896,0.112878190576574,0.07999772535416605,0.17395623818048872,0.6331678458887702,25,20,20
48,1897,0.07366390835812735,0.07999773479449877,0.21309740468220223,0.6332409521651708,25,20,20
48,1898,0.07366390834776924,0.07999773479425464,0.21300462330528347,0.6333337335526921,25,20,20
48,1899,0.07366390834777001,0.0799977347942547,0.2133753334383074,0.632963023419667,25,20,20
48,1900,0.07366390834636652,0.07999774092467231,0.21337532677892498,0.6329630239500353,25,20,20
48,1901,0.0736639077547334,0.07999774092467216,0.2133652055678307,0.632973145752763,25,20,20
48,1902,0.07366390774437537,0.07999774092442809,0.21327404714919623,0.6330643041819995,25,20,20
48,1903,0.06795690768091563,0.07999774100017974,0.21898104714516373,0.6330643041737398,25,20,20
48,1904,0.10794718795788169,0.07999774098535294,0.17899100054198044,0.6330640705147846,25,20,20
48,1905,0.10794718795783695,0.07999774098559316,0.17899750629712724,0.6330575647594422,25,20,20
48,1906,0.10794718795867811,0.0787484572411659,0.18024678973366984,0.6330575650664857,25,20,20
48,1907,0.1079466835658349,0.07874849780566469,0.18023645214173112,0.6330683664867678,25,20,20
48,1908,0.10464202850371848,0.07874850170872519,0.18354106602961637,0.6330684037579385,25,20,20
48,1909,0.1046420285037186,0.07874850170872526,0.1835410681691501,0.6330684016184045,25,20,20
48,1910,0.07145927385195035,0.07874850172607215,0.2167172182414665,0.6330750061805097,25,20,20
48,1911,0.07145927379178513,0.0787488436267914,0.21671857163338898,0.6330733109480332,25,20,20
48,1912,0.07145927379178438,0.07874884363831186,0.2229614623193779,0.6268304202505252,25,20,20
48,1913,0.07145927379178428,0.07874884363831178,0.22296137775168948,0.6268305048182137,25,20,20
48,1914,0.07145927379196636,0.0787488436265511,0.2167119535555215,0.6330799290259601,25,20,20
48,1915,0.07335854872010406,0.0787488226504766,0.21481257274957874,0.6330800558798403,25,20,20
48,1916,0.07335854872010322,0.07874882265047246,0.2151854791892583,0.6327071494401656,25,20,20
48,1917,0.0733585487304492,0.07874882265254186,0.20924920979597933,0.6386434188210292,25,20,20
48,1918,0.07335854873044834,0.07874882265229718,0.2092443769615404,0.6386482516557139,25,20,20
48,1919,0.07335854873044828,0.07874882265229718,0.2092442964673201,0.6386483321499343,25,20,20
48,1920,0.07335854873045063,0.078748822652055,0.2090006964117617,0.6388919322057326,25,20,20
48,1921,0.07335854873044745,0.07874882265205485,0.20887777877107847,0.6390148498464191,25,20,20
48,1922,0.07335854874163857,0.07874882266407882,0.21401129819792428,0.6338813303963586,25,20,20
48,1923,0.07335854874163776,0.07874882266407889,0.21400910098233591,0.6338835276119478,25,20,20
48,1924,0.07335854874145643,0.07874882266407451,0.21401120972819318,0.6338814188662761,25,20,20
48,1925,0.0733585487311104,0.07874882265024015,0.21370448815744236,0.6341881404612074,25,20,20
48,1926,0.07335854873111035,0.07874882265024015,0.21370444819429493,0.6341881804243548,25,20,20
48,1927,0.07335854873110953,0.07874882265024015,0.21370216652869567,0.6341904620899548,25,20,20
48,1928,0.07335854873092823,0.07874882265023585,0.2137021648087905,0.6341904638100457,25,20,20
48,1929,0.07335854873009803,0.0787600423163147,0.213690945450587,0.6341904635030007,25,20,20
48,1930,0.07335854879021482,0.0787600496384798,0.21369090884677328,0.6341904927245317,25,20,20
48,1931,0.07335854879021801,0.07876004963872439,0.21369574573062594,0.6341856558404312,25,20,20
48,1932,0.07147608555900835,0.07876002371251403,0.21557822479923772,0.6341856659292399,25,20,20
48,1933,0.07147608555919213,0.07876002371251418,0.21558050822388952,0.6341833825044041,25,20,20
48,1934,0.07147707742368767,0.0787596686528679,0.2155736571099104,0.6341895968135339,25,20,20
48,1935,0.0714770774236901,0.07875966865287641,0.21520291319031284,0.6345603407331205,25,20,20
48,1936,0.07147707742369329,0.07875966865287633,0.21520299395513023,0.6345602599683,25,20,20
48,1937,0.0714770857775389,0.07875966866669358,0.21557146789907283,0.6341917776566942,25,20,20
48,1938,0.07147708577735677,0.07875966866668921,0.21557138363237677,0.634191861923577,25,20,20
48,1939,0.07147708577735355,0.0787596686666807,0.21556909937053917,0.6341941461854264,25,20,20
48,1940,0.07147707742350794,0.07875966865286346,0.21519872247473282,0.6345645314488958,25,20,20
48,1941,0.07147707742349749,0.04001291434418449,0.2539454767771254,0.634564531455192,25,20,20
48,1942,0.07147707742349749,0.04001291434418441,0.2539388734467272,0.6345711347855902,25,20,20
48,1943,0.07147707742349746,0.040012914344188674,0.2542050430215923,0.6343049652107211,25,20,20
48,1944,0.07147707742349746,0.040012914344188674,0.25420492719937876,0.6343050810329346,25,20,20
48,1945,0.09882183192717003,0.040024221395983266,0.22680119948078578,0.6343527471960606,25,20,20
48,1946,0.09882183192717324,0.04002422139598334,0.22680131442874207,0.634352632248101,25,20,20
48,1947,0.09882183192698944,0.04002422139598319,0.22679903300172144,0.6343549136753057,25,20,20
48,1948,0.09882183192698869,0.0400242213959789,0.22679250802117729,0.6343614386558548,25,20,20
48,1949,0.09882183197491447,0.03875393695824708,0.22806279241098637,0.6343614386558518,25,20,20
48,1950,0.09882183196372334,0.03875393694622297,0.22255616928936192,0.6398680618006916,25,20,20
48,1951,0.09882183191585826,0.011241628719631027,0.250068188804045,0.6398683505604652,25,20,20
48,1952,0.1079468802988137,0.01124162491874575,0.2409431810457522,0.6398683137366877,25,20,20
48,1953,0.10794688029881376,0.01124162491874575,0.24094326354770204,0.6398682312347378,25,20,20
48,1954,0.10794688029881376,0.01124162491874575,0.24093856440030081,0.6398729303821391,25,20,20
48,1955,0.10794688029899549,0.011241624918745823,0.24103086502036006,0.6397806297618979,25,20,20
48,1956,0.10794688029899549,0.011241624918745825,0.24103098086700592,0.639780513915252,25,20,20
48,1957,0.10794688029899549,0.011241624918745828,0.24103106193225612,0.6397804328500019,25,20,20
48,1958,0.1079468802989955,0.011241624918745828,0.24103117572979024,0.6397803190524677,25,20,20
48,1959,0.10794688030937644,0.011241624918750191,0.24103586189532947,0.6397756328765434,25,20,20
48,1960,0.10794688030938036,0.011241624918754469,0.2411653170441806,0.6396461777276841,25,20,20
48,1961,0.10794688030938117,0.01124162491899908,0.24116705203700775,0.6396444427346114,25,20,20
48,1962,0.1079468736715288,0.011241584339936996,0.2411781303196387,0.6396334116688948,25,20,20
48,1963,0.10794687367152875,0.011241584339936923,0.2411765877355946,0.6396349542529391,25,20,20
48,1964,0.10793879954400579,0.011241584339934963,0.24118466186312879,0.6396349542529299,25,20,20
48,1965,0.10793879954418792,0.011241584339939253,0.24118931852153772,0.6396302975943347,25,20,20
48,1966,0.10794133565044563,0.011241584322682479,0.24119453701575375,0.6396225430111179,25,20,20
48,1967,0.10727914971633964,0.011241581117877713,0.24192813786703912,0.6395511312987427,25,20,20
48,1968,0.10727914971634045,0.011241581117877788,0.2419282537313948,0.6395510154343863,25,20,20
48,1969,0.10738400959077239,0.011241581391306887,0.24182334428639812,0.6395510647315221,25,20,20
48,1970,0.1073840095907716,0.011241581391306812,0.24182333721384716,0.639551071804074,25,20,20
48,1971,0.10738400959077316,0.011241581391309567,0.24207020166256257,0.6393042073553546,25,20,20
48,1972,0.1073840101802715,0.011241581419089278,0.2422243674417126,0.6391500409589266,25,20,20
48,1973,0.10738401334795909,0.011227644472939413,0.24223830093679638,0.6391500412423035,25,20,20
48,1974,0.10738401334777697,0.011227644472935047,0.24223356250138423,0.6391547796779019,25,20,20
48,1975,0.10824581606626005,0.011227642934541246,0.24136496001682128,0.6391615809823761,25,20,20
48,1976,0.10824581606626324,0.011227642934545612,0.24136724249832156,0.6391592985008685,25,20,20
48,1977,0.10730085764773417,0.011227642934660519,0.2423122009162143,0.639159298501389,25,20,20
48,1978,0.10730085771812492,0.011227642936311838,0.2775750001415426,0.6038964992040186,25,20,20
48,1979,0.10730085771812492,0.011227642936311837,0.27757500130721513,0.603896498038346,25,20,20
48,1980,0.10730085771812016,0.011227642936064491,0.27732338244762794,0.6041481168981854,25,20,20
48,1981,0.10730085771797138,0.011227642946156255,0.2882895280894679,0.5931819712464024,25,20,20
48,1982,0.10730085786543307,0.011227642946160545,0.2881532811543246,0.5933182180340798,25,20,20
48,1983,0.10730085786542908,0.011227642946156267,0.28802389888673824,0.5934476003016746,25,20,20
48,1984,0.10423067079044623,0.011227642948946997,0.2910940425147167,0.5934476437458883,25,20,20
48,1985,0.10423067064298136,0.011227642948938441,0.2909639580660814,0.5935777283419971,25,20,20
48,1986,0.10772979446059615,0.011227643122300113,0.2874648774978632,0.5935776849192388,25,20,20
48,1987,0.10772979387785073,0.011227643103753206,0.30128090069358376,0.5797616623248105,25,20,20
48,1988,0.10772979387785073,0.011227643103753206,0.3012808995279113,0.5797616634904829,25,20,20
48,1989,0.10772979387785073,0.011227643103753206,0.3012809002486952,0.5797616627696991,25,20,20
48,1990,0.10772979387785073,0.011227643103753206,0.30128089824903903,0.5797616647693552,25,20,20
48,1991,0.10772979387785153,0.011227643103996274,0.301547248754089,0.5794953142640614,25,20,20
48,1992,0.10772979387785378,0.011227643104173273,0.312605091056212,0.5684374719617591,25,20,20
48,1993,0.08478381261951258,0.011227643227810849,0.3355510707830473,0.5684374733696286,25,20,20
48,1994,0.08478381261951258,0.011227643227810846,0.3355509902830889,0.5684375538695869,25,20,20
48,1995,0.08392598757387697,0.011227643233475311,0.33641575681710534,0.5684306123755415,25,20,20
48,1996,0.08392598756349605,0.01122764323347102,0.336417560985811,0.5684288082172213,25,20,20
48,1997,0.08392598756349604,0.01122764323347102,0.33641748760327805,0.5684288815997542,25,20,20
48,1998,0.08392598756349524,0.011227643233227952,0.3361511377646941,0.5686952314385819,25,20,20
48,1999,0.08392598281921476,0.011227637104947513,0.3360581008004349,0.5687882792754023,25,20,20
48,2000,0.08392598281916888,0.039575046436382835,0.30771098022881704,0.5687879905156307,25,20,20
48,2001,0.0839259828191689,0.03957504643638291,0.30771560102496226,0.5687833697194854,25,20,20
48,2002,0.0839259828191665,0.03957504643638284,0.30771351721066026,0.5687854535337902,25,20,20
48,2003,0.08392598281913356,0.0395750464265356,0.29665990443703827,0.5798390663172924,25,20,20
48,2004,0.08392598282663938,0.03957504642653862,0.3077349948764918,0.5687639758703302,25,20,20
48,2005,0.08385560747500803,0.03957504643504949,0.30780536786399937,0.5687639782259428,25,20,20
48,2006,0.08385560747500803,0.03957504643504949,0.3078053697505737,0.5687639763393684,25,20,20
48,2007,0.10732557995741308,0.03957504613525651,0.2843353989977886,0.5687639749095416,25,20,20
48,2008,0.10732557995741394,0.03957504613550109,0.28434261959425805,0.5687567543128267,25,20,20
48,2009,0.10816965421797085,0.039575046135116,0.28349854529937796,0.568756754347535,25,20,20
48,2010,0.10816965421797006,0.03957504613487138,0.28349680960546736,0.5687584900416909,25,20,20
48,2011,0.1146722463034811,0.03956373868531049,0.2770594139151661,0.5687046010960422,25,20,20
48,2012,0.11467224630348113,0.039563738685310566,0.27706590224722005,0.5686981127639882,25,20,20
48,2013,0.11469726449925279,0.03956373823237048,0.27704093425536597,0.5686980630130101,25,20,20
48,2014,0.11469726449925359,0.03956373824618364,0.2774151129011685,0.5683238843533934,25,20,20
48,2015,0.11514923267866133,0.03956375134835295,0.2767600450016062,0.5685269709713793,25,20,20
48,2016,0.11514923267866134,0.03956375134835303,0.2767645519001309,0.5685224640728546,25,20,20
48,2017,0.11514923267866212,0.0395637513622034,0.27703192026912005,0.5682550956900144,25,20,20
48,2018,0.11514923267866216,0.03956375136220761,0.27702543650575423,0.568261579453376,25,20,20
48,2019,0.11514923267866216,0.03956375136220761,0.27702543461917983,0.5682615813399503,25,20,20
48,2020,0.1151492326083026,0.03956375136058934,0.2816677754054259,0.5636192406256819,25,20,20
48,2021,0.1151492326083026,0.039563751360584966,0.2816698058409582,0.5636172101901541,25,20,20
48,2022,0.11514923260830345,0.039563751360580754,0.28166974336656386,0.5636172726645519,25,20,20
48,2023,0.11514924054663339,0.039563751254944914,0.27706779199608783,0.5682192162023327,25,20,20
48,2024,0.11514924054663261,0.039563751241131755,0.2766958908272042,0.5685911173850302,25,20,20
48,2025,0.10249432849527035,0.03959650699641934,0.28931806501020974,0.5685910994980992,25,20,20
48,2026,0.10249432849526954,0.03959650699641934,0.28931144486585536,0.5685977196424544,25,20,20
48,2027,0.1024943296482192,0.039596506996419756,0.28940616315870316,0.5685030001966566,25,20,20
48,2028,0.1024943296482192,0.039596506996419756,0.2894061637776461,0.5685029995777134,25,20,20
48,2029,0.10249432964821845,0.03959650698256939,0.2891387968352585,0.5687703665339521,25,20,20
48,2030,0.10200154725584731,0.03959650698256998,0.28963157922662147,0.5687703665349598,25,20,20
48,2031,0.08176846111278756,0.0395637791048886,0.3098971309886933,0.5687706287936292,25,20,20
48,2032,0.08176846111296843,0.03956377910464409,0.3099821873418328,0.5686855724405536,25,20,20
48,2033,0.08176846239515412,0.017864530454561055,0.3316814347072987,0.5686855724429849,25,20,20
48,2034,0.08176846238839801,0.017864530445328177,0.31771124382871024,0.5826557633375624,25,20,20
48,2035,0.08176846003077548,0.017865023086833864,0.3177107538344982,0.5826557630478911,25,20,20
48,2036,0.08176846003077537,0.017865023086833933,0.3177108185253049,0.5826556983570845,25,20,20
48,2037,0.08176846003077456,0.017865023086833857,0.3177107783223005,0.5826557385600898,25,20,20
48,2038,0.08176846003077452,0.017865023086833857,0.3177108122670632,0.582655704615327,25,20,20
48,2039,0.08092439470288185,0.017865023102042427,0.31855464796780597,0.5826559342272685,25,20,20
48,2040,0.08092439470288192,0.01786502310204672,0.31855692554850523,0.5826536566465649,25,20,20
48,2041,0.08092439470288192,0.017865023102046792,0.31855934724447293,0.5826512349505973,25,20,20
48,2042,0.08092439470270019,0.017865023102051007,0.3184735623283456,0.5827370198669021,25,20,20
48,2043,0.08092439470270026,0.0178650231022956,0.31847831674928023,0.5827322654457228,25,20,20
48,2044,0.0809015902398844,0.017865023187708367,0.3184219704832137,0.5828114160891932,25,20,20
48,2045,0.08090159023992984,0.017865023187952273,0.31855149200161553,0.5826818945705019,25,20,20
48,2046,0.08090158230122552,0.017865023295769472,0.323248156017979,0.5779852383850264,25,20,20
48,2047,0.08090158121774665,0.01786502329573653,0.31855039508992383,0.5826830003965934,25,20,20
48,2048,0.08090158121774665,0.01786502329574079,0.31881202651056467,0.5824213689759481,25,20,20
48,2049,0.08090158121774436,0.01786502329556808,0.3077542989511333,0.5934790965355545,25,20,20
48,2050,0.096569966647106,0.017865477859511706,0.2921624433904428,0.59340211210294,25,20,20
48,2051,0.096569966647106,0.017865477859511703,0.2921625594920385,0.5934019960013445,25,20,20
48,2052,0.09657000831273235,0.01786519504139497,0.29216280033163733,0.5934019963142353,25,20,20
48,2053,0.09657000844395196,0.017865195041402583,0.2966848726321309,0.5888799238825145,25,20,20
48,2054,0.09657000844395515,0.01786519504140266,0.2966848406908155,0.5888799558238267,25,20,20
48,2055,0.09657000843644932,0.017865195041399558,0.28560975245914255,0.5999550440630087,25,20,20
48,2056,0.09657000843645251,0.017865195041403846,0.2856143421722366,0.5999504543499073,25,20,20
48,2057,0.09657000843900258,0.017865195041164232,0.2854849750725725,0.600079821447261,25,20,20
48,2058,0.09657000843900258,0.017865195041168448,0.2854895947337756,0.6000752017860537,25,20,20
48,2059,0.09657000843900258,0.017865195041164232,0.285483071294658,0.6000817252251754,25,20,20
48,2060,0.09657000843900337,0.017865195041164232,0.285483106140599,0.6000816903792338,25,20,20
48,2061,0.09657000843900337,0.01786519504116431,0.28548322200482845,0.6000815745150042,25,20,20
48,2062,0.0965700084390034,0.01786519504140723,0.2857494586373581,0.5998153378822316,25,20,20
48,2063,0.09657000715681788,0.03995583924778061,0.2636588157156964,0.5998153378797056,25,20,20
48,2064,0.09657000715681786,0.039955839247537615,0.2633924651819511,0.6000816884136939,25,20,20
48,2065,0.09657000715681784,0.039955839247293026,0.26338774614141525,0.6000864074544745,25,20,20
48,2066,0.09657000715681782,0.03995583924729295,0.2633830462674456,0.6000911073284443,25,20,20
48,2067,0.09657000715681782,0.039955839247293026,0.26338774550846233,0.6000864080874272,25,20,20
48,2068,0.09706356291712934,0.03995585353978412,0.26309713377929006,0.5998834497637962,25,20,20
48,2069,0.09709326597958892,0.039955853524713446,0.263067660379751,0.5998832201159463,25,20,20
48,2070,0.09709326597958573,0.03995585352470916,0.2630630372392097,0.5998878432564951,25,20,20
48,2071,0.0970932659795857,0.03995585352470487,0.26306284196768054,0.5998880385280286,25,20,20
48,2072,0.09709322351879891,0.040745431050707735,0.2622721482426401,0.5998891971878533,25,20,20
48,2073,0.09865235153102817,0.040745523229974115,0.2607129280487734,0.5998891971902244,25,20,20
48,2074,0.09865235153102823,0.0407455232299784,0.2607175157307183,0.599884609508275,25,20,20
48,2075,0.09865235153102901,0.040745523229982775,0.26071906025346586,0.5998830649855224,25,20,20
48,2076,0.09865235153101405,0.04076796232820585,0.2606966211552594,0.5998830649855207,25,20,20
48,2077,0.09865235153101405,0.04076796232820585,0.2607032239168909,0.5998764622238891,25,20,20
48,2078,0.0986523515310172,0.040767962327961337,0.2607000501533842,0.5998796359876373,25,20,20
48,2079,0.09865235153101405,0.04076796232795712,0.260700049483255,0.5998796366577738,25,20,20
48,2080,0.09865235153101405,0.04076796232795712,0.26070004832314664,0.5998796378178821,25,20,20
48,2081,0.09865235363453798,0.04076796232797264,0.2628209916710498,0.5977586923664395,25,20,20
48,2082,0.10204986043741307,0.04076751009931183,0.2593885170438315,0.5977941124194425,25,20,20
48,2083,0.10204986124812866,0.03997771928944351,0.2601782814685291,0.5977941379938981,25,20,20
48,2084,0.1020498612483096,0.039977719289686506,0.26043802723095966,0.5975343922310438,25,20,20
48,2085,0.10204986124572046,0.039977719289682294,0.26043793865933046,0.5975344808052663,25,20,20
48,2086,0.10204986124572053,0.039977719289682294,0.2604355172708825,0.5975369021937142,25,20,20
48,2087,0.10204986124572053,0.039977719289682294,0.26043551868265086,0.597536900781946,25,20,20
48,2088,0.10204986124572059,0.03997771928968659,0.260435520441218,0.5975368990233744,25,20,20
48,2089,0.10204986042111668,0.039977971994823225,0.26036777721723275,0.5976043903668269,25,20,20
48,2090,0.10205010458651875,0.03997903098018665,0.2600786841463218,0.5978921802869723,25,20,20
48,2091,0.10205010458651868,0.039979030980182365,0.26007640457826703,0.5978944598550315,25,20,20
48,2092,0.10205010445529908,0.03997903098017476,0.2555541827942632,0.6024166817702631,25,20,20
48,2093,0.10205010445529827,0.03997903098017468,0.25555406698313293,0.6024167975813941,25,20,20
48,2094,0.10193433007876282,0.03997903098017558,0.2556698413598008,0.6024167975812608,25,20,20
48,2095,0.10193433007876276,0.03997903098017128,0.2556679383505624,0.6024187005905035,25,20,20
48,2096,0.10193433007875641,0.03997903098017114,0.2556694124150416,0.602417226526031,25,20,20
48,2097,0.10193432790716292,0.03997903098018814,0.2581498582357507,0.5999367828768982,25,20,20
48,2098,0.10193432791754384,0.0399790309804328,0.25815461434242787,0.5999320267595954,25,20,20
48,2099,0.10193432791754384,0.03997903098042859,0.25815461206705265,0.5999320290349747,25,20,20
48,2100,0.10193432791754063,0.03997903098042859,0.2581595550988202,0.5999270860032104,25,20,20
48,2101,0.10193410134693875,0.03997908394372826,0.25851619451628755,0.599570620193045,25,20,20
48,2102,0.10193410136448085,0.014177350986445016,0.2843179274560267,0.5995706201930463,25,20,20
48,2103,0.10193410136448092,0.014177350986445165,0.2843195490618443,0.5995689985872286,25,20,20
48,2104,0.06340829402921894,0.014178986519888036,0.32284372073983225,0.5995689987110591,25,20,20
48,2105,0.06340829402921899,0.014178986520132632,0.3228438527517629,0.5995688666988839,25,20,20
48,2106,0.06244919048278933,0.014178958637199701,0.3238032473315993,0.5995686035484096,25,20,20
48,2107,0.06244919048278933,0.014178958637199625,0.3237986279715085,0.5995732229085005,25,20,20
48,2108,0.06199951064238102,0.014177351433402242,0.3242499127090047,0.5995732252152097,25,20,20
48,2109,0.06199951064219942,0.01417735143336972,0.31952733620358137,0.6042958017208472,25,20,20
48,2110,0.06199951069813892,0.014177351511184242,0.32427877252807863,0.5995443652625959,25,20,20
48,2111,0.06199951069813887,0.014177351511184242,0.32427877202459077,0.5995443657660839,25,20,20
48,2112,0.06199951168313241,0.014177356688382874,0.3196123888854238,0.6042107427430592,25,20,20
48,2113,0.061999511692308086,0.014177356688598921,0.324269793046508,0.599553338572585,25,20,20
48,2114,0.061999511692308086,0.014177356688598845,0.3242633047286767,0.5995598268904163,25,20,20
48,2115,0.06199951169231206,0.014177356702494587,0.3244004765474262,0.5994226550577673,25,20,20
48,2116,0.06199953626702854,0.014177356702808811,0.32440031331911856,0.5994227937110441,25,20,20
48,2117,0.06199953626702854,0.01417735670280881,0.3244003099343282,0.5994227970958345,25,20,20
48,2118,0.06199953626702854,0.014177356702813025,0.32439580534548457,0.5994273016846738,25,20,20
48,2119,0.06112434622878689,0.014177330319930091,0.32527114989868144,0.5994271735526009,25,20,20
48,2120,0.061124346228782905,0.014177330306034347,0.325133978079932,0.5995643453852502,25,20,20
48,2121,0.061124346228782905,0.01417733030603864,0.32513405887725055,0.5995642645879272,25,20,20
48,2122,0.0611243462287829,0.014177330306038637,0.3251334020920193,0.5995649213731586,25,20,20
48,2123,0.061124346228786035,0.01417733030604293,0.32513351685965297,0.5995648066055176,25,20,20
48,2124,0.06112434622883156,0.014177330306038669,0.32495642534308805,0.5997418981220409,25,20,20
48,2125,0.08179656649626697,0.014177327879621554,0.3043217463586318,0.5997043592654788,25,20,20
48,2126,0.08179656649626693,0.014177327879621629,0.30432023929067037,0.5997058663334401,25,20,20
48,2127,0.08179671403426171,0.014177327806088087,0.304172155730967,0.599853802428682,25,20,20
48,2128,0.08191497506241113,0.014177327806059252,0.30405389470258465,0.5998538024289438,25,20,20
48,2129,0.07855114142925558,0.014177448017550585,0.307417015257463,0.5998543952957296,25,20,20
48,2130,0.07855114142925552,0.014177448017305989,0.3074121823447571,0.5998592282086803,25,20,20
48,2131,0.07804605268024606,0.014177419696361446,0.30791730176227383,0.5998592258611184,25,20,20
48,2132,0.07804605268024611,0.014177419696361522,0.307917384830868,0.5998591427925242,25,20,20
48,2133,0.07876529214972515,0.014177419091842896,0.30684335305728644,0.6002139357011452,25,20,20
48,2134,0.07720552528798356,0.014177375013862181,0.308403159976048,0.600213939722104,25,20,20
48,2135,0.07648473272661696,0.01417740304074617,0.3094787175587018,0.5998591466739329,25,20,20
48,2136,0.07648473272643683,0.01417740304050325,0.3092190097994561,0.6001188544336016,25,20,20
48,2137,0.07646740502797376,0.014177403108333559,0.3092351298207842,0.6001200620429065,25,20,20
48,2138,0.07664787046956749,0.014177403111431923,0.3090547125780254,0.6001200138409737,25,20,20
48,2139,0.07664787046956748,0.014177403111431926,0.3090568748179301,0.6001178516010691,25,20,20
48,2140,0.0766478704520257,0.038762823117703106,0.2844714548291073,0.6001178516011624,25,20,20
48,2141,0.07664787044164484,0.03876282311745851,0.2844667016645346,0.6001226047763608,25,20,20
48,2142,0.07664786947792995,0.03878260003480652,0.2890190164175981,0.5955505140696636,25,20,20
48,2143,0.07661881446529864,0.03878255193324629,0.28904812355438636,0.5955505100470665,25,20,20
48,2144,0.07661881446529865,0.03878255193324637,0.289053104689918,0.5955455289115349,25,20,20
48,2145,0.07661881446529785,0.03878255193324629,0.28904657613064594,0.5955520574708077,25,20,20
48,2146,0.11652959490335016,0.03878255718626207,0.24935124437103467,0.5953366035393506,25,20,20
48,2147,0.14614805889090918,0.0387825572567363,0.2197328508223636,0.5953365330299889,25,20,20
48,2148,0.14614805889090918,0.0387825572567363,0.2197328488364259,0.5953365350159266,25,20,20
48,2149,0.14614805889090918,0.0387825572567363,0.21973292779887887,0.5953364560534737,25,20,20
48,2150,0.14614807689508727,0.05669559209507297,0.2019141908378352,0.5952421401720042,25,20,20
48,2151,0.14614807689510426,0.05484238739482649,0.2037664453549361,0.5952430903551326,25,20,20
48,2152,0.1461480768951051,0.05484238739482643,0.20376648893280092,0.595243046777267,25,20,20
48,2153,0.14614807141837874,0.054842387394826254,0.2037664943668629,0.5952430468199317,25,20,20
48,2154,0.14614807141837874,0.054842387394826254,0.2037665734793952,0.5952429677073995,25,20,20
48,2155,0.14614807141837954,0.054842387394822036,0.2037729838553818,0.5952365573314163,25,20,20
48,2156,0.14614807163203028,0.05484238768184983,0.229331462851169,0.5696780778349482,25,20,20
48,2157,0.1461480716228577,0.05484238768187827,0.22467417276819698,0.5743353679270645,25,20,20
48,2158,0.14594787176933674,0.05484239299954507,0.22487431829565246,0.5743354169354636,25,20,20
48,2159,0.14594787176933674,0.05484239299954507,0.22487420640938527,0.5743355288217306,25,20,20
48,2160,0.14594787176933668,0.05484239299954493,0.2248677160840253,0.5743420191470909,25,20,20
48,2161,0.10946018525696465,0.05484371844619606,0.26135412414530146,0.5743419721515357,25,20,20
48,2162,0.11231774265439269,0.054843598234760885,0.2584972798187236,0.5743413792921213,25,20,20
48,2163,0.11231774265443828,0.054843598234765256,0.2584973646370464,0.5743412944737485,25,20,20
48,2164,0.11139033679060263,0.05484473672312399,0.25942363037576915,0.5743412961105027,25,20,20
48,2165,0.11139066737219105,0.054844736445218596,0.2738646217965086,0.55989997438608,25,20,20
48,2166,0.11139069220137886,0.05484477088380953,0.24339092469998813,0.5903736122148225,25,20,20
48,2167,0.11280603202295741,0.054843632395622156,0.24197672495123976,0.5903736106301798,25,20,20
48,2168,0.11280603202300289,0.054843632395622094,0.24197821274809314,0.5903721228332812,25,20,20
48,2169,0.11280603202295734,0.054843632395622025,0.24188905274070568,0.5904612828407143,25,20,20
48,2170,0.1128060320229542,0.05484363239537748,0.2418873981726567,0.5904629374090109,25,20,20
48,2171,0.11280725036230564,0.05484226826787319,0.24188754395991613,0.5904629374099045,25,20,20
48,2172,0.11280725036230564,0.05484226826787319,0.24188754137661886,0.5904629399932017,25,20,20
48,2173,0.13491923356797778,0.05484290938883763,0.2197748615145375,0.5904629955286463,25,20,20
48,2174,0.13491918009745182,0.05484290938803792,0.2197678119222736,0.5904700985922358,25,20,20
48,2175,0.13491916386643588,0.054842909388040734,0.21976782819596596,0.5904700985495575,25,20,20
48,2176,0.135006084940366,0.05484290413074346,0.2196809370416541,0.5904700738872367,25,20,20
48,2177,0.1385907630791683,0.054842904586965065,0.21609613446514989,0.5904701978687169,25,20,20
48,2178,0.1385907630791675,0.05484290458696077,0.21609462475349198,0.59047170758038,25,20,20
48,2179,0.1385907630791707,0.05484290458720107,0.21610106104663157,0.5904652712869969,25,20,20
48,2180,0.13846737916468121,0.05484290458720155,0.21622444496112056,0.5904652712869969,25,20,20
48,2181,0.1384897244314442,0.054842905068909646,0.21620915788536427,0.5904582126142821,25,20,20
48,2182,0.1420098367457744,0.05484290310803431,0.21268904987006843,0.5904582102761237,25,20,20
48,2183,0.14200981872134433,0.07567074834138887,0.1918612224961069,0.5904582104411605,25,20,20
48,2184,0.14200981872134752,0.07567074834163186,0.19212757242428574,0.5901918605127355,25,20,20
48,2185,0.14200981872134752,0.07567074834163179,0.19212753902907168,0.5901918939079495,25,20,20
48,2186,0.14200981872134752,0.07567074834163179,0.19212745856998878,0.5901919743670324,25,20,20
48,2187,0.1420098187214069,0.05293854207777611,0.2148606150150367,0.59019102418578,25,20,20
48,2188,0.14389131059584936,0.05293854159635413,0.21297910242371187,0.5901910453840847,25,20,20
48,2189,0.14389131059584614,0.0529385415961112,0.21271502955392235,0.5904551182541204,25,20,20
48,2190,0.1438913105958454,0.05293854159611135,0.21271282419991927,0.5904573236081241,25,20,20
48,2191,0.1438913105958454,0.05293854159611136,0.21271934658092825,0.5904508012271151,25,20,20
48,2192,0.14030693068607286,0.05293854164135527,0.21630384803683975,0.5904506796357321,25,20,20
48,2193,0.1403069306850362,0.054123938229711,0.21511845144012767,0.590450679645125,25,20,20
48,2194,0.14030693068499064,0.054123938229711,0.21511687962361903,0.5904522514616789,25,20,20
48,2195,0.1407732977098765,0.054123951744255265,0.21465050032255534,0.5904522502233125,25,20,20
48,2196,0.11244464242724275,0.054123959196743066,0.2364531609881923,0.5969782373878215,25,20,20
48,2197,0.11244464242724282,0.054123959196743066,0.2364532436859756,0.5969781546900382,25,20,20
48,2198,0.11244464242728115,0.061192579076305605,0.2293846238082936,0.5969781546881194,25,20,20
48,2199,0.11244464242728389,0.06119257907651563,0.23563437642235308,0.5907284020738471,25,20,20
48,2200,0.13735711104775836,0.061191459567275445,0.21072301165602397,0.5907284177289415,25,20,20
48,2201,0.13735711104775897,0.06119145956727536,0.21697248837414917,0.5844789410108158,25,20,20
48,2202,0.13735711104775897,0.06119145956727966,0.21697268361106098,0.5844787457738997,25,20,20
48,2203,0.13735711104775578,0.061191459567035145,0.21696613312756383,0.5844852962576447,25,20,20
48,2204,0.13735711104775578,0.061191459567035145,0.2169661336930539,0.5844852956921546,25,20,20
48,2205,0.13585042982240436,0.06119147915629581,0.21847279524722635,0.5844852957740727,25,20,20
48,2206,0.13585042982240444,0.06119147915654043,0.21847453287708146,0.5844835581439729,25,20,20
48,2207,0.13585042982240447,0.06119147915654043,0.21847387689478778,0.5844842141262664,25,20,20
48,2208,0.13585042982229867,0.0645092110547095,0.21515614499677518,0.5844842141262157,25,20,20
48,2209,0.136360499024072,0.06450922632985784,0.214638236465221,0.5844920381808487,25,20,20
48,2210,0.136360499024072,0.06450922632985784,0.21463823843824317,0.5844920362078267,25,20,20
48,2211,0.13636049902666675,0.06450922632986213,0.2146318682908116,0.5844984063526594,25,20,20
48,2212,0.14821515888189693,0.06450901507160264,0.20277743736962622,0.5844983886768736,25,20,20
48,2213,0.14726009792088038,0.06450899470547443,0.20360213554919732,0.5846287718244474,25,20,20
48,2214,0.14726009792087766,0.0645089947052644,0.19735230120146535,0.5908786061723919,25,20,20
48,2215,0.14726009792083208,0.06450899470526011,0.1973522177757815,0.5908786895981256,25,20,20
48,2216,0.14542621823787594,0.06450899521493321,0.19918616010909598,0.5908786264380942,25,20,20
48,2217,0.14542621823787588,0.06450899521493321,0.1991859983231227,0.5908787882240676,25,20,20
48,2218,0.14542621823787902,0.06450899521468868,0.19918434519866485,0.5908804413487669,25,20,20
48,2219,0.14542621882829035,0.06450899521469303,0.19927713255295032,0.5907876534040658,25,20,20
48,2220,0.14542621882833584,0.06450899521494184,0.19928025335423274,0.590784532602489,25,20,20
48,2221,0.14542621882833584,0.06450899521494177,0.19927364988168694,0.590791136075035,25,20,20
48,2222,0.14542621882833662,0.06450899521518638,0.19927840232669056,0.5907863836297861,25,20,20
48,2223,0.14542621882833662,0.06450899521518645,0.19965150389867012,0.5904132820578063,25,20,20
48,2224,0.1455503639468102,0.06450899521518645,0.19952735878019429,0.5904132820578084,25,20,20
48,2225,0.14555036394681028,0.06450899521518645,0.19952739698874872,0.5904132438492539,25,20,20
48,2226,0.1455503639468071,0.06450899521519067,0.19953201662096812,0.5904086242170336,25,20,20
48,2227,0.14555036394680715,0.06450899521519067,0.19953671846213705,0.5904039223758646,25,20,20
48,2228,0.16238000834999256,0.0645083535713551,0.18270777123920287,0.5904038668394488,25,20,20
48,2229,0.16238000834999178,0.06450835357111044,0.1827029641654122,0.590408673913485,25,20,20
48,2230,0.16238000834999178,0.06450835357135495,0.1827076837992157,0.5904039542794369,25,20,20
48,2231,0.16238000834999178,0.06450835357135067,0.18270298024728515,0.5904086578313718,25,20,20
48,2232,0.1631289757947673,0.06450835357801826,0.18195400938598616,0.5904086612412276,25,20,20
48,2233,0.16312897579475205,0.06456134831194772,0.18190101496859867,0.5904086609247008,25,20,20
48,2234,0.1631289757947073,0.06456134831169891,0.18189855228628463,0.5904111236073085,25,20,20
48,2235,0.1631289500955049,0.06456131379646424,0.172373574010659,0.5999361620973714,25,20,20
48,2236,0.1631289500955049,0.06456131379646417,0.1723735344939495,0.5999362016140809,25,20,20
48,2237,0.16312894950509357,0.06456131379645981,0.17228082762932673,0.6000289090691194,25,20,20
48,2238,0.12472946056599034,0.06456129571728284,0.2106801963974542,0.600029047319273,25,20,20
48,2239,0.12835952503810588,0.06456128679225014,0.20718834920505944,0.5998908389645843,25,20,20
48,2240,0.12835952503820092,0.057975385453595554,0.21377424242445112,0.5998908470837523,25,20,20
48,2241,0.1283594885209123,0.05797538545359556,0.2137742789417353,0.5998908470837568,25,20,20
48,2242,0.12835948852091225,0.05797538545359556,0.21377433295864226,0.59989079306685,25,20,20
48,2243,0.1283594885312932,0.05797538545384015,0.2137790546022914,0.5998860714125752,25,20,20
48,2244,0.12835948852870088,0.05797538545384009,0.2137835212963044,0.5998816047211545,25,20,20
48,2245,0.12835948851832,0.05797538545359549,0.21377868859426816,0.5998864374338163,25,20,20
48,2246,0.12835948851832318,0.05797538545384009,0.21378343015137932,0.5998816958764575,25,20,20
48,2247,0.128359488530344,0.056772338438890756,0.21498647714891295,0.5998816958818521,25,20,20
48,2248,0.12835948853034407,0.05677233843889083,0.21498651196084548,0.5998816610699194,25,20,20
48,2249,0.12835948853023985,0.07874210161061004,0.19301675659187237,0.599881653267277,25,20,20
48,2250,0.14795806157735475,0.07874207513236764,0.1734149468968147,0.5998849163934625,25,20,20
48,2251,0.14795806157735478,0.07874207513237184,0.17350712612153302,0.59979273716874,25,20,20
48,2252,0.14666729966195682,0.07874206812771435,0.18132367589572237,0.5932669563146059,25,20,20
48,2253,0.14666729964993627,0.07992325310263185,0.1801424909382186,0.5932669563092127,25,20,20
48,2254,0.14666729964993622,0.07992325310263186,0.18014439325620527,0.5932650539912261,25,20,20
48,2255,0.14666729964993622,0.07992325310263186,0.18014439268059693,0.5932650545668342,25,20,20
48,2256,0.1466672996499362,0.07992325310263186,0.18014439198601534,0.5932650552614157,25,20,20
48,2257,0.14666729964993616,0.07992325310238726,0.18013963753082737,0.5932698097168485,25,20,20
48,2258,0.14666729965000105,0.0511623867936684,0.20890021507961737,0.5932700984767135,25,20,20
48,2259,0.14666729965004652,0.0511623867936684,0.2089069462856674,0.593263367270618,25,20,20
48,2260,0.1466846147185535,0.05116238627521242,0.2088899086701689,0.5932630903360654,25,20,20
48,2261,0.1466846147185544,0.051162386275216715,0.20889148976418778,0.5932615092420415,25,20,20
48,2262,0.1466846147185535,0.05116238627521242,0.20888994208879633,0.593263056917438,25,20,20
48,2263,0.14668461471855665,0.05116238627521242,0.2088899550307715,0.5932630439754597,25,20,20
48,2264,0.14668461471873878,0.05116238627521241,0.20888506135211946,0.5932679376539296,25,20,20
48,2265,0.14668461471873803,0.05116238627521234,0.20888748305852803,0.5932655159475222,25,20,20
48,2266,0.14668461471875294,0.05119350931466319,0.20885636033549157,0.5932655156310929,25,20,20
48,2267,0.14668461473109617,0.051163248260876565,0.20888662137147915,0.5932655156365486,25,20,20
48,2268,0.1806691692759198,0.05116324774263716,0.17490206977406877,0.5932655132073748,25,20,20
48,2269,0.1806691692879232,0.07890899429756741,0.14715661165827046,0.5932652247562378,25,20,20
48,2270,0.18066658450831963,0.07890899429756791,0.14715919643761194,0.5932652247564997,25,20,20
48,2271,0.18066658450835255,0.07890899430765975,0.15821756830812878,0.582206852875858,25,20,20
48,2272,0.1806665850987658,0.07890899432157111,0.1583101489486151,0.5821142716310473,25,20,20
48,2273,0.1806665850989479,0.07890899432181574,0.1579394078741694,0.5824850127050663,25,20,20
48,2274,0.18066658509894723,0.07890899432181997,0.15169209433336495,0.588732326245867,25,20,20
48,2275,0.18066658509894407,0.07890899432181576,0.15169399497057476,0.5887304256086648,25,20,20
48,2276,0.18013525979933906,0.07890899943246525,0.15222526768093947,0.5887304730872556,25,20,20
48,2277,0.1801352928372399,0.07890899943246532,0.15304602685807253,0.5879096808722215,25,20,20
48,2278,0.18013529283720703,0.07890899942237778,0.141987742662214,0.5989679650782006,25,20,20
48,2279,0.1969144977926301,0.07890899942505594,0.12521180087048245,0.5989647019118309,25,20,20
48,2280,0.1969144977926301,0.07890899942505594,0.1252117238255627,0.5989647789567506,25,20,20
48,2281,0.19691449779263323,0.07890899942505179,0.12521815905638367,0.5989583437259306,25,20,20
48,2282,0.1969144977926332,0.0789089994250518,0.12522006258372623,0.5989564401985881,25,20,20
48,2283,0.1969144977926308,0.0789089994248073,0.12534484268311646,0.5988316600994449,25,20,20
48,2284,0.19691449779263084,0.07890899942481157,0.1253470077782965,0.5988294950042606,25,20,20
48,2285,0.19687581426721096,0.07890901080033202,0.12538575796147097,0.5988294169709861,25,20,20
48,2286,0.2126022394944166,0.07890901094818094,0.10965929437351563,0.5988294551838869,25,20,20
48,2287,0.20575196326516543,0.0789090193850741,0.11650841611927647,0.5988306012304838,25,20,20
48,2288,0.20575196267475307,0.0789090193711671,0.11641749799317835,0.5989215199609013,25,20,20
48,2289,0.20573576110530956,0.07891174968705857,0.1164309158417052,0.5989215733659264,25,20,20
48,2290,0.19556436947299538,0.07891175203080157,0.12660235260320715,0.5989215258929959,25,20,20
48,2291,0.19556436946094166,0.07867832138860764,0.1268357835661846,0.5989215255842661,25,20,20
48,2292,0.1955643694611194,0.07867832138861175,0.12709552380513692,0.5986617853451319,25,20,20
48,2293,0.19556437005093566,0.07867832138885986,0.1272187195609599,0.5985385889992445,25,20,20
48,2294,0.19556437005093652,0.07867832138910444,0.12722637796284986,0.5985309305971093,25,20,20
48,2295,0.19556437005093727,0.0786783213891003,0.12722641826556724,0.5985308902943952,25,20,20
48,2296,0.19556437005093766,0.07989576687305203,0.12600897278161347,0.5985308902943969,25,20,20
48,2297,0.19556437005094054,0.07989576688537159,0.13066783935320858,0.5938720237104791,25,20,20
48,2298,0.19556437003858215,0.040728239384882355,0.16983536687160838,0.5938720237049278,25,20,20
48,2299,0.19556437009536576,0.0015873950354764353,0.20897621116411735,0.59387202370504,25,20,20
48,2300,0.17922554958620018,0.0015874064632139327,0.22531191669851014,0.5938751272520751,25,20,20
48,2301,0.1792255495863823,0.0015874064632140073,0.22531835889911117,0.5938686850512919,25,20,20
48,2302,0.17922551654830246,0.0015874064770642982,0.22476333811020047,0.5944237388644322,25,20,20
48,2303,0.17922551595844144,0.0015874064768204832,0.22463785306871803,0.5945492244960195,25,20,20
48,2304,0.17922551595848613,0.001587406476580271,0.22463039394416826,0.5945566836207647,25,20,20
48,2305,0.17922551595848613,0.0015874064765803448,0.2246260666733188,0.5945610108916143,25,20,20
48,2306,0.17922551595848618,0.0015874064765803422,0.22466329382552763,0.5945237837394055,25,20,20
48,2307,0.17921130735417232,0.0015849601364896645,0.22468001372821583,0.594523718781122,25,20,20
48,2308,0.17921130735412677,0.0015849601364852977,0.22467981445087568,0.594523918058512,25,20,20
48,2309,0.17921130735412757,0.001584960136489586,0.22468641764384845,0.5945173148655342,25,20,20
48,2310,0.17921130735394666,0.0015849601364853242,0.2244200740300588,0.5947836584795091,25,20,20
48,2311,0.17921130735394583,0.0015849601364852479,0.22429055178787136,0.5949131807216971,25,20,20
48,2312,0.1792113073539946,0.0015849601364938304,0.22429530049913016,0.5949084320103809,25,20,20
48,2313,0.15214702588151385,0.001584984916153908,0.25135517725648054,0.5949128119458508,25,20,20
48,2314,0.1521470258815107,0.001584984902303539,0.2510877283978526,0.5951802608183323,25,20,20
48,2315,0.15214702588151066,0.0015849849023034637,0.2510811235940437,0.5951868656221413,25,20,20
48,2316,0.15214702588150988,0.0015849849023035379,0.2510813807934036,0.595186608422782,25,20,20
48,2317,0.15214702588169032,0.0015849849161128442,0.2514479238438072,0.5948200653583887,25,20,20
48,2318,0.1521471203536311,0.0007869491672587941,0.2522458651174654,0.5948200653616439,25,20,20
48,2319,0.14849658835143978,0.0007869496767568333,0.2558963966094227,0.5948200653623799,25,20,20
48,2320,0.14849658835144292,0.0007869496767569085,0.2558942341830646,0.5948222277887347,25,20,20
48,2321,0.14849658835143972,0.0007869496767569208,0.2557694031137972,0.5949470588580053,25,20,20
48,2322,0.14849658840894686,7.560651759546549e-06,0.2565476061043574,0.5949482448349341,25,20,20
48,2323,0.14849658840876795,7.560651755256934e-06,0.2565426777133939,0.594953173226081,25,20,20
48,2324,0.14856332430273222,8.081777499814e-05,0.2564025771636142,0.5949532807586535,25,20,20
48,2325,0.14856332430273222,8.081777499821526e-05,0.2564025771760127,0.5949532807462549,25,20,20
48,2326,0.1547309384536716,8.081939006198733e-05,0.2502347532595783,0.5949534888966862,25,20,20
48,2327,0.15473093845367158,8.081939006198717e-05,0.25032533665877926,0.5948629054974852,25,20,20
48,2328,0.1547309384536708,8.08193900618379e-05,0.25032313326307265,0.5948651088931929,25,20,20
48,2329,0.15473093845367158,8.081939005754678e-05,0.25032503615620716,0.5948632060000619,25,20,20
48,2330,0.1547309384536724,8.081939006179837e-05,0.2506981390050057,0.5944901031512582,25,20,20
48,2331,0.12609164973880296,8.085194047632265e-05,0.2516045394330755,0.6222229588876437,25,20,20
48,2332,0.1260915195266931,8.729439423363629e-05,0.251598275993669,0.6222229100854034,25,20,20
48,2333,0.12609151952669387,8.729439423788657e-05,0.25197126368846634,0.621849922390601,25,20,20
48,2334,0.12609145272047828,8.058358735301874e-05,0.25197790538402115,0.6218500583081468,25,20,20
48,2335,0.1260914527204751,8.058358735294364e-05,0.2518856129036535,0.6219423507885176,25,20,20
48,2336,0.1260914527204751,8.058358735294366e-05,0.2518857273486088,0.6219422363435624,25,20,20
48,2337,0.12609145272047267,8.058358735715952e-05,0.2518903142117528,0.6219376494804165,25,20,20
48,2338,0.1279370525748307,7.325954617596648e-06,0.25011807950272724,0.6219375419678235,25,20,20
48,2339,0.15974383513047213,7.293720589239876e-06,0.21831568846891686,0.6219331826800201,25,20,20
48,2340,0.15974446132576445,0.011754750125647171,0.20656760055955956,0.6219331879890272,25,20,20
48,2341,0.15974713223632922,0.011754745762530374,0.20656611998256175,0.6219320020185772,25,20,20
48,2342,0.15974713223632844,0.011754745762526008,0.20656441499952025,0.6219337070016239,25,20,20
48,2343,0.15974713223632925,0.011754745762770594,0.2065711200437572,0.6219270019571413,25,20,20
48,2344,0.15974713223651135,0.011754745762774884,0.20657587315331835,0.6219222488473939,25,20,20
48,2345,0.1597471322363333,0.011754745748961359,0.20620284462368374,0.6222952773910201,25,20,20
48,2346,0.1597471322363325,0.011754745748961286,0.20619632006034844,0.6223018019543562,25,20,20
48,2347,0.1597471322363325,0.011754745748956918,0.20619165806585726,0.6223064639488523,25,20,20
48,2348,0.15974641151231586,0.03996678485748615,0.17798034498816612,0.6223064586420319,25,20,20
48,2349,0.1543309108993992,0.039966752307024914,0.171128819902822,0.6345735168907543,25,20,20
48,2350,0.1543309108993992,0.03996675230702499,0.17112882051269934,0.6345735162808769,25,20,20
48,2351,0.15433091089939632,0.03996675229470543,0.16647010692805694,0.6392322298778417,25,20,20
48,2352,0.15433091089957846,0.039966752294709716,0.16647481078479415,0.639227526020918,25,20,20
48,2353,0.15433091089939632,0.039966752294705435,0.16647666410165915,0.6392256727042394,25,20,20
48,2354,0.18829482292662633,0.039966723786201336,0.13251291649706756,0.639225536790105,25,20,20
48,2355,0.18829482292662633,0.03996672378620134,0.13251287652314622,0.6392255767640264,25,20,20
48,2356,0.18829482292922062,0.039966723786201454,0.13214650805555253,0.6395919452290257,25,20,20
48,2357,0.18829482292922062,0.039966723786201454,0.13213990504930398,0.6395985482352742,25,20,20
48,2358,0.18829482292921743,0.039966723786201384,0.132139784414379,0.6395986688702024,25,20,20
48,2359,0.18829482292916874,0.039966723786192954,0.132227330010482,0.6395111232741564,25,20,20
48,2360,0.18829482292898664,0.039966723786188665,0.13222732600225476,0.6395111272825702,25,20,20
48,2361,0.18829482292639155,0.03996672378618437,0.13222719440035896,0.6395112588870654,25,20,20
48,2362,0.18805641890800312,0.03996672483028398,0.1324655050267625,0.639511351234951,25,20,20
48,2363,0.18296366507093237,0.03996672850584364,0.13755725663703747,0.639512349786187,25,20,20
48,2364,0.183274030829597,0.03996671863477248,0.13724823057400695,0.6395110199616236,25,20,20
48,2365,0.18381110713379734,0.0399667175783376,0.13671125108241486,0.6395109242054504,25,20,20
48,2366,0.18381110713397875,0.039966717578333234,0.13670825190144076,0.6395139233862472,25,20,20
48,2367,0.18381110713397875,0.039966717578328946,0.13670597433598808,0.6395162009517044,25,20,20
48,2368,0.18189826912399876,0.03996822030026349,0.1386136645285396,0.639519846047198,25,20,20
48,2369,0.18189826912400198,0.03996822030026778,0.13861833014785244,0.6395151804278777,25,20,20
48,2370,0.19648830045105187,0.03996820920189276,0.12403132526871623,0.6395121650783391,25,20,20
48,2371,0.19648567562941785,0.039982335411051076,0.12401864231167144,0.6395133466478599,25,20,20
48,2372,0.2015692954579087,0.03998233181130458,0.11893602463427617,0.6395123480965108,25,20,20
48,2373,0.2074909397529397,0.03998233173549203,0.11301438042126843,0.6395123480903001,25,20,20
48,2374,0.20749093975292554,0.011255546152657796,0.14174116600964548,0.6395123480847715,25,20,20
48,2375,0.20749093975551997,0.0112555461526621,0.14173929880130687,0.6395142152905112,25,20,20
48,2376,0.20749093975570612,0.01125554615266647,0.14173936832768758,0.6395141457639402,25,20,20
48,2377,0.20846880465172307,0.011254071817629392,0.1407666228405425,0.6395105006901056,25,20,20
48,2378,0.20846875851046,0.011244756355173875,0.14077716602022425,0.639509319114142,25,20,20
48,2379,0.20846875850786478,0.01124475635492499,0.14077233017168175,0.6395141549655287,25,20,20
48,2380,0.20846875850786478,0.011244756354924987,0.14077233020629895,0.6395141549309113,25,20,20
48,2381,0.19429798378248248,0.01124475620740219,0.15494313947476682,0.6395141205353487,25,20,20
48,2382,0.19418987225657158,0.011245042599585564,0.15504962226785618,0.6395154628759875,25,20,20
48,2383,0.19596273662190647,0.011245042263963011,0.1532768464356307,0.6395153746785004,25,20,20
48,2384,0.17837421978154744,0.011245042277788999,0.17068588465688006,0.6396948532837826,25,20,20
48,2385,0.17837421978136525,0.011245042277789068,0.17069078442419272,0.639689953516652,25,20,20
48,2386,0.179124427038791,0.011245026648134659,0.1699405917714216,0.639689954541652,25,20,20
48,2387,0.17739621048083573,0.011245027196952204,0.1716651928106771,0.6396935695115341,25,20,20
48,2388,0.17739621048065676,0.011245027196951425,0.1717923541706472,0.6395664081517437,25,20,20
48,2389,0.1766518555693798,0.011245027203863445,0.1725367108804663,0.6395664063462896,25,20,20
48,2390,0.1766518555693798,0.011245027203867736,0.1725367174963326,0.6395663997304191,25,20,20
48,2391,0.17665185556937973,0.011245027203867587,0.17244454013667762,0.6396585770900746,25,20,20
48,2392,0.18178488922314925,0.011245027439760334,0.16749098366135368,0.6394790996757362,25,20,20
48,2393,0.18090971773064612,0.01124502744641136,0.1683660571687367,0.6394791976542057,25,20,20
48,2394,0.18090971773064932,0.011245027446411286,0.1683594937929345,0.6394857610300049,25,20,20
48,2395,0.1809168406082546,0.011246368400047562,0.16835464497059516,0.6394821460211026,25,20,20
48,2396,0.1809168406082546,0.011246368400047557,0.1683481232475052,0.6394886677441927,25,20,20
48,2397,0.1809168406082508,0.011246368400051745,0.16847746953170184,0.6393593214599955,25,20,20
48,2398,0.1809168406082535,0.039983474591940064,0.13974036333428144,0.6393593214655254,25,20,20
48,2399,0.18091688682646778,0.03997891644218059,0.13974487526575313,0.6393593214655996,25,20,20
48,2400,0.18091688682905416,0.039978916441941036,0.13970766610174912,0.6393965306272568,25,20,20
48,2401,0.18091688682905097,0.03997891644194104,0.13970770578851277,0.6393964909404962,25,20,20
48,2402,0.18091688682905496,0.03997891644194533,0.13970792877923904,0.6393962679497615,25,20,20
48,2403,0.18091688682905577,0.039978916441949584,0.14008103186099313,0.6390231648680024,25,20,20
48,2404,0.18091688682905258,0.03997891644194951,0.14008094932870813,0.6390232474002904,25,20,20
48,2405,0.1809168868290526,0.039978916441953796,0.1400856129208672,0.6390185838081269,25,20,20
48,2406,0.18091688682905263,0.03997891644195809,0.1400875175927157,0.6390166791362742,25,20,20
48,2407,0.18091688682905183,0.039978916441953914,0.13972101819067165,0.6393831785383233,25,20,20
48,2408,0.1809168868290499,0.03997891644211161,0.15369066798103664,0.6254135287478024,25,20,20
48,2409,0.18091688682904677,0.03997891644210731,0.15368758667292454,0.6254166100559221,25,20,20
48,2410,0.18008797732605175,0.03997891643471562,0.15451649408061674,0.6254166121586165,25,20,20
48,2411,0.1809166185919019,0.03997891644249407,0.15368774228300544,0.6254167226825994,25,20,20
48,2412,0.18091661859208283,0.03997891644249833,0.15395408880592523,0.6251503761594943,25,20,20
48,2413,0.18091661859208283,0.03997891644249833,0.15395408480006145,0.625150380165358,25,20,20
48,2414,0.18611516065098588,0.03997915774371274,0.1486907904003887,0.6252148912049131,25,20,20
48,2415,0.18611516065080355,0.03997915774370847,0.14856145738949725,0.6253442242159912,25,20,20
48,2416,0.18611516065084896,0.03997915774370854,0.14865357493488193,0.6252521066705611,25,20,20
48,2417,0.18611516065084896,0.03997915774370433,0.14865167027428602,0.6252540113311613,25,20,20
48,2418,0.19178504252749115,0.03997916297444682,0.14298043047922643,0.6252553640188362,25,20,20
48,2419,0.19178504252749115,0.03997916297444682,0.1429805115301634,0.6252552829678992,25,20,20
48,2420,0.22573014794419993,0.03997780871873775,0.10903676139118522,0.6252552819458775,25,20,20
48,2421,0.22573014794419993,0.03997780871873783,0.10903687525447885,0.6252551680825839,25,20,20
48,2422,0.2257301480749105,0.03997780871917001,0.11369209667800277,0.6205999465279172,25,20,20
48,2423,0.22573014807491162,0.03997780871925102,0.09998857441089638,0.6343034687949414,25,20,20
48,2424,0.22573010187995565,0.03997755612110668,0.09992148052736206,0.6343708614715766,25,20,20
48,2425,0.22573010187995565,0.03997755612110668,0.09992140144953739,0.6343709405494014,25,20,20
48,2426,0.22573010187995218,0.0399690373129882,0.0999299202631193,0.6343709405439414,25,20,20
48,2427,0.22573010174924163,0.03996903731256024,0.09527019425118162,0.6390306666870176,25,20,20
48,2428,0.2262143835012524,0.039968750739490126,0.09478756578560912,0.6390292999736492,25,20,20
48,2429,0.22621438350124923,0.03996875073924721,0.09452129636331522,0.6392955693961891,25,20,20
48,2430,0.22621438350124923,0.039968750739242914,0.09452129175928396,0.6392955740002246,25,20,20
48,2431,0.22621438350138146,0.03996875131370859,0.10560942716942819,0.6282074380154826,25,20,20
48,2432,0.1960121921852595,0.039968759726745184,0.13581175425649042,0.6282072938315054,25,20,20
48,2433,0.19601219218526075,0.03996875972674529,0.13554557723377425,0.6284734708542203,25,20,20
48,2434,0.19601219218525998,0.03996875972674104,0.13517255414257043,0.6288464939454288,25,20,20
48,2435,0.19601219218526306,0.03996876051497169,0.13550080617885418,0.6285182411209113,25,20,20
48,2436,0.19601219529996297,0.040743723140933975,0.13479321316382914,0.6284508683952746,25,20,20
48,2437,0.19601219529983396,0.04074372256647257,0.12379729090673867,0.6394467912269551,25,20,20
48,2438,0.196012195299834,0.04074372256647259,0.12380381684365746,0.6394402652900363,25,20,20
48,2439,0.19601219529983072,0.040743722566468306,0.12371160168051329,0.6395324804531879,25,20,20
48,2440,0.2032750761791807,0.040743481015123297,0.1165134745849708,0.6394679682207258,25,20,20
48,2441,0.20327507617918036,0.04077403075092309,0.11648292484926884,0.6394679682206282,25,20,20
48,2442,0.20327507617918036,0.040774030750923014,0.11648284233586598,0.6394680507340311,25,20,20
48,2443,0.20327507617918036,0.040774030750922945,0.11647635201627723,0.6394745410536199,25,20,20
48,2444,0.20327507617918036,0.040774030750923014,0.11648097277400085,0.6394699202958962,25,20,20
48,2445,0.23345222744102626,0.04077401710725747,0.08630506430517633,0.6394686911465403,25,20,20
48,2446,0.22727429003074281,0.04078530061516138,0.092417922441898,0.6395224869121983,25,20,20
48,2447,0.22727429003074306,0.040763279265969114,0.09243994378553262,0.6395224869177556,25,20,20
48,2448,0.22727429003074387,0.04076327926596912,0.09256935015669682,0.6393930805465906,25,20,20
48,2449,0.22727429003074387,0.04076327926596905,0.09256926768870924,0.6393931630145782,25,20,20
48,2450,0.22727447119303792,0.039988564091854785,0.09327655338785489,0.6394604113272527,25,20,20
48,2451,0.2090798015291016,0.03998856427428774,0.1114683927561909,0.63946324144042,25,20,20
48,2452,0.20907980152928363,0.03998856427428361,0.11147299460629545,0.6394586395901375,25,20,20
48,2453,0.20960097811422138,0.03999075770998395,0.1109497359470293,0.6394585282287654,25,20,20
48,2454,0.18737664832534193,0.03998176790879554,0.1332364674809562,0.6394051162849066,25,20,20
48,2455,0.18737664832793716,0.039981767909044424,0.13324119038933635,0.6394003933736822,25,20,20
48,2456,0.17991785856586306,0.04000240353089096,0.14068048761263535,0.639399250290611,25,20,20
48,2457,0.17180406847268323,0.04000241175093207,0.14879317146006218,0.6394003483163231,25,20,20
48,2458,0.1718040684726832,0.040002411750932006,0.14879316946535534,0.6394003503110298,25,20,20
48,2459,0.17165927212442889,0.04000241175093147,0.1489379658137413,0.6394003503108989,25,20,20
48,2460,0.17165927212424759,0.040002411750939874,0.14906269629454527,0.6392756198302677,25,20,20
48,2461,0.17165927212424767,0.040002411751184457,0.14906940076100783,0.6392689153635606,25,20,20
48,2462,0.171659272124294,0.04000241175118454,0.14906943945487902,0.6392688766696429,25,20,20
48,2463,0.17033855272754317,0.04000026645138255,0.15039230742615575,0.6392688733949189,25,20,20
48,2464,0.17033855272754309,0.04000026645113804,0.15038568543777844,0.6392754953835407,25,20,20
48,2465,0.17033855285796662,0.04000026645156557,0.1550753305361949,0.6345858501542732,25,20,20
48,2466,0.17033855285796584,0.04000026645156549,0.15494581030173699,0.6347153703887319,25,20,20
48,2467,0.17033855285796584,0.04000026645156557,0.15494589134785847,0.6347152893426103,25,20,20
48,2468,0.17033855285796584,0.04000026645156557,0.15494587531590287,0.634715305374566,25,20,20
48,2469,0.16490256569004333,0.03999797357201445,0.1603843134561288,0.6347151472818116,25,20,20
48,2470,0.1648456357556717,0.039997973840131394,0.16044121812151732,0.6347151722826778,25,20,20
48,2471,0.16484563575826633,0.039997973840131325,0.16045052287439535,0.6347058675272053,25,20,20
48,2472,0.16484563575822095,0.039997973840131255,0.1603583520579885,0.6347980383436576,25,20,20
48,2473,0.16484563577039663,0.039378072959722135,0.1609782526199173,0.6347980386499621,25,20,20
48,2474,0.16484563577297892,0.03937807295996522,0.16123090531839968,0.6345453859486543,25,20,20
48,2475,0.16492869896739829,0.03937807269182134,0.1611478673928598,0.6345453609479187,25,20,20
48,2476,0.16492869896739829,0.039378072691821274,0.1611478819231691,0.6345453464176096,25,20,20
48,2477,0.1649286989552227,0.03958467697002262,0.16094127796890872,0.6345453461058441,25,20,20
48,2478,0.16492869895517637,0.03958467697002254,0.16093691041200095,0.6345497136627983,25,20,20
48,2479,0.1649286989526269,0.03958467697026488,0.1612967007471786,0.6341899233299277,25,20,20
48,2480,0.164925380013307,0.03958467697026489,0.1613000196865007,0.6341899233299255,25,20,20
48,2481,0.1649253800132651,0.03958467697002263,0.16092947409197983,0.6345604689247306,25,20,20
48,2482,0.1649253800132651,0.03958467697002692,0.16093417764321008,0.6345557653734961,25,20,20
48,2483,0.16495365407073462,0.039584628856302664,0.16090594759596957,0.6345557694769913,25,20,20
48,2484,0.16495365406815235,0.03958462885605974,0.16065978324548202,0.6348019338303041,25,20,20
48,2485,0.1649402795673943,0.03958462885605784,0.16067315771639604,0.6348019338601503,25,20,20
48,2486,0.19377165772916632,0.03958463170771299,0.1318419845664103,0.6348017259967104,25,20,20
48,2487,0.19377165772658,0.039584631707953205,0.1317585746864531,0.6348851358790136,25,20,20
48,2488,0.19377165772658,0.039584631707953205,0.13175629853467652,0.6348874120307901,25,20,20
48,2489,0.19377165772662022,0.03958463170838118,0.13641074454048302,0.6302329660245151,25,20,20
48,2490,0.1937716580951618,0.02055946953878378,0.15543537758411557,0.6302334947819379,25,20,20
48,2491,0.2037825308277596,0.02053883414868823,0.14544692423821654,0.6302317107853349,25,20,20
48,2492,0.20378253082775644,0.020538833360457587,0.14511705133505265,0.6305615844767327,25,20,20
48,2493,0.1784280762136384,0.02053883014303323,0.17047152482107464,0.6305615688222526,25,20,20
48,2494,0.1876308482354873,0.020538836531400744,0.16126874807415428,0.6305615671589565,25,20,20
48,2495,0.1876308482354873,0.020538836531400744,0.16126866653204788,0.6305616487010629,25,20,20
48,2496,0.20423975447175202,0.02053883613593957,0.14465975994123817,0.6305616494510695,25,20,20
48,2497,0.20423975447175516,0.02053883613593957,0.1446597605188226,0.6305616488734818,25,20,20
48,2498,0.19829894508537044,0.02053884054364623,0.150600565501742,0.6305616488692404,25,20,20
48,2499,0.19829894508536725,0.020538840543646086,0.150594041873221,0.6305681724977648,25,20,20
48,2500,0.19350582028357713,0.020538843768100903,0.15538633943544752,0.6305689965128736,25,20,20
48,2501,0.1935058202837593,0.020538843768101053,0.1553864818647554,0.6305688540833834,25,20,20
48,2502,0.1935058202837593,0.02053884376810098,0.15538639881108182,0.6305689371370569,25,20,20
48,2503,0.1935058202837593,0.02053884376810098,0.15538639742365548,0.6305689385244831,25,20,20
48,2504,0.1935058202837593,0.02053884376810098,0.15539292041462865,0.63056241553351,25,20,20
48,2505,0.1935058202839414,0.020538843768345572,0.15539115120567393,0.630564184742038,25,20,20
48,2506,0.19344845644917627,0.0205388437683929,0.1554485190754269,0.6305641807070028,25,20,20
48,2507,0.1934484564491771,0.020538843782291316,0.15557802759920417,0.6304346721693262,25,20,20
48,2508,0.20148531288877528,0.02053883556540632,0.14754227697707747,0.6304335745687402,25,20,20
48,2509,0.2014853128887721,0.020538835565406244,0.14754372913545746,0.6304321224103635,25,20,20
48,2510,0.2014853128887689,0.020538835565161676,0.14753482491014613,0.6304410266359226,25,20,20
48,2511,0.2014853128887286,0.02053883556472942,0.142875676764378,0.6351001747821633,25,20,20
48,2512,0.20147778579728473,0.020538835656838436,0.1428832033395731,0.6351001752063031,25,20,20
48,2513,0.2014777857972848,0.02053883565683422,0.14287861510013447,0.6351047634457458,25,20,20
48,2514,0.20147778579728393,0.02053883565682567,0.14274919998407445,0.6352341785618153,25,20,20
48,2515,0.1972056857260498,0.020553477572366786,0.1470066573869266,0.6352341793146563,25,20,20
48,2516,0.19733430962310972,0.020553477480258275,0.14687803399864513,0.6352341788979864,25,20,20
48,2517,0.20310143408987968,0.020553473072439647,0.1411109139653332,0.635234178872347,25,20,20
48,2518,0.20310143408988288,0.020553473072679185,0.14124104734509557,0.635104045492342,25,20,20
48,2519,0.20310143408988288,0.020553473072679185,0.14124104872240278,0.6351040441150347,25,20,20
48,2520,0.20310143372140121,0.01038699300848664,0.15140805791259604,0.6351035153575154,25,20,20
48,2521,0.20310143372140121,0.010386993008486636,0.15140797882588689,0.6351035944442245,25,20,20
48,2522,0.20310143372140121,0.010386993008486636,0.1514080579037812,0.6351035153663301,25,20,20
48,2523,0.2031014337212191,0.010386993008242038,0.15140322437544637,0.6351083488950916,25,20,20
48,2524,0.20310143372121917,0.010386993008242038,0.1514032258020476,0.6351083474684903,25,20,20
48,2525,0.20760560314940893,0.010386989761548768,0.14689988538268378,0.6351075217063579,25,20,20
48,2526,0.20755592613888194,0.010386989758447934,0.1469495623896619,0.6351075217130073,25,20,20
48,2527,0.21214558636308178,0.01037234784276907,0.14237454484165477,0.6351075209524936,25,20,20
48,2528,0.21214558636308184,0.010372347842769141,0.14237451347149044,0.6351075523226579,25,20,20
48,2529,0.21214558636308098,0.0103723478288708,0.14224500636478435,0.6352370594432633,25,20,20
48,2530,0.21214558636308417,0.010372347828870875,0.14224970930430017,0.6352323565037442,25,20,20
48,2531,0.21214558636308417,0.010372347828870875,0.1426226972474666,0.6348593685605778,25,20,20
48,2532,0.21214558636308423,0.010372347828870875,0.1427118436922864,0.634770222115758,25,20,20
48,2533,0.21214558636308423,0.010372347828871026,0.142713465875014,0.6347685999330303,25,20,20
48,2534,0.21214558636323436,0.0387609387574721,0.11432487494087472,0.6347685999384186,25,20,20
48,2535,0.21214558636323116,0.03876093875723257,0.11419474047557399,0.6348987344039619,25,20,20
48,2536,0.179570581964955,0.038762252967420786,0.1467624727083135,0.6349046923593099,25,20,20
48,2537,0.17957058196495507,0.03876225296766454,0.146891880570492,0.6347752844968876,25,20,20
48,2538,0.17957058196500697,0.0387622529679092,0.14689854920111314,0.6347686158659698,25,20,20
48,2539,0.17215002877825294,0.038760952194820446,0.15432636000032102,0.6347626590266054,25,20,20
48,2540,0.17215002864764808,0.03876095219439285,0.14964124757971306,0.6394477715782461,25,20,20
48,2541,0.172150028647652,0.038760952208243216,0.14990399353907674,0.6391850256050282,25,20,20
48,2542,0.17215002864765122,0.03876095220823893,0.1498993293492916,0.6391896897948185,25,20,20
48,2543,0.17214984434246985,0.03877464383642581,0.14995308993121317,0.6391224218898911,25,20,20
48,2544,0.13270305923838066,0.03877464467425691,0.18939987020304652,0.639122425884315,25,20,20
48,2545,0.1327030592381568,0.03876095431446549,0.18941356092180747,0.6391224255255693,25,20,20
48,2546,0.12560385621340753,0.038761199809742346,0.19651136782476816,0.6391235761520814,25,20,20
48,2547,0.12560385621081235,0.03876119980949347,0.19651123346354102,0.6391237105161527,25,20,20
48,2548,0.12560385621081235,0.03876119980949346,0.1965111935022019,0.6391237504774917,25,20,20
48,2549,0.1256038562108124,0.03876119980949354,0.1965112745836559,0.6391236693960374,25,20,20
48,2550,0.12560385621081246,0.03876119980949657,0.20719608636398207,0.6284388576157082,25,20,20
48,2551,0.12560385621081246,0.03876119980949657,0.20719611917213904,0.6284388248075511,25,20,20
48,2552,0.12561432348883636,0.03876120197010903,0.2071856493652404,0.6284388251758135,25,20,20
48,2553,0.12561432348878449,0.03876120197010889,0.20718373314147698,0.6284407413996288,25,20,20
48,2554,0.11283852049330165,0.038761224601274395,0.2199593782479706,0.6284408766574524,25,20,20
48,2555,0.11283852049348374,0.03876122460127447,0.21995478641604,0.6284454684892007,25,20,20
48,2556,0.11285530945905414,0.038761211172303064,0.21993801200167745,0.6284454673669643,25,20,20
48,2557,0.1128553094590542,0.03876121117229892,0.21994447390830404,0.6284390054603418,25,20,20
48,2558,0.11285530945923627,0.03876121117230322,0.21994666625484652,0.628436813113613,25,20,20
48,2559,0.11285530945923622,0.03876121117205862,0.21994183075884333,0.628441648609861,25,20,20
48,2560,0.11285530945923622,0.03876121117205862,0.21994183273195553,0.6284416466367485,25,20,20
48,2561,0.11285530945923622,0.03876121117205862,0.2199418321462695,0.6284416472224346,25,20,20
48,2562,0.11274006975600064,0.03876121034592718,0.22005707668141486,0.6284416432166566,25,20,20
48,2563,0.11274006975582175,0.03876121034592711,0.2200616685428106,0.62843705135544,25,20,20
48,2564,0.11274006975582175,0.038761210345927034,0.22006664977648652,0.6284320701217643,25,20,20
48,2565,0.11274006975582171,0.038761210345923926,0.209015338929002,0.6394833809692516,25,20,20
48,2566,0.07275252206285804,0.03876121555317552,0.24900146715494675,0.639484795229019,25,20,20
48,2567,0.07275252206286117,0.038761215553175445,0.248996487446502,0.6394897749374606,25,20,20
48,2568,0.07275252206265087,0.03997756341253129,0.24778013958718745,0.6394897749376297,25,20,20
48,2569,0.07274009534085844,0.039977558207195216,0.24769924325882337,0.6395831031931224,25,20,20
48,2570,0.0733643342490164,0.03997940651597037,0.2470731563827732,0.63958310285224,25,20,20
48,2571,0.07348654196606169,0.03997940651599854,0.24695094908253395,0.6395831024354056,25,20,20
48,2572,0.07348654196605917,0.03997940651600215,0.2531958311533115,0.6333382203646282,25,20,20
48,2573,0.07348654196605994,0.03997940651600222,0.25310671878079605,0.6334273327371427,25,20,20
48,2574,0.07348654196587781,0.03997940651600215,0.2531088524723845,0.6334251990457365,25,20,20
48,2575,0.073486541965881,0.03997940651624676,0.25311121343378706,0.6334228380840861,25,20,20
48,2576,0.0742392704278194,0.03997945187339785,0.2523583314546202,0.6334229462441631,25,20,20
48,2577,0.11359562714583633,0.03997735260743995,0.21300407403005317,0.6334229462166711,25,20,20
48,2578,0.11359562714583954,0.03997735260743988,0.21300341889442476,0.6334236013522963,25,20,20
48,2579,0.11359562714583951,0.0399773526074398,0.2129968146763018,0.6334302055704194,25,20,20
48,2580,0.11359786540206647,0.03997735260735687,0.21299457643509678,0.6334302055554804,25,20,20
48,2581,0.11359786540206653,0.03997735260736116,0.213001182928408,0.6334235990621647,25,20,20
48,2582,0.11359786540206653,0.03997735260736124,0.2130077856850656,0.6334169963055072,25,20,20
48,2583,0.11546215475719177,0.03997731489152683,0.21114371110769642,0.6334168192435853,25,20,20
48,2584,0.15492781210212672,0.03997728576554353,0.17167821696048427,0.6334166851718457,25,20,20
48,2585,0.15492781210212675,0.03997728576554353,0.17167164063482765,0.6334232614975024,25,20,20
48,2586,0.15460320735142694,0.03997724064271185,0.1719963975334662,0.6334231544723952,25,20,20
48,2587,0.15460320735160737,0.03997724064295845,0.1723694918846307,0.6330500601208037,25,20,20
48,2588,0.15460320735160346,0.03997724062935267,0.172106877936283,0.633312674082761,25,20,20
48,2589,0.15460320735160665,0.039977240629352824,0.1721069932537332,0.6333125587653076,25,20,20
48,2590,0.15460320735142452,0.03997724062934846,0.1721046856058113,0.633314866413416,25,20,20
48,2591,0.15460320735157673,0.03997727155835361,0.18479123098292413,0.6206282901071457,25,20,20
48,2592,0.15460320735157607,0.03997727155835,0.17854176124897225,0.6268777598411017,25,20,20
48,2593,0.15460320735157607,0.038281764804090394,0.18023726800878773,0.6268777598355458,25,20,20
48,2594,0.15460320735400773,0.03828173387508951,0.1676755961624014,0.6394394626085014,25,20,20
48,2595,0.15460320735400773,0.03828173387484569,0.16754607302388247,0.6395689857472641,25,20,20
48,2596,0.15469115307979853,0.03828414375755189,0.16744422769968711,0.639580475462962,25,20,20
48,2597,0.15469115307980175,0.03828414375755189,0.16744428459282695,0.6395804185698191,25,20,20
48,2598,0.1555092638159976,0.03828414414390696,0.1666260603564375,0.6395805316836572,25,20,20
48,2599,0.15550926381599767,0.03828414414390681,0.1666307413257507,0.6395758507143442,25,20,20
48,2600,0.1555092638159977,0.03828414414390681,0.1666374753536057,0.6395691166864892,25,20,20
48,2601,0.15550926381599683,0.038284144143906816,0.16663898024495233,0.6395676117951434,25,20,20
48,2602,0.1555092638134098,0.03828414414390682,0.16651114671998324,0.6396954453226995,25,20,20
48,2603,0.15550926381359184,0.038284144143902535,0.16651265452841024,0.6396939375140948,25,20,20
48,2604,0.15550926381359184,0.03828414414390682,0.1665128497993293,0.6396937422431714,25,20,20
48,2605,0.11703969151532367,0.03828576531169946,0.20455482538997483,0.640119717783002,25,20,20
48,2606,0.11703969151532054,0.038285765311454854,0.20455254693052208,0.6401219962427027,25,20,20
48,2607,0.11703969151532047,0.04000382690536472,0.2028344853366121,0.6401219962427027,25,20,20
48,2608,0.1177121644835075,0.04000382698900792,0.2022554062237586,0.6400286023037259,25,20,20
48,2609,0.11771216448350426,0.04000382698900792,0.20225060655220484,0.6400334019752829,25,20,20
48,2610,0.11771216448350426,0.04000382698900792,0.20225068759302356,0.6400333209344643,25,20,20
48,2611,0.1168940449121337,0.04000382658831417,0.20306868623498062,0.6400334422645717,25,20,20
48,2612,0.1168940449121305,0.0400038265883141,0.20306717559367332,0.6400349529058822,25,20,20
48,2613,0.11689404491199562,0.04000382658807609,0.20269432832880632,0.6404078001711223,25,20,20
48,2614,0.11689404491199876,0.04000382658831641,0.2026900827971331,0.6404120457025521,25,20,20
48,2615,0.11689404491200305,0.011243872020567843,0.23145003736485162,0.6404120457025777,25,20,20
48,2616,0.11689404491200305,0.01124387202056355,0.2314498407065064,0.6404122423609272,25,20,20
48,2617,0.12231908728906836,0.011243664242743643,0.2260259796714533,0.6404112687967347,25,20,20
48,2618,0.12231908728902281,0.011243664242735058,0.22602570614708054,0.6404115423211617,25,20,20
48,2619,0.12231908728902594,0.011243664242735207,0.22602573529615672,0.6404115131720822,25,20,20
48,2620,0.12231908728902914,0.011243664242735284,0.2260304402086946,0.640406808259541,25,20,20
48,2621,0.14378977562793074,0.011243686474909526,0.2045567016373394,0.6404098362598201,25,20,20
48,2622,0.1437897756279308,0.011243686474909604,0.20455898083636748,0.640407557060792,25,20,20
48,2623,0.1431173026597661,0.011243692629466014,0.20523279570431224,0.6404062090064554,25,20,20
48,2624,0.14311730265976372,0.011243692629470302,0.20523777923530503,0.6404012254754605,25,20,20
48,2625,0.14311730265976363,0.011243692629470302,0.2052356153126174,0.6404033893981481,25,20,20
48,2626,0.1430313295985787,0.01124128273192787,0.20533548798948031,0.640391899680013,25,20,20
48,2627,0.1430313295985787,0.011241282731683353,0.20533073652323083,0.640396651146507,25,20,20
48,2628,0.14303132960895965,0.011241282731687641,0.2053289323939472,0.6403984552654053,25,20,20
48,2629,0.14303132960895967,0.011241282731687568,0.2053289330038296,0.640398454655523,25,20,20
48,2630,0.14303132960895726,0.011241282731687565,0.2053355273520312,0.6403918603073242,25,20,20
48,2631,0.14303132960895804,0.011241282731691843,0.20546494044668642,0.6402624472126641,25,20,20
48,2632,0.14303132960895804,0.011241282731691843,0.2054649404100445,0.6402624472493058,25,20,20
48,2633,0.143034000118883,0.011241282730070743,0.20546226989467115,0.6402624472563757,25,20,20
48,2634,0.1430340001188862,0.011241282730075037,0.20546235271929944,0.64026236443174,25,20,20
48,2635,0.1430340001188862,0.011241282730075037,0.20546235321842207,0.6402623639326174,25,20,20
48,2636,0.143034000118883,0.011241282730074962,0.2054576502789063,0.6402670668721363,25,20,20
48,2637,0.14303400071064004,0.01124128273007505,0.20532989642467314,0.6403948201346124,25,20,20
48,2638,0.14303400071064004,0.011241282730074973,0.2053283574258849,0.6403963591334008,25,20,20
48,2639,0.14303400071063765,0.011241282730315277,0.2053329956530185,0.6403917209060291,25,20,20
48,2640,0.14303400071063685,0.011241282730070754,0.2053282760183278,0.6403964405409652,25,20,20
48,2641,0.181864130806062,0.011241283067385796,0.16649837841855175,0.6403962077080005,25,20,20
48,2642,0.18186413545040025,0.011241276936734563,0.16649668532636702,0.6403979022864984,25,20,20
48,2643,0.18186413545039948,0.011241276936734563,0.16649003547245209,0.6404045521404141,25,20,20
48,2644,0.18186413545040267,0.011241276936738855,0.16649652613407007,0.6403980614787886,25,20,20
48,2645,0.14239804099867115,0.011241291424773538,0.20595867120912797,0.6404019963674277,25,20,20
48,2646,0.14189068466995394,0.011241276936749874,0.2064699768710123,0.6403980615222842,25,20,20
48,2647,0.1418906846701361,0.011241276936749875,0.2064700171703829,0.6403980212227315,25,20,20
48,2648,0.14189068002454946,0.011241276827286041,0.1665640213318355,0.6803040218163292,25,20,20
48,2649,0.1418906800347475,0.011241276827530691,0.16656842904255814,0.6802996140951643,25,20,20
48,2650,0.1418906800348244,0.011241276827737156,0.17281816118491594,0.674049881952523,25,20,20
48,2651,0.14189068003482125,0.011241276827732866,0.17307788785260228,0.6737901552848442,25,20,20
48,2652,0.14187307333600183,0.011241276827721781,0.17309549459491527,0.6737901552413617,25,20,20
48,2653,0.12640248498632423,0.011241276478461768,0.18856608495802057,0.6737901535771939,25,20,20
48,2654,0.12640248498632417,0.011241276478461692,0.1885660820036156,0.673790156531599,25,20,20
48,2655,0.12640213651849377,0.011241277335659588,0.1885664295413185,0.6737901566045288,25,20,20
48,2656,0.12640213651864746,0.011241278006251323,0.1948168444660625,0.6675397410090391,25,20,20
48,2657,0.12640213651864743,0.011241278006251321,0.1948101103617416,0.6675464751133603,25,20,20
48,2658,0.12640213651849694,0.01124127733566395,0.18856197455826584,0.6737946115875739,25,20,20
48,2659,0.12640213651831483,0.011241277335668242,0.1885684597113876,0.6737881264346299,25,20,20
48,2660,0.14302841373130162,0.011241277338208091,0.17194218251306947,0.6737881264174213,25,20,20
48,2661,0.1430284137313016,0.011241277338212308,0.1716824558152096,0.6740478531152772,25,20,20
48,2662,0.14291017875303128,0.011241276495863213,0.17180069163924727,0.6740478531118587,25,20,20
48,2663,0.1429101787530281,0.011241276495618601,0.17179844714936437,0.6740500976019891,25,20,20
48,2664,0.18290878837783267,0.011241276480769573,0.13179983761007052,0.6740500975313263,25,20,20
48,2665,0.1460317476119629,0.011241299811015952,0.16867685309425706,0.6740500994827642,25,20,20
48,2666,0.13632803769931784,0.011241307525806064,0.1749778063908112,0.6774528483840652,25,20,20
48,2667,0.1363280376993136,0.03876293253645706,0.1474561813800969,0.6774528483841322,25,20,20
48,2668,0.1363280376993136,0.03876293253645698,0.14745606690547616,0.6774529628587531,25,20,20
48,2669,0.1363280376993144,0.03876293253645698,0.14746279904716,0.6774462307170686,25,20,20
48,2670,0.1363280713454932,0.03876293255085332,0.14756395541928488,0.6773450406843685,25,20,20
48,2671,0.1363280376993144,0.03876293253645699,0.1474627985480385,0.67744623121619,25,20,20
48,2672,0.13332564151275378,0.03876290965034495,0.15046521957147754,0.6774462292654236,25,20,20
48,2673,0.13332564151532508,0.03876290966415395,0.15083716687528848,0.6770742819452326,25,20,20
48,2674,0.13332564151532508,0.03876290966415396,0.15083712436981492,0.677074324450706,25,20,20
48,2675,0.1333256415127506,0.038762909650340585,0.15046289598172183,0.6774485528551871,25,20,20
48,2676,0.1333256415127474,0.03876290965034473,0.1504629815747269,0.6774484672621809,25,20,20
48,2677,0.1333256415127474,0.03876290965034473,0.15046290108506433,0.6774485477518435,25,20,20
48,2678,0.11141817007866507,0.0387629006181869,0.1723734106878829,0.6774455186152655,25,20,20
48,2679,0.12098400060413418,0.038762892912831394,0.16621031184445065,0.6740427946385842,25,20,20
48,2680,0.12098400060413338,0.038762892912831394,0.16620357924028595,0.6740495272427496,25,20,20
48,2681,0.1209840006039516,0.038762892912831394,0.16611139230602842,0.674141714177189,25,20,20
48,2682,0.1209840006039516,0.038762892912827106,0.16610486690023862,0.674148239582983,25,20,20
48,2683,0.1209840006039516,0.038762892912827106,0.16610490798983657,0.674148198493385,25,20,20
48,2684,0.12098400059357148,0.03876289291282703,0.16610238905046276,0.6741507174431389,25,20,20
48,2685,0.12098400059357159,0.03876289291282703,0.16619478020610573,0.6740583262874957,25,20,20
48,2686,0.1209840005935716,0.038762892912827106,0.1661948150524922,0.6740582914411093,25,20,20
48,2687,0.12098400000181377,0.038762892912826995,0.16656614323074578,0.6736869638546136,25,20,20
48,2688,0.12098400000181377,0.038762892912822734,0.16619304133761578,0.6740600657477479,25,20,20
48,2689,0.12098400000181364,0.03876289291282281,0.16610073191383595,0.6741523751715277,25,20,20
48,2690,0.12112308383872644,0.038762892903386754,0.16596167301844386,0.6741523502394429,25,20,20
48,2691,0.12112308382852839,0.03876289290314225,0.16595415842509584,0.6741598648432333,25,20,20
48,2692,0.12112308382852839,0.03876289290314225,0.16595416039818747,0.6741598628701414,25,20,20
48,2693,0.12112308382852839,0.03876289290314225,0.16595416039836425,0.6741598628699645,25,20,20
48,2694,0.12112308382852842,0.03876289290314225,0.16595416260226042,0.6741598606660685,25,20,20
48,2695,0.1211230838287105,0.038762892903142256,0.16595226193879875,0.6741617613293481,25,20,20
48,2696,0.08121297493222153,0.038762937069462926,0.19293769906614,0.6870863889321756,25,20,20
48,2697,0.08120904778365003,0.038762936640134575,0.1929416266434753,0.68708638893274,25,20,20
48,2698,0.08120904778365,0.038762936640134645,0.19294173971609646,0.6870862758601187,25,20,20
48,2699,0.08369402491214205,0.038761340945124616,0.19088433131716717,0.6866603028255662,25,20,20
48,2700,0.08369402506005594,0.038761340945364965,0.19089305327714562,0.6866515807174335,25,20,20
48,2701,0.08363456682979825,0.038761385937317254,0.19060680762250207,0.6869972396103825,25,20,20
48,2702,0.0836345668296193,0.03876138593731711,0.19060682699538017,0.6869972202376833,25,20,20
48,2703,0.08363456682961937,0.03876138593731703,0.1906068207462328,0.6869972264868305,25,20,20
48,2704,0.08363456682977373,0.03876138593752699,0.19685632988287127,0.6807477173498274,25,20,20
48,2705,0.08126668156985656,0.03876138657130689,0.19922421148826527,0.680747720370571,25,20,20
48,2706,0.08126668156985656,0.038761386571306816,0.19922409759917417,0.6807478342596621,25,20,20
48,2707,0.08126668156985575,0.03876138657130253,0.19922193235015698,0.6807499995086843,25,20,20
48,2708,0.08126668157003784,0.03876138657130253,0.19922854534927076,0.6807433865093884,25,20,20
48,2709,0.08126668157003465,0.03876138657130253,0.19922838154069697,0.6807435503179654,25,20,20
48,2710,0.08126668157003471,0.03876138657130253,0.19922849446681334,0.6807434373918488,25,20,20
48,2711,0.08376085528921573,0.03876134210174083,0.1970760025956459,0.6804018000133968,25,20,20
48,2712,0.08376085528921577,0.03876134210174083,0.19707596977701503,0.6804018328320276,25,20,20
48,2713,0.08122728168537612,0.03884057683606451,0.19953421388845427,0.6803979275901044,25,20,20
48,2714,0.042839812169347874,0.0388405776722458,0.2379214537663156,0.6803981563920898,25,20,20
48,2715,0.04283981216934781,0.03884057767224573,0.23792145176297164,0.6803981583954339,25,20,20
48,2716,0.042839812169347014,0.038840577672241444,0.23791484720333742,0.6804047629550735,25,20,20
48,2717,0.04283980684451867,0.03884057767239885,0.23791485248524438,0.6804047629978381,25,20,20
48,2718,0.04283980685489912,0.03884057767239893,0.23792151969920183,0.6803980957735004,25,20,20
48,2719,0.04283980685489918,0.03884057767240319,0.2381878509681308,0.6801317645045672,25,20,20
48,2720,0.04283980685489918,0.03884057767240319,0.23818793204367683,0.6801316834290215,25,20,20
48,2721,0.045939148793897946,0.038840586779503534,0.2350824566970556,0.6801378077295429,25,20,20
48,2722,0.045939148793897946,0.038840586779503534,0.23508237422407516,0.6801378902025235,25,20,20
48,2723,0.04593914878351749,0.038840586779503534,0.2350758214937354,0.6801444429432436,25,20,20
48,2724,0.045939148783341766,0.038840586779499246,0.23507436016263925,0.6801459042745199,25,20,20
48,2725,0.048291426057706005,0.038840586145725206,0.2327220865422456,0.6801459012543235,25,20,20
48,2726,0.04829142605770627,0.03946922610161436,0.23209344658097497,0.6801459012597049,25,20,20
48,2727,0.048291426057706276,0.03946922610161433,0.24606320373289065,0.6661761441077887,25,20,20
48,2728,0.04829142605769988,0.03946922610161434,0.24606007366901486,0.666179274171671,25,20,20
48,2729,0.04829142605856679,0.04002527950260919,0.2455040202725315,0.6661792741662925,25,20,20
48,2730,0.04802205925428254,0.04002527934858669,0.2457736160333481,0.6661790453637828,25,20,20
48,2731,0.0480220592542826,0.04002527934858677,0.2457782368203199,0.6661744245768106,25,20,20
48,2732,0.048022059254282545,0.04002527934858677,0.24577812864140963,0.6661745327557209,25,20,20
48,2733,0.048022059254282656,0.04002527934859106,0.24577958515687914,0.6661730762402469,25,20,20
48,2734,0.04802205925432789,0.04002527934883413,0.24604619072590567,0.6659064706709323,25,20,20
48,2735,0.04802205925451003,0.04002527934883849,0.24604790235490348,0.665904759041748,25,20,20
48,2736,0.04802205925451083,0.04002527934883857,0.24605446628199645,0.6658981951146543,25,20,20
48,2737,0.04850271766630842,0.03994604408175044,0.2456531594103572,0.6658980788415838,25,20,20
48,2738,0.04850271779160824,0.03994604408174971,0.25172502975600985,0.6598262083706318,25,20,20
48,2739,0.048022124404557574,0.03994607025401861,0.2522055947820035,0.65982621055942,25,20,20
48,2740,0.04802212440440321,0.03994607025381288,0.24596070804031978,0.6660710973014641,25,20,20
48,2741,0.04802212440440321,0.03994607025381288,0.2459607060672282,0.6660710992745558,25,20,20
48,2742,0.0480221244042211,0.03994607025381288,0.24595397860408874,0.6660778267378771,25,20,20
48,2743,0.04802212440422104,0.03994607025380859,0.24595402911129569,0.6660777762306744,25,20,20
48,2744,0.04802212440422104,0.0399460702538043,0.24594940602531642,0.666082399316658,25,20,20
48,2745,0.04828738788532351,0.03994607037697812,0.24568414228530916,0.6660823994523889,25,20,20
48,2746,0.04828738788532351,0.03994607037697812,0.2456840632074845,0.6660824785302136,25,20,20
48,2747,0.07710420595583604,0.039946239577262774,0.22978970468846593,0.6531598497784346,25,20,20
48,2748,0.07710420595588148,0.039946239577506606,0.2299199821617035,0.6530295723049077,25,20,20
48,2749,0.07360594623984187,0.0399462137457928,0.2334181333767194,0.6530297066376447,25,20,20
48,2750,0.07360594611435993,0.03994621374578916,0.2273446310535675,0.6591032090862822,25,20,20
48,2751,0.07360594611431448,0.03994621374554533,0.22721435438204954,0.6592334857580895,25,20,20
48,2752,0.07360594611431454,0.039946213745545404,0.2274806064877359,0.6589672336524031,25,20,20
48,2753,0.07360594611431373,0.039946213745545404,0.2278470650423959,0.6586007750977438,25,20,20
48,2754,0.07360594611431698,0.039946213745789466,0.2279393664179336,0.6585084737219588,25,20,20
48,2755,0.07360594611431782,0.03994621374603245,0.22783330403888602,0.6586145361007624,25,20,20
48,2756,0.07360594612460285,0.039946213759849865,0.22820586423293893,0.658241975882607,25,20,20
48,2757,0.07360594612452595,0.0399462137596434,0.2219562125558323,0.6644916275599972,25,20,20
48,2758,0.11285146416380364,0.0399462237088238,0.18271082231370278,0.664491489813669,25,20,20
48,2759,0.1112576384125027,0.0399462633789729,0.18430460175849306,0.6644914964500306,25,20,20
48,2760,0.1107755455451328,0.03994628348130155,0.18478667284213335,0.6644914981314318,25,20,20
48,2761,0.10548272345153925,0.03994627360930614,0.19007950527187722,0.6644914976672767,25,20,20
48,2762,0.10548272345153921,0.039946273609306214,0.19008599510039392,0.66448500783876,25,20,20
48,2763,0.10585657437047394,0.03994625359764661,0.18971214167298542,0.6644850303588935,25,20,20
48,2764,0.10597948892417795,0.050547375845006674,0.17898783413901634,0.6644853010917984,25,20,20
48,2765,0.10597948877626406,0.050547375844766325,0.17897911217903809,0.6644940231999311,25,20,20
48,2766,0.10597948877626406,0.050547375844766325,0.17897903254994724,0.6644941028290221,25,20,20
48,2767,0.10599711741122998,0.05054737584461995,0.17896140395785318,0.6644941027862967,25,20,20
48,2768,0.10599711741122998,0.05054737584462002,0.17896151839821034,0.6644939883459395,25,20,20
48,2769,0.10599711741123001,0.05054737584462439,0.17896314056036855,0.6644923661837772,25,20,20
48,2770,0.10599711741123002,0.05054737584462439,0.17896336974455604,0.6644921369995892,25,20,20
48,2771,0.10599711741122685,0.05054737584438462,0.17887767285459988,0.6645778338897883,25,20,20
48,2772,0.10599711741123001,0.050547375844380404,0.17914382376896787,0.6643116829754214,25,20,20
48,2773,0.10599669685579748,0.05054733622250309,0.1791442907171466,0.664311676204552,25,20,20
48,2774,0.10599669744174482,0.05054733623631341,0.17953857803452286,0.6639173882874181,25,20,20
48,2775,0.10599669744174803,0.05054733623655793,0.1795423753451566,0.6639135909765366,25,20,20
48,2776,0.10599669744174482,0.05054733623631341,0.17953854526131086,0.66391742106063,25,20,20
48,2777,0.10599669744174482,0.05054733623631758,0.17991156606756356,0.6635444002543732,25,20,20
48,2778,0.10599669744174484,0.05054733623631758,0.17990515681893002,0.6635508095030067,25,20,20
48,2779,0.10599669685579828,0.05054733622250733,0.17951295869238076,0.6639430082293128,25,20,20
48,2780,0.10599669685579832,0.05054733622250726,0.17951794105042165,0.6639380258712722,25,20,20
48,2781,0.10599669686614663,0.050547336222746875,0.17964802771132685,0.6638079391997789,25,20,20
48,2782,0.10599669686614581,0.05054733622250386,0.19043890917744663,0.6530170577339031,25,20,20
48,2783,0.10599720982571116,0.050547335362909035,0.19043839289328576,0.6530170619180933,25,20,20
48,2784,0.10599720982571109,0.050547335362904816,0.19043190229729806,0.6530235525140853,25,20,20
48,2785,0.1059972098257103,0.05054733536290489,0.19080268637577016,0.6526527684356138,25,20,20
48,2786,0.10599720982571025,0.05054733536290071,0.19054105494226167,0.6529143998691267,25,20,20
48,2787,0.1059972098257071,0.05054733536290071,0.190274822681186,0.6531806321302054,25,20,20
48,2788,0.10599720995042208,0.05054737355203361,0.19655104338734752,0.6469043731101959,25,20,20
48,2789,0.10599720995042215,0.0505473735520379,0.19655574555165106,0.6468996709458881,25,20,20
48,2790,0.10599720808107303,0.05054737355202315,0.19655552187753098,0.6468998964893722,25,20,20
48,2791,0.11203417314393083,0.05054737347492016,0.19051855725170647,0.6468998961294422,25,20,20
48,2792,0.11203417314393083,0.050547373474920006,0.19014549445709117,0.6472729589240575,25,20,20
48,2793,0.11203417301921585,0.05054733528578703,0.18386468686575033,0.6535538048292464,25,20,20
48,2794,0.11203417302959628,0.0505473352860359,0.1838713950590765,0.6535470966252909,25,20,20
48,2795,0.08324740117919406,0.05054712193478502,0.21266037698991805,0.6535450998961022,25,20,20
48,2796,0.0832474011688457,0.05054712193454112,0.21253009566763256,0.65367538122898,25,20,20
48,2797,0.08324740115856062,0.050547121920723706,0.2121559140160257,0.6540495629046894,25,20,20
48,2798,0.12322403810937355,0.05054712192683735,0.1721795067869486,0.6540493331768401,25,20,20
48,2799,0.12307768425473191,0.050547122107746534,0.1723258362842159,0.6540493573533053,25,20,20
48,2800,0.12307768425473509,0.05054712210775082,0.172330499404534,0.6540446942329797,25,20,20
48,2801,0.12307768425473509,0.05054712210775082,0.17233052653332007,0.6540446671041937,25,20,20
48,2802,0.1230603564822649,0.05054712210788547,0.17234772789798092,0.6540447935118688,25,20,20
48,2803,0.12306035648226242,0.050547122107885034,0.1770018948081757,0.6493906266016769,25,20,20
48,2804,0.12306035648226246,0.0505471221078922,0.18325136442353426,0.643141156986311,25,20,20
48,2805,0.12306035648226246,0.05054712210813515,0.16954784390745256,0.6568446775021498,25,20,20
48,2806,0.12306035648226249,0.0505471221081309,0.16917944242896593,0.6572130789806409,25,20,20
48,2807,0.12306035648226178,0.05054712210812712,0.16452527318524798,0.6618672482243632,25,20,20
48,2808,0.12306035648226185,0.05054712210813132,0.16452527548959142,0.6618672459200154,25,20,20
48,2809,0.08466904239706462,0.05054847751629529,0.2029088795382474,0.6618736005483926,25,20,20
48,2810,0.12143579686409402,0.05054845496678584,0.1661482719211323,0.6618674762479878,25,20,20
48,2811,0.12148046032501615,0.05054845505898191,0.16610360751099162,0.6618674771050103,25,20,20
48,2812,0.12148046032501612,0.05054845505898191,0.1661036070328606,0.6618674775831412,25,20,20
48,2813,0.12148046033980131,0.023251103485134775,0.19340095859198914,0.6618674775830747,25,20,20
48,2814,0.12136600315606677,0.02325115250408939,0.19351536887749904,0.6618674754623448,25,20,20
48,2815,0.12136600315606678,0.023251152504089382,0.19350884717911868,0.6618739971607251,25,20,20
48,2816,0.12136600315606678,0.02325115250408939,0.19350884915223085,0.6618739951876131,25,20,20
48,2817,0.12136600315606678,0.023251152504089392,0.19350893022777688,0.6618739141120669,25,20,20
48,2818,0.12136600315606684,0.02325115250408939,0.19350901292556005,0.6618738314142837,25,20,20
48,2819,0.12120615278492726,0.023251152503671893,0.1936674906867362,0.6618752040246645,25,20,20
48,2820,0.12120615278510936,0.023251152503671893,0.19367757735159144,0.6618651173596273,25,20,20
48,2821,0.1212061527694572,0.05057974479542856,0.1663489850755174,0.6618651173595964,25,20,20
48,2822,0.12120615276945795,0.050579744795428566,0.16647886127832592,0.6617352411567872,25,20,20
48,2823,0.12120615276945797,0.0505797447954285,0.16647886290077507,0.661735239534338,25,20,20
48,2824,0.1212058735806426,0.05058109692394222,0.16647158097723114,0.6617414485181835,25,20,20
48,2825,0.11203713627645467,0.0506011532866841,0.1755716118112148,0.661790098625646,25,20,20
48,2826,0.11203713627905003,0.050601153286688405,0.17557389772262988,0.6617878127116312,25,20,20
48,2827,0.11203713627905001,0.050601153286445405,0.17530762630141666,0.6620540841330873,25,20,20
48,2828,0.11203713627904996,0.05060115328644112,0.17530292216400084,0.6620587882705073,25,20,20
48,2829,0.11203713627886787,0.05060115328644112,0.17529271964224527,0.6620689907924452,25,20,20
48,2830,0.11203713627627247,0.050601153286436745,0.17529035208666963,0.6620713583506205,25,20,20
48,2831,0.11203744530633149,0.05059980116674967,0.17529773052435593,0.6620650230025621,25,20,20
48,2832,0.11203744530633149,0.05059980116674538,0.17529464927030639,0.6620681042566159,25,20,20
48,2833,0.11203744530651356,0.05059980116674546,0.17529465149378423,0.6620681020329557,25,20,20
48,2834,0.14995147586369856,0.0505984457522096,0.1373883309510714,0.6620617474330204,25,20,20
48,2835,0.14995147586369856,0.0505984457522096,0.13738833295880093,0.6620617454252908,25,20,20
48,2836,0.14995147586369856,0.0505984457522096,0.13738844484506804,0.6620616335390237,25,20,20
48,2837,0.17761371536157547,0.05059840023898888,0.10972529398075848,0.6620625904186771,25,20,20
48,2838,0.17761371536157466,0.05059840023898888,0.10959525507932516,0.6621926293201112,25,20,20
48,2839,0.1776137153615747,0.0505984002389888,0.10959522850874945,0.6621926558906867,25,20,20
48,2840,0.1776137153615747,0.0505984002389888,0.10960171881267117,0.662186165586765,25,20,20
48,2841,0.17761371536152948,0.05059840023874574,0.10933499880668675,0.6624528855930377,25,20,20
48,2842,0.17761371536152948,0.05059840023875003,0.10933662030218659,0.6624512640975335,25,20,20
48,2843,0.17761371536134812,0.05059840023875003,0.10933507513052841,0.662452809269373,25,20,20
48,2844,0.17166095483358443,0.050598400149861854,0.11528923254681946,0.6624514124697337,25,20,20
48,2845,0.1716609548337666,0.050598400149862,0.11529093788035966,0.6624497071360114,25,20,20
48,2846,0.17166095483376653,0.05059840014986195,0.10423301580953936,0.6735076292068317,25,20,20
48,2847,0.17166095483376734,0.05059840014986624,0.1042330966338675,0.6735075483824984,25,20,20
48,2848,0.1716609548337666,0.05059840014986195,0.10423298252377186,0.6735076624925991,25,20,20
48,2849,0.17166095483376978,0.050598400149866246,0.10423317837151312,0.6735074666448504,25,20,20
48,2850,0.1748742078656737,0.05057834369622667,0.10108863275775384,0.6734588156803456,25,20,20
48,2851,0.1748742078656737,0.05057834369622667,0.10109523887983375,0.6734522095582656,25,20,20
48,2852,0.1747363572483851,0.051173835383830066,0.10063758247734299,0.6734522248904413,25,20,20
48,2853,0.1747363572483852,0.05117383538383006,0.10090470264835007,0.6731851047194339,25,20,20
48,2854,0.17476962090260514,0.051173835202836526,0.10087146335944622,0.6731850805351118,25,20,20
48,2855,0.1801461196393777,0.051173835962168374,0.09543079892495897,0.6732492454734949,25,20,20
48,2856,0.1801461196393777,0.05117383596216838,0.09543079895957617,0.6732492454388774,25,20,20
48,2857,0.18013832306953506,0.05117383597454794,0.09543859548599987,0.6732492454699168,25,20,20
48,2858,0.1801383230695359,0.051173835974548026,0.09544087315671805,0.6732469677991978,25,20,20
48,2859,0.1801383230695358,0.051173835974548096,0.0954362866019872,0.6732515543539286,25,20,20
48,2860,0.18014771577713223,0.051173835962601055,0.09542689390784881,0.6732515543524176,25,20,20
48,2861,0.18014771577695018,0.051173835962600916,0.09542522745265332,0.6732532208077953,25,20,20
48,2862,0.18637990478497307,0.051173835961232615,0.08919303845882615,0.6732532207949677,25,20,20
48,2863,0.18637990478497232,0.051173835961232615,0.08919238178032002,0.6732538774734745,25,20,20
48,2864,0.186379263292781,0.07996835118651333,0.060398796301743204,0.6732535892189621,25,20,20
48,2865,0.18637926329277868,0.0799683511865091,0.060398720194858965,0.673253665325853,25,20,20
48,2866,0.1863792632927822,0.07995927847430825,0.060407792901500154,0.6732536653314091,25,20,20
48,2867,0.18637926329278534,0.07995927847455485,0.060780897019593126,0.6728805612130664,25,20,20
48,2868,0.18637926329278534,0.07995927847455056,0.06077935601779339,0.6728821022148704,25,20,20
48,2869,0.1863792632927853,0.07995927847455056,0.060785879860139336,0.6728755783725245,25,20,20
48,2870,0.18637926329278526,0.07995927847455049,0.06051954775361141,0.6731419104790527,25,20,20
48,2871,0.18637926329278526,0.07995927847431246,0.060275972644683214,0.673385485588219,25,20,20
48,2872,0.1863792632927853,0.07995927847431675,0.060271117104290096,0.6733903411286076,25,20,20
48,2873,0.1863792632929674,0.07995927847456127,0.06027433010800763,0.6733871281244634,25,20,20
48,2874,0.1863792632929674,0.07995927847456127,0.06027433010598257,0.6733871281264885,25,20,20
48,2875,0.18637926329297871,0.0795543362357352,0.060679272350351726,0.673387128120934,25,20,20
48,2876,0.1863792632931774,0.07938049468061824,0.06085311390517569,0.6733871281210284,25,20,20
48,2877,0.1863792632931774,0.07938049468061824,0.06085315046961154,0.6733870915565926,25,20,20
48,2878,0.18637926329317733,0.07938049468061396,0.06085140324837303,0.6733888387778354,25,20,20
48,2879,0.18637926329317733,0.07938049468061396,0.06085800694946741,0.673382235076741,25,20,20
48,2880,0.18637926329318133,0.07938049469449497,0.06103095813268787,0.6732092838796355,25,20,20
48,2881,0.18637926329296783,0.07875241671754565,0.06165903610455839,0.6732092838849278,25,20,20
48,2882,0.18638225559971722,0.07875241671754568,0.06165604379767124,0.6732092838850656,25,20,20
48,2883,0.19321134840332416,0.07875241243715479,0.05489207708617977,0.673144162073341,25,20,20
48,2884,0.193211348403321,0.07875241243714624,0.0547626639630841,0.6732735751964485,25,20,20
48,2885,0.19321134840350196,0.07875241322329918,0.05519706791575065,0.672839170457448,25,20,20
48,2886,0.19321134840350196,0.07875241322354301,0.055326589632226,0.6727096487407289,25,20,20
48,2887,0.19321134845241175,0.07951489932220818,0.054564103484545025,0.6727096487408349,25,20,20
48,2888,0.1560651734829303,0.07956567749837162,0.09165510399741475,0.672714045021283,25,20,20
48,2889,0.15606517348274818,0.07956567749813132,0.09165687448722641,0.6727122745318936,25,20,20
48,2890,0.15606517348274745,0.0795656774983736,0.09202991701940876,0.6723392319994699,25,20,20
48,2891,0.1560651734827475,0.07956567749837352,0.09203450464215197,0.6723346443767266,25,20,20
48,2892,0.15606509476025415,0.08064196394342149,0.09095829693722526,0.6723346443590986,25,20,20
48,2893,0.15606509476025415,0.08064196394317916,0.09058528408291307,0.6727076572136532,25,20,20
48,2894,0.15606509476025415,0.08064196394317916,0.09058517028538537,0.672707771011181,25,20,20
48,2895,0.1415895307605658,0.08064211172789928,0.10506057398502076,0.672707783526514,25,20,20
48,2896,0.1417153832158515,0.08064211172786998,0.10493472153733954,0.6727077835189391,25,20,20
48,2897,0.14171538321585067,0.0806421117278699,0.10493471682134899,0.6727077882349305,25,20,20
48,2898,0.14171538321585062,0.08064211172786998,0.10493937869127366,0.6727031263650056,25,20,20
48,2899,0.14171538321585062,0.08064211172787424,0.10520100847288731,0.6724414965833878,25,20,20
48,2900,0.14171538321585145,0.08064211172763469,0.10507623275215541,0.6725662723043584,25,20,20
48,2901,0.14171538321585464,0.08064211172763469,0.10516545416029749,0.672477050896213,25,20,20
48,2902,0.14171538321585458,0.08064211172763476,0.10517004638126162,0.6724724586752489,25,20,20
48,2903,0.14404083638597298,0.09205981073243881,0.09142657257605734,0.6724727803055301,25,20,20
48,2904,0.1396270908375177,0.09205981828654038,0.09584027454842355,0.6724728163275181,25,20,20
48,2905,0.13962709702950646,0.09205981828672005,0.10620237452692757,0.6621107101568456,25,20,20
48,2906,0.1396270970295056,0.09205981828671575,0.10619762853118407,0.6621154561525943,25,20,20
48,2907,0.13962709702950638,0.09205981828696035,0.1062042171270568,0.6621088675564762,25,20,20
48,2908,0.13962709702950638,0.09205981828695883,0.10646386459725099,0.6618492200862834,25,20,20
48,2909,0.11311340912875051,0.0920598553425218,0.1329773406057843,0.6618493949229435,25,20,20
48,2910,0.11311340912874648,0.0920598553286408,0.1328024864582889,0.6620242490843239,25,20,20
48,2911,0.11311340912874648,0.0920598553286408,0.13280248495974395,0.662024250582869,25,20,20
48,2912,0.11311340912874648,0.0920598553286408,0.1327959092233514,0.6620308263192614,25,20,20
48,2913,0.1131134091287465,0.09205985532864096,0.1328005286300329,0.6620262069125796,25,20,20
48,2914,0.11311340912897204,0.09205985532888336,0.1331736488809194,0.6616530866612252,25,20,20
48,2915,0.11311340912915416,0.09205985532912803,0.13318035198063863,0.6616463835610792,25,20,20
48,2916,0.11311340913155146,0.09205985454322235,0.13301332047398007,0.6618134158512461,25,20,20
48,2917,0.1131134091313344,0.09206799419310194,0.1330051808244134,0.6618134158511502,25,20,20
48,2918,0.1131134091313344,0.09206799419310194,0.1330052328626685,0.6618133638128951,25,20,20
48,2919,0.11311340913133439,0.092067994193102,0.13300090562644917,0.6618176910491144,25,20,20
48,2920,0.11311340913110883,0.09206799419285959,0.13262786425143328,0.6621907324245982,25,20,20
48,2921,0.11311340913110883,0.09206799419285959,0.13262786633430243,0.662190730341729,25,20,20
48,2922,0.11311340913110883,0.09206799420462039,0.13861112879649298,0.6562074678677774,25,20,20
48,2923,0.11311340913128941,0.09206799421826077,0.13851731063361564,0.6563012860168339,25,20,20
48,2924,0.11311340293930053,0.09206799421808108,0.12788804935979906,0.666930553482819,25,20,20
48,2925,0.11311340293930133,0.09206799421808111,0.12788497119902484,0.6669336316435924,25,20,20
48,2926,0.11311340293930139,0.09206799421808111,0.1278803852530181,0.6669382175895991,25,20,20
48,2927,0.11311340293930136,0.09206799421807682,0.1278737807672767,0.6669448220753448,25,20,20
48,2928,0.11403438161144472,0.09201721605020888,0.1270079765038975,0.6669404258344476,25,20,20
48,2929,0.11044970843165917,0.09201721655202326,0.13015764760377738,0.6673754274125387,25,20,20
48,2930,0.10741398704323898,0.09201845177287694,0.13319234459714885,0.6673752165867346,25,20,20
48,2931,0.10741398704323898,0.09201845177287694,0.13318764336121258,0.6673799178226709,25,20,20
48,2932,0.10741398704323907,0.09201845177288126,0.1335606775398542,0.6670068836440249,25,20,20
48,2933,0.0710111715384755,0.09201845178091253,0.16996349303523328,0.6670068836453795,25,20,20
48,2934,0.07085958161838828,0.09201845178249973,0.17011508295386638,0.6670068836452462,25,20,20
48,2935,0.07085958161839465,0.0920184517824998,0.17020782271411314,0.6669141438849928,25,20,20
48,2936,0.08583013101924948,0.09201830399734566,0.15523743367265042,0.6669141313107548,25,20,20
48,2937,0.08583013097033972,0.09249385581045243,0.15476188191394427,0.6669141313052639,25,20,20
48,2938,0.08583013097034335,0.09077607643922994,0.1564796612851649,0.666914131305262,25,20,20
48,2939,0.08583013097034414,0.09077607643922994,0.15660911124979557,0.6667846813406305,25,20,20
48,2940,0.08583013097038972,0.09077607643922997,0.1562407004877987,0.6671530921025817,25,20,20
48,2941,0.08583013097039291,0.09077607643923004,0.15624540200527476,0.6671483905851023,25,20,20
48,2942,0.08583013097038977,0.09077607643923427,0.1562408957245302,0.6671528968658458,25,20,20
48,2943,0.08583013106658799,0.09077607643939326,0.1701372463898314,0.6532565461041874,25,20,20
48,2944,0.08583013106659931,0.0924862644304151,0.16842705839879646,0.653256546104189,25,20,20
48,2945,0.08583013105621892,0.09248626443017052,0.1684250557304396,0.653258548783171,25,20,20
48,2946,0.08583013105603761,0.09248626442992589,0.1684184676071238,0.6532651369069129,25,20,20
48,2947,0.08583013105603761,0.09248626442992595,0.1684185500751113,0.6532650544389252,25,20,20
48,2948,0.08583013105602266,0.09249360779801594,0.16841120670694218,0.6532650544390194,25,20,20
48,2949,0.08583013105597707,0.09249360779801165,0.16841120360224018,0.6532650575437713,25,20,20
48,2950,0.08597709710318152,0.09249360779645194,0.16826423754900244,0.6532650575513642,25,20,20
48,2951,0.08597709710318158,0.09249360779669495,0.16853047310842023,0.6529988219917034,25,20,20
48,2952,0.08597709710304842,0.09249360779661125,0.1687705243327119,0.6527587707676286,25,20,20
48,2953,0.08597709710309345,0.09249360779660826,0.16289409698071616,0.6586351981195822,25,20,20
48,2954,0.08597709710309343,0.09249360779660819,0.1628940621689993,0.658635232931299,25,20,20
48,2955,0.08590932584676957,0.09250608487608941,0.15999344722782272,0.6615911420493181,25,20,20
48,2956,0.08590932584676954,0.09250608487608927,0.15998874594001466,0.6615958433371263,25,20,20
48,2957,0.08590932584676954,0.0925060848760935,0.1599873195466306,0.6615972697305061,25,20,20
48,2958,0.0859093258467695,0.09250608487608927,0.15998423904403525,0.6616003502331057,25,20,20
48,2959,0.10906263229684145,0.09250480525819492,0.13683221125890266,0.6616003511860604,25,20,20
48,2960,0.10906263229684064,0.09250480525819492,0.13670268021892323,0.6617298822260408,25,20,20
48,2961,0.10673692704535347,0.09418666537460328,0.13734684701013522,0.6617295605699074,25,20,20
48,2962,0.10673692704530524,0.0941866653608035,0.1369342625207751,0.6621421450731155,25,20,20
48,2963,0.10673692704530525,0.09418666536080357,0.136934375826199,0.6621420317676915,25,20,20
48,2964,0.10673692704530524,0.09418666536080357,0.1369328352450122,0.6621435723488783,25,20,20
48,2965,0.10673692704530521,0.0941866653608035,0.13693055605480534,0.6621458515390853,25,20,20
48,2966,0.12309037419296182,0.09418666514683322,0.1205771101065057,0.6621458505536988,25,20,20
48,2967,0.12309037419296183,0.09418666514683322,0.1205771925733182,0.6621457680868863,25,20,20
48,2968,0.12309037419296183,0.09418666514683315,0.1205772259913998,0.6621457346688048,25,20,20
48,2969,0.1230903740967573,0.09418666514667416,0.10658821149157807,0.67613474926499,25,20,20
48,2970,0.12309037409693938,0.0941866651606134,0.10660044997695844,0.6761225107654883,25,20,20
48,2971,0.12309037409711829,0.09418666516061341,0.10650809613950829,0.6762148646027596,25,20,20
48,2972,0.12309037409712063,0.09418666516061501,0.10624410516933395,0.67647885557293,25,20,20
48,2973,0.11949556050629305,0.09418744204622685,0.10983443786401569,0.6764825595834638,25,20,20
48,2974,0.11949556050629623,0.09418744204622685,0.10992665203959433,0.676390345407882,25,20,20
48,2975,0.119495560506293,0.09418744204622678,0.10983432255253862,0.6764826748949411,25,20,20
48,2976,0.11949556050629292,0.09418744203446172,0.10358484128327455,0.6827321561759702,25,20,20
48,2977,0.10875030226049243,0.0941874420344939,0.1143300817958059,0.6827321739092074,25,20,20
48,2978,0.10875030226049136,0.08079098744714526,0.12772651631807744,0.6827321939742861,25,20,20
48,2979,0.10875030226049073,0.08079098744779867,0.165872128060289,0.6445865822314214,25,20,20
48,2980,0.10875030226049073,0.08079098744779867,0.16587224141033263,0.6445864688813778,25,20,20
48,2981,0.10875030233183505,0.08001160089035808,0.16665162720272528,0.6445864695750815,25,20,20
48,2982,0.108820453065399,0.08001085345310932,0.16658592791605092,0.6445827655654406,25,20,20
48,2983,0.108820453065399,0.08001085345310932,0.1665858460349244,0.6445828474465671,25,20,20
48,2984,0.10882045306539903,0.08001085345310939,0.16659245091923858,0.6445762425622529,25,20,20
48,2985,0.10882050006344432,0.08001085353152539,0.16844657219210227,0.6427220742129278,25,20,20
48,2986,0.10882050006344432,0.08001085353152539,0.16844657219210277,0.6427220742129272,25,20,20
48,2987,0.10882050006344433,0.08001085353152546,0.1684465736301164,0.6427220727749134,25,20,20
48,2988,0.10882050006603944,0.08001085353177002,0.16845316302835667,0.6427154833738336,25,20,20
48,2989,0.10882050006603938,0.08001085353201455,0.1684532032798322,0.6427154431221135,25,20,20
48,2990,0.10882050006604023,0.08001085353177002,0.16845074294486342,0.6427179034573259,25,20,20
48,2991,0.09201672855888353,0.08001085374590827,0.18525451325104045,0.6427179044441677,25,20,20
48,2992,0.0920168607119762,0.08001109856780135,0.18518877035471143,0.6427832703655109,25,20,20
48,2993,0.09201686071197379,0.08001109856780132,0.18519304238173626,0.6427789983384884,25,20,20
48,2994,0.09201686071455199,0.08001109858165588,0.18546037627234774,0.6425116644314441,25,20,20
48,2995,0.09670747375904032,0.08001109865737062,0.18076860748138507,0.6425128201022038,25,20,20
48,2996,0.09670747375904032,0.08001109865737485,0.18076670614900145,0.6425147214345831,25,20,20
48,2997,0.09670747375904032,0.08001109865737492,0.18076678866240437,0.6425146389211802,25,20,20
48,2998,0.09670747375885824,0.08001109864343564,0.18075454887880865,0.6425268787188975,25,20,20
48,2999,0.09670747375885823,0.08001109865724454,0.18075557204288123,0.6425258555410157,25,20,20
48,3000,0.11292852396393752,0.0800110984431116,0.16453452300894736,0.6425258545840031,25,20,20
48,3001,0.11292852396411886,0.0800110984428671,0.16452955837777006,0.6425308192152437,25,20,20
48,3002,0.11292836036564717,0.08001848610032435,0.1679132159033406,0.6391399376306879,25,20,20
48,3003,0.11292836036566259,0.07999637932377344,0.16793532267987601,0.6391399376306879,25,20,20
48,3004,0.11292836036566259,0.07999637932377344,0.16793524160452752,0.6391400187060365,25,20,20
48,3005,0.11292836036566173,0.07999637932377338,0.1679330742709354,0.6391421860396295,25,20,20
48,3006,0.11292836036579874,0.07999637930996027,0.16756369127134904,0.6395115690528921,25,20,20
48,3007,0.11292836036579874,0.07999637930996036,0.1675638065476894,0.6395114537765515,25,20,20
48,3008,0.11292822332279093,0.07999613441025832,0.16412558002445787,0.642950062242493,25,20,20
48,3009,0.11292822332279089,0.07999613441025832,0.1641255799890061,0.6429500622779446,25,20,20
48,3010,0.11292819682928337,0.0802682553717353,0.16735708170702426,0.6394464660919571,25,20,20
48,3011,0.11292819682928416,0.08026825537173952,0.16748652356688778,0.6393170242320886,25,20,20
48,3012,0.11292819682928423,0.0802682553717438,0.16748660638483737,0.6393169414141348,25,20,20
48,3013,0.11292819682928396,0.08026917520000909,0.1674856865566699,0.6393169414140373,25,20,20
48,3014,0.11292819682668885,0.08026917519976451,0.167478981771446,0.6393236462021009,25,20,20
48,3015,0.11292819682668885,0.08026917519976445,0.16747886790687397,0.6393237600666731,25,20,20
48,3016,0.11292847721401773,0.08035497166390285,0.16739280739778656,0.6393237437242932,25,20,20
48,3017,0.11292847721402094,0.08035497166414675,0.16752264893099167,0.6391939021908409,25,20,20
48,3018,0.11292847722433376,0.08035497166415101,0.16778976877567955,0.6389267823358357,25,20,20
48,3019,0.11292847707380328,0.0803351071220496,0.1323312143695306,0.6744052014346164,25,20,20
48,3020,0.11292847707380328,0.0803351071220496,0.13233121495521658,0.6744052008489305,25,20,20
48,3021,0.12626880696724885,0.08024970000472788,0.11907629601768117,0.674405197010342,25,20,20
48,3022,0.12626880695693604,0.08024970000472789,0.11880929166138843,0.6746722013769474,25,20,20
48,3023,0.12800445952381037,0.08024967055653896,0.11707366635416001,0.6746722035654906,25,20,20
48,3024,0.12800445952381118,0.08024967055653896,0.11707381891898817,0.6746720510006616,25,20,20
48,3025,0.12800444391174925,0.07997757233513875,0.11734633207218892,0.6746716516809232,25,20,20
48,3026,0.1280044439117947,0.07997757233538279,0.11743393266189427,0.6745840510909286,25,20,20
48,3027,0.12800444391179386,0.07997757233538279,0.11743385915054881,0.6745841246022748,25,20,20
48,3028,0.12800444391179386,0.07997757233538708,0.11756330008498543,0.6744546836678339,25,20,20
48,3029,0.12800444391161173,0.079977572335387,0.11756174760588055,0.6744562361471209,25,20,20
48,3030,0.12800444391161092,0.07997757233538279,0.1174369244899006,0.6745810592631059,25,20,20
48,3031,0.12800444391161095,0.07997690052757613,0.11743759629770562,0.6745810592631075,25,20,20
48,3032,0.1368132503295309,0.0799765293012645,0.10862916072368382,0.6745810596455212,25,20,20
48,3033,0.1368132503295309,0.0799765293012645,0.10862924117881642,0.6745809791903885,25,20,20
48,3034,0.15297706467818306,0.0799765070925051,0.09246014952225824,0.674586278707054,25,20,20
48,3035,0.15903764565216752,0.07997650701672972,0.08640074203564349,0.6745851052954596,25,20,20
48,3036,0.1572317225294758,0.07997650700867688,0.08820666735648758,0.67458510310536,25,20,20
48,3037,0.15723172253960643,0.07997650702252723,0.08847254601254079,0.6743192244253257,25,20,20
48,3038,0.15723172253960643,0.07997650702252723,0.08847246497172215,0.6743193054661443,25,20,20
48,3039,0.15723172253960957,0.07997650702252304,0.08847454749645518,0.674317222941412,25,20,20
48,3040,0.15723172253961037,0.07997650702252311,0.08848115345412948,0.674310616983737,25,20,20
48,3041,0.15723172253703221,0.07997650700866854,0.088213819563518,0.674577950890781,25,20,20
48,3042,0.15723172423030957,0.06400534401959711,0.10418498085591815,0.674577950894175,25,20,20
48,3043,0.1572317242303095,0.06400534401959282,0.10418478557620327,0.6745781461738942,25,20,20
48,3044,0.1572317242303095,0.06400534401958867,0.10405534734586115,0.6747075844042405,25,20,20
48,3045,0.1572317242277345,0.0640053440193415,0.10378804786212906,0.6749748838907946,25,20,20
48,3046,0.1588790056349393,0.06400534367726421,0.10214606721423417,0.6749695834735622,25,20,20
48,3047,0.1824662506831129,0.0640059832362332,0.07855508082867582,0.6749726852519777,25,20,20
48,3048,0.1819608461244104,0.06400598360895957,0.0790602959247529,0.674972874341877,25,20,20
48,3049,0.14367986969574098,0.06400603075991446,0.11732885307176508,0.6749852464725795,25,20,20
48,3050,0.1436798697085443,0.06400603075993563,0.1538672382616469,0.6384468612698728,25,20,20
48,3051,0.14344119435361913,0.06400539141306792,0.15410965468993024,0.6384437595433831,25,20,20
48,3052,0.14796065954463344,0.06400539121391108,0.14959018970905247,0.6384437595324033,25,20,20
48,3053,0.1479606595446335,0.0640053912141556,0.14958832479415204,0.6384456244470592,25,20,20
48,3054,0.14796065953432072,0.06400539120030524,0.14932099153813908,0.6387129577272355,25,20,20
48,3055,0.1597802138721423,0.06400539119364494,0.13750134095055958,0.6387130539836527,25,20,20
48,3056,0.1597802138721423,0.06400539119340112,0.1373760884976009,0.6388383064368552,25,20,20
48,3057,0.15978021387209687,0.06400539119315286,0.1372903885491485,0.6389240063856012,25,20,20
48,3058,0.15978021387209687,0.06400539119315278,0.13728378577800848,0.6389306091567414,25,20,20
48,3059,0.15978021441075996,0.06400543242934252,0.1408741942721229,0.6353401588877741,25,20,20
48,3060,0.15978021441075677,0.06400543242934252,0.14086951978042486,0.6353448333794752,25,20,20
48,3061,0.15037216308349063,0.06400543232321806,0.1502757228024324,0.6353466817908591,25,20,20
48,3062,0.15037216308331178,0.06400543232321806,0.1502756269496927,0.6353467776437776,25,20,20
48,3063,0.1503722045395401,0.06400543232439986,0.15028629223462783,0.6353360709014324,25,20,20
48,3064,0.15037220453033073,0.06400543161945242,0.14576474328375327,0.6398576205664637,25,20,20
48,3065,0.15037220453037947,0.06400543161969711,0.1457665263295192,0.6398558375204043,25,20,20
48,3066,0.15037223389813587,0.06400543161970078,0.15094125828194957,0.634681076200214,25,20,20
48,3067,0.11051706602495216,0.06400547945254575,0.19078316334904946,0.6346942911734533,25,20,20
48,3068,0.11051706603526497,0.06400547945255002,0.19105024849387142,0.6344272060183144,25,20,20
48,3069,0.11051706549660187,0.06400543821636027,0.18745980458507364,0.638017691701965,25,20,20
48,3070,0.11051706550697978,0.06400543821611575,0.18746224382049018,0.6380152524564151,25,20,20
48,3071,0.11051702403794844,0.0640054382149128,0.18734278642014981,0.6381347513269896,25,20,20
48,3072,0.11051702403794846,0.0640054382149085,0.18747211117355156,0.638005426573592,25,20,20
48,3073,0.11031390884685834,0.06400543821487757,0.18767532095192938,0.6380053319863354,25,20,20
48,3074,0.11031390884685834,0.06400543821487757,0.187675242494408,0.6380054104438568,25,20,20
48,3075,0.1103139088468584,0.06400543821487764,0.18768173142708877,0.6379989215111759,25,20,20
48,3076,0.1103139088468616,0.06400543821512224,0.18768843588382808,0.6379922170541888,25,20,20
48,3077,0.11031390883654878,0.06400543821511805,0.18742593611657635,0.6382547168317576,25,20,20
48,3078,0.11031390883654878,0.06400543821511805,0.18729649519449207,0.6383841577538418,25,20,20
48,3079,0.11031390882612215,0.06400543821511798,0.18729697417079358,0.638383678787967,25,20,20
48,3080,0.07118517527855651,0.06400544888100124,0.22642009816371103,0.6383892776767315,25,20,20
48,3081,0.07118514591080008,0.06400544888099749,0.22124527934924249,0.6435641258589603,25,20,20
48,3082,0.07126022312946184,0.0640054488813192,0.22117020047873376,0.6435641275104854,25,20,20
48,3083,0.07126022312946818,0.0640054488813192,0.2214608337578038,0.643273494231409,25,20,20
48,3084,0.07491061937714263,0.06400544876574316,0.2178124747612108,0.6432714570959032,25,20,20
48,3085,0.07491061937714263,0.06400544876574746,0.21781264297056716,0.6432712888865424,25,20,20
48,3086,0.07491061937713944,0.06400544876574737,0.21781253340923803,0.643271398447875,25,20,20
48,3087,0.07324484864074202,0.06400542437542799,0.2194905940481879,0.6432591329356412,25,20,20
48,3088,0.07324484864074521,0.06400542437543646,0.2196154218099663,0.6431343051738508,25,20,20
48,3089,0.07324484864074515,0.0640054243754364,0.21961351884927935,0.6431362081345381,25,20,20
48,3090,0.07161166353927943,0.06406796019513643,0.22117884895068785,0.6431415273148953,25,20,20
48,3091,0.07161166184598663,0.08002990476078597,0.2052169060817249,0.6431415273115013,25,20,20
48,3092,0.07161166184614033,0.08002990477255455,0.211466743471876,0.636891689909428,25,20,20
48,3093,0.07823966494072473,0.0800299046216613,0.20483874003096803,0.6368916904066451,25,20,20
48,3094,0.06699481858746274,0.07996737235384914,0.2161504913664288,0.6368873176922583,25,20,20
48,3095,0.06859148392302018,0.07996735043245588,0.2145537355697556,0.6368874300747673,25,20,20
48,3096,0.06859148392302021,0.07996735043245595,0.21455384994114263,0.6368873157033803,25,20,20
48,3097,0.08768703187108771,0.07996736014329997,0.19545840464902092,0.6368872033365901,25,20,20
48,3098,0.08781287154453628,0.0799673601431606,0.19533256583923056,0.6368872024730713,25,20,20
48,3099,0.0878128715454045,0.07999070379442007,0.1953092221869095,0.6368872024732647,25,20,20
48,3100,0.08781287154540132,0.07999070379417557,0.19530263304180762,0.6368937916186141,25,20,20
48,3101,0.08781287154524761,0.07999070378240698,0.18905282070440754,0.6431436039679365,25,20,20
48,3102,0.08781287154524761,0.07999070378240698,0.18905939643529096,0.6431370282370531,25,20,20
48,3103,0.08781287154524761,0.07999070378265148,0.18906139964411345,0.643135025027986,25,20,20
48,3104,0.08781287154524761,0.07999070378265148,0.18906151211595645,0.643134912556143,25,20,20
48,3105,0.08781287154524761,0.07999070378265148,0.18906162457772183,0.6431348000943777,25,20,20
48,3106,0.101073914348202,0.07999070023046445,0.1758015326257789,0.6431338527955534,25,20,20
48,3107,0.1010739143475506,0.07994672768664617,0.17584550517034456,0.6431338527954574,25,20,20
48,3108,0.1010739143475506,0.07994672768640167,0.1758454048929937,0.6431339530730527,25,20,20
48,3109,0.10078633861323158,0.07994671703154252,0.17613859188099834,0.6431283524742265,25,20,20
48,3110,0.1007863386140993,0.07991515673702701,0.1761701521690917,0.643128352479781,25,20,20
48,3111,0.10078633861410248,0.07991515673702716,0.1761701550491187,0.6431283495997506,25,20,20
48,3112,0.10078633861407554,0.0786745746011693,0.17741071969906383,0.6431283670856903,25,20,20
48,3113,0.10078633861406999,0.07867457460117358,0.17724953641355326,0.643289550371202,25,20,20
48,3114,0.1007863386138625,0.06328937430935748,0.19263473670567494,0.6432895503711039,25,20,20
48,3115,0.10064378685014462,0.06328937436433434,0.19279027514210342,0.6432765636434159,25,20,20
48,3116,0.10064378685014462,0.06328937436433434,0.19279036251650034,0.643276476269019,25,20,20
48,3117,0.10064378685014469,0.06328937436433427,0.19278568970770352,0.6432811490778159,25,20,20
48,3118,0.1390829020657584,0.063289371522261,0.1543465890743789,0.6432811373376013,25,20,20
48,3119,0.13911299819496525,0.06328932365003363,0.15431676496856983,0.6432809131864308,25,20,20
48,3120,0.1391129981950843,0.06328932365911012,0.16828694847022274,0.6293107296755811,25,20,20
48,3121,0.13911299819526268,0.0632893236595977,0.1684146251832502,0.6291830529618879,25,20,20
48,3122,0.13911299819526268,0.06328932445129347,0.1684158236991416,0.6291818536543007,25,20,20
48,3123,0.13911299819526302,0.0632893244513222,0.20371768786462213,0.5938799894887911,25,20,20
48,3124,0.13991159981266946,0.0632893244432612,0.2029190883029996,0.593879987441068,25,20,20
48,3125,0.15824890823378815,0.06328931391890996,0.18458179039177328,0.5938799874555274,25,20,20
48,3126,0.15824890823378568,0.06328931391891848,0.1845817927636706,0.593879985083624,25,20,20
48,3127,0.15824890823378568,0.06328931391891841,0.1845816763946723,0.5938801014526224,25,20,20
48,3128,0.15824890823378254,0.06328931391891841,0.184588163874475,0.5938736139728227,25,20,20
48,3129,0.15824890823378332,0.0632893139189185,0.18496216405530005,0.5934996137919968,25,20,20
48,3130,0.15824890824416346,0.06328931391891428,0.1849622598460735,0.5934995179908473,25,20,20
48,3131,0.15824890823378254,0.06328931391891007,0.18496216108446403,0.593499616762842,25,20,20
48,3132,0.15824890823378251,0.06328931391890999,0.18496210636293658,0.5934996714843698,25,20,20
48,3133,0.15824890823378251,0.06328931391890985,0.1849574044995409,0.5935043733477656,25,20,20
48,3134,0.15901791986783867,0.06328931473900631,0.18418795215262462,0.593504813240529,25,20,20
48,3135,0.15901791986783867,0.0632893147390064,0.1841880680135495,0.5935046973796041,25,20,20
48,3136,0.15901791986774927,0.06328931472992996,0.18420689295445833,0.5934858724478616,25,20,20
48,3137,0.15901791986774932,0.06328931472993432,0.18421148266975823,0.5934812827325572,25,20,20
48,3138,0.1590179198677493,0.06328931472993424,0.18421338500281423,0.5934793803995013,25,20,20
48,3139,0.15901791986774938,0.06328931472993418,0.18421148207600307,0.5934812833263123,25,20,20
48,3140,0.15901791986756778,0.06328931393775077,0.18408032963666773,0.5936124365580127,25,20,20
48,3141,0.15901791986756775,0.06328931393774653,0.18407383900538302,0.5936189271893015,25,20,20
48,3142,0.15901791986756694,0.06328931393774226,0.1839443085221609,0.5937484576725289,25,20,20
48,3143,0.15901791986672623,0.06456104914723108,0.18267259080500672,0.5937484401810349,25,20,20
48,3144,0.1590179198667294,0.06456104993338395,0.1831004285652607,0.5933206016346247,25,20,20
48,3145,0.15901791986672628,0.06456104914723103,0.18266604351878515,0.5937549874672564,25,20,20
48,3146,0.15901791986672634,0.0645610491472311,0.18229432399757559,0.5941267069884659,25,20,20
48,3147,0.15901791986672628,0.06456104914723103,0.1826608230455403,0.5937602079405013,25,20,20
48,3148,0.15901791986672628,0.06456104914723095,0.18228934066012364,0.5941316903259181,25,20,20
48,3149,0.15894975245010373,0.06456109705595896,0.1823574601335888,0.5941316903603472,25,20,20
48,3150,0.15894975245010287,0.06456109705571436,0.182352799093693,0.5941363514004885,25,20,20
48,3151,0.15894975245010287,0.06456109705571436,0.18235588112051043,0.5941332693736712,25,20,20
48,3152,0.15854313911195628,0.06456109732153602,0.18276115369216853,0.5941346098743383,25,20,20
48,3153,0.15854313911280596,0.07955453633964857,0.16776771466770693,0.5941346098798378,25,20,20
48,3154,0.158543139112806,0.07955453633964857,0.1677678285806844,0.5941344959668604,25,20,20
48,3155,0.15854313911285176,0.07955453708592099,0.17020929959703715,0.5916930242041896,25,20,20
48,3156,0.15854313912320386,0.079554537085921,0.1562218456747846,0.6056804781160902,25,20,20
48,3157,0.158543139123386,0.07955453708591678,0.1562217711037517,0.6056805526869451,25,20,20
48,3158,0.15854332407258154,0.0795545372388155,0.16085216738474586,0.6010499713038571,25,20,20
48,3159,0.15854332407258148,0.07955453723881559,0.16085407092855994,0.6010480677600429,25,20,20
48,3160,0.15354860563659936,0.07955476738316353,0.165847462288335,0.6010491646919021,25,20,20
48,3161,0.15354860563659936,0.07955476738316346,0.1658474608766215,0.6010491661036156,25,20,20
48,3162,0.1535486056365985,0.0795547673831633,0.1658452607190011,0.6010513662612369,25,20,20
48,3163,0.19290348440378322,0.0795547197205638,0.12648906850205535,0.6010527273735975,25,20,20
48,3164,0.19132041996247473,0.07955471889359245,0.12807257570909963,0.6010522854348329,25,20,20
48,3165,0.19132044840029117,0.07955471890555395,0.13435006253694376,0.594774770157211,25,20,20
48,3166,0.19132044840029278,0.07955471890580122,0.13459514409938028,0.5945296885945256,25,20,20
48,3167,0.19132044840029352,0.07955471890580551,0.13460169382026554,0.5945231388736353,25,20,20
48,3168,0.19773428738262433,0.0795544688444309,0.1281892963223331,0.5945219474506116,25,20,20
48,3169,0.19773428738257862,0.0795544680981585,0.12574785374583616,0.5969633907734269,25,20,20
48,3170,0.1977342873721969,0.0795544680981585,0.12575278955519287,0.5969584549744519,25,20,20
48,3171,0.19773428737219692,0.07955446809816279,0.12575469256468547,0.5969565519649549,25,20,20
48,3172,0.1977342873721969,0.0795544680981585,0.12574808607112023,0.5969631584585244,25,20,20
48,3173,0.19773428737219523,0.07955446809791114,0.12549648021293808,0.5972147643169555,25,20,20
48,3174,0.19773428737219542,0.07954781766221436,0.12550313064853874,0.5972147643170514,25,20,20
48,3175,0.1977342873721955,0.07954781766221436,0.1255032131507055,0.5972146818148846,25,20,20
48,3176,0.19773425893438226,0.07954781765025291,0.11922789163274601,0.6034900317826186,25,20,20
48,3177,0.197720476598987,0.07954785938819164,0.11923048154255353,0.6035011824702676,25,20,20
48,3178,0.19772047659898695,0.07954785938819164,0.11923037401250283,0.6035012900003184,25,20,20
48,3179,0.19790393123890976,0.07954785921299615,0.11904828025976752,0.6034999292883262,25,20,20
48,3180,0.21949740314482905,0.07954781747457698,0.09746600073218832,0.6034887786484059,25,20,20
48,3181,0.21949745399919898,0.05220415646375052,0.12480961088695272,0.6034887786500974,25,20,20
48,3182,0.2204612548548644,0.05220415645776466,0.12384581000561296,0.6034887786817579,25,20,20
48,3183,0.2204612548548644,0.05220415645776459,0.12384578296956344,0.6034888057178073,25,20,20
48,3184,0.21569575385599601,0.05220415649366546,0.12861128434710672,0.6034888053032315,25,20,20
48,3185,0.21569575385599601,0.05220415649366546,0.12861128635551602,0.6034888032948222,25,20,20
48,3186,0.21569575385599532,0.05220415649366116,0.12860630061386225,0.603493789036481,25,20,20
48,3187,0.21564676898198937,0.052204156434686816,0.1286552687116255,0.6034938058716981,25,20,20
48,3188,0.21564676898198618,0.05220415643467826,0.12852574108988685,0.6036233334934483,25,20,20
48,3189,0.21564676898198618,0.05220415643467833,0.12852577907633544,0.6036232955069996,25,20,20
48,3190,0.21564676898211796,0.052204156444767065,0.13958422531299053,0.5925648492601242,25,20,20
48,3191,0.21564676898212112,0.05220415644476714,0.1395858198955142,0.5925632546775971,25,20,20
48,3192,0.1796464947838201,0.05227942381578349,0.17551082287400288,0.5925632585263926,25,20,20
48,3193,0.1796464947838209,0.052279423815783564,0.17551085968797292,0.5925632217124217,25,20,20
48,3194,0.17799539563917344,0.052293342068876536,0.1771468932485661,0.592564369043383,25,20,20
48,3195,0.1771360037729268,0.0522933420720753,0.17800626136298422,0.5925643927920131,25,20,20
48,3196,0.17713600377292996,0.05229334207207523,0.17800164270168495,0.5925690114533094,25,20,20
48,3197,0.1771358188441042,0.05229334191914896,0.17806765657988152,0.5925031826568649,25,20,20
48,3198,0.1771358188441528,0.052293341919396996,0.17819094211794606,0.5923798971185037,25,20,20
48,3199,0.17713581884980414,0.03377547800287131,0.19670880603426916,0.5923798971130554,25,20,20
48,3200,0.17713581884980095,0.033775478002871236,0.1967136997534763,0.5923750033938515,25,20,20
48,3201,0.1771358188497978,0.033775478002871236,0.19671612184632273,0.592372581301008,25,20,20
48,3202,0.17713581884979782,0.033775478002875454,0.19672078602437837,0.592367917122948,25,20,20
48,3203,0.177135818849666,0.033775477992786795,0.1856689425548126,0.6034197606027338,25,20,20
48,3204,0.1774234912354527,0.03377547772702017,0.18538261135335687,0.6034184196841698,25,20,20
48,3205,0.170539883941992,0.03376155941176978,0.19228037953812177,0.603418177108116,25,20,20
48,3206,0.1705398839419959,0.03376155942568116,0.19237118630789551,0.6033273703244268,25,20,20
48,3207,0.17053988408937137,0.033761559439571064,0.19252535046956765,0.6031732060014893,25,20,20
48,3208,0.1766714846190838,0.033761559943327336,0.1863936798301713,0.603173275607417,25,20,20
48,3209,0.17667412616085595,0.033761559943373334,0.18639271221905682,0.6031716016767134,25,20,20
48,3210,0.17667412616085595,0.03376155994337326,0.18638611146037648,0.6031782024353938,25,20,20
48,3211,0.1766741261608528,0.033761559929461955,0.1862959635112796,0.6032683503984052,25,20,20
48,3212,0.17667412616080505,0.033761559929213925,0.18616769688191698,0.6033966170280636,25,20,20
48,3213,0.17667412616085051,0.03376155992945843,0.18616970010183045,0.6033946138078603,25,20,20
48,3214,0.17268107780366837,0.033686293475002495,0.19023801878508848,0.6033946099362402,25,20,20
48,3215,0.17268107780366834,0.033686293475002495,0.1902380147792247,0.6033946139421039,25,20,20
48,3216,0.17268107780368777,0.033686293475024026,0.1903466363519633,0.6032859923693245,25,20,20
48,3217,0.1726810778035057,0.03368629347502824,0.1903512178241054,0.6032814108973605,25,20,20
48,3218,0.18648625702245816,0.033686293471923756,0.17654696021907484,0.603280489286543,25,20,20
48,3219,0.18648625702264027,0.03368629347216835,0.17655179574486402,0.6032756537603272,25,20,20
48,3220,0.1864862570161336,0.052616540768725815,0.157621548454863,0.6032756537602766,25,20,20
48,3221,0.18648625701613053,0.052616540768725815,0.1576215208547467,0.603275681360396,25,20,20
48,3222,0.18648361545629605,0.05261654076868624,0.12214596891469809,0.6387538748603189,25,20,20
48,3223,0.18648361545629252,0.052647621400366246,0.12211488828292578,0.6387538748604148,25,20,20
48,3224,0.20986112639427787,0.052647620483417236,0.09873732157772691,0.6387539315445774,25,20,20
48,3225,0.20986112639427784,0.052647620483659494,0.09910816377160549,0.6383830893504565,25,20,20
48,3226,0.17002093352454417,0.05269014064859201,0.1387030513633114,0.6385858744635521,25,20,20
48,3227,0.17002093352454659,0.05269014064883652,0.13870776896021347,0.638581156866403,25,20,20
48,3228,0.16995881562581555,0.05269014064574435,0.13876991060826874,0.6385811331201708,25,20,20
48,3229,0.1699587647723005,0.07943105837301452,0.11202904373082707,0.6385811331238576,25,20,20
48,3230,0.1699587647723013,0.07943105837301882,0.11203567917927092,0.6385744976754084,25,20,20
48,3231,0.16995876535850388,0.07943105838659165,0.11240316200816332,0.6382070142467405,25,20,20
48,3232,0.16995876535764876,0.08004099769816182,0.11179322270292219,0.6382070142412666,25,20,20
48,3233,0.16995876535764792,0.08004099769791947,0.1114201407760693,0.6385800961683626,25,20,20
48,3234,0.16995876535764715,0.0800409976979152,0.11141353035885522,0.6385867065855818,25,20,20
48,3235,0.16995876535533938,0.0800409976979076,0.10689174853323659,0.643108488413516,25,20,20
48,3236,0.16932732423420763,0.08004100277935601,0.10752315995126605,0.6431085130351698,25,20,20
48,3237,0.16932732423421082,0.08004100277935608,0.1075166396831772,0.6431150333032555,25,20,20
48,3238,0.16940699940267576,0.08004100347866312,0.10743696378751068,0.6431150333311499,25,20,20
48,3239,0.16940699881642762,0.08004100346484572,0.10706280432449371,0.6434891933942325,25,20,20
48,3240,0.1694069988162455,0.08004100346460113,0.10705797080643409,0.6434940269127187,25,20,20
48,3241,0.16940699881624627,0.08004100346460535,0.10706446226353723,0.6434875354556108,25,20,20
48,3242,0.1694069988162471,0.08004100346460973,0.10706916446847617,0.6434828332506668,25,20,20
48,3243,0.16940699881624713,0.08004100346460544,0.1070645428328094,0.6434874548863376,25,20,20
48,3244,0.16940699881624716,0.0800410034646012,0.10706454054909961,0.6434874571700517,25,20,20
48,3245,0.1694069988162471,0.08004100346460113,0.10705984066017123,0.6434921570589802,25,20,20
48,3246,0.16940699881624707,0.08004100346460544,0.10706000886710891,0.6434919888520382,25,20,20
48,3247,0.16940699881624788,0.08004100346485,0.1070667133378019,0.6434852843810998,25,20,20
48,3248,0.16940699881624788,0.08004100346485,0.10707323422446009,0.6434787634944418,25,20,20
48,3249,0.1694069988164324,0.0800410034646055,0.10707132749352706,0.6434806702254348,25,20,20
48,3250,0.16940699881643234,0.0800410034646055,0.10707784976506325,0.6434741479538987,25,20,20
48,3251,0.16940699866906,0.08004100345071997,0.10693020962487325,0.6436217882553465,25,20,20
48,3252,0.16940699867165507,0.08004100345096454,0.10693250970547652,0.6436194881719036,25,20,20
48,3253,0.16940699867165532,0.07880283003673305,0.10817068311961497,0.6436194881719964,25,20,20
48,3254,0.16940699867165537,0.07880283003673734,0.10817530616962935,0.6436148651219777,25,20,20
48,3255,0.16940699867165537,0.07880283003674156,0.10817746984760081,0.6436127014440018,25,20,20
48,3256,0.16940699867165546,0.07880283003673727,0.10817735510551948,0.6436128161860875,25,20,20
48,3257,0.16940699867165548,0.07880283003673734,0.1081774425449713,0.6436127287466354,25,20,20
48,3258,0.1694069986714702,0.07880283003673727,0.10817264621697964,0.6436175250748124,25,20,20
48,3259,0.16940699872041842,0.07959625134143718,0.10737922486332954,0.6436175250748144,25,20,20
48,3260,0.16940699872041842,0.07959625134143726,0.10737926285988127,0.6436174870782626,25,20,20
48,3261,0.16940699872041842,0.07959625134143726,0.10737926285988127,0.6436174870782626,25,20,20
48,3262,0.16940699872041923,0.07959625134168452,0.10764561338714199,0.6433511365507539,25,20,20
48,3263,0.16940699867147452,0.08000953304356737,0.10723233173429683,0.6433511365506608,25,20,20
48,3264,0.1694069986688827,0.08000953304332717,0.10722357122265992,0.6433598970651297,25,20,20
48,3265,0.16940699866888276,0.08000953304357178,0.10722530685381709,0.6433581614337278,25,20,20
48,3266,0.1694069986688828,0.08000953304357186,0.10722538745213642,0.6433580808354084,25,20,20
48,3267,0.16940699866888592,0.08000953304357607,0.10722997050003874,0.6433534977874987,25,20,20
48,3268,0.16940699866888356,0.08000953304333148,0.10759913576988268,0.6429843325179018,25,20,20
48,3269,0.16940699866888273,0.08000953304308421,0.10733278524262196,0.6432506830454104,25,20,20
48,3270,0.16945646448084198,0.0800095330156645,0.10727825266782018,0.6432557498356728,25,20,20
48,3271,0.16945646448084187,0.08000953301566457,0.10727831204049629,0.6432556904629966,25,20,20
48,3272,0.1699452961423345,0.08000953234367363,0.10679454784138784,0.6432506236726033,25,20,20
48,3273,0.16994529614233078,0.08001007326388995,0.10679400692108115,0.6432506236726975,25,20,20
48,3274,0.16994529614233078,0.08001007326388987,0.10679389453572362,0.643250736058055,25,20,20
48,3275,0.1699452961423284,0.08001007326388565,0.10679383528568948,0.6432507953080959,25,20,20
48,3276,0.16994529614232842,0.08001007326388568,0.1067873943803306,0.6432572362134548,25,20,20
48,3277,0.16994529614232765,0.08001007326388568,0.10678241049335754,0.6432622201004284,25,20,20
48,3278,0.1702830647878647,0.08001035627316731,0.10644435895565955,0.6432622199833078,25,20,20
48,3279,0.1702830647878679,0.08001035627316304,0.1064428186950784,0.6432637602438901,25,20,20
48,3280,0.1705799766243055,0.08001035627315915,0.10614590688880841,0.6432637602137263,25,20,20
48,3281,0.1705799766243055,0.08001035627315478,0.10613946418382786,0.6432702029187112,25,20,20
48,3282,0.17057997662430233,0.08001035627315478,0.10613946351441933,0.6432702035881229,25,20,20
48,3283,0.17057997662430227,0.08001035627315478,0.10613938159815549,0.6432702855043868,25,20,20
48,3284,0.17057997662430222,0.08001035627291031,0.10614234583276279,0.6432673212700241,25,20,20
48,3285,0.17057997670091096,0.0411278562586306,0.14502484577037753,0.6432673212700801,25,20,20
48,3286,0.13094107537757652,0.04112756816801291,0.18427026641003003,0.6436610900443799,25,20,20
48,3287,0.1309410753775733,0.04112756816801299,0.18427670674788346,0.6436546497065296,25,20,20
48,3288,0.1309410753775733,0.04112756816801299,0.18427670674766763,0.6436546497067455,25,20,20
48,3289,0.13094107537757643,0.041127568168008694,0.18427208578154736,0.6436592706728669,25,20,20
48,3290,0.13094107537757568,0.041127568168008624,0.18427046552829907,0.6436608909261161,25,20,20
48,3291,0.13094107537757563,0.041127568168008624,0.18427046410575607,0.6436608923486592,25,20,20
48,3292,0.13094107537775776,0.04112756816825322,0.18427529763409087,0.6436560588198976,25,20,20
48,3293,0.13094107537780386,0.041127568168249085,0.18452471348563446,0.6434066429683122,25,20,20
48,3294,0.1309410753776233,0.04112756816800449,0.18467890654852326,0.6432524499058486,25,20,20
48,3295,0.13094107537766564,0.04112756816800464,0.18467897475973594,0.6432523816945934,25,20,20
48,3296,0.13094107537766322,0.04112756816822027,0.18933313733831955,0.6385982191157975,25,20,20
48,3297,0.13092810906299696,0.04108504800180321,0.18959140929234455,0.6383954336428558,25,20,20
48,3298,0.13092810906299696,0.04108504800180306,0.1895914092404728,0.6383954336947276,25,20,20
48,3299,0.13092810906300015,0.04108504800180321,0.18958682474569324,0.6384000181895039,25,20,20
48,3300,0.1308663460509612,0.04108504800197814,0.19004238103515358,0.6380062249119081,25,20,20
48,3301,0.13086634605096126,0.041085048001978215,0.19004249492476458,0.6380061110222968,25,20,20
48,3302,0.13086634605096126,0.041085048001978215,0.19004465881411534,0.638003947132946,25,20,20
48,3303,0.1317244390123264,0.041086467226781914,0.18918514451026833,0.6380039492506241,25,20,20
48,3304,0.14832063917963598,0.04108646723319837,0.17258900105971006,0.6380038925274562,25,20,20
48,3305,0.14832063917981642,0.041086467233444966,0.17296279573698264,0.6376300978497563,25,20,20
48,3306,0.10917592680544912,0.04108649127503257,0.21210736941590536,0.6376302125036126,25,20,20
48,3307,0.10917601979667785,0.04108649127506083,0.2078306983486727,0.6419067905795878,25,20,20
48,3308,0.10917601979672378,0.04108649127506083,0.20811379725227203,0.6416236916759425,25,20,20
48,3309,0.10917601979672305,0.04108649127530466,0.20808504601759853,0.6416524429103729,25,20,20
48,3310,0.10834703037007731,0.04108646724263093,0.20891417413079263,0.6416523282564981,25,20,20
48,3311,0.10834703037007412,0.04108646724263086,0.20891408783694054,0.6416524145503534,25,20,20
48,3312,0.1083470303700741,0.04108646724263071,0.20890759744726822,0.641658904940026,25,20,20
48,3313,0.10834703037007352,0.04108646724263056,0.20865605705389487,0.6419104453334,25,20,20
48,3314,0.10834703403024021,0.040000754456761066,0.2097417661723863,0.641910445340611,25,20,20
48,3315,0.10834703403028494,0.04000075445700136,0.2097418975315573,0.6419103139811552,25,20,20
48,3316,0.10834703403023972,0.04000075445700566,0.20946099782152097,0.6421912136912324,25,20,20
48,3317,0.10834703403019744,0.04000075445700558,0.2094617652840194,0.6421904462287763,25,20,20
48,3318,0.10834703403019744,0.04000075445700558,0.20946609078743494,0.6421861207253607,25,20,20
48,3319,0.10834703403019982,0.04000075445725002,0.2094707478375342,0.6421814636750149,25,20,20
48,3320,0.08158488176947372,0.04000075444395408,0.23623296972409819,0.6421813940624729,25,20,20
48,3321,0.08158488176947296,0.04000075444373415,0.23157421742360135,0.6468401463631905,25,20,20
48,3322,0.0810931174154207,0.04000075479640336,0.23206598136597859,0.6468401464221963,25,20,20
48,3323,0.08075993802998718,0.03999933557574378,0.23240057971098588,0.6468401466832829,25,20,20
48,3324,0.08075993802999035,0.039999335575988296,0.23240716886635032,0.6468335575276708,25,20,20
48,3325,0.08075993804234806,0.03994582486982733,0.232460679554698,0.6468335575331265,25,20,20
48,3326,0.08075993804234806,0.03994582486982733,0.23246071754123346,0.6468335195465911,25,20,20
48,3327,0.08075994334009767,0.03994582536912931,0.24733172523655184,0.6319625060542213,25,20,20
48,3328,0.08075994334009445,0.039945825368884726,0.24732502019412206,0.631969211096899,25,20,20
48,3329,0.08075994334009445,0.0399458253688848,0.247325097483927,0.6319691338070939,25,20,20
48,3330,0.08075994333991479,0.03994582536888281,0.24695613575983838,0.6323380955313642,25,20,20
48,3331,0.0807599433400969,0.039945825369131605,0.24696281027605335,0.6323314210147183,25,20,20
48,3332,0.08075993804234408,0.03994582486982963,0.23209180046009667,0.6472024366277295,25,20,20
48,3333,0.08075996134920872,0.03994582487947284,0.24444532833429022,0.6348488854370283,25,20,20
48,3334,0.08075996134920854,0.03994582489099407,0.25056464679524587,0.6287295669645516,25,20,20
48,3335,0.08025267988348293,0.03994582490478008,0.25107193062595146,0.6287295645857857,25,20,20
48,3336,0.08074594668264458,0.03994583977387352,0.23745807863866544,0.6418501349048161,25,20,20
48,3337,0.07966970202882774,0.03994583978241938,0.23853432322764598,0.6418501349611067,25,20,20
48,3338,0.07966970202883016,0.03994583978241938,0.23816512074593288,0.6422193374428175,25,20,20
48,3339,0.07966970202883016,0.03994583978241946,0.23816507966465988,0.6422193785240903,25,20,20
48,3340,0.07966970202878461,0.039945839782419536,0.23817152941006423,0.6422129287787315,25,20,20
48,3341,0.07966970202878536,0.039945839782419536,0.23817153142261335,0.6422129267661816,25,20,20
48,3342,0.07966970202878536,0.03994583978241946,0.23817160588782685,0.6422128523009683,25,20,20
48,3343,0.08110936005448638,0.039945839424437656,0.23673194748675996,0.6422128530343159,25,20,20
48,3344,0.08110936005453201,0.03994583942418893,0.23672691234520485,0.6422178881760741,25,20,20
48,3345,0.08110936005453201,0.039945839424188855,0.2367284193285752,0.6422163811927039,25,20,20
48,3346,0.08110936004217793,0.038281400686869166,0.23839285778046804,0.6422163814904845,25,20,20
48,3347,0.08061406748525471,0.038281411815017936,0.2519945882718607,0.6291099324278667,25,20,20
48,3348,0.08061406748525397,0.03828141181501794,0.2519945915281424,0.6291099291715858,25,20,20
48,3349,0.08061432296452369,0.03828112684550024,0.25199462052368893,0.6291099296662868,25,20,20
48,3350,0.07976663863215343,0.03828117522147422,0.25284202368035613,0.6291101624660156,25,20,20
48,3351,0.07976654564090499,0.03828117522142441,0.22058059654708517,0.661371682590584,25,20,20
48,3352,0.07976654564090498,0.03828117522142441,0.22057897428737444,0.6613733048502947,25,20,20
48,3353,0.11360892514093829,0.038281153531615965,0.18675073745376405,0.6613591838736811,25,20,20
48,3354,0.11360892514093829,0.038281153531616034,0.18675223987679762,0.6613576814506474,25,20,20
48,3355,0.11360892514094148,0.03828115353162025,0.1867503392894063,0.6613595820380312,25,20,20
48,3356,0.11360892514094069,0.03828115353137573,0.18674562489660784,0.6613642964310749,25,20,20
48,3357,0.11360892514093751,0.03828115353137573,0.18674094107127015,0.6613689802564157,25,20,20
48,3358,0.1136089251409336,0.03999911294056103,0.18502298196542266,0.6613689799530819,25,20,20
48,3359,0.11360892514093363,0.03999911294056103,0.18502297673332488,0.6613689851851796,25,20,20
48,3360,0.11360892514093363,0.03999911294056103,0.18502286368585297,0.6613690982326516,25,20,20
48,3361,0.11360892514097592,0.039999112940565316,0.1850198995915612,0.6613720623268968,25,20,20
48,3362,0.11592462996500545,0.039999113319097994,0.1827041724203389,0.6613720842955568,25,20,20
48,3363,0.11592462996500226,0.0399991133188534,0.1826994322752759,0.6613768244408676,25,20,20
48,3364,0.11592462996500165,0.03999911330733295,0.17645467195651446,0.6676215847711502,25,20,20
48,3365,0.11592437607268191,0.039999107717351226,0.17644715744875794,0.6676293587612081,25,20,20
48,3366,0.11592437607268191,0.039999107717351226,0.17644877832032727,0.6676277378896387,25,20,20
48,3367,0.11592437607268191,0.03999910771711085,0.17645055155458164,0.6676259646556248,25,20,20
48,3368,0.1159243760726364,0.03999910771711085,0.17644414002774667,0.6676323761825053,25,20,20
48,3369,0.11592437607263634,0.03999910771686625,0.1764393056163818,0.6676372105941146,25,20,20
48,3370,0.11592437607263952,0.03999910771687054,0.17643950148183507,0.6676370147286539,25,20,20
48,3371,0.11592437607263958,0.03999910771687062,0.17644420225932184,0.6676323139511672,25,20,20
48,3372,0.083272636128536,0.03999915501950933,0.20909591296062618,0.6676322958913271,25,20,20
48,3373,0.083272636128536,0.03999915501950933,0.20909579911143475,0.6676324097405185,25,20,20
48,3374,0.08327263612853601,0.03999915501950933,0.20909591358573554,0.6676322952662177,25,20,20
48,3375,0.1225132917287835,0.03999910615449265,0.1697779506179721,0.6677096514987513,25,20,20
48,3376,0.12251329172878345,0.03999910615449257,0.16977325076338112,0.6677143513533425,25,20,20
48,3377,0.1228843689725006,0.03999910634270694,0.1694770145357621,0.6676395101490299,25,20,20
48,3378,0.1228843689725006,0.03999910634270694,0.1694769020739272,0.6676396226108646,25,20,20
48,3379,0.12290849702970286,0.03999910624632564,0.1694555219750124,0.6676368747489585,25,20,20
48,3380,0.12290849702971807,0.03997707810584989,0.1694775501099156,0.6676368747545159,25,20,20
48,3381,0.12290849702971807,0.03997707810585407,0.16984903042956387,0.6672653944348635,25,20,20
48,3382,0.1229084970299002,0.039977078105854144,0.16985525460274872,0.6672591702614966,25,20,20
48,3383,0.12290849702990025,0.03997707810609649,0.17022826261080717,0.6668861622531957,25,20,20
48,3384,0.12290849702990231,0.03997707810625847,0.18419802582596595,0.6529163990378725,25,20,20
48,3385,0.12290849702989089,0.03996817198243829,0.18420693195535326,0.6529163990323167,25,20,20
48,3386,0.12289240047989235,0.03996817199117604,0.18421499472019723,0.6529244328087341,25,20,20
48,3387,0.12289237717302777,0.039968171981532824,0.17186154934795347,0.6652779014974857,25,20,20
48,3388,0.12289237717302569,0.03996817198137092,0.15789175271488978,0.6792476981307131,25,20,20
48,3389,0.11633389572038189,0.03996817205547212,0.16438481389528936,0.6793131183288564,25,20,20
48,3390,0.11633389572042421,0.03996817205547642,0.1643848161864869,0.6793131160376124,25,20,20
48,3391,0.11633389572042742,0.039968172055476495,0.16438495719464896,0.679312975029447,25,20,20
48,3392,0.11636310208325458,0.03996817205522276,0.1643557508320538,0.6793129750294685,25,20,20
48,3393,0.11636310208325451,0.03996817205521843,0.1639826480182786,0.6796860778432481,25,20,20
48,3394,0.11636310208330322,0.039968172055463005,0.163991552244,0.6796771736172335,25,20,20
48,3395,0.11636310208330322,0.039968172055463005,0.16399143579728748,0.679677290063946,25,20,20
48,3396,0.11283996294702112,0.039968120066852374,0.16751463115496115,0.6796772858311649,25,20,20
48,3397,0.11283996294697562,0.0399681200668523,0.16751913601537932,0.6796727809707922,25,20,20
48,3398,0.11283996294697557,0.03996812006684801,0.16751443386497697,0.6796774831211989,25,20,20
48,3399,0.112842978730954,0.03998441636219872,0.1674951214088805,0.6796774834979662,25,20,20
48,3400,0.11284297873095021,0.04001572765099861,0.16746381012008602,0.6796774834979645,25,20,20
48,3401,0.11284297873095304,0.040015728355945385,0.17198357941244147,0.6751577135006595,25,20,20
48,3402,0.12883651082176129,0.04001572848399206,0.15599004651154538,0.6751577141827007,25,20,20
48,3403,0.1288365108217589,0.04001572848398785,0.15611937150087385,0.6750283891933787,25,20,20
48,3404,0.12883651082175895,0.04001572848398793,0.1561240733629145,0.6750236873313379,25,20,20
48,3405,0.1288365108217561,0.040015727779041145,0.15160268261330376,0.6795450787858983,25,20,20
48,3406,0.1288365108217561,0.040015727779041076,0.15160924741712575,0.6795385139820764,25,20,20
48,3407,0.11328600892146685,0.040015740650410726,0.16696161533858325,0.6797366350895386,25,20,20
48,3408,0.12008728444134753,0.0400157405762266,0.16022576052163123,0.679671214460794,25,20,20
48,3409,0.12008728444134674,0.04001574057622653,0.160096240276898,0.6798007347055282,25,20,20
48,3410,0.12008728444134668,0.04001574057598419,0.15972319935962787,0.6801737756230409,25,20,20
48,3411,0.1200872844413435,0.04001574057598838,0.15998938960561682,0.6799075853770509,25,20,20
48,3412,0.1200872844413427,0.040015740575984095,0.15998278441420102,0.6799141905684717,25,20,20
48,3413,0.12008728444139229,0.040015740575992685,0.15997645519196607,0.6799205197906484,25,20,20
48,3414,0.12008728444139233,0.04001574057599697,0.15997665042869763,0.6799203245539125,25,20,20
48,3415,0.1213550987065217,0.04001572778973061,0.15890349646343396,0.6797256770403132,25,20,20
48,3416,0.1213550987065217,0.04001572778973061,0.1589081979500524,0.6797209755536948,25,20,20
48,3417,0.12135509870652181,0.04001572778973061,0.15917539920670395,0.6794537742970432,25,20,20
48,3418,0.11037530191681816,0.04001572778770849,0.1701551965235238,0.6794537737719492,25,20,20
48,3419,0.11037530191681823,0.04001572778770849,0.17015519747537572,0.6794537728200971,25,20,20
48,3420,0.11037530191681817,0.04001572778770849,0.17015061148435837,0.6794583588111146,25,20,20
48,3421,0.14812011997326832,0.040015727559417326,0.1324092679321252,0.6794548845351891,25,20,20
48,3422,0.14812012006945394,0.04001572807613891,0.14640366777013208,0.6654604840842749,25,20,20
48,3423,0.14812012006945474,0.04001572807613463,0.14640575080372215,0.6654584010506883,25,20,20
48,3424,0.1481201200694548,0.040015728076138915,0.14640802839041644,0.6654561234639896,25,20,20
48,3425,0.14812012006940523,0.040015728076130325,0.1464077528391654,0.665456399015299,25,20,20
48,3426,0.17055395619968375,0.04001575056623142,0.12397851642066579,0.6654517768134187,25,20,20
48,3427,0.17055395619963828,0.04001575056622292,0.12397392583531339,0.6654563673988251,25,20,20
48,3428,0.17055395619963817,0.04001575056622292,0.12370683901353939,0.6657234542205994,25,20,20
48,3429,0.1705539561996382,0.04001575056622714,0.12370692038697728,0.6657233728471573,25,20,20
48,3430,0.17055395619963817,0.04001575056622292,0.12370478389381198,0.6657255093403268,25,20,20
48,3431,0.17055395619945604,0.04001575056622704,0.12396477709994494,0.6654655161343718,25,20,20
48,3432,0.17055395619945604,0.040015750566226964,0.1239647164757741,0.6654655767585428,25,20,20
48,3433,0.17055395619945596,0.04001575056622267,0.12396463567802565,0.6654656575562954,25,20,20
48,3434,0.17055395619945593,0.040015750566222676,0.12396466761095326,0.6654656256233679,25,20,20
48,3435,0.17055395619945515,0.04001575056622267,0.12396250180228612,0.6654677914320358,25,20,20
48,3436,0.1705539561994943,0.040015750566429135,0.13021211684644968,0.6592181763876268,25,20,20
48,3437,0.1669418046729941,0.04001572772503106,0.13382744346241046,0.6592150241395642,25,20,20
48,3438,0.16694180467299408,0.04001572772503106,0.13420043113452113,0.6588420364674534,25,20,20
48,3439,0.16694180467299408,0.04001572772503106,0.13420031728532966,0.658842150316645,25,20,20
48,3440,0.16694180468197548,0.04001572772503485,0.13872051699818644,0.6543219505948028,25,20,20
48,3441,0.16694180468198186,0.04001572772483275,0.13247098613703634,0.6605714814561486,25,20,20
48,3442,0.16694180468198194,0.04001572772507575,0.13273733805818475,0.6603051295347572,25,20,20
48,3443,0.1780542516498466,0.040015727723865135,0.12162489141494297,0.6603051292113448,25,20,20
48,3444,0.1780542516498474,0.04001572772386949,0.12171707226700977,0.6602129483592728,25,20,20
48,3445,0.17205790997961412,0.040015727723870194,0.12771341393726895,0.6602129483592463,25,20,20
48,3446,0.17205790997961412,0.04001535069079781,0.1277137909702439,0.6602129483593439,25,20,20
48,3447,0.17205790997961412,0.04001535069079353,0.12762389677599145,0.6603028425536004,25,20,20
48,3448,0.1720579099796141,0.04001535069079353,0.12762389677617172,0.6603028425534202,25,20,20
48,3449,0.17205790997956855,0.040015350690789174,0.12762369873386914,0.6603030405957727,25,20,20
48,3450,0.1720579099795685,0.04001535069078491,0.1273573674752154,0.6605693718544308,25,20,20
48,3451,0.1720579099703601,0.04001535069078105,0.12284214921205913,0.6650845901267991,25,20,20
48,3452,0.17205790997031145,0.04001535069053656,0.122833360287717,0.6650933790514344,25,20,20
48,3453,0.17230584218971948,0.04001535059710776,0.12258542816955248,0.6650933790436199,25,20,20
48,3454,0.17230801421880923,0.040015350597107265,0.12258325614059659,0.6650933790434865,25,20,20
48,3455,0.17230801421881242,0.040015350597349605,0.12295673500767683,0.6647199001761607,25,20,20
48,3456,0.1723037509947069,0.0400153505973506,0.12296099823177432,0.6647199001761678,25,20,20
48,3457,0.1723037509947069,0.04001535059735053,0.12296103164967842,0.6647198667582639,25,20,20
48,3458,0.17230375099470774,0.0400153505973506,0.12296759419764001,0.6647133042103013,25,20,20
48,3459,0.1723037509947078,0.04001535059735482,0.12296326201745751,0.6647176363904796,25,20,20
48,3460,0.17230375099470893,0.011255804098652981,0.15172280343982278,0.6647176414668149,25,20,20
48,3461,0.1723037509947089,0.01125580409865298,0.15172268697816607,0.6647177579284715,25,20,20
48,3462,0.1723037509947089,0.01125580409864879,0.15145643676995912,0.6649840081366827,25,20,20
48,3463,0.17230375099470893,0.01125580409840645,0.15108299871587547,0.6653574461910088,25,20,20
48,3464,0.17230375099470902,0.011255804098410739,0.15108319395282352,0.6653572509540564,25,20,20
48,3465,0.172303750994709,0.011255804098406525,0.15108307977415708,0.6653573651327271,25,20,20
48,3466,0.172303750994891,0.011255804098410815,0.15108770310205677,0.6653527418046411,25,20,20
48,3467,0.17230375099488987,0.0399848126664458,0.12235869961035835,0.6653527367283057,25,20,20
48,3468,0.17230375099489062,0.0399848126664458,0.1223651907657388,0.6653462455729244,25,20,20
48,3469,0.17230375099489145,0.03998481266644588,0.12273359851677462,0.6649778378218878,25,20,20
48,3470,0.17230582757523322,0.039984812666444866,0.12273152193630976,0.6649778378220118,25,20,20
48,3471,0.17817654480695197,0.03998481266655466,0.11686080470419415,0.6649778378222991,25,20,20
48,3472,0.17817654480695197,0.03998481266655466,0.11686080328215058,0.6649778392443427,25,20,20
48,3473,0.17817654480695197,0.03998481266655466,0.11686080528988013,0.6649778372366132,25,20,20
48,3474,0.17817654480699674,0.039984812666558955,0.11685432139826046,0.6649843211281837,25,20,20
48,3475,0.13832856216628742,0.040066686574984516,0.15660697178772714,0.6649977794710007,25,20,20
48,3476,0.1383285621662874,0.04006668657474153,0.15634532110251503,0.6652594301564558,25,20,20
48,3477,0.1383285621662874,0.0400666865747416,0.15634528774479356,0.6652594635141772,25,20,20
48,3478,0.13832856216628744,0.04006668657474589,0.15634998987447976,0.6652547613844867,25,20,20
48,3479,0.13828720571330733,0.04006669671245064,0.15639128787049109,0.6652548097037507,25,20,20
48,3480,0.13828720571330727,0.04006669671244636,0.1563910926422996,0.6652550049319466,25,20,20
48,3481,0.13828689888858803,0.04006669721384627,0.1563994327420385,0.6652469711555267,25,20,20
48,3482,0.13828689888858808,0.04006669721409081,0.15640171060096722,0.6652446932963534,25,20,20
48,3483,0.13828689888858728,0.04006669721409081,0.15639518661219495,0.6652512172851266,25,20,20
48,3484,0.13913649344500534,0.040068103917648805,0.1555441852806463,0.665251217356699,25,20,20
48,3485,0.13913649344500537,0.04006810391764888,0.15553959935634745,0.6652558032809978,25,20,20
48,3486,0.13913649344518672,0.04006810393159104,0.1551703898431001,0.6656250127801215,25,20,20
48,3487,0.13913649344518753,0.04006810393159104,0.15517039054626797,0.6656250120769529,25,20,20
48,3488,0.13913649344500545,0.04006810393158676,0.1551656876979064,0.6656297149255007,25,20,20
48,3489,0.13913649344500537,0.04006810393158254,0.15516348592035206,0.6656319167030594,25,20,20
48,3490,0.13913649344500537,0.04006810393158247,0.15516363274355482,0.6656317698798567,25,20,20
48,3491,0.13913649334881975,0.04006810341486089,0.14116931289609377,0.6796260903402245,25,20,20
48,3492,0.16858075972912345,0.03998622950991236,0.1118203608066299,0.6796126499543337,25,20,20
48,3493,0.1685807597291531,0.03998622951007155,0.12579023936720438,0.6656427713935702,25,20,20
48,3494,0.16858075972914993,0.03998622951007162,0.12591972901683232,0.6655132817439455,25,20,20
48,3495,0.18970406015278904,0.03998622968139168,0.1047964252579096,0.6655132849079095,25,20,20
48,3496,0.18970406015274358,0.03998622968139161,0.10479640704730525,0.6655133031185595,25,20,20
48,3497,0.18970406015275876,0.03997284420918182,0.10480979251959555,0.6655133031184637,25,20,20
48,3498,0.18970406015272917,0.03997284420902271,0.09084002889728147,0.6794830667409666,25,20,20
48,3499,0.18970406015272914,0.03997284420902263,0.09084002944667068,0.6794830661915774,25,20,20
48,3500,0.18970108896185078,0.03995690224038139,0.09085894301645485,0.6794830657813127,25,20,20
48,3501,0.18970108896184995,0.03995690224038139,0.09085871243641072,0.6794832963613575,25,20,20
48,3502,0.19970221289893794,0.03995690727768704,0.08085757738604178,0.6794833024373329,25,20,20
48,3503,0.19970221289893714,0.039956907277686964,0.08085529069354055,0.679485589129835,25,20,20
48,3504,0.19970221289893708,0.0399569072776847,0.0812260341226143,0.6791148457007635,25,20,20
48,3505,0.19970221289893708,0.039956907291535,0.08149336566733738,0.6788475141421899,25,20,20
48,3506,0.19998352864477392,0.03995690225075283,0.08121207899518447,0.6788474901092885,25,20,20
48,3507,0.20036762412637002,0.0399569023413591,0.08082795923858029,0.6788475142936901,25,20,20
48,3508,0.20036762414385126,0.014139448649839008,0.10664504894371912,0.6788478782625902,25,20,20
48,3509,0.20037849043377823,0.014990676102672209,0.10578293328660568,0.6788479001769437,25,20,20
48,3510,0.20037849043377823,0.014990676088826128,0.10551776553799795,0.6791130679393976,25,20,20
48,3511,0.20037849043359932,0.014990676074883963,0.10551402312475355,0.679116810366763,25,20,20
48,3512,0.20037849043359932,0.014990676074883968,0.10551391068390456,0.679116922807612,25,20,20
48,3513,0.20049980316268823,0.01499067607488396,0.10539259795494392,0.6791169228074838,25,20,20
48,3514,0.20049366457409318,0.014990676074966848,0.10539873654332302,0.6791169228076172,25,20,20
48,3515,0.20005580790001573,0.014990675735445522,0.10583659676306559,0.6791169196014732,25,20,20
48,3516,0.23301657661936545,0.014989268580323178,0.07287723525928286,0.6791169195410285,25,20,20
48,3517,0.23301657661936545,0.014989268580323102,0.07287712030199063,0.6791170344983208,25,20,20
48,3518,0.23301657661936623,0.014989268580323178,0.07274767435619615,0.6792464804441144,25,20,20
48,3519,0.23301657661936304,0.014989268580323102,0.07274751613235093,0.679246638667963,25,20,20
48,3520,0.233016576619363,0.014989268580327366,0.0730138453883678,0.6789803094119418,25,20,20
48,3521,0.23288852594017528,0.014989268580357156,0.07314189605981918,0.6789803094196484,25,20,20
48,3522,0.23288852594017528,0.014989268580357156,0.07314189697250197,0.6789803085069656,25,20,20
48,3523,0.22523644136009982,0.014989268621886688,0.0807939812317413,0.6789803087862726,25,20,20
48,3524,0.22523644282232952,0.021829715483962023,0.07392311268641687,0.6790107290072916,25,20,20
48,3525,0.23892175270919158,0.021829715368789554,0.060237803191781444,0.6790107287302374,25,20,20
48,3526,0.23891082048088777,0.022079157088153032,0.0599993156156296,0.679010706815329,25,20,20
48,3527,0.23891082048088777,0.022079157088152956,0.05999923455738422,0.6790107878735745,25,20,20
48,3528,0.2393946887167252,0.022079157088262854,0.05951536632142776,0.6790107878735837,25,20,20
48,3529,0.2393946887169074,0.02207915708826293,0.0595201025901281,0.6790060516047012,25,20,20
48,3530,0.23939468871690742,0.022079157088258743,0.05925389047182357,0.6792722637230098,25,20,20
48,3531,0.2393950008946482,0.022079157604600216,0.07326727568049836,0.6652585658202529,25,20,20
48,3532,0.23939500105176556,0.02207915763227783,0.07357399790466576,0.6649518434112907,25,20,20
48,3533,0.2393950052959322,0.020987568834247478,0.07466558222435836,0.6649518436454613,25,20,20
48,3534,0.23939500529593136,0.020987568834243263,0.07466990529301563,0.6649475205768092,25,20,20
48,3535,0.22833244444139722,0.020987568810230308,0.08573247287679722,0.6649475138715749,25,20,20
48,3536,0.22833244444139716,0.020987568810226093,0.0857343735039253,0.664945613244451,25,20,20
48,3537,0.22833244444139716,0.020987568810226093,0.08536138579669447,0.6653186009516818,25,20,20
48,3538,0.21462863836494667,0.020987565321115818,0.09906432455242013,0.6653194717615171,25,20,20
48,3539,0.21462863836494672,0.020987565321115894,0.09907092934613085,0.6653128669678066,25,20,20
48,3540,0.21462863836494667,0.020987565321111602,0.09907086817735149,0.66531292813659,25,20,20
48,3541,0.2146286383649459,0.020987565321111457,0.09907738785841926,0.6653064084555232,25,20,20
48,3542,0.2146286383649458,0.020987565321291556,0.11013530955794572,0.6542484867558174,25,20,20
48,3543,0.2146286383649458,0.020987565321291556,0.11013534493809901,0.6542484513756639,25,20,20
48,3544,0.21462863836494978,0.020987565321295774,0.11013683341306489,0.6542469629006896,25,20,20
48,3545,0.21976739099199588,0.02098756533182228,0.1049969242108257,0.6542481194653562,25,20,20
48,3546,0.21976707881425514,0.02098756481548509,0.09107573259198622,0.668169623778273,25,20,20
48,3547,0.21870907686430788,0.020987564821586206,0.0921337328494674,0.6681696254646383,25,20,20
48,3548,0.21870907745452978,0.020987564821830257,0.09223272134156589,0.6680706363820739,25,20,20
48,3549,0.2187090772974125,0.020987564794152713,0.091926082196307,0.6683772757121277,25,20,20
48,3550,0.21870907729741174,0.020987564794148494,0.09192917610296694,0.6683741818054727,25,20,20
48,3551,0.2187090772974572,0.020987564794393166,0.09193400964273456,0.6683693482654148,25,20,20
48,3552,0.2187090772974572,0.02098756479439309,0.09193392856217324,0.6683694293459762,25,20,20
48,3553,0.2187090772974572,0.020987564794397277,0.09220017874964809,0.668103179158497,25,20,20
48,3554,0.21870907729745728,0.02098756479439728,0.092200101011741,0.6681032568964043,25,20,20
48,3555,0.21870907729745728,0.02098756479439728,0.09219998797623635,0.6681033699319088,25,20,20
48,3556,0.21870907730780775,0.020987564794397288,0.09231520197629207,0.6679881559215025,25,20,20
48,3557,0.2187090773078109,0.02098756479439739,0.09204906693343881,0.6682542909643526,25,20,20
48,3558,0.2188028383839995,0.020987564788190274,0.09195530751965489,0.6682542893081549,25,20,20
48,3559,0.21881752641982094,0.020997868474440348,0.09193031604000673,0.6682542890657315,25,20,20
48,3560,0.21881752641977545,0.020997868474195755,0.0919256016219479,0.6682590034840805,25,20,20
48,3561,0.21881752641977864,0.020997868474195755,0.09191911811290505,0.6682654869931202,25,20,20
48,3562,0.21881752641977945,0.020997868474195828,0.09191923403940999,0.6682653710666143,25,20,20
48,3563,0.21836472730068388,0.020997868475661718,0.09237203231562732,0.6682653719080268,25,20,20
48,3564,0.21836472730068068,0.02099786847565743,0.0923718631155082,0.6682655411081534,25,20,20
48,3565,0.21881163340364318,0.02099786847411265,0.09192495785509347,0.6682655402671503,25,20,20
48,3566,0.21869237246251189,0.0209978684741102,0.09204421878908894,0.6682655402742889,25,20,20
48,3567,0.21869237187229001,0.020997868473866147,0.09193870659885305,0.6683710530549906,25,20,20
48,3568,0.2188452629794271,0.020997868470690798,0.09178581550976964,0.6683710530401124,25,20,20
48,3569,0.2188452629794271,0.020997868470448457,0.09141271314050535,0.668744155409619,25,20,20
48,3570,0.22489227376103943,0.020997868394949156,0.08536687646302915,0.6687429813809822,25,20,20
48,3571,0.22489227376103943,0.020997868394949083,0.0853602736689748,0.6687495841750368,25,20,20
48,3572,0.23864403679246812,0.020997861746244087,0.0716094364156179,0.6687486650456697,25,20,20
48,3573,0.23864403679265023,0.020997861760183388,0.07162175394898568,0.6687363474981803,25,20,20
48,3574,0.2277261473799317,0.020997865524605825,0.08253861678153061,0.6687373703139317,25,20,20
48,3575,0.2277113138917654,0.020997865537255717,0.0825534502861656,0.6687373702848132,25,20,20
48,3576,0.22771131389176621,0.02099786553725579,0.08256018289868218,0.6687306376722957,25,20,20
48,3577,0.2277113138917694,0.020997865537255862,0.08256029242561036,0.6687305281453643,25,20,20
48,3578,0.2277113138917694,0.020997865537255862,0.08256246066014683,0.6687283599108278,25,20,20
48,3579,0.22771131389159055,0.020997865523316565,0.08255185015232955,0.6687389704327632,25,20,20
48,3580,0.22769662732607032,0.02097812765536431,0.08257837111203875,0.6687468739065264,25,20,20
48,3581,0.22719389711738647,0.020978127655577355,0.08308110132051683,0.6687468739065193,25,20,20
48,3582,0.22707183046922352,0.020978127655577855,0.08320316796867688,0.6687468739065217,25,20,20
48,3583,0.2376177176165978,0.02097812389275934,0.0726582830520189,0.6687458754386237,25,20,20
48,3584,0.23761771761659772,0.02097812389275506,0.07256597561299152,0.6688381828776554,25,20,20
48,3585,0.23761803640423892,0.020978123382685215,0.07256565623169377,0.6688381839813821,25,20,20
48,3586,0.23761803640423892,0.02097812338268943,0.07257217439107738,0.668831665821994,25,20,20
48,3587,0.19948266432731085,0.020978123378004022,0.11070754647242871,0.6688316658222567,25,20,20
48,3588,0.19960472311733823,0.020978123378031004,0.11058548768237436,0.6688316658222565,25,20,20
48,3589,0.19960472311733748,0.020978123378031004,0.11058699278269873,0.668830160721933,25,20,20
48,3590,0.19960472311734068,0.020978123378035368,0.11059359872065713,0.6688235547839669,25,20,20
48,3591,0.19960606664503783,0.02097812337806275,0.11059225519293053,0.6688235547839693,25,20,20
48,3592,0.19960606664503786,0.02097812337806275,0.11059217462680172,0.6688236353500979,25,20,20
48,3593,0.1995306772682105,0.0209781233780354,0.11066756400378926,0.6688236353499651,25,20,20
48,3594,0.19953067726821053,0.020978123378039615,0.11067405463489706,0.6688171447188529,25,20,20
48,3595,0.19977575741067288,0.020978123378069168,0.11042897450685521,0.6688171447044031,25,20,20
48,3596,0.19893812377634115,0.020978136479084357,0.11126659390822566,0.6688171458363484,25,20,20
48,3597,0.18320524417523093,0.02097813688610983,0.12699941823116034,0.6688172007074985,25,20,20
48,3598,0.1832052441752278,0.02097813688611404,0.12700188645430072,0.6688147324843571,25,20,20
48,3599,0.18320524417522777,0.02097813688593394,0.115943962358973,0.679872656579865,25,20,20
48,3600,0.18320524417522777,0.02097813688593394,0.115943962358973,0.679872656579865,25,20,20
48,3601,0.18320524417522777,0.02097813688593815,0.11594383426944833,0.6798727846693855,25,20,20
48,3602,0.18320524417522463,0.02097813688593815,0.1162093244946858,0.6796072944441511,25,20,20
48,3603,0.18320524417522782,0.020978136885938223,0.11621402751066771,0.6796025914281658,25,20,20
48,3604,0.1561161903735292,0.020978137209099426,0.14330138347234148,0.6796042889450286,25,20,20
48,3605,0.1561161903735291,0.02097813720909958,0.14303580578582317,0.6798698666315469,25,20,20
48,3606,0.15611619037352914,0.020978137209099433,0.1430342647176398,0.6798714076997304,25,20,20
48,3607,0.15611619037352914,0.020978137209099357,0.14303423769168325,0.6798714347256869,25,20,20
48,3608,0.15611619037352595,0.02097813720909506,0.14302762533727897,0.6798780470800988,25,20,20
48,3609,0.15611619037352592,0.02097813720909928,0.14302770146214688,0.6798779709552265,25,20,20
48,3610,0.15611619037352273,0.02097813720909928,0.14302769977096527,0.6798779726464116,25,20,20
48,3611,0.15611619036299015,0.020978137209099204,0.14290782999642937,0.67999784243148,25,20,20
48,3612,0.19599033257858814,0.02097813719983802,0.10304159236805431,0.6799899378535182,25,20,20
48,3613,0.19599033257863446,0.020978137199838022,0.10304169215492726,0.6799898380665991,25,20,20
48,3614,0.1959903325786799,0.020978137199837953,0.10305407572549787,0.6799774544959831,25,20,20
48,3615,0.1959903325786799,0.020978137199837876,0.10304751293200111,0.6799840172894798,25,20,20
48,3616,0.22278184277916857,0.02097813689542365,0.07625769883161145,0.6799823214937964,25,20,20
48,3617,0.22278184277916865,0.020978136895423726,0.07625781805288208,0.6799822022725256,25,20,20
48,3618,0.22278184277917176,0.02097813689542805,0.0766308457100187,0.6796091746153816,25,20,20
48,3619,0.22278184129965597,0.03876069787972895,0.05887907038976598,0.6795783904308493,25,20,20
48,3620,0.22278184129970147,0.03876069787973747,0.05887918654046202,0.6795782742800992,25,20,20
48,3621,0.22278184129970147,0.03876069787973747,0.05887922565521614,0.6795782351653452,25,20,20
48,3622,0.22278184129969827,0.03876069787973322,0.058510817340142324,0.6799466434804263,25,20,20
48,3623,0.22297387710310676,0.03876069787973269,0.05831878153673441,0.6799466434804262,25,20,20
48,3624,0.2229738771030612,0.03876069787973269,0.058304774966222175,0.6799606500509838,25,20,20
48,3625,0.2229738771030612,0.03876069787973277,0.0585711078950766,0.6796943171221294,25,20,20
48,3626,0.22297387710306044,0.03876069787972856,0.05856458441600351,0.6797008406012075,25,20,20
48,3627,0.2228277226574774,0.03876069788279314,0.058710738427267976,0.6797008410324614,25,20,20
48,3628,0.22294960008991407,0.038760697884414344,0.05858886099294571,0.6797008410327259,25,20,20
48,3629,0.22294960008991407,0.03876069788441427,0.05858416115637993,0.6797055408692917,25,20,20
48,3630,0.22294960008970374,0.03996852920176785,0.057376329844527556,0.6797055408640008,25,20,20
48,3631,0.22294960008970374,0.03996852920176777,0.05737166657268029,0.6797102041358483,25,20,20
48,3632,0.22294960008970766,0.0399685292017763,0.05763866236607486,0.6794432083424411,25,20,20
48,3633,0.22297578554498426,0.03996852921534452,0.05938332876019927,0.6776723564794719,25,20,20
48,3634,0.2091595445502873,0.039968529215810185,0.07319955387025692,0.6776723723636454,25,20,20
48,3635,0.2091595445502873,0.039968529215810185,0.07319947348565875,0.6776724527482436,25,20,20
48,3636,0.2091595445502873,0.03996852648146983,0.07319947622009489,0.6776724527481478,25,20,20
48,3637,0.2324605890481155,0.03996851337614446,0.049898444967017314,0.6776724526087223,25,20,20
48,3638,0.2324605890481155,0.03996851337614446,0.04989841987964914,0.6776724776960904,25,20,20
48,3639,0.2324605890481155,0.039968513376144384,0.0496321694176072,0.6779387281581326,25,20,20
48,3640,0.23246058904811873,0.03996851337638896,0.049639745362082384,0.6779311522134095,25,20,20
48,3641,0.23246058904811864,0.03996851337638467,0.04963313886877125,0.6779377587067249,25,20,20
48,3642,0.23246058904811545,0.039968513376140095,0.04963018229331318,0.6779407152824308,25,20,20
48,3643,0.23246058904811545,0.039968513376140095,0.04963026139029747,0.6779406361854465,25,20,20
48,3644,0.2324605890480699,0.03996851337613581,0.04963662926021619,0.6779342683155777,25,20,20
48,3645,0.23246058904806982,0.039968513376135814,0.050009729675245536,0.6775611679005483,25,20,20
48,3646,0.23246058904802358,0.03996851337613597,0.050009663747666855,0.6775612338281733,25,20,20
48,3647,0.23246456947508018,0.039968513376166345,0.050005683312845474,0.6775612338359077,25,20,20
48,3648,0.23246456948546101,0.03996851337640672,0.05000577251483748,0.6775611446232945,25,20,20
48,3649,0.23246456949584274,0.039968513376411094,0.05000751702638306,0.677559400101363,25,20,20
48,3650,0.23246456949584274,0.03996851337641116,0.0500028982531628,0.6775640188745831,25,20,20
48,3651,0.23246456948546101,0.0399685133764068,0.05000126762549557,0.6775656495126364,25,20,20
48,3652,0.23234179442103683,0.03996851337637643,0.05012404269768453,0.6775656495049021,25,20,20
48,3653,0.2325947262566712,0.03996851346217882,0.04987113513916534,0.677565625141984,25,20,20
48,3654,0.2325947262566712,0.039968513462183115,0.049875839276081566,0.6775609210050636,25,20,20
48,3655,0.23259472625666724,0.03996851346217459,0.04960888596145856,0.677827874319699,25,20,20
48,3656,0.2492390080320995,0.039968513458630194,0.03296460518341029,0.6778278733258596,25,20,20
48,3657,0.2492390080320963,0.03996851345863012,0.03296460345136183,0.6778278750579112,25,20,20
48,3658,0.2492390080320971,0.039968513458634364,0.03296460378288761,0.6778278747263804,25,20,20
48,3659,0.22577807082546753,0.04003370587114477,0.05635491311257699,0.6778333101908096,25,20,20
48,3660,0.22577807082546758,0.03882644997917122,0.05756216899916379,0.6778333101961964,25,20,20
48,3661,0.22577807082546758,0.038826449979166934,0.057555678219133884,0.6778398009762305,25,20,20
48,3662,0.22577807082546758,0.03882644997916679,0.057555591584224686,0.6778398876111399,25,20,20
48,3663,0.22577807082546758,0.038826449979166865,0.05755570550843589,0.6778397736869288,25,20,20
48,3664,0.2257780708254684,0.038826449979166934,0.05755112161489974,0.6778443575804641,25,20,20
48,3665,0.2257780708254684,0.038826449979162646,0.05754641806366954,0.6778490611316985,25,20,20
48,3666,0.22592008254485765,0.038826449976041164,0.05740440677892015,0.6778490607001803,25,20,20
48,3667,0.22592008254485768,0.038826449976041164,0.05740448867241087,0.6778489788066894,25,20,20
48,3668,0.22592008254485768,0.038826449976041164,0.05741101037434551,0.6778424571047548,25,20,20
48,3669,0.22592008254485765,0.04006478272829089,0.05617267762748435,0.6778424570993664,25,20,20
48,3670,0.2259132183762798,0.04006478272817908,0.0561795417663106,0.6778424571292299,25,20,20
48,3671,0.219947338544392,0.04006478272831889,0.06214542158538896,0.6778424571418995,25,20,20
48,3672,0.22603622646493765,0.040064782728179094,0.05605653367764825,0.6778424571292344,25,20,20
48,3673,0.22603622646493762,0.040064782728179094,0.056056453790526845,0.6778425370163558,25,20,20
48,3674,0.22601004100966424,0.040064782714610864,0.05431189504656712,0.6796132812291573,25,20,20
48,3675,0.2260100410096674,0.04006478271461079,0.054316516516253764,0.6796086597594675,25,20,20
48,3676,0.2260100410096674,0.04006478271461508,0.05432312041698951,0.6796020558587275,25,20,20
48,3677,0.20476719286749748,0.04006478289089037,0.07556337660828825,0.6796046476333231,25,20,20
48,3678,0.20204954166253278,0.039999591478339286,0.0783515320499307,0.6795993348091968,25,20,20
48,3679,0.20166801401573367,0.039999591479946896,0.07873303566535111,0.6795993588389677,25,20,20
48,3680,0.2064612339418164,0.03999960327741534,0.07394239572868372,0.6795967670520838,25,20,20
48,3681,0.20646123394181648,0.03999960327741534,0.0739423637713238,0.6795967990094437,25,20,20
48,3682,0.20646126171170967,0.03999963187169436,0.07394230725775976,0.6795967991588356,25,20,20
48,3683,0.20646126171170967,0.03999963187169429,0.07393573152014996,0.6796033748964454,25,20,20
48,3684,0.1837029681213149,0.0400001070649719,0.09669132371118329,0.6796056011025304,25,20,20
48,3685,0.18357392979676868,0.04000010724366557,0.09682033731115934,0.6796056256484071,25,20,20
48,3686,0.18357392979676868,0.04000010724366557,0.09682694373758548,0.679599019221981,25,20,20
48,3687,0.2000129141627367,0.04000009527003754,0.08038796796018655,0.6795990226070384,25,20,20
48,3688,0.20001291416273662,0.04000009527003762,0.08039454299839564,0.6795924475688294,25,20,20
48,3689,0.176280299693187,0.04000009539114635,0.10412721221702453,0.6795923926986418,25,20,20
48,3690,0.17628029969323133,0.04000009540495944,0.1045012756421663,0.6792183292596427,25,20,20
48,3691,0.1762803381348105,0.03824529138474416,0.10625602394717072,0.6792183465332742,25,20,20
48,3692,0.1765326817637008,0.038245291117023156,0.10600370470623859,0.679218322413037,25,20,20
48,3693,0.1767909290086178,0.038245291204449375,0.10574548140366416,0.6792182983832684,25,20,20
48,3694,0.17679092900861537,0.03824529120444509,0.10573899277963422,0.6792247870073053,25,20,20
48,3695,0.1804409401760578,0.038245261632574266,0.10208914981931155,0.6792246483720565,25,20,20
48,3696,0.180440940176061,0.03824526163281885,0.10208917634437016,0.6792246218467501,25,20,20
48,3697,0.1571108085892729,0.03824526163270434,0.12541931133389542,0.6792246184441278,25,20,20
48,3698,0.15711080858945503,0.03824526163294886,0.125424063806011,0.6792198659715855,25,20,20
48,3699,0.15711080858945503,0.03824526163294465,0.1254239824240062,0.6792199473535944,25,20,20
48,3700,0.1592069143618272,0.03824615017268129,0.12332684194768997,0.6792200935178012,25,20,20
48,3701,0.1592069143618264,0.03824615017268121,0.1233268404947881,0.6792200949707038,25,20,20
48,3702,0.15897326125702663,0.03824616013299434,0.12356043574129547,0.6792201428686836,25,20,20
48,3703,0.15897322281546272,0.03997839982603328,0.12182825175789484,0.6792201256006094,25,20,20
48,3704,0.15877977760952422,0.03997841684504575,0.12202167781060251,0.6792201277348278,25,20,20
48,3705,0.15877977760952347,0.03997841684504579,0.12164877088872819,0.6795930346567028,25,20,20
48,3706,0.15877977760952347,0.03997841684504586,0.12164888604970829,0.6795929194957228,25,20,20
48,3707,0.15877977760952341,0.03997841684504586,0.12164880555548795,0.6795929999899432,25,20,20
48,3708,0.15877977760950826,0.04000043556994847,0.12162678683606033,0.6795929999844832,25,20,20
48,3709,0.15877977760950507,0.04000043556994855,0.12162208942861114,0.6795976973919354,25,20,20
48,3710,0.15877977761985962,0.040000435569948624,0.12171632025726849,0.6795034665529234,25,20,20
48,3711,0.13484137678097535,0.04000042758910235,0.14562382140005822,0.679534374229864,25,20,20
48,3712,0.1348413767809754,0.04000042758910235,0.14562386451940687,0.6795343311105152,25,20,20
48,3713,0.1348413767809754,0.040000427589102425,0.1456239513544991,0.6795342442754229,25,20,20
48,3714,0.1348413767809786,0.040000427589102425,0.14562853901767453,0.6795296566122444,25,20,20
48,3715,0.132727698263782,0.04008123697823156,0.14766131461094106,0.6795297501470456,25,20,20
48,3716,0.1688721504969066,0.03999953860310815,0.11159880045320866,0.6795295104467765,25,20,20
48,3717,0.16887215048652568,0.03999953860286348,0.11159396325888209,0.6795343476517286,25,20,20
48,3718,0.16887215048634358,0.039999538602618886,0.11158912773309294,0.6795391831779445,25,20,20
48,3719,0.16887215048634358,0.03999953860261882,0.11158901387879609,0.6795392970322414,25,20,20
48,3720,0.1688721504865257,0.039999538602618886,0.11159124536314238,0.679537065547713,25,20,20
48,3721,0.15801363846925998,0.039999538602678866,0.12244975749593691,0.6795370654321244,25,20,20
48,3722,0.15801363846926003,0.039999538602678936,0.12244984066392499,0.6795369822641362,25,20,20
48,3723,0.15801363846921493,0.03999953858887007,0.12207585658319714,0.679910966358718,25,20,20
48,3724,0.15801363846921487,0.039999538588869996,0.12208047529744098,0.6799063476444742,25,20,20
48,3725,0.15801363846921487,0.03997806089626187,0.12210195299004915,0.6799063476444742,25,20,20
48,3726,0.16186906960750533,0.03997806081416822,0.11824652193408915,0.6799063476442374,25,20,20
48,3727,0.17260470239896816,0.03997806081410774,0.10751088945260506,0.6799063473343192,25,20,20
48,3728,0.17246458073819124,0.03997806081569615,0.10765101110435188,0.6799063473417611,25,20,20
48,3729,0.17246458076871274,0.0245569010072533,0.1230721708789559,0.6799063473450785,25,20,20
48,3730,0.1369157639714918,0.024556901007666065,0.15862098550305911,0.6799063495177835,25,20,20
48,3731,0.13274032499062607,0.024556901167644488,0.1627245823819918,0.6799781914597375,25,20,20
48,3732,0.13274032499062607,0.024556901167644488,0.16272450388983248,0.6799782699518967,25,20,20
48,3733,0.1327403249907806,0.024556901167640328,0.16879096200852645,0.6739118118330526,25,20,20
48,3734,0.13346328546402508,0.02455690486160321,0.16808219924924558,0.6738976104251261,25,20,20
48,3735,0.13346328546402508,0.024556904861603134,0.16807559650118764,0.6739042131731839,25,20,20
48,3736,0.1366190263946303,0.024556901013988046,0.1649774754458856,0.673846597145496,25,20,20
48,3737,0.13661902639463347,0.024556901027838415,0.16524022309704628,0.6735838494804818,25,20,20
48,3738,0.15966105789379503,0.024556425815902113,0.14220089473602163,0.6735816215542816,25,20,20
48,3739,0.159661057893795,0.024556425815897898,0.14220081863491937,0.673581697655388,25,20,20
48,3740,0.1553374373362156,0.024556477168185133,0.1465243899748425,0.673581695520757,25,20,20
48,3741,0.1553451529497293,0.024556426331168613,0.1465166545669257,0.6735817661521765,25,20,20
48,3742,0.14668225780800223,0.024556426404758556,0.15517848683219906,0.6735828289550401,25,20,20
48,3743,0.1466822578080023,0.02455642640475856,0.1551785163676797,0.6735827994195595,25,20,20
48,3744,0.1309789530030762,0.024569631818105765,0.17089957132821967,0.6735518438505992,25,20,20
48,3745,0.1309789530030762,0.024569631818105765,0.1708994588561098,0.6735519563227093,25,20,20
48,3746,0.1309789530029258,0.02456963181826493,0.18486716673184048,0.6595842484469696,25,20,20
48,3747,0.1294030215689838,0.024569668545314366,0.18644297303659382,0.659584336849109,25,20,20
48,3748,0.1294030215689838,0.024569668545314442,0.18644305408271522,0.6595842558029874,25,20,20
48,3749,0.12939543053702804,0.024569668531519887,0.18645071336411054,0.6595841875673426,25,20,20
48,3750,0.12939770128603353,0.024568668002707596,0.18644842180003957,0.6595852089112205,25,20,20
48,3751,0.12939770128587905,0.024568668002707468,0.1803800589817081,0.6656535717297065,25,20,20
48,3752,0.1293977012858505,0.02456866800255679,0.16653956812204335,0.6794940625895507,25,20,20
48,3753,0.1293977012858505,0.024568668002556714,0.166539566143541,0.6794940645680532,25,20,20
48,3754,0.12939770128584732,0.024568668002548158,0.16641003854614442,0.6796235921654613,25,20,20
48,3755,0.1293977012858473,0.024568668002548158,0.16650224978606654,0.6795313809255394,25,20,20
48,3756,0.12939770128584732,0.024568668002548158,0.16650217271658158,0.6795314579950243,25,20,20
48,3757,0.12939770128585049,0.024568668002548154,0.16659428352652517,0.6794393471850776,25,20,20
48,3758,0.12939770128585049,0.024568668002548154,0.16659416707981245,0.6794394636317902,25,20,20
48,3759,0.12939770128584738,0.024568668002543873,0.1665018624460508,0.6795317682655592,25,20,20
48,3760,0.12939770125532632,0.038773400033980596,0.15229713044845541,0.6795317682622389,25,20,20
48,3761,0.15294555001135504,0.038773383014964885,0.12874930084567235,0.6795317661280089,25,20,20
48,3762,0.11385277567728785,0.03877615907400966,0.16783256633602522,0.6795384989126784,25,20,20
48,3763,0.11385277567728785,0.03877615907400958,0.16774031389900546,0.6796307513496983,25,20,20
48,3764,0.11295456456405942,0.03877338302392182,0.16864802906408385,0.6796240233479359,25,20,20
48,3765,0.11295238536877523,0.038768300652252695,0.16865630152596925,0.6796230124530044,25,20,20
48,3766,0.11295238536877523,0.038768300652252695,0.16865168078375273,0.679627633195221,25,20,20
48,3767,0.11295238536877522,0.03876830065225269,0.1686516393985485,0.6796276745804252,25,20,20
48,3768,0.11295238536882067,0.03876830065225697,0.16878117432962106,0.6794981396493028,25,20,20
48,3769,0.11295238536882067,0.03876830065225697,0.1687811750224548,0.6794981389564692,25,20,20
48,3770,0.1129523853688206,0.038768300652261264,0.16878584798680266,0.6794934659921169,25,20,20
48,3771,0.11295457796252269,0.0387616106887069,0.16879035549535654,0.6794934558534154,25,20,20
48,3772,0.11200869723827733,0.03876161068859309,0.16973623622078132,0.6794934558523495,25,20,20
48,3773,0.11200869723827733,0.03876161068859309,0.16973623763254966,0.6794934544405813,25,20,20
48,3774,0.11200869723827411,0.03876161068834858,0.16972968714922979,0.6795000049241486,25,20,20
48,3775,0.11200869723831965,0.038761610688348734,0.16972986835490836,0.6794998237184244,25,20,20
48,3776,0.0839138139348537,0.038761632354790604,0.19782571368270827,0.6794988400276472,25,20,20
48,3777,0.08096873213180997,0.03876161061740501,0.2007709208408128,0.6794987364099719,25,20,20
48,3778,0.08096872546935419,0.03876161062549181,0.2007709275398031,0.6794987363653499,25,20,20
48,3779,0.08096872546935421,0.03876161062549611,0.20077756920762052,0.6794920946975286,25,20,20
48,3780,0.08096872546935434,0.03876161062550047,0.20077768742131233,0.6794919764838322,25,20,20
48,3781,0.04775120183147836,0.038771403489536026,0.23398540381606955,0.6794919908629155,25,20,20
48,3782,0.04775120183147836,0.03877140348953595,0.23398543721768936,0.6794919574612958,25,20,20
48,3783,0.0477512018314783,0.03877140348953587,0.2339853180715679,0.6794920766074175,25,20,20
48,3784,0.0477512018314814,0.038771403489776125,0.2339869612221093,0.6794904334566327,25,20,20
48,3785,0.04410224376632132,0.0387716481740891,0.2376345079387854,0.6794916001208032,25,20,20
48,3786,0.07787218410141414,0.038771648240518194,0.2038645466938167,0.6794916209642501,25,20,20
48,3787,0.0778721841014142,0.038771648240518194,0.20386451198386446,0.6794916556742023,25,20,20
48,3788,0.07787218410136866,0.03877164824051805,0.20387093578204543,0.6794852318760668,25,20,20
48,3789,0.07799919430342167,0.038772724818576056,0.203737632684436,0.6794904481935654,25,20,20
48,3790,0.0779991942930671,0.038772724818576056,0.2037355883131404,0.6794924925752156,25,20,20
48,3791,0.07799919429306393,0.038772724818575986,0.20364799402978204,0.6795800868585772,25,20,20
48,3792,0.07799919429306712,0.038772724818575986,0.203652790316975,0.679575290571381,25,20,20
48,3793,0.07799919429306792,0.038772724818575986,0.20365283027173942,0.6795752506166158,25,20,20
48,3794,0.07217869797380082,0.039426091008664906,0.20881997477999978,0.679575236237534,25,20,20
48,3795,0.07217869797379765,0.03942609099481453,0.20855256529702487,0.6798426457343625,25,20,20
48,3796,0.07217641231851313,0.039425656392142086,0.2085552858711938,0.6798426454181506,25,20,20
48,3797,0.034480944868688516,0.0394245434515976,0.22815831961803887,0.697936192061675,25,20,20
48,3798,0.03448094486868857,0.039424543451597745,0.2281648844516242,0.6979296272280895,25,20,20
48,3799,0.03448094486864313,0.03942454345159354,0.22803543001544738,0.6980590816643161,25,20,20
48,3800,0.03448094487123851,0.039424543451838226,0.22803783266447641,0.6980566790124471,25,20,20
48,3801,0.03448094487123851,0.03942454345183393,0.22803313086572563,0.6980613808112024,25,20,20
48,3802,0.034480944871238525,0.03942454345183827,0.2282928571220891,0.6978016545548347,25,20,20
48,3803,0.034480944871238546,0.039424543451838344,0.2282904604977778,0.697804051179146,25,20,20
48,3804,0.034480944871238546,0.03942454345183408,0.22815364934130222,0.6979408623356258,25,20,20
48,3805,0.03448094487123847,0.039424543451829795,0.22814700626100154,0.6979475054159308,25,20,20
48,3806,0.03448094487123928,0.039424543451829795,0.2282770442497834,0.697817467427148,25,20,20
48,3807,0.05530728090345869,0.03942455422483376,0.20745069742845085,0.6978174674432567,25,20,20
48,3808,0.05530728090345875,0.03942455422483384,0.20745078050714352,0.6978173843645642,25,20,20
48,3809,0.05530728090345875,0.03942455422483384,0.20744607927120728,0.6978220856005004,25,20,20
48,3810,0.055307280903504195,0.039424554224838114,0.20757564583833887,0.6976925190333195,25,20,20
48,3811,0.055307280903686314,0.03942455422483819,0.2075803624197408,0.6976878024517353,25,20,20
48,3812,0.021539436197631844,0.03942455792486845,0.24134822395970557,0.697687781917794,25,20,20
48,3813,0.03870271163074117,0.039424558059192955,0.22418495315080103,0.697687777159265,25,20,20
48,3814,0.05510434744011944,0.0394245578421635,0.20778327945025626,0.6976878152674608,25,20,20
48,3815,0.05510434744011944,0.03942455784234055,0.21884120354304776,0.6866298911744921,25,20,20
48,3816,0.055104347439982854,0.039424557842340474,0.2188388063469083,0.6866322883707683,25,20,20
48,3817,0.05510434743738751,0.03942455784209587,0.21883651758749043,0.686634577133026,25,20,20
48,3818,0.055102109697785534,0.03999089037644679,0.21827242284712486,0.6866345770786427,25,20,20
48,3819,0.0551021097081619,0.03999089039038694,0.21827774674381695,0.686629253157634,25,20,20
48,3820,0.05510210970811726,0.039990890390382734,0.2181547844257163,0.6867522154757835,25,20,20
48,3821,0.05510211017870467,0.03999089039014153,0.22634458114888914,0.6785624182822645,25,20,20
48,3822,0.05510211017870956,0.015406069104903336,0.2509294024342166,0.6785624182821706,25,20,20
48,3823,0.05509951456547583,0.0154260930843521,0.25091314077089144,0.6785612515792795,25,20,20
48,3824,0.05510236805981169,0.014763189739750805,0.25157319061446004,0.6785612515859765,25,20,20
48,3825,0.05510236805981167,0.01476318973975502,0.25144386574701405,0.6786905764534182,25,20,20
48,3826,0.05439550262004745,0.014763189373603299,0.23024970080670523,0.7005916071996424,25,20,20
48,3827,0.054395502149457604,0.014763189373608447,0.22215044112994645,0.7086908673469862,25,20,20
48,3828,0.054395502149456806,0.01476318937360837,0.22214383348585018,0.7086974749910832,25,20,20
48,3829,0.05439550214945602,0.01476318937360837,0.22251694934369826,0.7083243591332359,25,20,20
48,3830,0.05439550213907647,0.014763189359668225,0.2225115289555121,0.7083297795457417,25,20,20
48,3831,0.05439550213907654,0.014763189359664084,0.2225160336042456,0.7083252748970124,25,20,20
48,3832,0.0735292978035903,0.014763178571861496,0.2033822470127606,0.7083252766117867,25,20,20
48,3833,0.07352933152476844,0.014763178586045445,0.20339460106940416,0.7083128888197812,25,20,20
48,3834,0.0735293315247684,0.014763178586045294,0.20339918651748032,0.7083083033717051,25,20,20
48,3835,0.07352933152497988,0.04054762101680892,0.17761474408650416,0.7083083033717062,25,20,20
48,3836,0.07352933152497987,0.040547621016813036,0.1778763754601227,0.7080466719980837,25,20,20
48,3837,0.0735293315249839,0.04054762101681319,0.17750332996224016,0.708419717495962,25,20,20
48,3838,0.07352933152493836,0.04054762101681319,0.17750104326808447,0.7084220041901632,25,20,20
48,3839,0.07352933152493836,0.04054762101681311,0.17750096222214065,0.7084220852361072,25,20,20
48,3840,0.07352933152511969,0.04054762101704921,0.17741536487846152,0.708507682579369,25,20,20
48,3841,0.07352933152511969,0.04054762101704921,0.17741544391155062,0.70850760354628,25,20,20
48,3842,0.0735293315249066,0.039976197142702646,0.1779868677806363,0.7085076035517538,25,20,20
48,3843,0.07352933152490661,0.039976197142702646,0.17798239655907624,0.7085120747733139,25,20,20
48,3844,0.07352933221892173,0.0399434258336355,0.17801514940382643,0.7085120925436158,25,20,20
48,3845,0.0735293322189217,0.03994342583363124,0.1777488201433068,0.7087784218041396,25,20,20
48,3846,0.07305088649063605,0.039943425839801934,0.17822717011829425,0.7087785175512671,25,20,20
48,3847,0.07305088649063918,0.039943425839801865,0.178228758441379,0.7087769292281791,25,20,20
48,3848,0.07305088649063919,0.03994342583980179,0.17822222067012217,0.7087834669994361,25,20,20
48,3849,0.07305088649063923,0.03994342583962906,0.16753739988786312,0.7194682877818677,25,20,20
48,3850,0.07305088649064001,0.03994342583962906,0.16753743785324984,0.7194682498164802,25,20,20
48,3851,0.07305088649063995,0.039943425839624735,0.16716433396712965,0.7198413537026047,25,20,20
48,3852,0.07305088649082209,0.03994342583962481,0.1671690178574247,0.7198366698121277,25,20,20
48,3853,0.07305088649082606,0.03994342583962909,0.16729832253004523,0.7197073651394988,25,20,20
48,3854,0.07305088649082292,0.039943425839624964,0.16717539277213456,0.7198302948974168,25,20,20
48,3855,0.09662537820663061,0.03994342555305343,0.14360094184055988,0.7198302543997563,25,20,20
48,3856,0.09662252472438591,0.03994316991184619,0.1436040509707101,0.7198302543930578,25,20,20
48,3857,0.09662252472438591,0.039943169911846266,0.14360413401446265,0.719830171349305,25,20,20
48,3858,0.09662252472438276,0.03994316991184611,0.1436019908969997,0.7198323144667712,25,20,20
48,3859,0.11826198410010429,0.039943170473611386,0.121962436804884,0.7198324086214001,25,20,20
48,3860,0.11826198410010429,0.039943170473615605,0.12196411330120883,0.7198307321250711,25,20,20
48,3861,0.1182619841001035,0.03994317047361576,0.12183415707000407,0.7199606883562764,25,20,20
48,3862,0.11826198410010341,0.03994317047361146,0.12183241413569776,0.719962431290587,25,20,20
48,3863,0.11826198410010262,0.03994317047361146,0.12183707400027703,0.7199577714260087,25,20,20
48,3864,0.11826198410010262,0.03994317047361146,0.12183237416190179,0.719962471264384,25,20,20
48,3865,0.11826198340617454,0.008956593104526513,0.15281897000069194,0.7199624534886069,25,20,20
48,3866,0.11826198340617454,0.008956593104526437,0.15281885275132953,0.7199625707379692,25,20,20
48,3867,0.11826198340617454,0.008956593104526513,0.15282347354338569,0.7199579499459131,25,20,20
48,3868,0.11875686331253726,0.008956593098132517,0.15232869106168126,0.7199578525276489,25,20,20
48,3869,0.11875686331253726,0.008956593098132591,0.15232880633819848,0.7199577372511315,25,20,20
48,3870,0.11875913180455124,0.008968779725559244,0.1523143512130604,0.719957737256829,25,20,20
48,3871,0.11864739782111798,0.008968784800564842,0.15242608016621337,0.7199577372121037,25,20,20
48,3872,0.1186473978211635,0.008968784800569132,0.15242619639980087,0.7199576209784663,25,20,20
48,3873,0.11864739782098459,0.008968784800324477,0.1524211413609751,0.7199626760177157,25,20,20
48,3874,0.11864739782121225,0.008968784800569157,0.15242272244504693,0.7199610949331712,25,20,20
48,3875,0.11864739782139438,0.008968784800573447,0.15242742520864563,0.7199563921693861,25,20,20
48,3876,0.1186473978213944,0.008968784800573374,0.1524227273816345,0.7199610899963973,25,20,20
48,3877,0.11864739782130357,0.03888032992639808,0.1225111822558076,0.7199610899964903,25,20,20
48,3878,0.11864995073755563,0.03886837057244456,0.1225205696890249,0.7199611090009747,25,20,20
48,3879,0.11864995073732479,0.038868370572199884,0.12251728547957441,0.7199643932109007,25,20,20
48,3880,0.11864995073732479,0.03886837057219996,0.12252198532613265,0.7199596933643423,25,20,20
48,3881,0.11864991701615298,0.03886837055801601,0.12251299961188361,0.719968712813947,25,20,20
48,3882,0.11864991701615298,0.03886837055801601,0.12251296680335394,0.7199687456224768,25,20,20
48,3883,0.11864991701615298,0.038868370558016015,0.12250826745399206,0.7199734449718389,25,20,20
48,3884,0.11864991701615303,0.038868370558016084,0.12277459817306247,0.7197071142527683,25,20,20
48,3885,0.11864991701615386,0.038868370558260604,0.12277930610051067,0.7197024063250749,25,20,20
48,3886,0.11864991701597173,0.03886837055826068,0.12314761134573007,0.7193341010800374,25,20,20
48,3887,0.1186499170159294,0.038868370558260604,0.12314903706180172,0.7193326753640082,25,20,20
48,3888,0.1186499893266811,0.03830234925285483,0.12371498630422045,0.7193326751162428,25,20,20
48,3889,0.11864998932649899,0.038302349252850545,0.1237103964908628,0.7193372649297868,25,20,20
48,3890,0.11864998932649813,0.03830234925285039,0.12370379358785687,0.7193438678327938,25,20,20
48,3891,0.11864998932668026,0.03830234925285047,0.12370833419889743,0.7193393272215711,25,20,20
48,3892,0.11864998932667942,0.0383023492526058,0.12370365696137314,0.7193440044593409,25,20,20
48,3893,0.11763757885222066,0.038302349258553324,0.12471606577021571,0.7193440061190095,25,20,20
48,3894,0.1176376080957812,0.03828224087042628,0.12473613173787403,0.7193440192959182,25,20,20
48,3895,0.11763760809578125,0.03828224087042628,0.12473609979486863,0.7193440512389234,25,20,20
48,3896,0.11770740536124084,0.03828375569917753,0.12466466084759271,0.7193441780919886,25,20,20
48,3897,0.1177074053612431,0.03828375570926619,0.13572302587679363,0.7082858130526966,25,20,20
48,3898,0.11770740536124631,0.03828375570927048,0.13572772895861743,0.7082811099708652,25,20,20
48,3899,0.11770740536124631,0.03828375570927474,0.13610083423653785,0.7079080046929406,25,20,20
48,3900,0.11770740536124634,0.03828375570927481,0.13610084050756743,0.7079079984219109,25,20,20
48,3901,0.10870970044326211,0.03828393286043997,0.14509748426688746,0.7079088824294104,25,20,20
48,3902,0.10870970044326217,0.03828393286043989,0.14483594935974253,0.7081704173365552,25,20,20
48,3903,0.108709700443259,0.038283932860435604,0.1448314757647405,0.7081748909315647,25,20,20
48,3904,0.108709700443259,0.03828393286043553,0.14483139271106693,0.7081749739852384,25,20,20
48,3905,0.108709700443259,0.038283932860431275,0.1444582874331465,0.708548079263163,25,20,20
48,3906,0.1177142907723802,0.03828375063573297,0.13545473874086725,0.7085472198510193,25,20,20
48,3907,0.11771429077219808,0.038283750635732895,0.13545007430954653,0.7085518842825222,25,20,20
48,3908,0.1177142907721958,0.03828375062564849,0.1247647300978715,0.7192372285042841,25,20,20
48,3909,0.11771429077219583,0.038283750625648566,0.12503106044342877,0.7189708981587267,25,20,20
48,3910,0.11771429077219178,0.03828375062565271,0.12503114535624402,0.7189708132459113,25,20,20
48,3911,0.11771429077219177,0.03828375062565271,0.12503114602406046,0.7189708125780949,25,20,20
48,3912,0.11771429077219174,0.03828375062565271,0.12503114457697437,0.7189708140251808,25,20,20
48,3913,0.11771429077227605,0.0002743531469675228,0.16304053504966176,0.7189708210310944,25,20,20
48,3914,0.1177142907722761,0.00027435314696323007,0.16304911117977183,0.7189622449009886,25,20,20
48,3915,0.09957316086499106,0.0002743526329246804,0.18119028563128087,0.7189622008708032,25,20,20
48,3916,0.09957316086498787,0.0002743526329289718,0.1811817079686697,0.7189707785334133,25,20,20
48,3917,0.09969489723601431,0.0002743526313392458,0.18105999620960492,0.7189707539230413,25,20,20
48,3918,0.0996948972360142,0.00027435263133932105,0.1810552809880642,0.718975469144582,25,20,20
48,3919,0.09969489723601427,0.0002743526313393224,0.18105532233854785,0.7189754277940985,25,20,20
48,3920,0.09969489723601427,0.0002743526313393976,0.18105540469132145,0.718975345441325,25,20,20
48,3921,0.09969489723601427,0.0002743526313393236,0.18105532430289728,0.7189754258297492,25,20,20
48,3922,0.09969489723601427,0.0002743526315796271,0.18105853632817134,0.7189722138042347,25,20,20
48,3923,0.09969007582977207,0.00027412529115633326,0.18106239720317166,0.7189734016759002,25,20,20
48,3924,0.09969007582977207,0.00027412529115633196,0.18106239511463662,0.7189734037644352,25,20,20
48,3925,0.09969007582977527,0.0002741252914009458,0.18106405025312766,0.7189717486256965,25,20,20
48,3926,0.09969007582977522,0.0002741252914009445,0.18106401087566615,0.718971788003158,25,20,20
48,3927,0.09969007582977522,0.0002741252914009445,0.1810640128732774,0.7189717860055468,25,20,20
48,3928,0.09969007582977601,0.00027412529140523746,0.18106420759436145,0.7189715912844575,25,20,20
48,3929,0.09969007582977603,0.00027412529140516276,0.1807979146369803,0.7192378842418385,25,20,20
48,3930,0.09969007582977599,0.00027412529140516276,0.18079790371092636,0.7192378951678926,25,20,20
48,3931,0.08058850567816267,0.00027421559608847097,0.19988692337848274,0.7192503553472659,25,20,20
48,3932,0.08058850567816585,0.00027421559608847097,0.19989169262603668,0.7192455860997089,25,20,20
48,3933,0.07902888224291686,0.0002764371398647416,0.20146141139850104,0.7192332692187174,25,20,20
48,3934,0.07902930731760743,0.00027647720160528045,0.16608868632565116,0.754605529155136,25,20,20
48,3935,0.07902930731765266,0.0002764772154602812,0.16635484737629913,0.7543393680905878,25,20,20
48,3936,0.04020968430172427,0.0002764774249842052,0.20517445174582005,0.7543393865274715,25,20,20
48,3937,0.04020968430172507,0.0002764774249842052,0.20516990576662772,0.754343932506663,25,20,20
48,3938,0.04020968431198913,0.00027652221231651595,0.20525184792861317,0.7542619455470807,25,20,20
48,3939,0.040209684311985947,0.0002765222123165133,0.20525693250799237,0.7542568609677045,25,20,20
48,3940,0.040209684311985947,0.0002765222123165899,0.20525701498828122,0.7542567784874156,25,20,20
48,3941,0.040209684311985947,0.00027652221231651595,0.20525701300795074,0.754256780467746,25,20,20
48,3942,0.04020968430172189,0.00027647742498405735,0.20480196928330285,0.7547118689899905,25,20,20
48,3943,0.040064377832705826,0.00028591192096279547,0.20493786135291905,0.7547118488934116,25,20,20
48,3944,0.040064377832706555,0.00028591192072249344,0.20493322313650048,0.7547164871100699,25,20,20
48,3945,0.0400643778327065,0.00028591192071816726,0.20456020028110056,0.7550895099654741,25,20,20
48,3946,0.04006437783270651,0.00028591192071387826,0.20456000704293298,0.7550897032036461,25,20,20
48,3947,0.040063952743490686,0.0002858718576056227,0.19993398048616204,0.7597161949127411,25,20,20
48,3948,0.040063952743490686,0.00028587185760562274,0.19993398048616207,0.7597161949127411,25,20,20
48,3949,0.04006395274357136,0.0002767866143213421,0.19994306572920895,0.7597161949128975,25,20,20
48,3950,0.040063952743574556,0.0002767866143214148,0.19994460820551005,0.7597146524365932,25,20,20
48,3951,0.04006395274357375,0.00027678661431712186,0.19994441231305113,0.7597148483290573,25,20,20
48,3952,0.04006395274375473,0.0002767866143171217,0.200037036171586,0.7596222244703416,25,20,20
48,3953,0.04006395274375393,0.0002767866143171204,0.20003703613575521,0.759622224506173,25,20,20
48,3954,0.04006395274375395,0.00027678661431727094,0.2000371173162483,0.7596221433256798,25,20,20
48,3955,0.03999550905341891,0.00027511194280174106,0.2001002917135902,0.7596290872901883,25,20,20
48,3956,0.03999507144286553,0.00027280159165588697,0.20008992946902585,0.7596421974964526,25,20,20
48,3957,0.03999507144268375,0.00027280159165581053,0.19999726619238356,0.7597348607732767,25,20,20
48,3958,0.039995071442683806,0.0002728015916515942,0.20000177128471516,0.7597303556809493,25,20,20
48,3959,0.039995071442864745,0.00027280159165585986,0.20026807280019068,0.7594640541652885,25,20,20
48,3960,0.03999507144281951,0.00027280157780086036,0.2000016831510621,0.7597304438283179,25,20,20
48,3961,0.03999507144281638,0.0002728015778051502,0.2000016328587492,0.7597304941206297,25,20,20
48,3962,0.040006665165348905,0.00028865102035235913,0.19997418970152345,0.7597304941127743,25,20,20
48,3963,0.04000666516534897,0.0002886510203524342,0.200066444639378,0.7596382391749197,25,20,20
48,3964,0.0400071016398656,0.0002886912208977311,0.20007927161670583,0.7596249355225304,25,20,20
48,3965,0.04000710163986557,0.0002886912208976558,0.2000793049268632,0.7596249022123732,25,20,20
48,3966,0.040075361120231516,0.00030158205183633573,0.19999813546927248,0.7596249213586591,25,20,20
48,3967,0.04007537574422575,0.014560457210123952,0.18573925257580146,0.7596249144698487,25,20,20
48,3968,0.04007537574440747,0.014560457210368005,0.1858320110717032,0.7595321559735211,25,20,20
48,3969,0.040075375744225726,0.014560457210123947,0.18573925115323509,0.7596249158924151,25,20,20
48,3970,0.04007537574422566,0.014560457210123872,0.18564703732955176,0.7597171297160985,25,20,20
48,3971,0.040075361120392054,0.011261155064357684,0.1889463491434377,0.7597171346718123,25,20,20
48,3972,0.040075361122987464,0.011261155064366266,0.18894798414543496,0.7597154996672111,25,20,20
48,3973,0.04361248792766076,0.011261155065282184,0.18541781895005605,0.7597085380570008,25,20,20
48,3974,0.04361248792768592,0.011261167424997777,0.1854178065903084,0.7597085380570063,25,20,20
48,3975,0.04361248793806644,0.011261167425002145,0.18542414839012916,0.7597021962468007,25,20,20
48,3976,0.04355754171099546,0.011248235488470159,0.1854799163340622,0.7597143064664708,25,20,20
48,3977,0.04392572358047006,0.011248245978812991,0.18512084153458214,0.7597051889061335,25,20,20
48,3978,0.04392572358044207,0.03998411407513525,0.1563849785111024,0.7597051838333206,25,20,20
48,3979,0.04392572358044207,0.03998411407513525,0.15638497573636057,0.7597051866080623,25,20,20
48,3980,0.043914158762092585,0.03998812209471483,0.15639253252595145,0.7597051866172412,25,20,20
48,3981,0.04391415876209252,0.03998812209471483,0.15638794513372387,0.7597097740094688,25,20,20
48,3982,0.043920522372899805,0.03998812209471482,0.15638158152291934,0.7597097740094665,25,20,20
48,3983,0.04355288765839298,0.039989529213444674,0.15674428384346592,0.7597132992846969,25,20,20
48,3984,0.04355288765839298,0.039989529213444674,0.15674428781409916,0.7597132953140635,25,20,20
48,3985,0.043552887658393026,0.03998952921344475,0.15674898770302756,0.7597085954251351,25,20,20
48,3986,0.043552887658393026,0.03998952921344475,0.15674901414666445,0.7597085689814982,25,20,20
48,3987,0.043552887658393026,0.03998952921344483,0.15674901415323414,0.7597085689749283,25,20,20
48,3988,0.04355288765843825,0.03998952922729527,0.15700972899011054,0.7594478541241563,25,20,20
48,3989,0.043552887658439045,0.03998952922729519,0.15701634865989417,0.759441234454372,25,20,20
48,3990,0.043552887658442216,0.039989529227299384,0.1572826531553889,0.7591749299588699,25,20,20
48,3991,0.04355288765844143,0.03998952922729946,0.15727603549618532,0.7591815476180741,25,20,20
48,3992,0.04355288765826051,0.03998952922729527,0.1570097688019175,0.7594478143125271,25,20,20
48,3993,0.043552887658445824,0.03998952922729527,0.15701136292744886,0.7594462201868103,25,20,20
48,3994,0.04059981302341565,0.03998977809142096,0.15996431036335135,0.7594460985218121,25,20,20
48,3995,0.040599813023412507,0.03998977809117634,0.15996268805829114,0.7594477208271202,25,20,20
48,3996,0.040599813023412507,0.03998977809117634,0.15996277191243966,0.7594476369729716,25,20,20
48,3997,0.04059981302341245,0.03998977809117634,0.1599626900193086,0.7594477188661025,25,20,20
48,3998,0.04059981302340605,0.03998977809117642,0.15995932298524665,0.759451085900171,25,20,20
48,3999,0.040599549582043995,0.040533270700279574,0.15941609357235095,0.7594510861453252,25,20,20
48,4000,0.040599550173768637,0.04053327070052839,0.15941999236428991,0.7594471867614128,25,20,20
48,4001,0.040599550184149125,0.04053327070052831,0.15942663879837354,0.7594405403169487,25,20,20
48,4002,0.040599550184149145,0.04053327070053261,0.1594332439232561,0.7594339351920618,25,20,20
48,4003,0.040599550184149145,0.040533270700532614,0.15943324464407524,0.759433934471243,25,20,20
48,4004,0.07953628054970835,0.040531852308193506,0.12050446809470776,0.7594273990473905,25,20,20
48,4005,0.07953628135682143,0.0013674689802438955,0.15966885061563973,0.7594273990472951,25,20,20
48,4006,0.0795362813542268,0.001367468980235315,0.1596671301881784,0.7594291194773595,25,20,20
48,4007,0.07953628135422681,0.001367468980235241,0.15966708840261776,0.75942916126292,25,20,20
48,4008,0.0789508958732567,0.0013674729557473634,0.16025246989692904,0.7594291612740659,25,20,20
48,4009,0.0789508958628762,0.001367472955747363,0.1602457411100406,0.7594358900713348,25,20,20
48,4010,0.0789508958628762,0.0013674729557472882,0.1602457062888329,0.7594359248925425,25,20,20
48,4011,0.07895089507005398,0.0005642846655941872,0.16104889537180825,0.7594359248925425,25,20,20
48,4012,0.07895089507005404,0.0005642846655943374,0.16114107323245794,0.7593437470318932,25,20,20
48,4013,0.07895089507005411,0.0005642846655944114,0.16114115561010428,0.7593436646542469,25,20,20
48,4014,0.07895089507005416,0.0005642846655944853,0.16114119088922674,0.7593436293751245,25,20,20
48,4015,0.07937230211255775,0.000564284811242231,0.1607186771682655,0.7593447359079346,25,20,20
48,4016,0.04363801318495941,0.0005642846899496758,0.19645407220064418,0.7593436299244465,25,20,20
48,4017,0.07403931017007019,0.000564293331224789,0.16605276876849578,0.7593436277302092,25,20,20
48,4018,0.07403931017007338,0.0005642933312291552,0.16605929350242873,0.7593371029962686,25,20,20
48,4019,0.07403931017007344,0.0005642933312334464,0.16606399505682706,0.7593324014418659,25,20,20
48,4020,0.07403931017007344,0.0005642933312334451,0.16606410950608527,0.7593322869926076,25,20,20
48,4021,0.07403931017007025,0.0005642933312290789,0.16605758477215227,0.7593388117265483,25,20,20
48,4022,0.07403931017007055,0.0005642933176275218,0.16579487978256943,0.7596015167297324,25,20,20
48,4023,0.0740393101700259,0.000564293317387217,0.16579674189134974,0.759599654621237,25,20,20
48,4024,0.07403931017002907,0.0005642933173872923,0.16579682438901744,0.759599572123566,25,20,20
48,4025,0.07403931017002902,0.0005642933173873653,0.16606304095442176,0.7593333555581616,25,20,20
48,4026,0.07403931015552599,0.0005645420337988185,0.16606279225240292,0.7593333555582719,25,20,20
48,4027,0.07403931014594424,8.831942047573079e-07,0.16662475665698426,0.759335050002867,25,20,20
48,4028,0.07403335278396085,8.831942592445494e-07,0.16663071401865154,0.7593350500031291,25,20,20
48,4029,0.07999384764579796,8.745286214287737e-07,0.16067022783561258,0.7593350499899687,25,20,20
48,4030,0.07999411130544926,1.2223965398192464e-06,0.16067131048743558,0.7593333558105759,25,20,20
48,4031,0.07999411130545246,1.222396544185452e-06,0.16067783454427137,0.7593268317537327,25,20,20
48,4032,0.0799941113054524,1.2223965399695918e-06,0.16067536717780714,0.7593292991202013,25,20,20
48,4033,0.07999411130544924,1.2223965357065089e-06,0.1604090342344946,0.7595956320635211,25,20,20
48,4034,0.07998530904841723,1.2223966764772192e-06,0.16041783562527875,0.7595956329296284,25,20,20
48,4035,0.07998530905042102,1.2224084364274927e-06,0.16668013720183678,0.7533333313393062,25,20,20
48,4036,0.04568287935265789,1.2642036393059397e-06,0.2009823267019977,0.7533335297417044,25,20,20
48,4037,0.04568287876111531,1.2642033947798335e-06,0.20098305173486014,0.7533328053006291,25,20,20
48,4038,0.0456828787611153,1.2642033947058198e-06,0.20098088557855426,0.753334971456935,25,20,20
48,4039,0.04583203869005602,0.011426877061018283,0.18940611334149984,0.753334970907426,25,20,20
48,4040,0.04583203867967549,0.011426877061013918,0.18939979999155326,0.7533412842677574,25,20,20
48,4041,0.04583203867967869,0.011426877061018208,0.1894044231173343,0.7533366611419687,25,20,20
48,4042,0.04583203867967863,0.011426877061013918,0.1894063237531247,0.7533347605061824,25,20,20
48,4043,0.0456828291615553,0.040000055096368614,0.1609823554169653,0.7533347603251106,25,20,20
48,4044,0.04568282916155525,0.04000005509636846,0.16089006168519163,0.7534270540568841,25,20,20
48,4045,0.04568282916155526,0.04000005509636839,0.1606238446523439,0.7536932710897319,25,20,20
48,4046,0.04574287959917547,0.04008180749124685,0.1604820397072875,0.753693273202289,25,20,20
48,4047,0.045742879599172274,0.04008180749124249,0.1604754351810936,0.7536998777284906,25,20,20
48,4048,0.04574287959917234,0.04008180749124257,0.1604755504925707,0.7536997624170131,25,20,20
48,4049,0.04574287959916914,0.04008180749123828,0.16047084760260616,0.7537044653069852,25,20,20
48,4050,0.04574287959916595,0.040081807491238214,0.16047087955274292,0.7537044333568518,25,20,20
48,4051,0.04574287959916621,0.03884343198834808,0.16170925474850054,0.7537044336639842,25,20,20
48,4052,0.0457428795991662,0.03884343198834388,0.1617092150031184,0.7537044734093705,25,20,20
48,4053,0.04574287959934829,0.038843431988348165,0.16171144017037511,0.7537022482419276,25,20,20
48,4054,0.04574287959715916,0.03884343197658821,0.15544754338453268,0.7599661450417198,25,20,20
48,4055,0.045742879597159905,0.038843431976588134,0.15544970776690667,0.7599639806593451,25,20,20
48,4056,0.04574287959697777,0.038843431976583846,0.1554475160843455,0.7599661723420926,25,20,20
48,4057,0.04574287959698098,0.03884343199052315,0.15545323284948964,0.7599604555630062,25,20,20
48,4058,0.04574287959698097,0.038843431990523154,0.15545781878523843,0.7599558696272574,25,20,20
48,4059,0.04574287959698097,0.038843431990527366,0.1554533141961974,0.7599603742162943,25,20,20
48,4060,0.06914054916813772,0.03876201017085648,0.13213706752354062,0.7599603731374652,25,20,20
48,4061,0.06345195923103729,0.03877967230501909,0.1378081945869156,0.7599601738770276,25,20,20
48,4062,0.06345195923103736,0.03877967230501909,0.13780981696666855,0.7599585514972746,25,20,20
48,4063,0.06345195923085523,0.03877967230501472,0.137805078531256,0.7599632899328738,25,20,20
48,4064,0.06345195923103608,0.03877967230501043,0.13789125172376307,0.7598771167401902,25,20,20
48,4065,0.06345195923103608,0.03877967230501035,0.13789121831961412,0.7598771501443393,25,20,20
48,4066,0.06345195923103608,0.03877967230501035,0.13789121705304194,0.7598771514109116,25,20,20
48,4067,0.06345195923103608,0.03877967230501028,0.1378912174373606,0.7598771510265929,25,20,20
48,4068,0.06345169565218206,0.03877931831195138,0.13789014769188562,0.7598788383439815,25,20,20
48,4069,0.06345169566435825,0.03937755509176305,0.1372919112015584,0.7598788380423208,25,20,20
48,4070,0.06345169566435825,0.03937755509176306,0.13729179675230002,0.7598789524915791,25,20,20
48,4071,0.06345169566435746,0.03937755509176313,0.13729181073787283,0.7598789385060069,25,20,20
48,4072,0.06345169566435749,0.03937755509176742,0.13729200598505978,0.7598787432588158,25,20,20
48,4073,0.06345169566435428,0.0393775550778282,0.1372819625941803,0.7598887866636379,25,20,20
48,4074,0.06362190163549966,0.03935985609201701,0.1371281129444616,0.7598901293280226,25,20,20
48,4075,0.06362190163554496,0.03935985609202128,0.13739217466542483,0.7596260676070098,25,20,20
48,4076,0.06362190163554501,0.039359856092025566,0.1373967618555266,0.7596214804169036,25,20,20
48,4077,0.06362190163554582,0.03935985609202572,0.13739684693784657,0.7596213953345828,25,20,20
48,4078,0.06362190162336931,0.04000038399082675,0.13675631905669347,0.7596213953291113,25,20,20
48,4079,0.06362190162336931,0.040000383990831036,0.13676102119615538,0.7596166931896452,25,20,20
48,4080,0.06362190162355139,0.04000038400476605,0.13677314549074546,0.7596045688809382,25,20,20
48,4081,0.06362190162355066,0.040000384005010485,0.1367797654404398,0.7595979489310001,25,20,20
48,4082,0.06362190162355062,0.04000038400501041,0.13677980451314684,0.7595979098582929,25,20,20
48,4083,0.06362190162355058,0.04000038400501056,0.13677826530273923,0.7595994490687004,25,20,20
48,4084,0.06362190162355141,0.04000038400525356,0.13704487085710165,0.759332843514094,25,20,20
48,4085,0.06146183609089607,0.04000038405046309,0.13920492446058472,0.7593328553980571,25,20,20
48,4086,0.06146183609089605,0.040000384050463016,0.13920488134477776,0.7593328985138642,25,20,20
48,4087,0.06146183611165949,0.04000038405046738,0.13920659359437415,0.7593311862435,25,20,20
48,4088,0.06146183611165949,0.04000038405046738,0.1392064791248097,0.7593313007130645,25,20,20
48,4089,0.06146183614203465,0.024539319808826364,0.15466754333607521,0.7593313007130648,25,20,20
48,4090,0.06146183614203459,0.024539319808826288,0.15466094055220492,0.7593379034969352,25,20,20
48,4091,0.06146183614203459,0.024539319808826288,0.15466102159302358,0.7593378224561165,25,20,20
48,4092,0.06146183614203467,0.024539319808826367,0.15466569584565718,0.7593331482034826,25,20,20
48,4093,0.06146183612127122,0.024539319808822003,0.15466394362287658,0.7593349004470311,25,20,20
48,4094,0.061461836121271166,0.024539319808822003,0.1546593583242239,0.7593394857456837,25,20,20
48,4095,0.06146183609089602,0.040000384050463,0.1391982941129584,0.7593394857456833,25,20,20
48,4096,0.06146183609089596,0.040000384050458714,0.13919370644705972,0.7593440734115863,25,20,20
48,4097,0.06146183609089596,0.04000038405070331,0.13919842547115657,0.7593393543872451,25,20,20
48,4098,0.06146183609089676,0.04000038405071189,0.13920304926454963,0.7593347305938424,25,20,20
48,4099,0.06232652445052968,0.0400015610685256,0.1383371838503955,0.7593347306305493,25,20,20
48,4100,0.06232652445052968,0.04000156106851716,0.13870558373607034,0.758966330744883,25,20,20
48,4101,0.062326524458185845,0.04000156165230535,0.14932318401102027,0.7483487298784884,25,20,20
48,4102,0.06232652445052648,0.04000156106851709,0.13870396219061124,0.7589679522903452,25,20,20
48,4103,0.06232652445052968,0.04000156106875664,0.1388340422999614,0.7588378721807522,25,20,20
48,4104,0.06232652445052975,0.04000156106875242,0.13882945403403846,0.7588424604466791,25,20,20
48,4105,0.07835334778426399,0.040000868672098934,0.12279786160875883,0.7588479219348782,25,20,20
48,4106,0.07835334778426399,0.040000868672098934,0.12279785904998121,0.7588479244936558,25,20,20
48,4107,0.07835334792575703,0.04000086867210715,0.1245376196992974,0.7571081637028384,25,20,20
48,4108,0.08051739990281315,0.04000086862684263,0.12237357965173093,0.757108151818613,25,20,20
48,4109,0.08051739990281634,0.04000086862684256,0.12263981124464313,0.7568419202256977,25,20,20
48,4110,0.07965390681612448,0.03999943845755824,0.12350460027452165,0.7568420544517955,25,20,20
48,4111,0.0796539066746314,0.03999943845755003,0.12176021998870425,0.7585864348791143,25,20,20
48,4112,0.07965390667463136,0.03999943845755011,0.12176480599139694,0.7585818488764214,25,20,20
48,4113,0.07957059255010604,0.040007626263735024,0.12180222626141848,0.7586195549247404,25,20,20
48,4114,0.11858292673831411,0.04000762626128752,0.08279002628034854,0.75861942072005,25,20,20
48,4115,0.118582946064994,0.040007626150555975,0.08279157060058448,0.7586178571838659,25,20,20
48,4116,0.118582946064994,0.040007626150556044,0.08279627243345924,0.7586131553509909,25,20,20
48,4117,0.11858294606499405,0.04000762615055589,0.0827915990096787,0.7586178287747716,25,20,20
48,4118,0.11858294606499407,0.04000762615055589,0.08279163301477543,0.7586177947696746,25,20,20
48,4119,0.11858294606512486,0.040007626724778575,0.0936131633626799,0.7477962638474166,25,20,20
48,4120,0.11858294606508277,0.04000762672477432,0.09335152701917164,0.7480579001909712,25,20,20
48,4121,0.11858294606508275,0.0400076267245298,0.09335329628755211,0.7480561309228352,25,20,20
48,4122,0.11858294606526483,0.04000762672452987,0.09335489294449069,0.7480545342657146,25,20,20
48,4123,0.1185829460652649,0.04000762672452987,0.093354931631003,0.7480544955792022,25,20,20
48,4124,0.11858294606526494,0.040007626724534034,0.09335955202172194,0.7480498751884791,25,20,20
48,4125,0.11858294606526176,0.0400076267242902,0.09322930420458267,0.7481801230058651,25,20,20
48,4126,0.1185829460651333,0.04000762615006752,0.08240740435594913,0.7590020234288498,25,20,20
48,4127,0.11849593860345425,0.03999943880145849,0.07777407167184287,0.763730550923244,25,20,20
48,4128,0.10286055885158368,0.03999943922014928,0.09340944903771038,0.7637305528905562,25,20,20
48,4129,0.1028605588515852,0.039999439220326276,0.10446509357234372,0.7526749083557444,25,20,20
48,4130,0.1028834382131833,0.03999943920751499,0.10444767674564714,0.7526694458336542,25,20,20
48,4131,0.10288343821318648,0.03999943920751506,0.10445229083457301,0.7526648317447253,25,20,20
48,4132,0.10288343821318328,0.03999943920751499,0.10445419208285346,0.7526629304964482,25,20,20
48,4133,0.10288343821334418,0.03999943990971188,0.10911394966553066,0.7480031722114131,25,20,20
48,4134,0.10288343821334336,0.039999439909711734,0.10874092601087437,0.7483761958660703,25,20,20
48,4135,0.10288343858726771,0.02120458054765898,0.12753578499605722,0.7483761958690164,25,20,20
48,4136,0.10288343858708561,0.02120458053371968,0.12752346487867194,0.7483885160005233,25,20,20
48,4137,0.10288343858708561,0.021204580533719753,0.12752346486972985,0.7483885160094651,25,20,20
48,4138,0.10288343858708561,0.021204580533719833,0.12752808566198337,0.7483838952172114,25,20,20
48,4139,0.10288343857164227,0.021204575764747734,0.10047346178585509,0.7754385238777545,25,20,20
48,4140,0.10288343857164232,0.02120457576474781,0.10047354283201429,0.7754384428315951,25,20,20
48,4141,0.10288343857164,0.02120457576457081,0.08941573249958865,0.7864962531642002,25,20,20
48,4142,0.10288343857164053,0.021204575764573602,0.10338549118263553,0.77252649448115,25,20,20
48,4143,0.10288343857164053,0.021204575764573526,0.10338079182199564,0.7725311938417899,25,20,20
48,4144,0.06339363847364343,0.02120457576457906,0.1428705918772161,0.772531193884562,25,20,20
48,4145,0.06339363847364343,0.02120457576457906,0.1428771988888054,0.7725245868729728,25,20,20
48,4146,0.06339363810056008,0.03873665521836044,0.12534511981096022,0.7725245868701195,25,20,20
48,4147,0.06341092939405042,0.0387366552182305,0.12532795042593572,0.7725244649617841,25,20,20
48,4148,0.06341092939322465,0.03994606062399971,0.12411854470456002,0.7725244652782165,25,20,20
48,4149,0.06341092939322465,0.03994606062399971,0.1241186257495264,0.77252438423325,25,20,20
48,4150,0.06341092939322546,0.03994606062424422,0.1241187260277247,0.7725242839548065,25,20,20
48,4151,0.06341092939322546,0.039946060624244224,0.12411864557066626,0.7725243644118649,25,20,20
48,4152,0.06341092939322546,0.039946060624244224,0.12411872556524382,0.7725242844172873,25,20,20
48,4153,0.06341092939306453,0.0399460599220474,0.1194636402793967,0.7771793704054921,25,20,20
48,4154,0.06346256214373273,0.03994606043105888,0.1194120069862184,0.7771793704389907,25,20,20
48,4155,0.06345483203114326,0.03994606044120899,0.10498175580384946,0.7916173517237989,25,20,20
48,4156,0.06345483203114007,0.039946060440966005,0.10471540526779437,0.7918837022601001,25,20,20
48,4157,0.06345483203114,0.03994606044072142,0.10470893079684174,0.7918901767312976,25,20,20
48,4158,0.06345483203113687,0.03994606044072571,0.10470439796569327,0.7918947095624447,25,20,20
48,4159,0.06345483203113687,0.03994606044072571,0.10470439796366879,0.7918947095644693,25,20,20
48,4160,0.02368535892679791,0.03994606045628674,0.14447386703382817,0.7918947135830884,25,20,20
48,4161,0.023685358926794676,0.03994606045629104,0.1442097984160928,0.7921587822008225,25,20,20
48,4162,0.023685358926958347,0.0399460604562911,0.14888674642312016,0.7874818341936315,25,20,20
48,4163,0.023457022187110523,0.03994611034475544,0.1491150371491884,0.7874818303189467,25,20,20
48,4164,0.02342299368472899,0.03994611008899859,0.14914906829112629,0.7874818279351473,25,20,20
48,4165,0.023422993682516657,0.039946109456699824,0.1409713583998291,0.7956595384609555,25,20,20
48,4166,0.0234229936825166,0.03994610945669563,0.15493652145225828,0.7816943754085304,25,20,20
48,4167,0.02345706532086113,0.039946109203586905,0.15490244772411207,0.7816943777514409,25,20,20
48,4168,0.023457065320879586,0.03994610920358691,0.15023023511681674,0.7863665903587179,25,20,20
48,4169,0.023457065320879572,0.03994610920358684,0.15023015405853957,0.7863666714169953,25,20,20
48,4170,0.023457065321061656,0.03994610920359113,0.15023026969746756,0.7863665557778811,25,20,20
48,4171,0.02345706532106171,0.039946109203595426,0.15023679511542998,0.7863600303599141,25,20,20
48,4172,0.02345706532106091,0.03994610920335084,0.15023020451779984,0.7863666209577896,25,20,20
48,4173,0.023457065321061316,0.03994610920335085,0.15014222374906472,0.7864546017265241,25,20,20
48,4174,0.023457065321061298,0.039946109203350774,0.1501421406600736,0.7864546848155153,25,20,20
48,4175,0.06176643473964588,0.039946396839264736,0.12626914000535236,0.7720180284157381,25,20,20
48,4176,0.06176643473964593,0.03994639684935347,0.13732750564426868,0.7609596627667331,25,20,20
48,4177,0.061766434739645985,0.03994639684935353,0.12335775480733302,0.7749294136036685,25,20,20
48,4178,0.061766434739463846,0.03994639684935345,0.12335613020970879,0.7749310382014749,25,20,20
48,4179,0.061766434739463846,0.03994639684935345,0.12335624267147394,0.7749309257397097,25,20,20
48,4180,0.061766434739281735,0.039946396849353374,0.12335150784730986,0.7749356605640559,25,20,20
48,4181,0.06176643473909959,0.039946396849349156,0.12361764207590724,0.774669526335645,25,20,20
48,4182,0.06176643473891752,0.039946396849349156,0.12361754722009201,0.7746696211916422,25,20,20
48,4183,0.06176643473891752,0.03994639684934494,0.12361564258910138,0.7746715258226371,25,20,20
48,4184,0.06176643473891754,0.03994639684934923,0.12362011615571275,0.7746670522560213,25,20,20
48,4185,0.06176643473891754,0.03994639684934923,0.12361362559959423,0.7746735428121398,25,20,20
48,4186,0.06726867228303451,0.03994641706961228,0.11810039027381064,0.7746845203735434,25,20,20
48,4187,0.06726867228319545,0.039946417069828336,0.12275486782591577,0.7700300428210614,25,20,20
48,4188,0.06867981840269807,0.03994612942381427,0.1213453342800979,0.7700287178933906,25,20,20
48,4189,0.06867981840270128,0.03994612942381428,0.12135012998144808,0.7700239221920371,25,20,20
48,4190,0.06867981840254034,0.039946129423598147,0.1166909525693829,0.7746830996044793,25,20,20
48,4191,0.06867981840254433,0.039946129423602435,0.11669254913792554,0.7746815030359285,25,20,20
48,4192,0.0686798184025444,0.03994612942384703,0.11669738412470887,0.7746766680489005,25,20,20
48,4193,0.0686798184025445,0.03994612942384274,0.1166927354993062,0.7746813166743074,25,20,20
48,4194,0.06867981840254446,0.03994612942384267,0.11669463842288286,0.7746794137507308,25,20,20
48,4195,0.06867981840254446,0.03994612942384282,0.11669922586149943,0.7746748263121142,25,20,20
48,4196,0.0630009435877497,0.039946129423788064,0.12237810031410325,0.7746748266743597,25,20,20
48,4197,0.06300094358774919,0.039946129423785275,0.1084083815928789,0.7886445453955875,25,20,20
48,4198,0.06300094358774913,0.03994612942378535,0.10840842468358235,0.7886445023048837,25,20,20
48,4199,0.06300094358774594,0.039946129423785344,0.10840362640903328,0.7886493005794358,25,20,20
48,4200,0.06300094358774594,0.039946129423785344,0.10840351196129207,0.7886494150271771,25,20,20
48,4201,0.06300094358774597,0.03994612942402978,0.10840551512969013,0.7886474118585346,25,20,20
48,4202,0.06300094359032402,0.03994613021346114,0.1086685698831121,0.7883843563131032,25,20,20
48,4203,0.06300094360070528,0.03994613021322515,0.1086653551545699,0.7883875710315001,25,20,20
48,4204,0.06300094360070535,0.03994613021322515,0.10840562701910601,0.7886472991669639,25,20,20
48,4205,0.06300094360070613,0.03994613021322512,0.10840969633357973,0.7886432298524895,25,20,20
48,4206,0.06300094360070613,0.039946130213225045,0.10840969585671996,0.7886432303293492,25,20,20
48,4207,0.06886979380020848,0.03994613021637916,0.10254084600872236,0.7886432299746903,25,20,20
48,4208,0.06886979380020848,0.03994613021637916,0.10254081261470407,0.7886432633687087,25,20,20
48,4209,0.06886979380020845,0.03994613021637494,0.10254073125935409,0.788643344724063,25,20,20
48,4210,0.06887018834441351,0.039946130227827094,0.10970760339329415,0.7814760780344656,25,20,20
48,4211,0.06887018834441344,0.0399461302275826,0.10970530417286341,0.7814783772551409,25,20,20
48,4212,0.06887018834441423,0.03994613022758267,0.10970074736818637,0.7814829340598171,25,20,20
48,4213,0.06887018834441419,0.039946130217493936,0.09864241370741271,0.7925412677306793,25,20,20
48,4214,0.06887018849193877,0.039946130217737866,0.09874975204068863,0.7924339292496348,25,20,20
48,4215,0.0688701884919388,0.039946130217737866,0.09875202818248761,0.7924316531078357,25,20,20
48,4216,0.06887018849193885,0.039946130217737866,0.09875210871132521,0.792431572578998,25,20,20
48,4217,0.06887018849192744,0.03994613016889168,0.09875210876018281,0.792431572578998,25,20,20
48,4218,0.06887018849192664,0.03994613016889153,0.09875196640600858,0.7924317149331732,25,20,20
48,4219,0.06887018849192658,0.039946130168891376,0.09875193112011317,0.792431750219069,25,20,20
48,4220,0.030298981577766716,0.0399461303436125,0.12853325960191372,0.801221628476707,25,20,20
48,4221,0.03029898156738544,0.03994613034360821,0.12852983769982526,0.8012250503891809,25,20,20
48,4222,0.035914822692246884,0.03994612119138159,0.12291400586903034,0.8012250502473417,25,20,20
48,4223,0.03591482268966889,0.03994612040195023,0.12264442807522964,0.8014946288331518,25,20,20
48,4224,0.03591482268966516,0.03999229892678542,0.12259824986692325,0.8014946285166268,25,20,20
48,4225,0.03591482254214063,0.03999229892678603,0.1224860443989584,0.8016068341321154,25,20,20
48,4226,0.03393671954671956,0.03999227872268811,0.12447514750622606,0.8015958542243672,25,20,20
48,4227,0.028322858675713047,0.039992238818936106,0.13008904828303858,0.8015958542223132,25,20,20
48,4228,0.0283228586757133,0.03938989891808538,0.13069138817841502,0.8015958542277872,25,20,20
48,4229,0.0283228586757133,0.0393898989180896,0.1306913891211182,0.80159585328508,25,20,20
48,4230,0.03138847601572519,0.039389920707146,0.1276256420658531,0.8015959612112767,25,20,20
48,4231,0.028992426725636705,0.039390180553529344,0.13002153943566858,0.8015958532851664,25,20,20
48,4232,0.028992426725636688,0.039390180553529344,0.13001926384491763,0.8015981288759173,25,20,20
48,4233,0.028992426725636688,0.039390180553525125,0.1300192785123489,0.8015981142084904,25,20,20
48,4234,0.028992426725639887,0.03939018055352949,0.13002588247722016,0.8015915102436115,25,20,20
48,4235,0.028992426725643027,0.03939018055352949,0.13002137559266316,0.8015960171281651,25,20,20
48,4236,0.02899203218143802,0.039390180542077345,0.12285435244525056,0.8087634348312349,25,20,20
48,4237,0.02899203218143802,0.039390180542077345,0.12285435549304774,0.8087634317834379,25,20,20
48,4238,0.005614270527187937,0.03939018027692731,0.146091103842549,0.8089044453533362,25,20,20
48,4239,0.00561427052718788,0.0393901802766827,0.14608936482535792,0.8089061843707719,25,20,20
48,4240,0.005614270527187826,0.039390180276682625,0.146087461863723,0.808908087332407,25,20,20
48,4241,0.004942685776594358,0.03938990390938442,0.14666458174302735,0.8090028285709943,25,20,20
48,4242,0.00494268577677728,0.03938990390962902,0.1466694145953187,0.8089979957182755,25,20,20
48,4243,0.004942685776777224,0.03938990390962902,0.14666944729475542,0.8089979630188386,25,20,20
48,4244,0.004942685776777224,0.039389903909628945,0.14666944671801269,0.8089979635955815,25,20,20
48,4245,0.004942685776777967,0.039389903909633234,0.14667173674000777,0.8089956735735814,25,20,20
48,4246,0.00494268577678117,0.03938990390963332,0.14676391733225577,0.8089034929813301,25,20,20
48,4247,0.004942685776781227,0.039389903909637605,0.14676854041873447,0.808898869894847,25,20,20
48,4248,0.004942685776827395,0.039389903909637605,0.1469119036292871,0.8087555066842488,25,20,20
48,4249,0.004974763941871404,0.039389903758283766,0.14701719433704327,0.8086181379628026,25,20,20
48,4250,0.004974764089792156,0.039389903758528425,0.14702394113741918,0.8086113910142615,25,20,20
48,4251,0.004974764089795408,0.0393899037585285,0.14702548020449108,0.808609851947186,25,20,20
48,4252,0.0445638870920976,0.039389903751701795,0.10744000407547666,0.8086062050807244,25,20,20
48,4253,0.0445638870920952,0.03938990375194201,0.10744010260616312,0.8086061065498003,25,20,20
48,4254,0.04456388709191228,0.03938990375169742,0.10743526908940519,0.8086109400669856,25,20,20
48,4255,0.04456388709190988,0.03938990375169313,0.10744907840643216,0.8085971307499653,25,20,20
48,4256,0.04456388709190983,0.03938990375169313,0.10744911235998428,0.8085970967964132,25,20,20
48,4257,0.044563887238469116,0.03938990376550641,0.10782150608239405,0.8082247029136309,25,20,20
48,4258,0.044563887238469116,0.03938990376550641,0.10782162391644272,0.8082245850795822,25,20,20
48,4259,0.044563887238469116,0.039389903765506336,0.1078170385300832,0.8082291704659419,25,20,20
48,4260,0.04456388723847224,0.03938990377935278,0.10807872567590097,0.8079674833062745,25,20,20
48,4261,0.04456388723847543,0.03938990377935286,0.10807883415244693,0.8079673748297254,25,20,20
48,4262,0.04456388723847463,0.03938990377935286,0.10806482885923169,0.8079813801229414,25,20,20
48,4263,0.04456388723847783,0.03938990377935301,0.10806495015283536,0.8079812588293344,25,20,20
48,4264,0.044563887238477866,0.03938990377935301,0.10806491781030109,0.8079812911718685,25,20,20
48,4265,0.04456388723848135,0.03999850750926607,0.1074563140857628,0.8079812911664902,25,20,20
48,4266,0.0445638872384822,0.039998507509506356,0.10746261602300214,0.8079749892290099,25,20,20
48,4267,0.0445638872384822,0.039998507509506356,0.10746258061710816,0.8079750246349039,25,20,20
48,4268,0.04100328440097698,0.03999852141097338,0.11101951546774214,0.807978678720308,25,20,20
48,4269,0.04100328440097385,0.039998521410973306,0.11092724996678875,0.8080709442212647,25,20,20
48,4270,0.04100328440097385,0.039998521410973306,0.11092717088889437,0.8080710232991588,25,20,20
48,4271,0.04100328440115516,0.039998521410728884,0.11091873341694729,0.808079460771169,25,20,20
48,4272,0.041003284401155166,0.039998521410728884,0.11091888585296279,0.8080793083351534,25,20,20
48,4273,0.04100328440097303,0.039998521410728814,0.11129184569177751,0.8077063484965208,25,20,20
48,4274,0.04100328440096922,0.03999961002630747,0.1112907570763001,0.8077063484964233,25,20,20
48,4275,0.04100328440096928,0.039999610026307475,0.11129072313153734,0.8077063824411862,25,20,20
48,4276,0.04100328440096924,0.039999610026307544,0.11129075652691091,0.8077063490458126,25,20,20
48,4277,0.04100328440101477,0.039999610026307475,0.11129078016557842,0.8077063254070996,25,20,20
48,4278,0.041003284401014764,0.03999961002630748,0.11129536610132719,0.8077017394713509,25,20,20
48,4279,0.041003284401014764,0.03999961002630756,0.11129544714524622,0.8077016584274318,25,20,20
48,4280,0.04100328440101162,0.03999961002630756,0.11130194038601388,0.8076951651866673,25,20,20
48,4281,0.04100328440101082,0.039999610026063045,0.11130184009622254,0.807695265476704,25,20,20
48,4282,0.041003284401007624,0.03999961003999806,0.11131256305857867,0.8076845425004159,25,20,20
48,4283,0.041003284401004425,0.0399996100400022,0.11131256150430374,0.80768454405469,25,20,20
48,4284,0.041003284403361026,0.03999961004000233,0.11738577100186025,0.8016113345547766,25,20,20
48,4285,0.041003284403364246,0.0399996100400067,0.11739232938495459,0.8016047761716747,25,20,20
48,4286,0.04100328440336498,0.039999610040006774,0.11739244386457427,0.801604661692054,25,20,20
48,4287,0.04100328425544411,0.03999961003976219,0.1173903433849019,0.8016067623198918,25,20,20
48,4288,0.04100328425756392,0.0399996100397623,0.1247172203285165,0.7942798853741574,25,20,20
48,4289,0.041003284257563125,0.03999961002582307,0.12470498184356163,0.7942921238730523,25,20,20
48,4290,0.041003284257566316,0.039999610025827366,0.12470504313234052,0.794292062584266,25,20,20
48,4291,0.041003284257563145,0.039999610011976626,0.12443873431591956,0.794558371414541,25,20,20
48,4292,0.04100328425756308,0.03999961001197655,0.12443213012639663,0.7945649756040639,25,20,20
48,4293,0.04100328425756346,0.0007794125014652673,0.16365232763073057,0.7945649756102398,25,20,20
48,4294,0.04100328425756267,0.0007794125014609758,0.1640230744063924,0.7941942288345828,25,20,20
48,4295,0.04100328425756267,0.0007794125014610512,0.16402304100474135,0.7941942622362338,25,20,20
48,4296,0.04100328425756267,0.0007794125014609758,0.16402307439778052,0.7941942288431947,25,20,20
48,4297,0.04100328425756267,0.0007794125014609006,0.16401655067405524,0.7942007525669201,25,20,20
48,4298,0.04100328425756267,0.0007794125014608993,0.16401193189483412,0.7942053713461412,25,20,20
48,4299,0.0410032842576082,0.0007794125017054938,0.16401664708441085,0.7942006561562743,25,20,20
48,4300,0.04100328425760827,0.0007794125017097854,0.16401672788237637,0.7942005753583046,25,20,20
48,4301,0.04100328425760507,0.0007794125017054937,0.1640166994021272,0.7942006038385613,25,20,20
48,4302,0.039654108135712324,0.0007794123329436449,0.17415575391544724,0.7854107256158963,25,20,20
48,4303,0.03965410813571238,0.0007794123329437217,0.1741557834491467,0.7854106960821968,25,20,20
48,4304,0.039654108135712435,0.0007794123329437968,0.1741557803679866,0.7854106991633568,25,20,20
48,4305,0.039654108135666326,0.0007794123329437232,0.1740123375235807,0.785554142007809,25,20,20
48,4306,0.03967729722714482,0.0007794222507608693,0.17398653461828406,0.78555674590381,25,20,20
48,4307,0.03967729722714487,0.000779422250760794,0.17398653404360975,0.7855567464784845,25,20,20
48,4308,0.03967729722714409,0.0007794222507565043,0.17398004398261566,0.7855632365394836,25,20,20
48,4309,0.039677297227144026,0.000779422250756429,0.17397996659854553,0.785563313923554,25,20,20
48,4310,0.039677297229739256,0.0007794222512455445,0.17398475948683131,0.7855585210321838,25,20,20
48,4311,0.0396772972297393,0.0007794222512454688,0.173611738123336,0.7859315423956791,25,20,20
48,4312,0.03967729722974244,0.0007794222512497599,0.17361636028512595,0.7859269202338818,25,20,20
48,4313,0.039638505302655294,0.0007794548518933365,0.173220536035089,0.7863615038103622,25,20,20
48,4314,0.039638505302655294,0.0007794548518932613,0.17322042075857183,0.7863616190868795,25,20,20
48,4315,0.03963850530270081,0.0007794548518934105,0.1732205363166978,0.7863615035287078,25,20,20
48,4316,0.039638505302656085,0.0007794548518933365,0.17322038422200262,0.7863616556234477,25,20,20
48,4317,0.039638505300242086,0.0007794548516464877,0.17358898772922043,0.785993052118891,25,20,20
48,4318,0.03963850530024523,0.0007794548516507765,0.1735907278290746,0.7859913120190292,25,20,20
48,4319,0.03963850568403051,0.000779477218492242,0.17367770576819652,0.7859043113292797,25,20,20
48,4320,0.03963850568403046,0.0007794772184964582,0.17367929970310936,0.7859027173943629,25,20,20
48,4321,0.0396385056840304,0.0007794772184921666,0.1736791050504849,0.7859029120469917,25,20,20
48,4322,0.03964439793434167,0.0007799960421784032,0.1736702218772643,0.7859053841462146,25,20,20
48,4323,0.039644397934338466,0.0007799960421741123,0.17366369831537792,0.7859119077081088,25,20,20
48,4324,0.03964439793433847,0.0007799960421741888,0.17367030317186882,0.7859053028516176,25,20,20
48,4325,0.03964439794471863,0.0007799960421784046,0.17367492498614312,0.785900681026959,25,20,20
48,4326,0.03964439794467383,0.000779996042178403,0.1736748597725413,0.7859007462406056,25,20,20
48,4327,0.03964439793433801,0.0007799960421741864,0.17404323957358966,0.7855323664498972,25,20,20
48,4328,0.03964439793433812,0.0007799960421741878,0.17404795539093187,0.7855276506325548,25,20,20
48,4329,0.03964439793434051,0.0007799960424187802,0.17405274890743994,0.7855228571157998,25,20,20
48,4330,0.03964439778796009,0.000779996028614003,0.17368530992565767,0.7858902962577673,25,20,20
48,4331,0.03964439778796013,0.0007799960286140783,0.17331230651311624,0.7862632996703085,25,20,20
48,4332,0.039644397787961486,0.0007799960288215607,0.17938564179937103,0.7801899643838449,25,20,20
48,4333,0.03964439778791995,0.0007799960425134006,0.17938905145191483,0.7801865547176509,25,20,20
48,4334,0.0396385318115118,0.0007794777123145354,0.17939790785839704,0.7801840826177755,25,20,20
48,4335,0.03963853181156054,0.0007794777123146132,0.17939851174492807,0.7801834787311958,25,20,20
48,4336,0.03963853181156371,0.0007794777125570304,0.17977163162595886,0.7798103588499194,25,20,20
48,4337,0.03963853181156365,0.0007794777125570304,0.17977154972237042,0.7798104407535077,25,20,20
48,4338,0.03963853181138242,0.00077947771231469,0.1793981513483644,0.7801838391279372,25,20,20
48,4339,0.03963850553813028,0.0007794772098704684,0.17939817572849912,0.7801838415234988,25,20,20
48,4340,0.040645770180659985,0.0007794217564090698,0.17883167577492215,0.779743132288008,25,20,20
48,4341,0.04064577018061565,0.0007794217564089965,0.17845878685671854,0.7801160212062561,25,20,20
48,4342,0.04064577018061565,0.0007794217564089978,0.1784589007595145,0.7801159073034601,25,20,20
48,4343,0.040645778562358584,0.0007794225461674857,0.17262831446403112,0.7859464844274419,25,20,20
48,4344,0.040645778562358625,0.0007794225459293615,0.17225538925277853,0.7863194096389324,25,20,20
48,4345,0.0406457785623067,0.0007794225459250687,0.17225312561370604,0.7863216732780611,25,20,20
48,4346,0.04064577856230602,0.0007794225459293586,0.17225759756122158,0.7863172013305418,25,20,20
48,4347,0.04064577856230287,0.0007794225459294316,0.17226400624616314,0.7863107926456034,25,20,20
48,4348,0.04064577856230289,0.0007794225459294331,0.17226397347312783,0.7863108254186387,25,20,20
48,4349,0.04257604462469609,0.0008490339605571834,0.1702584056522101,0.7863165157625355,25,20,20
48,4350,0.04257604462469609,0.0008490339605572573,0.17025840703585218,0.7863165143788933,25,20,20
48,4351,0.04257604462469209,0.0008490339466165313,0.1702501611777323,0.786324760250958,25,20,20
48,4352,0.04257604462469417,0.0008490339466202465,0.17490926034792914,0.781665661080756,25,20,20
48,4353,0.04240328111695619,0.0008493249688895519,0.17508173198657012,0.7816656619275839,25,20,20
48,4354,0.04240328111677408,0.0008493249688809714,0.17507512679181073,0.7816722671225339,25,20,20
48,4355,0.04240328111677407,0.000849324968880896,0.1750751601745747,0.7816722337397701,25,20,20
48,4356,0.04240328111677406,0.000849324968880896,0.17507983412309458,0.7816675597912502,25,20,20
48,4357,0.04240328111677406,0.000849324968880896,0.17507975504520018,0.7816676388691447,25,20,20
48,4358,0.04240328111677407,0.0008493249688809712,0.17507983613673697,0.7816675577776077,25,20,20
48,4359,0.04240328111681918,0.0008493249691232345,0.17545351718384808,0.7812938767302091,25,20,20
48,4360,0.04310156103745513,0.0007797125718578402,0.17483067236499622,0.7812880540256906,25,20,20
48,4361,0.04310156103745509,0.0007797125718621311,0.17483248057415257,0.78128624581653,25,20,20
48,4362,0.0431015610375006,0.000779712571870712,0.17483711280271522,0.7812816135879131,25,20,20
48,4363,0.043101561037500596,0.0007797125718664946,0.17483560519612934,0.7812831211945033,25,20,20
48,4364,0.04310156103750378,0.0007797125718665711,0.1748372297068036,0.7812814966838261,25,20,20
48,4365,0.043101561037500645,0.0007797125718665711,0.17483572050782295,0.7812830058828097,25,20,20
48,4366,0.04310156141196901,3.203066093709821e-07,0.17561511240478736,0.7812830058766344,25,20,20
48,4367,0.0431015614119239,3.203063670337529e-07,0.1752414299305274,0.7816566883511818,25,20,20
48,4368,0.04310156140980412,3.203063668519567e-07,0.1679099681015472,0.7889881501822817,25,20,20
48,4369,0.03944883579503991,3.4987418677816656e-07,0.17156252560790913,0.788988288722864,25,20,20
48,4370,0.0008571861796040801,5.972937379025279e-08,0.20976976776815853,0.7893729863228636,25,20,20
48,4371,0.0008571861796040821,5.97293737915733e-08,0.2097698488558703,0.7893729052351517,25,20,20
48,4372,0.000942133863111538,3.017035895796033e-08,0.20968506449193833,0.7893727714745912,25,20,20
48,4373,0.0009421338631086672,3.017035516621776e-08,0.20502588682070397,0.7940319491458324,25,20,20
48,4374,0.04093420980862409,3.017025473193315e-08,0.16503381331261957,0.7940319467085023,25,20,20
48,4375,0.04093420980862567,3.017025465671007e-08,0.1650361306563119,0.7940296293648081,25,20,20
48,4376,0.040934209808580146,3.017024614972656e-08,0.16503142191555498,0.7940343381056191,25,20,20
48,4377,0.04093420980876216,3.017024614972659e-08,0.16503142520115271,0.7940343348198392,25,20,20
48,4378,0.04093420980876221,3.017025041148856e-08,0.16529767737982426,0.7937680826411634,25,20,20
48,4379,0.04093420980875902,3.0170246120312226e-08,0.16529297135152146,0.7937727886694737,25,20,20
48,4380,0.04093420980875908,3.017024612160997e-08,0.16529313371252852,0.7937726263084666,25,20,20
48,4381,0.04093420980875902,3.017024612028906e-08,0.1652930863640867,0.7937726736569084,25,20,20
48,4382,0.04093634789202017,3.017334997450723e-08,0.16529094827025934,0.7937726736643708,25,20,20
48,4383,0.04093634789202017,3.01733499745296e-08,0.1652909502432814,0.7937726716913487,25,20,20
48,4384,0.04093634789202019,3.0173349977147436e-08,0.16529083780243237,0.7937727841321977,25,20,20
48,4385,0.04093634789220112,3.017335005061769e-08,0.16555707173792544,0.7935065501965236,25,20,20
48,4386,0.04007948074993282,2.981349094624646e-08,0.16679863769366046,0.7931218517429156,25,20,20
48,4387,0.04007948074992962,2.981324635261503e-08,0.16679391733524893,0.793126572101575,25,20,20
48,4388,0.04007948075795754,2.981325058925655e-08,0.16072381368699126,0.7991966757418006,25,20,20
48,4389,0.04007948075795752,2.98132505892557e-08,0.1607303014740284,0.7991901879547635,25,20,20
48,4390,0.04007950749737454,2.982255915921772e-08,0.16073027468254072,0.7991901879975256,25,20,20
48,4391,0.06619916173671073,2.9362724990879895e-08,0.1346105892153814,0.7991902196851828,25,20,20
48,4392,0.08007909873769377,2.930338171424028e-08,0.12073068396214516,0.799190187996779,25,20,20
48,4393,0.08007909332360946,2.9285291706014496e-08,0.12073068939430247,0.7991901879967961,25,20,20
48,4394,0.08007909332361018,2.928528741771434e-08,0.12072636385352892,0.7991945135375735,25,20,20
48,4395,0.08007909332361014,2.9285287491707985e-08,0.12072177626608266,0.7991991011250196,25,20,20
48,4396,0.08007909332360935,2.928528741377995e-08,0.12071949447274671,0.7992013829183563,25,20,20
48,4397,0.08007909332342841,2.92852873389896e-08,0.12045314610237613,0.7994677312889078,25,20,20
48,4398,0.08007909331309246,2.929918517558135e-08,0.12056885384549082,0.7993520235422312,25,20,20
48,4399,0.08007909331309249,2.9299189391926877e-08,0.12056893522810581,0.7993519421596121,25,20,20
48,4400,0.08007909331309249,2.9299189393246756e-08,0.12057554000159186,0.7993453373861263,25,20,20
48,4401,0.08007909331309243,2.9299185131462014e-08,0.12030932120477301,0.7996115561829495,25,20,20
48,4402,0.04059940025307994,5.747291188583516e-08,0.15978515610817481,0.7996153861658332,25,20,20
48,4403,0.040599400253083194,5.7472911959827656e-08,0.15978026242792684,0.799620279846078,25,20,20
48,4404,0.04059940025308321,5.7472911959805275e-08,0.15978037786977287,0.7996201644042319,25,20,20
48,4405,0.04059940025313176,5.748681391564527e-08,0.15990528612809787,0.7994952561319562,25,20,20
48,4406,0.040599400253083194,5.747291188454862e-08,0.1597803772010819,0.7996201650729228,25,20,20
48,4407,0.040599400253086365,5.7472911810577856e-08,0.15978032456132676,0.799620217712675,25,20,20
48,4408,0.04059940025290504,5.74729118090718e-08,0.15978226381966537,0.7996182784545175,25,20,20
48,4409,0.04060508406973369,5.746975103548766e-08,0.15977658001372894,0.7996182784467862,25,20,20
48,4410,0.040605084069732095,5.746975103416723e-08,0.1597741803368722,0.7996206781236447,25,20,20
48,4411,0.04060508406973215,5.746975103423554e-08,0.15977429133726428,0.7996205671232525,25,20,20
48,4412,0.04060508406973215,5.746975103555564e-08,0.15977429274903263,0.7996205657114842,25,20,20
48,4413,0.040605084069732164,5.746999563107913e-08,0.15977243008906267,0.7996224283712096,25,20,20
48,4414,0.040605084069732164,5.746999980870038e-08,0.16014541809072544,0.7992494403695426,25,20,20
48,4415,0.0406050840697322,5.746999980870038e-08,0.1601454175048592,0.799249440955409,25,20,20
48,4416,0.04060508406972894,5.746999973206812e-08,0.160143709009141,0.7992511494511305,25,20,20
48,4417,0.04060508408010986,5.747024440101776e-08,0.16014854314557198,0.7992463153040736,25,20,20
48,4418,0.04060508408010993,5.7470248692677284e-08,0.1601487378314725,0.7992461206181687,25,20,20
48,4419,0.04060508408010998,5.747024451502504e-08,0.1597803357945269,0.7996145226551183,25,20,20
48,4420,0.040605084080109946,5.747048904854465e-08,0.15978258084215285,0.7996122776072476,25,20,20
48,4421,0.040605084069729076,5.747024438089234e-08,0.15977774706803946,0.7996171113919865,25,20,20
48,4422,0.04060508406972902,5.747024452783239e-08,0.16004407657821326,0.7993507818818127,25,20,20
48,4423,0.04060508406977584,5.823407149351335e-08,0.16160172838887785,0.7977931293072745,25,20,20
48,4424,0.04060508406977578,5.823407141953574e-08,0.16169390669987446,0.7977009509962784,25,20,20
48,4425,0.04060508406972719,5.8220169216348135e-08,0.1615749386840898,0.7978199190260139,25,20,20
48,4426,0.0406051177101102,5.823432331301431e-08,0.16168318178940858,0.7977116422661578,25,20,20
48,4427,0.04060510932836998,5.7444361636770075e-08,0.1614428054152466,0.7979520278120219,25,20,20
48,4428,0.04060510932836992,5.744436163674651e-08,0.16144281024714588,0.7979520229801226,25,20,20
48,4429,0.04060510932836992,5.74443658997982e-08,0.16170253873554036,0.7976922944917242,25,20,20
48,4430,0.040605109328369915,5.744436590109524e-08,0.16170700999141893,0.7976878232358456,25,20,20
48,4431,0.04060510932837309,5.744412559718634e-08,0.1617024651474864,0.7976923680800152,25,20,20
48,4432,0.04060510932832626,5.668029434248646e-08,0.16014469717782503,0.7992501368135546,25,20,20
48,4433,0.04060510932832626,5.6680294416453353e-08,0.16014227347937776,0.7992525605120019,25,20,20
48,4434,0.04060510932832627,5.668029441904882e-08,0.160142277475143,0.7992525565162367,25,20,20
48,4435,0.04060510932832633,5.6680294418875113e-08,0.16023453194863316,0.7991603020427465,25,20,20
48,4436,0.04060507568794411,5.6666140322232024e-08,0.16012856711529946,0.7992663005306164,25,20,20
48,4437,0.04060507568794486,5.668003866090706e-08,0.1602534882218027,0.7991413794102141,25,20,20
48,4438,0.04060507568794486,5.668003865960933e-08,0.16025340913361263,0.7991414584984042,25,20,20
48,4439,0.04060507568794407,5.668003436998408e-08,0.1602468805171796,0.7991479871148423,25,20,20
48,4440,0.040605075689633105,5.668910811169134e-08,0.17421692702011568,0.7851779406011432,25,20,20
48,4441,0.04060507568962913,5.668910811043767e-08,0.17421629733781224,0.7851785702834507,25,20,20
48,4442,0.040605075689628324,5.668910818438611e-08,0.17421413201250802,0.7851807356087557,25,20,20
48,4443,0.040849469655683535,0.0003601164487524195,0.17360915485458356,0.7851812590409808,25,20,20
48,4444,0.04084946965568039,0.0003601164487482032,0.1736090734720655,0.7851813404235064,25,20,20
48,4445,0.040849469655681155,0.00036011644874398626,0.17360474725698527,0.78518566663859,25,20,20
48,4446,0.040849469655681155,0.000360116448743912,0.17333845428637507,0.7854519596092004,25,20,20
48,4447,0.040919822270829936,0.0003600879839288211,0.17327573199956292,0.7854443577456793,25,20,20
48,4448,0.04059048344617024,3.2723723623038734e-08,0.17396565429714034,0.7854438295329669,25,20,20
48,4449,0.040590483446167065,3.2723727912057236e-08,0.17396582109254555,0.7854436627375605,25,20,20
48,4450,0.04059048345654799,3.2723727839387824e-08,0.17396525264318516,0.78544423117654,25,20,20
48,4451,0.04059048345654804,3.272396817056246e-08,0.1737036614946231,0.7857058223248616,25,20,20
48,4452,0.0405904830320712,2.5121999989190774e-07,0.17370344310178784,0.7857058226461419,25,20,20
48,4453,0.040590483032071155,2.5121999567572787e-07,0.1737017826707867,0.7857074830771473,25,20,20
48,4454,0.00617514311922429,4.0795357328717566e-07,0.20811552219518575,0.7857089267320176,25,20,20
48,4455,0.0061776687371684555,0.0007870315656290508,0.2073263725819404,0.7857089271152633,25,20,20
48,4456,0.009389817824665376,0.0007871017402628626,0.20411418040536744,0.7857089000297058,25,20,20
48,4457,0.00938981782484686,0.0007871017541612637,0.20424360674166817,0.7855794736793251,25,20,20
48,4458,0.009389817824846831,0.0007871017541611883,0.20425022546814367,0.7855728549528497,25,20,20
48,4459,0.009172802486044284,0.0008156139277499827,0.20444251670959435,0.7855690668766109,25,20,20
48,4460,0.011648327052658987,0.0007882229241809532,0.20199432560578523,0.7855691244173743,25,20,20
48,4461,0.011648327052658931,0.0007882229239363576,0.20198958406805495,0.7855738659553491,25,20,20
48,4462,0.011995377857268003,0.0007870735801941354,0.20164378205456793,0.7855737665079693,25,20,20
48,4463,0.01199537785726799,0.0007870735799496005,0.2016480258844206,0.7855695226783613,25,20,20
48,4464,0.011995377857267992,0.0007870735799496004,0.20164810496231497,0.785569443600467,25,20,20
48,4465,0.01199537785726805,0.000787073580194209,0.2016504619043712,0.785567086658166,25,20,20
48,4466,0.011995377857268846,0.0007870735804387301,0.2016486926365444,0.7855688559257475,25,20,20
48,4467,0.011995686150212247,0.0007870746178795876,0.20164838326364629,0.7855688559682609,25,20,20
48,4468,0.011995686150212247,0.0007870746178795864,0.20164838465511015,0.7855688545767969,25,20,20
48,4469,0.011995686150212247,0.0007870746178795851,0.20164827069476585,0.7855689685371413,25,20,20
48,4470,0.011995686150212235,0.0007870746178795083,0.20164818761587316,0.7855690516160343,25,20,20
48,4471,0.011995686150215432,0.0007870746181240179,0.20165477771416337,0.7855624615174966,25,20,20
48,4472,0.012066011920206635,0.0007870741085919094,0.20158445010665635,0.7855624638645444,25,20,20
48,4473,0.012066011922801005,0.0007870740946978616,0.20146147306249795,0.7856854409200024,25,20,20
48,4474,0.012066011920205842,0.0007870740946934955,0.2014595306221851,0.7856873833629148,25,20,20
48,4475,0.012066011920205842,0.00078707409469342,0.20145725445791526,0.7856896595271848,25,20,20
48,4476,0.012066011920205838,0.0007870740946934214,0.20146377676458882,0.7856831372205113,25,20,20
48,4477,0.012066011909824162,0.00078707409469342,0.20146217447555706,0.7856847395199247,25,20,20
48,4478,0.012066011909824162,0.00078707409469342,0.2014621716540753,0.7856847423414064,25,20,20
48,4479,0.012066011909824162,0.0007870740946934213,0.20146228747628883,0.785684626519193,25,20,20
48,4480,0.012066011909824164,0.0007870740946933473,0.2014622860888934,0.7856846279065886,25,20,20
48,4481,0.012066011909824165,0.0007870740946934213,0.20145579717743378,0.785691116818048,25,20,20
48,4482,0.012066011909827345,0.0007870741086302886,0.20146259992575266,0.7856843140557891,25,20,20
48,4483,0.012066011909827345,0.000787074108630364,0.2014627152121907,0.7856841987693508,25,20,20
48,4484,0.012066011909827347,0.0007870741086303652,0.20146271729057644,0.785684196690965,25,20,20
48,4485,0.006481454407367309,0.0007869261063810918,0.20704886645015785,0.7856827530360926,25,20,20
48,4486,0.0064814544073673085,0.0007869261063810179,0.2070488670436022,0.7856827524426481,25,20,20
48,4487,0.006481454407366566,0.0007869261061364229,0.20704411404883494,0.7856875054376607,25,20,20
48,4488,0.006481454407366606,0.0007869261061364783,0.2180973332212684,0.7746342862652272,25,20,20
48,4489,0.0031989793560105208,0.000786855913445425,0.22137999006370407,0.7746341746668386,25,20,20
48,4490,0.003198979354324675,0.0007868559043759745,0.20741453328240822,0.78859963145889,25,20,20
48,4491,0.0031989793543246332,0.0007868559043759732,0.20741460530934078,0.7885995594319576,25,20,20
48,4492,0.0031989793570837426,0.00078685590461904,0.20768121803070203,0.7883329467075941,25,20,20
48,4493,0.0031989793570837565,0.0007868559046233311,0.20768592009508755,0.788328244643204,25,20,20
48,4494,0.03278099117363646,0.0007868596529674525,0.1781028858608065,0.7883292633125885,25,20,20
48,4495,0.03278099117363642,0.0007868596529673973,0.1670449637135202,0.7993871854598749,25,20,20
48,4496,0.032780991173637204,0.0007868596529674711,0.16704496373869887,0.7993871854346954,25,20,20
48,4497,0.032780991173637204,0.0007868596529673985,0.1670448878380114,0.799387261335383,25,20,20
48,4498,0.032780991173637176,0.0007868596529673985,0.16703823429981898,0.7993939148735754,25,20,20
48,4499,0.032780991173640375,0.0007868596529717638,0.16704052006377984,0.7993916291096067,25,20,20
48,4500,0.032780991173643505,0.000786859652971748,0.16704290125865714,0.7993892479147263,25,20,20
48,4501,0.03278099117364033,0.0007868596529675334,0.16703828066401416,0.7993938685093767,25,20,20
48,4502,0.03278099117345877,0.0007868596390648406,0.166908658167838,0.799523491019637,25,20,20
48,4503,0.03278099117345877,0.0007868596390648395,0.16690854431864655,0.7995236048688283,25,20,20
48,4504,0.045567067081554474,0.0007868657708477465,0.1541224646919075,0.7995236024556909,25,20,20
48,4505,0.045567067081554474,0.0007868657708477478,0.1541225446580417,0.7995235224895566,25,20,20
48,4506,0.04557593380998719,0.0007987691664548319,0.15410177422195012,0.7995235228016082,25,20,20
48,4507,0.04557593380998719,0.0007987691664549045,0.15410185012281433,0.799523446900744,25,20,20
48,4508,0.04557593380998719,0.0007987691664549057,0.15410185162132398,0.7995234454022344,25,20,20
48,4509,0.04557594221342882,0.0007987691808372964,0.15414917469469538,0.7994761139110388,25,20,20
48,4510,0.04557594222373871,0.0007987691671391341,0.15440856354154137,0.7992167250675811,25,20,20
48,4511,0.08237634287759299,0.000798769167134846,0.11760816288771762,0.7992167250675548,25,20,20
48,4512,0.08237634287759299,0.000798769167134846,0.11760827874874424,0.7992166092065283,25,20,20
48,4513,0.0823763428775898,0.0007987691671304807,0.1176059139068891,0.7992189740483908,25,20,20
48,4514,0.0823763428775866,0.0007987691668858878,0.11760121373498224,0.7992236742205455,25,20,20
48,4515,0.08237634287758663,0.0007987691668901789,0.11760580141712806,0.7992190865383955,25,20,20
48,4516,0.08237634287763214,0.0007987691668944692,0.11760591713261422,0.7992189708228595,25,20,20
48,4517,0.08237381588335854,0.021255241261117438,0.0971519725690905,0.7992189702864345,25,20,20
48,4518,0.08237380747991686,0.021255241246734967,0.09701235564835407,0.7993585956249951,25,20,20
48,4519,0.08237380747994653,0.02125524125580866,0.11098261498332171,0.7853883362809237,25,20,20
48,4520,0.08237380748012858,0.021255241256053322,0.11098931663594003,0.7853816346278785,25,20,20
48,4521,0.08237380748012858,0.02125524125605325,0.11098928325285064,0.785381668010968,25,20,20
48,4522,0.08237380748026517,0.021255241256053173,0.11099378979526157,0.7853771614684204,25,20,20
48,4523,0.0456471895960341,0.02125526486670523,0.14772038400072496,0.7853771615365359,25,20,20
48,4524,0.0456471895960349,0.021255264866709523,0.14763469633519288,0.7854628492020628,25,20,20
48,4525,0.045647189596032554,0.021255264866465017,0.14763029820576828,0.7854672473317342,25,20,20
48,4526,0.045647189596032575,0.02125526486646931,0.14763500034593055,0.7854625451915678,25,20,20
48,4527,0.0456471895932734,0.021255264866226243,0.14736836055154298,0.7857291849889575,25,20,20
48,4528,0.045647189593273386,0.02125526486622632,0.14736843445501652,0.7857291110854838,25,20,20
48,4529,0.05606073073396025,0.021255261117725785,0.13695591571878035,0.7857280924295336,25,20,20
48,4530,0.05606073125680952,0.021255261117941914,0.14161537111646486,0.7810686365087837,25,20,20
48,4531,0.056060731256809514,0.021255261117941914,0.141615409173592,0.7810685984516564,25,20,20
48,4532,0.05606073125680953,0.021255261117941914,0.14161757392509844,0.7810664337001498,25,20,20
48,4533,0.05605188381856178,0.021244881208377357,0.14163680158493824,0.7810664333881228,25,20,20
48,4534,0.05605188381856583,0.021244881208381722,0.14163850858778257,0.7810647263852698,25,20,20
48,4535,0.05605188381861344,0.021244881222227802,0.14189935150160124,0.7808038834575575,25,20,20
48,4536,0.08690421521757388,0.02124485768891657,0.1110470437037354,0.7808038833897741,25,20,20
48,4537,0.08690421521757388,0.02124485768891657,0.11104696322207598,0.7808039638714337,25,20,20
48,4538,0.08690421521757391,0.02124485768891657,0.11105361678468002,0.7807973103088295,25,20,20
48,4539,0.08690421521757312,0.021244857688912207,0.11104891507886638,0.7808020120146485,25,20,20
48,4540,0.08690421521757315,0.021244857688912207,0.11104440818571089,0.7808065189078037,25,20,20
48,4541,0.08690421521757549,0.021244857688916496,0.1110487077963591,0.7808022192971491,25,20,20
48,4542,0.08690424366690941,0.02124485768932484,0.11730794716731788,0.774542951476448,25,20,20
48,4543,0.0869042436668798,0.021244857680251146,0.10333927214355039,0.7885116265093184,25,20,20
48,4544,0.09367997334391981,0.021243515573278506,0.09656488429892932,0.7885116267838721,25,20,20
48,4545,0.09367997334391669,0.021243515573274144,0.09655839271115094,0.7885181183716579,25,20,20
48,4546,0.09367997335427473,0.021243515573282704,0.09665104894909624,0.788425462123346,25,20,20
48,4547,0.09367997335409262,0.02124351557303805,0.09664434693416009,0.7884321641387091,25,20,20
48,4548,0.061388070859221294,0.02124355361902145,0.12893620819394583,0.788432167327811,25,20,20
48,4549,0.05461232221801276,0.021243369618202355,0.13571211198194802,0.7884321961818371,25,20,20
48,4550,0.05461232221796441,0.02124336960435206,0.13544936439742328,0.7886949437802603,25,20,20
48,4551,0.05461232221796442,0.02124336960435635,0.13545395208832714,0.7886903560893519,25,20,20
48,4552,0.05461232220765219,0.021243369604117723,0.13518993007172328,0.7889543781165067,25,20,20
48,4553,0.05461232220765221,0.0212433696041178,0.13518996350223414,0.7889543446859956,25,20,20
48,4554,0.05884774725170762,0.021243362954368013,0.13095454374353266,0.7889543460503919,25,20,20
48,4555,0.0588477472515263,0.02124336295436372,0.13095223901579875,0.7889566507783111,25,20,20
48,4556,0.05884774725152627,0.02124336295436372,0.13094558686907018,0.7889633029250398,25,20,20
48,4557,0.058847747251529414,0.021243362954363795,0.13094749037932124,0.7889613994147855,25,20,20
48,4558,0.05884774725242367,0.021243363022822065,0.16750211493203157,0.7524067747927227,25,20,20
48,4559,0.058847747252423616,0.021243363022817846,0.16750353915317123,0.7524053505715872,25,20,20
48,4560,0.05884774725242044,0.02124336302282199,0.16749713102552088,0.7524117586992367,25,20,20
48,4561,0.05884774725242368,0.02124336302282199,0.1675016379726377,0.7524072517521166,25,20,20
48,4562,0.058847747252469204,0.021243363022826353,0.16750823517477073,0.7524006545499337,25,20,20
48,4563,0.05884774725246915,0.021243363022826353,0.16750661371325062,0.7524022760114538,25,20,20
48,4564,0.058847746729802024,0.021243363022610377,0.1628473221698554,0.7570615680777323,25,20,20
48,4565,0.058847746729802024,0.021243363022610297,0.16284570070425455,0.7570631895433331,25,20,20
48,4566,0.05708777323108218,0.021243324899580935,0.16460571547607125,0.7570631863932656,25,20,20
48,4567,0.05708777323237793,0.02124332483132919,0.1343014977024871,0.7873674042338058,25,20,20
48,4568,0.05708777323237793,0.02124332483132919,0.13430809941807756,0.7873608025182152,25,20,20
48,4569,0.05708777338028958,0.021243324831329263,0.1343126860355079,0.7873562157528731,25,20,20
48,4570,0.057087773380289655,0.021243324831329263,0.13431268673665475,0.7873562150517261,25,20,20
48,4571,0.019862867599163538,0.021244470485755,0.17153098637021016,0.7873616755448718,25,20,20
48,4572,0.019862867599160287,0.021244470485750715,0.17152628417590632,0.787366377739183,25,20,20
48,4573,0.01986286759915624,0.021244470485746344,0.17152465905418823,0.7873680028609094,25,20,20
48,4574,0.019862867599156172,0.02124447048574642,0.1715247717428329,0.7873678901722648,25,20,20
48,4575,0.019862839149822252,0.02124447048533386,0.1652608592672481,0.793631831097596,25,20,20
48,4576,0.04223442620570565,0.021244470846456913,0.1428891757706768,0.793631927177161,25,20,20
48,4577,0.042234426205705666,0.021244470846456837,0.14289579452203552,0.7936253084258024,25,20,20
48,4578,0.0422344262058918,0.021244470846465423,0.1428981285936243,0.7936229743540187,25,20,20
48,4579,0.042234426205709684,0.02124447084646527,0.14290024300926943,0.7936208599385557,25,20,20
48,4580,0.04223442620575522,0.021244470846469635,0.14289383752322185,0.7936272654245535,25,20,20
48,4581,0.042269575662886444,0.021244470475247367,0.1428587859004587,0.7936271679614078,25,20,20
48,4582,0.04226957566306854,0.02124447048918667,0.14287110743969014,0.7936148464080549,25,20,20
48,4583,0.042269575660879334,0.021244470488984434,0.13662730516010824,0.7998586486900279,25,20,20
48,4584,0.04226957566087933,0.021244470488984434,0.13662060911894455,0.7998653447311915,25,20,20
48,4585,0.04226957566069319,0.02124447048897585,0.13661838952181063,0.7998675643285202,25,20,20
48,4586,0.08211466042358649,0.0212444704887103,0.09677330479085144,0.7998675642968516,25,20,20
48,4587,0.0821146604235857,0.0212444704887103,0.09676689552760848,0.7998739735600954,25,20,20
48,4588,0.08211466042358655,0.021244470488714664,0.09677159918171385,0.7998692699059846,25,20,20
48,4589,0.08211465892515632,0.03997818397878322,0.07803788735284702,0.799869269743213,25,20,20
48,4590,0.08211465892515629,0.03997818397878322,0.07803788531581522,0.7998692717802449,25,20,20
48,4591,0.0821146589249742,0.039978183964843914,0.07802568022329638,0.7998814768868852,25,20,20
48,4592,0.07940311624017513,0.03997706275378706,0.08074380455672023,0.799876016449317,25,20,20
48,4593,0.07940311609226351,0.03997706275378277,0.08100084699300415,0.799618974160949,25,20,20
48,4594,0.07940311609226355,0.03997706275378292,0.08109298677148374,0.7995268343824692,25,20,20
48,4595,0.07940311609226355,0.03997706275378285,0.08109082261736862,0.7995289985365845,25,20,20
48,4596,0.0794031160922635,0.03997706275378277,0.08083109416078173,0.7997887269931715,25,20,20
48,4597,0.07940311609226666,0.03997706276759165,0.08120507823676582,0.7994147429033756,25,20,20
48,4598,0.07940311609226672,0.03997706276783625,0.08120979726123213,0.7994100238786644,25,20,20
48,4599,0.07940311609226991,0.03997706276783632,0.08120988034478703,0.7994099407951063,25,20,20
48,4600,0.08355323111587021,0.04007624740164842,0.07696057811498376,0.7994099433674972,25,20,20
48,4601,0.08355323111587028,0.040076247401648495,0.07696058494232907,0.7994099365401516,25,20,20
48,4602,0.08355323111587028,0.040076247401648495,0.07696061692047186,0.7994099045620089,25,20,20
48,4603,0.08355323111587028,0.04007624740164857,0.07695845257474879,0.799412068907732,25,20,20
48,4604,0.08355323111605237,0.04007624740164842,0.07686627960757625,0.7995042418747227,25,20,20
48,4605,0.08355323126360928,0.04007624741579941,0.07695897705680936,0.7994115442637815,25,20,20
48,4606,0.0835532312636092,0.04007624741579941,0.0769654605769252,0.7994050607436657,25,20,20
48,4607,0.08355323126360999,0.040076247415803706,0.07696555260017099,0.7994049687204149,25,20,20
48,4608,0.08355323126360992,0.040067730882211786,0.07697406913931867,0.7994049687148592,25,20,20
48,4609,0.08355323126356438,0.040067730882207504,0.0769739942347603,0.7994050436194675,25,20,20
48,4610,0.08355323126356431,0.04006773088196291,0.07696923981388752,0.7994097980405849,25,20,20
48,4611,0.08355323126356433,0.0400677308819672,0.07696733921691522,0.7994116986375529,25,20,20
48,4612,0.08355323126356753,0.0400677308819715,0.07696897399142454,0.7994100638630363,25,20,20
48,4613,0.08355323126356669,0.04006773088196714,0.07696654997921389,0.7994124878752521,25,20,20
48,4614,0.08355323126356672,0.04006773088197136,0.07696655169050139,0.7994124861639604,25,20,20
48,4615,0.08355323126356672,0.04006773088197143,0.07697121495115479,0.7994078229033069,25,20,20
48,4616,0.08355323126356361,0.04006773086815826,0.0765971161330894,0.7997819217351886,25,20,20
48,4617,0.08355323020497105,0.040068074164815164,0.07659513716112336,0.7997835584690897,25,20,20
48,4618,0.0835532302049702,0.04006807416481509,0.07659296758195207,0.7997857280482621,25,20,20
48,4619,0.0835532301946121,0.04006807416480653,0.07650019698372462,0.7998784986568563,25,20,20
48,4620,0.0835532301946121,0.04006807416480645,0.07649359360674318,0.7998851020338378,25,20,20
48,4621,0.0835532301946121,0.04006807416481074,0.07650019871212857,0.799878496928448,25,20,20
48,4622,0.08355323020118224,0.021336686047458905,0.09523158682286041,0.7998784969284981,25,20,20
48,4623,0.08355323020118222,0.021336686047458978,0.09523613412705034,0.7998739496243081,25,20,20
48,4624,0.08355323020136432,0.021336686047463346,0.09523625032667433,0.7998738334244976,25,20,20
48,4625,0.08355323156621909,0.021336750081684328,0.08883352514638373,0.8062764932057124,25,20,20
48,4626,0.08355323156621591,0.021336750081928833,0.0888401456828775,0.8062698726689774,25,20,20
48,4627,0.08392140776396176,0.021336750083491406,0.08847194529303222,0.8062698968595144,25,20,20
48,4628,0.08392140776396095,0.021336750083487042,0.0884719386835085,0.8062699034690433,25,20,20
48,4629,0.07971427908494107,0.021237541881807865,0.09277827820708827,0.8062699008261635,25,20,20
48,4630,0.09630591422765665,0.021237128443996157,0.08259138213350603,0.7998655751948418,25,20,20
48,4631,0.09630591422747452,0.021237128443996157,0.08259126149439412,0.7998656958341358,25,20,20
48,4632,0.09630591422747532,0.02123712844400045,0.08259288505758415,0.7998640722709408,25,20,20
48,4633,0.09004751286120577,0.021237128445310276,0.08885012478496565,0.7998652339085193,25,20,20
48,4634,0.07512577531521025,0.021237318797191315,0.10377081859960673,0.7998660872879928,25,20,20
48,4635,0.07512577531521344,0.021237318797195606,0.10377093479384535,0.7998659710937466,25,20,20
48,4636,0.07512577544004244,0.02123731879740201,0.11002094279955121,0.7936159629630053,25,20,20
48,4637,0.07512577544004242,0.0212373187971575,0.11001435362861774,0.7936225521341832,25,20,20
48,4638,0.07512577544004242,0.0212373187971575,0.11001880809088826,0.7936180976719127,25,20,20
48,4639,0.07512577531521342,0.021237318796951104,0.10376868564822422,0.7998682202396121,25,20,20
48,4640,0.07512577531521342,0.021237318796951104,0.10376868422635814,0.7998682216614781,25,20,20
48,4641,0.07512577531521343,0.021237318796951104,0.10376879799484504,0.7998681078929912,25,20,20
48,4642,0.07512577531778473,0.021237318797189157,0.10413722399486096,0.7994996818901658,25,20,20
48,4643,0.0751257753177848,0.02123731879718487,0.10413064652729317,0.7995062593577377,25,20,20
48,4644,0.07523968324088297,0.021237319619546738,0.1040167377781292,0.7995062593614415,25,20,20
48,4645,0.0752396832408829,0.021237319619546738,0.10401671014031154,0.7995062869992593,25,20,20
48,4646,0.07523968324088051,0.021237319619546814,0.10401966509889533,0.7995033320406776,25,20,20
48,4647,0.07523968323830918,0.021237319619304546,0.10364661670306921,0.7998763804393174,25,20,20
48,4648,0.07523968323848935,0.021237319619300327,0.10391219382900019,0.7996108033132104,25,20,20
48,4649,0.0752396832385349,0.021237319619544937,0.10391444105574335,0.7996085560861772,25,20,20
48,4650,0.07523968323853528,0.02123731961957417,0.13921621531949394,0.7643067818223966,25,20,20
48,4651,0.07523968383021977,0.021237319619574174,0.13922282990737928,0.7643001666428267,25,20,20
48,4652,0.07523968383021896,0.021237319619569806,0.1392181257293308,0.7643048708208804,25,20,20
48,4653,0.07523968383021977,0.02123731961956981,0.13921812576516143,0.7643048707850488,25,20,20
48,4654,0.07523968384059998,0.021237319619814312,0.13922108235615818,0.7643019141834272,25,20,20
48,4655,0.07523968383021977,0.02123731961956981,0.13921350699806406,0.7643094895521461,25,20,20
48,4656,0.07523968383021977,0.02123731961956981,0.13921339197319743,0.7643096045770128,25,20,20
48,4657,0.07523968383021983,0.0212373196195741,0.13921809311408986,0.7643049034361159,25,20,20
48,4658,0.07523968383021903,0.021237319619574174,0.13921580787400065,0.764307188676206,25,20,20
48,4659,0.07523968383003696,0.02123731961956981,0.1392203126571963,0.7643026838931967,25,20,20
48,4660,0.075239683830037,0.021237319619569813,0.13921607297776414,0.7643069235726289,25,20,20
48,4661,0.07523968383021792,0.021237319619565525,0.13930865542103998,0.7642143411291764,25,20,20
48,4662,0.07523968383003773,0.021237319619565525,0.1390415720559452,0.7644814244944513,25,20,20
48,4663,0.07523968323835327,0.021237319619569813,0.1390414480723807,0.764481549069696,25,20,20
48,4664,0.07523968323835323,0.02123731961956989,0.13903685953174627,0.7644861376103305,25,20,20
48,4665,0.07523968323835323,0.02123731961956989,0.13904338123015844,0.7644796159119182,25,20,20
48,4666,0.09028560548851738,0.02123712926612766,0.12399852647041028,0.7644787387749444,25,20,20
48,4667,0.09028560534091495,0.021237129251972315,0.12390563174146811,0.7645716336656443,25,20,20
48,4668,0.09028560534091494,0.02123712925197224,0.12390559831095711,0.7645716670961552,25,20,20
48,4669,0.09021702009333406,0.021237129252027597,0.12397418399075347,0.7645716666638843,25,20,20
48,4670,0.09021702009333403,0.021237129252023382,0.12424033487956525,0.7643055157750769,25,20,20
48,4671,0.09021702009333403,0.021237129252023382,0.1242449217685023,0.7643009288861399,25,20,20
48,4672,0.09021702009333403,0.021237129252023382,0.12424492378498839,0.7643009268696537,25,20,20
48,4673,0.09021702009333406,0.02123712925202331,0.12423836006705409,0.7643074905875881,25,20,20
48,4674,0.09021702009356161,0.021237129252263603,0.12424269833186255,0.7643031523223119,25,20,20
48,4675,0.09021702009356165,0.021237129252263672,0.12424274036410235,0.764303110290072,25,20,20
48,4676,0.09021702008699166,0.03938989640087803,0.10608997321663409,0.764303110295496,25,20,20
48,4677,0.11311647241971175,0.0393898963983433,0.08319051918829933,0.7643031119936455,25,20,20
48,4678,0.11311647241971254,0.039389896398347675,0.08319064022804964,0.76430299095389,25,20,20
48,4679,0.11311647241953082,0.03938989639834775,0.08309797543896943,0.7643956557431518,25,20,20
48,4680,0.11311647241953088,0.0393898963983479,0.08310017263824498,0.764393458543876,25,20,20
48,4681,0.11311647241953406,0.03938989639835218,0.08322297323104343,0.7642706579510701,25,20,20
48,4682,0.11311647242189661,0.03938993763454226,0.08681121855423263,0.7606823713893285,25,20,20
48,4683,0.1131164724218958,0.039389937634537894,0.08681120993287372,0.7606823800106924,25,20,20
48,4684,0.11311647242185106,0.039389937634293284,0.08681549869252043,0.7606780912513349,25,20,20
48,4685,0.11311647242185112,0.03938993763429336,0.08681546733633551,0.7606781226075197,25,20,20
48,4686,0.11311647242185112,0.039389937634293284,0.08681535344742138,0.7606782364964338,25,20,20
48,4687,0.11311647242185431,0.03938993763429757,0.08682184503700832,0.7606717449068394,25,20,20
48,4688,0.11311647242162667,0.03938993763405299,0.08681514193111813,0.760678448013202,25,20,20
48,4689,0.11311647242162673,0.0393899376340487,0.08681514288786962,0.7606784470564547,25,20,20
48,4690,0.11300046517590222,0.03938993593644958,0.08693115179820401,0.7606784470894437,25,20,20
48,4691,0.0794271232265277,0.03938994677831754,0.12042018879735349,0.7607627411978012,25,20,20
48,4692,0.07942712322652452,0.03938994677831326,0.12029076802604738,0.7608921619691147,25,20,20
48,4693,0.07942712322786204,0.039389946780080766,0.1224117161599081,0.7587712138321494,25,20,20
48,4694,0.07942712322786123,0.0393899467800807,0.12254112025772651,0.7586418097343318,25,20,20
48,4695,0.07942712322786125,0.03938994678008084,0.12254274185474737,0.7586401881373108,25,20,20
48,4696,0.07942712323045618,0.03938994678008092,0.1225520293520674,0.7586309006373958,25,20,20
48,4697,0.07942712323045624,0.039389946780080995,0.12255353845264846,0.7586293915368146,25,20,20
48,4698,0.07942712323045942,0.039389946780323995,0.12281988895635815,0.7583630410328587,25,20,20
48,4699,0.07942712323323046,0.03938994678057231,0.12291548956860981,0.7582674404175879,25,20,20
48,4700,0.07942737755907596,0.03938994678065232,0.12539957150881015,0.7557831041514618,25,20,20
48,4701,0.07942712323191768,0.03938994688825924,0.12549262132914474,0.7556903085506785,25,20,20
48,4702,0.07942712323191775,0.03938994688825924,0.1254926030307005,0.7556903268491229,25,20,20
48,4703,0.07942712323351744,0.0393899748650723,0.1407838780714703,0.7403990238299403,25,20,20
48,4704,0.07942712323351746,0.03938997486507652,0.14077937348303937,0.740403528418367,25,20,20
48,4705,0.0794271232307464,0.039389974864828196,0.14068385337054803,0.7404990485338777,25,20,20
48,4706,0.07942712323074318,0.03938997486458527,0.1404176350285763,0.7407652668760956,25,20,20
48,4707,0.07942712323074318,0.03938997486458956,0.1404222580901439,0.7407606438145237,25,20,20
48,4708,0.0794271232333383,0.039389974864838445,0.14042239245109117,0.7407605094507325,25,20,20
48,4709,0.07942712323333749,0.039389974864838445,0.14042234535812692,0.7407605565436974,25,20,20
48,4710,0.07942712324364008,0.03938997487867515,0.14059948720482296,0.7405834146728622,25,20,20
48,4711,0.07942712324364011,0.03938997487867507,0.14060256549673045,0.7405803363809547,25,20,20
48,4712,0.07942712324364005,0.039389974878674995,0.14059797810425415,0.740584923773431,25,20,20
48,4713,0.07885091210434919,0.03938997489706872,0.14117418924958214,0.7405849237490004,25,20,20
48,4714,0.07885091210435233,0.03938997489706436,0.14116923278194368,0.74058988021664,25,20,20
48,4715,0.07885091211259017,0.03938997479867722,0.10934641826327511,0.7724126948254579,25,20,20
48,4716,0.07885091216004471,0.03834782065003609,0.11038857236460484,0.7724126948253145,25,20,20
48,4717,0.04226778468244881,0.03834782108977511,0.14697169936770652,0.7724126948600698,25,20,20
48,4718,0.04226778467474117,0.03834782107593849,0.14667432444274367,0.772710069806577,25,20,20
48,4719,0.04226778467474115,0.038347821075938475,0.14676642140440296,0.7726179728449177,25,20,20
48,4720,0.04226778467474115,0.038347821075942694,0.146771042463126,0.7726133517861904,25,20,20
48,4721,0.042267784672146716,0.038347821075698146,0.14703253799866245,0.772351856253493,25,20,20
48,4722,0.04226778467214991,0.038347821075938475,0.14694260475399973,0.7724417894979122,25,20,20
48,4723,0.04226778466978732,0.03834777983975254,0.14335227700936393,0.7760321584810964,25,20,20
48,4724,0.04226778466978732,0.03834777983974824,0.1433523103364701,0.7760321251539944,25,20,20
48,4725,0.04226778466978415,0.03834777983974817,0.14308607661294848,0.7762983588775195,25,20,20
48,4726,0.042267784669784154,0.03834777983974813,0.14345447638323539,0.7759299591072327,25,20,20
48,4727,0.04226778466978412,0.03834777983974813,0.14345450920186617,0.7759299262886019,25,20,20
48,4728,0.042267784669784175,0.03834777983974813,0.14354668764343342,0.7758377478470346,25,20,20
48,4729,0.04226778466982925,0.038347824627080536,0.14399703153664625,0.7753873591664439,25,20,20
48,4730,0.042267784669832394,0.03834782462732015,0.1441218512555076,0.7752625394473397,25,20,20
48,4731,0.04226781832068115,0.038347824627568396,0.14421756995809157,0.7751667870936587,25,20,20
48,4732,0.04226781832068113,0.0383478246275684,0.14422394412108788,0.7751604129306624,25,20,20
48,4733,0.04226781832068112,0.03834782462756415,0.14385084163573092,0.7755335154160237,25,20,20
48,4734,0.04226781832068192,0.038347824627564225,0.14385744725633454,0.7755269097954192,25,20,20
48,4735,0.04226781832068187,0.03834782462756415,0.14385582510828165,0.7755285319434724,25,20,20
48,4736,0.042267784669833094,0.03834782462731583,0.1437599905083743,0.7756244001944768,25,20,20
48,4737,0.042267784669833094,0.0383478246273201,0.14388939805887035,0.7754949926439764,25,20,20
48,4738,0.042267784667241355,0.03834782462732018,0.14388022645461254,0.7755041642508259,25,20,20
48,4739,0.042267784667241355,0.03834782462732018,0.143880308921425,0.7755040817840133,25,20,20
48,4740,0.04226778466723817,0.038347824627076345,0.14375081609813858,0.7756335746075469,25,20,20
48,4741,0.04226778466723498,0.03834782462707635,0.14374916806158708,0.7756352226441016,25,20,20
48,4742,0.04226778466982652,0.038347824641015577,0.14376137319977497,0.7756230174893828,25,20,20
48,4743,0.042267784661563584,0.03834782462991904,0.13558892088388622,0.783795469824631,25,20,20
48,4744,0.04226778466156358,0.03834782462991897,0.135588889860994,0.7837955008475233,25,20,20
48,4745,0.04335259396536755,0.038347824611414685,0.1345040822618115,0.7837954991614062,25,20,20
48,4746,0.04335261063398496,0.038347872835222105,0.1345040173353364,0.7837954991954558,25,20,20
48,4747,0.04335261063393989,0.03834782804788963,0.13404905266018566,0.7842505086579841,25,20,20
48,4748,0.04335261063393995,0.03834782804788971,0.13404913372934066,0.7842504275888289,25,20,20
48,4749,0.0433526107814759,0.03834782804789406,0.13416001789609502,0.7841395432745343,25,20,20
48,4750,0.043352610781479096,0.03834782804789399,0.13415344358094405,0.7841461175896823,25,20,20
48,4751,0.04335261078147905,0.03834782804789391,0.13415347697378965,0.7841460841968367,25,20,20
48,4752,0.04335261078152138,0.03834782804789396,0.13415782188033704,0.7841417392902471,25,20,20
48,4753,0.043352610781703514,0.03834782804789825,0.13416244665925806,0.7841371145111395,25,20,20
48,4754,0.0433526107817067,0.03834782804789825,0.13416716247709307,0.7841323986933014,25,20,20
48,4755,0.04335261078166117,0.0383478280476536,0.1341605710872297,0.784138990083455,25,20,20
48,4756,0.04335261078166117,0.0383478280476536,0.1341652709072707,0.7841342902634139,25,20,20
48,4757,0.0433526107342065,0.039999677282412466,0.1325134217252974,0.784134290258083,25,20,20
48,4758,0.04335261073420657,0.03999967729626283,0.13277616937637907,0.783871542593151,25,20,20
48,4759,0.0434782828389083,0.039999717074533904,0.13265035997320856,0.7838716401133484,25,20,20
48,4760,0.043478284154391235,0.039999669698800776,0.13265040206202103,0.7838716440847863,25,20,20
48,4761,0.04347828415439117,0.03999966968495041,0.1323831070512559,0.7841389391094018,25,20,20
48,4762,0.0434782841544331,0.03999966968495466,0.13275618816293827,0.7837658579976734,25,20,20
48,4763,0.0434782841544331,0.03999966968495466,0.13274958343829285,0.7837724627223188,25,20,20
48,4764,0.043478284151839144,0.039999669671015356,0.13286678322738416,0.7836552629497607,25,20,20
48,4765,0.043478284151839144,0.03999966967101529,0.132866702061011,0.7836553441161339,25,20,20
48,4766,0.04256158759222857,0.04000023423594678,0.13378280960885922,0.783655368562965,25,20,20
48,4767,0.042561587444693426,0.04000023423618702,0.1336786284872358,0.7837595498318832,25,20,20
48,4768,0.04256158744469582,0.04000023423643077,0.13380154518325227,0.7836366331356204,25,20,20
48,4769,0.042561587444696555,0.04000023423643496,0.1340823550372798,0.783355823281588,25,20,20
48,4770,0.07522509995096444,0.04000023754387739,0.10141882310466516,0.7833558394004926,25,20,20
48,4771,0.07601057169229732,0.039999683126939904,0.10063390561860258,0.7833558395621598,25,20,20
48,4772,0.0760105716923,0.03999968379753158,0.10688416800644981,0.7771055765037181,25,20,20
48,4773,0.07601057169225489,0.03999968379752732,0.10651105783293703,0.7774786866772803,25,20,20
48,4774,0.07601057169225411,0.03999968379752306,0.10624484034872723,0.7777449041614952,25,20,20
48,4775,0.0760105716922541,0.039999683797522986,0.1062447255362377,0.7777450189739848,25,20,20
48,4776,0.07601057169225729,0.039999683797522986,0.10633241491294607,0.7776573295972732,25,20,20
48,4777,0.07255911323231318,0.040068713231807704,0.10971493968442869,0.7776572338514498,25,20,20
48,4778,0.07255911323213425,0.04006871323180349,0.10971031835996788,0.7776618551760939,25,20,20
48,4779,0.07255911323213106,0.04006871323180349,0.10961804162498373,0.7777541319110811,25,20,20
48,4780,0.07256710493745251,0.040068702543393925,0.10580140573426171,0.7815627867848918,25,20,20
48,4781,0.07254576746180776,0.040068707869926695,0.10487711705715207,0.7825084076111133,25,20,20
48,4782,0.07254576746180802,0.040068165060052674,0.10487765986692998,0.7825084076112092,25,20,20
48,4783,0.07255197143980992,0.04007649309352983,0.10966312743440693,0.7777084080322533,25,20,20
48,4784,0.07255197143980723,0.04007649242293816,0.10341271317186763,0.783958822965387,25,20,20
48,4785,0.07255197143980802,0.04007649243675132,0.10378689310446003,0.7835846430189806,25,20,20
48,4786,0.07255197143980807,0.0400764924367514,0.10378851662982029,0.7835830194936203,25,20,20
48,4787,0.07255197143721313,0.040076492436751335,0.10377922971838371,0.7835923064076519,25,20,20
48,4788,0.07255197143721313,0.040076492436751335,0.10377934416759524,0.7835921919584407,25,20,20
48,4789,0.07255197143721315,0.040076492436751335,0.10377938413933861,0.7835921519866972,25,20,20
48,4790,0.07255197143721395,0.040076492436751335,0.10378004104853591,0.783591495077499,25,20,20
48,4791,0.07255197143721392,0.040076492436751335,0.1037799245868791,0.7835916115391558,25,20,20
48,4792,0.0725457665191421,0.04006815903145323,0.10383419478496321,0.7835518796644416,25,20,20
48,4793,0.07254576651914212,0.040068159031453304,0.10383430959745275,0.7835517648519519,25,20,20
48,4794,0.07254576651914212,0.040068159031453304,0.1038343081754093,0.7835517662739955,25,20,20
48,4795,0.07254576651914131,0.04006815903120872,0.10382760513027826,0.7835584693193718,25,20,20
48,4796,0.07254576651914052,0.04006815903120872,0.10369970434386365,0.7836863701057871,25,20,20
48,4797,0.07259987310052383,0.039999089379165416,0.10371466914208381,0.7836863683782274,25,20,20
48,4798,0.07259987310068503,0.0399990893915329,0.10823147280836361,0.7791695646994187,25,20,20
48,4799,0.07259987310068503,0.0399990893915329,0.10823155247189478,0.7791694850358875,25,20,20
48,4800,0.07259987310068504,0.03999908939177744,0.10823229195081334,0.7791687455567242,25,20,20
48,4801,0.07259987310068504,0.03999908939177743,0.10823218016572456,0.779168857341813,25,20,20
48,4802,0.0725998731009017,0.03996761799955021,0.10826365155227662,0.7791688573472715,25,20,20
48,4803,0.07259990682677402,0.03996761799979909,0.10827051837330744,0.7791619568001193,25,20,20
48,4804,0.07259990682677402,0.03996761799979909,0.10827040599222715,0.7791620691811993,25,20,20
48,4805,0.07259990682776625,0.039967590022990246,0.09297929372814322,0.7944532094211003,25,20,20
48,4806,0.07259990683812126,0.03996759002299446,0.09307152011677283,0.7943609830221113,25,20,20
48,4807,0.07259990683812133,0.03996759002299446,0.09307160053045488,0.7943609026084293,25,20,20
48,4808,0.07259990683830346,0.03996759002299882,0.09307179655780759,0.7943607065808901,25,20,20
48,4809,0.07259990683830346,0.0399675900229989,0.09307839932474037,0.7943541038139571,25,20,20
48,4810,0.07259987311261325,0.039967590022758605,0.09307813819758641,0.7943543986670416,25,20,20
48,4811,0.07259987311261323,0.03996759002275868,0.09307821351228113,0.7943543233523468,25,20,20
48,4812,0.07259987310230054,0.039967590022754476,0.09299263726259964,0.7944398996123452,25,20,20
48,4813,0.07259987310213616,0.039967590010386994,0.08847111636260935,0.7989614205248675,25,20,20
48,4814,0.07611435723854919,0.039967590474106425,0.08495650581821876,0.7989615464691256,25,20,20
48,4815,0.07611435723854999,0.03996759047410223,0.08482706376803095,0.7990909885193166,25,20,20
48,4816,0.07611435719688509,0.04053231603437138,0.08426233824495205,0.7990909885237915,25,20,20
48,4817,0.07616846687200812,0.04053230588643222,0.08420826332613544,0.7990909639154242,25,20,20
48,4818,0.07616846687200818,0.04053230588643229,0.08421285130429211,0.7990863759372671,25,20,20
48,4819,0.07616846688238949,0.040532305886436616,0.08384002746252035,0.7994591997686533,25,20,20
48,4820,0.07616846688238871,0.04053230587262346,0.08346584815900833,0.7998333790859795,25,20,20
48,4821,0.07616846688243427,0.04053230587286806,0.08347056779891285,0.7998286594457846,25,20,20
48,4822,0.07616846688243427,0.04053230587286798,0.08346407749383557,0.7998351497508621,25,20,20
48,4823,0.07616846688243427,0.04053230587286798,0.0834641919533015,0.7998350352913961,25,20,20
48,4824,0.07616846688243427,0.04053230587287231,0.08383721334735371,0.7994620138973393,25,20,20
48,4825,0.0761684668823888,0.04053230587287231,0.08383059459028956,0.7994686326544489,25,20,20
48,4826,0.07616846726969374,0.0641896595274276,0.060173229420833925,0.7994686437820444,25,20,20
48,4827,0.07616846726968722,0.06418965952718655,0.06643758060807343,0.7932042925950523,25,20,20
48,4828,0.07616846726968722,0.06418965952718664,0.06644407090305306,0.7931978023000726,25,20,20
48,4829,0.07616846726968722,0.06418965952694208,0.06644179305750711,0.7932000801458632,25,20,20
48,4830,0.07616846726968717,0.06418965952694201,0.06643717165196537,0.7932047015514051,25,20,20
48,4831,0.07616846726709267,0.06418965953702545,0.07748832823668898,0.7821535449591924,25,20,20
48,4832,0.07118006365651448,0.0647113285892895,0.08195429034735038,0.7821543174068456,25,20,20
48,4833,0.07118006365651387,0.06471132857919748,0.07089644620606698,0.7932121615582213,25,20,20
48,4834,0.07118006365651387,0.06471132857919748,0.07089636447239464,0.7932122432918937,25,20,20
48,4835,0.07118006365651387,0.06471132857919748,0.07089628342145769,0.7932123243428306,25,20,20
48,4836,0.06950881279847505,0.06471136559846713,0.07256246560448472,0.7932173559985727,25,20,20
48,4837,0.06950881279847505,0.06471136559846714,0.07256243225525166,0.7932173893478058,25,20,20
48,4838,0.06950881279829293,0.06471136559845864,0.07255590705644804,0.7932239145468002,25,20,20
48,4839,0.06950881279829296,0.06471136559845872,0.07255597206185742,0.7932238495413907,25,20,20
48,4840,0.06950881279829296,0.06471136559845872,0.07255593923722198,0.7932238823660263,25,20,20
48,4841,0.07073175549654837,0.06471132925572882,0.07133797184434085,0.7932189434033817,25,20,20
48,4842,0.07073175549650935,0.06471132925572949,0.06507348925728901,0.799483425990472,25,20,20
48,4843,0.0707317554965093,0.06471132925572518,0.06470049979594794,0.7998564154518175,25,20,20
48,4844,0.0707317554965093,0.06471132925572518,0.0647003873341827,0.7998565279135826,25,20,20
48,4845,0.0707317554965101,0.06471132925572526,0.06470201099733017,0.7998549042504344,25,20,20
48,4846,0.07073175548871508,0.06471132925596057,0.06483201031879762,0.7997249049365266,25,20,20
48,4847,0.07073175548871583,0.06471132925596057,0.06483391338037192,0.7997230018749515,25,20,20
48,4848,0.07073175548871583,0.06471132925596057,0.06483388138787463,0.7997230338674488,25,20,20
48,4849,0.07073175548871587,0.0647113292559605,0.06483384481485417,0.7997230704404694,25,20,20
48,4850,0.07073175548871746,0.0647113292559605,0.06483860756635522,0.7997183076889668,25,20,20
48,4851,0.07073175549129572,0.06471132925596895,0.06510487104779435,0.7994520442049411,25,20,20
48,4852,0.08305079552560107,0.06418965604797804,0.05330829682264027,0.7994512516037807,25,20,20
48,4853,0.08305079552560107,0.06418965604797804,0.053309837201224494,0.7994497112251965,25,20,20
48,4854,0.0794857841130389,0.06418965559276946,0.05687497261640309,0.7994495876777886,25,20,20
48,4855,0.07948578411304126,0.06418965559277788,0.05724800873578315,0.7990765515583975,25,20,20
48,4856,0.0794857841130412,0.06418965559277781,0.05724804211985004,0.7990765181743308,25,20,20
48,4857,0.07948578411285909,0.06418965559277344,0.05724795836597171,0.7990766019283956,25,20,20
48,4858,0.07948578411028402,0.0641896555927649,0.056981721443005985,0.799342838853945,25,20,20
48,4859,0.03997269611003956,0.06419039851804013,0.09628875451279463,0.7995481508591255,25,20,20
48,4860,0.0399726961100395,0.06419039851804013,0.09628872463950802,0.7995481807324122,25,20,20
48,4861,0.04354970002701907,0.0641903985252668,0.09271172315558368,0.7995481782921303,25,20,20
48,4862,0.04354970002702194,0.0641903985252705,0.09737081920711523,0.7948890822405926,25,20,20
48,4863,0.04354970002680528,0.06422186992592088,0.09733934781223579,0.7948890822350383,25,20,20
48,4864,0.04354970002680527,0.06422186992592088,0.09733923286454034,0.7948891971827337,25,20,20
48,4865,0.04354970002680846,0.06422186992592097,0.0973393424260868,0.7948890876211838,25,20,20
48,4866,0.04354970002680852,0.0642218699259209,0.0973392299840578,0.7948892000632128,25,20,20
48,4867,0.043549700026809315,0.0642218699259252,0.09733425079335266,0.7948941792539129,25,20,20
48,4868,0.04354970002681215,0.06422186993601392,0.10839269548225157,0.7838357345549224,25,20,20
48,4869,0.04354970002680896,0.06422186993601392,0.10839269532754585,0.7838357347096313,25,20,20
48,4870,0.04354970002699028,0.06422186993601814,0.10839577748414943,0.7838326525528422,25,20,20
48,4871,0.04354970002698745,0.06422186992592947,0.09733741245394573,0.7948910175931373,25,20,20
48,4872,0.04354969959983394,0.07996058710785713,0.08159870651459823,0.7948910067777105,25,20,20
48,4873,0.04354969959983394,0.07996058710785713,0.08159859759727338,0.7948911156950353,25,20,20
48,4874,0.04354969959983112,0.07996058710785334,0.07693945845503858,0.7995502548372765,25,20,20
48,4875,0.04354969959983107,0.07996058710785342,0.07694602325643507,0.7995436900358801,25,20,20
48,4876,0.04354969959983107,0.07996058710785342,0.07694598214397483,0.7995437311483404,25,20,20
48,4877,0.04002569397826768,0.07996058709181042,0.08046998538793457,0.7995437335419866,25,20,20
48,4878,0.04002569397826763,0.07996058709181042,0.08047650707362906,0.7995372118562922,25,20,20
48,4879,0.04002569397826763,0.07996058709181035,0.08047005671788397,0.7995436622120374,25,20,20
48,4880,0.04002569397808556,0.07996058709180613,0.08047005275007518,0.7995436661800326,25,20,20
48,4881,0.04002569397808402,0.07996058709181042,0.0804654104533313,0.7995483084767737,25,20,20
48,4882,0.04002569397549698,0.07996058709181111,0.08033996630302077,0.7996737526296707,25,20,20
48,4883,0.04002570237947368,0.07996058710570693,0.08047726074276505,0.7995364497720538,25,20,20
48,4884,0.04002570237947368,0.07996058710594722,0.08047735858636425,0.7995363519282144,25,20,20
48,4885,0.04002570237947049,0.07996058710594714,0.08047732812705412,0.7995363823875278,25,20,20
48,4886,0.040025702379469695,0.07996058710570257,0.08047062509219449,0.7995430854226327,25,20,20
48,4887,0.040025702379469695,0.07996058710570257,0.08047062510229289,0.7995430854125344,25,20,20
48,4888,0.040025702379469695,0.07996058710570257,0.08047054463704192,0.7995431658777854,25,20,20
48,4889,0.0400257023820648,0.07996058710570686,0.08047708177852496,0.7995366287337029,25,20,20
48,4890,0.040025702382064814,0.07996058710570686,0.08047711719934306,0.7995365933128852,25,20,20
48,4891,0.040025702382064016,0.07996058710570679,0.08047491830689245,0.7995387922053365,25,20,20
48,4892,0.04002570238206756,0.07996004133347208,0.08047546407902782,0.7995387922054323,25,20,20
48,4893,0.03995537020787862,0.07996004133346939,0.08054579864225886,0.7995387898163926,25,20,20
48,4894,0.03995537020805955,0.07996004133346946,0.08081299789720665,0.7992715905612642,25,20,20
48,4895,0.039955370208060295,0.07996004133322915,0.08081476893395005,0.7992698195247603,25,20,20
48,4896,0.0399553702080595,0.07996004133322486,0.08081974812449828,0.7992648403342172,25,20,20
48,4897,0.039955370208062745,0.07996004133322486,0.08082994924802016,0.799254639210692,25,20,20
48,4898,0.03995537021046807,0.07996004133322479,0.08070619425153418,0.7993783942047727,25,20,20
48,4899,0.03995536180908644,0.07996004131957363,0.0805762343352958,0.7995083625360436,25,20,20
48,4900,0.03995551617661723,0.0799600413240598,0.08057607878762002,0.7995083637117024,25,20,20
48,4901,0.03995551617661723,0.0799600413240598,0.0805760795738476,0.7995083629254748,25,20,20
48,4902,0.039955516176617224,0.0799600413240598,0.08057611494521166,0.7995083275541107,25,20,20
48,4903,0.03995551617661717,0.07996004132405558,0.08057610977579177,0.799508332723535,25,20,20
48,4904,0.03995551617661717,0.07996004132405136,0.08056962035643206,0.7995148221428989,25,20,20
48,4905,0.03947649937675781,0.07995930008967943,0.0812542310097632,0.7993099695237995,25,20,20
48,4906,0.03674294007915813,0.07995931188607312,0.08393955367808195,0.7993581943566871,25,20,20
48,4907,0.07069742178137704,0.07995931188161019,0.04998507319951111,0.7993581931375013,25,20,20
48,4908,0.070697421781377,0.07995931188161012,0.04998048779300429,0.7993627785440084,25,20,20
48,4909,0.0767404338116458,0.07995931188161624,0.04393747576246007,0.7993627785442776,25,20,20
48,4910,0.07674046221904252,0.07995931255116273,0.05023422151152606,0.7930660037182686,25,20,20
48,4911,0.07674046236642114,0.07995931256529624,0.05038859092727008,0.7929116341410123,25,20,20
48,4912,0.07674043395902441,0.07995931189574974,0.044091845178204095,0.7992084089670216,25,20,20
48,4913,0.07674043395903231,0.06452233739982353,0.05952881947959788,0.799208409161546,25,20,20
48,4914,0.07674043395644611,0.06452233739982353,0.05938540223862992,0.7993518264051,25,20,20
48,4915,0.0767404339564493,0.06452233739982347,0.05938050849332111,0.7993567201504058,25,20,20
48,4916,0.07674043395644926,0.06452233739982347,0.05938045539099017,0.7993567732527369,25,20,20
48,4917,0.0767404339564493,0.06452233739982347,0.05938056503857725,0.7993566636051499,25,20,20
48,4918,0.07674043395645005,0.06452233739982347,0.05938284967786843,0.7993543789658578,25,20,20
48,4919,0.07674043395645,0.06452233739982347,0.05937270411570722,0.7993645245280192,25,20,20
48,4920,0.07674043396828117,0.07824133772169381,0.04565370367329836,0.7993645246367265,25,20,20
48,4921,0.07674043396828117,0.0782413377216939,0.04565378615138352,0.7993644421586414,25,20,20
48,4922,0.07674043396828095,0.052456866920581754,0.07143825726910466,0.7993644418420324,25,20,20
48,4923,0.04038300618697128,0.05245686739196283,0.10779568237115841,0.7993644440499077,25,20,20
48,4924,0.04038300618696813,0.05245686739171901,0.10766616205268949,0.7994939643686234,25,20,20
48,4925,0.04038300618714824,0.05245686817787193,0.10810057555236359,0.7990595500826163,25,20,20
48,4926,0.04038300618714824,0.052456868177871936,0.1081005375869089,0.799059588048071,25,20,20
48,4927,0.04038300618455632,0.05245686817786772,0.10809404848519172,0.7990660771523843,25,20,20
48,4928,0.04038300618455312,0.052456868177867794,0.10836021692888441,0.7987999087086948,25,20,20
48,4929,0.03674884103680829,0.0733033743294485,0.09114733202968467,0.7988004526040586,25,20,20
48,4930,0.036748841034213296,0.07330337432920392,0.09114008069793622,0.7988077039386468,25,20,20
48,4931,0.036748840886834694,0.07330337431507043,0.09099029665710189,0.7989574881409932,25,20,20
48,4932,0.036748840886834694,0.07330337431507035,0.09099491708750111,0.798952867710594,25,20,20
48,4933,0.03674884087584496,0.07414796463163496,0.09015030941401499,0.798952885078505,25,20,20
48,4934,0.039672461527084805,0.07414798418255392,0.08722702742305981,0.7989525268673016,25,20,20
48,4935,0.039672461527084805,0.07414798418255392,0.0872223256115359,0.7989572286788253,25,20,20
48,4936,0.03967246153646502,0.07414798475702257,0.09831058366186823,0.7878689700446442,25,20,20
48,4937,0.039666405889657703,0.09330013854870241,0.07916503162040822,0.7878684239412311,25,20,20
48,4938,0.0396664058896553,0.0933001385487067,0.07925562862972108,0.7877778269319164,25,20,20
48,4939,0.0396664058896553,0.09330013854870663,0.07925551275869784,0.7877779428029398,25,20,20
48,4940,0.036800304711422004,0.09330011773718025,0.08212161898115761,0.7877779585702398,25,20,20
48,4941,0.03680030471058771,0.09375199096595982,0.08166976342435628,0.7877779408990959,25,20,20
48,4942,0.03680030471057628,0.09372144939720789,0.08170030498766102,0.7877779409045544,25,20,20
48,4943,0.03680030490861024,0.06498369604488084,0.11043805814751044,0.7877779408989989,25,20,20
48,4944,0.0368003049086103,0.0649836960448807,0.11017180771950487,0.7880441913270043,25,20,20
48,4945,0.0368003049086071,0.06498369604488077,0.11017179211770993,0.7880442069288026,25,20,20
48,4946,0.036800304908607064,0.0649836960451246,0.11030123333974913,0.7879147657065195,25,20,20
48,4947,0.036800304908606314,0.06498369604512462,0.110300461936237,0.7879155371100325,25,20,20
48,4948,0.036800304908606266,0.06498369604512462,0.11030057298580384,0.7879154260604655,25,20,20
48,4949,0.03680030490860317,0.06498369604512039,0.10992908116953312,0.7882869178767434,25,20,20
48,4950,0.036800304908606286,0.06498369604512032,0.10992916122085546,0.7882868378254179,25,20,20
48,4951,0.03680030490860941,0.06498369604511604,0.10992770080123247,0.7882882982450421,25,20,20
48,4952,0.03680030490861261,0.06498369604511611,0.10992768940832517,0.7882883096379463,25,20,20
48,4953,0.036800304908612774,0.09080641732307795,0.08410496813039606,0.7882883096379133,25,20,20
48,4954,0.036800304908612774,0.09080641732307786,0.08410504259560955,0.7882882351727,25,20,20
48,4955,0.03680030490861276,0.09080641732283402,0.08397552146345838,0.788417756305095,25,20,20
48,4956,0.03680030490861356,0.09080641732283831,0.08397409589792348,0.7884191818706248,25,20,20
48,4957,0.03680030490861042,0.09080641732283824,0.08397403538398178,0.7884192423845697,25,20,20
48,4958,0.036800304710587886,0.11954443108639977,0.05523602181834561,0.7884192423846667,25,20,20
48,4959,0.036800304711436936,0.11994407917482293,0.054836373729072456,0.7884192423846677,25,20,20
48,4960,0.036800304711436936,0.11994407917482723,0.05484107785589025,0.7884145382578456,25,20,20
48,4961,0.036800304711436936,0.11994407917482733,0.06881094505406997,0.7744446710596656,25,20,20
48,4962,0.06587845013686372,0.11994407880953487,0.03973291663353276,0.7744445544200685,25,20,20
48,4963,0.06587845013686298,0.1199440788095391,0.039737502871333985,0.7744399681822639,25,20,20
48,4964,0.065878450136863,0.1199440788095391,0.039737477479448294,0.7744399935741495,25,20,20
48,4965,0.06587845013686619,0.1199440788095391,0.039739185906472844,0.7744382851471218,25,20,20
48,4966,0.06587847939243158,0.119944078821852,0.04443844045929778,0.7697390013264183,25,20,20
48,4967,0.06587847939156387,0.09414375691810553,0.07023876236397467,0.7697390013263553,25,20,20
48,4968,0.06587847939156387,0.09414375691810563,0.07023887621827159,0.7697388874720584,25,20,20
48,4969,0.06587847939156387,0.0941437569181057,0.07023887688637744,0.7697388868039526,25,20,20
48,4970,0.0658784793821869,0.09414375634363703,0.05915734772119623,0.7808204165529793,25,20,20
48,4971,0.07074164460888838,0.09414375627857817,0.05429418286973437,0.7808204162427985,25,20,20
48,4972,0.07673464507178648,0.09414375628017276,0.04830118239751274,0.7808204162505276,25,20,20
48,4973,0.0767346456586894,0.09414375706839918,0.04853874955592009,0.7805828477169909,25,20,20
48,4974,0.07673464565868934,0.09414375706839918,0.04853724312805593,0.7805843541448552,25,20,20
48,4975,0.07673464566128073,0.09414375706839932,0.0485445202634386,0.780577077006881,25,20,20
48,4976,0.07673464566128464,0.09414375708224236,0.048832936749796524,0.7802886605066761,25,20,20
48,4977,0.07673464566128457,0.09414375708223806,0.04882823369721473,0.7802933635592622,25,20,20
48,4978,0.07673464566128463,0.09414375708223806,0.048828120661678354,0.7802934765947986,25,20,20
48,4979,0.07673464566126947,0.0924569006103037,0.05051497713372375,0.7802934765947027,25,20,20
48,4980,0.07673464566126947,0.09245690061030362,0.05050837492811434,0.7803000788003122,25,20,20
48,4981,0.07673464565871994,0.09245690061054582,0.05086748843480959,0.7799409652959243,25,20,20
48,4982,0.07673464565872308,0.09245690061054583,0.050867525488960716,0.77994092824177,25,20,20
48,4983,0.07673464565872389,0.0924569006105459,0.05086760668702442,0.7799408470437055,25,20,20
48,4984,0.07673464565872708,0.0924569006105459,0.05086767272721051,0.7799407810035162,25,20,20
48,4985,0.07602234749264361,0.09245688813765879,0.0516283008853308,0.7798924634843664,25,20,20
48,4986,0.07602234786724775,0.07370097532532323,0.07038421315473617,0.7798924636526923,25,20,20
48,4987,0.07602234786724696,0.07370097532531887,0.07038409628211718,0.7798925805253164,25,20,20
48,4988,0.0789207296973859,0.07370101530436027,0.06748557669002199,0.7798926783082315,25,20,20
48,4989,0.07892072969738669,0.07370101530436035,0.06748748024839514,0.7798907747498578,25,20,20
48,4990,0.07892072969738279,0.07370101529052159,0.06720368539750311,0.7801745696145924,25,20,20
48,4991,0.07892072969738273,0.07370101529051731,0.0671989812701858,0.7801792737419142,25,20,20
48,4992,0.07892072969737954,0.07370101529051731,0.06719731079843917,0.7801809442136638,25,20,20
48,4993,0.07892072969738194,0.07370101529051738,0.06719085335547229,0.7801874016566284,25,20,20
48,4994,0.07892072969733682,0.07370101529027503,0.06681781431790582,0.7805604406944822,25,20,20
48,4995,0.07892072969733442,0.07370101529027503,0.06683178041364311,0.7805464745987473,25,20,20
48,4996,0.07892072969733763,0.07370101529027505,0.06683178579481636,0.780546469217571,25,20,20
48,4997,0.07892072969733768,0.07370101529027076,0.0668317851426698,0.7805464698697219,25,20,20
48,4998,0.07892072969733688,0.07370101529027076,0.06681778054589627,0.7805604744664961,25,20,20
48,4999,0.07892072969733688,0.07370101529027076,0.06681778057032856,0.780560474442064,25,20,20
48,5000,0.07892677823418694,0.07370101528867617,0.06681173204280208,0.7805604744343347,25,20,20
48,5001,0.0433055443782032,0.07401798219394977,0.10211608861966419,0.7805603848081827,25,20,20
48,5002,0.04330554437820399,0.07401798219419284,0.10238232666287925,0.7802941467647238,25,20,20
48,5003,0.040000026208029074,0.07370097536952087,0.10600485981637268,0.7802941386060773,25,20,20
48,5004,0.04000002620802588,0.07370097536952096,0.10600487578034397,0.7802941226421092,25,20,20
48,5005,0.04000002620815711,0.07370097536970371,0.11661351225884227,0.769685486163297,25,20,20
48,5006,0.03999999091279664,0.07370097975195355,0.11661354281178267,0.7696854865234671,25,20,20
48,5007,0.039999990912796685,0.07370097975195362,0.11661350941872009,0.7696855199165296,25,20,20
48,5008,0.03999999091297808,0.07370097975171493,0.11635186227383013,0.7699471670614768,25,20,20
48,5009,0.0399999909129749,0.07370097975171501,0.11635181957432485,0.7699472097609851,25,20,20
48,5010,0.0399999903260712,0.07370097896348432,0.11602194300019032,0.770277087710254,25,20,20
48,5011,0.03999998990833075,0.0737081089813581,0.11601481376525191,0.7702770873450591,25,20,20
48,5012,0.03999998990833075,0.0737081089813581,0.11601469873159602,0.7702772023787148,25,20,20
48,5013,0.03999996065281094,0.07370810896928975,0.11132214617741104,0.774969784200488,25,20,20
48,5014,0.03999996065281088,0.07370810896928975,0.1113174446657537,0.7749744857121454,25,20,20
48,5015,0.03999996065281088,0.07370810896929406,0.11132214879257152,0.7749697815853235,25,20,20
48,5016,0.040008288551501216,0.07370097451790308,0.11132095419349185,0.7749697827371036,25,20,20
48,5017,0.040008288551502014,0.07370097451814767,0.11132578826836292,0.7749649486619872,25,20,20
48,5018,0.040008288551502486,0.07541131162403583,0.10961545116237832,0.7749649486620831,25,20,20
48,5019,0.04000828855409787,0.07541131162403591,0.10961777073715709,0.7749626290847088,25,20,20
48,5020,0.04000828855396424,0.0754113116238573,0.09901559119193026,0.7855648086302477,25,20,20
48,5021,0.040008288551368905,0.0754113116238573,0.09938629221318558,0.7851941076115878,25,20,20
48,5022,0.040008288551368905,0.075411311623853,0.09938159009275603,0.7851988097320217,25,20,20
48,5023,0.040008288551191935,0.07541131083770022,0.09894726488276313,0.7856331357283445,25,20,20
48,5024,0.04000828855119193,0.07541131083770022,0.09895374852798705,0.7856266520831205,25,20,20
48,5025,0.04000828855119193,0.07541131083770015,0.09895371571847975,0.7856266848926281,25,20,20
48,5026,0.04000828855119193,0.07541131083770428,0.09884694529983777,0.7857334553112659,25,20,20
48,5027,0.040008288551191463,0.07541831401959902,0.0988399421179435,0.7857334553112659,25,20,20
48,5028,0.04000828855114905,0.07541831401935452,0.0990995704647196,0.7854738269647767,25,20,20
48,5029,0.040008288551145854,0.07541831401935445,0.09910418778094471,0.7854692096485549,25,20,20
48,5030,0.040008288551145854,0.07541831401935445,0.09910418779124054,0.785469209638259,25,20,20
48,5031,0.04000828855116103,0.10121023832652278,0.07331226347853544,0.7854692096437808,25,20,20
48,5032,0.040008289138064736,0.10121023911475348,0.0736420242060241,0.7851394475411578,25,20,20
48,5033,0.04358863423317344,0.10121023911442995,0.07006168026305339,0.7851394463893429,25,20,20
48,5034,0.04358863423576855,0.1012102391144343,0.07006833555606828,0.7851327910937286,25,20,20
48,5035,0.04358863423576935,0.1012102391144386,0.07006847850997759,0.7851326481398142,25,20,20
48,5036,0.04358863364886644,0.10121023832645257,0.06974334547715469,0.7854577825475261,25,20,20
48,5037,0.04358863364886564,0.10121023832644827,0.0697432276105575,0.7854579004141283,25,20,20
48,5038,0.0435886336488656,0.1012102383264525,0.06974975102533572,0.785451376999346,25,20,20
48,5039,0.043588633648865595,0.1012102383264525,0.06974516363859093,0.7854559643860907,25,20,20
48,5040,0.04358863364886566,0.1012102383264525,0.06974527126969138,0.7854558567549903,25,20,20
48,5041,0.04358863364901934,0.10121023833822117,0.07599486946591685,0.7792062585468424,25,20,20
48,5042,0.04358863364642504,0.10121023833821681,0.07636213385362242,0.7788389941617356,25,20,20
48,5043,0.04358863364642498,0.10121023833821688,0.07636214006806179,0.7788389879472963,25,20,20
48,5044,0.043588633646425005,0.10121023833821681,0.07609745670044038,0.7791036713149176,25,20,20
48,5045,0.04358863364642506,0.10121023833846086,0.07618967213964666,0.7790114558754673,25,20,20
48,5046,0.043588633646421876,0.10121023833846086,0.07618802610972715,0.77901310190539,25,20,20
48,5047,0.04358863364658343,0.10121023833846463,0.06673941144302765,0.7884617165719243,25,20,20
48,5048,0.04358863364658343,0.10121023833846886,0.0667440438658464,0.7884570841491012,25,20,20
48,5049,0.043588633646765566,0.10121023833871354,0.06674566863820305,0.7884554593763178,25,20,20
48,5050,0.04358863364676797,0.10121023833846911,0.06674094479251198,0.7884601832222509,25,20,20
48,5051,0.04358863364676796,0.10121023834831401,0.077706574001903,0.7774945540030148,25,20,20
48,5052,0.04358863364676476,0.10121023834831401,0.0777065246281861,0.7774946033767349,25,20,20
48,5053,0.04358863364676747,0.10121023901890569,0.08395691438907887,0.7712442129452479,25,20,20
48,5054,0.04358863327216312,0.11824862763334919,0.06691852631756538,0.7712442127769221,25,20,20
48,5055,0.04358863327216632,0.11824862763334919,0.06691662507838014,0.7712461140161041,25,20,20
48,5056,0.04358863327216361,0.11824862696275751,0.061039312092089876,0.7771234276729889,25,20,20
48,5057,0.04358863327216439,0.11824862696275323,0.061034985868058514,0.7771277538970237,25,20,20
48,5058,0.043588633272164376,0.11824862696275323,0.061034947328456435,0.7771277924366258,25,20,20
48,5059,0.043588633284704074,0.11824884873819767,0.0975946449854595,0.7405678729916384,25,20,20
48,5060,0.043588633284748816,0.11824884873819767,0.09760637128653242,0.7405561466905207,25,20,20
48,5061,0.04358863328474802,0.118248848737953,0.09760171159936937,0.7405608063779292,25,20,20
48,5062,0.04358863328474806,0.118248848737953,0.09760650587744245,0.7405560120998561,25,20,20
48,5063,0.043588633284884215,0.118248848737953,0.09769032201445443,0.740472195962708,25,20,20
48,5064,0.0435886332847021,0.11824884873770847,0.09769020637735347,0.7404723116002354,25,20,20
48,5065,0.04358863328474444,0.118248848737953,0.09768879235309584,0.7404737256242062,25,20,20
48,5066,0.04358863328474363,0.11824884873795292,0.09768871060398392,0.7404738073733189,25,20,20
48,5067,0.04007680374145245,0.11825066015830087,0.07315637550473135,0.7685161605955149,25,20,20
48,5068,0.04007680374145246,0.11825066014821191,0.062098453200782756,0.7795740829095525,25,20,20
48,5069,0.03999995988180842,0.11824884871971063,0.05021951873113753,0.7915316726673431,25,20,20
48,5070,0.03999995988180842,0.11824884871971061,0.050219517298996326,0.7915316740994843,25,20,20
48,5071,0.039999959881809224,0.1182488487197107,0.05022612233371268,0.7915250690647672,25,20,20
48,5072,0.03999995988180843,0.11824884871970648,0.05021959888995342,0.7915315925085313,25,20,20
48,5073,0.039999959884403774,0.11824884871970655,0.05022191871602904,0.7915292726798603,25,20,20
48,5074,0.03999996002972912,0.11824884871995535,0.050226430704262894,0.7915247605460523,25,20,20
48,5075,0.03999996002973232,0.11824884951286116,0.04994791011982858,0.7918032803375777,25,20,20
48,5076,0.03999996002973307,0.11824884951286116,0.04994322878540773,0.7918079616719977,25,20,20
48,5077,0.03999996002973312,0.11824884951286123,0.04994325865724245,0.791807931800163,25,20,20
48,5078,0.03999996002972993,0.11824884951286109,0.0499431470062164,0.7918080434511923,25,20,20
48,5079,0.03999996002972993,0.11824884951286116,0.04994776637227874,0.7918034240851299,25,20,20
48,5080,0.03999996082966742,0.11824887650640305,0.05338311189118966,0.7883680507727395,25,20,20
48,5081,0.03999996082966421,0.11824887571349724,0.053288643110161675,0.7884625203466764,25,20,20
48,5082,0.039999960832258645,0.11824887571374612,0.05329336400664274,0.7884577994473522,25,20,20
48,5083,0.0399999608324755,0.1182167057627761,0.05332553395739596,0.7884577994473522,25,20,20
48,5084,0.03999996083247556,0.11821670576277611,0.05332561784668186,0.7884577155580661,25,20,20
48,5085,0.039999960832297836,0.11821670576278046,0.053407318504707015,0.7883760149002143,25,20,20
48,5086,0.0399999823763568,0.11821670627036944,0.06785182384060566,0.7739314875126678,25,20,20
48,5087,0.03999998238076782,0.0929509954343994,0.09311752803242002,0.7739314941524121,25,20,20
48,5088,0.039999982798979074,0.09295099543440237,0.10484484615186455,0.7622041756147538,25,20,20
48,5089,0.039999982798979025,0.09295099543439818,0.10457859593933225,0.7624704258272904,25,20,20
48,5090,0.039999982798979025,0.09295099543439818,0.10457848205545398,0.7624705397111687,25,20,20
48,5091,0.039999982798979025,0.09295099543439811,0.10457844726877624,0.7624705744978465,25,20,20
48,5092,0.03999998279897896,0.09295099543439811,0.1045783667642808,0.762470655002342,25,20,20
48,5093,0.039999982798978956,0.09295099543439804,0.10457828228795356,0.7624707394786694,25,20,20
48,5094,0.039999982798978956,0.09295099543439804,0.10457836333889045,0.7624706584277322,25,20,20
48,5095,0.03999998199924132,0.09295074667929086,0.06475114928671834,0.8022981220347493,25,20,20
48,5096,0.03999998199924212,0.092950746679291,0.06475585134392123,0.8022934199775453,25,20,20
48,5097,0.03999998199924212,0.09295074667929093,0.06475585075688269,0.802293420564584,25,20,20
48,5098,0.03999998199924132,0.09295074667929086,0.06475775287853773,0.8022915184429297,25,20,20
48,5099,0.03999996045258712,0.09295074617145298,0.050308411669754444,0.8167408817062051,25,20,20
48,5100,0.03999996044797441,0.11824842430006197,0.025010740185502693,0.8167408750664608,25,20,20
48,5101,0.03999996044797441,0.11824842430006197,0.025015327562169728,0.8167362876897937,25,20,20
48,5102,0.03999996045833331,0.11824842430006616,0.025103388657889004,0.8166482265837114,25,20,20
48,5103,0.039999960458318023,0.11827958248236428,0.02507223048116068,0.8166482265781569,25,20,20
48,5104,0.03999996045831808,0.11827958248236442,0.02507875422493095,0.8166417028343865,25,20,20
48,5105,0.03999996045831804,0.11827958248236442,0.025078929294384388,0.8166415277649332,25,20,20
48,5106,0.03999996045850016,0.11827958248236879,0.025078977157526924,0.816641479901604,25,20,20
48,5107,0.03999996045834647,0.11827958247060019,0.018835981752733225,0.8228844753183202,25,20,20
48,5108,0.039999960447987565,0.11827958247059593,0.01874641294890714,0.8229740441325094,25,20,20
48,5109,0.039999960447986774,0.11827958247059593,0.01837252865445213,0.8233479284269656,25,20,20
48,5110,0.03999996044797181,0.11825795479289365,0.018394156332266848,0.8233479284268681,25,20,20
48,5111,0.003017623890802409,0.11825921853635757,0.05504343428672739,0.8236797232861126,25,20,20
48,5112,0.003017623890802423,0.11825921853635764,0.05504354816363738,0.8236796094092024,25,20,20
48,5113,0.003017623472591165,0.11825921853635463,0.04331813298480443,0.8354050250062496,25,20,20
48,5114,0.0030176234725911638,0.11825921853635463,0.04331805110367798,0.8354051068873761,25,20,20
48,5115,0.00301762347259115,0.11825921853635463,0.04331801567258678,0.8354051423184673,25,20,20
48,5116,0.003017623473458817,0.11822912289659643,0.04334811131138154,0.8354051423185631,25,20,20
48,5117,0.0030176234734620123,0.11822912289684102,0.043348140103524904,0.835405113526172,25,20,20
48,5118,0.0030176234605402675,0.11822912288295749,0.04317560761962258,0.8355776460368796,25,20,20
48,5119,0.0030176234605402683,0.11822912288295749,0.04316908392148516,0.8355841697350169,25,20,20
48,5120,0.0030176233126195263,0.11822912288270862,0.04316233115399082,0.835590922650681,25,20,20
48,5121,0.0030176233126227216,0.11822912288270876,0.043162447883209276,0.8355908059214592,25,20,20
48,5122,0.0030176233117702677,0.11822651519166293,0.04316505557510753,0.8355908059214592,25,20,20
48,5123,0.0030176233117702672,0.11822651519166293,0.04316505558540333,0.8355908059111634,25,20,20
48,5124,0.0030176233117702117,0.11822651519166294,0.04316972697105254,0.8355861345255141,25,20,20
48,5125,0.0030176233116086686,0.11822651519165907,0.0386485909114816,0.8401072705852505,25,20,20
48,5126,0.003017623311611864,0.11822651519166329,0.03864408634799672,0.840111775148728,25,20,20
48,5127,0.0030176233116118627,0.11822651519166336,0.03864408693503526,0.8401117745616894,25,20,20
48,5128,0.00301762331161185,0.11822651519166336,0.03864401042446499,0.8401118510722597,25,20,20
48,5129,0.0030176233116118523,0.11822651519166336,0.03864393232030322,0.8401119291764213,25,20,20
48,5130,0.003017623311596753,0.09243613603300085,0.06443431147904394,0.8401119291763586,25,20,20
48,5131,0.015397438133606197,0.09243532622951191,0.0522659040658708,0.8399013315710113,25,20,20
48,5132,0.01539743813360541,0.09243532622951191,0.052261576799317776,0.8399056588375651,25,20,20
48,5133,0.015397438133559935,0.09243532622926731,0.05226308558231028,0.8399041500548624,25,20,20
48,5134,0.015397438133559893,0.0924353262292716,0.05225848454301496,0.8399087510941535,25,20,20
48,5135,0.015397438133559935,0.0924353262292716,0.05225851178406646,0.839908723853102,25,20,20
48,5136,0.015397438133559949,0.09243532622927168,0.05225859353488804,0.8399086421022804,25,20,20
48,5137,0.015397438133556771,0.09243532622927171,0.05207926811730618,0.8400879675198655,25,20,20
48,5138,0.015397438133555975,0.09243532622927164,0.05208377430625474,0.8400834613309178,25,20,20
48,5139,0.015397438133555931,0.09243532622927572,0.05245027340679135,0.8397169622303771,25,20,20
48,5140,0.015397438133555975,0.0924353262292715,0.05208187299631709,0.8400853626408556,25,20,20
48,5141,0.015397438133555976,0.0924353262292715,0.05208183189415269,0.8400854037430201,25,20,20
48,5142,0.0008990783309871241,0.09243489667555524,0.0663244160266749,0.8403416089667829,25,20,20
48,5143,0.0008990783309871108,0.09243489667555524,0.06632418744417821,0.8403418375492795,25,20,20
48,5144,0.0008990783422896289,0.09067623848640949,0.06808284562193237,0.8403418375493685,25,20,20
48,5145,0.0008990783422864343,0.09067623848616484,0.06807621315007895,0.8403484700214697,25,20,20
48,5146,0.0008990783423319615,0.09067623848616053,0.06807824363902312,0.8403464395324843,25,20,20
48,5147,0.0008990783421498384,0.09067623848615616,0.06807349453994431,0.8403511886317497,25,20,20
48,5148,0.0008990783423351321,0.09067623848615187,0.06808002676645236,0.8403446564050607,25,20,20
48,5149,0.0008990783423352812,0.116476950620619,0.0422793146264623,0.8403446564105834,25,20,20
48,5150,0.0008990783423651637,0.11607708668091474,0.04267917856604018,0.84034465641068,25,20,20
48,5151,0.0008990783423651635,0.11607708668091903,0.04267905271165623,0.8403447822650595,25,20,20
48,5152,0.0008990783421798558,0.11607708668091903,0.04267232324050684,0.8403515117363943,25,20,20
48,5153,0.0008990783421798695,0.11607708668092326,0.042665915720604256,0.8403579192562926,25,20,20
48,5154,0.0008990783422253975,0.11607708668116777,0.04267253774870728,0.8403512972278996,25,20,20
48,5155,0.000899078342226119,0.11607708668137416,0.04892260378136326,0.8341012311950365,25,20,20
48,5156,0.0008990783525838579,0.11607708668137853,0.04901654215495589,0.8340072928110817,25,20,20
48,5157,0.000899078352583857,0.11607708668137846,0.049016426303027806,0.8340074086630099,25,20,20
48,5158,0.0008990783527659787,0.11607708668138274,0.04902117802516271,0.8340026569406886,25,20,20
48,5159,0.0008990783615258653,0.1160770866815927,0.05527110803371607,0.8277527269231654,25,20,20
48,5160,0.0008990783678912229,0.09632156311777582,0.07502663159662615,0.8277527269177065,25,20,20
48,5161,0.0008990783678913211,0.09632156311777161,0.07502805802047181,0.827751300493865,25,20,20
48,5162,0.0008990783565887435,0.09979775211970487,0.07155186902993177,0.8277513004937744,25,20,20
48,5163,0.0008990783565887433,0.09979775211970487,0.07155194898591655,0.8277512205377897,25,20,20
48,5164,0.0008990783565894169,0.09979775213146992,0.0778015048395377,0.8215016646724028,25,20,20
48,5165,0.0008990783565894285,0.09979775213147421,0.07780169910269642,0.8215014704092398,25,20,20
48,5166,0.0008990783478326807,0.09979775213150878,0.07155646147524379,0.8277467080454147,25,20,20
48,5167,0.0010271523748073945,0.09979772774600716,0.07180581418884731,0.8273693056903378,25,20,20
48,5168,0.0010271523748073955,0.09979772774600716,0.07181043496965098,0.8273646849095342,25,20,20
48,5169,0.0010271523748098595,0.09979772774580932,0.06568989991918182,0.8334852199601986,25,20,20
48,5170,0.0010271523746285293,0.09979772774580928,0.06605826553770985,0.8331168543418519,25,20,20
48,5171,0.0010271523746136018,0.10018868106544215,0.06566731221809093,0.8331168543418529,25,20,20
48,5172,0.0010271529662153704,0.10018868107938575,0.06567493393971396,0.8331092320146846,25,20,20
48,5173,0.001027152966218453,0.10018868107939002,0.06567991679487147,0.8331042491595197,25,20,20
48,5174,0.001027152966400594,0.1001886810793944,0.0656801027517802,0.8331040632024245,25,20,20
48,5175,0.0010271529663998028,0.10018868107939022,0.065313588202549,0.8334705777516607,25,20,20
48,5176,0.0010271529600341116,0.11996660910847776,0.04553566017992411,0.8334705777515637,25,20,20
48,5177,0.0010271529599885844,0.11996660910847355,0.04553565618521122,0.8334705817463264,25,20,20
48,5178,0.0010271529599853893,0.11996660910846925,0.045531016988757236,0.8334752209427879,25,20,20
48,5179,0.0010271529599822505,0.11996660910846488,0.04552449363487901,0.8334817442966735,25,20,20
48,5180,0.0010271529599854444,0.1199666091087094,0.04552459391242003,0.8334816440188848,25,20,20
48,5181,0.0010271529599399734,0.11996660910846481,0.04551805261411004,0.8334881853174849,25,20,20
48,5182,0.0010271529599415138,0.11996660910846481,0.04552717771754915,0.8334790602140444,25,20,20
48,5183,0.0010271529599383189,0.11996660910822023,0.04552242330667702,0.8334838146251642,25,20,20
48,5184,0.0010271529599269044,0.11999698820219934,0.045492044212709255,0.8334838146251642,25,20,20
48,5185,0.0010271529599269044,0.11999698820219941,0.04549663157621714,0.8334792272616562,25,20,20
48,5186,0.0010271529599253765,0.11999698820244176,0.04586046515886162,0.8331153936787709,25,20,20
48,5187,0.0010271529599261734,0.11999698820244603,0.0459527711897984,0.8330230876478291,25,20,20
48,5188,0.0010271529601051136,0.11999698820244173,0.04595428497630283,0.8330215738611502,25,20,20
48,5189,0.0010271529601051147,0.11999698820244181,0.04595431976498629,0.8330215390724665,25,20,20
48,5190,0.0010271529602840508,0.11999698820243333,0.04582958849530806,0.8331462703419743,25,20,20
48,5191,0.0010271529602843147,0.11999698820245022,0.08236760605118544,0.7966082527860798,25,20,20
48,5192,0.0010271529608177096,0.10455904643599437,0.09780554781710878,0.7966082527860792,25,20,20
48,5193,0.0010271530188274759,0.1045590464359972,0.10126612423636867,0.7931476763088068,25,20,20
48,5194,0.0010271530186453334,0.10455904643599284,0.10126597935721271,0.7931478211881493,25,20,20
48,5195,0.0010271557509484019,0.10329659701053147,0.10252842574352795,0.7931478214949922,25,20,20
48,5196,0.0010271557511273282,0.10329659701028705,0.10252651978378528,0.7931497274548005,25,20,20
48,5197,0.001027155751127329,0.10329659701052735,0.10244091679797952,0.793235330440366,25,20,20
48,5198,1.876556280096282e-05,0.10329659752726433,0.1034491659587,0.7932354709512353,25,20,20
48,5199,1.8765562800963308e-05,0.10329659752726433,0.10344928240407253,0.7932353545058629,25,20,20
48,5200,1.876556313538243e-05,0.11869550870189487,0.08805037122355358,0.7932353545114169,25,20,20
48,5201,1.8765573514719287e-05,0.1186955087021395,0.08805644880910642,0.79322927691524,25,20,20
48,5202,1.8765573514761307e-05,0.1186955087021395,0.08805644812946363,0.7932292775948825,25,20,20
48,5203,1.876557264695181e-05,0.11873431868172869,0.08801763815629726,0.7932292775893275,25,20,20
48,5204,1.876557264689575e-05,0.11873431868172869,0.08801766942140848,0.7932292463242163,25,20,20
48,5205,1.876557264689598e-05,0.11873431868172869,0.08801767200470569,0.7932292437409193,25,20,20
48,5206,1.8765572646910943e-05,0.11873431868172876,0.08801767402989363,0.7932292417157311,25,20,20
48,5207,1.8765562267518255e-05,0.11873431868148414,0.08800700742913545,0.7932399083271133,25,20,20
48,5208,1.8765562267519224e-05,0.11873431868148834,0.08800250284009431,0.79324441291615,25,20,20
48,5209,1.8764970666548622e-05,0.11873431866754476,0.0879903338503732,0.7932565825114156,25,20,20
48,5210,1.8764970666479227e-05,0.11873431866730241,0.0876172127680512,0.7936297035939799,25,20,20
48,5211,1.876497066652029e-05,0.11873431866730241,0.08761721278073714,0.7936297035812939,25,20,20
48,5212,0.016599959133465757,0.11873431815510069,0.07103615903196941,0.7936295636794637,25,20,20
48,5213,0.016599959133465812,0.11873431815510069,0.07103607288394204,0.7936296498274911,25,20,20
48,5214,0.01659995913346262,0.11873431815510055,0.07103603712124223,0.7936296855901941,25,20,20
48,5215,0.016599959133462565,0.11873431815510047,0.0710359560502792,0.7936297666611573,25,20,20
48,5216,0.016599959133465753,0.11873431816895083,0.07130329106194631,0.7933624316356367,25,20,20
48,5217,0.016600004121984254,0.11873431817021213,0.06780166963518978,0.796864008072613,25,20,20
48,5218,0.01660000412202963,0.11873431817021213,0.0679385082002301,0.7967271695075274,25,20,20
48,5219,0.01660000412289163,0.11826643253798035,0.06840639383150347,0.7967271695076239,25,20,20
48,5220,0.016600004122709507,0.11826643253798026,0.06840167780291657,0.7967318855363931,25,20,20
48,5221,0.016600004112351824,0.11826643253797599,0.06830782192233051,0.796825741427341,25,20,20
48,5222,0.016600004112351782,0.11826643253797599,0.06830785474096134,0.7968257086087103,25,20,20
48,5223,0.01660000138004871,0.11949849959847984,0.06707579071414492,0.7968257083073259,25,20,20
48,5224,0.016600001380048766,0.11949849959847554,0.06707562192001922,0.796825877101456,25,20,20
48,5225,0.016600001379187032,0.11994420472517858,0.06662991678871699,0.7968258771069168,25,20,20
48,5226,0.016600001379141652,0.11994420472517858,0.06649296375411239,0.7969628301415668,25,20,20
48,5227,0.016600001379144847,0.11994420472518294,0.06649312428784747,0.7969626696078241,25,20,20
48,5228,0.016600001379144837,0.11994420472518287,0.0664930103636363,0.7969627835320354,25,20,20
48,5229,0.016600001379144837,0.11994420472518287,0.06649312341110823,0.7969626704845636,25,20,20
48,5230,0.016600001379190314,0.11994420472518304,0.06649332699108379,0.7969624669045424,25,20,20
48,5231,0.016600001389572048,0.11994420472518318,0.06649492572268799,0.7969608681625563,25,20,20
48,5232,0.016600001389571992,0.1199442047251831,0.0664949570786571,0.7969608368065874,25,20,20
48,5233,0.016600001389571992,0.11994420472518304,0.0664883543305997,0.7969674395546449,25,20,20
48,5234,0.016600001389571992,0.11994420472518304,0.06648846674899066,0.796967327136254,25,20,20
48,5235,0.01660000138957125,0.11994420472493844,0.06648184420835523,0.7969739496771348,25,20,20
48,5236,0.01660000138956811,0.11994420472493837,0.06648188091908126,0.7969739129664118,25,20,20
48,5237,0.016600001389568374,0.11994444610540458,0.06648163953861314,0.7969739129664137,25,20,20
48,5238,0.01660000138958311,0.11933504810419829,0.0670910375397104,0.7969739129665079,25,20,20
48,5239,0.016600001389628218,0.11933504810444064,0.06746404584825365,0.7966009046576774,25,20,20
48,5240,0.016600001389582685,0.11933504810444048,0.06746609196760352,0.7965988585383731,25,20,20
48,5241,0.016600001392177786,0.11933504810468515,0.06747277393051941,0.7965921765726175,25,20,20
48,5242,0.016599956403373563,0.1193350481034237,0.0709744013051354,0.7930905941880669,25,20,20
48,5243,0.01659995640357766,0.11762493790099907,0.07268451151290883,0.793090594182514,25,20,20
48,5244,0.016599956403577608,0.11762493790099486,0.07268593572422065,0.7930891699712065,25,20,20
48,5245,0.016599956403577566,0.11762493790123939,0.07268764362794729,0.7930874620672356,25,20,20
48,5246,0.016929303101784483,0.11762493823642961,0.07235949704655117,0.7930862616152343,25,20,20
48,5247,0.016929303101576584,0.11933544525170665,0.07064899003138785,0.7930862616153286,25,20,20
48,5248,0.016929303101574204,0.11933544523785629,0.07075554135120815,0.7929797103093611,25,20,20
48,5249,0.016929303101575,0.11933544523785637,0.07075782054627229,0.7929774311142963,25,20,20
48,5250,0.016929303101757113,0.11933544523785629,0.0707629285613684,0.7929723230990181,25,20,20
48,5251,0.016929303099162008,0.11933544523761164,0.07075624613189235,0.7929790055313339,25,20,20
48,5252,0.016929303099162806,0.1193354452376117,0.07075624838866135,0.792979003274564,25,20,20
48,5253,0.01692930310175766,0.11933544522585102,0.06450689004628746,0.7992283616261038,25,20,20
48,5254,0.016670289635835434,0.11933544489079678,0.06476590465963546,0.7992283608137322,25,20,20
48,5255,0.016670289633422028,0.11933544489103699,0.06477050319070839,0.7992237622848325,25,20,20
48,5256,0.016670289633239913,0.11933544489103706,0.06476388958204266,0.7992303758936802,25,20,20
48,5257,0.01667028963325513,0.11933505134916303,0.06476428312390149,0.7992303758936802,25,20,20
48,5258,0.01667028963325513,0.11933505134916303,0.06476430960066346,0.7992303494169183,25,20,20
48,5259,0.016670289633254332,0.11933505134916295,0.06476206836960255,0.79923259064798,25,20,20
48,5260,0.016670289633072887,0.11933505134916293,0.07100686312379947,0.7929877958939645,25,20,20
48,5261,0.01660108157278693,0.11933505182229717,0.07107607067211151,0.792987795932804,25,20,20
48,5262,0.016601081572786933,0.11933505182229717,0.07107610409073892,0.7929877625141767,25,20,20
48,5263,0.016601081572787727,0.11933505182230147,0.0710761345827282,0.7929877320221823,25,20,20
48,5264,0.01660108157278711,0.1193350518223014,0.06482662324887728,0.799237243356034,25,20,20
48,5265,0.01660108157278711,0.1193350518223014,0.06482658853717725,0.7992372780677338,25,20,20
48,5266,0.016601081572786915,0.11934712993366758,0.06481451043127108,0.7992372780622741,25,20,20
48,5267,0.01660108157278697,0.11934712993366751,0.06481442983756285,0.7992373586559823,25,20,20
48,5268,1.77085837653038e-05,0.11934715555896734,0.08139081470498512,0.7992443211522826,25,20,20
48,5269,1.770858376529126e-05,0.11934715555872273,0.0813890800564406,0.7992460558010717,25,20,20
48,5270,1.770858376534706e-05,0.11934715555872266,0.08138904669618711,0.799246089161325,25,20,20
48,5271,1.7708583754150552e-05,0.1199557597923326,0.08078044246258688,0.7992460891613266,25,20,20
48,5272,1.7708583754164304e-05,0.1199557597923327,0.0807804818379794,0.7992460497859338,25,20,20
48,5273,1.7708583754164308e-05,0.1199557597923327,0.08078051719904758,0.7992460144248656,25,20,20
48,5274,0.0037105019284623315,0.1199569783788942,0.07708753468721725,0.7992449850054258,25,20,20
48,5275,0.0037105019180806,0.11995697837889413,0.07708744297650845,0.7992450767265162,25,20,20
48,5276,0.003710501918092016,0.11992685642517109,0.07711756493022012,0.7992450767265162,25,20,20
48,5277,0.0037105019180912174,0.11992685642517109,0.07711741095228422,0.7992452307044531,25,20,20
48,5278,0.003710501918091163,0.11992685642517109,0.07711960659956531,0.7992430350571721,25,20,20
48,5279,0.004673762730085203,0.11992685596047953,0.0761563462508369,0.799243035058598,25,20,20
48,5280,0.0046737627300852186,0.11992685596048382,0.07616093395699412,0.7992384473524364,25,20,20
48,5281,0.04095035840209621,0.11992561174333019,0.03989151631009519,0.7992325135444779,25,20,20
48,5282,0.04095035840209621,0.11992561174333016,0.040259916052469265,0.7988641138021041,25,20,20
48,5283,0.04044874706824791,0.11992561175570923,0.040761527343913376,0.7988641138321291,25,20,20
48,5284,0.04044874706824791,0.11992561175570916,0.04075990588814046,0.798865735287902,25,20,20
48,5285,0.04044874706824711,0.11992561175570486,0.04075984201221068,0.798865799163837,25,20,20
48,5286,0.04044874706824718,0.11992561175594948,0.04076149860116906,0.798864142574634,25,20,20
48,5287,0.04044874706820527,0.11992561175571143,0.0403931295237666,0.7992325116523162,25,20,20
48,5288,0.04044874706820527,0.1199256117557115,0.04039324446790179,0.799232396708181,25,20,20
48,5289,0.04044874706820527,0.1199256117557115,0.040399850903902815,0.7992257902721801,25,20,20
48,5290,0.040448747068251585,0.1199256117557115,0.04040429560285294,0.7992213455731835,25,20,20
48,5291,0.040448747068251564,0.11992561175571151,0.04040213168916332,0.7992235094868729,25,20,20
48,5292,0.04044874706825158,0.11992561175571571,0.04040221307160146,0.7992234281044307,25,20,20
48,5293,0.040448747068252376,0.11992561175571588,0.040402254583385824,0.7992233865926454,25,20,20
48,5294,0.040448747068206045,0.11992561175571578,0.04039780324362623,0.7992278379324514,25,20,20
48,5295,0.03834036402733901,0.11992566913962731,0.04250612418416196,0.799227842648871,25,20,20
48,5296,0.038340364027156904,0.1199256691393828,0.042507892984311776,0.7992260738491478,25,20,20
48,5297,0.03834036402697477,0.11992566913938286,0.04251088376129228,0.7992230830723497,25,20,20
48,5298,0.03834036402697472,0.11992566913913834,0.04251142502309149,0.799222541810795,25,20,20
48,5299,0.02430019256273215,0.11992561195856848,0.05655165837939653,0.7992225370993024,25,20,20
48,5300,0.024300192562732095,0.11992561195856848,0.05655165768481503,0.799222537793884,25,20,20
48,5301,0.04018457677929841,0.11992561174931829,0.040667272013629796,0.7992225394577531,25,20,20
48,5302,0.04018457678967879,0.11992561174956716,0.04067397634735323,0.7992158351134006,25,20,20
48,5303,0.040184576799990754,0.11992561176341748,0.04093914565286841,0.7989506657837233,25,20,20
48,5304,0.04018457679999081,0.11992561176341329,0.04056616299288745,0.7993236484437083,25,20,20
48,5305,0.040184576799990816,0.11992561176341329,0.04056610964192497,0.7993237017946708,25,20,20
48,5306,0.04018457679999087,0.11992561176341336,0.040570730453028656,0.799319080983567,25,20,20
48,5307,0.040184576789613624,0.11992561176316449,0.040565646648792454,0.7993241647984294,25,20,20
48,5308,0.04018457678961357,0.11992561176316442,0.040565641885284644,0.7993241695619372,25,20,20
48,5309,0.07872222557744922,0.11992561175467617,0.002027993146425182,0.7993241695214496,25,20,20
48,5310,0.0784922765614633,0.119925631939012,0.0022578258443511205,0.7993242656551738,25,20,20
48,5311,0.07849227656146338,0.11992563193901627,0.002262527000676985,0.7993195644988436,25,20,20
48,5312,0.07849227656146261,0.11992563193901627,0.0018886358473680948,0.7996934556521532,25,20,20
48,5313,0.07849227656404574,0.11992563195287202,0.0021410067844302694,0.7994410846986519,25,20,20
48,5314,0.07849227655632823,0.11992563193927054,0.0018783949189120658,0.7997036965854892,25,20,20
48,5315,0.07849227655632823,0.11992563193927054,0.0018718689481413905,0.79971022255626,25,20,20
48,5316,0.07849227655633137,0.11992563193951444,0.0020017957753144613,0.7995802957288398,25,20,20
48,5317,0.07849227655633137,0.11992563193951444,0.0020039643049065284,0.7995781271992479,25,20,20
48,5318,0.07849227660505947,0.11934634406381171,0.002583252126502914,0.7995781272046262,25,20,20
48,5319,0.07849227660509558,0.11934634406381171,0.010862745050342253,0.7912986342807505,25,20,20
48,5320,0.0784922766050956,0.11934634406381178,0.010858126972301475,0.7913032523587913,25,20,20
48,5321,0.0784922766050996,0.11932535299535388,0.010879118040851142,0.7913032523586955,25,20,20
48,5322,0.07849227660510033,0.11932535299535388,0.010877070494941885,0.7913052999046039,25,20,20
48,5323,0.07849227660510033,0.11932535299535388,0.010870548780124095,0.7913118216194218,25,20,20
48,5324,0.07849227660508537,0.11932573991623376,0.010870161859259254,0.7913118216194218,25,20,20
48,5325,0.07849227660508537,0.11932573991623376,0.01087483523100732,0.7913071482476732,25,20,20
48,5326,0.07849227655634237,0.11932654332492315,0.010874031876534886,0.7913071482421995,25,20,20
48,5327,0.07849227655634236,0.11932654332492738,0.010878359468311132,0.7913028206504191,25,20,20
48,5328,0.07849227655630626,0.11932654332492752,0.0026034873771471536,0.799577692741619,25,20,20
48,5329,0.07849227655630626,0.11932654332492762,0.0026035626918731363,0.7995776174268928,25,20,20
48,5330,0.07849227655371104,0.1193265433246788,0.002598845965039479,0.7995823341565704,25,20,20
48,5331,0.07849227655371102,0.11932654332467874,0.0025988793227609656,0.7995823007988492,25,20,20
48,5332,0.041038935319598055,0.1193312321043198,0.0400364998467927,0.7995933327292889,25,20,20
48,5333,0.04103893531959787,0.11936158614787189,0.040006145803240856,0.7995933327292889,25,20,20
48,5334,0.04103893531960104,0.11936158614787189,0.04000773354163594,0.7995917449908907,25,20,20
48,5335,0.04103893531960103,0.11936158614787175,0.04000303217736184,0.799596446355165,25,20,20
48,5336,0.04103893531960422,0.11936158614811627,0.040007751811852,0.7995917267204271,25,20,20
48,5337,0.04103893531960495,0.11936158614835658,0.04000540864602012,0.7995940698860181,25,20,20
48,5338,0.041038935319604154,0.11936158614835644,0.04000533374002009,0.7995941447920188,25,20,20
48,5339,0.04103893531960414,0.11936158614836061,0.04000544722901986,0.799594031303015,25,20,20
48,5340,0.04103893531960416,0.11936158614836061,0.04000784782188432,0.7995916307101504,25,20,20
48,5341,0.04103893531960416,0.11936158614836061,0.04001235471476927,0.7995871238172654,25,20,20
48,5342,0.04103893531960422,0.11936158614836488,0.04001247088388173,0.7995870076481486,25,20,20
48,5343,0.04103893531960183,0.11936158614836488,0.04001316777584713,0.7995863107561857,25,20,20
48,5344,0.041038935319605015,0.11936158614836496,0.04001317014661647,0.799586308385413,25,20,20
48,5345,0.04103893531960505,0.11936158614836496,0.0400107724647453,0.7995887060672843,25,20,20
48,5346,0.041038937051105895,0.10391030089858043,0.055462055976301314,0.7995887060740117,25,20,20
48,5347,0.04103893705110271,0.10391030089858046,0.05546054743385723,0.7995902146164591,25,20,20
48,5348,0.04103893705109863,0.10394176864728162,0.05542907968516019,0.7995902146164591,25,20,20
48,5349,0.04103893705109863,0.10394176864727749,0.055688806240196634,0.7993304880614269,25,20,20
48,5350,0.029311070461559532,0.10394176889542812,0.06741307908743735,0.7993340815555746,25,20,20
48,5351,0.02931107046155634,0.10394176889518354,0.06740828216308618,0.7993388784801735,25,20,20
48,5352,0.027776303201589445,0.10404593084240243,0.06884985462726062,0.7993279113287468,25,20,20
48,5353,0.016131270774869543,0.1040464142889324,0.08037100209902473,0.7994513128371733,25,20,20
48,5354,0.016131270774866403,0.10404641428893224,0.08037250774955926,0.7994498071866419,25,20,20
48,5355,0.016131270772286467,0.10404641427507669,0.08012013964904774,0.7997021753035889,25,20,20
48,5356,0.01613127077228888,0.1040464142887728,0.08012602454682849,0.7996962903921095,25,20,20
48,5357,0.016131270772288823,0.1040464142887685,0.08012582868977304,0.7996964862491694,25,20,20
48,5358,0.016131270772289607,0.10404641428876836,0.07986189674338103,0.7999604181955604,25,20,20
48,5359,0.016131270772289662,0.10404641428876843,0.07986191564808565,0.7999603992908558,25,20,20
48,5360,0.016131270772289662,0.10404641428876413,0.07985732594604696,0.7999649889928986,25,20,20
48,5361,0.016131270772289662,0.10404641428876413,0.07985735154786956,0.799964963391076,25,20,20
48,5362,0.016129658458722083,0.1039375433864736,0.07996799737454605,0.7999648007802577,25,20,20
48,5363,0.016129658458722038,0.1039375433864736,0.07996876866716711,0.7999640294876369,25,20,20
48,5364,0.016129658458722038,0.1039375433864736,0.07996876786544754,0.7999640302893565,25,20,20
48,5365,0.016129658458725854,0.10391534096306476,0.07999097028875682,0.7999640302894523,25,20,20
48,5366,0.01612965845872584,0.10391534096306476,0.0799886044785262,0.799966396099683,25,20,20
48,5367,0.016129658458904773,0.10391534094912842,0.07998055731034269,0.7999744432816237,25,20,20
48,5368,0.016129658458900964,0.10391553224360578,0.07998036601596491,0.799974443281528,25,20,20
48,5369,0.01612965845890022,0.10391553224360585,0.07997808080091474,0.7999767284965791,25,20,20
48,5370,0.016129658458918644,0.10390800674274275,0.0799856063017578,0.7999767284965807,25,20,20
48,5371,0.016129658458918658,0.10390800674274285,0.07998566029884309,0.7999766744994952,25,20,20
48,5372,0.01612965845896417,0.10390800674298736,0.07999228293588238,0.799970051862166,25,20,20
48,5373,0.016129658458964115,0.1039080067429873,0.07999220701015601,0.7999701277878924,25,20,20
48,5374,0.016129658459006452,0.10390800674274354,0.07986248306187665,0.8000998517363732,25,20,20
48,5375,0.016129658470839636,0.10217964426086824,0.08159084553182819,0.8000998517364647,25,20,20
48,5376,0.01612965847083644,0.10217964426086396,0.08158617291674679,0.8001045243515538,25,20,20
48,5377,0.016129658470839636,0.10217964426086396,0.08159079231048706,0.8000999049578101,25,20,20
48,5378,0.01612965847084283,0.10217964426086404,0.0815907947834521,0.800099902484842,25,20,20
48,5379,0.01612965847084209,0.10217964426086412,0.08159068007377865,0.800100017194516,25,20,20
48,5380,0.022585782757521905,0.10217916097296471,0.07508086825584863,0.8001541880136642,25,20,20
48,5381,0.022585782757518668,0.10217916097296895,0.07508086992103237,0.8001541863484795,25,20,20
48,5382,0.02258578275751871,0.1021791609729648,0.07508277057837709,0.8001522856911387,25,20,20
48,5383,0.02258578275769766,0.10217916097296487,0.07507823211119108,0.8001568241581458,25,20,20
48,5384,0.022585782757697657,0.1021791609729648,0.07507819796964417,0.8001568582996927,25,20,20
48,5385,0.022585781026197058,0.11639225182938655,0.06086510854441399,0.8001568586000019,25,20,20
48,5386,0.022585781027019115,0.11573852357049162,0.061518836802488604,0.8001568586000002,25,20,20
48,5387,0.022585781027019115,0.11573852357049162,0.0615188347947591,0.8001568606077296,25,20,20
48,5388,0.023390413372291814,0.11573852356987378,0.060714202382809696,0.8001568606750239,25,20,20
48,5389,0.0233904133748865,0.11573852358381309,0.06072182297386532,0.8001492400674344,25,20,20
48,5390,0.02339041337488657,0.1157385235840577,0.06072414395604648,0.8001469190850087,25,20,20
48,5391,0.023390413374886513,0.11573852358405758,0.060717541134197424,0.8001535219068578,25,20,20
48,5392,0.023390413966575062,0.11573852358406195,0.06072413042569438,0.800146932023668,25,20,20
48,5393,0.023390413966578247,0.11573852358405771,0.06072401253345492,0.8001470499159083,25,20,20
48,5394,0.023390413966396104,0.11573852358405758,0.06073045144079742,0.8001406110087481,25,20,20
48,5395,0.023390413963804556,0.11573852357011827,0.06071824535075832,0.8001528171153179,25,20,20
48,5396,0.023390413963850082,0.11573852357036295,0.060722966428670505,0.8001480960371156,25,20,20
48,5397,0.023390413963804556,0.11573852357011827,0.060724735626192426,0.8001463268398838,25,20,20
48,5398,0.023390413963805336,0.115738523569878,0.060901878973362376,0.7999691834929535,25,20,20
48,5399,0.023390413963805323,0.11573852356987802,0.060901873716225616,0.7999691887500902,25,20,20
48,5400,0.02339041538042849,0.0778447054039479,0.09879569046562577,0.7999691887499978,25,20,20
48,5401,0.023390415380425297,0.07784470540394783,0.09879565656938118,0.7999692226462457,25,20,20
48,5402,0.02339041538038061,0.07784470540394783,0.09879773711472993,0.7999671421009417,25,20,20
48,5403,0.02339041538019847,0.07784470540394356,0.09879762146700699,0.7999672577488509,25,20,20
48,5404,0.023390415379372493,0.07787673287040849,0.0987655936942357,0.7999672580559831,25,20,20
48,5405,0.02339041537937489,0.07787673287040855,0.09876327614709472,0.7999695756031219,25,20,20
48,5406,0.02339041537937404,0.07787673287040421,0.09858385432321708,0.8001489974270045,25,20,20
48,5407,0.02339041537937404,0.0778767328704043,0.09858169203618936,0.8001511597140322,25,20,20
48,5408,0.023390415379374044,0.0778767328704043,0.09857516978055936,0.8001576819696623,25,20,20
48,5409,0.02339041537937404,0.0778767328704043,0.09857508789943288,0.8001577638507889,25,20,20
48,5410,0.02339041537937404,0.07787673287040436,0.0985751212825223,0.8001577304676992,25,20,20
48,5411,0.023390415379374096,0.07787673287040865,0.09856871379223958,0.8001641379579777,25,20,20
48,5412,0.02339041537937405,0.07787673287040436,0.09856863301953359,0.8001642187306881,25,20,20
48,5413,0.023390415389683273,0.0778767328704043,0.09883728896481983,0.7998955627750926,25,20,20
48,5414,0.02339041538969771,0.07787675890042618,0.09883726324191722,0.7998955624679586,25,20,20
48,5415,0.023390415389697695,0.07787675890042618,0.09883714735584814,0.7998956783540276,25,20,20
48,5416,0.02339041538987664,0.07787675890042627,0.09883877021922084,0.799894055490476,25,20,20
48,5417,0.022585773354389386,0.07787675973096662,0.0996434114219797,0.7998940554926642,25,20,20
48,5418,0.022585773354393397,0.0778767597309667,0.09964990319879036,0.7998875637158496,25,20,20
48,5419,0.015656072797730028,0.07787675933147178,0.10676073132473514,0.7997064365460634,25,20,20
48,5420,0.015656073385556232,0.07787675934532208,0.10702588342888218,0.7994412838402399,25,20,20
48,5421,0.015656073385556232,0.07787675934532208,0.10702599789844648,0.7994411693706757,25,20,20
48,5422,0.01565607338554193,0.07907122119961217,0.10583153635130449,0.7994411690635417,25,20,20
48,5423,0.01565607338554193,0.07907122119961225,0.10583157431381075,0.7994411311010353,25,20,20
48,5424,0.015656073385541876,0.07907122119961225,0.10583159795407793,0.799441107460768,25,20,20
48,5425,0.015656073375229517,0.0790712211998568,0.10556456232374227,0.7997081431011714,25,20,20
48,5426,0.015656073375230325,0.07907122119985695,0.10593756730431124,0.7993351381206014,25,20,20
48,5427,0.015656073375232712,0.0790712211998611,0.10556464515844825,0.7997080602664579,25,20,20
48,5428,0.01565607337523591,0.07907122119986537,0.10569406451153282,0.7995786409133658,25,20,20
48,5429,0.015656073375235856,0.07907122119962076,0.10569232746736378,0.7995803779577796,25,20,20
48,5430,0.015656073375236654,0.07907122119962076,0.10582186336828939,0.7994508420568529,25,20,20
48,5431,0.015656073375236654,0.07907122119962505,0.10582838881014346,0.7994443166149948,25,20,20
48,5432,0.015656073375236654,0.07907122119962076,0.10582178340218627,0.7994509220229563,25,20,20
48,5433,0.01565607337523751,0.07907122119962512,0.10582645464220358,0.7994462507829339,25,20,20
48,5434,0.01565607337523831,0.0790712211998698,0.10583119621068503,0.7994415092142069,25,20,20
48,5435,0.017254291728171195,0.07907122116869747,0.1042327568499614,0.7994417302531696,25,20,20
48,5436,0.015655999033472822,0.07907126152977091,0.10583122690754858,0.7994415125292071,25,20,20
48,5437,0.01565599903347202,0.07907126152952625,0.10582648476347951,0.7994462546735217,25,20,20
48,5438,0.01565599903347523,0.07907126152977086,0.10582974148979397,0.7994429979469595,25,20,20
48,5439,0.015655999033472114,0.07907126152977079,0.10570681279419095,0.7995659266425658,25,20,20
48,5440,0.015655999033472173,0.07907126152977087,0.105973144902787,0.7992995945339695,25,20,20
48,5441,0.015656000497080352,0.07871622041209075,0.10632818403717069,0.799299595053659,25,20,20
48,5442,0.015656000497076373,0.0787162204120906,0.10669469569979156,0.7989330833910421,25,20,20
48,5443,0.015656000497076373,0.0787162204120906,0.10669477618945415,0.7989330029013795,25,20,20
48,5444,0.015656000497075908,0.07876013425181007,0.10665086234973348,0.7989330029013811,25,20,20
48,5445,0.015656000497075825,0.07876013425180578,0.1066442578275031,0.798939607423616,25,20,20
48,5446,0.015656000497074968,0.07876013425180141,0.10663958517161025,0.7989442800795139,25,20,20
48,5447,0.015670408521222673,0.07876009308415904,0.10662522170021983,0.798944276694399,25,20,20
48,5448,0.015670408521222673,0.07876009308415904,0.10662522170021979,0.7989442766943992,25,20,20
48,5449,0.01567040852122587,0.07876009308415904,0.10662538354577963,0.7989441148488362,25,20,20
48,5450,0.015670408669091637,0.07876009308440367,0.10662806798376573,0.7989414302627397,25,20,20
48,5451,0.015670408669091637,0.07876009308440367,0.10662806948656384,0.7989414287599415,25,20,20
48,5452,0.01567040852352308,0.07876009308412078,0.11288215078090426,0.7926873476114527,25,20,20
48,5453,0.015670408523523846,0.0787600930841293,0.11277536508462385,0.7927941333077235,25,20,20
48,5454,0.01567040852352431,0.0799911019727388,0.11154435619601054,0.792794133307727,25,20,20
48,5455,0.01567040852334223,0.07999110197273873,0.11154735163970368,0.7927911378642157,25,20,20
48,5456,0.015670407935515974,0.0799911019588926,0.11128008424048992,0.7930584058651016,25,20,20
48,5457,1.717226991168677e-05,0.0799913207039073,0.12693313949233992,0.7930583675338414,25,20,20
48,5458,1.7172272496910938e-05,0.07999132070391164,0.12709208704217367,0.792899419981418,25,20,20
48,5459,0.027905449818612444,0.07999132069635718,0.0992038095035136,0.7928994199815169,25,20,20
48,5460,0.027905449818657974,0.07999132069635718,0.09921309838037316,0.7928901311046118,25,20,20
48,5461,0.02790544981864274,0.07999920413018312,0.09920521494656417,0.7928901311046102,25,20,20
48,5462,0.027905449818642684,0.07999920413018305,0.09893888376086368,0.7931564622903108,25,20,20
48,5463,0.03949394436481608,0.07999920413018424,0.08735038918541022,0.7931564623195895,25,20,20
48,5464,0.039493944364812884,0.07999920413017995,0.08735027300147098,0.7931565785035362,25,20,20
48,5465,0.039493944364812884,0.07999920413018002,0.08735038686470288,0.7931564646403042,25,20,20
48,5466,0.03949394436481641,0.07999924409675256,0.09206191958463927,0.7884448919537916,25,20,20
48,5467,0.039493944376804306,0.0787480246621308,0.09331313870024267,0.7884448922608221,25,20,20
48,5468,0.0012214752483901443,0.07874802593566507,0.13103762001224653,0.7889928788036988,25,20,20
48,5469,0.0012214752509852535,0.07874802593590972,0.1310442462872768,0.7889862525258289,25,20,20
48,5470,0.0012214752509405197,0.0787480259359098,0.13140811523503587,0.7886223835781145,25,20,20
48,5471,0.027696151710212474,0.07874882801680769,0.10548055487260596,0.7880744654003741,25,20,20
48,5472,0.027696151710212474,0.07874882801680769,0.10548052205531802,0.788074498217662,25,20,20
48,5473,0.02769614881817303,0.07874847387272133,0.10548084985768275,0.7880745274514236,25,20,20
48,5474,0.03390984356512863,0.07874767051975477,0.0992680264850326,0.7880744594300846,25,20,20
48,5475,0.033909843565125435,0.0787476705195145,0.09953107596596075,0.7878114099493999,25,20,20
48,5476,0.03390984356512191,0.07874763055294198,0.09481962373568695,0.7925229021462498,25,20,20
48,5477,0.033907749322355664,0.07876147091613092,0.09473967241110817,0.7925911073504062,25,20,20
48,5478,0.0339077503788239,0.07876177286497595,0.09006210950107946,0.7972683672551216,25,20,20
48,5479,0.03390775037882071,0.07876177286497581,0.09006210665573545,0.7972683701004688,25,20,20
48,5480,0.03390775037623869,0.07876177286497155,0.08990778153162537,0.7974226952271651,25,20,20
48,5481,0.03390775037623875,0.07876177286497155,0.08990940232650729,0.797421074432283,25,20,20
48,5482,0.03390775037623559,0.07876177286497574,0.09017103209181807,0.7971594446669712,25,20,20
48,5483,0.03390775037623481,0.07876177286497574,0.08979795731095214,0.797532519447838,25,20,20
48,5484,0.033907750376234856,0.07876177286497582,0.09017097794230379,0.7971594988164861,25,20,20
48,5485,0.03390775037623481,0.07876177286498003,0.09017098021717927,0.7971594965416061,25,20,20
48,5486,0.033907750376234,0.07876177286497574,0.09017078293701582,0.7971596938217747,25,20,20
48,5487,0.03390775037623406,0.07876177286497589,0.09017727326241268,0.7971532034963775,25,20,20
48,5488,0.03390775037623406,0.07876177286497589,0.09017724045423732,0.7971532363045529,25,20,20
48,5489,0.03390775037623092,0.07876177286497596,0.09017715971425762,0.7971533170445356,25,20,20
48,5490,0.03390775037623098,0.07876177286497604,0.09017724279316605,0.7971532339656271,25,20,20
48,5491,0.03390775037623092,0.07876177286497596,0.09017716110187907,0.7971533156569142,25,20,20
48,5492,0.033907750373635824,0.07876177286473138,0.09017056967323517,0.7971599070883977,25,20,20
48,5493,0.03390775036251609,0.08000526488798256,0.08892707796803843,0.7971599067814631,25,20,20
48,5494,0.03390775036251603,0.08000526488798247,0.08855867611703332,0.7975283086324684,25,20,20
48,5495,0.033907750362516045,0.08000526488822705,0.08856343052739556,0.7975235542218614,25,20,20
48,5496,0.03971110426567878,0.08000527003089265,0.08276007141052485,0.7975235542929038,25,20,20
48,5497,0.039711104265677984,0.08000527003088413,0.08249385226448024,0.7977897734389577,25,20,20
48,5498,0.03971087534538946,0.07999121091650303,0.08251687668480731,0.7977810370533003,25,20,20
48,5499,0.039710875345392666,0.07999121091674763,0.08252163110565792,0.7977762826322019,25,20,20
48,5500,0.03971087534539265,0.07999121091674756,0.08252163165504715,0.7977762820828127,25,20,20
48,5501,0.03971087534539266,0.07999121091674756,0.08252633256428182,0.7977715811735782,25,20,20
48,5502,0.03971087534539659,0.07999121091675178,0.08252639489807372,0.797771518839778,25,20,20
48,5503,0.03971087534539665,0.07999121091675185,0.0825264759793119,0.7977714377585398,25,20,20
48,5504,0.03971087534539358,0.07999121091650734,0.08252179589401074,0.7977761178440885,25,20,20
48,5505,0.03971087534539353,0.07999121091674767,0.08226029812363424,0.7980376156142246,25,20,20
48,5506,0.03971087534539281,0.07999121091675195,0.08213301259018987,0.7981649011476655,25,20,20
48,5507,0.039710875345395844,0.07999121091675615,0.08239919719082886,0.7978987165470193,25,20,20
48,5508,0.03971087534539265,0.079991210916752,0.08239920775947729,0.7978987059783782,25,20,20
48,5509,0.03971087534539265,0.07999121091675207,0.08240569805445695,0.7978922156833984,25,20,20
48,5510,0.03971087534539265,0.079991210916752,0.08240760099392291,0.7978903127439325,25,20,20
48,5511,0.03971087534538953,0.07999121091675203,0.08214596511980159,0.798151948618057,25,20,20
48,5512,0.03971087534538979,0.07875288383658574,0.08338429219996772,0.798151948618057,25,20,20
48,5513,0.039710875345388995,0.07875288383658559,0.08338413680430504,0.7981521040137207,25,20,20
48,5514,0.039710875345388745,0.07996920252617983,0.08216781811471094,0.7981521040137207,25,20,20
48,5515,0.03971087534538868,0.07996920252617552,0.08216311506212913,0.7981568070663069,25,20,20
48,5516,0.039716952714940336,0.080434221355564,0.08633038712275617,0.7935184388067397,25,20,20
48,5517,0.03971087835469675,0.07996890065339289,0.08684070357724774,0.7934795174146623,25,20,20
48,5518,0.03983204949548113,0.07996890089327822,0.08671680210393483,0.7934822475073059,25,20,20
48,5519,0.03983205008719346,0.07996890089328251,0.08672156941667274,0.7934774796028513,25,20,20
48,5520,0.03983437719859924,0.0799689009606862,0.08677766666069017,0.7934190551800245,25,20,20
48,5521,0.03983437660691387,0.07996890096068611,0.08703734287694014,0.7931593795554598,25,20,20
48,5522,0.03983204931417289,0.07997117791314945,0.05176664894388841,0.828430123828789,25,20,20
48,5523,0.005693327363305404,0.0799711732661945,0.0859081025629568,0.828427396807543,25,20,20
48,5524,0.0056933273736853385,0.07997117326619456,0.0859118485751093,0.8284236507850105,25,20,20
48,5525,0.005693327373686146,0.07997117326619463,0.08603718626520233,0.8282983130949165,25,20,20
48,5526,0.005693327373686889,0.07997117326619885,0.08604371038549977,0.8282917889746142,25,20,20
48,5527,0.0056933273736868885,0.07997117326619885,0.08604359662723626,0.8282919027328778,25,20,20
48,5528,0.005693327372833436,0.07874069193534965,0.08727407795903658,0.8282919027327803,25,20,20
48,5529,0.00569332737283345,0.07874069193535392,0.08727906156932827,0.8282869191224842,25,20,20
48,5530,0.005693327372832654,0.07874069193535385,0.08715575619598015,0.828410224495833,25,20,20
48,5531,0.005693326781120323,0.07874069193534948,0.08715090653049984,0.8284150747530302,25,20,20
48,5532,0.005693326781120323,0.07874069193534941,0.08714430234154417,0.8284216789419858,25,20,20
48,5533,0.005693326250375706,0.07873841491450172,0.08279237823967746,0.8327758805954448,25,20,20
48,5534,0.00569332625294697,0.07873841492831488,0.08315995506231824,0.8324083037564197,25,20,20
48,5535,0.005693326252947698,0.07873841492831067,0.08315921192137007,0.8324090468973714,25,20,20
48,5536,0.0056933262529476995,0.07873841492831503,0.08315259902623642,0.8324156597925007,25,20,20
48,5537,0.00569332625297137,0.03984677675182177,0.12204264364750016,0.8324172533477067,25,20,20
48,5538,0.00569332625297137,0.039846776751821696,0.12204256256676142,0.8324173344284455,25,20,20
48,5539,0.005693326253824137,0.04104233954046022,0.12084699946066133,0.8324173347450541,25,20,20
48,5540,0.005693326253824137,0.04104233954046022,0.12084699947075903,0.8324173347349564,25,20,20
48,5541,0.005693326253824137,0.04104233954046018,0.12058086344767734,0.8326834707580382,25,20,20
48,5542,0.005693326253824137,0.04104233954046018,0.12058556456819108,0.8326787696375244,25,20,20
48,5543,0.005693326253824194,0.04104233954070478,0.12059039809108206,0.8326739361143889,25,20,20
48,5544,0.005693326251252918,0.041042339540706976,0.1202186968453618,0.8330456373626782,25,20,20
48,5545,0.03266109961832464,0.041042575737040794,0.09325069079798552,0.8330456338466489,25,20,20
48,5546,0.03266109961832219,0.04104257573703654,0.09298457414145885,0.8333117505031824,25,20,20
48,5547,0.03266109961832219,0.04104257573703654,0.09298927487824725,0.8333070497663938,25,20,20
48,5548,0.03266109961832139,0.04104257573703647,0.0929876498176654,0.8333086748269767,25,20,20
48,5549,0.03266109961836663,0.041042575750886906,0.0932503974463047,0.8330459271844417,25,20,20
48,5550,0.03266109961579863,0.04104257573707382,0.09287628496466638,0.8334200396824611,25,20,20
48,5551,0.03266109961579867,0.041042575737069466,0.09287627285947091,0.8334200517876609,25,20,20
48,5552,0.03266109962618039,0.041042575736825,0.09287567942763753,0.8334206452093571,25,20,20
48,5553,0.032661099626225695,0.041042575750680606,0.09312811702167069,0.833168207601423,25,20,20
48,5554,0.03266109962622568,0.04104257575067631,0.09312792177448367,0.8331684028486143,25,20,20
48,5555,0.032661099626225674,0.041042575750431715,0.09312308489114103,0.8331732397322016,25,20,20
48,5556,0.03266109962622568,0.04104257575043173,0.09312303287905661,0.8331732917442858,25,20,20
48,5557,0.032661099626407786,0.041042575750676304,0.09312970691012162,0.8331666177127941,25,20,20
48,5558,0.032661099626453305,0.041042575750676304,0.09314371148317958,0.8331526131396907,25,20,20
48,5559,0.0326610996262712,0.04104257575043173,0.0931371223076714,0.8331592023156256,25,20,20
48,5560,0.03266109962627194,0.04104257575043166,0.09313063541232464,0.8331656892109719,25,20,20
48,5561,0.03266109962627189,0.04104257575043166,0.0931305283580463,0.8331657962652501,25,20,20
48,5562,0.03266109962627196,0.041042575750431666,0.09313061200054032,0.8331657126227558,25,20,20
48,5563,0.03266109962627189,0.041042575750431666,0.09313053174283668,0.8331657928804596,25,20,20
48,5564,0.03266109962627109,0.04104257575043162,0.09349702843443106,0.8327992961888662,25,20,20
48,5565,0.03266109962627109,0.04104257575042738,0.09312392524495527,0.8331723993783463,25,20,20
48,5566,0.03266109962627429,0.04104257575042745,0.09312403607828804,0.8331722885450101,25,20,20
48,5567,0.03266109961589262,0.041042575750431645,0.09325184504024558,0.83304447959343,25,20,20
48,5568,0.03266109961589262,0.04104257575042736,0.09324714148901535,0.8330491831446646,25,20,20
48,5569,0.03266109961589262,0.04104257575042736,0.09324714148907765,0.8330491831446024,25,20,20
48,5570,0.032661099615892634,0.04104257575042736,0.09324930519347953,0.8330470194402004,25,20,20
48,5571,0.03266109961589264,0.04104257575042744,0.09324938766146702,0.8330469369722128,25,20,20
48,5572,0.03266109961589264,0.04104257575042744,0.0932494661883338,0.833046858445346,25,20,20
48,5573,0.032661099615847115,0.04104257575042751,0.09323554267167253,0.8330607819620529,25,20,20
48,5574,0.03266109976376255,0.041042575750676304,0.09324286061895601,0.8330534638666051,25,20,20
48,5575,0.032661099761419815,0.04104257575046998,0.08697947085561245,0.8393168536324979,25,20,20
48,5576,0.03266109976141983,0.0410425757504742,0.08697958504673506,0.8393167394413709,25,20,20
48,5577,0.03966581533501181,0.04104262654428124,0.0799748182423883,0.8393167398783186,25,20,20
48,5578,0.039665815335011796,0.04104262654428124,0.07997253670393764,0.8393190214167692,25,20,20
48,5579,0.03966581533501187,0.0410426265442855,0.08023887586731236,0.8390526822533902,25,20,20
48,5580,0.03966581533496669,0.041042626530439386,0.08034453031326937,0.8389470278213245,25,20,20
48,5581,0.039665815335012206,0.0410426265443786,0.08035673595535765,0.8389348221652514,25,20,20
48,5582,0.03966581134579712,0.04104279616978261,0.08035657032132404,0.8389348221630962,25,20,20
48,5583,0.03966581134584236,0.0410427969592098,0.08062622881981314,0.8386651628751349,25,20,20
48,5584,0.039665811345796886,0.04104279694527482,0.08098701117662,0.8383043805323084,25,20,20
48,5585,0.039665811345796886,0.04104279694527482,0.08099163188412893,0.8382997598247993,25,20,20
48,5586,0.039665811345998774,0.041042837117782484,0.08552113383428964,0.8337702177019293,25,20,20
48,5587,0.039665811345998024,0.041042837117782484,0.08552571779671583,0.8337656337395037,25,20,20
48,5588,0.039665811345998024,0.041042837117782484,0.08578734960992883,0.8335040019262908,25,20,20
48,5589,0.03966581134599483,0.041042837117782414,0.08578724007294188,0.833504111463281,25,20,20
48,5590,0.03966581134604022,0.04104283711778669,0.08591728147765033,0.833374070058523,25,20,20
48,5591,0.039665811345395104,0.03936775569292999,0.08759236321966749,0.8333740697420075,25,20,20
48,5592,0.039665811345395034,0.039367755692925714,0.0874629569534353,0.8335034760082443,25,20,20
48,5593,0.03966581134553194,0.0393677549034986,0.08719492286089857,0.833771510890071,25,20,20
48,5594,0.03966583090272044,0.039367612039734955,0.0871878801960848,0.8337786768614598,25,20,20
48,5595,0.03966583090272363,0.039367612039739236,0.08727548109432601,0.8336910759632112,25,20,20
48,5596,0.039665830902723624,0.039367612039739236,0.0872755935317492,0.833690963525788,25,20,20
48,5597,0.03966583090272368,0.039367612039739236,0.08727092218747083,0.8336956348700665,25,20,20
48,5598,0.039665830902724485,0.03936761203949472,0.08726836847001493,0.833698188587766,25,20,20
48,5599,0.039665830902723694,0.03936761203949472,0.08726821962716574,0.833698337430616,25,20,20
48,5600,0.039665830902877335,0.0393676120394984,0.09351801406608391,0.8274485429915405,25,20,20
48,5601,0.039665830902878146,0.03936761203949833,0.09353190477394452,0.8274346522836791,25,20,20
48,5602,0.03966583090288157,0.03936761202588745,0.09328808695899818,0.827678470112233,25,20,20
48,5603,0.03966583090292716,0.03936761202588746,0.09329265294112521,0.8276739041300604,25,20,20
48,5604,0.0396658309029271,0.03936761202588599,0.10699618051820366,0.8139703765529833,25,20,20
48,5605,0.03966583090274497,0.03936761202588591,0.10699455800319804,0.8139719990681712,25,20,20
48,5606,0.039665830929228575,0.022667191591877186,0.12369497841076313,0.8139719990681306,25,20,20
48,5607,0.039665830929228506,0.022667191591872898,0.12369307373872744,0.8139739037401705,25,20,20
48,5608,0.039665830939608966,0.022667191591881478,0.1236950130934347,0.813971964375074,25,20,20
48,5609,0.039995579845649235,0.022666903864675604,0.1233655523517616,0.8139719639379132,25,20,20
48,5610,0.03999557969777598,0.022666903878324384,0.12349000037034802,0.8138475160535512,25,20,20
48,5611,0.039995579687395574,0.022666903878315874,0.1234834750810839,0.8138540413532042,25,20,20
48,5612,0.039995579687441045,0.02266690387856045,0.12322572292100491,0.8141117935129932,25,20,20
48,5613,0.03999557968723915,0.022666863706048493,0.11869602372604814,0.818641532880664,25,20,20
48,5614,0.039995579687239095,0.02266686370604857,0.11870060968425535,0.8186369469224567,25,20,20
48,5615,0.0399955796605513,0.039367061508529144,0.10200041160518149,0.818636947225738,25,20,20
48,5616,0.039995579660551346,0.039367061522468445,0.10201265138990671,0.8186247074270736,25,20,20
48,5617,0.03999557966050916,0.03936706152246425,0.10188269587793149,0.8187546629390952,25,20,20
48,5618,0.03999557966050996,0.039367061522465746,0.08791523015491853,0.8327221286621057,25,20,20
48,5619,0.039995579660357064,0.03936706152246636,0.08166560252352736,0.8389717562936494,25,20,20
48,5620,0.0399955796603595,0.03936706152246214,0.081664911974897,0.8389724468422812,25,20,20
48,5621,0.03999557966294333,0.03936706150877063,0.08183212761520119,0.838805231213085,25,20,20
48,5622,0.03999557966312226,0.03936706150876643,0.08174456230279899,0.8388927965253123,25,20,20
48,5623,0.03999557966312226,0.03936706150876218,0.08137154148527301,0.8392658173428427,25,20,20
48,5624,0.03999557966312306,0.03936706150876647,0.08137616347854942,0.8392611953495611,25,20,20
48,5625,0.03999557966312306,0.039367061508766545,0.08137616490569834,0.8392611939224122,25,20,20
48,5626,0.039995579663123115,0.039367061508766545,0.08137624541019388,0.8392611134179165,25,20,20
48,5627,0.03999557966312317,0.039367061508766475,0.08137621205011733,0.8392611467779932,25,20,20
48,5628,0.03999557966312317,0.0393670615087664,0.08137621147337461,0.8392611473547359,25,20,20
48,5629,0.03999557966316743,0.03936706150877065,0.08174704125599426,0.8388903175720677,25,20,20
48,5630,0.039995579663392934,0.03936706150901292,0.08174774643016965,0.8388896123974243,25,20,20
48,5631,0.039995579663348296,0.039367061495119565,0.08161610862967587,0.8390212502118564,25,20,20
48,5632,0.03999557966316623,0.03936706149511949,0.08161137464221191,0.8390259841995024,25,20,20
48,5633,0.03999557966316628,0.039367061495123784,0.08161156930298365,0.8390257895387262,25,20,20
48,5634,0.03999557966316623,0.039367061495123784,0.08161148680103376,0.8390258720406762,25,20,20
48,5635,0.03999557966316617,0.03936706149511949,0.081611290249253,0.8390260685924613,25,20,20
48,5636,0.03999557966316617,0.03936706149511934,0.08161319313872424,0.8390241657029901,25,20,20
48,5637,0.03999557966316617,0.03936706149511934,0.08161319511183651,0.839024163729878,25,20,20
48,5638,0.03999557966574181,0.039367061508960306,0.08191985929436083,0.8387174995309371,25,20,20
48,5639,6.183860640111904e-05,0.03936706196342782,0.12145948700849059,0.83911161242168,25,20,20
48,5640,6.183860640031858e-05,0.03936706196342345,0.12145478304619711,0.8391163163839787,25,20,20
48,5641,6.183860639712431e-05,0.03936706196342337,0.12145481348674762,0.8391162859434315,25,20,20
48,5642,6.183860639438378e-05,0.04104109791042024,0.11978077784308393,0.839116285640101,25,20,20
48,5643,6.183860381875152e-05,0.04104109789657929,0.11947423013231476,0.8394228333672867,25,20,20
48,5644,6.183860359318701e-05,0.0410410978963327,0.11910042305937521,0.8397966404406987,25,20,20
48,5645,6.183860238610249e-05,0.041041097896091845,0.12375102553355001,0.8351460379679714,25,20,20
48,5646,6.183860238610154e-05,0.041041097896091845,0.12375102492350129,0.8351460385780202,25,20,20
48,5647,6.18386023852892e-05,0.04104109789609192,0.12373710140728857,0.8351599620942335,25,20,20
48,5648,6.183860233976215e-05,0.04104109789584728,0.12372852046770225,0.8351685430341099,25,20,20
48,5649,6.183860229466481e-05,0.04104109789584302,0.12335552480401292,0.8355415386978485,25,20,20
48,5650,6.183860229466455e-05,0.04104109789584302,0.12335563816413428,0.8355414253377274,25,20,20
48,5651,6.183860229546414e-05,0.0410410978958431,0.12335714766107916,0.8355399158407815,25,20,20
48,5652,6.183860228385158e-05,0.04105393517000895,0.12334431038692661,0.8355399158407798,25,20,20
48,5653,6.183860246599446e-05,0.04105393517000902,0.12334443248473047,0.8355397937427937,25,20,20
48,5654,6.183860242039372e-05,0.04105393517000902,0.12333986846552784,0.8355443577620422,25,20,20
48,5655,6.18386024204087e-05,0.0410539351702536,0.12334645906246741,0.8355377671648578,25,20,20
48,5656,6.183860242040871e-05,0.041053935170253686,0.12334649244758301,0.8355377337797424,25,20,20
48,5657,6.18386024659369e-05,0.041053935170253755,0.12334662235718452,0.8355376038700952,25,20,20
48,5658,6.183860246513826e-05,0.04105393517024955,0.12334654093952324,0.8355376852877616,25,20,20
48,5659,6.183860246513652e-05,0.04105393517024947,0.12334731759874633,0.8355369086285387,25,20,20
48,5660,6.183860246512277e-05,0.04105393517024955,0.12335380589153518,0.8355304203357496,25,20,20
48,5661,6.183861284679096e-05,0.04105393517025391,0.12335554756876943,0.8355286786481294,25,20,20
48,5662,6.183861284686031e-05,0.041053935184104204,0.12362291395915344,0.8352613122438952,25,20,20
48,5663,6.183861284686031e-05,0.041053935184104204,0.12362291365651937,0.8352613125465292,25,20,20
48,5664,6.183861285005567e-05,0.04105393518410428,0.12362453524535263,0.8352596909576926,25,20,20
48,5665,6.183861285005688e-05,0.041053935184108575,0.12362923868122261,0.8352549875218185,25,20,20
48,5666,6.183861285000082e-05,0.041053935184108575,0.12362927062422806,0.835254955578813,25,20,20
48,5667,6.183861285000225e-05,0.04105393518411285,0.12375879152483008,0.8351254346782068,25,20,20
48,5668,6.183861284994743e-05,0.04105393518411278,0.1237587905837123,0.8351254356193246,25,20,20
48,5669,6.18386128491476e-05,0.041053935184108485,0.12375870776218782,0.8351255184408543,25,20,20
48,5670,6.183861284914661e-05,0.041053935184108485,0.12376519758972623,0.8351190286133159,25,20,20
48,5671,6.183861284994547e-05,0.04105393518411278,0.12376528043471331,0.8351189457683238,25,20,20
48,5672,6.183861284994645e-05,0.04105393518411278,0.12376528233135987,0.8351189438716772,25,20,20
48,5673,6.183861284998751e-05,0.04105393518411279,0.12376528232094765,0.8351189438820894,25,20,20
48,5674,6.183861285004331e-05,0.04105393518411279,0.12376337941844433,0.8351208467845926,25,20,20
48,5675,6.183861285004332e-05,0.04105393518411279,0.12376326694660135,0.8351209592564356,25,20,20
48,5676,0.0396420821043578,0.04105390852123727,0.0841901680754555,0.8351138412989492,25,20,20
48,5677,0.03964208210436179,0.04105390852099698,0.08418582985679848,0.8351181795178425,25,20,20
48,5678,0.039642082095188935,0.04105390852099319,0.07952668642179588,0.8397773229620217,25,20,20
48,5679,0.03964208209500999,0.0410539085209974,0.07953126838965029,0.839772740994342,25,20,20
48,5680,0.03964208209496446,0.04105390852075276,0.07952273253027464,0.8397812768540079,25,20,20
48,5681,0.039642082094960666,0.04108523610552459,0.07949140494550658,0.8397812768540079,25,20,20
48,5682,0.039642082094961124,0.04104107146983662,0.07953556958119579,0.8397812768540063,25,20,20
48,5683,0.03964208209496446,0.04104358085976239,0.07953306019126331,0.8397812768540096,25,20,20
48,5684,0.03964208209496766,0.04104358086000216,0.07962111848433565,0.8396932185606942,25,20,20
48,5685,0.03964208209496686,0.041043580859997875,0.07962100225540801,0.8396933347896272,25,20,20
48,5686,0.03964208209497083,0.041043580860002135,0.07987259132510612,0.8394417457199208,25,20,20
48,5687,0.03964208209496763,0.04104358085975807,0.07977985734294697,0.8395344797023272,25,20,20
48,5688,0.039642082094970846,0.04104358085976237,0.07977997356201688,0.8395343634832498,25,20,20
48,5689,0.039642082094970846,0.04104358085976237,0.07978464690734084,0.8395296901379258,25,20,20
48,5690,0.03964208209497086,0.041043580859766664,0.07979125092857677,0.8395230861166856,25,20,20
48,5691,0.039642082094967654,0.041043580859766664,0.07978962295277353,0.8395247140924919,25,20,20
48,5692,0.039642082095013166,0.041043580873705965,0.07980190394485366,0.8395124330864269,25,20,20
48,5693,0.03964208209242928,0.04104358087345817,0.07962237077195194,0.8396919662621604,25,20,20
48,5694,0.03964208209243247,0.041043580873458246,0.07962245032090935,0.8396918867131995,25,20,20
48,5695,0.03964208209243247,0.04104358087345825,0.07962707106312576,0.8396872659709831,25,20,20
48,5696,0.039642082240323756,0.04104358085952753,0.07961723966729546,0.8396970972328529,25,20,20
48,5697,0.039642082240323694,0.04106296426838497,0.07959785625834397,0.8396970972329469,25,20,20
48,5698,0.03964208224050263,0.041062964268380756,0.07959777064117621,0.83969718284994,25,20,20
48,5699,0.039642082240499435,0.041062964268380686,0.07960275181397455,0.839692201677145,25,20,20
48,5700,0.039642082240502245,0.041062964254530446,0.08399416911881948,0.8353007843861475,25,20,20
48,5701,0.03964208224050538,0.041062964254534734,0.08400069256377135,0.8352942609411883,25,20,20
48,5702,0.03964208224032324,0.04106296425453466,0.0840006619517509,0.835294291553391,25,20,20
48,5703,0.039642082240323256,0.041062964254534734,0.0840006119439229,0.835294341561219,25,20,20
48,5704,0.03964208224032331,0.04106296425453481,0.0840929044038617,0.8352020491012798,25,20,20
48,5705,0.03964208224032331,0.04106296425453481,0.08408824118287372,0.8352067123222678,25,20,20
48,5706,0.039642082240323256,0.041062964254534734,0.08408824114245536,0.8352067123626863,25,20,20
48,5707,0.039642082240324054,0.041062964254539015,0.0841758473776931,0.8351191061274436,25,20,20
48,5708,0.0396420822402814,0.04106296425453901,0.08882829183529697,0.8304666616698824,25,20,20
48,5709,0.03964208222989968,0.04106296425453465,0.08882654817221113,0.8304684053433543,25,20,20
48,5710,0.03964208222989887,0.04106296425453465,0.08882426151505078,0.8304706920005154,25,20,20
48,5711,0.039642082081962064,0.04106296425452614,0.08882647320434411,0.8304684804591673,25,20,20
48,5712,0.039642082671792325,0.04106296426842799,0.08895823711288807,0.8303367159468911,25,20,20
48,5713,0.03964208208195887,0.041062964254530356,0.088832995191738,0.8304619584717723,25,20,20
48,5714,0.039642082082087506,0.04106296425453339,0.09989124465706574,0.8194037090063128,25,20,20
48,5715,0.0396420820820875,0.041062964254533464,0.10026434679235408,0.8190306068710244,25,20,20
48,5716,0.03964208208208777,0.041046710380175655,0.10028060066680741,0.8190306068709288,25,20,20
48,5717,0.03964208680673296,0.039961125330850396,0.1013660799844955,0.8190307078779206,25,20,20
48,5718,0.039642091155360513,0.0010819485918980617,0.14024525236625254,0.8190307078864894,25,20,20
48,5719,0.03964209115535973,0.00108194859189378,0.14015306080961656,0.8191228994431303,25,20,20
48,5720,0.039642124655867715,0.001081949381235823,0.14005407519220914,0.8192218507706878,25,20,20
48,5721,0.03964209115535973,0.0010819485918937795,0.13978007218431768,0.8194958880684292,25,20,20
48,5722,0.03964209115535973,0.001081948591893777,0.1397734680352597,0.819502492217487,25,20,20
48,5723,0.03964209115535973,0.0010819485918894885,0.13976686433203253,0.8195090959207185,25,20,20
48,5724,0.03964209116574016,0.0010819485921298683,0.13964404799917182,0.8196319122429582,25,20,20
48,5725,0.03964209116573734,0.0010819485921298114,0.13525151455525583,0.8240244456868768,25,20,20
48,5726,0.039642091165733404,0.001081948592125594,0.1352492312849155,0.8240267289572256,25,20,20
48,5727,0.039642091165733404,0.0010819485921255926,0.13524927517956248,0.8240266850625786,25,20,20
48,5728,0.039642091753566616,0.0010819485923685838,0.13551632328481167,0.8237596363692531,25,20,20
48,5729,0.03964209175356742,0.0010819485923685866,0.13551864192893834,0.8237573177251256,25,20,20
48,5730,0.039642091753567484,0.0010819485923686605,0.13551212023414488,0.8237638394199192,25,20,20
48,5731,0.039642091753567484,0.0010819485923686618,0.13551200776230188,0.8237639518917621,25,20,20
48,5732,0.03964209175356823,0.0010819485923728644,0.1356414941415075,0.8236344655125515,25,20,20
48,5733,0.04316336996745635,0.0010819486099199274,0.13251420273823553,0.8232404786843881,25,20,20
48,5734,0.04316336593159233,1.7211608736052967e-06,0.1335944322291554,0.8232404806783782,25,20,20
48,5735,0.043163365931589155,1.7211608693907092e-06,0.13358981134645984,0.8232451015610812,25,20,20
48,5736,0.043163365931588385,1.7211608651265443e-06,0.13334280993976022,0.8234921029677857,25,20,20
48,5737,0.0396506448218452,1.7206888583670593e-06,0.13685565758408183,0.8234919769052153,25,20,20
48,5738,0.039650644821845146,1.7206888582917905e-06,0.1368556227479533,0.8234920117413439,25,20,20
48,5739,0.03965064482202721,1.7207027990292332e-06,0.13659749674224891,0.8237501377329254,25,20,20
48,5740,0.03965064482202728,1.7207028032448912e-06,0.1366039882917716,0.8237436461833983,25,20,20
48,5741,0.03965064482189545,1.7207028001396818e-06,0.12554581905428935,0.8348018154210156,25,20,20
48,5742,0.039650644234062296,1.7207025615010684e-06,0.12540829247722549,0.8349393425861511,25,20,20
48,5743,0.039650644234061484,1.7207025572232662e-06,0.12527872360501327,0.8350689114583685,25,20,20
48,5744,0.03965064438175305,1.7207025657800076e-06,0.1254062725440901,0.8349413623715916,25,20,20
48,5745,0.03965064438175618,1.7207025615643499e-06,0.1253997872936318,0.8349478476220509,25,20,20
48,5746,0.03965064437137654,1.7207023211965044e-06,0.1253996881738654,0.8349479467524372,25,20,20
48,5747,0.03965064437137654,1.7207023211965268e-06,0.12539952497673124,0.8349481099495714,25,20,20
48,5748,0.03965064023550777,1.3652785353484633e-06,0.0856033291953121,0.8747446652906453,25,20,20
48,5749,0.03965094883835364,1.2114412670738393e-09,0.08560438666210719,0.8747446632880984,25,20,20
48,5750,0.039650948838353635,1.2114412683654977e-09,0.08569656438863056,0.8746524855615749,25,20,20
48,5751,0.03965094883835363,1.2114412670211919e-09,0.08570316637255265,0.8746458835776528,25,20,20
48,5752,0.03965094883835367,1.2114412657464993e-09,0.08570322560542311,0.8746458243447823,25,20,20
48,5753,0.039650948840943195,1.2119293789195329e-09,0.08570369619334078,0.874645353753787,25,20,20
48,5754,0.03965094884094,1.2119293036738507e-09,0.08570357638428693,0.8746454735628442,25,20,20
48,5755,0.03965094884093994,1.2119249508872685e-09,0.08557405427041545,0.87477499567672,25,20,20
48,5756,0.039650948840939955,1.211929243338051e-09,0.08557875782234602,0.8747702921247851,25,20,20
48,5757,0.039650948252139856,1.2116815799893582e-09,0.08537701124600519,0.8749720392901738,25,20,20
48,5758,0.039650948104450676,1.2116773774353888e-09,0.08533935561309121,0.8750096950707811,25,20,20
48,5759,0.03965094810445066,1.2116773034644986e-09,0.0853393272542961,0.8750097234295761,25,20,20
48,5760,0.03965094811483158,1.2119261906324463e-09,0.08534419689680686,0.8750048537764356,25,20,20
48,5761,0.03965266710198839,7.171399210819001e-08,0.08497302921847057,0.8753742319655485,25,20,20
48,5762,0.039652667101985194,7.171398775136109e-08,0.08488073622321467,0.8754665249608121,25,20,20
48,5763,0.03965266710180387,7.170004701442793e-08,0.08487264682336933,0.8754746143747795,25,20,20
48,5764,0.03965266710180386,7.170004272195479e-08,0.08486817325691275,0.8754790879412404,25,20,20
48,5765,0.039582504051863296,3.627770398784551e-07,0.08493802130273184,0.875479111868365,25,20,20
48,5766,0.03958250405186331,3.62777039879776e-07,0.08493825129699685,0.8754788818741,25,20,20
48,5767,0.03958250405186327,3.6277703987994545e-07,0.08484823663983851,0.875568896531258,25,20,20
48,5768,0.03958250405201452,3.6277703987865865e-07,0.09162866586321552,0.8687884673077302,25,20,20
48,5769,0.03958250405201484,3.62777044103775e-07,0.08697111176477648,0.8734460214061646,25,20,20
48,5770,0.039582504052014786,3.627770440284606e-07,0.08697096935904079,0.8734461638119002,25,20,20
48,5771,0.03958250405460429,3.6277728815753455e-07,0.08706405203471723,0.8733530811333903,25,20,20
48,5772,0.039582504052014786,3.627770440271405e-07,0.08697096994470611,0.8734461632262349,25,20,20
48,5773,0.039582504062283405,3.635631969520143e-07,0.08740529457565524,0.8730118377988643,25,20,20
48,5774,0.03958250405969468,3.6356270891281843e-07,0.08731264768907336,0.8731044846885229,25,20,20
48,5775,0.03958250405969388,3.635627088375503e-07,0.08731253284735432,0.8731045995302428,25,20,20
48,5776,0.03958250405969389,3.6356270883884816e-07,0.08731245580228095,0.8731046765753162,25,20,20
48,5777,0.03958250405969475,3.635627089154608e-07,0.08731255525189313,0.8731045771257029,25,20,20
48,5778,0.03958229120938298,4.2193055331167145e-07,0.08731273314870792,0.8731045537113552,25,20,20
48,5779,0.039582291201403386,4.611109728075148e-07,0.0915898240089412,0.868827423678682,25,20,20
48,5780,0.03958229119102249,4.6111072399559216e-07,0.09158506882960805,0.8688321788686448,25,20,20
48,5781,0.03958286476044801,1.1190614513471103e-07,0.0915811872913398,0.8688358360420664,25,20,20
48,5782,0.039582864760448075,1.1190614528264553e-07,0.09158346296390435,0.8688335603695017,25,20,20
48,5783,0.039582864760448117,1.1190638557526009e-07,0.09158356151232548,0.8688334618208399,25,20,20
48,5784,0.03958286476044493,1.1190638550129802e-07,0.09157897445903358,0.8688380488741351,25,20,20
48,5785,0.06244926517319724,1.1167692284841357e-07,0.06871617550471382,0.8688344476451659,25,20,20
48,5786,0.06244926517319724,1.1167692284709373e-07,0.06870965319804025,0.8688409699518396,25,20,20
48,5787,0.06244926517319724,1.1167667841411251e-07,0.06870306451739226,0.868847558632732,25,20,20
48,5788,0.06244926517319729,1.116766784167308e-07,0.06870306793760544,0.8688475552125188,25,20,20
48,5789,0.062449265173379426,1.1167667856599305e-07,0.06870320932572042,0.8688474138242215,25,20,20
48,5790,0.06244926517337942,1.1167667863995515e-07,0.06870779468668538,0.8688428284632564,25,20,20
48,5791,0.06244926517337948,1.1167667878919531e-07,0.06870320922630721,0.8688474139236346,25,20,20
48,5792,0.06244926517337946,1.1167667879048426e-07,0.06870779516205601,0.8688428279878859,25,20,20
48,5793,0.06251635027278275,4.017188624527605e-08,0.06901002115746381,0.8684735883978668,25,20,20
48,5794,0.06251635027278282,4.01718861713373e-08,0.06900535998862531,0.8684782495667054,25,20,20
48,5795,0.06251635027260073,4.017188609734061e-08,0.06900683907807348,0.8684767704774394,25,20,20
48,5796,0.06251635027260394,4.0171886170004966e-08,0.0690115399290797,0.86847206962643,25,20,20
48,5797,0.06251635027260394,4.017188631746006e-08,0.06914105874314021,0.8683425508123693,25,20,20
48,5798,0.06251635027260075,4.017188624220062e-08,0.06913638227841884,0.8683472272770939,25,20,20
48,5799,0.06251635027263042,4.0171886316956083e-08,0.06262292373776901,0.8748606858177139,25,20,20
48,5800,0.06251635027267594,4.017189045736857e-08,0.06262941469571803,0.8748541948597154,25,20,20
48,5801,0.06251635027267594,4.017189045737777e-08,0.06262474188625411,0.8748588676691792,25,20,20
48,5802,0.06251635027272456,4.0172378496605853e-08,0.06271280319026035,0.8747708063646362,25,20,20
48,5803,0.0625163502727245,4.0172378493964434e-08,0.06271276311171263,0.8747708464431841,25,20,20
48,5804,0.06251635027267892,4.017237420561009e-08,0.06270615826475445,0.8747774512901921,25,20,20
48,5805,0.06251635065548129,7.320665489504503e-10,0.07196538739804087,0.865518261214411,25,20,20
48,5806,0.06251635065548039,7.3206639702375e-10,0.07196520300819507,0.865518445604258,25,20,20
48,5807,0.1021979872762363,7.174367659737011e-10,0.032283704993624644,0.865518307012702,25,20,20
48,5808,0.10219798727618767,7.169486527831288e-10,0.03219094385419798,0.8656110681526654,25,20,20
48,5809,0.10219798727618767,7.169487293596668e-10,0.03219746616414901,0.8656045458427144,25,20,20
48,5810,0.1021979872761877,7.169487307024686e-10,0.03219974175460228,0.8656022702522611,25,20,20
48,5811,0.1021979872761877,7.169487320449377e-10,0.03219982419287528,0.8656021878139881,25,20,20
48,5812,0.10219798727619081,7.169486585525805e-10,0.03207500625318896,0.8657270057536713,25,20,20
48,5813,0.10219798727619081,7.169487325238446e-10,0.032072809845919426,0.8657292021609408,25,20,20
48,5814,0.10219798727600989,7.169486577566722e-10,0.031805608593339925,0.8659964034137013,25,20,20
48,5815,0.10219798727601308,7.169529488875147e-10,0.03181031133808924,0.8659917006689446,25,20,20
48,5816,0.10219798727601387,7.169571265124128e-10,0.03218113558726625,0.8656208764197625,25,20,20
48,5817,0.10219798727601072,7.169571265203811e-10,0.032176547179744316,0.8656254648272876,25,20,20
48,5818,0.10219798727601072,7.169572030737452e-10,0.03218312488365093,0.865618887123381,25,20,20
48,5819,0.10219798727600991,7.169529501836553e-10,0.031810101899399694,0.8659919101076373,25,20,20
48,5820,0.10219798727600991,7.169529488989218e-10,0.031803526158423474,0.8659984858486135,25,20,20
48,5821,0.10219798727600987,7.169528736301116e-10,0.0318034928510304,0.8659985191560067,25,20,20
48,5822,0.102198020674966,7.310011439302606e-10,0.03219779852851591,0.8656041800655169,25,20,20
48,5823,0.102198020674966,7.310010686384633e-10,0.03219776950510504,0.8656042090889278,25,20,20
48,5824,0.10219802067501148,7.310010686266058e-10,0.032204388262385024,0.8655975903316023,25,20,20
48,5825,0.10219802028991927,2.0473630324911358e-10,0.01823370879197536,0.8795682707133692,25,20,20
48,5826,0.10219802028991927,2.0473622929040765e-10,0.018227218474521648,0.8795747610308229,25,20,20
48,5827,0.10219802028992245,2.0474048973239448e-10,0.01849354953124849,0.8793084299740886,25,20,20
48,5828,0.10219802081251282,2.0495650534910263e-10,0.023170422355532305,0.8746315566269982,25,20,20
48,5829,0.10219802081251288,2.0495643267565342e-10,0.023170342721678665,0.8746316362608519,25,20,20
48,5830,0.10219802081251288,2.0495643267565342e-10,0.023170342721678686,0.874631636260852,25,20,20
48,5831,0.10219802082289502,2.0496079955642288e-10,0.023170487631537232,0.874631491340607,25,20,20
48,5832,0.10219802082289259,2.0495658134151203e-10,0.023541981933349963,0.8742599970388011,25,20,20
48,5833,0.10219802082289259,2.0495650734745046e-10,0.023541954883051365,0.8742600240890996,25,20,20
48,5834,0.10219802082289267,2.0520110100204824e-10,0.023546788405942334,0.8742551905659641,25,20,20
48,5835,0.10219802082289339,2.052010257009617e-10,0.023919165636844313,0.8738828133350611,25,20,20
48,5836,0.10219802082289339,2.0520109834334913e-10,0.02392386407888759,0.8738781148930178,25,20,20
48,5837,0.10219802082289345,2.0520109832082872e-10,0.023928486512720254,0.873873492459185,25,20,20
48,5838,0.10219802082289345,2.052010243266484e-10,0.023935011782871062,0.8738669671890342,25,20,20
48,5839,0.10219802082289346,2.0544066872093248e-10,0.023798202108867707,0.874003776862798,25,20,20
48,5840,0.10219802082289267,2.0543645306311986e-10,0.023791678629972134,0.8740103003416987,25,20,20
48,5841,0.10219802082289188,2.0543652706935502e-10,0.02341779373463486,0.8743841852370366,25,20,20
48,5842,0.10219802082289194,2.0543652836716312e-10,0.023417761418554495,0.8743842175531169,25,20,20
48,5843,0.10219802082288874,2.0543231250524174e-10,0.02341314030581012,0.8743888386658686,25,20,20
48,5844,0.11855220259473116,1.9473373084190247e-10,0.007059015001908589,0.8743887822086265,25,20,20
48,5845,0.11855220258457524,2.0858311831342023e-10,0.0073169560127253385,0.8741308411941162,25,20,20
48,5846,0.11855220258493873,2.0858741281563305e-10,0.006948635741882856,0.8744991614645908,25,20,20
48,5847,0.08318130969957195,2.607733375905046e-08,0.04231247607952044,0.8745061881435737,25,20,20
48,5848,0.08318130969957195,2.6077337974912367e-08,0.04231709716258566,0.8745015670605042,25,20,20
48,5849,0.08318130969934576,2.6063484295829008e-08,0.042059013254942726,0.874759650982227,25,20,20
48,5850,0.08318130969938808,2.606324053894998e-08,0.041931885319219514,0.8748867789181516,25,20,20
48,5851,0.0831813096993881,2.6063240537698596e-08,0.04193192530217006,0.874886738935201,25,20,20
48,5852,0.08318130969902388,2.6063236245219465e-08,0.041927208714351585,0.8748914555233881,25,20,20
48,5853,0.08318130969902385,2.6063240459783225e-08,0.04193182929632495,0.8748868349414107,25,20,20
48,5854,0.08318130969902376,2.6062995866128625e-08,0.04192707487567036,0.8748915893623099,25,20,20
48,5855,0.08318130969902059,2.6062995790871964e-08,0.041927074844817,0.8748915893931667,25,20,20
48,5856,0.07884247910918743,1.1398860581333833e-09,0.04585411049690362,0.8753034092540227,25,20,20
48,5857,0.07884247910918749,1.1398860581561132e-09,0.045855652304921196,0.8753018674460051,25,20,20
48,5858,0.07884247910918749,1.139881767025282e-09,0.045851062612960236,0.8753064571379703,25,20,20
48,5859,0.07884247910914195,1.1398816917410132e-09,0.045848782555751526,0.8753087371952246,25,20,20
48,5860,0.07884247910914506,1.1401240323908013e-09,0.046221822789762126,0.8749356969609685,25,20,20
48,5861,0.07884247910914506,1.1401241063155747e-09,0.04622178424482525,0.8749357355059054,25,20,20
48,5862,0.07884247910914585,1.1401284714089052e-09,0.04622648642541943,0.8749310333253061,25,20,20
48,5863,0.07884247910914269,1.139886054215215e-09,0.04585336502141758,0.8753041547295536,25,20,20
48,5864,0.07884247910914349,1.1398862047296782e-09,0.0458535087731423,0.8753040109778278,25,20,20
48,5865,0.07884247910914588,1.139881913607939e-09,0.0458488881500685,0.8753086316009037,25,20,20
48,5866,0.07884247910929958,1.8104736499913524e-09,0.05209930503782653,0.8690582140424001,25,20,20
48,5867,0.07884247910929958,1.8104736499466164e-09,0.05209953418714042,0.8690579848930863,25,20,20
48,5868,0.07884247910929958,1.8104735746553279e-09,0.05209945171897541,0.8690580673612512,25,20,20
48,5869,0.07884247910930033,1.8104777784502614e-09,0.052224272109834546,0.8689332469703872,25,20,20
48,5870,0.07884247910930037,1.8104820696038602e-09,0.052228975661844125,0.8689285434183733,25,20,20
48,5871,0.07884247910929958,1.8104819190434626e-09,0.05222883063344885,0.8689286884467695,25,20,20
48,5872,0.07884247910925407,1.8104819177551489e-09,0.05222371962414134,0.8689337994561227,25,20,20
48,5873,0.07884247911184115,1.8104861954888823e-09,0.0523516353931031,0.8688058836845696,25,20,20
48,5874,0.07884247911184435,1.8104904124411417e-09,0.05235815894596139,0.8687993601317039,25,20,20
48,5875,0.04305009945069032,6.538484457859689e-07,0.08797569294804086,0.8689735537528229,25,20,20
48,5876,0.043050099450689515,6.538484415822051e-07,0.08784625374899217,0.8691029929518765,25,20,20
48,5877,0.043050099450689515,6.538484458738195e-07,0.08784645040733732,0.869102796293527,25,20,20
48,5878,0.0430500994506903,6.538484459483863e-07,0.08821956971266014,0.8687296769882034,25,20,20
48,5879,0.043050099450687114,6.538484416574405e-07,0.08821301137312411,0.8687362353277469,25,20,20
48,5880,0.04305009945086798,6.538484374410765e-07,0.0884755084981064,0.8684737382025878,25,20,20
48,5881,0.04309529478761327,6.529084712552284e-07,0.08884902466433814,0.8680550276395774,25,20,20
48,5882,0.04309529478761327,6.529084712552312e-07,0.08884751690366464,0.8680565354002511,25,20,20
48,5883,0.04309529478761326,6.529084711799624e-07,0.08884740101643955,0.8680566512874761,25,20,20
48,5884,0.04309529478761329,6.529084711794607e-07,0.08911361833340607,0.8677904339705096,25,20,20
48,5885,0.043095294787613245,6.529084711059908e-07,0.08884728713952958,0.8680567651643861,25,20,20
48,5886,0.043095294798176156,6.529084755476586e-07,0.08884777340528335,0.8680562788880648,25,20,20
48,5887,0.043095294798358295,6.529084798392735e-07,0.08884788905300611,0.8680561632401559,25,20,20
48,5888,0.043095294798358295,6.529084799145423e-07,0.08884785766190188,0.8680561946312599,25,20,20
48,5889,0.043095294798538755,6.529087223283009e-07,0.08922125624252189,0.8676827960502171,25,20,20
48,5890,0.03966806405473948,8.706627978329069e-10,0.09282333264400011,0.8675086024305978,25,20,20
48,5891,0.039668064054740285,8.706585832687427e-10,0.0928187122639252,0.867513222810676,25,20,20
48,5892,0.03966806404417897,8.706584930915042e-10,0.09294304614454861,0.8673888889406141,25,20,20
48,5893,0.03966806404399688,8.706541275058543e-10,0.09294447032634105,0.8673874647590081,25,20,20
48,5894,0.03966806404381597,8.708970496428837e-10,0.09294362157052065,0.8673883135147665,25,20,20
48,5895,0.039668064043812824,8.70897049639984e-10,0.09294516167493881,0.8673867734103514,25,20,20
48,5896,0.03966806404381602,8.709013425744779e-10,0.0929453583588363,0.8673865767264464,25,20,20
48,5897,0.039668064043819215,8.708971282144199e-10,0.0929388363714424,0.8673930987138414,25,20,20
48,5898,0.03966806404382161,8.708972021854799e-10,0.09293886992950552,0.8673930651557756,25,20,20
48,5899,0.03966806404382163,8.709014938222332e-10,0.09293906717414684,0.86739286791113,25,20,20
48,5900,0.039668064043668,2.0030975873695564e-10,0.08668873277845723,0.8736432029775649,25,20,20
48,5901,0.03966806404366795,2.003096847682607e-10,0.0866872235539419,0.8736447122020805,25,20,20
48,5902,0.03966806404367109,2.0030968606564892e-10,0.08668564205916057,0.8736462936968585,25,20,20
48,5903,0.03958184799241035,1.916830330029581e-10,0.08677199410340135,0.873646157712505,25,20,20
48,5904,0.03958184746982316,1.914669447355803e-10,0.08209506867467996,0.8783230836640297,25,20,20
48,5905,0.03958184746986549,1.914669440482748e-10,0.08210148017657287,0.8783166721620945,25,20,20
48,5906,0.0395818474698623,1.9147123304440863e-10,0.082101646971368,0.8783165053672982,25,20,20
48,5907,0.039581847469862284,1.914712317692587e-10,0.08209515440421104,0.8783229979344551,25,20,20
48,5908,0.03958184746986149,1.914711572024999e-10,0.0817220350988882,0.8786961172397788,25,20,20
48,5909,0.03958184746985837,2.0528424395371295e-10,0.08209613191340752,0.8783220204114497,25,20,20
48,5910,0.03958184746986151,2.0528860883896653e-10,0.08210265594679111,0.8783154963780586,25,20,20
48,5911,0.06070447798214373,0.0004978833349385356,0.06043977991545196,0.8783578587674659,25,20,20
48,5912,0.060704477982143734,0.000497883334934246,0.060433256947177744,0.8783643817357444,25,20,20
48,5913,0.06070447798214373,0.00049788333493432,0.06043795296602245,0.8783596857168996,25,20,20
48,5914,0.06070447798218925,0.00049788333493432,0.060444477631780756,0.8783531610510958,25,20,20
48,5915,0.06070447798218925,0.00049788333493432,0.06044442327522009,0.8783532154076564,25,20,20
48,5916,0.10021134073702692,0.0004978833348854103,0.020937560520448307,0.8783532154076394,25,20,20
48,5917,0.10021134073702692,0.0004978833348896735,0.02120377934745118,0.8780869965806322,25,20,20
48,5918,0.10021134073702692,0.0004978833348895981,0.021203778760412656,0.8780869971676709,25,20,20
48,5919,0.10021134073702692,0.0004978833348853091,0.021203695994703398,0.8780870799333844,25,20,20
48,5920,0.1002113407370238,0.0004978833348852353,0.0211989877382612,0.8780917881898298,25,20,20
48,5921,0.1002113407370238,0.0004978833348852345,0.02120539698702108,0.8780853789410699,25,20,20
48,5922,0.1002113407371399,0.0004978840370820562,0.025858576386410436,0.8734321988393675,25,20,20
48,5923,0.10021134073697832,0.0004978833348852358,0.02119890563217855,0.8780918702959579,25,20,20
48,5924,0.10021134073697832,0.0004978833348809715,0.020932573804445454,0.8783582021236954,25,20,20
48,5925,0.10021134073697832,0.0004978833348851879,0.020932687506752905,0.8783580884213836,25,20,20
48,5926,0.10021134073697825,0.0004978833348850373,0.020930406440988692,0.8783603694871482,25,20,20
48,5927,0.1002113407369782,0.0004978833348850359,0.02093045836535,0.8783603175627869,25,20,20
48,5928,0.10021134073693272,0.000497883334880745,0.020928553078643195,0.8783622228495435,25,20,20
48,5929,0.10021134073693273,0.0004978833348808203,0.020928670363457406,0.878362105564729,25,20,20
48,5930,0.10021134073693591,0.0004978833348809709,0.020928782004601465,0.8783619939235817,25,20,20
48,5931,0.10064229001967963,0.0004978837040888044,0.020497830563092387,0.8783619957131392,25,20,20
48,5932,0.10064229001967963,0.0004978837040888032,0.020497863932699013,0.8783619623435327,25,20,20
48,5933,0.1006422900196797,0.0004978837040931694,0.02050438797990838,0.8783554382963189,25,20,20
48,5934,0.10064229001709572,0.0004978837040973935,0.02074795354970764,0.8781118727290993,25,20,20
48,5935,0.10064229001709252,0.000497883704097319,0.021014169163657545,0.8778456571151526,25,20,20
48,5936,0.10064229001709252,0.0004978837040973203,0.021020773937143612,0.8778390523416665,25,20,20
48,5937,0.10064229001709332,0.0004978837179914427,0.021150254017606823,0.8777095722473084,25,20,20
48,5938,0.1006422906087264,0.0004978837180000265,0.021160343363795443,0.877699482309478,25,20,20
48,5939,0.10064229060872637,0.0004978837177570309,0.02089399287342445,0.8779658328000921,25,20,20
48,5940,0.10064229060876871,0.0004978837180015505,0.020898716759404027,0.8779611089138258,25,20,20
48,5941,0.1006422906087719,0.000497883718001552,0.02089412293461694,0.8779657027386096,25,20,20
48,5942,0.10064229060881218,0.000497883718221401,0.025552879299099187,0.8733069463738673,25,20,20
48,5943,0.10064229060880894,0.0004978837182214012,0.02555288612798751,0.8733069395449822,25,20,20
48,5944,0.10064229060881207,0.0004978837182214012,0.025554394849483228,0.8733054308234833,25,20,20
48,5945,0.10064229061919061,0.0004978837182172587,0.025555910746381357,0.8733039149162108,25,20,20
48,5946,0.10064229061918821,0.0004978837182171835,0.025556565929558253,0.8733032597330365,25,20,20
48,5947,0.10064229061918814,0.0004978837044040955,0.025182467663315337,0.8736773580130925,25,20,20
48,5948,0.10064229061918813,0.0004978837044041681,0.025187053007319302,0.8736727726690884,25,20,20
48,5949,0.10064229061919132,0.0004978837044043186,0.02518716888807643,0.8736726567883281,25,20,20
48,5950,0.10064229061901088,0.0004978837041619062,0.024813729702733177,0.874046095974094,25,20,20
48,5951,0.10064229061905641,0.0004978837041661965,0.024552144806870818,0.8743076808699065,25,20,20
48,5952,0.10064229060867474,0.0004978837041703381,0.024557038133700297,0.8743027875534546,25,20,20
48,5953,0.10064229060867479,0.0004978837041703368,0.024557006157328257,0.8743028195298266,25,20,20
48,5954,0.10064229060867559,0.0004978837041704109,0.024557136006113395,0.8743026896810404,25,20,20
48,5955,0.10064229060867243,0.0004978837041619829,0.02418873361686106,0.8746710920703046,25,20,20
48,5956,0.10064229060867164,0.0004978837041619815,0.024186453347421633,0.8746733723397448,25,20,20
48,5957,0.10064229060867164,0.0004978837041619815,0.02418186741187025,0.8746779582752963,25,20,20
48,5958,0.1006422906086261,0.0004978837039173113,0.024177032460334254,0.8746827932271224,25,20,20
48,5959,0.10064229060858063,0.0004978837039130215,0.024172400314407597,0.8746874253730987,25,20,20
48,5960,0.1006422906085783,0.0004978837039129473,0.024264577549440825,0.874595248138068,25,20,20
48,5961,0.10064248081235702,0.0004978881868926659,0.060307357429977414,0.8385522735707726,25,20,20
48,5962,0.10064248081235702,0.0004978881868926685,0.06031205922313081,0.8385475717776193,25,20,20
48,5963,0.1006424812400947,0.0004978887613581951,0.07140008819889027,0.8274595417996566,25,20,20
48,5964,0.06115608763173284,0.000497889237080682,0.11088648008245246,0.8274595430487345,25,20,20
48,5965,0.06115608763173284,0.0004978892370806066,0.11088177963698323,0.8274642434942038,25,20,20
48,5966,0.06115608763173449,0.0004978892370848254,0.11088400414995774,0.8274620189812234,25,20,20
48,5967,0.061156087631733635,0.0004978892370847516,0.11079171207225481,0.8275543110589271,25,20,20
48,5968,0.061156087631693355,0.0004978892368648271,0.10613283981029431,0.8322131833211478,25,20,20
48,5969,0.06115608763169334,0.0004978892368648258,0.10613288039060582,0.8322131427408361,25,20,20
48,5970,0.06115608763169169,0.0004978892368604729,0.106003355372123,0.832342667759325,25,20,20
48,5971,0.061156088220802596,0.0004978892371039938,0.10617725342243547,0.832168769119658,25,20,20
48,5972,0.06115608822080267,0.0004978892371039951,0.10626636792424986,0.8320796546178434,25,20,20
48,5973,0.06115590266278553,0.0004978909934994453,0.11022187803870029,0.8281243283050146,25,20,20
48,5974,0.06115590266278867,0.0004978909934993701,0.1102265604362866,0.8281196459074254,25,20,20
48,5975,0.06115590266278912,0.0004978909936585598,0.12410720465321344,0.8142390016903388,25,20,20
48,5976,0.06115590266278912,0.0004978909936585598,0.12410731851248263,0.8142388878310698,25,20,20
48,5977,0.06115590266278912,0.0004978909936585598,0.1241073518964232,0.8142388544471292,25,20,20
48,5978,0.061155869263832985,0.0004978909796103648,0.12371293150980416,0.8146333082467524,25,20,20
48,5979,0.04289300369887946,1.1909928917749048e-06,0.14251485771619013,0.8145909475920391,25,20,20
48,5980,0.042892999134112875,1.1908227271024373e-06,0.14242254404154212,0.8146832660016188,25,20,20
48,5981,0.040032963412944815,9.552146128284593e-05,0.14473301277480066,0.8151385023509726,25,20,20
48,5982,0.04003296341294556,9.552146127855501e-05,0.1447330133054911,0.8151385018202856,25,20,20
48,5983,0.04003296341294556,9.552146127855371e-05,0.14473301284301077,0.815138502282766,25,20,20
48,5984,0.040032963412946355,9.552146152315002e-05,0.14473784695232547,0.8151336681732055,25,20,20
48,5985,0.04003296341312848,9.55214615232266e-05,0.14474264527749794,0.8151288698478509,25,20,20
48,5986,0.04003296341312848,9.552146152322659e-05,0.1447426119179691,0.8151289032073796,25,20,20
48,5987,0.04003296341312848,9.552146151893568e-05,0.1447360059343626,0.8151355091909906,25,20,20
48,5988,0.04003296282401683,9.552146127541613e-05,0.14455548914884417,0.8153160265658641,25,20,20
48,5989,0.04003296283437341,9.552146127548025e-05,0.14464570485361647,0.8152258108507351,25,20,20
48,5990,0.04003296342162048,9.552147511210395e-05,0.14495225307196147,0.8149192620313065,25,20,20
48,5991,0.04003296342162048,9.552147511217665e-05,0.14494763433265898,0.8149238807706086,25,20,20
48,5992,0.039581539880399016,9.552063007342107e-05,0.14539906175503126,0.8149238777344963,25,20,20
48,5993,0.03958153945284226,9.552006945863233e-05,0.1345771937540219,0.8257457467236771,25,20,20
48,5994,0.03958153945284221,9.552006945863103e-05,0.1345772256970273,0.8257457147806716,25,20,20
48,5995,0.03958153945284301,9.552006945878163e-05,0.1345773121852557,0.8257456282924422,25,20,20
48,5996,0.03958153945284306,9.552006945885689e-05,0.13457742754706437,0.8257455129306334,25,20,20
48,5997,0.03958153886120999,9.55200694502732e-05,0.13456722445699776,0.8257557166123419,25,20,20
48,5998,0.03958153886121,9.55200694502732e-05,0.13456470647726865,0.825758234592071,25,20,20
48,5999,0.03958153886120927,9.55200555561122e-05,0.13480819366685334,0.825514747416381,25,20,20
48,6000,0.039581538861391416,9.552005555618874e-05,0.13480830461861498,0.8255146364644373,25,20,20
48,6001,0.039581538861391416,9.552005555626271e-05,0.13480833940546957,0.8255146016775824,25,20,20
48,6002,0.03958153886121054,9.552004170567542e-05,0.13454855265426663,0.825774388442817,25,20,20
48,6003,0.0726224952140428,6.261530008554634e-09,0.1020583481671521,0.825319150357275,25,20,20
48,6004,0.07262249521404206,6.261529933112474e-09,0.10215055749931086,0.8252269410251172,25,20,20
48,6005,0.07265169171798203,6.27665378159119e-09,0.1021213529067856,0.8252269490985783,25,20,20
48,6006,0.07265169171798283,6.290593085608019e-09,0.10213356000045871,0.8252147419909651,25,20,20
48,6007,0.07948371154605517,6.2893044611840125e-09,0.0953015397492086,0.8252147424154317,25,20,20
48,6008,0.07948371154605444,6.275365158465721e-09,0.09528929976278544,0.8252269824157951,25,20,20
48,6009,0.07948371154605444,6.275124854436922e-09,0.09529110372037254,0.8252251784584483,25,20,20
48,6010,0.0794837115458723,6.27512485443689e-09,0.09529111332096617,0.8252251688580369,25,20,20
48,6011,0.0794837115458691,6.27512485443623e-09,0.09528631703376864,0.8252299651452372,25,20,20
48,6012,0.07948371154586917,6.275369449388966e-09,0.09529103808509654,0.8252252440936645,25,20,20
48,6013,0.0794837115458691,6.275124854413862e-09,0.09528620317449939,0.8252300790045062,25,20,20
48,6014,0.07948371154586831,6.2751205621475984e-09,0.09527956233285576,0.8252367198461552,25,20,20
48,6015,0.0794837115458683,6.275120488176472e-09,0.09527956087040979,0.825236721308601,25,20,20
48,6016,0.0794837115458683,6.275120486878735e-09,0.09527967331791069,0.8252366088611002,25,20,20
48,6017,0.07948371154586828,6.275120485572365e-09,0.09528425389735284,0.8252320282816582,25,20,20
48,6018,0.07989993556665917,6.099939232426607e-09,0.09486807806254145,0.8252319802708602,25,20,20
48,6019,0.07989994286635532,6.100151048940365e-09,0.10024322179152671,0.8198568292419669,25,20,20
48,6020,0.07989994286640086,6.100155341228602e-09,0.10024986992616451,0.8198501811072793,25,20,20
48,6021,0.07989994286640403,6.100155341078217e-09,0.10034205016894203,0.8197580008644987,25,20,20
48,6022,0.07989994286640725,6.100159558042657e-09,0.10034395485209197,0.8197560961813413,25,20,20
48,6023,0.07989994227916014,6.086567441267259e-09,0.10004399578857642,0.8200560558456961,25,20,20
48,6024,0.08002345763579902,6.086539534515055e-09,0.09992048085643765,0.8200560554212238,25,20,20
48,6025,0.08001822365241948,2.26517695602789e-06,0.0992989539869276,0.820680557183697,25,20,20
48,6026,0.046231030054280954,2.4232615396165782e-06,0.13063875477693684,0.8231277919072427,25,20,20
48,6027,0.046231030054280906,2.4232615395426073e-06,0.1306409170551745,0.8231256296290052,25,20,20
48,6028,0.04623103005428092,2.423261543833738e-06,0.1306456191763045,0.8231209275078707,25,20,20
48,6029,0.04623103005428085,2.423261539582169e-06,0.1302725907619466,0.8234939559222331,25,20,20
48,6030,0.04623103005446298,2.4232615439475246e-06,0.13027262094311526,0.8234939257408779,25,20,20
48,6031,0.04623103005446302,2.4232615439589583e-06,0.13027075139722372,0.8234957952867693,25,20,20
48,6032,0.046231030054645156,2.4232617885728298e-06,0.13027240784760796,0.8234941388359583,25,20,20
48,6033,0.0462310300546451,2.423261788572991e-06,0.13018671817910074,0.8235798285044656,25,20,20
48,6034,0.0462310300546451,2.4232617884977225e-06,0.1301866037389205,0.823579942944646,25,20,20
48,6035,0.046231030054645045,2.423261788496402e-06,0.13018663863342797,0.8235799080501384,25,20,20
48,6036,0.04623103005446292,2.423261784129772e-06,0.1301844127821734,0.8235821339015795,25,20,20
48,6037,0.046231030057034196,2.423261781878728e-06,0.13055271549432904,0.8232138311868549,25,20,20
48,6038,0.007625414477757131,2.4232982942738205e-06,0.13358875698490258,0.8587834052390458,25,20,20
48,6039,0.044118864949331246,1.6487342457005455e-07,0.09772198609137667,0.8581589840858677,25,20,20
48,6040,0.0441188649493288,1.6487343173717492e-07,0.10387927807880205,0.8520016920984373,25,20,20
48,6041,0.04411885764979358,1.6557543416477389e-07,0.10316293391417561,0.8527180428605969,25,20,20
48,6042,0.04411885763943535,1.6557542980794923e-07,0.1030770154162411,0.8528039613688937,25,20,20
48,6043,0.04411885823087621,1.6488715494138613e-07,0.09843042368849143,0.8574505531934774,25,20,20
48,6044,0.044118858230875475,1.648871477744386e-07,0.09218091864993623,0.8637000582320404,25,20,20
48,6045,0.044118858230875586,1.6488714777443803e-07,0.09218562012523117,0.8636953567567456,25,20,20
48,6046,0.04411885823087561,1.6488714784970337e-07,0.09218129499343164,0.8636996818885448,25,20,20
48,6047,0.04411885823105766,1.6488715628105845e-07,0.09218133704608827,0.8636996398356981,25,20,20
48,6048,0.04411885823105719,1.6488699716536384e-07,0.07821149341612241,0.8776694834658233,25,20,20
48,6049,0.04411885823105719,1.6488699716535513e-07,0.07821611219514621,0.8776648646867994,25,20,20
48,6050,0.044118858231060314,1.6488700135307763e-07,0.07848241619037727,0.8773985606915611,25,20,20
48,6051,0.04411885823106033,1.6488700135307757e-07,0.07848244903384971,0.8773985278480889,25,20,20
48,6052,0.04411885823106033,1.6488700564325138e-07,0.07848191934003693,0.8773990575418972,25,20,20
48,6053,0.044118858233654475,1.6488700571850333e-07,0.07848460123520147,0.8773963756441385,25,20,20
48,6054,0.04272798666685808,1.648489308553366e-07,0.07544524565387331,0.881826602830338,25,20,20
48,6055,0.04272798666685807,1.6484893085531432e-07,0.0754452128102234,0.8818266356739879,25,20,20
48,6056,0.03651762228143159,2.91324303461347e-07,0.0841026620522757,0.879379424341989,25,20,20
48,6057,0.03651762228143161,2.913243035379361e-07,0.08410262869470854,0.8793794576995562,25,20,20
48,6058,0.001599412905845655,2.9064389664901164e-07,0.11902070619385677,0.879379590256401,25,20,20
48,6059,0.0015994129058457098,2.906438967992024e-07,0.11911299907937258,0.8792872973708851,25,20,20
48,6060,0.0015994129161309668,2.9064437711813596e-07,0.11947953394117589,0.8789207624983161,25,20,20
48,6061,0.001599412918527021,2.906582273832465e-07,0.11974523307748017,0.8786550633457654,25,20,20
48,6062,0.0015994129185271195,2.9065822309213886e-07,0.1197452663068731,0.8786550301163767,25,20,20
48,6063,0.0015994128389684897,2.8459093327844713e-07,0.11983759062956825,0.8785627119405306,25,20,20
48,6064,0.0015994128389653175,2.8459092909196704e-07,0.11957595893462664,0.8788243436354797,25,20,20
48,6065,0.0015994128389653175,2.845909333076472e-07,0.11958248237374412,0.8788178201963579,25,20,20
48,6066,0.0015994128389661155,2.8459093760008107e-07,0.1195868452349872,0.8788134573351097,25,20,20
48,6067,0.001599412838920588,2.8459093338439174e-07,0.1195868032520725,0.8788134993180741,25,20,20
48,6068,0.0015994128389205861,2.8459093330781154e-07,0.11958210141805237,0.8788182011520942,25,20,20
48,6069,0.0015994128389205723,2.8459093323122256e-07,0.11958210079571943,0.8788182017744272,25,20,20
48,6070,0.0015994128389205742,2.8459093323252413e-07,0.11958019787518807,0.8788201046949585,25,20,20
48,6071,0.0015994128389204623,2.845909333077612e-07,0.11958016234125075,0.8788201402288958,25,20,20
48,6072,0.0015994128391474084,2.8460483536207483e-07,0.11960683606123773,0.8787934664947799,25,20,20
48,6073,0.0015994128391473945,2.84604835285512e-07,0.11960455784139733,0.8787957447146204,25,20,20
48,6074,0.0015994128288620685,2.846043506016924e-07,0.11923141846302637,0.8791688841037613,25,20,20
48,6075,0.001599412828907602,2.846043506756723e-07,0.11922694864889476,0.8791733539178473,25,20,20
48,6076,0.0015994128289076024,2.8460434638403556e-07,0.11923348601763846,0.8791668165491079,25,20,20
48,6077,0.0015994128290897245,2.8460435067516673e-07,0.11923807633373622,0.8791622262328235,25,20,20
48,6078,0.0015994128290896413,2.846043506764878e-07,0.11923348848953247,0.8791668140770273,25,20,20
48,6079,0.0015994128290928373,2.8460435067780857e-07,0.11923822585654253,0.879162076710014,25,20,20
48,6080,0.0015994128289107156,2.8460434646194253e-07,0.1192357992432401,0.8791645033235028,25,20,20
48,6081,0.001599412826497896,2.8460434646195116e-07,0.1192313086492465,0.8791689939199092,25,20,20
48,6082,0.0015994128264978673,2.8460434653458873e-07,0.11923779777294465,0.8791625047962109,25,20,20
48,6083,0.0015994128264978673,2.846043465358865e-07,0.11923779638148081,0.8791625061876751,25,20,20
48,6084,0.00159941282649791,2.846043465372296e-07,0.11923576526637573,0.8791645373027801,25,20,20
48,6085,0.001599412826494729,2.8460459113088356e-07,0.11923586339537233,0.8791644391735418,25,20,20
48,6086,0.0015994128290902209,2.8460459128016406e-07,0.11923753103017615,0.8791627715361424,25,20,20
48,6087,0.001599412829090276,2.8460459128275953e-07,0.11923753302832742,0.8791627695379911,25,20,20
48,6088,0.0015994128289082113,2.846045912061787e-07,0.11923753298709157,0.8791627695794092,25,20,20
48,6089,0.0015994128289081547,2.8460459128141576e-07,0.11923753132188375,0.8791627712446171,25,20,20
48,6090,0.0015994128289081547,2.846045913553869e-07,0.1192376437889518,0.879162658777549,25,20,20
48,6091,2.978635067780757e-05,2.846645451393639e-07,0.12080749144803553,0.8791624375367418,25,20,20
48,6092,2.9786350723334925e-05,2.846645494303133e-07,0.12081401914416327,0.8791559098405641,25,20,20
48,6093,2.978635067779957e-05,2.84664549281073e-07,0.12081378912201184,0.8791561398627614,25,20,20
48,6094,2.978635067774377e-05,2.8466454927975285e-07,0.12081378909714965,0.8791561398876236,25,20,20
48,6095,2.9786350450741857e-05,2.8465064707654665e-07,0.12069493620580013,0.8792749927931023,25,20,20
48,6096,2.97863478826053e-05,2.84650404809223e-07,0.12032407776683549,0.8796458512348774,25,20,20
48,6097,2.9786347700548162e-05,2.8465039630262354e-07,0.12031751399816418,0.879652415003739,25,20,20
48,6098,2.9786347745658284e-05,2.846504004789669e-07,0.12068593179652339,0.8792839972053307,25,20,20
48,6099,2.957805975543514e-05,0.0011200488263048806,0.11947271369421823,0.8793776594197213,25,20,20
48,6100,2.9578059756233863e-05,0.001120048826304807,0.11947271595367585,0.879377657160263,25,20,20
48,6101,2.957805975624737e-05,0.001120048826304808,0.11947047977536573,0.879379893338573,25,20,20
48,6102,2.9578059756235323e-05,0.0011200488263047315,0.11947052028507027,0.8793798528288685,25,20,20
48,6103,2.957805971428991e-05,0.0011200488265428973,0.1194705231269208,0.8793798499868218,25,20,20
48,6104,2.9582137958445167e-05,5.570186535142729e-09,0.11584612790653769,0.8841242843853172,25,20,20
48,6105,2.958213795525104e-05,5.570186495808168e-09,0.11621262528949894,0.883757787002359,25,20,20
48,6106,2.9582137956044638e-05,5.5701864958275425e-09,0.11633567061515232,0.8836347416767047,25,20,20
48,6107,2.9582137956044143e-05,5.570186419273371e-09,0.11633567286235458,0.8836347394295027,25,20,20
48,6108,2.958213795605789e-05,5.570186345311035e-09,0.11633097503514604,0.8836394372567113,25,20,20
48,6109,2.9582137956043056e-05,5.570182167689853e-09,0.11595795419001098,0.8840124581018506,25,20,20
48,6110,2.9582135377854447e-05,5.55632761111146e-09,0.11569058746811274,0.8842798248401814,25,20,20
48,6111,2.9708082617563646e-05,5.4963798589841786e-09,0.11569046143800277,0.8842798249829994,25,20,20
48,6112,2.9708082618362253e-05,5.496380008223888e-09,0.11569043139442169,0.8842798550265796,25,20,20
48,6113,2.9716713454135222e-05,5.496380158262326e-09,0.11569042290644233,0.884279854883723,25,20,20
48,6114,2.9716713450939906e-05,5.496380081677503e-09,0.11568814372293415,0.8842821340672345,25,20,20
48,6115,2.9716713450995573e-05,5.49662300202369e-09,0.11595441317591765,0.8840158646140082,25,20,20
48,6116,2.972514433804836e-05,5.510803585053634e-09,0.11595961477213544,0.8840106545727227,25,20,20
48,6117,2.9725144338060405e-05,5.510803661596722e-09,0.11595961538198166,0.8840106539628765,25,20,20
48,6118,2.972514174256765e-05,5.510803512316221e-09,0.1159579477574531,0.8840123215900006,25,20,20
48,6119,2.972514174256738e-05,5.5108034357136775e-09,0.1159532445370449,0.8840170248104091,25,20,20
48,6120,2.9725141923802725e-05,5.511050029966513e-09,0.11631976032676679,0.8836505090202593,25,20,20
48,6121,2.9725141923003867e-05,5.511049879406296e-09,0.11631967523434855,0.8836505941126785,25,20,20
48,6122,2.9725141919838177e-05,5.510807462165797e-09,0.1159465533469501,0.8840237160003224,25,20,20
48,6123,2.972514191989485e-05,5.510807462163107e-09,0.11603884720530834,0.8839314221419642,25,20,20
48,6124,2.9725141919893617e-05,5.51080738687142e-09,0.11603876413927167,0.8839315052080009,25,20,20
48,6125,2.9725141919907627e-05,5.510807388191519e-09,0.1160388800253407,0.8839313893219318,25,20,20
48,6126,2.9725141918837214e-05,6.2967137224790995e-09,0.11610019974892687,0.8838700688124405,25,20,20
48,6127,2.972514191889424e-05,6.296713797762092e-09,0.11610490161124741,0.8838653669501197,25,20,20
48,6128,2.972514191888049e-05,6.2964692054052394e-09,0.11610014787087641,0.8838701206907355,25,20,20
48,6129,2.972568776122979e-05,9.259578942278819e-10,0.12093658434753783,0.8790336890387431,25,20,20
48,6130,2.972568776197164e-05,9.259580447883567e-10,0.1209319093204565,0.8790383640658235,25,20,20
48,6131,2.972568771644332e-05,9.259537538389114e-10,0.12092530252209231,0.8790449708642373,25,20,20
48,6132,2.97256875343085e-05,9.257092152003335e-10,0.12093016909232437,0.8790401042944318,25,20,20
48,6133,2.9725687534253424e-05,9.257092152002716e-10,0.12093020187565814,0.879040071511098,25,20,20
48,6134,2.9725687534197364e-05,9.257091399396477e-10,0.12092550143518378,0.8790447719515726,25,20,20
48,6135,2.9725687534212357e-05,9.259537239186917e-10,0.1209321343759841,0.8790381390105279,25,20,20
48,6136,2.9725687534211395e-05,9.259537252164248e-10,0.12093221400507494,0.8790380593814371,25,20,20
48,6137,2.972509593247914e-05,9.120144216380075e-10,0.12091997481228088,0.8790502991797721,25,20,20
48,6138,2.972509611286763e-05,9.120180202757344e-10,0.1210267451044411,0.8789435288874278,25,20,20
48,6139,2.9725096156810637e-05,9.120266022021793e-10,0.12089733012420723,0.8790729438676094,25,20,20
48,6140,2.9725096156795905e-05,9.117820934919946e-10,0.12089081245992418,0.879079461532137,25,20,20
48,6141,2.9733502494632497e-05,9.117822449181287e-10,0.12101690924417938,0.8789533563415438,25,20,20
48,6142,2.9725071607578558e-05,8.976016623428939e-10,0.1210074595874353,0.8789628144433556,25,20,20
48,6143,2.9725071608375565e-05,8.97605864834659e-10,0.12113687896746096,0.8788333950633249,25,20,20
48,6144,2.97250716083628e-05,8.976058648578338e-10,0.1211368442394766,0.8788334297913093,25,20,20
48,6145,2.9725071608363767e-05,8.976059401404259e-10,0.12114154607235143,0.8788287279584344,25,20,20
48,6146,2.9725071608376558e-05,8.976059414152535e-10,0.12114374247810926,0.8788265315526764,25,20,20
48,6147,2.9725071608362768e-05,8.976059388195189e-10,0.12114146691187798,0.8788288071189079,25,20,20
48,6148,2.972507160830793e-05,8.976101551426149e-10,0.12114158107721656,0.8788286929535651,25,20,20
48,6149,2.9725071562772585e-05,8.976015731966102e-10,0.12114134571552508,0.8788289283153107,25,20,20
48,6150,2.9725071562716898e-05,8.976016471708833e-10,0.1210491329120467,0.8789211411187889,25,20,20
48,6151,2.9725071562717653e-05,8.976016458507794e-10,0.12104921337112966,0.8789210606597061,25,20,20
48,6152,2.971666522567982e-05,8.978460784262231e-10,0.12092975153999472,0.8790405308969337,25,20,20
48,6153,2.971666522887439e-05,8.978502932534586e-10,0.12092551926422168,0.8790447631726992,25,20,20
48,6154,2.9716665228873405e-05,8.978460042569078e-10,0.12092540310583491,0.8790448793310902,25,20,20
48,6155,2.971666540660845e-05,8.980847084897824e-10,0.12118938339124068,0.878780899045268,25,20,20
48,6156,2.971666540660919e-05,8.980847097651477e-10,0.12118946188329204,0.8787808205532167,25,20,20
48,6157,2.9716665409005292e-05,8.983250760661159e-10,0.12119589816011747,0.8787743842761485,25,20,20
48,6158,2.9716665409061203e-05,8.985680704058558e-10,0.12146224869383965,0.8785080337421833,25,20,20
48,6159,2.971666540906218e-05,8.985680717035889e-10,0.12146232918350229,0.8785079532525208,25,20,20
48,6160,2.9712362302649568e-05,1.4028033155360124e-06,0.12145593346826572,0.8785129513661161,25,20,20
48,6161,2.9712364897757636e-05,1.402803560194843e-06,0.12146255832742056,0.8785063265041215,25,20,20
48,6162,2.9712364897758622e-05,1.4028035601221925e-06,0.12146252355965582,0.8785063612718862,25,20,20
48,6163,2.971236489770293e-05,1.4028033171265772e-06,0.12119617363611866,0.8787727111956665,25,20,20
48,6164,2.971236471805839e-05,1.402803074825264e-06,0.12082320995314465,0.8791456748790623,25,20,20
48,6165,2.9712956392196178e-05,1.4028035597690759e-06,0.12082403533389215,0.8791448489061557,25,20,20
48,6166,2.9712956392196195e-05,1.4028035598430473e-06,0.12082411638001368,0.8791447678600341,25,20,20
48,6167,2.9712956389800007e-05,1.4028033195502256e-06,0.12082218700137486,0.8791466972389158,25,20,20
48,6168,2.9712956389001468e-05,1.40280331518643e-06,0.1208175639089708,0.8791513203313249,25,20,20
48,6169,2.9721335029920485e-05,1.4028033195261225e-06,0.12107470436059867,0.8788941715010516,25,20,20
48,6170,2.972133760042635e-05,1.4028033194847417e-06,0.12144808634983825,0.8785207895092415,25,20,20
48,6171,0.0015992077376974325,1.4036314417471021e-06,0.11987837801529264,0.8785210106155678,25,20,20
48,6172,0.0015992071460273014,1.4036309568801016e-06,0.11987541653407863,0.8785239726889368,25,20,20
48,6173,0.0015992071434560518,1.4036309526298637e-06,0.11950195793098409,0.878897431294607,25,20,20
48,6174,0.034988014314587784,1.6185659355197694e-09,0.0861200645388978,0.878891919527948,25,20,20
48,6175,0.03498801431458699,1.618561659056877e-09,0.0859906437662333,0.8790213403006176,25,20,20
48,6176,0.03498801431458709,1.61877785568401e-09,0.09064950184173495,0.8743624822248998,25,20,20
48,6177,0.03498801431458946,1.618777781202603e-09,0.09091571901794132,0.8740962650486911,25,20,20
48,6178,0.03498801431458946,1.6187777072310183e-09,0.09091563795278634,0.8740963461138462,25,20,20
48,6179,0.034988014314589526,1.6187777825458259e-09,0.09091567232258481,0.8740963117440477,25,20,20
48,6180,0.03498801431458947,1.6187777085511175e-09,0.09091567133674755,0.8740963127298851,25,20,20
48,6181,0.034988014314589484,1.6190223040744024e-09,0.09092033239932668,0.8740916516670613,25,20,20
48,6182,0.02833910563436935,1.5460546186712167e-08,0.08557329473963733,0.8860875841654469,25,20,20
48,6183,0.028339105634370147,1.546054633465455e-08,0.08557329874641116,0.8860875801586723,25,20,20
48,6184,0.0016833445715739976,8.528381574638229e-08,0.12422596035257755,0.8740906097920329,25,20,20
48,6185,0.0016833445715740533,8.528381996222182e-08,0.12423058143614227,0.874085988708464,25,20,20
48,6186,0.0016833445715700463,8.528381566973024e-08,0.12422619409749118,0.8740903760471234,25,20,20
48,6187,0.0016833445717521595,8.528382003463817e-08,0.12423268672918031,0.8740838834152478,25,20,20
48,6188,0.0016833445717521734,8.528382003331788e-08,0.12423921265564804,0.87407735748878,25,20,20
48,6189,0.0016833445717490542,8.528382010777448e-08,0.1239794770172935,0.8743370931271376,25,20,20
48,6190,0.0016833445717521222,8.52838462524887e-08,0.11969373740530667,0.8786228327390943,25,20,20
48,6191,0.0016833445717521212,8.52838462511686e-08,0.11969377011923532,0.8786228000251657,25,20,20
48,6192,0.00168334457175212,8.528384624987088e-08,0.1196937367108625,0.8786228334335385,25,20,20
48,6193,0.001683344571752107,8.528384624987107e-08,0.11968721077409895,0.8786293593703022,25,20,20
48,6194,0.0016833445809410702,8.529618358699144e-08,0.12429517745477962,0.8740213926680959,25,20,20
48,6195,0.001683344580760906,8.451003065845102e-08,0.12386073635172835,0.8744558345574802,25,20,20
48,6196,0.0016833445805800311,8.451003000677357e-08,0.12396750604507684,0.8743490648643136,25,20,20
48,6197,0.0016833445805832265,8.451003000936948e-08,0.12396766728045176,0.8743489036289354,25,20,20
48,6198,0.0016833445805824832,8.451003418500311e-08,0.12434068608425211,0.8739758848251316,25,20,20
48,6199,0.0016833445805824832,8.451003426026318e-08,0.12434530686638741,0.8739712640429963,25,20,20
48,6200,0.0016833362019415634,8.451002999483761e-08,0.12435438348290415,0.8739621958051247,25,20,20
48,6201,0.0016833361993464553,8.450978541127645e-08,0.12434775921061032,0.8739688200802579,25,20,20
48,6202,0.0016833361993464691,8.45097854852391e-08,0.12434775925103214,0.8739688200398361,25,20,20
48,6203,0.0016833361993432874,8.450978548523858e-08,0.12434921690322981,0.8739673623876415,25,20,20
48,6204,0.001683336199340178,8.450954743422288e-08,0.12397621549339018,0.8743403637977224,25,20,20
48,6205,0.0016833361993409206,8.450954728500812e-08,0.12396976525220726,0.8743468140389047,25,20,20
48,6206,0.00168333619934092,8.450954720972553e-08,0.12396506341933239,0.8743515158717794,25,20,20
48,6207,8.414545016252239e-05,8.439351124403956e-08,0.1255642784675065,0.8743514916888202,25,20,20
48,6208,8.455994397084049e-05,2.351699177763648e-06,0.12556179359166117,0.8743512947651908,25,20,20
48,6209,0.011884742073863055,8.3895637928311e-08,0.11376387826166859,0.8743512957688298,25,20,20
48,6210,0.01188474207386307,8.389563792835655e-08,0.11376383715779337,0.8743513368727049,25,20,20
48,6211,0.011884742073866266,8.389564221999371e-08,0.11376395336399202,0.8743512206664988,25,20,20
48,6212,0.011884742073866323,8.389588521381006e-08,0.11403022278214861,0.8740849512480993,25,20,20
48,6213,0.011884742073866281,8.389588096420525e-08,0.1136572019749212,0.8744579720553309,25,20,20
48,6214,0.011884742076162356,8.389610073581475e-08,0.11805027080499148,0.8700649032227448,25,20,20
48,6215,0.011884742075319534,6.815747429251412e-06,0.11804467172053774,0.8700637704567137,25,20,20
48,6216,0.012584790306484803,8.050234265671304e-06,0.11733735143758936,0.8700698080216608,25,20,20
48,6217,0.012584790306484817,8.050234265745277e-06,0.11733735343214181,0.8700698060271083,25,20,20
48,6218,0.011800907726265374,6.732600704775383e-06,0.1181287232583841,0.8700636364146463,25,20,20
48,6219,0.011800907728834202,6.732614504550104e-06,0.11854130685321188,0.8696510528034499,25,20,20
48,6220,0.011800907729016343,6.732614508916989e-06,0.11854150413293961,0.8696508555235356,25,20,20
48,6221,0.011800907731611392,6.732614749278842e-06,0.11854445921963745,0.8696479004340023,25,20,20
48,6222,0.011800907722425624,6.732602656525251e-06,0.113943114536067,0.8742492451388513,25,20,20
48,6223,0.011800907722425667,6.732602656674445e-06,0.1139496793593008,0.8742426803156172,25,20,20
48,6224,0.01180090772502114,6.7326024143331035e-06,0.11357681540130729,0.8746155442712578,25,20,20
48,6225,0.011800907722429215,6.733389488885824e-06,0.11394490223005489,0.8742474566580275,25,20,20
48,6226,0.011800907722426018,6.733389484594188e-06,0.11394470692161975,0.87424765196647,25,20,20
48,6227,0.01180090815059849,6.733399573183938e-06,0.12500348991934238,0.8631888685304863,25,20,20
48,6228,0.011800908150598506,6.732612254053526e-06,0.12462782742145576,0.8635645318156919,25,20,20
48,6229,0.011800908150598508,6.732612254054847e-06,0.12463252924307801,0.8635598299940697,25,20,20
48,6230,0.011800908150416367,6.732612249687918e-06,0.12463249432432438,0.8635598649130098,25,20,20
48,6231,0.011800908148120307,6.732612029842044e-06,0.11997320846140655,0.8682191507784437,25,20,20
48,6232,0.011800908148120293,6.7326117853204804e-06,0.11997507111243437,0.8682172881276605,25,20,20
48,6233,0.011800908148123474,6.7326120299027025e-06,0.11998015468398976,0.8682122045558571,25,20,20
48,6234,0.011800908158426849,6.732625866600659e-06,0.12028211670653319,0.8679102425091736,25,20,20
48,6235,0.011800908158423709,6.732625626268055e-06,0.1206485155519688,0.8675438436639814,25,20,20
48,6236,0.01180090815842364,6.732625622051192e-06,0.12091472742128348,0.867277631794671,25,20,20
48,6237,0.01180090815842678,6.732625866485495e-06,0.12091482768088076,0.8672775315348262,25,20,20
48,6238,0.011800908155858008,6.732612066784715e-06,0.12050694395063914,0.8676854152814363,25,20,20
48,6239,0.01180090815326248,6.73261206678212e-06,0.12050672598652101,0.86768563324815,25,20,20
48,6240,0.011800908153259973,6.732623587254171e-06,0.1267496077030855,0.8614427515200674,25,20,20
48,6241,0.011800908153259973,6.732623587254201e-06,0.12674498891973746,0.8614473703034154,25,20,20
48,6242,0.011800908153259973,6.732623587254201e-06,0.12674498891973746,0.8614473703034154,25,20,20
48,6243,0.011800908153259173,6.732623587254202e-06,0.1267495361878354,0.861442823035318,25,20,20
48,6244,0.011800908153438112,6.732623342745972e-06,0.12674514371231588,0.8614472155109031,25,20,20
48,6245,0.011800908153437312,6.732623098162016e-06,0.1267385127298289,0.8614538464936357,25,20,20
48,6246,0.011808930331300987,6.732112149304574e-06,0.12673042906212822,0.8614539084944214,25,20,20
48,6247,0.011808930331300944,6.732112145053672e-06,0.12635744104027397,0.86182689651628,25,20,20
48,6248,0.011808930331297748,6.732112144978403e-06,0.12635735806088766,0.8618269794956694,25,20,20
48,6249,0.01180893033129768,6.732111906198947e-06,0.12609761204653094,0.8620867255102648,25,20,20
48,6250,0.011808930331296996,6.732100141144675e-06,0.11984813974685088,0.8683361978217106,25,20,20
48,6251,0.011808930331296996,6.732100145361019e-06,0.11984822111728267,0.8683361164512745,25,20,20
48,6252,0.011808930331296983,6.732100145287049e-06,0.1198481072174136,0.8683362303511437,25,20,20
48,6253,0.011808930331296983,6.7321001495399385e-06,0.1202211705627413,0.8679631670058116,25,20,20
48,6254,0.011808930331296999,6.732100153830843e-06,0.12022777648062374,0.8679565610879248,25,20,20
48,6255,0.024610615494591807,7.089163710282333e-06,0.1074257043452964,0.8679565909964013,25,20,20
48,6256,0.0246106154957242,1.9932321787001252e-05,0.10741342426656543,0.867956027915924,25,20,20
48,6257,0.02461061557519935,2.055352453179237e-05,0.10731651307669572,0.8680523178235738,25,20,20
48,6258,0.024610615575199408,2.055352453186764e-05,0.10731659357230745,0.8680522373279619,25,20,20
48,6259,0.0246106155752026,2.0553524531942933e-05,0.10731667610459608,0.86805215479567,25,20,20
48,6260,0.0246106155752026,2.0553524531866873e-05,0.10705042421656023,0.8683184066837059,25,20,20
48,6261,0.0246106155752026,2.055352453186687e-05,0.1070504841536785,0.8683183467465877,25,20,20
48,6262,0.0246106155752026,2.0553524531866917e-05,0.10705032295415545,0.8683185079461105,25,20,20
48,6263,0.024610615575020523,2.055352453608144e-05,0.10705271451278608,0.8683161163876576,25,20,20
48,6264,0.024610615574838412,2.0553524531715257e-05,0.10704622185648786,0.8683226090441424,25,20,20
48,6265,0.02461061558519662,2.0553524775776292e-05,0.10713849562545247,0.8682303352645755,25,20,20
48,6266,0.02461061557489642,2.0553524789446e-05,0.10709928122560075,0.8682695496747137,25,20,20
48,6267,0.024610615574897216,2.0553524793736314e-05,0.10709936404615285,0.8682694668541566,25,20,20
48,6268,0.024610615574897216,2.0553524793662344e-05,0.10709939546204363,0.8682694354382661,25,20,20
48,6269,0.024610615574894034,2.0553524793662338e-05,0.10710401280372475,0.8682648180965881,25,20,20
48,6270,0.024610615574893982,2.055352478944778e-05,0.10710591343069613,0.868262917469621,25,20,20
48,6271,0.024610615564535778,2.055352454538804e-05,0.10701367305579035,0.868355157855129,25,20,20
48,6272,0.02461061556453576,2.055352454531145e-05,0.10701353061536688,0.8683553002955526,25,20,20
48,6273,0.024610615564716203,2.055352479190443e-05,0.10738653894479633,0.867982291965696,25,20,20
48,6274,0.024610615564898332,2.0553525036429804e-05,0.10738575087869005,0.8679830800313755,25,20,20
48,6275,0.024610615564898276,2.0553525036431088e-05,0.10739227257654459,0.867976558333521,25,20,20
48,6276,0.024610615564898332,2.0553525036431088e-05,0.10739235308104014,0.8679764778290254,25,20,20
48,6277,0.024611094347205056,2.0553776443684163e-05,0.10739194078899551,0.8679764110873563,25,20,20
48,6278,0.024611094347387178,2.0553776683989487e-05,0.10739016982199363,0.8679781820539357,25,20,20
48,6279,0.024611094347205056,2.055377643946851e-05,0.10738545017053232,0.8679829017058236,25,20,20
48,6280,0.02461109434720586,2.055379037745618e-05,0.10701624747245361,0.8683521043899636,25,20,20
48,6281,0.024611094347244577,3.6379543667923e-07,0.10703639104311038,0.8683521508142092,25,20,20
48,6282,0.024611094347244577,3.6379543660653856e-07,0.107302608354294,0.8680859335030259,25,20,20
48,6283,0.03967915348895397,6.517617088089144e-09,0.09223493568523121,0.8680859043081984,25,20,20
48,6284,0.03967915348895398,6.517617088112322e-09,0.09223482388989412,0.8680860161035355,25,20,20
48,6285,0.03967915348895405,6.517617163376153e-09,0.09223292187661061,0.8680879181168188,25,20,20
48,6286,0.03967915348877363,6.517370719643772e-09,0.09186450095111078,0.8684563390427457,25,20,20
48,6287,0.039679153488955815,6.517370870222404e-09,0.09186604410914226,0.8684547958845318,25,20,20
48,6288,0.039679153488955246,6.517130547320238e-09,0.09199166564418255,0.8683291743497322,25,20,20
48,6289,0.039679153488956086,6.517134827582411e-09,0.09208387777689488,0.8682369622170149,25,20,20
48,6290,0.03967915348895529,6.517130609939206e-09,0.09208376355088392,0.8682370764430307,25,20,20
48,6291,0.039679153489137364,6.517130685199879e-09,0.09208596186882573,0.8682348781249069,25,20,20
48,6292,0.03967915348931949,6.517130611246024e-09,0.09208138266872384,0.8682394573248267,25,20,20
48,6293,0.03967915348931944,6.517130686506506e-09,0.0920860020107866,0.8682348379827638,25,20,20
48,6294,0.03967915712379281,1.5939216532535054e-05,0.09216640159155003,0.8681385020681249,25,20,20
48,6295,0.03967915712379281,1.5939216532532475e-05,0.09190014944685743,0.8684047542128175,25,20,20
48,6296,0.03967915712378964,1.5939202682164794e-05,0.09163270197565558,0.8686722016978728,25,20,20
48,6297,0.039679157123792795,1.593920268223824e-05,0.09189904745982735,0.8684058562136979,25,20,20
48,6298,0.03967915712379285,1.5939202682240834e-05,0.09190366990399582,0.8684012337695293,25,20,20
48,6299,0.03967915712379606,1.5939202682317426e-05,0.09190381035561689,0.8684010933179048,25,20,20
48,6300,0.03967915712379606,1.5939202682316105e-05,0.09189922498070724,0.8684056786928147,25,20,20
48,6301,0.03967915712379606,1.5939202686531764e-05,0.09190574841964728,0.8683991552538705,25,20,20
48,6302,0.03967915712379605,1.593920268638384e-05,0.0919010761172618,0.8684038275562561,25,20,20
48,6303,0.03967915712361391,1.5939202686233338e-05,0.09189879522984729,0.8684061084438529,25,20,20
48,6304,0.02322483149486129,1.5939202532299282e-05,0.1083531225770555,0.8684061067255514,25,20,20
48,6305,0.023224831494679722,1.593920252802023e-05,0.10822358784672532,0.8685356414560674,25,20,20
48,6306,0.023224831507481083,1.5943122705665137e-05,0.14466996836907042,0.8320892570007438,25,20,20
48,6307,0.023224831507481083,1.594312270566386e-05,0.14466996781780428,0.8320892575520098,25,20,20
48,6308,0.015850736584123473,1.6380214690030892e-05,0.151926890122297,0.8322059930788903,25,20,20
48,6309,0.03856836487233002,1.5943135050038907e-05,0.1293264310997831,0.8320892608928371,25,20,20
48,6310,0.03856836487233001,1.5943135049888366e-05,0.1293217298119751,0.8320939621806452,25,20,20
48,6311,0.038568364872330015,1.5943135049888373e-05,0.12931740317259383,0.8320982888200263,25,20,20
48,6312,0.03947794361726726,1.5943487298418678e-05,0.12840773161985106,0.8320983812755834,25,20,20
48,6313,0.03947794526510814,2.315360805786043e-05,0.1318612352519377,0.828637665874897,25,20,20
48,6314,0.03946914127830095,2.3153348485315085e-05,0.13187003945712733,0.8286376659160871,25,20,20
48,6315,0.039469141288683014,2.315334848546303e-05,0.1318655401669543,0.828642165195878,25,20,20
48,6316,0.03946914128868302,2.315334848553957e-05,0.13187024150656282,0.8286374638562694,25,20,20
48,6317,0.0394691414360904,2.315334848561724e-05,0.13201575799297785,0.8284919472224469,25,20,20
48,6318,0.039469139775701996,3.0115766339264333e-05,0.13200940064818936,0.8284913438097701,25,20,20
48,6319,0.039469140604374,3.366451855269804e-05,0.1320058514844044,0.8284913433926698,25,20,20
48,6320,0.03946914060437326,3.3664504610534044e-05,0.13200206617896404,0.8284951287120531,25,20,20
48,6321,0.039469140604374044,3.3664504610535345e-05,0.13200206621403246,0.8284951286769839,25,20,20
48,6322,0.016996729825656136,3.412542694083989e-05,0.1544740719431677,0.8284950728042364,25,20,20
48,6323,0.016996743875184354,0.013997429667114682,0.14051075354278772,0.8284950729149142,25,20,20
48,6324,0.016996743864802284,0.013997429667114609,0.14051715469062137,0.8284886717774625,25,20,20
48,6325,0.0169967438648023,0.013997429667114612,0.140519433428711,0.8284863930393729,25,20,20
48,6326,0.016996744452633,0.013997429667114586,0.1407800406170904,0.8282257852631625,25,20,20
48,6327,0.016996730450211658,0.03829243522362772,0.1164850488705215,0.8282257854556395,25,20,20
48,6328,0.016996730450211658,0.03829243522363201,0.11648972255906215,0.8282211117670946,25,20,20
48,6329,0.016996730450211658,0.03829243522363193,0.1164916254449777,0.8282192088811791,25,20,20
48,6330,0.016996729862380943,0.038292435223627755,0.11622668990050966,0.828484145013482,25,20,20
48,6331,0.01699672986237777,0.03829243522362768,0.11596034244315684,0.8287504924708381,25,20,20
48,6332,0.016996729862195626,0.0382924352236276,0.11596021976976456,0.8287506151444126,25,20,20
48,6333,0.016996729862195626,0.03829243522362338,0.11595369633064695,0.8287571385835342,25,20,20
48,6334,0.016996729862195626,0.03829243522386369,0.11595833454749954,0.8287525003664414,25,20,20
48,6335,0.016996729862195626,0.03829243522386369,0.11595833605029764,0.8287524988636433,25,20,20
48,6336,0.01699672943402311,0.038292435213775185,0.10489955363940051,0.8398112817128015,25,20,20
48,6337,0.01699672943402311,0.038292435213775185,0.10489966807427802,0.8398111672779239,25,20,20
48,6338,0.016996729434023125,0.03829243521377534,0.10489974974082532,0.8398110856113766,25,20,20
48,6339,0.016996729434023125,0.03829243521377534,0.10489997972629923,0.8398108556259026,25,20,20
48,6340,0.01699931010967908,0.03829266258942878,0.10483539906223055,0.8398726282386617,25,20,20
48,6341,0.016999310109724608,0.038292662589673364,0.10484198969922937,0.8398660376013729,25,20,20
48,6342,0.016999310109724605,0.03829266258967329,0.10484190664555584,0.8398661206550464,25,20,20
48,6343,0.01699931006236306,0.039997752237269674,0.10313681734849077,0.8398661203518766,25,20,20
48,6344,0.016999310062363004,0.039997752237265455,0.10313222907310149,0.8398707086272702,25,20,20
48,6345,0.016999310062363004,0.039997752237265455,0.10313693016520858,0.8398660075351632,25,20,20
48,6346,0.016999310062408058,0.03999775223726964,0.10350343705953574,0.8394995006407868,25,20,20
48,6347,0.016999310062408114,0.03999775223726964,0.10349686135001523,0.8395060763503072,25,20,20
48,6348,0.01699931006482104,0.03999775223726956,0.10350193908211701,0.8395009986157926,25,20,20
48,6349,0.016999310064817835,0.03999775223726956,0.10350187910984383,0.8395010585880687,25,20,20
48,6350,0.016999310064821017,0.03999775223726956,0.10350649954605834,0.8394964381518509,25,20,20
48,6351,0.01699931006477629,0.039997752237269577,0.10350462996082416,0.8394983077371299,25,20,20
48,6352,0.016999310064776358,0.039997752237273795,0.10349976871642942,0.8395031689815202,25,20,20
48,6353,0.016999310062181253,0.039997752237278056,0.10375936665914162,0.839243571041399,25,20,20
48,6354,0.016999343535223425,0.03999775225111474,0.10406134213237221,0.8389415620812894,25,20,20
48,6355,0.01699934353522268,0.03999775225087015,0.10405658913760492,0.8389463150763021,25,20,20
48,6356,0.01699934353522586,0.03999775225087014,0.10405664992603737,0.8389462542878665,25,20,20
48,6357,0.039168579351715124,0.03999729132594642,0.08188791495759665,0.8389462143647417,25,20,20
48,6358,0.03916857935171826,0.039997291325950785,0.08188803027482573,0.8389460990475051,25,20,20
48,6359,0.03916857935172146,0.03999729132595507,0.08188803264826776,0.8389460966740556,25,20,20
48,6360,0.03916857935167635,0.039997291325950896,0.08151962224416755,0.8393145070782052,25,20,20
48,6361,0.03916857935167315,0.03999729132594661,0.0815149194649778,0.8393192098574024,25,20,20
48,6362,0.03916857935167315,0.03999729132594653,0.08151272380670925,0.8393214055156709,25,20,20
48,6363,0.03916857935167715,0.039997291326191134,0.08151192996673709,0.8393221993553942,25,20,20
48,6364,0.03916857935167716,0.03999729132619121,0.0815120116683226,0.8393221176538087,25,20,20
48,6365,0.03916857935167397,0.03999729132618692,0.08151195037972124,0.8393221789424176,25,20,20
48,6366,0.03916857935251548,0.038780813782397866,0.08272842792276455,0.8393221789423216,25,20,20
48,6367,0.039168579352515484,0.038780813782397866,0.08272850901047635,0.83932209785461,25,20,20
48,6368,0.039969964375102,0.038780813426710255,0.0819271243430436,0.8393220978551439,25,20,20
48,6369,0.039969964385415044,0.03878081342695318,0.08219121394676536,0.8390580082408661,25,20,20
48,6370,0.039969964385415106,0.03878081342694884,0.0819249631275135,0.8393242590601223,25,20,20
48,6371,0.039969964385414315,0.03878081342694659,0.082293250098145,0.8389559720894938,25,20,20
48,6372,0.03996996438541439,0.03878081342694659,0.0822932836076779,0.8389559385799609,25,20,20
48,6373,0.03996996438545999,0.03878081342695081,0.08229980932584495,0.838949412861744,25,20,20
48,6374,0.039969964385460514,0.0387808134269509,0.09626960134946855,0.8249796208381199,25,20,20
48,6375,0.03996996438462651,0.03940904874002933,0.09564136603712806,0.8249796208382159,25,20,20
48,6376,0.03996996438462644,0.039409048740025036,0.09563973695201321,0.8249812499233351,25,20,20
48,6377,0.03996996438462638,0.039409048740025036,0.09563970411862135,0.8249812827567271,25,20,20
48,6378,0.03996996438462632,0.03940904874002504,0.09563973608623583,0.8249812507891126,25,20,20
48,6379,0.039969964374313285,0.03940904873978634,0.09537997483792279,0.8252410120479774,25,20,20
48,6380,0.039969964374313285,0.03940904873978626,0.09538000625381363,0.8252409806320867,25,20,20
48,6381,0.03996996437426768,0.039409048739781974,0.09537347856947669,0.8252475083164735,25,20,20
48,6382,0.03996996437426763,0.039409048739781974,0.09574646583794263,0.8248745210480075,25,20,20
48,6383,0.0399700235226222,0.03940906409012851,0.09574639083745522,0.8248745215497935,25,20,20
48,6384,0.03997002352262222,0.03940906409012858,0.09575288117169987,0.8248680312155489,25,20,20
48,6385,0.03997002337521564,0.03940906409012851,0.09560747883530828,0.8250134336993472,25,20,20
48,6386,0.03997002337539696,0.03940906409013279,0.0956119529996252,0.8250089595348445,25,20,20
48,6387,0.03997002337799207,0.039409064090377456,0.09561857784647873,0.8250023346851515,25,20,20
48,6388,0.0399700233754425,0.03940906409013716,0.09561206980794995,0.8250088427264701,25,20,20
48,6389,0.027908451424781437,0.03940982379185361,0.1076727008341933,0.8250090239491715,25,20,20
48,6390,0.027908451424781437,0.039409823791857895,0.10767266750706432,0.825009057276296,25,20,20
48,6391,0.027908451424782234,0.03940982379186227,0.10767286486934591,0.8250088599140092,25,20,20
48,6392,0.027908451426971324,0.03940986201425614,0.11392421803911783,0.8187574685196544,25,20,20
48,6393,0.027908451426971383,0.03940986201425614,0.11392416919904785,0.8187575173597241,25,20,20
48,6394,0.027908451426971438,0.03940986201425614,0.11392413726612016,0.8187575492926519,25,20,20
48,6395,0.02790845142697171,0.03940986201450073,0.09995592768937164,0.8327257588691555,25,20,20
48,6396,0.027908387734708766,0.03939711642892802,0.09996873746925125,0.8327257583671116,25,20,20
48,6397,0.027908387734708766,0.03939711642892802,0.09996862164703771,0.832725874189325,25,20,20
48,6398,0.027908387734709564,0.03939711642892802,0.09997052685660873,0.8327239689797531,25,20,20
48,6399,0.027908387732519677,0.039397078206534035,0.09409207962945354,0.8386024544314923,25,20,20
48,6400,0.027908387732512235,0.039975872909066214,0.0935132849214704,0.8386024544369506,25,20,20
48,6401,0.02790838773251217,0.03997625745859731,0.09351290037749382,0.8386024544313961,25,20,20
48,6402,0.02790838773251215,0.03997625745859738,0.09351290100771528,0.8386024538011747,25,20,20
48,6403,0.027908387733353388,0.03874439799149864,0.09474476047388,0.8386024538012674,25,20,20
48,6404,0.02790838773288196,0.052913954484325926,0.08057520386924652,0.8386024539135449,25,20,20
48,6405,0.027908387732881946,0.052913954484325856,0.08056860162421527,0.8386090561585763,25,20,20
48,6406,0.02790838773292748,0.05291395448433022,0.08057100557216733,0.8386066522105744,25,20,20
48,6407,0.02790838773292748,0.05291395448432594,0.08056448015472491,0.8386131776280213,25,20,20
48,6408,0.027908387732927538,0.0529139544843218,0.08057088838251386,0.8386067694002364,25,20,20
48,6409,0.027908387732882005,0.0529139544843175,0.08056851485540166,0.8386091429273983,25,20,20
48,6410,0.027908387732882,0.052913954484313255,0.08019541297254688,0.8389822448102575,25,20,20
48,6411,0.02790838773288126,0.052913954484313255,0.08018892707367695,0.8389887307091282,25,20,20
48,6412,0.02149319783000958,0.05291383944909004,0.0866014428908209,0.838991519830079,25,20,20
48,6413,0.02149319783000964,0.05291383944909004,0.08660298476857879,0.8389899779523211,25,20,20
48,6414,0.02149319783000958,0.052913839449089964,0.08659649515878506,0.838996467562115,25,20,20
48,6415,0.02149316436734537,0.05291383944919551,0.08629374971419908,0.8392992464692596,25,20,20
48,6416,0.02149316436734537,0.05291383944919544,0.08629374828705018,0.8392992478964085,25,20,20
48,6417,0.021493164356964273,0.052913839435253136,0.08628989723514978,0.8393030989726323,25,20,20
48,6418,0.021493164356964287,0.05291383943525321,0.0862964994801811,0.8392964967276009,25,20,20
48,6419,0.021493164357009764,0.05291383943525336,0.08629505972815033,0.8392979364795861,25,20,20
48,6420,0.02149316435701055,0.052913839435253435,0.08592210091590154,0.8396708952918338,25,20,20
48,6421,0.021493164356968224,0.052913839435253435,0.08592358511787498,0.8396694110899027,25,20,20
48,6422,0.038935289065331655,0.05291319476281596,0.06848498093177952,0.8396665352400727,25,20,20
48,6423,0.03893528906533159,0.0529131947628159,0.068491502626573,0.8396600135452794,25,20,20
48,6424,0.03893528906533155,0.0529131947628159,0.06849142318261166,0.8396600929892408,25,20,20
48,6425,0.03893528906533154,0.05291319476257356,0.06811838176619725,0.8400331344058977,25,20,20
48,6426,0.03893528906533148,0.05291319476257348,0.06811834169796996,0.8400331744741252,25,20,20
48,6427,0.03893528906533468,0.05291319476257356,0.06811831173380661,0.840033204438285,25,20,20
48,6428,0.038935289065334694,0.05291319476257349,0.06811828537453016,0.8400332307975615,25,20,20
48,6429,0.03893286123405357,0.05292469683858668,0.06811506137750513,0.840027380549854,25,20,20
48,6430,0.0389328612340536,0.05292469683858662,0.06811660117188018,0.8400258407554791,25,20,20
48,6431,0.03807104610351062,0.05292469684422635,0.06897851079064687,0.8400257462616156,25,20,20
48,6432,0.03807104610350523,0.0770299153475509,0.04487329239956543,0.840025746149378,25,20,20
48,6433,0.03807104610368414,0.07702991534755081,0.044879937365033484,0.8400191011837311,25,20,20
48,6434,0.038071046103680936,0.07702991534755073,0.044884874714038944,0.840014163834729,25,20,20
48,6435,0.03807104610368099,0.07702991534755083,0.04488487616644333,0.8400141623823245,25,20,20
48,6436,0.03807104610368099,0.07702991534755503,0.04488493019729392,0.8400141083514698,25,20,20
48,6437,0.038071046103680194,0.07702991534755917,0.0448894893058149,0.8400095492429455,25,20,20
48,6438,0.038071046103680194,0.07702991534755918,0.044889522689776105,0.8400095158589843,25,20,20
48,6439,0.03807104610369521,0.07750949096920365,0.04440994706811545,0.8400095158589855,25,20,20
48,6440,0.03807104610369521,0.07750949096920365,0.04440334426774168,0.8400161186593593,25,20,20
48,6441,0.03807104610369521,0.07750949096920365,0.04440337768636908,0.8400160852407319,25,20,20
48,6442,0.03807104610369441,0.07750949096895904,0.044406415984657166,0.8400130469426892,25,20,20
48,6443,0.03807104610369761,0.07750949096896334,0.04440661128113224,0.8400128516462066,25,20,20
48,6444,0.0380708929611566,0.0785838920418529,0.043388257837748606,0.8399569571592412,25,20,20
48,6445,0.0380708929611566,0.0785838920418529,0.04338829120735528,0.8399569237896347,25,20,20
48,6446,0.03807089296133551,0.07858389204186135,0.04339475491654616,0.8399504600802565,25,20,20
48,6447,0.0380708929613355,0.07858389204186135,0.043394751858557686,0.8399504631382451,25,20,20
48,6448,0.038070892961289966,0.07858389204185698,0.04339455315680522,0.8399506618400474,25,20,20
48,6449,0.03807089296128991,0.07858389204185691,0.04339460105234357,0.8399506139445093,25,20,20
48,6450,0.03807089296128991,0.0785838920418612,0.04339919071969545,0.839946024277153,25,20,20
48,6451,0.0380708929611078,0.0785838920418612,0.04339246194993507,0.8399527530470955,25,20,20
48,6452,0.03807089296110781,0.0785838920418612,0.04339246261643293,0.8399527523805977,25,20,20
48,6453,0.03807089296111093,0.07858389204186127,0.04365718789147135,0.8396880271055559,25,20,20
48,6454,0.03807089296111013,0.07858389204161668,0.04365334830413821,0.8396918666931344,25,20,20
48,6455,0.038070892961110187,0.0785838920416167,0.04402174806344057,0.8393234669338321,25,20,20
48,6456,0.03807089296111013,0.07858389204161238,0.04365092231645289,0.8396942926808241,25,20,20
48,6457,0.03807089296092807,0.07858389204160816,0.04364624800282295,0.8396989669946404,25,20,20
48,6458,0.03807089296092808,0.07858389204160388,0.04364814865180394,0.8396970663456637,25,20,20
48,6459,0.03807089296092808,0.0785838920416081,0.04364970523860668,0.8396955097588567,25,20,20
48,6460,0.03807089296074597,0.0785838920415995,0.04364309837335764,0.8397021166242965,25,20,20
48,6461,0.03807089296074602,0.0785838920416038,0.043647801817999536,0.8396974131796502,25,20,20
48,6462,0.038070892971127576,0.0785838920416081,0.04364353825503539,0.8397016767322286,25,20,20
48,6463,0.03807089297117311,0.0785838920416081,0.04364358534803137,0.8397016296391872,25,20,20
48,6464,0.03807089297117073,0.07858389204161231,0.04337743446949136,0.8399677805177252,25,20,20
48,6465,0.03807089297135285,0.0785838920416209,0.04338392827719078,0.839961286709835,25,20,20
48,6466,0.03807089297134965,0.0785838920416166,0.04338890804716667,0.8399563069398667,25,20,20
48,6467,0.03807089297134972,0.07858389204162097,0.04339041782444689,0.8399547971625821,25,20,20
48,6468,0.03807089297153184,0.07858389204162526,0.043395121497518147,0.8399500934893246,25,20,20
48,6469,0.03807089297157732,0.07858389204162526,0.04339737284897824,0.839947842137819,25,20,20
48,6470,0.03807089297156237,0.07858404102076746,0.043397223864557063,0.8399478421431128,25,20,20
48,6471,0.03807089297156238,0.07858404102076753,0.043763738378515334,0.8395813276291545,25,20,20
48,6472,0.03807089297156557,0.07858404102077182,0.043768441959424705,0.8395766240482377,25,20,20
48,6473,0.03807089297156557,0.07858404102101417,0.04413928426684035,0.8392057817405798,25,20,20
48,6474,0.0380708929715201,0.07858404102101409,0.04414170596623726,0.8392033600412284,25,20,20
48,6475,0.03807089297152384,0.07979962633779326,0.04292612064928551,0.8392033600413974,25,20,20
48,6476,0.03884797829990529,0.07979963621842842,0.042149001875996364,0.8392033836056698,25,20,20
48,6477,0.038847978299908444,0.07979963621867299,0.0421575008491701,0.8391948846322486,25,20,20
48,6478,0.03884797829990839,0.0797996362186687,0.04215737840902707,0.8391950070723958,25,20,20
48,6479,0.03884797829972628,0.07979963621866012,0.042150770742058426,0.8392016147395551,25,20,20
48,6480,0.03884797829972709,0.07979963621865584,0.04214618450237577,0.8392062009792413,25,20,20
48,6481,0.038847978289345525,0.07979963621865577,0.042148547399147515,0.8392038380928512,25,20,20
48,6482,0.0388479782893,0.0797996362186557,0.042141934113929864,0.8392104513781143,25,20,20
48,6483,0.03884797821271147,0.0787138675319754,0.04322773083903942,0.8392104234162734,25,20,20
48,6484,0.03884797821271151,0.07871386753197104,0.04322627038609514,0.8392118838692221,25,20,20
48,6485,0.03999768979702745,0.07871385764529039,0.04207659225374753,0.8392118603039342,25,20,20
48,6486,0.03999768979702745,0.07871385764529039,0.04207670611301678,0.839211746444665,25,20,20
48,6487,0.039997689799614156,0.07871385843738338,0.042207281210724264,0.8390811705522779,25,20,20
48,6488,0.039997689845283436,0.07564506754400097,0.045275121880776335,0.839082120729939,25,20,20
48,6489,0.03999768984528333,0.07564506754420737,0.05152453950791492,0.8328327031025942,25,20,20
48,6490,0.03999768984528339,0.07564506754421156,0.05178617094142341,0.8325710716690813,25,20,20
48,6491,0.039997689842696624,0.07564506675211428,0.051651006167529843,0.8327062372376589,25,20,20
48,6492,0.039997689841855914,0.07647214885767052,0.05082392405740884,0.8327062372430645,25,20,20
48,6493,0.03999768984185589,0.07647214885767045,0.0504509192271177,0.8330792420733556,25,20,20
48,6494,0.0399976898418559,0.07647214885746405,0.04420807242990574,0.839322088870774,25,20,20
48,6495,0.03999768984204124,0.07647214885746834,0.044212663356395725,0.8393174979440943,25,20,20
48,6496,0.03999768984208647,0.07647214885747261,0.0444576306145009,0.8390725306859396,25,20,20
48,6497,0.03403989132230294,0.07647214886013441,0.05041542912515391,0.8390725306924084,25,20,20
48,6498,0.03403989132230293,0.0764721488603747,0.05042193690987113,0.8390660229074508,25,20,20
48,6499,0.034039891322117606,0.0764721488603704,0.05041723154852426,0.8390707282689873,25,20,20
48,6500,0.03403989132211766,0.07647214886037049,0.050421769627744695,0.8390661901897668,25,20,20
48,6501,0.03403989132211766,0.07647214886037056,0.050421852681595734,0.8390661071359159,25,20,20
48,6502,0.034039891322114456,0.07647214886012606,0.05041335426032322,0.8390746055574361,25,20,20
48,6503,0.03403989132211531,0.07647214887402448,0.05054293866861988,0.8389450211352403,25,20,20
48,6504,0.03403989132229575,0.07647214888759539,0.05054399752931804,0.8389439622607907,25,20,20
48,6505,0.03403989132229569,0.0764721488875953,0.050539410102154896,0.838948549687954,25,20,20
48,6506,0.03403989132229649,0.07647214888759522,0.0505417281504195,0.8389462316396886,25,20,20
48,6507,0.03403989132229648,0.07647214888759093,0.05054172583442521,0.8389462339556872,25,20,20
48,6508,0.03403989132229648,0.07647214888759095,0.05054169241579781,0.8389462673743148,25,20,20
48,6509,0.03403989132229648,0.07647214888759102,0.05054818271062054,0.8389397770794919,25,20,20
48,6510,0.03396549310760906,0.07647214888490125,0.05062258093446653,0.8389397770730231,25,20,20
48,6511,0.0339654931076098,0.07647214888514156,0.050362952710668624,0.8391994052965799,25,20,20
48,6512,0.033965493107430154,0.07647214887132833,0.04998881335386944,0.839573544667372,25,20,20
48,6513,0.03396549310742935,0.07647214887108382,0.049982191364957594,0.8395801666565292,25,20,20
48,6514,0.03396549310724803,0.07647214887108382,0.04998409283722732,0.8395782651844407,25,20,20
48,6515,0.033965493107248085,0.07647214887108382,0.050076304216604944,0.839486053805063,25,20,20
48,6516,0.03396549310739877,0.07647214952572966,0.057122638695829904,0.8324397186710416,25,20,20
48,6517,0.03396549310739559,0.07647214952548936,0.0571161308863215,0.8324462264807935,25,20,20
48,6518,0.033965493107394794,0.07647214952548945,0.057118431617278115,0.8324439257498376,25,20,20
48,6519,0.03396549310734953,0.07647214952548519,0.05686673171871295,0.8326956256484521,25,20,20
48,6520,0.03396549310734875,0.07647214952572752,0.057239794124456435,0.8323225632424672,25,20,20
48,6521,0.03396549310734873,0.07647214952572323,0.057239598852772584,0.8323227585141554,25,20,20
48,6522,0.033965493107530866,0.0764721495257233,0.057241893379385525,0.8323204639873601,25,20,20
48,6523,0.033965493107576405,0.07647214952572767,0.05723981451759313,0.8323225428491027,25,20,20
48,6524,0.033965493107576475,0.07647214952572781,0.05724201361123714,0.8323203437554585,25,20,20
48,6525,0.033965493107576475,0.07647214952572781,0.05723739425642732,0.8323249631102684,25,20,20
48,6526,0.03396549310757649,0.07647214952572774,0.05723958935210483,0.8323227680145909,25,20,20
48,6527,0.03396549310775775,0.0764721495120782,0.05711667192084849,0.8324456854593155,25,20,20
48,6528,0.03396549310775769,0.07647214951207806,0.057116709908436036,0.8324456474717281,25,20,20
48,6529,0.03396549310775689,0.07647214951207376,0.05711659371421594,0.8324457636659532,25,20,20
48,6530,0.03396549310775689,0.07647214951207806,0.0571212958780199,0.832441061502145,25,20,20
48,6531,0.03396549310775695,0.07647214951207806,0.05712129591315729,0.8324410614670076,25,20,20
48,6532,0.03396549310760629,0.07647214885743214,0.0500707577716297,0.8394916002633316,25,20,20
48,6533,0.0339654931076063,0.07647214885743223,0.05007083818639353,0.8394915198485678,25,20,20
48,6534,0.033965493107606284,0.07647214885743223,0.05007744095236522,0.839484917082596,25,20,20
48,6535,0.033965493061937004,0.07953247438996965,0.04701806564861802,0.839483966899475,25,20,20
48,6536,0.03396549306175498,0.07953247438996965,0.04710807182825899,0.8393939607200162,25,20,20
48,6537,0.033965493061754996,0.07953247438996965,0.04710803128994619,0.8393940012583289,25,20,20
48,6538,0.033965493061754955,0.07953247438996965,0.04701581994588624,0.839486212602389,25,20,20
48,6539,0.03396549306175494,0.07953247438996958,0.04701585129177259,0.8394861812565027,25,20,20
48,6540,0.03396549306175494,0.07953247438996958,0.04738425302813444,0.8391177795201411,25,20,20
48,6541,0.0339654930617512,0.07953206718857533,0.04738466022962986,0.8391177795200435,25,20,20
48,6542,0.03396549306193333,0.07953206718857547,0.047380336186065956,0.8391221035634251,25,20,20
48,6543,0.03396549306193331,0.07953206718833314,0.047007272354328694,0.8394951673954048,25,20,20
48,6544,0.03396549306193336,0.07953206718833306,0.0470072717672874,0.8394951679824462,25,20,20
48,6545,0.033965493061932556,0.07953206718833307,0.047000862478572006,0.8395015772711624,25,20,20
48,6546,0.033965493061931744,0.07953206718833736,0.04700094182124284,0.8395014979284879,25,20,20
48,6547,0.03396549306193176,0.07953206718833736,0.04662795414913219,0.8398744856005986,25,20,20
48,6548,0.03396550017419424,0.07953206720009735,0.05289217296795913,0.8336102596577492,25,20,20
48,6549,0.03396550017419104,0.07953206720009312,0.05289209063243311,0.8336103419932825,25,20,20
48,6550,0.03396550017419103,0.07953206720008885,0.052900790282935616,0.8336016423427843,25,20,20
48,6551,0.03396550017419099,0.07953206720008892,0.05289622981076505,0.8336062028149547,25,20,20
48,6552,0.03396550017419087,0.07953206720008885,0.05280392910451113,0.8336985035212088,25,20,20
48,6553,0.033965500174190935,0.07953206720009315,0.05281053698515831,0.8336918956405573,25,20,20
48,6554,0.033965500174190935,0.07953206720009315,0.05281053899699344,0.8336918936287223,25,20,20
48,6555,0.03396550017419411,0.07953206720009322,0.052812924390026744,0.8336895082356858,25,20,20
48,6556,0.033965500175000524,0.07654936666747363,0.05579562492183832,0.8336895082356874,25,20,20
48,6557,0.03396550017500051,0.07654936666747354,0.055795511032244435,0.8336896221252813,25,20,20
48,6558,0.033965500175000454,0.07654936666746925,0.05578890712223053,0.8336962260352996,25,20,20
48,6559,0.03396550017419424,0.07953222583610779,0.052806047948843665,0.8336962260408542,25,20,20
48,6560,0.033965500174194224,0.07953222583610779,0.0528060207849374,0.8336962532047605,25,20,20
48,6561,0.006046233158007782,0.07953337597886921,0.0807239501730327,0.8336964406900899,25,20,20
48,6562,0.006046233158007785,0.07953337597886928,0.08072397792444919,0.8336964129386734,25,20,20
48,6563,0.006046233305935754,0.07953337597911818,0.08072874329890846,0.8336916474160371,25,20,20
48,6564,0.006046233305935768,0.07953337597911818,0.08073547590456405,0.8336849148103816,25,20,20
48,6565,0.0060462333059357835,0.07953337597911825,0.08073555125663091,0.8336848394583146,25,20,20
48,6566,0.006046233305935769,0.07953337597911832,0.08073987788405743,0.8336805128308882,25,20,20
48,6567,0.006046233158007814,0.07953337597886952,0.080735038032326,0.8336853528307963,25,20,20
48,6568,0.006046233158007825,0.07953337597886943,0.08073504885512892,0.8336853420079935,25,20,20
48,6569,0.006046233158007896,0.07953337599271597,0.08100122433554574,0.8334191665137302,25,20,20
48,6570,0.006046233157825853,0.07953337599246718,0.08099463469743944,0.8334257561522672,25,20,20
48,6571,0.006046233157825837,0.07953337599246718,0.08099235006711016,0.8334280407825965,25,20,20
48,6572,0.006046233157825782,0.07953337597861643,0.08072760097770003,0.8336927898858575,25,20,20
48,6573,0.006046233157825782,0.07953337597861643,0.08073416602870202,0.8336862248348553,25,20,20
48,6574,0.006046383550496096,0.07737533592884976,0.0828920553948098,0.8336862251258441,25,20,20
48,6575,0.006046383550541613,0.07737533592884968,0.08289650473583242,0.833681775784776,25,20,20
48,6576,0.006046383550496085,0.07737533592884968,0.08289202197660017,0.8336862585440538,25,20,20
48,6577,0.006046383550313952,0.07737533592885383,0.08288993782399626,0.8336883426968356,25,20,20
48,6578,0.006046383550313952,0.07737533592885383,0.08289001374841973,0.8336882667724121,25,20,20
48,6579,0.03984910387329969,0.07737418578776481,0.049088606462964535,0.8336881038759708,25,20,20
48,6580,0.039849103873254174,0.07737418578776474,0.04907982198433332,0.8336968883546477,25,20,20
48,6581,0.039849103873254174,0.07737418578776901,0.04908136294099567,0.833695347397981,25,20,20
48,6582,0.03984910387329971,0.07737418578777339,0.049083654993591415,0.8336930553453353,25,20,20
48,6583,0.03984910387329945,0.07740527011910013,0.049052570667821004,0.8336930553397792,25,20,20
48,6584,0.03984910387498847,0.07740527012817382,0.06301613978782841,0.8197294862090091,25,20,20
48,6585,0.03984910387499165,0.07740527012817375,0.0630143310520372,0.819731294944797,25,20,20
48,6586,0.03984909677310809,0.07740527013035314,0.056762351305043895,0.8259832817914946,25,20,20
48,6587,0.039849096773108106,0.0774052701303533,0.05676044840505189,0.8259851846914866,25,20,20
48,6588,0.0398490967731081,0.07740527013035337,0.05676048959968164,0.8259851434968567,25,20,20
48,6589,0.03984909677311128,0.07740527013035323,0.056755897373806465,0.8259897357227288,25,20,20
48,6590,0.039849096773108085,0.07740527013035323,0.05675578831187363,0.8259898447846648,25,20,20
48,6591,0.03984912919105228,0.07740527089418797,0.05831352006631099,0.8244320798484484,25,20,20
48,6592,0.03984912919105657,0.04864597269040909,0.08707281818102164,0.8244320799375118,25,20,20
48,6593,0.039849129191056556,0.04864597269040909,0.08707270229495262,0.8244321958235808,25,20,20
48,6594,0.039849129191056556,0.048645972690413375,0.08707421129223157,0.8244306868262976,25,20,20
48,6595,0.03984912919105661,0.048645972690409225,0.0873403471949481,0.8241645509235852,25,20,20
48,6596,0.03984912919105661,0.04864597269040924,0.08734504643327319,0.8241598516852602,25,20,20
48,6597,0.039849129191059755,0.04864597269040909,0.08708351157117292,0.8244213865473574,25,20,20
48,6598,0.03984912919124181,0.04864597269065367,0.08708852340033153,0.8244163747177723,25,20,20
48,6599,0.039849129189552836,0.04864597268158006,0.07311833555422091,0.8383865625746456,25,20,20
48,6600,0.039849129189552836,0.04864597268158005,0.0731183355644755,0.838386562564391,25,20,20
48,6601,0.03984912918955282,0.04864597268158006,0.07312331670620115,0.8383815814226655,25,20,20
48,6602,0.03984912918955282,0.04864597268158006,0.07312331670620115,0.8383815814226655,25,20,20
48,6603,0.03984897879771313,0.04952139398818967,0.07224804608782631,0.8383815811262703,25,20,20
48,6604,0.039848978797709954,0.049521393988431944,0.07261646502997589,0.8380131621838817,25,20,20
48,6605,0.03984897879752784,0.049521393988183074,0.07260994421385222,0.8380196830004363,25,20,20
48,6606,0.03984897879753098,0.049521393988427594,0.07261466383351571,0.8380149633805252,25,20,20
48,6607,0.039848946379586775,0.04952139322459285,0.0710568175804355,0.8395728428153844,25,20,20
48,6608,0.039848946379586775,0.04952139322459285,0.07105693004220075,0.8395727303536191,25,20,20
48,6609,0.039848946379586775,0.049521393224588636,0.07105234176731094,0.8395773186285134,25,20,20
48,6610,0.03984894637958679,0.049521393224588636,0.07104771988196593,0.8395819405138583,25,20,20
48,6611,0.039982206663004026,0.04952139323544771,0.07091448411631725,0.8395819159852307,25,20,20
48,6612,0.03998220666300412,0.049521393235451995,0.0709160278466056,0.839580372254938,25,20,20
48,6613,0.039982206663004165,0.049521393235209654,0.07054770366319088,0.8399486964385949,25,20,20
48,6614,0.03998220666300422,0.049521393235209724,0.07054767227023634,0.8399487278315493,25,20,20
48,6615,0.039982206663004664,0.04952139323536467,0.08451620302606827,0.825980197075562,25,20,20
48,6616,0.039982206663004664,0.04952139323536467,0.08452082180941631,0.8259755782922139,25,20,20
48,6617,0.039982206663004664,0.04952139323536467,0.0845161060274295,0.8259802940742007,25,20,20
48,6618,0.0399822066630078,0.04952139323536467,0.08451610769059067,0.8259802924110364,25,20,20
48,6619,0.0399822066630078,0.0495213932353646,0.08451602652421769,0.8259803735774095,25,20,20
48,6620,0.03998220666300461,0.0495213932353646,0.08451602483189066,0.8259803752697397,25,20,20
48,6621,0.039982206662962275,0.04952139323536461,0.08452025682428495,0.8259761432773878,25,20,20
48,6622,0.03998220666296229,0.049521393235364676,0.08452028541551691,0.8259761146861557,25,20,20
48,6623,0.039982206662962545,0.04952139323520552,0.07055241173912308,0.8399439883627084,25,20,20
48,6624,0.0399822066621352,0.0512172995653944,0.06885650540975742,0.8399439883627126,25,20,20
48,6625,0.03998247025164656,0.05121729021946541,0.06885622219057931,0.8399440173383081,25,20,20
48,6626,0.03998247025164656,0.05121729021946541,0.06885619031916707,0.8399440492097205,25,20,20
48,6627,0.039982470251646515,0.051217290219465486,0.06885619090620841,0.8399440486226792,25,20,20
48,6628,0.03998247024144966,0.051217290205526185,0.06884857372686257,0.8399516658261612,25,20,20
48,6629,0.03998247024144966,0.05121729020553047,0.06884614793082537,0.839954091622194,25,20,20
48,6630,0.03998247024144537,0.07997642924440444,0.040087008980921573,0.8399540915332281,25,20,20
48,6631,0.039982470241445384,0.07997642924440444,0.04008723954241648,0.8399538609717331,25,20,20
48,6632,0.03998220699874769,0.07997610322311557,0.040087855568684966,0.8399538342094511,25,20,20
48,6633,0.03998220699874802,0.07995461556231065,0.04010934322948966,0.8399538342094511,25,20,20
48,6634,0.03998220699892661,0.07995461556231072,0.040197072458877534,0.8398661049798848,25,20,20
48,6635,0.03998220699874774,0.07995461556231065,0.040192477724423116,0.839870699714518,25,20,20
48,6636,0.03998220699874779,0.07995461556231072,0.040192593025802525,0.8398705844131387,25,20,20
48,6637,0.03998220699874459,0.07995461556230636,0.0401860155286329,0.8398771619103158,25,20,20
48,6638,0.03998220699905202,0.05415284851332164,0.06598778257740764,0.8398771619102183,25,20,20
48,6639,0.03998220700008222,0.052277790715523034,0.06786284036897514,0.8398771619154192,25,20,20
48,6640,0.03998220700008222,0.052277790715522965,0.06786272451704706,0.8398772777673473,25,20,20
48,6641,0.03998220700007977,0.05227779071552312,0.06786731749995285,0.8398726847844438,25,20,20
48,6642,0.039982207000078984,0.05227779071552305,0.06786264589005457,0.8398773563943429,25,20,20
48,6643,0.03998220700007585,0.05227779071527845,0.06812415853558675,0.8396158437490585,25,20,20
48,6644,0.039982207000079026,0.052277790715278376,0.06812569844834952,0.8396143038362927,25,20,20
48,6645,0.039982207000079026,0.052277790715274094,0.06812407698930537,0.8396159252953413,25,20,20
48,6646,0.03945605822000592,0.05227779071542442,0.0686502240631751,0.8396159270013946,25,20,20
48,6647,0.03945605822000592,0.05227779071542442,0.06865026343882813,0.8396158876257416,25,20,20
48,6648,0.03945605823039033,0.05227779071542443,0.06865359842553036,0.839612552628655,25,20,20
48,6649,0.03945605823039033,0.05227779071542443,0.06865367289906882,0.8396124781551164,25,20,20
48,6650,0.03945605823039034,0.05227779071542451,0.06865378878629386,0.8396123622678914,25,20,20
48,6651,0.03945605823039034,0.05227779071542444,0.06865367550738792,0.8396124755467974,25,20,20
48,6652,0.03945605823039034,0.05227779071542444,0.0686536755174856,0.8396124755366999,25,20,20
48,6653,0.03945605823039034,0.052277790715424356,0.0686603790978801,0.8396057719563054,25,20,20
48,6654,0.03945605823039034,0.05227779071542443,0.0686604659331492,0.8396056851210362,25,20,20
48,6655,0.039456058230390466,0.052277790715424356,0.10519793353757734,0.8030682175166082,25,20,20
48,6656,0.03945605823039041,0.052277790715424294,0.10519785622267733,0.8030682948315083,25,20,20
48,6657,0.03945877805249194,0.05227779679159484,0.07696185476076495,0.8313015703951482,25,20,20
48,6658,0.03945877805249199,0.052277796791594854,0.07722158317514068,0.8310418419807722,25,20,20
48,6659,0.039458778052537426,0.052277796791838985,0.07731392793042226,0.830949497225201,25,20,20
48,6660,0.03945877805253741,0.052277796791838915,0.0773185138262522,0.8309449113293712,25,20,20
48,6661,0.03945877804215373,0.05227779679183883,0.07731517856932708,0.8309482465966801,25,20,20
48,6662,0.03945877804215378,0.05227779679183883,0.07731503049968357,0.8309483946663235,25,20,20
48,6663,0.03945877804215379,0.052277796791838985,0.0773196179036133,0.8309438072623935,25,20,20
48,6664,0.03945877804215385,0.05227779679184331,0.07768802000667852,0.8305754051593239,25,20,20
48,6665,0.03945605787285572,0.05227776424470589,0.06592633225276655,0.8423398456296717,25,20,20
48,6666,0.03945605787182178,0.0524573216778031,0.06574677482600008,0.842339845624375,25,20,20
48,6667,0.03945605787182178,0.0524573216778031,0.06574215604697632,0.8423444644033988,25,20,20
48,6668,0.03945605787177642,0.052457321677803564,0.06565464481486565,0.8424319756355544,25,20,20
48,6669,0.03945605787177636,0.05245732167779924,0.06528165605675208,0.8428049643936723,25,20,20
48,6670,0.03945605787177636,0.05245732167779924,0.0652816560567521,0.8428049643936723,25,20,20
48,6671,0.03945605787177631,0.05245732167779924,0.06528165459562088,0.8428049658548035,25,20,20
48,6672,0.0394560578717776,0.028352116273115683,0.0893868599983339,0.8428049658567727,25,20,20
48,6673,0.0394560578717776,0.02835211627311561,0.08938674413613072,0.842805081718976,25,20,20
48,6674,0.03945605787178193,0.02835211627448299,0.09284792467430979,0.8393439011794248,25,20,20
48,6675,0.03945605787177873,0.02835211627448299,0.09285290644604198,0.8393389194076959,25,20,20
48,6676,0.039456057871778714,0.02835211627448299,0.09285087362581024,0.8393409522279276,25,20,20
48,6677,0.039456057871775516,0.028352116274478707,0.09311483432270752,0.8390769915310381,25,20,20
48,6678,0.03945605787182091,0.02835211627448291,0.09323776703576328,0.8389540588179326,25,20,20
48,6679,0.0394560578720365,0.05413330323258813,0.06745658007385656,0.8389540588215183,25,20,20
48,6680,0.03945605787203649,0.05413330323234354,0.06745174799757078,0.8389588908980489,25,20,20
48,6681,0.03945605866667344,0.05414717720785699,0.06737295364797462,0.8390238104774944,25,20,20
48,6682,0.03945605866667356,0.05414717720785706,0.06737457607456546,0.8390221880509035,25,20,20
48,6683,0.039456058666628165,0.05414717720785279,0.06724520236756634,0.8391515617579521,25,20,20
48,6684,0.03945605866662813,0.05414717720785271,0.06697898564799072,0.8394177784775281,25,20,20
48,6685,0.03945605866662813,0.05414717720785272,0.06697246194985332,0.8394243021756655,25,20,20
48,6686,0.039456058666628074,0.05414717720785279,0.06697254159250118,0.8394242225330175,25,20,20
48,6687,0.039456058666628074,0.05414717720785279,0.06697242788854195,0.839424336236977,25,20,20
48,6688,0.039456058666628074,0.05414717720785279,0.06697243048059567,0.8394243336449232,25,20,20
48,6689,0.0394560586667817,0.054147177207860026,0.07295568035888325,0.8334410837664747,25,20,20
48,6690,0.03945605866656482,0.05418871705165274,0.0729141405207663,0.8334410837610159,25,20,20
48,6691,0.03945605866656482,0.05418871705165275,0.07291410550561543,0.8334411187761667,25,20,20
48,6692,0.039456058666564875,0.05418871705165702,0.07304136046543673,0.8333138638163411,25,20,20
48,6693,0.03945605866656488,0.05418871705165703,0.07304139388392789,0.8333138303978498,25,20,20
48,6694,0.03945605866656493,0.05418871705165703,0.07330764401261346,0.8330475802691644,25,20,20
48,6695,0.03945605866656482,0.05418871705165696,0.0733061354596464,0.8330490888221317,25,20,20
48,6696,0.03945605866656482,0.05418871705166125,0.07331072396989419,0.8330445003118796,25,20,20
48,6697,0.039456058666564806,0.0541887170516611,0.0733060226820862,0.8330492015996878,25,20,20
48,6698,0.03945605866656401,0.054188717051661034,0.07331034894819467,0.8330448753335802,25,20,20
48,6699,0.039456058666564056,0.05418871705166112,0.07330844379812314,0.8330467804836517,25,20,20
48,6700,0.03945605866656486,0.05418871705166104,0.0734380130921289,0.8329172111896449,25,20,20
48,6701,0.03945605788768814,0.054175096042587426,0.07351655569369603,0.8328522903760276,25,20,20
48,6702,0.03945605788768814,0.054175096042587426,0.07351883323346596,0.8328500128362576,25,20,20
48,6703,0.03945605788768814,0.0541750960425875,0.0735189136950858,0.8328499323746378,25,20,20
48,6704,0.03945605788768814,0.0541750960425875,0.0732525824826868,0.8331162635870369,25,20,20
48,6705,0.03945605788768894,0.054175096042832084,0.07325917309039469,0.8331096729790838,25,20,20
48,6706,0.03945605788768888,0.054175096042832015,0.07299284257325957,0.833376003496219,25,20,20
48,6707,0.03945605788750716,0.05417509604283194,0.0729004788426519,0.8334683672270085,25,20,20
48,6708,0.039456057887507175,0.05417509604283195,0.07289589352140731,0.8334729525482529,25,20,20
48,6709,0.0394560578875072,0.05417509604283195,0.07326892170284238,0.833099924366818,25,20,20
48,6710,0.03945605788751068,0.0541750960551409,0.07795331409798627,0.8284155319593617,25,20,20
48,6711,0.03945605788751385,0.05417509605538382,0.07821956524451334,0.8281492808125885,25,20,20
48,6712,0.03945605788751389,0.05417509605538389,0.07821956465967,0.8281492813974317,25,20,20
48,6713,0.03945605788751071,0.054175096055140905,0.07795323244795206,0.828415613609396,25,20,20
48,6714,0.039456057887509964,0.054175096055140974,0.07782366317878786,0.8285451828785607,25,20,20
48,6715,0.03945605788750647,0.05417509604283195,0.07314130353514443,0.8332275425345166,25,20,20
48,6716,0.0394560579156248,0.054174846434137815,0.07314184632420027,0.8332272493260365,25,20,20
48,6717,0.03945605791562799,0.054174846434137815,0.07314177325347536,0.8332273223967581,25,20,20
48,6718,0.03945605791806954,0.05417484643437946,0.06689701306870706,0.8394720825788433,25,20,20
48,6719,0.03945605791806957,0.05417484643437946,0.06690363184907286,0.8394654637984774,25,20,20
48,6720,0.039456057918069554,0.05417484643438376,0.06689493019043562,0.8394741654571105,25,20,20
48,6721,0.0055615396135734185,0.054174848520931275,0.10078925907711067,0.8394743527883841,25,20,20
48,6722,0.0055615396135742165,0.05417484852117594,0.10079409102853903,0.8394695208367104,25,20,20
48,6723,0.005561539613574216,0.054174848520931344,0.1007958625625421,0.8394677493029521,25,20,20
48,6724,0.005561540204034107,0.05417484852093571,0.10087876486393842,0.8393848464110915,25,20,20
48,6725,0.005561540204034129,0.054174848520939324,0.10712826994726715,0.8331353413277602,25,20,20
48,6726,0.005561540204037323,0.05417484852093933,0.10712833563814138,0.8331352756368829,25,20,20
48,6727,0.005561540204034129,0.05417484852093933,0.10712829567140267,0.833135315603625,25,20,20
48,6728,0.005561540204034115,0.05417484852093933,0.10712826166645999,0.8331353496085676,25,20,20
48,6729,0.005561540204034092,0.05417484852093571,0.10087875655871972,0.8393848547163104,25,20,20
48,6730,0.005561540204037287,0.05417484852094,0.10088342917380111,0.8393801821012216,25,20,20
48,6731,0.00556154020403729,0.05417484852094007,0.1008834145065133,0.8393801967685094,25,20,20
48,6732,0.005561540175407146,0.054174845161850976,0.1008831239163196,0.8393804907464221,25,20,20
48,6733,0.005561539584947255,0.0541748451618509,0.10079831875052589,0.8394652965026757,25,20,20
48,6734,0.005561539582352816,0.054174845161844364,0.10116660337663856,0.839097011879164,25,20,20
48,6735,0.0055615395823527865,0.05417484516184429,0.10079349265071454,0.8394701226050881,25,20,20
48,6736,0.00556153958235285,0.014448190612850546,0.1405201471997691,0.8394701226050284,25,20,20
48,6737,2.01626144009263e-06,0.01444818934758562,0.14607986081259852,0.8394699335783773,25,20,20
48,6738,2.016261440891596e-06,0.014448189347585697,0.14608651069683745,0.8394632836941374,25,20,20
48,6739,2.016261489501207e-06,0.014448190140385177,0.14618644446206291,0.8393633491360637,25,20,20
48,6740,2.0162615349014723e-06,0.014448190154287303,0.146305296600876,0.8392444969833032,25,20,20
48,6741,2.0162615317197438e-06,0.014448190154287303,0.14630525851294943,0.8392445350712329,25,20,20
48,6742,2.0162615317195367e-06,0.014448190154291593,0.14630331083364662,0.8392464827505313,25,20,20
48,6743,2.0162615317888722e-06,0.014448190154291668,0.14630558748856612,0.8392442060956116,25,20,20
48,6744,2.0162615325867616e-06,0.014448190154291819,0.14630559011417454,0.8392442034700021,25,20,20
48,6745,2.0162615325848033e-06,0.014448190154291819,0.1463054288901319,0.8392443646940445,25,20,20
48,6746,2.016261532585066e-06,0.014448190154291893,0.14630551053432247,0.8392442830498539,25,20,20
48,6747,2.0162615781120674e-06,0.014448190154536477,0.14631213333647108,0.8392376602474151,25,20,20
48,6748,2.0162615780842876e-06,0.014448190154536477,0.14630551319249435,0.8392442803913919,25,20,20
48,6749,0.021734947417812105,0.014175822645021216,0.1248449486204017,0.8392442813167657,25,20,20
48,6750,0.021735118223277644,0.014175822646236423,0.12129222949320222,0.8427968296372841,25,20,20
48,6751,0.021735118223276905,0.01417582264623213,0.12128760837779945,0.8428014507526919,25,20,20
48,6752,0.021735118223276957,0.01417582264623213,0.12128757641040139,0.8428014827200898,25,20,20
48,6753,0.021735118223276974,0.014175822646227838,0.12128947927519451,0.8427995798553011,25,20,20
48,6754,0.02173511822298478,0.03999153692706421,0.095473764994551,0.8427995798554003,25,20,20
48,6755,0.021835765142432684,0.03999153610639874,0.09537291663581658,0.8427997821153529,25,20,20
48,6756,0.021835765142432614,0.03999153610639454,0.09524998619749268,0.8429227125536809,25,20,20
48,6757,0.021835765142432614,0.039991536106394686,0.09551631861847928,0.8426563801326943,25,20,20
48,6758,0.02183576514243575,0.03999153610639461,0.09551639935108099,0.8426562994000895,25,20,20
48,6759,0.02183576514243575,0.03999153610639461,0.09551651323901585,0.8426561855121544,25,20,20
48,6760,0.022385667885020877,0.03999180600747862,0.09496654291222226,0.842655983195279,25,20,20
48,6761,0.02173310291804363,0.03999153610437486,0.06382099112780586,0.8744543698497752,25,20,20
48,6762,0.03904749957606239,0.039991514323670055,0.046506615594024484,0.8744543705062426,25,20,20
48,6763,0.03904749957863361,0.03999151432367431,0.04688053418990507,0.8740804519077865,25,20,20
48,6764,0.03904749957863042,0.03999151432367001,0.046875895002271094,0.8740850910954281,25,20,20
48,6765,0.03904749957862802,0.03999151432367009,0.04687585236093192,0.8740851337367695,25,20,20
48,6766,0.039047499578582494,0.03999151432342544,0.04686914846585896,0.8740918376321328,25,20,20
48,6767,0.03904749957857064,0.03828132805126499,0.04857933473803711,0.874091837632127,25,20,20
48,6768,0.039047499578569844,0.038281328051264836,0.048579330720964806,0.8740918416492001,25,20,20
48,6769,0.03904749957856986,0.03828132805126491,0.048580839896692894,0.8740903324734721,25,20,20
48,6770,0.03904749957856986,0.03828132805126491,0.048580918998929266,0.8740902533712357,25,20,20
48,6771,0.03904749957856986,0.03828132805126492,0.048580917030600974,0.874090255339564,25,20,20
48,6772,0.03904749957856986,0.03828132805126491,0.04858094544816552,0.8740902269219994,25,20,20
48,6773,0.03904733640187308,0.03828132806288656,0.05213466457080802,0.8705366709644317,25,20,20
48,6774,0.03904733640191848,0.03828132806288656,0.05225379296564788,0.8704175425695465,25,20,20
48,6775,0.039047336401919285,0.03828132806288664,0.05225599263443301,0.8704153429007604,25,20,20
48,6776,0.039047336401918466,0.03828132806288657,0.052254087413213746,0.8704172481219807,25,20,20
48,6777,0.039047336401918466,0.038281328062886644,0.05225867476790167,0.8704126607672927,25,20,20
48,6778,0.03904733640186986,0.03828132727008724,0.05216534518137722,0.8705059911466653,25,20,20
48,6779,0.03904733640182441,0.038281327256185035,0.05204637915295305,0.8706249571890371,25,20,20
48,6780,0.0390473364018252,0.0382813272561936,0.05213397974784157,0.8705373565941392,25,20,20
48,6781,0.0390473364018244,0.03828132725619352,0.052133975040645944,0.8705373613013356,25,20,20
48,6782,0.0390473364018244,0.03828132725619353,0.052133974339562614,0.8705373620024192,25,20,20
48,6783,0.03904733640182076,0.039998759172754014,0.05041654242300155,0.8705373620024234,25,20,20
48,6784,0.039080972426622604,0.039998759168495435,0.05038310444223573,0.8705371639626456,25,20,20
48,6785,0.03908097242662264,0.039998759182391104,0.050394659548377956,0.8705256088426079,25,20,20
48,6786,0.03908097242662343,0.03999875918239118,0.050767669360787665,0.8701525990301973,25,20,20
48,6787,0.03908097242662343,0.03999875918239118,0.05076755349976106,0.8701527148912238,25,20,20
48,6788,0.03908097242662343,0.03999875918239126,0.05077415629119276,0.8701461120997921,25,20,20
48,6789,0.03908097242662347,0.03999875918239118,0.050772535128421614,0.8701477332625633,25,20,20
48,6790,0.03908097242662666,0.03999875918239133,0.05077265185764007,0.8701476165333415,25,20,20
48,6791,0.03908097242662672,0.03999875918239133,0.05076616298031842,0.8701541054106631,25,20,20
48,6792,0.03951710462003997,0.039998762582743375,0.04732195030889443,0.8731621824883219,25,20,20
48,6793,0.03951710367911475,0.03999876257146425,0.039120342031153874,0.8813637917182668,25,20,20
48,6794,0.039517103679343316,0.039998762571464626,0.07565861023407158,0.8448255235151201,25,20,20
48,6795,0.03951710367934571,0.03999876257145614,0.0755710113427626,0.8449131224064351,25,20,20
48,6796,0.039517103679345765,0.039998762571456216,0.07557115174213055,0.8449129820070671,25,20,20
48,6797,0.03951710367934572,0.039998762571456216,0.07557117888117465,0.844912954868023,25,20,20
48,6798,0.039517103687643454,0.03999876257140967,0.083741632024643,0.836742501716304,25,20,20
48,6799,0.039517103687642656,0.039998762571405375,0.08373701034033117,0.8367471234006209,25,20,20
48,6800,0.039517103687642656,0.039998762571405305,0.08373040754889943,0.8367537261920526,25,20,20
48,6801,0.03951710368525671,0.039998762571405416,0.08335810351581417,0.8371260302275237,25,20,20
48,6802,0.03951710368507138,0.03999876257140105,0.08336110827247496,0.8371230254710527,25,20,20
48,6803,0.03951710368507138,0.03999876257140534,0.08336581043627893,0.8371183233072443,25,20,20
48,6804,0.03951710368507059,0.03999876257140527,0.08299280557591138,0.8374913281676128,25,20,20
48,6805,0.039517103685073815,0.03999876257140534,0.08325530501125444,0.8372288287322666,25,20,20
48,6806,0.03945707905314428,0.03999878241780455,0.08331521512125656,0.8372289234077951,25,20,20
48,6807,0.03945707905314424,0.03999878241780455,0.08332165689807453,0.8372224816309773,25,20,20
48,6808,0.0394570790531442,0.039998782417804475,0.08332824852022513,0.8372158900088267,25,20,20
48,6809,0.03945707905314426,0.03999878241804846,0.08341830841981984,0.837125830108988,25,20,20
48,6810,0.039457079552215564,0.03999878310028083,0.08968035957068488,0.8308637777768192,25,20,20
48,6811,0.03945707955221243,0.03999878310028075,0.0896757375976883,0.830868399749819,25,20,20
48,6812,0.03945707955221243,0.039989134647348865,0.08968538605071603,0.830868399749723,25,20,20
48,6813,0.03945707955221245,0.03998913464734894,0.08968538750323844,0.8308683982972006,25,20,20
48,6814,0.03945707955221246,0.03998913464734895,0.08968758667824464,0.8308661991221943,25,20,20
48,6815,0.038987303748007796,0.03998913123839507,0.09316421576360373,0.8278593492499939,25,20,20
48,6816,0.03898730374800785,0.03998913123839937,0.09316425529138829,0.827859309722205,25,20,20
48,6817,0.03898730374800782,0.03998913123839937,0.09316412545130212,0.8278594395622914,25,20,20
48,6818,0.03901081751911142,0.039991237751222,0.06161529291577473,0.8593826518138918,25,20,20
48,6819,0.03901081751910824,0.039991237751222,0.06134820752980259,0.8596497371998673,25,20,20
48,6820,0.03901081751910818,0.03999123775098224,0.06126057103719834,0.8597373736927113,25,20,20
48,6821,0.04082130635564881,0.03999125088091367,0.06290811672659213,0.8562793260368453,25,20,20
48,6822,0.04082130635564961,0.039991250880917956,0.06290829772088062,0.8562791450425518,25,20,20
48,6823,0.040821305856578304,0.03999125019868559,0.0570146483063773,0.8621727956383586,25,20,20
48,6824,0.040821305856578304,0.03999125019868559,0.05701464692727665,0.8621727970174594,25,20,20
48,6825,0.0408213058565775,0.039991250198681376,0.057010024528232214,0.8621774194165087,25,20,20
48,6826,0.04082130585670982,0.03999125019885402,0.06807348714026303,0.8511139568041729,25,20,20
48,6827,0.04082130585670909,0.039991250198849804,0.06807342536724524,0.8511140185771957,25,20,20
48,6828,0.04082130585670909,0.03999125019884981,0.06807343072320028,0.8511140132212407,25,20,20
48,6829,0.040821305856709025,0.039991250198849734,0.06807330951457369,0.8511141344298675,25,20,20
48,6830,0.04082130585670895,0.039991250198849734,0.06807111391605077,0.8511163300283902,25,20,20
48,6831,0.04082130585671207,0.03999125019885391,0.06844414951082156,0.8507432944336122,25,20,20
48,6832,0.04082130585671208,0.03999125019909683,0.06833739844824503,0.8508500454959459,25,20,20
48,6833,0.04082130585671214,0.03999125019909675,0.06834202018118414,0.8508454237630068,25,20,20
48,6834,0.040821305856712176,0.03999125019909675,0.06834842942969967,0.8508390145144912,25,20,20
48,6835,0.04038745230138779,0.03999123002165046,0.06878239939058996,0.8508389182863718,25,20,20
48,6836,0.04038745230138771,0.039979695572775635,0.0687939338393691,0.8508389182864675,25,20,20
48,6837,0.040387452301387655,0.03997969557277571,0.06879404722930564,0.850838804896531,25,20,20
48,6838,0.040387452301387655,0.0399796955727715,0.06878752381468708,0.8508453283111538,25,20,20
48,6839,0.06195634379374812,0.039979682442905104,0.04722221357038428,0.8508417601929626,25,20,20
48,6840,0.061956343796041376,0.03997968244333736,0.051881278195701645,0.8461826955649195,25,20,20
48,6841,0.0619563437960869,0.03997968244334166,0.05188361667999382,0.8461803570805775,25,20,20
48,6842,0.061956343796222446,0.039979682429445995,0.052013116918217514,0.8460508568561137,25,20,20
48,6843,0.06195634379640452,0.03997968244338522,0.05202529543133945,0.8460386783288705,25,20,20
48,6844,0.061956343788106,0.03997968244318719,0.043848253691998906,0.8542157200767074,25,20,20
48,6845,0.06195634378810286,0.039979682443187115,0.04384827936851608,0.8542156944001934,25,20,20
48,6846,0.06195634378810284,0.039979682442944114,0.04358200794937035,0.8544819658195822,25,20,20
48,6847,0.06195634378810287,0.039979682442944114,0.0435835096958793,0.8544804640730733,25,20,20
48,6848,0.06195634378810287,0.039979682442944114,0.043588068566778194,0.8544759052021744,25,20,20
48,6849,0.06195634378809973,0.03997968244293987,0.04321504831915382,0.8548489254498063,25,20,20
48,6850,0.06195634378796741,0.03997968244276293,0.032146962645555575,0.8659170111237138,25,20,20
48,6851,0.0619563437879706,0.03997968244276715,0.03215155094994776,0.8659124228193142,25,20,20
48,6852,0.061932829958834985,0.039977575929948404,0.02407471733352941,0.8740148767776872,25,20,20
48,6853,0.06193282995654172,0.03997757592951622,0.019415611580061044,0.8786739825338812,25,20,20
48,6854,0.07854453989077051,0.0399775759294528,0.002803901680815175,0.8786739824989616,25,20,20
48,6855,0.07854453989077052,0.0399775759294528,0.002803823663455069,0.8786740605163217,25,20,20
48,6856,0.047016961463929474,0.03999156120420931,0.03051794756770982,0.8824735297641512,25,20,20
48,6857,0.04701696146392953,0.03999156120420938,0.030517982367063476,0.8824734949647975,25,20,20
48,6858,0.04701696146408316,0.03999156120441156,0.03676140207132646,0.8762300752601788,25,20,20
48,6859,0.0470169614640831,0.03999156120441149,0.0367613672512702,0.8762301100802352,25,20,20
48,6860,0.04701696147446262,0.03999156120441156,0.036771484672944214,0.8762199926481816,25,20,20
48,6861,0.04701696147446336,0.03999156120465607,0.03677656671558796,0.8762149106052927,25,20,20
48,6862,0.04701696146408702,0.039991561204660284,0.03677297205900734,0.8762185052722454,25,20,20
48,6863,0.04701696146408699,0.03999156120466021,0.03677300545206988,0.876218471879183,25,20,20
48,6864,0.04701696146395107,0.03999156120466013,0.03693039630893466,0.8760610810224543,25,20,20
48,6865,0.04701696146395105,0.03999156120466014,0.03692814460694658,0.8760633327244424,25,20,20
48,6866,0.047016961465638836,0.03999156120466293,0.05091715114210455,0.8620743261875936,25,20,20
48,6867,0.04701696146563564,0.03999156120465871,0.05091253002918271,0.8620789473005229,25,20,20
48,6868,0.04701696146559017,0.03999156120465442,0.05091244065044508,0.8620790366793103,25,20,20
48,6869,0.04701696146559017,0.0399915612046545,0.05100470605827287,0.8619867712714825,25,20,20
48,6870,0.04701696146559022,0.039991561204898926,0.05074507816999383,0.8622463991595165,25,20,20
48,6871,0.0470169616134906,0.039991561218842515,0.05075512415647359,0.8622363530111927,25,20,20
48,6872,0.04701696161435784,0.03996003737835239,0.050786647679667236,0.862236353327622,25,20,20
48,6873,0.04701696161712334,0.03996003739224645,0.05090966910224984,0.8621133318883798,25,20,20
48,6874,0.04701696161712652,0.039960037392246524,0.05100196049774122,0.8620210404928854,25,20,20
48,6875,0.04701696161694443,0.039960037378307216,0.050989640955964186,0.8620333600487838,25,20,20
48,6876,0.047016961616944374,0.03996003737830714,0.05098502016899234,0.8620379808357558,25,20,20
48,6877,0.047016961616946774,0.039960037378062564,0.05098311341105825,0.8620398875939321,25,20,20
48,6878,0.047016961616946774,0.039960037378062564,0.050983078052057415,0.8620399229529329,25,20,20
48,6879,0.04701696161694679,0.03996003737806264,0.050989601768154584,0.8620333992368358,25,20,20
48,6880,0.047016961616950036,0.03996003737806264,0.05108230043788243,0.8619407005671045,25,20,20
48,6881,0.04701696161694684,0.03996003737806264,0.05107761662279553,0.8619453843821947,25,20,20
48,6882,0.047016961616950036,0.03996003737806279,0.051071129164213976,0.8619518718407729,25,20,20
48,6883,0.047016961616950036,0.03996003737806272,0.051071171671465604,0.8619518293335211,25,20,20
48,6884,0.0470169616169501,0.03996003737806279,0.05106811821867151,0.861954882786315,25,20,20
48,6885,0.047016961616946844,0.03996003737806279,0.050975452957316494,0.8620475480476731,25,20,20
48,6886,0.04701696161694681,0.039960037378062724,0.050975340243601695,0.8620476607613881,25,20,20
48,6887,0.047016961616946074,0.039960037377824664,0.050606921908907934,0.8624160790963206,25,20,20
48,6888,0.04701696161679317,0.039960037377860545,0.044729979588724315,0.8682930214166212,25,20,20
48,6889,0.04701696161679317,0.03996003737786054,0.04472986771271177,0.8682931332926338,25,20,20
48,6890,0.04701696161679311,0.03996003737786054,0.04463765503174041,0.8683853459736054,25,20,20
48,6891,0.07854449987350672,0.03994605210310602,0.01692357129656274,0.8645858767268241,25,20,20
48,6892,0.07854449987350659,0.03994605210310594,0.016921923847635204,0.8645875241757518,25,20,20
48,6893,0.07854449987263944,0.03996812890335454,0.01689984736478043,0.8645875238592252,25,20,20
48,6894,0.07854449987263623,0.0399681289033544,0.016899732047330293,0.8645876391766787,25,20,20
48,6895,0.07854449987263623,0.0399681289033544,0.01689973402447859,0.8645876371995304,25,20,20
48,6896,0.07854449987263629,0.0399681289033544,0.016899681806098254,0.8645876894179106,25,20,20
48,6897,0.07854449987263949,0.0399681289033586,0.016991901130127406,0.8644954700938742,25,20,20
48,6898,0.07854449987523487,0.03996812890360328,0.016995190356605936,0.8644921808645556,25,20,20
48,6899,0.07854449987264353,0.03996812890335875,0.016992021820875537,0.8644953494031218,25,20,20
48,6900,0.07854449987259927,0.039968128903358824,0.016568073532943466,0.8649192976910982,25,20,20
48,6901,0.0785444998726416,0.03996812890335462,0.016484670093004285,0.8650027011309992,25,20,20
48,6902,0.07854449987113474,0.0399681289033561,0.0027618955821230463,0.878725475643386,25,20,20
48,6903,0.06043223670933198,0.03996812890702281,0.020874157793340974,0.8787254765903042,25,20,20
48,6904,0.060432236709331975,0.039968128907022886,0.020874237673841375,0.8787253967098035,25,20,20
48,6905,0.06043223670933192,0.039968128906778304,0.020867535306176653,0.8787320990777131,25,20,20
48,6906,0.06043223670933193,0.039968128906778304,0.02086755978330375,0.8787320746005861,25,20,20
48,6907,0.06043223670933271,0.03996812890677838,0.020874164151522275,0.8787254702323666,25,20,20
48,6908,0.06043223670951482,0.03996812890702296,0.020880786170680357,0.8787188482127819,25,20,20
48,6909,0.060432236709560355,0.03996812890702726,0.02088309509675388,0.8787165392866588,25,20,20
48,6910,0.06043223670951483,0.03996812890702718,0.020874198166542412,0.8787254362169158,25,20,20
48,6911,0.06043223670951405,0.03996812890678483,0.020501158161245425,0.879098476222456,25,20,20
48,6912,0.06043223670951079,0.03996812890678483,0.020501179915595323,0.8790984544681093,25,20,20
48,6913,0.060432236709511596,0.03996812890678483,0.020638130948646492,0.8789615034350571,25,20,20
48,6914,0.060432236709514794,0.03996812890678491,0.020642832476393962,0.8789568019073064,25,20,20
48,6915,0.060432236709514794,0.03996812890678491,0.020642777070061943,0.8789568573136384,25,20,20
48,6916,0.06043223670951559,0.0399681289067892,0.02064449920422686,0.8789551351794684,25,20,20
48,6917,0.06043223670674689,0.039968128892890864,0.02051495431167334,0.8790846800886889,25,20,20
48,6918,0.04542640119495266,0.0399681288844714,0.035520731723465475,0.8790847381971105,25,20,20
48,6919,0.045426401194951865,0.039968128884471245,0.03552058728075622,0.8790848826398207,25,20,20
48,6920,0.045426401194951865,0.039968128884471245,0.03552711097889366,0.8790783589416833,25,20,20
48,6921,0.045426401194955085,0.039968128898412406,0.035534110396610974,0.8790713595100216,25,20,20
48,6922,0.0454264011948185,0.039968128912108984,0.035534406228555714,0.8790710636645168,25,20,20
48,6923,0.0454264011948185,0.039968128912108984,0.03553429177929742,0.8790711781137752,25,20,20
48,6924,0.0454264011948193,0.03996812891210891,0.03553432567513974,0.8790711442179321,25,20,20
48,6925,0.04542640119481935,0.03996812891210891,0.03554084796393658,0.8790646219291353,25,20,20
48,6926,0.04542640119481935,0.03996812891210891,0.035540886511738826,0.8790645833813331,25,20,20
48,6927,0.045426401194819416,0.039957672355726045,0.03555134306811996,0.8790645833813348,25,20,20
48,6928,0.04542640119481625,0.039957672341784885,0.03554914134865331,0.8790667851147457,25,20,20
48,6929,0.04542640119481625,0.039957672341784885,0.035542536575167254,0.8790733898882317,25,20,20
48,6930,0.04542640119483133,0.039946058899408055,0.035554149701003956,0.8790733902047567,25,20,20
48,6931,0.04542640119483133,0.03994605889941235,0.035547725768643526,0.8790798141371128,25,20,20
48,6932,0.045426401205212075,0.03994605889966118,0.03554994460491328,0.8790775952902137,25,20,20
48,6933,0.045426401205211346,0.03994605889966118,0.03555289954813254,0.879074640346995,25,20,20
48,6934,0.0454264017956196,0.039946058899909515,0.03564589532904825,0.8789816439754228,25,20,20
48,6935,0.04542640179562035,0.039946058899909515,0.035639407886014864,0.8789881314184553,25,20,20
48,6936,0.04542640179562035,0.03994605889991381,0.035639447845508314,0.8789880914589577,25,20,20
48,6937,0.045426401795617154,0.03994605889991373,0.035634744895894827,0.8789927944085744,25,20,20
48,6938,0.04542640164771671,0.039946058885970144,0.03562253520164456,0.8790050042646687,25,20,20
48,6939,0.04542640164771671,0.039946058885970144,0.03562242076676705,0.8790051186995461,25,20,20
48,6940,0.04542640164771671,0.03994605888597022,0.03562253369309502,0.879005005773218,25,20,20
48,6941,0.06126453786149719,0.03994605925203415,0.01978445351665575,0.879004949369813,25,20,20
48,6942,0.06126453786149719,0.039946059252034226,0.01979105828119971,0.878998344605269,25,20,20
48,6943,0.061264537861497985,0.039946059252038514,0.019791215015807696,0.8789981878706559,25,20,20
48,6944,0.06126453786167932,0.03994605925203415,0.019791100423813338,0.8789983024624732,25,20,20
48,6945,0.061264537861633814,0.03994605923809292,0.01991362375995748,0.8788757791403158,25,20,20
48,6946,0.061264537861633016,0.039946059238088624,0.019913507531029856,0.8788758953692485,25,20,20
48,6947,0.04362663426920073,0.03994607974078943,0.03755134130055141,0.8788759446894584,25,20,20
48,6948,0.04362663426920068,0.039946079740785144,0.03754675363449799,0.8788805323555161,25,20,20
48,6949,0.04362663426919749,0.03994607974078507,0.037454461154130446,0.8789728248358867,25,20,20
48,6950,0.04218944184962888,0.039979610447673924,0.03885802539956358,0.8789729223031333,25,20,20
48,6951,0.04218944184962894,0.03997961044767389,0.03912429164597272,0.8787066560567238,25,20,20
48,6952,0.04218944184962894,0.03997961044767381,0.03911768758253734,0.8787132601201594,25,20,20
48,6953,0.04218944183924739,0.03997961044742917,0.03948834156416947,0.8783426061491534,25,20,20
48,6954,0.042189441839247374,0.03997961044743339,0.039486439260189084,0.8783445084531296,25,20,20
48,6955,0.04218944183924736,0.03997961044743339,0.03948640383937094,0.8783445438739479,25,20,20
48,6956,0.04218944183924736,0.03997961044743346,0.03948643723458489,0.8783445104787337,25,20,20
48,6957,0.04218944183924742,0.03997961044742924,0.03948643659679701,0.8783445111165258,25,20,20
48,6958,0.0421894412488847,0.03997961044718527,0.03939364010331981,0.8784373082006097,25,20,20
48,6959,0.04218944124888464,0.03997961044718527,0.039393726431646826,0.8784372218722828,25,20,20
48,6960,0.04218944124888464,0.03997961044718519,0.03939372701633306,0.8784372212875968,25,20,20
48,6961,0.04218944124888544,0.03997961044718527,0.03940025300817524,0.8784306952957536,25,20,20
48,6962,0.04218944125926361,0.03997961046112465,0.039275621551453116,0.8785553267281583,25,20,20
48,6963,0.042189441259221284,0.039979610461124575,0.03928202876747136,0.8785489195121824,25,20,20
48,6964,0.04218944125922047,0.03997961046112457,0.039277699872442805,0.8785532484072118,25,20,20
48,6965,0.04218944125922047,0.03997961046112032,0.03890459741600427,0.8789263508636546,25,20,20
48,6966,0.04218944125917495,0.03997961046112028,0.03927539237507619,0.8785555559046284,25,20,20
48,6967,0.04218944125917495,0.03997961046112028,0.039275417462388294,0.8785555308173162,25,20,20
48,6968,0.04218944125917495,0.0399796104611202,0.03927541696320831,0.8785555313164963,25,20,20
48,6969,0.042189441259176556,0.03997961047502015,0.039400675542534166,0.8784302727232691,25,20,20
48,6970,0.04218944125917657,0.03997961047502014,0.039407383095494956,0.8784235651703082,25,20,20
48,6971,0.04218944125917657,0.039979610475015886,0.03903431974758271,0.8787966285182247,25,20,20
48,6972,0.04218944125917657,0.0399796104752604,0.03904083541375242,0.8787901128518106,25,20,20
48,6973,0.042189441259176584,0.039979610475260545,0.039045535853100714,0.8787854124124621,25,20,20
48,6974,0.042189441259177445,0.03997961047525634,0.039040889895545446,0.8787900583700206,25,20,20
48,6975,0.04218944125917822,0.03997961047525619,0.039036418618787504,0.8787945296467778,25,20,20
48,6976,0.04218944125917822,0.039979610475496495,0.039034554257848075,0.8787963940074771,25,20,20
48,6977,0.04218944125917822,0.039979610475496564,0.03903455626058466,0.8787963920047405,25,20,20
48,6978,0.04218944125917897,0.03997961047549224,0.03866818697828487,0.879162761287044,25,20,20
48,6979,0.04218944125918217,0.039979610475492165,0.03866593927977035,0.8791650089855552,25,20,20
48,6980,0.042189441259184564,0.03997961047549218,0.038664141210502725,0.8791668070548204,25,20,20
48,6981,0.04218944126455746,0.0399796104755008,0.03840024649565409,0.8794307017642876,25,20,20
48,6982,0.04218944126455746,0.03997961047550072,0.03840024451732922,0.8794307037426126,25,20,20
48,6983,0.04218944126437533,0.03997961047550079,0.038400291873601895,0.8794306563865217,25,20,20
48,6984,0.04218944126437533,0.039979610475505085,0.03840254744803103,0.8794284008120886,25,20,20
48,6985,0.04218944126437533,0.03997961047550501,0.03840243360249125,0.8794285146576284,25,20,20
48,6986,0.04218944126419441,0.03997961047550075,0.038136201578368494,0.8796947466819361,25,20,20
48,6987,0.04218944126419754,0.03997961047550511,0.038138009818080756,0.8796929384422164,25,20,20
48,6988,0.04218944126419754,0.03997961047550511,0.0381380112095446,0.8796929370507525,25,20,20
48,6989,0.042189441264197505,0.039979610475505044,0.038133424485609524,0.8796975237746875,25,20,20
48,6990,0.04218944126419671,0.03997961047550075,0.03813105443392494,0.8796998938263773,25,20,20
48,6991,0.04218944126419671,0.03997961047550075,0.03813567378873477,0.8796952744715674,25,20,20
48,6992,0.04218944126419579,0.03997961047550067,0.03813561618446268,0.8796953320758405,25,20,20
48,6993,0.04218944126419421,0.03997961046160081,0.03801047445185734,0.8798204738223473,25,20,20
48,6994,0.0421894412641942,0.03997961046160089,0.038010475175954996,0.8798204730982496,25,20,20
48,6995,0.04218944126419419,0.03997961046160089,0.03801036070150004,0.8798205875727045,25,20,20
48,6996,0.042189441264194306,0.03997961046184494,0.03810265533551767,0.8797282929384427,25,20,20
48,6997,0.04218944126419113,0.03997961046160042,0.038098029090323796,0.8797329191838843,25,20,20
48,6998,0.0421894412641918,0.039979610461356514,0.03800588844020052,0.8798250598342509,25,20,20
48,6999,0.04218944126418861,0.039979610461356514,0.03801055981258676,0.8798203884618678,25,20,20
48,7000,0.04218944141212197,0.039979610461605405,0.03801386676901314,0.8798170813572592,25,20,20
48,7001,0.04218944141212277,0.03997961046160978,0.038018568930578346,0.8798123791956889,25,20,20
48,7002,0.042189441412125966,0.03997961046185431,0.03802081402977776,0.8798101340962416,25,20,20
48,7003,0.04218944140675302,0.03997961046184144,0.03801860605819418,0.8798123420732111,25,20,20
48,7004,0.04218944140675222,0.03997961046184136,0.03801853313051899,0.8798124150008871,25,20,20
48,7005,0.04218944140675451,0.03997961047193002,0.049076863816103856,0.8687540843052113,25,20,20
48,7006,0.04218944125882115,0.039979610471681123,0.049073468862839045,0.8687574794066585,25,20,20
48,7007,0.04218944126916633,0.03997961047192066,0.04919713992503473,0.868633808333878,25,20,20
48,7008,0.0421894412691632,0.03997961047192065,0.049199614459635346,0.8686313337992806,25,20,20
48,7009,0.042189441269163186,0.03997961047192072,0.049199689774330146,0.8686312584845857,25,20,20
48,7010,0.059812899050385546,0.03997961046825013,0.03157623294474433,0.8686312575366197,25,20,20
48,7011,0.05981289905038555,0.03997961046825435,0.031577740514874365,0.8686297499664855,25,20,20
48,7012,0.05981289905053605,0.039979610479981116,0.03782277844439554,0.862384712025087,25,20,20
48,7013,0.05981289905053924,0.039979610479981116,0.037822752867952045,0.8623847376015275,25,20,20
48,7014,0.05981289905053924,0.03997961047998104,0.037822666020522394,0.8623848244489571,25,20,20
48,7015,0.059812899050538444,0.039979610479976675,0.03781796254354801,0.8623895279259365,25,20,20
48,7016,0.059812899050538444,0.03997961047997675,0.0378245666070145,0.86238292386247,25,20,20
48,7017,0.05981289905053844,0.03997961047997675,0.03782441849387597,0.8623830719756085,25,20,20
48,7018,0.0598128990505383,0.03942305304681067,0.03838097624356726,0.8623830716590836,25,20,20
48,7019,0.05981289905054101,0.03942305305857578,0.04463057139134338,0.8561334764995394,25,20,20
48,7020,0.05981289904019263,0.039423053058336176,0.044500491049529974,0.8562635568519409,25,20,20
48,7021,0.05981289904019263,0.039423053058336176,0.044500488577269647,0.8562635593242013,25,20,20
48,7022,0.05981289902999578,0.039423053044641394,0.04449300252927545,0.8562710453960869,25,20,20
48,7023,0.059812899030041076,0.03942305304464992,0.04475464079789251,0.856009407127416,25,20,20
48,7024,0.059812899030044185,0.039423053044413826,0.04512290952402161,0.85564113840152,25,20,20
48,7025,0.05981289903022557,0.0394230530444182,0.04512439199043347,0.8556396559349224,25,20,20
48,7026,0.059812899030222376,0.0394230530444182,0.04512445038753135,0.8556395975378277,25,20,20
48,7027,0.05981289903022243,0.0394230530444182,0.045124451809472194,0.8556395961158867,25,20,20
48,7028,0.05981319586726653,0.039423081020688235,0.06041782270727153,0.8403459004047733,25,20,20
48,7029,0.05981319586722126,0.03942308102067979,0.06015156570617765,0.8406121574059209,25,20,20
48,7030,0.059813195867221315,0.03942308102068401,0.06015805632541496,0.8406056667866793,25,20,20
48,7031,0.05981319586722133,0.03942308102068401,0.06016454890283675,0.8405991742092576,25,20,20
48,7032,0.05981289903017729,0.039423053044413965,0.04486647960362832,0.8558975683217802,25,20,20
48,7033,0.05981289902999509,0.03942305304440968,0.044864882402683604,0.8558991655229115,25,20,20
48,7034,0.05608093513849857,0.039389502161502055,0.048628401865062426,0.8559011608349365,25,20,20
48,7035,0.05608093513849857,0.03938950216150198,0.048621799117005135,0.8559077635829939,25,20,20
48,7036,0.05608093513849863,0.039389502161502055,0.04862191442869802,0.8559076482713012,25,20,20
48,7037,0.05608093513849861,0.03938950216150213,0.04849250513191276,0.8560370575680863,25,20,20
48,7038,0.07745572785993614,0.03938952079791094,0.026820548794853162,0.8563342025472999,25,20,20
48,7039,0.07745572785993297,0.03938952079790244,0.026452146365874202,0.8567026049762905,25,20,20
48,7040,0.07745572785993297,0.03938952079790244,0.02645219896693693,0.8567025523752276,25,20,20
48,7041,0.07745572785997051,0.039389520798455153,0.02487732289127699,0.8582774284502973,25,20,20
48,7042,0.07745572785997051,0.03938952079845508,0.024877248492398397,0.858277502849176,25,20,20
48,7043,0.0774557278601526,0.039389520798455153,0.02487944569432996,0.8582753056470622,25,20,20
48,7044,0.06779156827523872,0.039389501465547185,0.03484291338289796,0.8579760168763161,25,20,20
48,7045,0.06779156832416458,0.03954546202543025,0.03468695277399088,0.8579760168764143,25,20,20
48,7046,0.06779156832416457,0.03954546202543454,0.034680488649772266,0.8579824810006287,25,20,20
48,7047,0.06779156832401093,0.039545462013463185,0.028430724751239554,0.8642322449112864,25,20,20
48,7048,0.06779156832401091,0.03954546201346311,0.028430722702912744,0.8642322469596132,25,20,20
48,7049,0.06779661144286092,0.02200592481214738,0.04596521678241787,0.8642322469625735,25,20,20
48,7050,0.06779661144286092,0.022005924812150225,0.05993504346335623,0.850262420281632,25,20,20
48,7051,0.06779661159078218,0.022005924812154517,0.05993500113627251,0.85026246246079,25,20,20
48,7052,0.0677966115909643,0.022005924812163097,0.05994152834810853,0.8502559352487633,25,20,20
48,7053,0.06779661159096514,0.022005924812407672,0.05995043315858551,0.850247030438041,25,20,20
48,7054,0.06779661159096509,0.02200592481240774,0.05995048576338409,0.8502469778332423,25,20,20
48,7055,0.06779661159096509,0.022005924812407672,0.059950450988862036,0.8502470126077644,25,20,20
48,7056,0.06779661159096509,0.022005924812407596,0.05995044902286966,0.8502470145737568,25,20,20
48,7057,0.06779661159096509,0.022005924812411884,0.05995514975051321,0.8502423138461092,25,20,20
48,7058,0.0677966115909643,0.022005924812411884,0.05994841572228051,0.8502490478743426,25,20,20
48,7059,0.06779661159100989,0.02200592481241618,0.05995068545538032,0.850246778141193,25,20,20
48,7060,0.06779661159083093,0.02200592481242032,0.059948569635751105,0.8502488939609971,25,20,20
48,7061,0.06779661159087647,0.022005924812664994,0.059953311974507144,0.8502441516219509,25,20,20
48,7062,0.06779661159087422,0.02200592480257626,0.048899567351383094,0.861297896255166,25,20,20
48,7063,0.06779661159087422,0.022005924802571974,0.04889805839087378,0.8612994052156796,25,20,20
48,7064,0.06779661159087422,0.022005924802567686,0.048897861732528615,0.861299601874029,25,20,20
48,7065,0.06779661159087742,0.022005924802812254,0.04890665207187874,0.8612908115344311,25,20,20
48,7066,0.0790095260144535,0.022005924802812334,0.03769373768952097,0.861290811493213,25,20,20
48,7067,0.07900952601445345,0.022005924802812334,0.03769362874770192,0.8612909204350321,25,20,20
48,7068,0.07900952601703158,0.022005924816905692,0.03795637573315986,0.8610281734329027,25,20,20
48,7069,0.07900952601703158,0.02200592481690998,0.03795649051037858,0.8610280586556796,25,20,20
48,7070,0.07900952601703158,0.022005924816905765,0.03795640912855061,0.8610281400375118,25,20,20
48,7071,0.079004482849245,0.03999867532250016,0.019968701793703723,0.861028140034551,25,20,20
48,7072,0.07900448284920265,0.0399986753222555,0.019968696236271743,0.86102814559227,25,20,20
48,7073,0.07899175725695877,0.03999867532236778,0.019981421798395113,0.8610281456222784,25,20,20
48,7074,0.07899175725695877,0.03999867532236778,0.019981421798425766,0.8610281456222476,25,20,20
48,7075,0.07899175725695877,0.039998675322367706,0.019981307909334806,0.8610282595113387,25,20,20
48,7076,0.07899175725691318,0.03999867532235913,0.019978976328973035,0.8610305910917546,25,20,20
48,7077,0.07899175725690884,0.03999943064979687,0.01997822100163884,0.8610305910916555,25,20,20
48,7078,0.07899175725690889,0.039999430649797024,0.019984825210660043,0.8610239868826339,25,20,20
48,7079,0.07899175725690889,0.039999430649797024,0.019984744745409108,0.8610240673478848,25,20,20
48,7080,0.07899175725686869,0.03999943063747927,0.015310108140172342,0.8656987039654795,25,20,20
48,7081,0.0789917572542905,0.0399994306233902,0.015042854926315043,0.8659659571960041,25,20,20
48,7082,0.0789917571063692,0.039999430623385915,0.015036163916684215,0.8659726483535606,25,20,20
48,7083,0.07899175711668198,0.039999430623390037,0.015296760722300946,0.8657120515376269,25,20,20
48,7084,0.078991757116682,0.039999430623394325,0.015296800685332972,0.8657120115745908,25,20,20
48,7085,0.0789917571270593,0.03999943062315412,0.015294237674156417,0.8657145745756302,25,20,20
48,7086,0.0789917571271044,0.039999430623154086,0.01566716004902012,0.8653416522007212,25,20,20
48,7087,0.07899175712710121,0.03999943062314979,0.015667043854785206,0.8653417683949638,25,20,20
48,7088,0.07899175712730899,0.038281109962179635,0.01738536451554596,0.8653417683949653,25,20,20
48,7089,0.07899175712730899,0.03828110996217535,0.017378840524146934,0.8653482923863688,25,20,20
48,7090,0.07899175712730905,0.03828110996217535,0.017378922464438833,0.8653482104460768,25,20,20
48,7091,0.07899175712730584,0.038281109962175354,0.01737426617277739,0.8653528667377415,25,20,20
48,7092,0.07899175712730586,0.038281109962175354,0.017374189103292394,0.8653529438072265,25,20,20
48,7093,0.07899175712712374,0.03828110996193076,0.017369434618321907,0.8653576982926238,25,20,20
48,7094,0.07899175713750553,0.03828110996217551,0.01736957003194447,0.8653575628683748,25,20,20
48,7095,0.0789917571375502,0.038281109961931084,0.01736229109759361,0.8653648418029255,25,20,20
48,7096,0.07899175712724059,0.038281109961926824,0.017095172668844975,0.8656319602419879,25,20,20
48,7097,0.07899175712724134,0.038281109961926824,0.017097484435432547,0.8656296484753996,25,20,20
48,7098,0.07899175712724214,0.0382811099619269,0.017097626975479684,0.8656295059353515,25,20,20
48,7099,0.07899175712724218,0.03828110996192261,0.017097509344733242,0.8656296235661023,25,20,20
48,7100,0.0789917571272877,0.03828110996192261,0.01710671719087242,0.8656204157199175,25,20,20
48,7101,0.0789917571272426,0.03828110996191844,0.016733626583049322,0.8659935063277899,25,20,20
48,7102,0.0789917571272426,0.03828110996191844,0.016733545552329046,0.8659935873585103,25,20,20
48,7103,0.07899175711704295,0.038281109961673845,0.016728874172954426,0.8659982587483291,25,20,20
48,7104,0.07899175711704295,0.038281109961673845,0.01672887416419732,0.8659982587570861,25,20,20
48,7105,0.07899175711704295,0.03828110996167377,0.01672884656263256,0.8659982863586511,25,20,20
48,7106,0.07899175711708847,0.038281109961673845,0.016731164360987424,0.8659959685602506,25,20,20
48,7107,0.07899175711709544,0.03956317291823455,0.015449101398921562,0.8659959685657489,25,20,20
48,7108,0.07899175711714129,0.0395631729182388,0.01582255997826066,0.8656225099863596,25,20,20
48,7109,0.07899175711714136,0.03956317291824302,0.015826900161909404,0.8656181698027067,25,20,20
48,7110,0.07899175711714136,0.03956317291824302,0.015826899325749322,0.8656181706388666,25,20,20
48,7111,0.07899175711714138,0.03956317291824309,0.01582701321534321,0.8656180567492727,25,20,20
48,7112,0.07899175711695929,0.03956317291824294,0.015826929889891758,0.8656181400749063,25,20,20
48,7113,0.07899175711691375,0.03956317291824295,0.01581775547249827,0.8656273144923454,25,20,20
48,7114,0.07899175711691372,0.03956317291823866,0.015813091296114964,0.865631978668733,25,20,20
48,7115,0.07899175711691292,0.039563172918242906,0.01618380092260504,0.8652612690422394,25,20,20
48,7116,0.07899175711691296,0.039563172918238736,0.01581078010605376,0.8656342898587949,25,20,20
48,7117,0.07899175711691296,0.039563172918243024,0.015815480237806708,0.8656295897270375,25,20,20
48,7118,0.07899175711691375,0.03956317291824732,0.015817845775543595,0.8656272241892957,25,20,20
48,7119,0.07899175711691378,0.03956317291825161,0.015824452259133745,0.8656206177057012,25,20,20
48,7120,0.07899175711695851,0.039563172918496224,0.015823863311506293,0.8656212066530393,25,20,20
48,7121,0.07899175711695765,0.039563172918492005,0.01581949589944782,0.8656255740651028,25,20,20
48,7122,0.07899175711700313,0.039563172918492005,0.01582831175869952,0.8656167582058057,25,20,20
48,7123,0.07899175711700632,0.03956317291849201,0.015920533352157568,0.8655245366123444,25,20,20
48,7124,0.07899175711696398,0.039563172918491936,0.015918323896734123,0.8655267460678102,25,20,20
48,7125,0.0789917571169608,0.039563172918496224,0.015826218459626132,0.8656188515049172,25,20,20
48,7126,0.07899175711696085,0.03956317291850059,0.015832823142923686,0.8656122468216151,25,20,20
48,7127,0.0789917571171424,0.03956317293239835,0.015964233609122407,0.8654808363413372,25,20,20
48,7128,0.07899175711714242,0.039563172932149435,0.015962686820487088,0.8654823831302214,25,20,20
48,7129,0.07947532851033795,0.03956317293215322,0.015479115428322563,0.8654823831291866,25,20,20
48,7130,0.07947532851033795,0.03956317293215038,0.0015092496239733312,0.8794522489335388,25,20,20
48,7131,0.07003106158823844,0.039573253848610185,0.010943405572759045,0.8794522789903928,25,20,20
48,7132,0.07003106158823838,0.039573253848610185,0.010943484631875462,0.8794521999312765,25,20,20
48,7133,0.07003106158823838,0.039573253848610185,0.010943484597345489,0.8794521999658065,25,20,20
48,7134,0.07003106158823917,0.03957325384860597,0.010936994669121139,0.8794586898940342,25,20,20
48,7135,0.07003106158819362,0.03957325384860582,0.010941973566481083,0.8794537109967199,25,20,20
48,7136,0.0700310615881481,0.03957325384860582,0.010933190490563198,0.8794624940726831,25,20,20
48,7137,0.070031061587966,0.039573253848597244,0.010926663278727176,0.8794690212847098,25,20,20
48,7138,0.070031061587966,0.03957325384859731,0.010926777754204505,0.8794689068092325,25,20,20
48,7139,0.07003106158796601,0.03957325384884024,0.011193014399035585,0.8792026701641583,25,20,20
48,7140,0.05815045834261753,0.039573268156537986,0.02307360331457968,0.8792026701862646,25,20,20
48,7141,0.05815045834261754,0.03957326815653798,0.023159300421611594,0.8791169730792328,25,20,20
48,7142,0.03391665684698062,0.039575805422751305,0.047390351151931506,0.8791171865783363,25,20,20
48,7143,0.03391665684698057,0.039575805422751305,0.04739038312159189,0.8791171546086761,25,20,20
48,7144,0.03391665684698137,0.0395758054227556,0.04739690861351984,0.8791106291167431,25,20,20
48,7145,0.03391665684698135,0.03957580542275132,0.047304749228926066,0.8792027885013413,25,20,20
48,7146,0.03391665684697816,0.03957580542275139,0.04730475477490883,0.8792027829553617,25,20,20
48,7147,0.03391665684693227,0.03957580542275143,0.046931410914233196,0.8795761268160831,25,20,20
48,7148,0.03391665684693227,0.03957580542275135,0.046931376103143733,0.8795761616271727,25,20,20
48,7149,0.03391665684693227,0.03957580542274706,0.046931180280958655,0.879576357449362,25,20,20
48,7150,0.033916656846938634,0.03957580542275127,0.04702359193572701,0.879483945794583,25,20,20
48,7151,0.033916656846938675,0.039575805422751194,0.04702347945840096,0.8794840582719091,25,20,20
48,7152,0.033916656846935476,0.03957580542275549,0.04703000277961676,0.879477534950692,25,20,20
48,7153,0.033916656846936274,0.0395758054229958,0.04702823178354283,0.8794793059465249,25,20,20
48,7154,0.03391665684712119,0.03957580542299586,0.047120562867622125,0.8793869748622608,25,20,20
48,7155,0.03391665684712124,0.03957580542299586,0.047120530897961796,0.879387006831921,25,20,20
48,7156,0.0339166568471213,0.039575805422995936,0.047114042011757,0.8793934957181258,25,20,20
48,7157,0.033916656847124534,0.03957580542299586,0.0471156371458477,0.8793919005840318,25,20,20
48,7158,0.033916656847121356,0.03957580542299587,0.04702330686333946,0.8794842308665431,25,20,20
48,7159,0.03391665684712135,0.03957580542315506,0.06099314153970802,0.8655143961900152,25,20,20
48,7160,0.03391665684712135,0.03957580542315506,0.06099314069345026,0.8655143970362731,25,20,20
48,7161,0.03391665684710595,0.039575805423155155,0.07496311486202716,0.8515444228677117,25,20,20
48,7162,0.03004648736846511,0.03957325385835484,0.0788281380179658,0.8515521207552145,25,20,20
48,7163,0.030046487368250562,0.01418639770709525,0.10421499417490628,0.8515521207497492,25,20,20
48,7164,0.03004648736806567,0.014186397707091044,0.10412262049379459,0.8516444944310498,25,20,20
48,7165,0.004182588331830328,0.014176317223718007,0.1299965143700322,0.8516445800744202,25,20,20
48,7166,0.004182588331830328,0.014176317223718076,0.12999659402894367,0.8516445004155085,25,20,20
48,7167,0.004182588331694298,0.0141763172098204,0.12987180373752585,0.8517692907209599,25,20,20
48,7168,0.004182588331694242,0.014176317209820323,0.12987172321739457,0.8517693712410913,25,20,20
48,7169,0.0041825883316973745,0.014176317209820323,0.12996394339658385,0.8516771510618989,25,20,20
48,7170,0.004182588331742104,0.014176317209816111,0.12996407150818262,0.8516770229502596,25,20,20
48,7171,0.00418258833174216,0.014176317209816111,0.12996407296931375,0.8516770214891283,25,20,20
48,7172,0.004251705554952887,0.014176317200861245,0.1299028671210825,0.851669110123104,25,20,20
48,7173,0.00425170555494975,0.014176317200857026,0.12990737230797753,0.8516646049362161,25,20,20
48,7174,0.0036028101487386556,0.01417631722497469,0.13055638123994573,0.8516644913863414,25,20,20
48,7175,0.003602810148920764,0.014176317224974762,0.13055641681440783,0.8516644558116971,25,20,20
48,7176,0.0036028101487386556,0.014176317224970396,0.1305517061394226,0.8516691664868687,25,20,20
48,7177,0.0036028101487386656,0.01417631722473014,0.13079855697915313,0.8514223156473786,25,20,20
48,7178,0.0036028101486931374,0.014176317224730062,0.13079182233480782,0.8514290502917694,25,20,20
48,7179,0.00360281014869234,0.014176317224730062,0.13079640760221842,0.8514244650243594,25,20,20
48,7180,0.0036028101486930823,0.01417631722473435,0.13080099589298563,0.8514198767335871,25,20,20
48,7181,7.158923602184299e-05,0.014176316767417582,0.13433221944333204,0.8514198745532289,25,20,20
48,7182,7.158923602178693e-05,0.014176316767417508,0.13433219289862297,0.8514199010979381,25,20,20
48,7183,7.158923601859809e-05,0.01417631676741758,0.13424000607968692,0.851512087916877,25,20,20
48,7184,7.158923601858309e-05,0.014176316767417506,0.13423993452106897,0.8515121594754952,25,20,20
48,7185,7.158923601784038e-05,0.014176316767413216,0.13423534623030237,0.851516747766267,25,20,20
48,7186,7.161537722794998e-05,0.014176316767416658,0.1432252421745818,0.8425268256807737,25,20,20
48,7187,7.161537722714126e-05,0.014176316767412316,0.14297355583813412,0.8427785120172266,25,20,20
48,7188,7.161537722708518e-05,0.014176316767412241,0.14297347325583204,0.8427785945995288,25,20,20
48,7189,7.158923601378047e-05,0.01417631676741309,0.13398847277370352,0.8517636212228694,25,20,20
48,7190,7.158923601378143e-05,0.014176316767413164,0.13398858806014163,0.8517635059364314,25,20,20
48,7191,7.158923601699052e-05,0.014176316767413315,0.13399077851431945,0.8517613154822502,25,20,20
48,7192,7.158923602060942e-05,0.039946086597669433,0.10822100868409285,0.8517613154822173,25,20,20
48,7193,7.158923602061039e-05,0.03994608659766951,0.10822104349518227,0.8517612806711279,25,20,20
48,7194,7.158923603599509e-05,0.03994608659767378,0.09425103753604834,0.8657312866302422,25,20,20
48,7195,0.03759506221210739,0.03994608693915931,0.05672738182778274,0.8657314690209502,25,20,20
48,7196,0.03759506221210818,0.03994608693915938,0.056727389187314764,0.8657314616614172,25,20,20
48,7197,0.03759506221210818,0.03994608693915938,0.056727418214248926,0.8657314326344832,25,20,20
48,7198,0.03759506221210816,0.03994608693916353,0.0567298160743797,0.8657290347743483,25,20,20
48,7199,0.0375950622042968,0.0399461317264917,0.057178520008701265,0.86528028606051,25,20,20
48,7200,0.03759506220429351,0.038760880748101266,0.05836377098709504,0.8652802860605098,25,20,20
48,7201,0.037595062204293456,0.038760880748101266,0.058363738153486694,0.8652803188941182,25,20,20
48,7202,0.03759506220429344,0.038760880748101266,0.058363823551270684,0.8652802334963343,25,20,20
48,7203,0.03759506220429663,0.03876088074794637,0.04439865305128598,0.8792454039964706,25,20,20
48,7204,0.037595062204293435,0.03876088074794208,0.044400553025008636,0.8792435040227553,25,20,20
48,7205,0.037595062204293435,0.03876088074794216,0.04439403134393826,0.8792500257038257,25,20,20
48,7206,0.03759506220429423,0.038760880747942233,0.044396261526932525,0.8792477955208307,25,20,20
48,7207,0.03759506220429422,0.03876088074769923,0.04412991161212869,0.8795141454358779,25,20,20
48,7208,0.03759507060469516,0.03876088076159326,0.0442840843843338,0.8793599642493778,25,20,20
48,7209,0.03759507060469197,0.03876088076158897,0.0442793816238822,0.8793646670098368,25,20,20
48,7210,0.037595070604691985,0.03876088076159318,0.04428590506367949,0.8793581435700354,25,20,20
48,7211,0.03759507060469469,0.03876088077336179,0.05053078934380012,0.8731132592781434,25,20,20
48,7212,0.03759507060469469,0.03876088077336171,0.050530674067459716,0.8731133745544838,25,20,20
48,7213,0.03759506220429379,0.03876088075946768,0.05037650175916096,0.8732675552770776,25,20,20
48,7214,0.03759506220429379,0.03876088075946776,0.05037661502931047,0.873267442006928,25,20,20
48,7215,0.03759506220429386,0.03876088075947204,0.05046892246833781,0.8731751345678963,25,20,20
48,7216,0.03759506220424833,0.03876088075947197,0.050468792558736396,0.8731752644775433,25,20,20
48,7217,0.03759506220424833,0.03876088075947189,0.05046867669653317,0.8731753803397466,25,20,20
48,7218,0.037595062204430464,0.03876088075947626,0.05046378502493285,0.8731802720111603,25,20,20
48,7219,0.03759506220443126,0.038760880759476334,0.05046387389761319,0.8731801831384793,25,20,20
48,7220,0.03759506220443437,0.03876088075971865,0.05074467057903822,0.8728993864568088,25,20,20
48,7221,0.037595062204432456,0.038760880747954224,0.04486818863259526,0.8787758684150181,25,20,20
48,7222,0.037595062204432456,0.03876088074795851,0.04486838587662644,0.8787756711709827,25,20,20
48,7223,0.03759411715141959,0.0387608816496177,0.04486932784084125,0.8787756733581209,25,20,20
48,7224,0.03759411715164782,0.03938236125893907,0.04424784822581865,0.8787756733635941,25,20,20
48,7225,0.03759411715164777,0.039382361258939,0.04424776803812916,0.8787757535512837,25,20,20
48,7226,0.03759411715164782,0.039382361258939,0.04424780095969937,0.8787757206297135,25,20,20
48,7227,0.03759411715164781,0.03938236125893893,0.04425088688978676,0.8787726346996263,25,20,20
48,7228,0.037594117151647836,0.039382361258696624,0.043882535860804636,0.8791409857288507,25,20,20
48,7229,0.03759411714912499,0.03938231647136838,0.043434142470764464,0.8795894239087418,25,20,20
48,7230,0.03759411714912579,0.03938231647136845,0.043434144509509214,0.8795894218699963,25,20,20
48,7231,0.03759411714913214,0.03938231647137272,0.04370048469823642,0.8793230816812584,25,20,20
48,7232,0.037594117149132085,0.03938231647136843,0.043693880763448864,0.8793296856160504,25,20,20
48,7233,0.037594117149132085,0.039382316471368355,0.0436937654869317,0.8793298008925677,25,20,20
48,7234,0.037594117149314224,0.03938231647137272,0.04369384975362797,0.879329716625685,25,20,20
48,7235,0.03759411714931735,0.03938231647161303,0.043692045843487494,0.8793315205355821,25,20,20
48,7236,0.03759411714936208,0.039382316471857456,0.043698665833023245,0.8793249005457572,25,20,20
48,7237,0.03759411714936287,0.03938231647185746,0.04369866586885394,0.8793249005099257,25,20,20
48,7238,0.03759411714936289,0.03938231647185746,0.04369869303993024,0.8793248733388493,25,20,20
48,7239,0.040000184819940776,0.03938231613021215,0.04129280814439374,0.8793246909054533,25,20,20
48,7240,0.04000018481994391,0.039382316130212223,0.0412928084312909,0.879324690618553,25,20,20
48,7241,0.040000184819940714,0.03938231613020793,0.041288055455243236,0.8793294435946081,25,20,20
48,7242,0.040000184819934365,0.03938231613020377,0.05207963014351875,0.8685378689063431,25,20,20
48,7243,0.04000018481993364,0.0393823161301996,0.05170664189140619,0.8689108571584605,25,20,20
48,7244,0.040000184822346734,0.0393823161301996,0.051711191993291265,0.8689063070541623,25,20,20
48,7245,0.04000018482234679,0.0393823161301996,0.05171121907695825,0.8689062799704953,25,20,20
48,7246,0.0400001848223436,0.03938231612995508,0.05171108540493259,0.8689064136427685,25,20,20
48,7247,0.0400001848223436,0.03938231612995508,0.05171567137597836,0.8689018276717229,25,20,20
48,7248,0.040000184822389026,0.03938231613019921,0.05180801751868617,0.8688094815287255,25,20,20
48,7249,0.04000018482238823,0.039382316130194925,0.05180790131417293,0.8688095977332437,25,20,20
48,7250,0.04000018482238823,0.039382316130194925,0.051807901899858975,0.8688095971475578,25,20,20
48,7251,0.04000018482238816,0.03938231613019485,0.05180790043037433,0.8688095986170425,25,20,20
48,7252,0.04000018482252141,0.03938231613019488,0.06286392076825412,0.8577535782790295,25,20,20
48,7253,0.0400001848223881,0.03938231613019485,0.051805705645044754,0.8688117934023724,25,20,20
48,7254,0.02354637240706524,0.03938231613408063,0.06825945992255396,0.8688118515363001,25,20,20
48,7255,0.023546372404470016,0.03938231613408055,0.0682548540418949,0.8688164574195547,25,20,20
48,7256,0.023546372404515535,0.039382316134076334,0.06825486710225376,0.8688164443591545,25,20,20
48,7257,0.023546372404469215,0.039382316134076334,0.06824841200218296,0.8688228994592714,25,20,20
48,7258,0.02354637240451497,0.03938231688034866,0.07068526227311285,0.8663860484420235,25,20,20
48,7259,0.0235463724044695,0.03938231688010416,0.07067864026985143,0.866392670445575,25,20,20
48,7260,0.0235463724044695,0.03938231688010416,0.07067863996724867,0.8663926707481778,25,20,20
48,7261,0.023546080714418053,0.039382315987265416,0.07067893473580235,0.866392668562514,25,20,20
48,7262,0.023546244203319786,0.03938313742501997,0.07067794740051198,0.8663926709711481,25,20,20
48,7263,0.023546244203319796,0.03938313742501997,0.07067794937363076,0.8663926689980292,25,20,20
48,7264,0.02354624420331974,0.039383137425020046,0.07067803478695905,0.8663925835847011,25,20,20
48,7265,0.02354624420331974,0.039383137425020046,0.07067803490237705,0.866392583469283,25,20,20
48,7266,0.023546244203500176,0.03938313743883329,0.07105210178315412,0.866018516574512,25,20,20
48,7267,0.023546244203499437,0.03938313743883321,0.0710520620791962,0.8660185562784709,25,20,20
48,7268,0.039994602720054576,0.039383137434947535,0.05460376170044502,0.8660184981445523,25,20,20
48,7269,0.039994602720008814,0.039383136688675206,0.05216232546740433,0.8684599351239113,25,20,20
48,7270,0.039994602719963385,0.03938313668843107,0.052070017311232,0.8685522432803733,25,20,20
48,7271,0.039994602719781266,0.03938313668842678,0.05206521973984718,0.8685570408519443,25,20,20
48,7272,0.039994602719781266,0.03938313668842678,0.0520653322037566,0.8685569283880351,25,20,20
48,7273,0.028179155881316337,0.03938315034461291,0.06388069809515148,0.8685569956789191,25,20,20
48,7274,0.02817915588131946,0.039383150344855185,0.06425409445912748,0.8681835993146977,25,20,20
48,7275,0.028179155881318713,0.03938315034485511,0.06425397903177969,0.8681837147420463,25,20,20
48,7276,0.028179155881318727,0.03938315034485503,0.06426047017293043,0.8681772236008954,25,20,20
48,7277,0.028179155891699104,0.03938315034485503,0.06426711613320875,0.8681705776302366,25,20,20
48,7278,0.028179155894220976,0.03938315113100359,0.06470135937277773,0.8677363336019972,25,20,20
48,7279,0.028179155894220976,0.03938315113100352,0.06470127196044873,0.8677364210143262,25,20,20
48,7280,0.028179155894220962,0.039383151131003595,0.06507437285565544,0.8673633201191195,25,20,20
48,7281,0.028179155894220962,0.039383151131003595,0.06507437380338611,0.8673633191713889,25,20,20
48,7282,0.028179155894220993,0.03938315113100367,0.06508097941264752,0.8673567135621273,25,20,20
48,7283,0.028179155894220993,0.03938315113099938,0.06508089664700069,0.8673567963277786,25,20,20
48,7284,0.028179155883840564,0.03938315113099931,0.06507416914155438,0.8673635238436053,25,20,20
48,7285,0.0281791558838438,0.03938315113099931,0.06506762034791948,0.867370072637237,25,20,20
48,7286,0.028179155883844592,0.03938315113100356,0.06544073132315172,0.8669969616619998,25,20,20
48,7287,0.028179155883664153,0.039383151117190325,0.06506658997060358,0.8673711030285416,25,20,20
48,7288,0.028179155881096745,0.039383150331037474,0.06463223050605615,0.8678054632818093,25,20,20
48,7289,0.028179155881093494,0.03938315033103747,0.06463228883197164,0.8678054049558971,25,20,20
48,7290,0.02348621813969928,0.03938313668227568,0.06932525052644804,0.8678053946515767,25,20,20
48,7291,0.02348621813970248,0.03938313668227997,0.0693298395549384,0.867800805623079,25,20,20
48,7292,0.02348621815008243,0.03938313668252461,0.06933841905536806,0.8677922261120246,25,20,20
48,7293,0.023486218150082415,0.03938313668252461,0.06934309111866754,0.8677875540487253,25,20,20
48,7294,0.02348621815012794,0.03938313668253312,0.06897469403190935,0.8681559511354294,25,20,20
48,7295,0.02707471229237027,0.039382315700696065,0.0653799463576184,0.8681630256493148,25,20,20
48,7296,0.027074712295138456,0.03938231571436537,0.06509837192321859,0.8684446000672769,25,20,20
48,7297,0.03945514845082526,0.039382323661771704,0.05272500473198491,0.8684375231554174,25,20,20
48,7298,0.027753632059026794,0.039764742561700324,0.06404299902871154,0.8684386263505607,25,20,20
48,7299,0.027753632059026007,0.039764742561700255,0.06404299760085218,0.868438627778421,25,20,20
48,7300,0.02775363205902602,0.03976474256194409,0.0641724827528356,0.8683091426261937,25,20,20
48,7301,0.02775363205902602,0.0397647425617045,0.0644160629238746,0.8680655624553942,25,20,20
48,7302,0.02775363205902602,0.0397647425617045,0.06441594986733641,0.8680656755119326,25,20,20
48,7303,0.027753632059071554,0.039764742561713085,0.06442061637682807,0.8680610090023868,25,20,20
48,7304,0.02775363205907233,0.03976474256196034,0.06468034365028058,0.8678012817286862,25,20,20
48,7305,0.02775363205907228,0.03976474256196034,0.06468045516789987,0.867801170211067,25,20,20
48,7306,0.02775363205907228,0.03976474256196034,0.06468040113879432,0.8678012242401725,25,20,20
48,7307,0.02775363205907547,0.039764742562204934,0.0646852081854367,0.8677964171932824,25,20,20
48,7308,0.027753632069433744,0.03976474256220929,0.06477751645843373,0.8677041089099227,25,20,20
48,7309,0.027753632069412486,0.03856485609271219,0.06597641994186765,0.8677050918960072,25,20,20
48,7310,0.027753632069411713,0.03856485609270794,0.06560339013483905,0.8680781217030408,25,20,20
48,7311,0.043979270968868674,0.03856485608528357,0.049377808228859316,0.868078064716988,25,20,20
48,7312,0.043979270968868694,0.03856485608528357,0.049750845049352434,0.867705027896495,25,20,20
48,7313,0.043979270968868694,0.03856485608528357,0.049750846558448504,0.867705026387399,25,20,20
48,7314,0.04397927096887189,0.03856485608528357,0.04975554808577983,0.8677003248600644,25,20,20
48,7315,0.04397927096887431,0.03856485608503639,0.04948935683513347,0.8679665161109557,25,20,20
48,7316,0.04397927421173073,0.038564856147598546,0.08932992457236773,0.8281259450683024,25,20,20
48,7317,0.043979274211909655,0.038564856147602765,0.08932994770677977,0.8281259219337072,25,20,20
48,7318,0.0439792742015305,0.03856485616117128,0.08969554751861875,0.8277603221186789,25,20,20
48,7319,0.044235901873629,0.03856485616139876,0.0894389197870971,0.8277603221778747,25,20,20
48,7320,0.044235902461456054,0.0385648561752492,0.08970630339112538,0.8274929379721688,25,20,20
48,7321,0.0442359024706289,0.03856485617525299,0.09436540561957062,0.8228338357345476,25,20,20
48,7322,0.044235902461456054,0.038564856175249344,0.08970850028604133,0.8274907410772527,25,20,20
48,7323,0.04423590246141052,0.03856485617524077,0.08970379438905152,0.8274954469742969,25,20,20
48,7324,0.04423590246141051,0.03856485617524084,0.08933075683140598,0.8278684845319423,25,20,20
48,7325,0.04423590246145572,0.0385648561754881,0.0895969932100646,0.8276022481529912,25,20,20
48,7326,0.044235902461413686,0.03856485617524513,0.08933083762923447,0.8278684037341064,25,20,20
48,7327,0.044235902461413686,0.038564856175245056,0.0893261363820457,0.8278731049812952,25,20,20
48,7328,0.044235902461368146,0.03856485617524499,0.08932598098457312,0.8278732603788135,25,20,20
48,7329,0.0442672709743948,0.03856485617501744,0.08929461253149007,0.8278732603190972,25,20,20
48,7330,0.04426727097457689,0.03856485618895674,0.08930693349691668,0.8278609393395493,25,20,20
48,7331,0.04426727097457689,0.038564856188956664,0.08930693283030394,0.8278609400061622,25,20,20
48,7332,0.04426727097459435,0.03910957647350064,0.08876317804580751,0.8278599745060972,25,20,20
48,7333,0.04426727097454882,0.039109576473492065,0.08876507857472098,0.8278580739772379,25,20,20
48,7334,0.04426727097441223,0.039109576473492065,0.088762691731167,0.8278604608209283,25,20,20
48,7335,0.04959312805116203,0.03910957709860777,0.08348336379973237,0.8278139310504973,25,20,20
48,7336,0.04959312805115885,0.03910957709836318,0.08347853030067016,0.8278187645498073,25,20,20
48,7337,0.04959312805115885,0.03910957709836318,0.08347841582706979,0.8278188790234077,25,20,20
48,7338,0.04959312746334755,0.03910957708571938,0.11974945023416676,0.791547845216766,25,20,20
48,7339,0.04959312746316546,0.03910957707178008,0.11973712926874013,0.791560166196314,25,20,20
48,7340,0.049593127463165444,0.03910957707178008,0.11973926601535574,0.7915580294496983,25,20,20
48,7341,0.049593130195275066,0.039118872365983014,0.11972998548044292,0.7915580119582987,25,20,20
48,7342,0.049593130195275045,0.03911887236598294,0.1197299833866191,0.7915580140521224,25,20,20
48,7343,0.049593130195275045,0.03911887236598294,0.11972337834814205,0.7915646190905996,25,20,20
48,7344,0.049593130195275045,0.03911887236598284,0.10866546485856565,0.8026225325801764,25,20,20
48,7345,0.04959313019531738,0.03911887236598269,0.10866316324437719,0.8026248341943226,25,20,20
48,7346,0.04959313019531738,0.039118872365982764,0.10865854450507474,0.8026294529336249,25,20,20
48,7347,0.04959313019531744,0.03911887236598284,0.10865865841924437,0.8026293390194552,25,20,20
48,7348,0.049593130195499574,0.03911887236598713,0.10866040047098066,0.8026275969675325,25,20,20
48,7349,0.049593130195499574,0.03911887236598717,0.10828749382037815,0.8030005036181349,25,20,20
48,7350,0.049593130185142095,0.03911887236622741,0.1082000199592955,0.8030879774893347,25,20,20
48,7351,0.049593130185142095,0.03911887236622734,0.10819993892193104,0.8030880585266993,25,20,20
48,7352,0.04959313018536899,0.039118872380123085,0.10833722660234954,0.8029507708321582,25,20,20
48,7353,0.049593130195717545,0.03911887238061074,0.10846670423122244,0.802821293192449,25,20,20
48,7354,0.04959313019571675,0.03911887238036615,0.10846187012191094,0.802826127302006,25,20,20
48,7355,0.04959313019571677,0.039118872380366224,0.1084619526253704,0.8028260447985464,25,20,20
48,7356,0.04959313019571675,0.03911887238036608,0.10846627871130872,0.8028217187126083,25,20,20
48,7357,0.04959313019571748,0.03911887238037029,0.10846636077344433,0.8028216366504677,25,20,20
48,7358,0.049593130185368935,0.03911887237988271,0.1083368845372103,0.802951112897538,25,20,20
48,7359,0.04532871685039657,0.03874069463464661,0.11298057876901858,0.8029500097459384,25,20,20
48,7360,0.04532871685039737,0.03874069463489123,0.11297996253193919,0.8029506259827724,25,20,20
48,7361,0.045328714165988895,0.03873288382301852,0.11298777602822044,0.8029506259827724,25,20,20
48,7362,0.0453287141659849,0.03873288382277383,0.11298611457225011,0.8029522874389915,25,20,20
48,7363,0.0453287141659817,0.03873288382276954,0.11298152685236734,0.8029568751588816,25,20,20
48,7364,0.0453287141659849,0.038732883823014125,0.11298822989733834,0.802950172113663,25,20,20
48,7365,0.0453287141659849,0.0387328838230142,0.11298606233308356,0.8029523396779176,25,20,20
48,7366,0.04532871416598413,0.03873288380920119,0.1128782140615925,0.8030601879632222,25,20,20
48,7367,0.045328714165984135,0.03873288380920119,0.11287836640657818,0.8030600356182366,25,20,20
48,7368,0.045328714165938665,0.038732883809201264,0.11287608116467274,0.8030623208601875,25,20,20
48,7369,0.04532871411801283,0.0399727593215726,0.11163620570022421,0.8030623208601905,25,20,20
48,7370,0.045328714118012814,0.03997275932157257,0.11190234195960228,0.8027961846008121,25,20,20
48,7371,0.04532871411783069,0.039972759321568276,0.1119006796886434,0.8027978468719574,25,20,20
48,7372,0.04532871411783069,0.039972759321568276,0.11190059861329466,0.8027979279473061,25,20,20
48,7373,0.0453289191252652,0.03997275932036356,0.09800269153666165,0.8166956300177093,25,20,20
48,7374,0.04532871411781578,0.039972759320365925,0.07536873898134622,0.8393297875804717,25,20,20
48,7375,0.04532871426575486,0.03997275932037451,0.07537049977565,0.8393280266382201,25,20,20
48,7376,0.04532871426575804,0.03997275932037022,0.0753751008156561,0.8393234255982152,25,20,20
48,7377,0.04532871426575806,0.039972759320370296,0.07537512987553448,0.8393233965383368,25,20,20
48,7378,0.04317803935977911,0.039973838978084125,0.07752463009446124,0.8393234915676753,25,20,20
48,7379,0.04317803935977827,0.039973838978079906,0.07751807372908136,0.8393300479330602,25,20,20
48,7380,0.04317803936236222,0.03997383897807916,0.07764093467069143,0.839207186988867,25,20,20
48,7381,0.04317803936236223,0.03997383897807923,0.0776410125890318,0.8392071090705265,25,20,20
48,7382,0.04317803936235912,0.03997383897807504,0.077374800295333,0.8394733213642326,25,20,20
48,7383,0.043178039214468764,0.03997383897831111,0.07738150456949483,0.839466617237725,25,20,20
48,7384,0.043178039214468805,0.039973838978315406,0.0773860542737206,0.8394620675334948,25,20,20
48,7385,0.04317803921446873,0.039973838978315475,0.0773925378118542,0.8394555839953612,25,20,20
48,7386,0.04317803921464768,0.03997383897832406,0.07738796537454158,0.8394601564324863,25,20,20
48,7387,0.04317803921446874,0.03997383897831563,0.07738785117823282,0.8394602706289825,25,20,20
48,7388,0.04317803921446952,0.039973838978319916,0.07739247226713586,0.8394556495400743,25,20,20
48,7389,0.04317803921447033,0.039973838978319916,0.07776647164802006,0.8390816501591893,25,20,20
48,7390,0.04317803922472214,0.0399738397665462,0.07809614729691454,0.8387519737118169,25,20,20
48,7391,0.04317803922472214,0.03997383976654612,0.07810280197547277,0.8387453190332588,25,20,20
48,7392,0.0431780392221382,0.039973839766302366,0.07797793951664411,0.838870181494915,25,20,20
48,7393,0.043178039222138205,0.03997383976630662,0.07835104282620199,0.8384970781853531,25,20,20
48,7394,0.043178039222138205,0.03997383976630662,0.07835104001701987,0.8384970809945351,25,20,20
48,7395,0.03785426032966836,0.03997383991054735,0.0836958073838421,0.838476092375942,25,20,20
48,7396,0.03785426032966761,0.03997383991054742,0.08332192250261775,0.838849977257167,25,20,20
48,7397,0.037854260329670736,0.03997383991079034,0.08358815912699168,0.8385837406325471,25,20,20
48,7398,0.037854260329673865,0.03997383991079456,0.0835881657086295,0.838583734050902,25,20,20
48,7399,0.03785426032967385,0.03997383991079031,0.08321506239907164,0.8389568373604642,25,20,20
48,7400,0.037854260319376505,0.03997383912255966,0.08288526851367563,0.8392866320443882,25,20,20
48,7401,0.03785426031937576,0.039973839122555296,0.08288059278553264,0.8392913077725364,25,20,20
48,7402,0.03785426046396028,0.03997383912255941,0.0837884644263797,0.8383834359871006,25,20,20
48,7403,0.07059607440096688,0.03996983541095222,0.051050653211109055,0.8383834369769717,25,20,20
48,7404,0.07059607440110073,0.03996983541113505,0.061658790953497716,0.8277752992342663,25,20,20
48,7405,0.07059607440114611,0.039969835411139173,0.061781715903306965,0.8276523742844075,25,20,20
48,7406,0.0705960744011944,0.03996983541095628,0.05117503335417681,0.8382590568336723,25,20,20
48,7407,0.07059607440119127,0.039969835410713354,0.0509087639214301,0.838525326266665,25,20,20
48,7408,0.07772519400114518,0.039969589557045576,0.043779891213246706,0.8385253252285624,25,20,20
48,7409,0.07772519400114199,0.0399695895570455,0.04377519024681763,0.8385300261949946,25,20,20
48,7410,0.07772519401149962,0.0399695895570455,0.0438694476441494,0.8384357687873053,25,20,20
48,7411,0.07772519386691193,0.03996958955704131,0.04296158024975398,0.8393436363262926,25,20,20
48,7412,0.07772519386691507,0.03996958955704131,0.04296171561851686,0.8393435009575266,25,20,20
48,7413,0.07772519386686969,0.03996958955704132,0.0428368900329277,0.8394683265431611,25,20,20
48,7414,0.07772519386686967,0.0399695895570414,0.0428369241412413,0.8394682924348474,25,20,20
48,7415,0.07772519386686971,0.0399695895570414,0.04283695693937773,0.839468259636711,25,20,20
48,7416,0.07772519386686971,0.0399695895570414,0.04284165814684507,0.8394635584292438,25,20,20
48,7417,0.07772519386686971,0.039969589557041475,0.042835082435512116,0.8394701341405767,25,20,20
48,7418,0.07772519385654154,0.03996958955704145,0.05725769504533958,0.8250475215410775,25,20,20
48,7419,0.11744645738929833,0.039969588712850564,0.017536435953079944,0.8250475179447713,25,20,20
48,7420,0.11744645739367632,0.014152943638851261,0.04335307463097124,0.825047524336501,25,20,20
48,7421,0.1195741921840863,0.014151863981251178,0.0412265145264521,0.8250474293082101,25,20,20
48,7422,0.1195741921840863,0.014151863981255395,0.041226541551720286,0.8250474022829377,25,20,20
48,7423,0.11957419218385942,0.01415186396735965,0.04109598789918805,0.8251779559495926,25,20,20
48,7424,0.11957419218385629,0.014151863967355356,0.041096029213696046,0.8251779146350922,25,20,20
48,7425,0.11957419218382682,0.014151863967359598,0.02657927337252211,0.8396946704762911,25,20,20
48,7426,0.11957419218382682,0.014151863967359674,0.0265792254761599,0.8396947183726533,25,20,20
48,7427,0.11957419218387233,0.014151863967359825,0.026572722892468714,0.8397012209562987,25,20,20
48,7428,0.11957419218369024,0.014151863967362925,0.037629067457977325,0.8286448763909691,25,20,20
48,7429,0.11957419218369104,0.014151863981262844,0.03775437313668631,0.8285195706983594,25,20,20
48,7430,0.11957419218369109,0.014151863981262908,0.04240853332753372,0.8238654105075122,25,20,20
48,7431,0.11957419218387322,0.014151863981267124,0.042142426209119455,0.8241315176257402,25,20,20
48,7432,0.1195746694843625,0.01415186400895843,0.04242265719419863,0.8238508093124804,25,20,20
48,7433,0.11957466948431378,0.014151864008713787,0.04241877747217372,0.8238546890347987,25,20,20
48,7434,0.11957470321025529,0.014151864008718075,0.04242544890511244,0.8238479838759143,25,20,20
48,7435,0.11957470321025845,0.014151864008719263,0.031367703326087355,0.8349057294549347,25,20,20
48,7436,0.11957470320588051,0.0387606948904311,0.006758878840579271,0.8349057230631091,25,20,20
48,7437,0.1195747032058797,0.03876069487653119,0.006633601611744529,0.8350310003058447,25,20,20
48,7438,0.11957470320587965,0.0387606948765269,0.006633458699194499,0.8350311432183989,25,20,20
48,7439,0.11957470320587965,0.0387606948765269,0.006633458699410313,0.8350311432181832,25,20,20
48,7440,0.11957470320587965,0.03876069487653126,0.006639901404386409,0.8350247005132028,25,20,20
48,7441,0.11957470320587965,0.03876069487652705,0.00672749169974192,0.8349371102178513,25,20,20
48,7442,0.11957470320587651,0.03876069487652276,0.006729025829218294,0.8349355760883824,25,20,20
48,7443,0.11957422590520507,0.03876069484882709,0.006448569489634545,0.8352165097563333,25,20,20
48,7444,0.11957422590520514,0.0387606948488313,0.0064550930424722664,0.8352099862034913,25,20,20
48,7445,0.11958002577159713,0.03876069484882936,0.006449293176605936,0.8352099862029676,25,20,20
48,7446,0.1195800257716003,0.03876069484882936,0.006444786308576708,0.8352144930709937,25,20,20
48,7447,0.11958002577160341,0.03876069484907236,0.006709416346327085,0.8349498630329972,25,20,20
48,7448,0.11958002578198433,0.038760694849317025,0.006714225090779401,0.8349450542779193,25,20,20
48,7449,0.1195800257922969,0.03876069484956101,0.00680677513892575,0.8348525042192163,25,20,20
48,7450,0.11958002579229615,0.03876069484980131,0.006811412685511506,0.834847866672391,25,20,20
48,7451,0.11958002579229621,0.03876069484980131,0.006811416161424729,0.8348478631964776,25,20,20
48,7452,0.1195800257922962,0.03876069484980124,0.006811499563311605,0.8348477797945907,25,20,20
48,7453,0.11958002579229618,0.03876069484980131,0.006804880812129695,0.8348543985457727,25,20,20
48,7454,0.1195800257922993,0.038760694849797175,0.0067983587119932335,0.8348609206459101,25,20,20
48,7455,0.11958002579229923,0.038760694849797106,0.006706178738251915,0.8349531006196514,25,20,20
48,7456,0.11958002579248404,0.03876069484979711,0.0021529075619976627,0.8395063717957209,25,20,20
48,7457,0.11958002579248085,0.03876069484979282,0.0021574121140326107,0.8395018672436935,25,20,20
48,7458,0.119580025782487,0.038760694849553044,0.002156940104472893,0.8395023392634867,25,20,20
48,7459,0.08135592761374719,0.03876069506166805,0.04038098101841464,0.8395023963061695,25,20,20
48,7460,0.08135592761374719,0.03876069506166805,0.04037639366843947,0.8395069836561447,25,20,20
48,7461,0.0813559276137472,0.03876069506166805,0.0403829694488376,0.8395004078757466,25,20,20
48,7462,0.08135589388780654,0.03876069506190782,0.040468944549077124,0.8394144665012081,25,20,20
48,7463,0.08133307360815074,0.03876069506191562,0.04049166784165308,0.8394145634882803,25,20,20
48,7464,0.08133307360815394,0.03876069506191992,0.04049186453564832,0.8394143667942775,25,20,20
48,7465,0.08136757782972062,0.03876069506180048,0.0404574573017694,0.8394142698067091,25,20,20
48,7466,0.08136757782971747,0.03876069506204077,0.040463965074077936,0.8394077620341635,25,20,20
48,7467,0.08136757782971747,0.03876069506204077,0.040459377750488947,0.8394123493577526,25,20,20
48,7468,0.08136757782971742,0.03876069506204077,0.04045937765936616,0.8394123494488754,25,20,20
48,7469,0.08136757782971743,0.03876069506204077,0.0404593770980429,0.8394123500101986,25,20,20
48,7470,0.08136757782989637,0.03876069506204243,0.04020037797442632,0.8396713491336345,25,20,20
48,7471,0.08136757782989637,0.03876069506203814,0.040200344513175945,0.8396713825948892,25,20,20
48,7472,0.08136757783073756,0.03876082579007194,0.04020021378430096,0.839671382594889,25,20,20
48,7473,0.08136757783073671,0.038760825789832094,0.04010764859767632,0.8397639477817543,25,20,20
48,7474,0.0813675778307375,0.038760825789832094,0.040114057886391725,0.8397575384930381,25,20,20
48,7475,0.08136757783073759,0.03876082578983639,0.04011864755463591,0.8397529488247897,25,20,20
48,7476,0.08136757783055865,0.03876082578959602,0.04020361484696014,0.8396679815328847,25,20,20
48,7477,0.0813675778305587,0.03876082578959602,0.04020358213316887,0.8396680142466759,25,20,20
48,7478,0.08136757783315061,0.038760825789840525,0.040210172144231685,0.8396614242327765,25,20,20
48,7479,0.08136757783315061,0.038760825789840525,0.040210170146777344,0.8396614262302309,25,20,20
48,7480,0.08136757783315061,0.03876082578984053,0.040210170157052534,0.8396614262199558,25,20,20
48,7481,0.08136757783055551,0.03876082578959587,0.040203462831085245,0.8396681335487628,25,20,20
48,7482,0.08136757783055548,0.038760825789591655,0.04020346139578464,0.8396681349840677,25,20,20
48,7483,0.08136757783055543,0.03876082578934707,0.040196838820705044,0.8396747575593919,25,20,20
48,7484,0.08136757783055465,0.038760825789342854,0.04019034818543662,0.8396812481946653,25,20,20
48,7485,0.08136757783055147,0.038760825789338565,0.04018382472779884,0.8396877716523105,25,20,20
48,7486,0.08136757783054913,0.03876082657548721,0.040525964874716804,0.8393456307192467,25,20,20
48,7487,0.08136757783054907,0.038760826575242616,0.04052121046435803,0.8393503851298502,25,20,20
48,7488,0.08136757783298508,0.038760827320261246,0.0430257756869566,0.836845819159797,25,20,20
48,7489,0.07625933512600942,0.038760827447743285,0.04813304412425822,0.8368467933019891,25,20,20
48,7490,0.07625933512564587,0.038760827447738934,0.05429099155785702,0.830688845868758,25,20,20
48,7491,0.07625933512564907,0.038760827447738934,0.054284470321355915,0.8306953671052559,25,20,20
48,7492,0.07625933511526814,0.03876082744749426,0.05427963371271541,0.8307002037245219,25,20,20
48,7493,0.07625933511283214,0.03876082670247984,0.051781591917580985,0.8331982462671068,25,20,20
48,7494,0.07625933512321256,0.038760826702969015,0.051788244825937815,0.8331915933478804,25,20,20
48,7495,0.07625933512321255,0.038760826702964726,0.05178171938340398,0.8331981187904186,25,20,20
48,7496,0.07625933512321255,0.038760826702964726,0.05178172138085834,0.8331981167929642,25,20,20
48,7497,0.07625933512321255,0.038760826702964726,0.05178180187052095,0.8331980363033016,25,20,20
48,7498,0.0762593351232125,0.038760826702964796,0.05178183598720567,0.8331980021866169,25,20,20
48,7499,0.07466968263909317,0.03876082694201981,0.05336476608300977,0.8332047243358767,25,20,20
48,7500,0.0746696826390963,0.03876082694202402,0.05336476754710217,0.8332047228717769,25,20,20
48,7501,0.07466968263913865,0.0387608269422644,0.05336480630494393,0.8332046841136526,25,20,20
48,7502,0.07466968263913863,0.038760826942264404,0.053364807243033295,0.8332046831755631,25,20,20
48,7503,0.07466968263914259,0.03876082694250894,0.05336705290792261,0.8332024375104251,25,20,20
48,7504,0.07466968263914264,0.03876082694251327,0.05374015480668692,0.8328293356116565,25,20,20
48,7505,0.07466968263914342,0.03876082694251744,0.05411314293427866,0.8324563474840597,25,20,20
48,7506,0.07466968263914278,0.03876082694251744,0.047862967934377706,0.8387065224839614,25,20,20
48,7507,0.07466968263918126,0.03876082694252106,0.054112449086843976,0.8324570413314534,25,20,20
48,7508,0.07466968323082329,0.03876082695670603,0.05412205107852553,0.8324474387339449,25,20,20
48,7509,0.07466968323082324,0.03876082695670603,0.054122050320130566,0.8324474394923398,25,20,20
48,7510,0.07432349116597162,0.038760867919402184,0.05446800943178243,0.8324476314828434,25,20,20
48,7511,0.07432349116597162,0.03876086791940226,0.05446793492979936,0.8324477059848266,25,20,20
48,7512,0.07432349116597169,0.038760867919402336,0.054467969100530346,0.8324476718140954,25,20,20
48,7513,0.07432349152766396,0.0387608956079365,0.09403895410954723,0.7928766587548526,25,20,20
48,7514,0.07791164641772298,0.038760868375923255,0.09087972865525433,0.7924477565510998,25,20,20
48,7515,0.07791164641772298,0.038760868375923255,0.09088435106397834,0.7924431341423757,25,20,20
48,7516,0.07791164641753813,0.038760868375923255,0.09077884332220709,0.7925486418843319,25,20,20
48,7517,0.07791164641758325,0.0387608683761656,0.09114726258155521,0.7921802226246963,25,20,20
48,7518,0.07791164641754478,0.03876086837616198,0.08489774807985613,0.7984297371264377,25,20,20
48,7519,0.07791164641754557,0.03876086837616205,0.08527078491836644,0.7980567002879265,25,20,20
48,7520,0.07791164641754478,0.03876086837616198,0.08489766561304357,0.7984298195932502,25,20,20
48,7521,0.07791164640716434,0.03876086837567281,0.08489104810046247,0.7984364371167009,25,20,20
48,7522,0.07791164581570445,0.03876086836149214,0.08488318965581802,0.7984442961669859,25,20,20
48,7523,0.07791164581486322,0.0399685484882346,0.08367550952982078,0.7984442961670817,25,20,20
48,7524,0.0779116458148189,0.0399685484882346,0.08367550925850945,0.7984442964384374,25,20,20
48,7525,0.07791164581482213,0.0399685484884776,0.08394176962376798,0.7981780360729327,25,20,20
48,7526,0.07791164640519592,0.039968548502396506,0.0840371472755082,0.7980826578168997,25,20,20
48,7527,0.07791164640519592,0.039968548502396506,0.08403725039682755,0.7980825546955802,25,20,20
48,7528,0.07791164640519592,0.039968548502396437,0.08403716298449844,0.7980826421079094,25,20,20
48,7529,0.044209493619193345,0.03996850764589175,0.11769267521516595,0.7981293235197482,25,20,20
48,7530,0.04420949361919734,0.039968507659831745,0.1177026814996303,0.7981193172213398,25,20,20
48,7531,0.04420949361919333,0.039968507659591396,0.1179666532093403,0.7978553455118741,25,20,20
48,7532,0.04420949361919254,0.03996850765934906,0.11759361178816778,0.7982283869332896,25,20,20
48,7533,0.038263616872322784,0.05163843060324158,0.11094031735060186,0.799157635173833,25,20,20
48,7534,0.038263616874840256,0.05163843060324165,0.11280057699464113,0.7972973755272761,25,20,20
48,7535,0.038263616284466534,0.0516384306016423,0.11736407517441451,0.7927338779394758,25,20,20
48,7536,0.03826361628446659,0.0516384306016423,0.11736407659093578,0.7927338765229546,25,20,20
48,7537,0.038263616284460206,0.051638430601401254,0.1236089351571021,0.7864890179570356,25,20,20
48,7538,0.038263616284463384,0.051638430601401254,0.12360887657151597,0.7864890765426186,25,20,20
48,7539,0.03826361628446333,0.051638430601401254,0.123608875824986,0.7864890772891486,25,20,20
48,7540,0.04356990549531257,0.05163843047239006,0.11830356130787784,0.7864881027244192,25,20,20
48,7541,0.04356990549531328,0.051638430472633806,0.11843296927419213,0.7863586947578605,25,20,20
48,7542,0.03768570313766505,0.05163843480313883,0.12431716730978894,0.7863586947494069,25,20,20
48,7543,0.03768570313766187,0.05163843480313875,0.12431870427526158,0.7863571577839376,25,20,20
48,7544,0.03768570313514439,0.05163843480313868,0.12245847742745065,0.7882173846342659,25,20,20
48,7545,0.037685703135144404,0.051638434803138684,0.12245839001783156,0.788217472043885,25,20,20
48,7546,0.03768570313518914,0.05163843480289915,0.12233547490849196,0.7883403871534195,25,20,20
48,7547,0.036009637053195466,0.051638434350723746,0.12401154243866483,0.7883403861574166,25,20,20
48,7548,0.03600962533556857,0.07990514525737928,0.09672096488699694,0.7873642645200549,25,20,20
48,7549,0.072123737914369,0.07990514593216415,0.060606760519781554,0.7873643556336851,25,20,20
48,7550,0.07212373791437225,0.07990514593216423,0.060611434542340144,0.7873596816111232,25,20,20
48,7551,0.07212373792312862,0.07990514593237416,0.06687497411581607,0.7810961420286808,25,20,20
48,7552,0.07212373792308954,0.07990514593237061,0.06062545570411671,0.787345660440423,25,20,20
48,7553,0.07212373792313465,0.07990514593261296,0.060996957652684404,0.7869741584915678,25,20,20
48,7554,0.07212373792313549,0.07990514593261726,0.06099715493284834,0.7869739612113988,25,20,20
48,7555,0.07212373792313227,0.07990514593237426,0.06073104405353869,0.7872400720909549,25,20,20
48,7556,0.07212373792313462,0.07990514593237426,0.060735551414341477,0.7872355647301497,25,20,20
48,7557,0.0721237379113128,0.06453000738278813,0.07611068998124108,0.7872355647246578,25,20,20
48,7558,0.07212373791131195,0.0645300065966352,0.07567624884384899,0.7876700066482037,25,20,20
48,7559,0.07212373791131509,0.06453000658456023,0.0710240374531419,0.7923222180509828,25,20,20
48,7560,0.07212373791149665,0.06453000658480827,0.07115349193489708,0.7921927635687979,25,20,20
48,7561,0.07212373791149986,0.06453000658480834,0.07115357548987179,0.79219268001382,25,20,20
48,7562,0.07212373791149664,0.06453000658456375,0.07114691151357061,0.7921993439903691,25,20,20
48,7563,0.07212373791150067,0.03580140708295897,0.09987551101370588,0.7921993439918341,25,20,20
48,7564,0.07212373791409606,0.03580140708295912,0.09987791120524094,0.7921969437977036,25,20,20
48,7565,0.07212373791409601,0.03580140708295912,0.09987791121532315,0.7921969437876214,25,20,20
48,7566,0.07212373791409277,0.03580140708295912,0.09987791058690304,0.7921969444160449,25,20,20
48,7567,0.07212373791149738,0.03580140708295902,0.11384538094607238,0.7782294740594708,25,20,20
48,7568,0.07296426378056904,0.035801406416019435,0.11300494635412152,0.7782293834492898,25,20,20
48,7569,0.0729642637805699,0.03580140641601511,0.11263194965101364,0.7786023801524011,25,20,20
48,7570,0.0729642637805723,0.035801406416010866,0.11225900944461209,0.7789753203588046,25,20,20
48,7571,0.07296426377181589,0.035801406415801006,0.10599538914138203,0.7852389406710009,25,20,20
48,7572,0.07296426377181589,0.03580140641580522,0.10599550333173971,0.785238826480639,25,20,20
48,7573,0.07296426377181497,0.03580140641580522,0.10599539613862899,0.7852389336737506,25,20,20
48,7574,0.07296426389653225,0.03580140641556656,0.11189113613657195,0.7793431935513291,25,20,20
48,7575,0.07296426389653309,0.03580140641581111,0.09792517632293823,0.7933091533647175,25,20,20
48,7576,0.07296426389671523,0.03580140641581126,0.09792532076894864,0.7933090089185248,25,20,20
48,7577,0.07296426389653389,0.03580140641581539,0.09805470588950208,0.7931796237981485,25,20,20
48,7578,0.07296426389653388,0.03580140641581539,0.0980612816365596,0.793173048051091,25,20,20
48,7579,0.0784874974723016,0.03580140729662008,0.09246005672410398,0.793251038506974,25,20,20
48,7580,0.07848749734754001,0.035801407296616475,0.08656429735505458,0.7991467980007886,25,20,20
48,7581,0.0784874973475406,0.035801407296372656,0.08643943284094573,0.7992716625151408,25,20,20
48,7582,0.07848749734754375,0.035801407296376944,0.08644390643594774,0.7992671889201313,25,20,20
48,7583,0.07848749734754296,0.03580140728244116,0.08643398155886362,0.7992771138111521,25,20,20
48,7584,0.07848749734774665,0.06283442549683645,0.05940096334582577,0.7992771138095912,25,20,20
48,7585,0.07848749734836975,0.06284261330677124,0.059392775529947886,0.7992771138149112,25,20,20
48,7586,0.07848749734805333,0.07825759722274193,0.04397779160879619,0.7992771138204087,25,20,20
48,7587,0.07848749734805013,0.07825759722273765,0.043977710785925286,0.7992771946432871,25,20,20
48,7588,0.07848749734786802,0.07825759722273343,0.04398257282893388,0.7992723326004646,25,20,20
48,7589,0.07848749734768595,0.07825759722272922,0.04397795007777701,0.7992769553518078,25,20,20
48,7590,0.07848749734768275,0.07825759722272915,0.04397794757373929,0.7992769578558487,25,20,20
48,7591,0.08385540100225773,0.07825759749734774,0.03861682284281444,0.7992701786575798,25,20,20
48,7592,0.08385540100225773,0.07825759749735198,0.03861231824283299,0.799274683257557,25,20,20
48,7593,0.08428919412853603,0.07825759237833613,0.03825652026468585,0.7991966932284417,25,20,20
48,7594,0.08428919412849367,0.07825759237833183,0.038375133846666014,0.7990780796465081,25,20,20
48,7595,0.04429755751296262,0.07826995262750183,0.07829649603035357,0.7991359938291813,25,20,20
48,7596,0.044167273891249866,0.07826995296127628,0.07842678097286858,0.7991359921746048,25,20,20
48,7597,0.0441672738912946,0.07826995296151659,0.07830395646271554,0.7992588166844727,25,20,20
48,7598,0.044167273891081694,0.07823953241180205,0.0783343767016735,0.7992588169954422,25,20,20
48,7599,0.04416727389103617,0.07823953241155747,0.07832767364271705,0.7992655200546888,25,20,20
48,7600,0.04416727448147311,0.0782395324118016,0.07842186939831831,0.7991713237084065,25,20,20
48,7601,0.04416727448147311,0.07823953241180166,0.07842195045471496,0.7991712426520097,25,20,20
48,7602,0.04416727448147232,0.0782395324118016,0.07805354989045661,0.799539643216269,25,20,20
48,7603,0.044167274481472375,0.0782395324118016,0.07804887685525887,0.7995443162514667,25,20,20
48,7604,0.04416727448165015,0.0782395324117973,0.07831137347476622,0.7992818196317859,25,20,20
48,7605,0.044167274480823006,0.07868706134992624,0.07786384454278446,0.7992818196264659,25,20,20
48,7606,0.04416727448086769,0.07868706134992633,0.07786229443118634,0.7992833697380192,25,20,20
48,7607,0.04416727448086769,0.07868706134992633,0.0778622958593632,0.7992833683098424,25,20,20
48,7608,0.044167274491247216,0.07868706134992641,0.07787241398573724,0.7992732501730887,25,20,20
48,7609,0.044167274491069435,0.0786870613499307,0.07760540999484679,0.7995402541641528,25,20,20
48,7610,0.03343085274929332,0.07868706100396823,0.08834183211128524,0.7995402541354539,25,20,20
48,7611,0.03343085274929332,0.07868706100396394,0.0883417513139667,0.7995403349327768,25,20,20
48,7612,0.03343085274925098,0.07868706100371925,0.08833945673399045,0.79954262951304,25,20,20
48,7613,0.033430852749247786,0.07868706100371925,0.08834599298974544,0.7995360932572884,25,20,20
48,7614,0.03343085274942505,0.07868706101752813,0.08871547014509326,0.7991666160879543,25,20,20
48,7615,0.03343085274942505,0.07868706101752813,0.0887088660620197,0.7991732201710278,25,20,20
48,7616,0.028002602693384643,0.07868706029017761,0.09413711684653052,0.7991732201699075,25,20,20
48,7617,0.028061013991041092,0.07868706072131619,0.09407870306345144,0.7991732222241916,25,20,20
48,7618,0.02806101399104115,0.07868706072132041,0.09420162017874034,0.7990503051088984,25,20,20
48,7619,0.028061013991041946,0.07868706073526158,0.0942085897232187,0.7990433355504781,25,20,20
48,7620,0.040043529934582586,0.07868706073548058,0.08222607377913968,0.7990433355507975,25,20,20
48,7621,0.04004352993458173,0.07868706072153941,0.08221907517319202,0.7990503341706874,25,20,20
48,7622,0.04004095074042396,0.07867494850015504,0.08229168119836956,0.7989924195610524,25,20,20
48,7623,0.0400409507406497,0.07829206077555674,0.08267456923917234,0.7989924192446222,25,20,20
48,7624,0.0400409507406465,0.07829206077555682,0.08267452128270708,0.7989924672010905,25,20,20
48,7625,0.040040951836466804,0.07856348349599465,0.08110784666294045,0.8002877180045986,25,20,20
48,7626,0.0400409518843887,0.07856332438323961,0.08110800572239003,0.8002877180099824,25,20,20
48,7627,0.040040951874009224,0.07856332438323956,0.0810979204292304,0.8002978033135215,25,20,20
48,7628,0.04004095187400929,0.07856332438348415,0.08110267416959786,0.8002930495729094,25,20,20
48,7629,0.04004095187400928,0.07856332438347993,0.08110256140583294,0.8002931623366782,25,20,20
48,7630,0.03926592915874825,0.07856332438391339,0.08187758397499216,0.8002931624823468,25,20,20
48,7631,0.03926592915874831,0.07856332438391768,0.08188418908089773,0.8002865573764368,25,20,20
48,7632,0.039265929158748325,0.0785633243839219,0.08189067971216535,0.800280066745165,25,20,20
48,7633,0.03926592915875361,0.07856332438558405,0.11706305547644653,0.7651076909792165,25,20,20
48,7634,0.03926592915857317,0.07856332437201473,0.11681839787870818,0.7653523485907047,25,20,20
48,7635,0.03926592915857317,0.07856332437201473,0.1168182820075838,0.7653524644618289,25,20,20
48,7636,0.039265929158573194,0.0785633243720148,0.11681839720382974,0.7653523492655829,25,20,20
48,7637,0.0392660013494571,0.09651855786492679,0.10356118342959751,0.7606542573560192,25,20,20
48,7638,0.03926600134945715,0.09651855786516979,0.10382751598888708,0.7603879247964863,25,20,20
48,7639,0.039266001352052625,0.0965185578651783,0.10382918384503287,0.7603862569377365,25,20,20
48,7640,0.03926600135464893,0.09651855786542292,0.10383144503106319,0.7603839957488653,25,20,20
48,7641,0.03926600135441951,0.0569693272052008,0.1433806552348923,0.7603840162054876,25,20,20
48,7642,0.039266001354420356,0.0569693272049572,0.14325128665757958,0.760513384783043,25,20,20
48,7643,0.039266001354421216,0.05696932720495314,0.1432448024869541,0.7605198689536716,25,20,20
48,7644,0.03926600135442438,0.05696932720471021,0.14298166113039484,0.7607830103104708,25,20,20
48,7645,0.03926600135442116,0.05696932720471014,0.14297847055674479,0.7607862008841241,25,20,20
48,7646,0.039266001354420293,0.056969327204709985,0.14297835537951664,0.7607863160613532,25,20,20
48,7647,0.03926600135441718,0.056969327204952326,0.14322625549371987,0.7605384159469107,25,20,20
48,7648,0.03926600135441715,0.05696932720495652,0.14349250451728432,0.7602721669233418,25,20,20
48,7649,0.039266001354011655,0.056969327205154345,0.14974079727240658,0.7540238741684273,25,20,20
48,7650,0.03926600135400854,0.05696932720515008,0.14947454624539472,0.7542901251954466,25,20,20
48,7651,0.03926600135401173,0.05696932720514597,0.14920835752676143,0.7545563139140806,25,20,20
48,7652,0.03926600135400853,0.05696932720514589,0.14921488003253208,0.7545497914083132,25,20,20
48,7653,0.03926600076357159,0.05696932720489749,0.1491205154827738,0.754644156548757,25,20,20
48,7654,0.039266008210284295,0.056969327906950466,0.1537982974120235,0.7499663664707416,25,20,20
48,7655,0.03926600821028425,0.056969327906954685,0.15380482082680164,0.7499598430559591,25,20,20
48,7656,0.0392659360193988,0.07899093580621863,0.13178329322252272,0.7499598349518596,25,20,20
48,7657,0.039265936019395244,0.07777535194618175,0.1329988770881189,0.7499598349463038,25,20,20
48,7658,0.03926593601939519,0.07777535194593949,0.1326323593993287,0.7503263526353363,25,20,20
48,7659,0.03926593601939519,0.07777535194593949,0.1326323973959618,0.7503263146387031,25,20,20
48,7660,0.03926593601939518,0.07777535194593949,0.13262590847911865,0.7503328035555463,25,20,20
48,7661,0.03926593601939518,0.07777535194593949,0.13262400612326444,0.7503347059114006,25,20,20
48,7662,0.03926593601939513,0.07777535194593949,0.13262400611056335,0.7503347059241017,25,20,20
48,7663,0.03926593601939512,0.0777753519459352,0.13261938302388374,0.7503393290107857,25,20,20
48,7664,0.03926593597233703,0.07901320571441676,0.1313815293077483,0.7503393290054977,25,20,20
48,7665,0.03926593596974074,0.07901320571417215,0.13137919107664464,0.7503416672394424,25,20,20
48,7666,0.03926593596974074,0.07901320571417215,0.13137258267771926,0.7503482756383677,25,20,20
48,7667,0.03926593596974055,0.08022045443583208,0.13016533395606109,0.7503482756383661,25,20,20
48,7668,0.03926593596974055,0.08022045443583638,0.13016545295557427,0.7503481566388487,25,20,20
48,7669,0.03926593596974056,0.08022045443560033,0.1302529124822284,0.7502606971124307,25,20,20
48,7670,0.03926593596992276,0.08022045443584501,0.13024959874677813,0.7502640108474539,25,20,20
48,7671,0.03926593596992281,0.08022045443584495,0.1302495653867016,0.7502640442075303,25,20,20
48,7672,0.03932572245539489,0.080220454877385,0.13018977628655926,0.7502640463806607,25,20,20
48,7673,0.03932572245539484,0.08022045487738508,0.13018977687360056,0.7502640457936194,25,20,20
48,7674,0.039325722455393945,0.08022045487738494,0.13018973763990613,0.750264085027315,25,20,20
48,7675,0.03932572245539396,0.08022045487738923,0.13019631568350273,0.7502575069837141,25,20,20
48,7676,0.03932572245539156,0.08022045487739334,0.13056927530680792,0.7498845473604072,25,20,20
48,7677,0.03932572245539235,0.08022045487763792,0.13057589784744678,0.7498779248195231,25,20,20
48,7678,0.039325722455392335,0.08022045487763792,0.1305760102882958,0.7498778123786739,25,20,20
48,7679,0.039325722454524856,0.08023168834557586,0.13056477682132284,0.7498778123785764,25,20,20
48,7680,0.03932572245476073,0.08020741342144122,0.13058905142863747,0.7498778126951606,25,20,20
48,7681,0.03932572245476067,0.08020742282474728,0.13058904202523408,0.7498778126952581,25,20,20
48,7682,0.03932572245476072,0.08020742282474735,0.13059374527461076,0.7498731094458813,25,20,20
48,7683,0.03932572245476072,0.08020742282474735,0.1305936654696925,0.7498731892507997,25,20,20
48,7684,0.039325722454760764,0.08020742282475159,0.13059828651811706,0.7498685682023709,25,20,20
48,7685,0.03932572260217606,0.08020742282499532,0.1307351727310548,0.7497316818417736,25,20,20
48,7686,0.039325722454760806,0.08020742282474735,0.13059179591171152,0.7498750588087804,25,20,20
48,7687,0.039325722454760806,0.08020742282474737,0.13059179588872705,0.7498750588317646,25,20,20
48,7688,0.03932572246292835,0.08020742283839497,0.12461078064975045,0.7558560740489263,25,20,20
48,7689,0.03932572246292836,0.08020742283839503,0.1246173050688137,0.7558495496298628,25,20,20
48,7690,0.03932572246310852,0.08020742283863384,0.12451124209162115,0.7559556126066365,25,20,20
48,7691,0.03932572246310853,0.08020742283863808,0.12451139936659851,0.7559554553316548,25,20,20
48,7692,0.03932572246310773,0.08020742283839777,0.1245093984616431,0.7559574562368513,25,20,20
48,7693,0.039325722463975435,0.08020664188025745,0.12451017941345707,0.7559574562423098,25,20,20
48,7694,0.03932572246397542,0.08020664188025738,0.12451006554682228,0.7559575701089447,25,20,20
48,7695,0.03932572246397541,0.0802066418802573,0.1245034600768221,0.7559641755789451,25,20,20
48,7696,0.03932572527981019,0.08017692634366093,0.12453317279781746,0.7559641755787113,25,20,20
48,7697,0.03932572527981339,0.08017692634366522,0.12453336805967145,0.7559639803168499,25,20,20
48,7698,0.0393257252798134,0.08017692634366522,0.12453336808486812,0.7559639802916532,25,20,20
48,7699,0.039325725279814136,0.08017692634366518,0.12490177550837066,0.7555955728681499,25,20,20
48,7700,0.039325725279814094,0.08017692634366519,0.12489715673532117,0.7556001916411995,25,20,20
48,7701,0.039325725279814094,0.08017692634366089,0.12489703571932192,0.755600312657203,25,20,20
48,7702,0.039325725279814094,0.08017692634366089,0.12489699715719883,0.7556003512193263,25,20,20
48,7703,0.039325725279810896,0.08017692634365661,0.12489691502361466,0.7556004333529178,25,20,20
48,7704,0.039325725279814074,0.08017692634390114,0.12489919291901062,0.7555981554572742,25,20,20
48,7705,0.039325725279814074,0.08017692634390114,0.12489907836869728,0.7555982700075874,25,20,20
48,7706,0.03932572527981406,0.08017692634389684,0.12489899556901118,0.7555983528072778,25,20,20
48,7707,0.03932758126257544,0.08016298596901157,0.08629927689492298,0.7942101558734896,25,20,20
48,7708,0.03932758126257545,0.08016298596901164,0.08629930590823547,0.794210126860177,25,20,20
48,7709,0.039327580966366675,0.07989131519901504,0.0843738346653473,0.7964072691692704,25,20,20
48,7710,0.039327581013434636,0.07866000207208487,0.08560514774537903,0.7964072691691009,25,20,20
48,7711,0.039327587824875464,0.07866000200187385,0.05536741713363475,0.8266449930396155,25,20,20
48,7712,0.039327587824877865,0.07866000200186968,0.05499592913466204,0.8270164810385898,25,20,20
48,7713,0.039327587824877865,0.07866000200162936,0.054993738215204944,0.8270186719582873,25,20,20
48,7714,0.039327587824877865,0.07866000200162929,0.0549937318556446,0.8270186783178477,25,20,20
48,7715,0.039327587824877865,0.07866000200162929,0.05499384629052211,0.8270185638829703,25,20,20
48,7716,0.039327587824696926,0.07866000200138623,0.054726807098616576,0.8272856030752999,25,20,20
48,7717,0.03932759213426023,0.04100737835356617,0.09237942644210645,0.8272856030700666,25,20,20
48,7718,0.039327592134260264,0.04100737835356996,0.09703820514165501,0.8226268243705143,25,20,20
48,7719,0.03932573615149942,0.04100737834011045,0.09565508809974128,0.8240117974086484,25,20,20
48,7720,0.039325769807154215,0.04100737834011523,0.09108636178160102,0.8285804900711291,25,20,20
48,7721,0.03932576980715331,0.04100737833987062,0.09108316128654882,0.8285836905664269,25,20,20
48,7722,0.03932576219485398,0.0410073783394507,0.08481336986507633,0.8348534896006187,25,20,20
48,7723,0.039325762194853994,0.0410073783394507,0.08481997629150252,0.8348468831741924,25,20,20
48,7724,0.03932576219485406,0.041007378353391424,0.08482810771393198,0.8348387517378222,25,20,20
48,7725,0.03920760038744629,0.041007377480983,0.08494627462109497,0.834838747510475,25,20,20
48,7726,0.04233876071659228,0.041007378274301474,0.08181490158451503,0.8348389594245905,25,20,20
48,7727,0.04233876071659223,0.04100737827429726,0.0818168022112689,0.834837058797841,25,20,20
48,7728,0.04233876071659158,0.041007378274296416,0.08194378853061045,0.8347100724785013,25,20,20
48,7729,0.0423387607164132,0.04100737827405266,0.08207985933163219,0.8345740016779015,25,20,20
48,7730,0.042338761308083984,0.04100737827429724,0.08208740402706692,0.8345664563905514,25,20,20
48,7731,0.04233876131390044,0.04100737871952972,0.12168767989009806,0.7949661800764729,25,20,20
48,7732,0.042338761313900436,0.04100737871952971,0.12168107288808429,0.7949727870784866,25,20,20
48,7733,0.04233876131389724,0.041007378719529634,0.12167944991182467,0.7949744100547494,25,20,20
48,7734,0.04233876131389724,0.041007378719529634,0.1216794518849369,0.7949744080816372,25,20,20
48,7735,0.0423387572618533,0.039923580800845786,0.12276314237005305,0.7949745195672488,25,20,20
48,7736,0.042338756670182526,0.039923580800601204,0.12275548522711743,0.7949821773020999,25,20,20
48,7737,0.04233874922351525,0.03992358009855259,0.11816990164118119,0.7995677690367522,25,20,20
48,7738,0.042338749815172355,0.03992358009880145,0.1181784844149114,0.799559185671116,25,20,20
48,7739,0.042338749815172355,0.03992358009879717,0.118174156070969,0.7995635140150624,25,20,20
48,7740,0.042338749815172355,0.039923580098797165,0.1181743846690167,0.7995632854170147,25,20,20
48,7741,0.02692472816826576,0.03992358070435448,0.13358527602899042,0.7995664150983903,25,20,20
48,7742,0.02692472816826576,0.039923580704358724,0.13395826345232492,0.7991934276750514,25,20,20
48,7743,0.02692472535219516,0.03828152428414866,0.13560032300486266,0.7991934273587944,25,20,20
48,7744,0.02692472535219202,0.03828152428414445,0.13560023604160962,0.7991935143220545,25,20,20
48,7745,0.026924725352192078,0.03828152428414445,0.13560026448141665,0.7991934858822474,25,20,20
48,7746,0.026924725352192005,0.038281524284140174,0.13551267195858774,0.7992810784050807,25,20,20
48,7747,0.026924725352192005,0.03828152428414025,0.13551927528898594,0.7992744750746823,25,20,20
48,7748,0.026924725352191946,0.03828152427041573,0.1401698914040527,0.79462385897334,25,20,20
48,7749,0.026924725352191946,0.03828152427041573,0.14017216687908796,0.7946215834983045,25,20,20
48,7750,0.02692472535219199,0.03828152427041573,0.140169970984389,0.7946237793930035,25,20,20
48,7751,0.02692472535219194,0.03828152427041573,0.140170025001296,0.7946237253760965,25,20,20
48,7752,0.026924725352195096,0.038281524270654475,0.1400632736174914,0.7947304767596592,25,20,20
48,7753,0.026924725341837572,0.03828152425680048,0.13979424137481058,0.7949995090265515,25,20,20
48,7754,0.0269247253418829,0.03828152427068562,0.1399741301299521,0.7948196202574794,25,20,20
48,7755,0.026924725929687133,0.03828152427092874,0.14024289393355596,0.7945508558658283,25,20,20
48,7756,0.026924725929687074,0.03828152427092875,0.14024290086152155,0.7945508489378627,25,20,20
48,7757,0.026924692274032273,0.03828152427092011,0.1401528478932888,0.7946409355617589,25,20,20
48,7758,0.02692469227398686,0.03828152427092005,0.14006523725613262,0.7947285461989605,25,20,20
48,7759,0.026924691682329756,0.038281524270671184,0.14005665589417077,0.7947371281528285,25,20,20
48,7760,0.026924691682329815,0.038281524270671184,0.14005013420853576,0.7947436498384635,25,20,20
48,7761,0.026924691682490724,0.03828152427045505,0.14005045142217104,0.7947433326248834,25,20,20
48,7762,0.043108083235676525,0.03828152366436219,0.1238701885710558,0.7947402045289056,25,20,20
48,7763,0.043108083235676525,0.03828152366436211,0.12387033605365794,0.7947400570463035,25,20,20
48,7764,0.043108083247478356,0.03810196907667847,0.12404989062944727,0.7947400570463959,25,20,20
48,7765,0.08304878731926485,0.03810196863803143,0.0845023026783275,0.7943469413643762,25,20,20
48,7766,0.08304878731926248,0.03810196863803143,0.08423603827676977,0.7946132057659363,25,20,20
48,7767,0.08304878731926488,0.03810196863803143,0.0842360390253256,0.7946132050173782,25,20,20
48,7768,0.08304878731910409,0.03810196863827598,0.07957914509406978,0.7992700989485501,25,20,20
48,7769,0.08304878731910094,0.038101968638275904,0.07957922437210024,0.7992700196705228,25,20,20
48,7770,0.08304878731910172,0.038101968638271685,0.07970404246141782,0.7991452015812086,25,20,20
48,7771,0.08304878731910174,0.03810196863827176,0.07970609153194436,0.799143152510682,25,20,20
48,7772,0.08304878731910172,0.038101968638271685,0.07970381189025784,0.7991454321523687,25,20,20
48,7773,0.08304878731910172,0.0381019686382674,0.07970073223582602,0.7991485118068047,25,20,20
48,7774,0.08304878731910172,0.03810196863826732,0.07970081768197952,0.7991484263606514,25,20,20
48,7775,0.08304878731946504,0.03810196863826755,0.07980615458841749,0.7990430894538498,25,20,20
48,7776,0.08304878731946504,0.03810196863826756,0.07980626705027297,0.7990429769919942,25,20,20
48,7777,0.08304878731946491,0.038101968638023016,0.0798105865599065,0.7990386574826053,25,20,20
48,7778,0.08304878730778618,0.021243905693052886,0.09666864951673931,0.7990386574824213,25,20,20
48,7779,0.08304879091615498,0.0008975104804703781,0.11701504112095003,0.7990386574824239,25,20,20
48,7780,0.08304879091615494,0.0008975104804703781,0.11701487733752242,0.7990388212658516,25,20,20
48,7781,0.0800339227726805,0.0008975577732195136,0.12002990996128071,0.799038609492819,25,20,20
48,7782,0.08003392277268045,0.000897557773219441,0.12002994134168155,0.7990385781124183,25,20,20
48,7783,0.08562847360388734,0.0008975100565586918,0.11443543660472104,0.7990385797348325,25,20,20
48,7784,0.0856284736038842,0.000897510056319978,0.11426137844392734,0.799212637895868,25,20,20
48,7785,0.08562847360383882,0.000897510042434845,0.11408143646924128,0.7993925798844848,25,20,20
48,7786,0.08562847360383884,0.000897510042434919,0.11408576312403708,0.799388253229689,25,20,20
48,7787,0.08562847360383889,0.0008975100424392087,0.11409034919686435,0.7993836671568573,25,20,20
48,7788,0.08562847360383889,0.0008975100424391334,0.11408385886735481,0.7993901574863669,25,20,20
48,7789,0.08562847360384204,0.0008975100424391992,0.11417145872607676,0.7993025576276418,25,20,20
48,7790,0.08562847301603785,0.0008975100424406791,0.11390502683004795,0.7995689901114733,25,20,20
48,7791,0.08562849772056955,1.0396464716447591e-09,0.11421348760287703,0.8001580136369063,25,20,20
48,7792,0.04565163946178708,1.5510793730547173e-09,0.15419034703882173,0.8001580119483126,25,20,20
48,7793,0.04565163946178707,1.5510751589647842e-09,0.15875691467217654,0.7955914443149621,25,20,20
48,7794,0.04565163946178702,1.5508305514740488e-09,0.15875463482331184,0.7955937241640715,25,20,20
48,7795,0.04565163946178707,1.5508305527941502e-09,0.15875471732526164,0.7955936416621214,25,20,20
48,7796,0.04088375995660146,7.996315348518963e-09,0.15751073880689437,0.8016054932401895,25,20,20
48,7797,0.040883759956601526,7.99631549905462e-09,0.15751734360160158,0.8015988884454822,25,20,20
48,7798,0.04447208003566303,7.485056337466387e-09,0.153929019724,0.8015988927552813,25,20,20
48,7799,0.044472080035662984,7.485056411437106e-09,0.1539290530838596,0.8015988593954216,25,20,20
48,7800,0.04447208003566293,7.485056412735256e-09,0.15392899961719483,0.8015989128620865,25,20,20
48,7801,0.04447208003566613,7.485060777620902e-09,0.15393560414338486,0.8015923083358888,25,20,20
48,7802,0.0435628038975647,6.743259993719421e-10,0.16085674039275435,0.7955804550353553,25,20,20
48,7803,0.04356320969976662,7.511399576360251e-10,0.15663225263659414,0.7998045369124999,25,20,20
48,7804,0.043563209699763475,7.511356773745714e-10,0.15654006613663957,0.7998967234124619,25,20,20
48,7805,0.04361709579094536,7.445502035047844e-10,0.1564861817820652,0.7998967216824399,25,20,20
48,7806,0.0436170957909909,7.445502774951071e-10,0.15648855435185946,0.7998943491126,25,20,20
48,7807,0.0436170957909909,7.445545014663215e-10,0.1518298896125371,0.804553013851918,25,20,20
48,7808,0.04361709579099359,7.447609040996988e-10,0.15807972368523962,0.7983031797790059,25,20,20
48,7809,0.043590300302858924,1.4889004772988366e-05,0.15809163075602994,0.7983031799363381,25,20,20
48,7810,0.04308479079275949,1.4889004780669918e-05,0.1585971402650782,0.7983031799373816,25,20,20
48,7811,0.04308479079275944,1.488900478071613e-05,0.15886327628812327,0.7980370439143365,25,20,20
48,7812,0.04182389826788482,1.4902511739435794e-05,0.16012409524043927,0.7980371039799362,25,20,20
48,7813,0.04182389826788484,1.490251174365195e-05,0.16011977002230715,0.7980414291980642,25,20,20
48,7814,0.04182389826788558,1.490251174365195e-05,0.1601198300693478,0.7980413691510229,25,20,20
48,7815,0.04182390667185945,1.4902525437263868e-05,0.15400706123538876,0.8041541295673145,25,20,20
48,7816,0.04182390667185944,1.4902525433047687e-05,0.15401138645330323,0.8041498043494043,25,20,20
48,7817,0.04182390667204037,1.4902525433122476e-05,0.15427850524916792,0.8038826855533585,25,20,20
48,7818,0.04182390667204037,1.4902525433048506e-05,0.1542783913845959,0.8038827994179307,25,20,20
48,7819,0.041823906672041174,1.4902525437325432e-05,0.15440350780407727,0.8037576829984444,25,20,20
48,7820,0.041823906672041125,1.490252543732542e-05,0.15440999668139896,0.8037511941211227,25,20,20
48,7821,0.002831935221813643,1.4902761978307696e-05,0.19339824175029244,0.8037549202659148,25,20,20
48,7822,0.002831935221768111,1.4902761978232409e-05,0.19340054196683532,0.8037526200494173,25,20,20
48,7823,0.0028319352217673287,1.4902761978231362e-05,0.19327113628803594,0.8038820257282174,25,20,20
48,7824,0.002831935221764134,1.4902761973865154e-05,0.1932645303500775,0.8038886316661834,25,20,20
48,7825,0.002831935221764121,1.4902761969529923e-05,0.19299827883799017,0.804154883178275,25,20,20
48,7826,0.002831935221764107,1.4902761969529945e-05,0.19299827879872525,0.80415488321754,25,20,20
48,7827,0.0028319352217665485,1.4902761965254363e-05,0.1928747589757805,0.8042784030404866,25,20,20
48,7828,0.0028319352215864214,1.4902761965256187e-05,0.192607675613018,0.8045454864034292,25,20,20
48,7829,0.0028319352215863654,1.4902761969544678e-05,0.19261066872946114,0.804542493286982,25,20,20
48,7830,0.0028319352215863797,1.4902761969544722e-05,0.1926060454418402,0.8045471165746028,25,20,20
48,7831,0.0028319352215888105,1.4902761969470744e-05,0.19287310357289755,0.8042800584435432,25,20,20
48,7832,0.0028319352215920076,1.4902761969473405e-05,0.19287321264716287,0.8042799493692746,25,20,20
48,7833,0.0028319352215919525,1.4902761969398162e-05,0.19286669091506511,0.8042864711013726,25,20,20
48,7834,0.0028319352217748943,1.4902761969472192e-05,0.19286024690123732,0.8042929151150173,25,20,20
48,7835,0.002831935221774892,1.4902761969547438e-05,0.1928587399180438,0.8042944220982109,25,20,20
48,7836,0.0028319352217748926,1.490276196947218e-05,0.19285213657534594,0.8043010254409088,25,20,20
48,7837,0.0028319352217756905,1.4902761969621421e-05,0.19285221967030988,0.804300942345944,25,20,20
48,7838,0.002831935221772518,1.490276196962143e-05,0.1925866413789584,0.8045665206372986,25,20,20
48,7839,0.0028319352217725186,1.4902761969621433e-05,0.19258660798474278,0.804566554031514,25,20,20
48,7840,0.002950091603771518,1.490382032775241e-05,0.19305747399559553,0.8039775305803042,25,20,20
48,7841,0.002950091603771531,1.4903820327825082e-05,0.19305756085778886,0.803977443718111,25,20,20
48,7842,0.0029500916037707324,1.4903820327749815e-05,0.19305755881922163,0.803977445756679,25,20,20
48,7843,0.0029500916039528645,1.4903820327900366e-05,0.1930597577488279,0.8039752468268907,25,20,20
48,7844,0.0029500916039528076,1.4903820327900366e-05,0.19305813679111844,0.8039768677846001,25,20,20
48,7845,0.00295779415187861,7.051348072182307e-07,0.19306298951136994,0.8039785112019433,25,20,20
48,7846,0.0029577941519238417,7.051486575867305e-07,0.19333032309942985,0.8037111775999887,25,20,20
48,7847,0.0029578232112286197,7.058333520457972e-07,0.19887082801635828,0.7981706429390611,25,20,20
48,7848,0.003422047499097411,7.055971072454779e-07,0.19841033010913425,0.7981669167946613,25,20,20
48,7849,0.0034220474992795237,7.055971072467763e-07,0.1984170581581571,0.7981601887454564,25,20,20
48,7850,0.0034220184503556627,7.049124170788672e-07,0.1928812373129438,0.8036960393242834,25,20,20
48,7851,0.03938210031518387,7.031997580297521e-07,0.15692115646699334,0.8036960400180653,25,20,20
48,7852,0.03845595307237459,7.179985131133291e-07,0.15784728889076718,0.8036960400383455,25,20,20
48,7853,0.03845595307219164,7.179985129627448e-07,0.15784713072350512,0.8036961982057906,25,20,20
48,7854,0.0384559530721917,7.179985130367034e-07,0.15785362103940423,0.8036897078898914,25,20,20
48,7855,0.038455944668215114,7.179846130234282e-07,0.15771640630441547,0.8038269310427566,25,20,20
48,7856,0.03845594466821591,7.179846130234279e-07,0.1577231389106046,0.8038201984365666,25,20,20
48,7857,0.038455944668215135,7.17984613172651e-07,0.15772110617033486,0.8038222311768369,25,20,20
48,7858,0.03845559217080414,1.0105940977519893e-06,0.16194398799307025,0.7995994092420277,25,20,20
48,7859,0.03845559217080095,1.010594093460858e-06,0.16193928442080124,0.7996041128143041,25,20,20
48,7860,0.03845559217084727,1.01059409346478e-06,0.1619484902642127,0.7995949069708463,25,20,20
48,7861,0.038455592170848055,1.0105940976804383e-06,0.16195498156572452,0.7995884156693295,25,20,20
48,7862,0.0384410144494197,6.121828521784992e-07,0.16197160130667412,0.7995867720610538,25,20,20
48,7863,0.038441014449422925,6.121828521784767e-07,0.16228736618123485,0.7992710071864899,25,20,20
48,7864,0.03844096084005069,0.000565029081212582,0.16172437431587197,0.7992696357628644,25,20,20
48,7865,0.038440960840047514,0.0005650290812126546,0.1617308694597295,0.7992631406190098,25,20,20
48,7866,0.038440960840047514,0.0005650290812126533,0.1617307869970447,0.7992632230816946,25,20,20
48,7867,0.002467236907628477,0.0005650722944484036,0.15954828136031662,0.8374194094376071,25,20,20
48,7868,0.002467236907265149,0.0005650722944482537,0.15944302551027525,0.837524665288012,25,20,20
48,7869,0.0024671835767942902,0.0005651365971960583,0.15944301454549367,0.8375246652805164,25,20,20
48,7870,0.0024671835766121907,0.0005651365972003487,0.159436482319266,0.8375311975069217,25,20,20
48,7871,0.0024671835766153856,0.0005651365974448684,0.1594412347619365,0.8375264450640035,25,20,20
48,7872,0.023360852693642138,0.0005651230903247639,0.13854764353571866,0.837526380680315,25,20,20
48,7873,0.023360852693642197,0.0005651230903248366,0.13855226423656156,0.8375217599794719,25,20,20
48,7874,0.023360852693642197,0.000565123090324834,0.13855215035284008,0.8375218738631935,25,20,20
48,7875,0.02336085269346006,0.0005651230903246849,0.13854987095387566,0.83752415326234,25,20,20
48,7876,0.023360852693460048,0.0005651230903245343,0.13854528552693923,0.8375287386892765,25,20,20
48,7877,0.023360852693460048,0.0005651230903245356,0.13854528696783702,0.8375287372483787,25,20,20
48,7878,0.02336085269364217,0.0005651230905691319,0.13855012191803798,0.8375239022977512,25,20,20
48,7879,0.023360852693596997,0.0005651230767186908,0.1382826758879889,0.8377913483416958,25,20,20
48,7880,0.023360852693596997,0.0005651230767186934,0.13828275903096063,0.8377912651987242,25,20,20
48,7881,0.023360852693596997,0.0005651230767186947,0.13828264455736025,0.8377913796723245,25,20,20
48,7882,0.023362483996808008,2.642800823539976e-06,0.1388434903185393,0.8377913828838291,25,20,20
48,7883,0.023362483996808008,2.6428008235412507e-06,0.13884356938769768,0.8377913038146708,25,20,20
48,7884,0.02336248399680806,2.6428008278297637e-06,0.13884819243946894,0.8377866807628952,25,20,20
48,7885,0.02336248399680726,2.6428008235388134e-06,0.1388416677072914,0.8377932054950777,25,20,20
48,7886,0.02325794136937515,2.5995860753664168e-06,0.13710714397603918,0.8396323150685102,25,20,20
48,7887,0.023257949473862984,2.6003501453827628e-06,0.1386584031340098,0.8380810470419818,25,20,20
48,7888,0.02325794947386297,2.6003501454566867e-06,0.13865840765385942,0.8380810425221322,25,20,20
48,7889,0.02325794947386297,2.6003501496725493e-06,0.13866302873692463,0.8380764214390629,25,20,20
48,7890,0.023257949473859778,2.6003499050788723e-06,0.13865827431575178,0.8380811758604836,25,20,20
48,7891,0.026526804864527093,2.6334698174818503e-06,0.1353893857213903,0.8380811759442652,25,20,20
48,7892,0.02652680486452716,2.6334698174818965e-06,0.1353940858136646,0.838076475851991,25,20,20
48,7893,0.02652680485432838,2.6334698174092435e-06,0.1353937612460966,0.8380768004297576,25,20,20
48,7894,0.026526796749840535,2.632705751609255e-06,0.13383609452834816,0.8396344760160597,25,20,20
48,7895,0.026526796749840594,2.632705755899595e-06,0.13383628979991394,0.8396342807444894,25,20,20
48,7896,0.026526796749658473,2.6327055113046426e-06,0.13383145628185425,0.839639114262976,25,20,20
48,7897,0.026526796749658414,2.632705507013489e-06,0.1338267507571025,0.8396438197877321,25,20,20
48,7898,0.026530476740106678,2.624174746559232e-06,0.13382307928848344,0.8396438197966637,25,20,20
48,7899,0.026530476740109745,2.624174750923497e-06,0.13381857352203805,0.8396483255631018,25,20,20
48,7900,0.026530476739928397,2.6241747467063127e-06,0.13381421535441732,0.839652683730908,25,20,20
48,7901,0.026530476739925167,2.624174746706359e-06,0.13349844917322998,0.8399684499120987,25,20,20
48,7902,0.02653047674010729,2.6241749870114792e-06,0.1334985805621031,0.8399683185228032,25,20,20
48,7903,0.02653047674010729,2.624174986936211e-06,0.133498498593086,0.8399684004918201,25,20,20
48,7904,0.026530476740060968,2.624174986856997e-06,0.13348920968706512,0.8399776893978874,25,20,20
48,7905,0.026530476740064216,2.624174986930983e-06,0.1334939268980067,0.8399729721869424,25,20,20
48,7906,0.02653047674006423,2.6241749911484457e-06,0.13349096796152035,0.8399759311234244,25,20,20
48,7907,0.026530476740061034,2.624174986781517e-06,0.13349077021547837,0.8399761288694739,25,20,20
48,7908,0.026530476740061034,2.6241749867789212e-06,0.13348606843242342,0.8399808306525292,25,20,20
48,7909,0.026530476740243135,2.624175231352285e-06,0.13349456744129218,0.8399723316432337,25,20,20
48,7910,0.026530476740246334,2.6241752313536285e-06,0.13349936711328003,0.8399675319712427,25,20,20
48,7911,0.026530476740243083,2.624175231278322e-06,0.13349457078980623,0.8399723282947198,25,20,20
48,7912,0.023227672673628554,2.6058158602109087e-06,0.13678950343445218,0.8399802180760596,25,20,20
48,7913,0.023227672673809874,2.6058158644254728e-06,0.13679409076997393,0.8399756307403524,25,20,20
48,7914,0.023227672673809926,2.6058158644228766e-06,0.1367941727977658,0.8399755487125603,25,20,20
48,7915,0.02322767267380994,2.605815864425471e-06,0.1367941757187955,0.8399755457915304,25,20,20
48,7916,0.02322767267362784,2.6058156198318623e-06,0.1367893433663569,0.8399803781443957,25,20,20
48,7917,0.023224532716410652,3.70944012699941e-06,0.13679137970799568,0.839980378135467,25,20,20
48,7918,0.02322453271622853,3.709440122709554e-06,0.1367866769448195,0.8399850808988296,25,20,20
48,7919,0.023224532716046437,3.7094398782107795e-06,0.13715119930978245,0.8396205585342933,25,20,20
48,7920,0.023224532716229346,3.709439882500685e-06,0.13715544352401784,0.8396163143198707,25,20,20
48,7921,0.02322453271623014,3.709439886777076e-06,0.13728496662046413,0.8394867912234194,25,20,20
48,7922,0.023224532716229342,3.7094398867757327e-06,0.13728493177422282,0.8394868260696614,25,20,20
48,7923,0.023224532716229342,3.709439886774435e-06,0.13728492987755078,0.8394868279663334,25,20,20
48,7924,0.02322453271623013,3.7094398909927807e-06,0.1369120233167713,0.8398597345271079,25,20,20
48,7925,0.02322453271623013,3.709439890917512e-06,0.13691194026309778,0.8398598175807815,25,20,20
48,7926,0.023224604783252792,2.273301343523636e-06,0.13691323555731372,0.8398598863580902,25,20,20
48,7927,0.023224604783253534,2.2733013435989127e-06,0.13691316136887208,0.8398599605465311,25,20,20
48,7928,0.023265328920847116,2.25935383327378e-06,0.13687239006492682,0.8398600216603931,25,20,20
48,7929,0.023265328920843934,2.25935383334904e-06,0.13687229438324436,0.8398601173420787,25,20,20
48,7930,0.02333448576997677,2.2298033519023393e-06,0.13681105449478403,0.8398522299318878,25,20,20
48,7931,0.02333448576997681,2.2298033561172426e-06,0.13680797535042688,0.8398553090762408,25,20,20
48,7932,0.023334485769977608,2.229803356192476e-06,0.13681458111620556,0.8398487033104612,25,20,20
48,7933,0.023334485769977622,2.2298033604270047e-06,0.1370807171519119,0.8395825672747508,25,20,20
48,7934,0.023334485769978403,2.2298172069480045e-06,0.13734691119184386,0.8393163732209716,25,20,20
48,7935,0.02333448576998078,2.229817202656359e-06,0.13761391516873278,0.8390493692440844,25,20,20
48,7936,0.02333448576998008,2.22981719837867e-06,0.13748609308450177,0.8391771913283204,25,20,20
48,7937,0.02333448576979716,2.229817194087467e-06,0.13748184686185702,0.8391814375511523,25,20,20
48,7938,0.02333448576979721,2.2298171940887654e-06,0.13748184828461577,0.8391814361283934,25,20,20
48,7939,0.023326166686686786,2.2302583884848432e-06,0.13748319601452758,0.8391884070403974,25,20,20
48,7940,0.023326166686686786,2.2302583884848665e-06,0.1374832757505687,0.8391883273043564,25,20,20
48,7941,0.06301505689597298,2.229808076209301e-06,0.09780135936539816,0.8391813539305529,25,20,20
48,7942,0.06301505689597285,2.2298080762079346e-06,0.09779965576551833,0.8391830575304329,25,20,20
48,7943,0.06301505689597606,2.2298080762831808e-06,0.09779968555618895,0.839183027739759,25,20,20
48,7944,0.06301505689597611,2.2298080764337163e-06,0.09780628976546422,0.8391764235304835,25,20,20
48,7945,0.06301505689597925,2.2298080765816583e-06,0.09780640366015556,0.8391763096357888,25,20,20
48,7946,0.06301505689597925,2.229808080723545e-06,0.09781103436675315,0.8391716789291871,25,20,20
48,7947,0.06301505689597921,2.22980807650865e-06,0.0978094939971321,0.8391732192988124,25,20,20
48,7948,0.0630150568959792,2.229808076432107e-06,0.09780941199294374,0.8391733013030008,25,20,20
48,7949,0.0630150568959792,2.2298080764307644e-06,0.09780957377830961,0.8391731395176351,25,20,20
48,7950,0.0630150568961581,2.2298080807203773e-06,0.09781610168911074,0.8391666116066507,25,20,20
48,7951,0.06301505689615731,2.2298080763547843e-06,0.09781598064936103,0.8391667326464056,25,20,20
48,7952,0.06301505689615415,2.2298080764300843e-06,0.09754886248159854,0.8394338508141712,25,20,20
48,7953,0.06298655505698517,7.232003586735444e-05,0.09750730290232655,0.8394338220048211,25,20,20
48,7954,0.06298655505698596,7.232003585883092e-05,0.09724120021932527,0.8396999246878302,25,20,20
48,7955,0.06611147273813321,7.009072002046952e-05,0.09411851503612838,0.8396999215057179,25,20,20
48,7956,0.06611147273813321,7.009072002047083e-05,0.09411862947100591,0.8396998070708404,25,20,20
48,7957,0.06611147273813321,7.009072002047089e-05,0.09411846626377404,0.8396999702780722,25,20,20
48,7958,0.06611147273813402,7.00907202650544e-05,0.09412517129626095,0.8396932652453399,25,20,20
48,7959,0.0661292678140836,2.5336849046619584e-08,0.09417754268489642,0.8396931641641711,25,20,20
48,7960,0.066129267814086,2.5322998236601522e-08,0.09391285561047326,0.8399578512524425,25,20,20
48,7961,0.0661292678140828,2.5322993945474725e-08,0.09390818863990816,0.8399625182230152,25,20,20
48,7962,0.06612926782436707,2.533681128211138e-08,0.09427577508089541,0.8395949317579263,25,20,20
48,7963,0.06612926782436707,2.5336811282088792e-08,0.09428230104207064,0.839588405796751,25,20,20
48,7964,0.06612926782436707,2.533705586431019e-08,0.0942823990718533,0.8395883077667237,25,20,20
48,7965,0.0661292678243676,2.533723589149583e-08,0.1053337191361912,0.8285369877022057,25,20,20
48,7966,0.06612926782436754,2.5337235892793557e-08,0.10533363640370054,0.8285370704346964,25,20,20
48,7967,0.06612926782436755,2.5337235894114466e-08,0.10533363748847202,0.8285370693499249,25,20,20
48,7968,0.06612926782436754,2.5336991311915496e-08,0.1053316342681995,0.828539072570442,25,20,20
48,7969,0.06612926782693497,2.5336815456891032e-08,0.0946978888052779,0.8391728180309719,25,20,20
48,7970,0.06612926782693497,2.5336815530862863e-08,0.0946932269533196,0.83917747988293,25,20,20
48,7971,0.06611248008702207,1.3274267309779577e-06,0.09470871256979035,0.8391774799164565,25,20,20
48,7972,0.06611248008702533,1.3274267309793016e-06,0.09471042251643398,0.8391757699698097,25,20,20
48,7973,0.06611248008702525,1.3274267309776858e-06,0.09471338313335792,0.8391728093528857,25,20,20
48,7974,0.06611248008702525,1.3274267310529515e-06,0.09471566070552016,0.8391705317807235,25,20,20
48,7975,0.043752593824531526,1.3287626460075554e-06,0.11707542457804782,0.8391706528347744,25,20,20
48,7976,0.043752593824529125,1.3287626460076018e-06,0.1170737989628014,0.8391722784500233,25,20,20
48,7977,0.04375259382453158,1.3287624015006415e-06,0.11707179743264196,0.8391742799804248,25,20,20
48,7978,0.043752626198393,1.3287628751714039e-06,0.11867943564993631,0.8375666093887955,25,20,20
48,7979,0.04375262619839531,1.3287628782753373e-06,0.12973727739215143,0.8265087676465748,25,20,20
48,7980,0.04375262619839531,1.3287628739868018e-06,0.12973268771454505,0.8265133573241857,25,20,20
48,7981,0.043752626198216384,1.3287628739023548e-06,0.12981835632327735,0.8264276887156324,25,20,20
48,7982,0.043752626198216384,1.328762878191984e-06,0.12982484838119085,0.8264211966577146,25,20,20
48,7983,0.043752626198214,1.3287768132142682e-06,0.12974486186584444,0.8265011831591283,25,20,20
48,7984,0.042961769833248,1.327449728365683e-06,0.13053584064644488,0.8265010620705786,25,20,20
48,7985,0.042961769833248,1.3274497285136255e-06,0.130535695142127,0.8265012075748964,25,20,20
48,7986,0.04296176983324477,1.3274497326899568e-06,0.13090409547889562,0.8261328072381269,25,20,20
48,7987,0.04385486219781473,1.327466696308149e-06,0.1300110007222759,0.8261328096132129,25,20,20
48,7988,0.043854829823953334,1.327466222564763e-06,0.12840112540371368,0.8277427173061102,25,20,20
48,7989,0.042718043349577045,1.328455477237584e-06,0.12953782023010055,0.8277428079648453,25,20,20
48,7990,0.042718043349577836,1.3284554730599738e-06,0.12917132342335477,0.8281093047715945,25,20,20
48,7991,0.042718043349581035,1.3284557175960885e-06,0.12917364441509335,0.8281069837796082,25,20,20
48,7992,0.045865661104512456,1.459666428387948e-09,0.12602112107983118,0.8281132163559901,25,20,20
48,7993,0.04586566109422746,1.445849091261838e-09,0.12591326078772547,0.8282210766721981,25,20,20
48,7994,0.04586566109422826,1.445849091284612e-09,0.12591329666189258,0.8282210407980302,25,20,20
48,7995,0.04586566109427054,1.4460937474367905e-09,0.12591829149866274,0.828216045960973,25,20,20
48,7996,0.045865661094270524,1.4460937447949659e-09,0.12592485746376952,0.8282094799958662,25,20,20
48,7997,0.045865661091702516,1.4460894973781594e-09,0.12550068017562843,0.8286336572865793,25,20,20
48,7998,0.04586566109170021,1.4460863921250985e-09,0.11444275874547012,0.8396915787167432,25,20,20
48,7999,0.04586566109169946,1.4321470894291756e-09,0.11443051970900743,0.8397038177671459,25,20,20
48,8000,0.029418593092355033,3.20802238976798e-08,0.130871965876335,0.8397094089510863,25,20,20
48,8001,0.030186584306816817,3.249488770055162e-08,0.13010397452245415,0.8397094086758413,25,20,20
48,8002,0.03018658430681602,3.2494887626569536e-08,0.13009736948773515,0.8397160137105613,25,20,20
48,8003,0.030186584306815964,3.249488755439782e-08,0.12983103897060003,0.8399823442276966,25,20,20
48,8004,0.030186584306771236,3.2494642896902236e-08,0.12983098492944203,0.8399823982691439,25,20,20
48,8005,0.030186584306771236,3.249464289687906e-08,0.1298310973825197,0.8399822858160663,25,20,20
48,8006,0.04688992373984378,1.5575042678711573e-09,0.1131334690309058,0.839976605671746,25,20,20
48,8007,0.046889923739843756,1.5575041925798712e-09,0.11313338791502688,0.8399766867876249,25,20,20
48,8008,0.04801937320841988,8.573103477846283e-10,0.11200394085984756,0.839976685074422,25,20,20
48,8009,0.0480193732084199,8.573103464868962e-10,0.1120039428722929,0.8399766830619767,25,20,20
48,8010,0.04801937320842311,8.573146391891318e-10,0.11200631479766003,0.839974311136602,25,20,20
48,8011,0.04801937320842311,8.575592347124179e-10,0.112010940439421,0.8399696854945965,25,20,20
48,8012,0.045011426084182064,1.7029855036951437e-09,0.11501888271954414,0.8399696894932882,25,20,20
48,8013,0.04501142608436341,1.7029855036949272e-09,0.1150189420729198,0.8399696301397311,25,20,20
48,8014,0.05045462618687324,2.2733362569600163e-09,0.10957555295440141,0.839969818585389,25,20,20
48,8015,0.050454626186691144,2.273336181691305e-09,0.10957549158730007,0.8399698799526725,25,20,20
48,8016,0.05045462618669195,2.273336255662834e-09,0.10957560614503475,0.8399697653949371,25,20,20
48,8017,0.05045462618928655,2.2733363309462867e-09,0.10957778243722092,0.8399675891001561,25,20,20
48,8018,0.05045462618946787,2.273336404862908e-09,0.1095825021674897,0.8399628693697059,25,20,20
48,8019,0.05045462618946787,2.273336406205377e-09,0.10958258183102107,0.8399627897061746,25,20,20
48,8020,0.05045462618946787,2.2733364801902374e-09,0.10958716919433156,0.8399582023428641,25,20,20
48,8021,0.05045462618946793,2.2733365541609448e-09,0.10958728832457243,0.8399580832126232,25,20,20
48,8022,0.050454626189289,2.2733407687337505e-09,0.10958719416599966,0.8399581773713707,25,20,20
48,8023,0.05045462618929219,2.2733408172341085e-09,0.10983227416432516,0.839713097373042,25,20,20
48,8024,0.05045462618929219,2.273340815958741e-09,0.10983227276680126,0.8397130987705659,25,20,20
48,8025,0.05045462618929219,2.273345106108875e-09,0.10983390501187476,0.8397114665254881,25,20,20
48,8026,0.05045462618929217,2.273100569493488e-09,0.11009791978650928,0.839447451751098,25,20,20
48,8027,0.05045462618929537,2.273104787978142e-09,0.11009796597535437,0.8394474055622454,25,20,20
48,8028,0.05045462618929617,2.273349371497061e-09,0.11010467044235141,0.839440701095003,25,20,20
48,8029,0.05045462618929932,2.2733493727721355e-09,0.11010938623833148,0.8394359852990197,25,20,20
48,8030,0.05045462618929937,2.2733494478678465e-09,0.11019507365979328,0.839350297877558,25,20,20
48,8031,0.05045462619968025,2.2733537390254534e-09,0.1101997530761718,0.8393456184507943,25,20,20
48,8032,0.05045462619968025,2.2733538143046554e-09,0.11020635588192901,0.8393390156450371,25,20,20
48,8033,0.050454626202251524,2.2735960829217856e-09,0.11057941101139529,0.8389659605127572,25,20,20
48,8034,0.05045462620225154,2.2735961581634166e-09,0.11058169019422272,0.8389636813299296,25,20,20
48,8035,0.06974137065460338,6.534275402732701e-07,0.09130052525355829,0.838957450664298,25,20,20
48,8036,0.06974137065203205,6.534272980046184e-07,0.09093399184920838,0.8393239840714617,25,20,20
48,8037,0.06974137065460571,6.534411410358955e-07,0.09095611510743856,0.8393018607968148,25,20,20
48,8038,0.06974137065460251,6.534411367460619e-07,0.09095152537571632,0.8393064505285445,25,20,20
48,8039,0.06974137065460337,6.534411368948156e-07,0.09108093319383288,0.8391770427104268,25,20,20
48,8040,0.06974137065200799,6.534411368195231e-07,0.09108334216905732,0.839174633737798,25,20,20
48,8041,0.06974137065200799,6.53441136819524e-07,0.09108329969028571,0.8391746762165695,25,20,20
48,8042,0.06974137065200804,6.534411368948296e-07,0.091088002321724,0.8391699735851311,25,20,20
48,8043,0.06974137123983859,6.534413798872147e-07,0.09135052053646271,0.8389074547823189,25,20,20
48,8044,0.06418162087425262,6.520406196303981e-07,0.09691046470884444,0.838907262376283,25,20,20
48,8045,0.06418162087425178,6.520406194803019e-07,0.09678117302701036,0.8390365540581182,25,20,20
48,8046,0.06418162087424861,6.520406152631239e-07,0.09677654089235586,0.8390411861927799,25,20,20
48,8047,0.06418162028641801,6.520403722707474e-07,0.09650940310882403,0.8393083245643855,25,20,20
48,8048,0.064181620286418,6.520401276752242e-07,0.09650466300303749,0.8393130646704167,25,20,20
48,8049,0.06418162028646032,6.520401233851179e-07,0.09650889820377913,0.8393088294696369,25,20,20
48,8050,0.06418162027607939,6.520401190199886e-07,0.09650417861961261,0.8393135490641886,25,20,20
48,8051,0.0641816202760786,6.520401190939593e-07,0.09649764265461179,0.8393200850291902,25,20,20
48,8052,0.06418162027607865,6.520401190952337e-07,0.09649767547903201,0.8393200522047699,25,20,20
48,8053,0.06418162027607865,6.52040119021267e-07,0.09649551034950735,0.8393222173342947,25,20,20
48,8054,0.06418162027608185,6.520401190952295e-07,0.09650013282377219,0.8393175948600264,25,20,20
48,8055,0.08048302977791738,4.881415670637491e-10,0.08019937514040895,0.8393175945935317,25,20,20
48,8056,0.08047442587608884,4.881416354007478e-10,0.08020797904170415,0.8393175945940651,25,20,20
48,8057,0.042050158729050005,4.595918148093335e-08,0.11863220071706584,0.8393175945947027,25,20,20
48,8058,0.042050158729050005,4.595918140566449e-08,0.1186321658958581,0.8393176294159106,25,20,20
48,8059,0.04205015872909551,4.595918991335031e-08,0.11862730665496458,0.83932248865675,25,20,20
48,8060,0.04205015872927765,4.595919420353355e-08,0.11862244595843338,0.8393273493530947,25,20,20
48,8061,0.042050158729277635,4.595919420221264e-08,0.11862241328714034,0.8393273820243878,25,20,20
48,8062,0.04205015872927758,4.595919412824194e-08,0.11862230007427053,0.8393274952372578,25,20,20
48,8063,0.04205015872927843,4.6747424773749454e-08,0.11895217298619153,0.8389976215371054,25,20,20
48,8064,0.04205015872927764,4.595919412953969e-08,0.1186223014867542,0.8393274938247741,25,20,20
48,8065,0.0420501587293227,4.595919830606597e-08,0.11890316521438957,0.8390466300970896,25,20,20
48,8066,0.042050158729277164,4.59591897244436e-08,0.11890150070241107,0.8390482946091221,25,20,20
48,8067,0.04205015872928031,4.5959434232693444e-08,0.11890808985777097,0.8390417054535146,25,20,20
48,8068,0.04205015872928036,4.595967875236319e-08,0.11890822352089936,0.8390415717901416,25,20,20
48,8069,0.042050158726703535,4.594583564761555e-08,0.1186197265343615,0.8393300687930995,25,20,20
48,8070,0.042050158726703535,4.594583564631781e-08,0.11861964690527058,0.8393301484221902,25,20,20
48,8071,0.04205015872670398,4.594583984298873e-08,0.11871057710006382,0.8392392182273924,25,20,20
48,8072,0.04205015872670403,4.594583984039285e-08,0.1187107382092958,0.8392390571181604,25,20,20
48,8073,0.0404831733875265,2.193087267436975e-07,0.12027753188256335,0.839239075421183,25,20,20
48,8074,0.040483173387527244,2.1930873095957562e-07,0.12027563213457455,0.8392409751691668,25,20,20
48,8075,0.040483173387530484,2.1930897501837411e-07,0.1203678902258023,0.8391487170776919,25,20,20
48,8076,0.040483173387485395,2.1930897084200916e-07,0.12000133686911198,0.8395152704344315,25,20,20
48,8077,0.040483173387485374,2.1930897076804982e-07,0.11999484649999342,0.8395217608035501,25,20,20
48,8078,0.040483173387486124,2.193087262483765e-07,0.11999661804643608,0.8395199892573514,25,20,20
48,8079,0.038760856198064776,1.2504391617608978e-05,0.12170665193717474,0.8395199874731436,25,20,20
48,8080,0.038751709501873045,2.2329716908060789e-07,0.1217280796801246,0.839519987520834,25,20,20
48,8081,0.038751709501827505,2.2329716907801207e-07,0.1217214725540158,0.8395265946469883,25,20,20
48,8082,0.03875170950182678,2.232971690043325e-07,0.1217190470851968,0.8395290201158082,25,20,20
48,8083,0.03875170950182598,2.2329692449608285e-07,0.12171245698674658,0.8395356102145035,25,20,20
48,8084,0.03875170950187109,2.2329716676472727e-07,0.12208547218039006,0.8391625950205726,25,20,20
48,8085,0.03875170950187109,2.2329716676470488e-07,0.12208547214577273,0.83916259505519,25,20,20
48,8086,0.03875170950187109,2.2329716676338435e-07,0.12208547144468936,0.8391625957562732,25,20,20
48,8087,0.04445966365554713,2.2328203140463612e-07,0.11637751737829095,0.8391625956841307,25,20,20
48,8088,0.04445966365550282,2.232817891359791e-07,0.11601099428295818,0.8395291187797501,25,20,20
48,8089,0.0058469204751358285,2.233343733790869e-07,0.15462264117191285,0.8395302150185777,25,20,20
48,8090,0.005846920475135829,2.2333437337911044e-07,0.15462256121589696,0.8395302949745935,25,20,20
48,8091,0.00584692047513264,2.2333436904095878e-07,0.154370955800129,0.839781900390369,25,20,20
48,8092,0.005846920475132694,2.2333461730746951e-07,0.15445665183760457,0.8396962043526451,25,20,20
48,8093,0.035877300892563024,2.281225524350358e-07,0.1244250088216919,0.8396974621631926,25,20,20
48,8094,0.03587730089255978,2.2812230837623688e-07,0.1243327521314829,0.839789718853649,25,20,20
48,8095,0.035877303331128575,4.76750511296326e-07,0.12433250142227009,0.8397897184960901,25,20,20
48,8096,0.03587725974668528,3.159935622251993e-07,0.12433272406709621,0.8397897001926572,25,20,20
48,8097,0.035877457300491515,2.8258394268544753e-07,0.12433255961256048,0.8397897005030062,25,20,20
48,8098,0.03587745730049072,2.82583938395297e-07,0.12433081241542557,0.8397914477001462,25,20,20
48,8099,0.035877457300490655,2.8258393839267915e-07,0.12433080958089825,0.8397914505346735,25,20,20
48,8100,0.03587745730048986,2.825839383174001e-07,0.12432428500526493,0.8397979751103076,25,20,20
48,8101,0.03587745730049301,2.825978776214177e-07,0.12433644276067124,0.8397858173409589,25,20,20
48,8102,0.03587745730049298,2.8259788187232894e-07,0.12470484324164496,0.839417416859981,25,20,20
48,8103,0.03298162100381961,2.7795921706434994e-07,0.12759971005392048,0.8394183909830434,25,20,20
48,8104,0.032981621003816415,2.7794527783689904e-07,0.12758747160407774,0.8394306294468287,25,20,20
48,8105,0.03298142015861803,1.4234295725342265e-05,0.12757371641558,0.8394306291300773,25,20,20
48,8106,0.03298142015861805,1.4234295725344882e-05,0.12757363795478482,0.8394307075908723,25,20,20
48,8107,0.03298142015862124,1.4234295725346175e-05,0.12766593863846964,0.8393384069071843,25,20,20
48,8108,0.03298142015861809,1.4234295725311617e-05,0.1272930318769355,0.8397113136687215,25,20,20
48,8109,0.032981420158617235,1.4234295476969828e-05,0.12720081126382654,0.8398035342820798,25,20,20
48,8110,0.032981420158617235,1.4234295476971171e-05,0.12720058270039591,0.8398037628455103,25,20,20
48,8111,0.032981420158617235,1.4234295476969851e-05,0.12720058471223097,0.8398037608336751,25,20,20
48,8112,0.03298142015861722,1.4234295472754294e-05,0.12746672039644402,0.8395376251494663,25,20,20
48,8113,0.03298142015861802,1.4234295717365678e-05,0.1274690807928324,0.8395352647528327,25,20,20
48,8114,0.03284455065964268,1.4234293348708478e-05,0.12754759997290155,0.8395936150741079,25,20,20
48,8115,0.032844550659463304,1.4234293340220329e-05,0.12745962842674788,0.8396815866204492,25,20,20
48,8116,0.032844550659463304,1.4234293340219031e-05,0.12745954735139917,0.839681667695798,25,20,20
48,8117,0.0328445506594641,1.423429334878252e-05,0.1275517333211974,0.8395894817259903,25,20,20
48,8118,0.03284455065946494,1.4234293353146106e-05,0.1275583358313075,0.8395828792158752,25,20,20
48,8119,0.03284455065946414,1.42342933487812e-05,0.12755643279994977,0.8395847822472379,25,20,20
48,8120,0.03284455065946414,1.4234293348782473e-05,0.12755643477304235,0.8395847802741453,25,20,20
48,8121,0.03284455065946416,1.4234293348783793e-05,0.1275563813433233,0.8395848337038642,25,20,20
48,8122,0.0328445506595097,1.423429334885906e-05,0.12755645627554493,0.839584758771597,25,20,20
48,8123,0.0328445506595097,1.4234293348934355e-05,0.12755649564941976,0.8395847193977221,25,20,20
48,8124,0.0328445506595073,1.4234293348945788e-05,0.1275546261037116,0.8395865889434327,25,20,20
48,8125,0.0328445506595073,1.4234293344749206e-05,0.12746252163532315,0.8396786934118253,25,20,20
48,8126,0.03284455065950736,1.4234293344750501e-05,0.12746262974098216,0.8396785853061661,25,20,20
48,8127,0.0328445506595074,1.4234293344750493e-05,0.12772894885636618,0.8394122661907821,25,20,20
48,8128,0.03284455065950422,1.4234293344750468e-05,0.1277308509291972,0.8394103641179542,25,20,20
48,8129,0.03284455065950102,1.423429334482312e-05,0.12772613568472493,0.8394150793624294,25,20,20
48,8130,0.032844550659546556,1.4234293349188207e-05,0.1277308817099875,0.8394103333371171,25,20,20
48,8131,0.032844550659546556,1.4234293349114236e-05,0.12773087973166264,0.8394103353154421,25,20,20
48,8132,0.0328445506595465,1.4234293349112924e-05,0.12746464802589771,0.839676567021207,25,20,20
48,8133,0.032844550659504174,1.4234293349099302e-05,0.12758943520819346,0.8395517798389537,25,20,20
48,8134,0.03284455065950104,1.4234293349171978e-05,0.1274994122683168,0.8396418027788333,25,20,20
48,8135,0.03284455065950102,1.423429334909804e-05,0.12749750928613016,0.8396437057610201,25,20,20
48,8136,0.03284455065950097,1.4234293349096722e-05,0.12749280441402447,0.8396484106331258,25,20,20
48,8137,0.03284455065950097,1.4234293349096722e-05,0.12749288351626076,0.8396483315308894,25,20,20
48,8138,0.03284455065950097,1.4234293349020666e-05,0.12722655059750473,0.8399146644496455,25,20,20
48,8139,0.03284455065950097,1.4234293349019368e-05,0.12722658340583698,0.8399146316413133,25,20,20
48,8140,0.03285505175116424,7.131772880945148e-08,0.1272302452770547,0.8399146316540527,25,20,20
48,8141,0.03285505175116417,7.131772451671729e-08,0.12722796628458719,0.8399169106465243,25,20,20
48,8142,0.03285505175116417,7.131772451933513e-08,0.1272279649034191,0.8399169120276924,25,20,20
48,8143,0.03285505175116337,7.131747990925003e-08,0.12722560601992652,0.8399192709114301,25,20,20
48,8144,0.032855051751163426,7.131772450288146e-08,0.12723043942744566,0.8399144375036665,25,20,20
48,8145,0.03285505174561512,5.644542091469298e-07,0.11869147087388829,0.8484529129262874,25,20,20
48,8146,0.03285505174821023,5.644544538044404e-07,0.11869347637823342,0.8484509074191026,25,20,20
48,8147,0.03285505174821022,5.644544537291715e-07,0.11869336049100837,0.8484510233063277,25,20,20
48,8148,0.03285505174821022,5.644544537304694e-07,0.11869336248863953,0.8484510213086964,25,20,20
48,8149,0.03285505174821023,5.644544537304687e-07,0.11869343842640209,0.848450945370934,25,20,20
48,8150,0.03285505174821023,5.644544537317665e-07,0.11869344039951439,0.8484509433978217,25,20,20
48,8151,0.03337683954077586,2.2891708865358043e-07,0.12336960753726639,0.843253324004869,25,20,20
48,8152,0.0333859744042627,2.326923625279314e-07,0.12341991682117388,0.8431938760822014,25,20,20
48,8153,0.0333859744042627,2.326923625292512e-07,0.12342461664121492,0.8431891762621602,25,20,20
48,8154,0.03338597440426271,2.3269236260254236e-07,0.12379763940651026,0.8428161534968648,25,20,20
48,8155,0.03338597440426277,2.3269236689415713e-07,0.12379783664108986,0.8428159562622807,25,20,20
48,8156,0.03338926092152347,6.57334485497385e-05,0.12372357066030175,0.8428214349696251,25,20,20
48,8157,0.03338926092152668,6.57334487943093e-05,0.12373215016231304,0.8428128554673662,25,20,20
48,8158,0.033389260921526685,6.573344879431062e-05,0.12373223262499772,0.8428127730046815,25,20,20
48,8159,0.03338926092152664,6.57334485539673e-05,0.12410050102423836,0.8424445046056812,25,20,20
48,8160,0.033389260921524236,6.573344855401045e-05,0.12409365721631074,0.842451348413611,25,20,20
48,8161,0.03338926092152663,6.573344854964486e-05,0.12409825755283568,0.8424467480770881,25,20,20
48,8162,0.03338926092152663,6.573344854964486e-05,0.1241005336943371,0.8424444719355867,25,20,20
48,8163,0.03338926092152663,6.573344854964223e-05,0.12409583051384773,0.8424491751160761,25,20,20
48,8164,0.0333892609215298,6.573344855390404e-05,0.12436209020908963,0.8421829154208268,25,20,20
48,8165,0.033389260921529745,6.573344854961371e-05,0.12436193351171204,0.8421830721182088,25,20,20
48,8166,0.03338926092152735,6.573344854968898e-05,0.12435725312698048,0.8421877525029425,25,20,20
48,8167,0.03338926092152419,6.57334485454272e-05,0.1240910667898598,0.8424539388400707,25,20,20
48,8168,0.03338926092156971,6.573344854550116e-05,0.1240977203485607,0.8424472852813243,25,20,20
48,8169,0.033389260921569706,6.573344854542716e-05,0.12409771892080164,0.8424472867090833,25,20,20
48,8170,0.03338926092161523,6.573344854979226e-05,0.12410242081037696,0.8424425848194581,25,20,20
48,8171,0.03338926092161523,6.573344855408323e-05,0.12410902869050408,0.8424359769393266,25,20,20
48,8172,0.03338928811699476,6.573408933096776e-05,0.1318551885551989,0.8346897892384756,25,20,20
48,8173,0.04041875682018448,6.573394005860339e-05,0.12482792774747101,0.8346875814922857,25,20,20
48,8174,0.04041875682018447,6.573394030319703e-05,0.12483260730153431,0.8346829019379777,25,20,20
48,8175,0.04041875682018452,6.57339403075219e-05,0.12520555676428302,0.8343099524752248,25,20,20
48,8176,0.04041875682018452,6.573394030752323e-05,0.12520544231502467,0.8343100669244831,25,20,20
48,8177,0.04041875682033255,6.573394031435058e-05,0.13338235958127304,0.8261331496580798,25,20,20
48,8178,0.039896969025371654,6.552437999533212e-05,0.13715047757655208,0.822887029018081,25,20,20
48,8179,0.0398969418299466,6.55237392140812e-05,0.12939969380520516,0.8306378406256342,25,20,20
48,8180,0.039896941829946644,6.552373921408188e-05,0.12903129182660172,0.8310062426042376,25,20,20
48,8181,0.039896941829947435,6.552373945213356e-05,0.1293978078059202,0.8306397266246803,25,20,20
48,8182,0.03989694182994424,6.552373944792995e-05,0.12964137616102436,0.8303961582695834,25,20,20
48,8183,0.03989694183012636,6.552373945221977e-05,0.1296438517070406,0.8303936827233808,25,20,20
48,8184,0.039896941830125626,6.552375152718565e-05,0.13429789404956663,0.8257396403687803,25,20,20
48,8185,0.03989694182994356,6.55237515228958e-05,0.1342978438390891,0.8257396905794444,25,20,20
48,8186,0.04002282442695206,6.552375152094769e-05,0.13417198542954056,0.8257396663919861,25,20,20
48,8187,0.04002282450933923,6.55177449789575e-05,0.13426669705821928,0.8256449606874622,25,20,20
48,8188,0.04002282450933923,6.551774497892297e-05,0.13389379040667826,0.8260178673390033,25,20,20
48,8189,0.040022824509340034,6.551774498310062e-05,0.13426219271686166,0.825649465028815,25,20,20
48,8190,0.04002282450934089,6.551774522544458e-05,0.13463523428984014,0.8252764234555933,25,20,20
48,8191,0.040022824509341685,6.55177452254459e-05,0.1346418878385432,0.8252697699068894,25,20,20
48,8192,0.04002282450934487,6.551774547003957e-05,0.13463998871146385,0.825271669033721,25,20,20
48,8193,0.040022824509196794,6.55177454632862e-05,0.12646307777973662,0.833448579965603,25,20,20
48,8194,0.04002282807235119,6.552253431821942e-05,0.12638591916413464,0.8335257302291954,25,20,20
48,8195,0.04002282807235194,6.552253431821944e-05,0.12675521644765497,0.8331564329456745,25,20,20
48,8196,0.04002282807235194,6.552253431821944e-05,0.126753019785085,0.8331586296082445,25,20,20
48,8197,0.04002282807235206,6.552253431821816e-05,0.12675318157127632,0.8331584678220529,25,20,20
48,8198,0.04002282807235127,6.552253407587421e-05,0.1263802227411232,0.8335314266524493,25,20,20
48,8199,0.04002282807235206,6.552252200098229e-05,0.12172618042557615,0.8381854689800704,25,20,20
48,8200,0.04002282807253418,6.552252199680727e-05,0.12135538910911725,0.8385562602963514,25,20,20
48,8201,0.04002282807253344,6.552252175453992e-05,0.12098234969965355,0.8389292997060582,25,20,20
48,8202,0.04002282807253259,6.552252151416132e-05,0.12097763519195666,0.8389340142139963,25,20,20
48,8203,0.04002282807253334,6.552252151416263e-05,0.12097767002892537,0.8389339793770269,25,20,20
48,8204,0.040146892294280694,6.573590252395964e-05,0.12085337382245748,0.8389339979807385,25,20,20
48,8205,0.04014689229428074,6.573590252395964e-05,0.1208533738124207,0.8389339979907752,25,20,20
48,8206,0.04014689229432628,6.57359025238131e-05,0.12048050132001752,0.839306870483133,25,20,20
48,8207,0.040146893310904874,8.59931405836193e-05,0.12053742300572608,0.8392296905427858,25,20,20
48,8208,0.04014689330830982,8.599314033903708e-05,0.12053075706304021,0.8392363564883112,25,20,20
48,8209,0.04014689330830976,8.599314033896311e-05,0.12053067599207719,0.8392364375592742,25,20,20
48,8210,0.04014689330826424,8.599314034317816e-05,0.12052413859252788,0.839242974958865,25,20,20
48,8211,0.04014689330844631,8.599314034739273e-05,0.12052880197029936,0.8392383115809072,25,20,20
48,8212,0.040146893308449394,8.599314035168386e-05,0.12053334235324907,0.8392337711979502,25,20,20
48,8213,0.040146893308403875,8.599314035175649e-05,0.12053971607906924,0.8392273974721753,25,20,20
48,8214,0.040146893308403084,8.599314035183177e-05,0.12016583094806624,0.8396012826031793,25,20,20
48,8215,0.04014689330839909,8.59931401072355e-05,0.12016099603677982,0.8396061175147141,25,20,20
48,8216,0.040146893308581184,8.599315404661349e-05,0.12017320311687713,0.8395939104204954,25,20,20
48,8217,0.04001233115934166,9.963490834835063e-05,0.1202941217776537,0.8395939121546564,25,20,20
48,8218,0.04091554447373962,0.0001709168922367791,0.11931951972343252,0.8395940189105908,25,20,20
48,8219,0.040915544473738824,0.0001709168922367038,0.11931948337602272,0.8395940552580017,25,20,20
48,8220,0.04091554447374202,0.0001709168922324148,0.11931952617869186,0.8395940124553337,25,20,20
48,8221,0.040769494521926165,0.0001709168922343452,0.11946557528225689,0.8395940133035825,25,20,20
48,8222,0.03986658733312261,8.576675059689871e-05,0.12045375971935662,0.8395938861969242,25,20,20
48,8223,0.03986658733294047,8.57667505968974e-05,0.12045156208470675,0.8395960838317561,25,20,20
48,8224,0.039866587332941315,8.576675084142031e-05,0.12044948755111744,0.8395981583651,25,20,20
48,8225,0.039866587332762424,8.576673690211628e-05,0.12044186952665757,0.8396057764036782,25,20,20
48,8226,0.039866587332762375,8.576673690219155e-05,0.12044186059650062,0.839605785333835,25,20,20
48,8227,0.03986658733276239,8.576673690219289e-05,0.12044189998228795,0.8396057459480475,25,20,20
48,8228,0.03986658733276244,8.576673714518718e-05,0.12070821251764902,0.8393394334124434,25,20,20
48,8229,0.07594880137891924,8.602841395081338e-05,0.08462573564248407,0.8393394345646459,25,20,20
48,8230,0.07594880137891998,8.602841394652433e-05,0.08475506943778592,0.8392101007693477,25,20,20
48,8231,0.07594880137892003,8.602841394659962e-05,0.08475505861679189,0.8392101115903415,25,20,20
48,8232,0.07594880138153645,8.602841395081175e-05,0.08512348624562911,0.8388416839588837,25,20,20
48,8233,0.07594880138149172,8.602841370614283e-05,0.08512538532232589,0.8388397848824763,25,20,20
48,8234,0.07594880138149172,8.60284137061428e-05,0.0851300055917435,0.8388351646130587,25,20,20
48,8235,0.0759488013814917,8.602841370185248e-05,0.08512981032005966,0.8388353598847469,25,20,20
48,8236,0.07594880138149165,8.602841370185375e-05,0.08512976097129313,0.8388354092335135,25,20,20
48,8237,0.07594880138149172,8.602841345731645e-05,0.08512806624919689,0.8388371039558542,25,20,20
48,8238,0.07594880138149172,8.602841345731645e-05,0.08512344547851156,0.8388417247265396,25,20,20
48,8239,0.07594880138148852,8.602841345731383e-05,0.08512328165984318,0.838841888545211,25,20,20
48,8240,0.07593638566886927,2.0523824102472698e-05,0.08467202872989973,0.8393710617771284,25,20,20
48,8241,0.07599308352434209,2.052548720278216e-05,0.08512450180777131,0.8388618891806836,25,20,20
48,8242,0.07599308352415997,2.052548719849103e-05,0.08512002761831164,0.8388663633703298,25,20,20
48,8243,0.07599308352416279,2.052548720220622e-05,0.08977878311200309,0.8342076078766317,25,20,20
48,8244,0.075993083524162,2.052548720220363e-05,0.08964925350617102,0.8343371374824645,25,20,20
48,8245,0.07599308352416279,2.0525487202131006e-05,0.08964929220642713,0.8343370987822075,25,20,20
48,8246,0.07599308367072717,2.0525487206382583e-05,0.09002284371020164,0.8339635471318645,25,20,20
48,8247,0.07599308367072793,2.0525487449377707e-05,0.09028449270023937,0.8337018981415829,25,20,20
48,8248,0.07599308367072707,2.052548720477957e-05,0.09027996370665503,0.8337064271354125,25,20,20
48,8249,0.07599308367072707,2.052548720477959e-05,0.09028007616842029,0.8337063146736474,25,20,20
48,8250,0.07599308367072707,2.052548720477959e-05,0.09028010195226552,0.8337062888898022,25,20,20
48,8251,0.07599308367072707,2.052548720477959e-05,0.09027998952511755,0.8337064013169502,25,20,20
48,8252,0.07599311129851731,0.0005638591039281712,0.08973580124539353,0.8337072283521614,25,20,20
48,8253,0.0767639592870249,0.0005638578589982503,0.08899043416045332,0.833681748693524,25,20,20
48,8254,0.0767639592870249,0.0005638578590025752,0.08935680438929387,0.8333153784646793,25,20,20
48,8255,0.07676395928702488,0.0005638578590025765,0.08935657581515483,0.8333156070388182,25,20,20
48,8256,0.07676395928702408,0.0005638578590025026,0.08935653900088335,0.8333156438530906,25,20,20
48,8257,0.07676395928702409,0.0005638578590025758,0.08972964083379792,0.8329425420201759,25,20,20
48,8258,0.07676395928702415,0.0005638578590068657,0.08973434296376391,0.8329378398902055,25,20,20
48,8259,0.07676395928702416,0.0005638578592514796,0.08973605353331074,0.8329361293204143,25,20,20
48,8260,0.07635184883850603,0.0005638628805369786,0.09014815938156064,0.8329361288993974,25,20,20
48,8261,0.07635184883588648,0.000563862880528478,0.08977513723371505,0.8333091510498708,25,20,20
48,8262,0.07635184883588654,0.0005638628802839393,0.08977810206016659,0.8333061862236639,25,20,20
48,8263,0.07635201821157633,3.1143333890875644e-05,0.09031147927510805,0.8333053591794254,25,20,20
48,8264,0.07616114392162616,3.118015558571142e-05,0.09050222717101447,0.8333054487517747,25,20,20
48,8265,0.0761611439216261,3.1180155585784046e-05,0.09050230748277008,0.8333053684400188,25,20,20
48,8266,0.07616094233558827,3.1618326354757016e-07,0.09053337252959334,0.8333053689515556,25,20,20
48,8267,0.06695240442245376,5.488726337994253e-06,0.09968863783757641,0.8333534690136329,25,20,20
48,8268,0.043905130416882196,5.2397752746803336e-06,0.12273607326680111,0.8333535565410432,25,20,20
48,8269,0.043905130416882196,5.239775274754301e-06,0.12273823697967412,0.83335139282817,25,20,20
48,8270,0.04390513042726265,5.2397752833335535e-06,0.12274479707035477,0.8333448327271004,25,20,20
48,8271,0.0439051304168823,5.239775274753004e-06,0.1227428593790792,0.8333467704287648,25,20,20
48,8272,0.043905130416882265,5.239775274752982e-06,0.12274291274176388,0.8333467170660801,25,20,20
48,8273,0.043905130416883015,5.239775274753466e-06,0.12273840586047019,0.8333512239473729,25,20,20
48,8274,0.043905130417063454,5.239775517093232e-06,0.12311177036463664,0.8329778594427835,25,20,20
48,8275,0.04390513041706425,5.239775517094531e-06,0.12311416265387448,0.8329754671535449,25,20,20
48,8276,0.04390513041706414,5.23977551709321e-06,0.12310945916882496,0.8329801706385944,25,20,20
48,8277,0.04391770822563099,5.23716555528414e-06,0.12308756252518752,0.8329894920836266,25,20,20
48,8278,0.04391770822563105,5.237165312289868e-06,0.12282291420391889,0.8332541404051379,25,20,20
48,8279,0.0439177082256311,5.237165316506411e-06,0.1224545145006905,0.8336225401083621,25,20,20
48,8280,0.043917708225631034,5.237165312215302e-06,0.12244992480823004,0.8336271298008269,25,20,20
48,8281,0.043917708235652574,5.237929143469811e-06,0.12400766421565146,0.8320693896195525,25,20,20
48,8282,0.04391770823565178,5.237929143468468e-06,0.12400751166109854,0.8320695421741062,25,20,20
48,8283,0.04391770823565177,5.237929143468468e-06,0.12400752259754828,0.8320695312376561,25,20,20
48,8284,0.043917708235831625,5.2387173697890986e-06,0.12396429267451964,0.8321127603722788,25,20,20
48,8285,0.04391770823583161,5.23871736978909e-06,0.1239689525381514,0.8321081005086469,25,20,20
48,8286,0.043917708235831604,5.2387173698291344e-06,0.12359604563112526,0.832481007415673,25,20,20
48,8287,0.043917708235831604,5.238717369904426e-06,0.1235961614931517,0.8324808915536464,25,20,20
48,8288,0.043917708235834796,5.23871737412078e-06,0.12359165692966301,0.8324853961171277,25,20,20
48,8289,0.04391770823583517,5.238717370404273e-06,0.11893286935365943,0.8371441836931345,25,20,20
48,8290,0.04391770823583437,5.238717366112659e-06,0.11893282650605631,0.8371442265407427,25,20,20
48,8291,0.04391770823583437,5.238717366113935e-06,0.11893279313644968,0.8371442599103495,25,20,20
48,8292,0.043917709293662476,2.5060673252191604e-05,0.11891297062543876,0.8371442594076466,25,20,20
48,8293,0.04391770988388443,2.5060673252267847e-05,0.11901844659004449,0.8370387828528187,25,20,20
48,8294,0.04391770929366249,2.506067325211634e-05,0.1189130853350057,0.8371441446980796,25,20,20
48,8295,0.04391770929365858,2.506067300912123e-05,0.11864681589845869,0.8374104141348735,25,20,20
48,8296,0.04391770929347814,2.506067276678146e-05,0.11827341951619365,0.8377838105175612,25,20,20
48,8297,0.04391770928345655,2.5059908935525653e-05,0.11671557246891444,0.8393416583386933,25,20,20
48,8298,0.04391770928345643,2.505990893559957e-05,0.11672047304789254,0.8393367577597153,25,20,20
48,8299,0.04326907365565582,2.5025523716950898e-05,0.11737848349798777,0.8393274173226395,25,20,20
48,8300,0.043269073655659004,2.5025523959869017e-05,0.11764292736463647,0.8390629734557451,25,20,20
48,8301,0.04326907370442041,2.5025524043253716e-05,0.14445841378578397,0.8122474869857527,25,20,20
48,8302,0.04326907370442121,2.5025524043329007e-05,0.14445845061004975,0.812247450161486,25,20,20
48,8303,0.04326907372390041,5.197552645668306e-06,0.1444782785707668,0.8122474501526876,25,20,20
48,8304,0.04326907372390361,5.197552649961251e-06,0.14447840045400037,0.8122473282694466,25,20,20
48,8305,0.07023348352402882,5.184826902112424e-06,0.11751409205923564,0.8122472395898341,25,20,20
48,8306,0.03182810368445131,5.186434429590931e-06,0.1559192462642176,0.8122474636169024,25,20,20
48,8307,0.03182810368445131,5.186434429590931e-06,0.15592584902997403,0.8122408608511458,25,20,20
48,8308,0.031828103684448134,5.186434425299331e-06,0.15592576653252777,0.8122409433485994,25,20,20
48,8309,0.0318281035378838,5.186434665631271e-06,0.15555891863649796,0.8126077913909533,25,20,20
48,8310,0.03182810353793574,5.186434669998213e-06,0.155552513661239,0.8126141963661558,25,20,20
48,8311,0.04146832786958477,8.870336519106576e-09,0.1459655673830972,0.8125660958769819,25,20,20
48,8312,0.04146832786958402,8.870336517808567e-09,0.14596325559835474,0.812568407661725,25,20,20
48,8313,0.04146832786958397,8.870336516510835e-09,0.14596328754136015,0.8125683757187196,25,20,20
48,8314,0.04146832782100149,8.870257347675923e-09,0.11915242232629085,0.8393792409824506,25,20,20
48,8315,0.04146801676466709,8.615096852169768e-09,0.11915280178137225,0.8393791728388642,25,20,20
48,8316,0.03987399623072723,1.3971602621181719e-06,0.1207456577614257,0.839378948847585,25,20,20
48,8317,0.03987399623077252,1.3971741124884422e-06,0.12101299276280493,0.8391116138323104,25,20,20
48,8318,0.03987399623077332,1.3971741125650316e-06,0.12101311066241939,0.8391114959326949,25,20,20
48,8319,0.039873996230776455,1.397174112492344e-06,0.12100857202460906,0.8391160345705022,25,20,20
48,8320,0.03987399623077651,1.3971741125663157e-06,0.1210085745265696,0.8391160320685417,25,20,20
48,8321,0.039873996232914447,1.3978287584176719e-06,0.12806135936245058,0.832063246575877,25,20,20
48,8322,0.039892187781971476,1.398339036749846e-06,0.12804303341552573,0.8320633804634663,25,20,20
48,8323,0.03989218778197387,1.3983390367498435e-06,0.12804454060217377,0.8320618732768158,25,20,20
48,8324,0.039892187781977034,1.3983392797442507e-06,0.12831083483987263,0.8317955790388707,25,20,20
48,8325,0.03989218778198101,1.3983531910498633e-06,0.12840163816593397,0.8317047756988942,25,20,20
48,8326,0.03989218778193652,1.3983531538428889e-06,0.12850837003959775,0.8315980438253122,25,20,20
48,8327,0.03989218778193332,1.3983531495512745e-06,0.12850817477774362,0.8315982390871735,25,20,20
48,8328,0.03989218778193013,1.398353149549977e-06,0.12850809250917322,0.8315983213557472,25,20,20
48,8329,0.03989218778193086,1.3983531473091319e-06,0.12887451006911807,0.831231903795804,25,20,20
48,8330,0.03989218778193091,1.3983531473091099e-06,0.12887921154615808,0.8312272023187639,25,20,20
48,8331,0.039892187781923744,1.3983392359295227e-06,0.12887907733211276,0.8312273365467279,25,20,20
48,8332,0.03989218778192374,1.398339235852956e-06,0.12887899566496766,0.8312274182138729,25,20,20
48,8333,0.039892187781924535,1.3983392359282216e-06,0.12888127240916308,0.8312251414696767,25,20,20
48,8334,0.03989218778210587,1.398339240144337e-06,0.1288834573859155,0.8312229564927388,25,20,20
48,8335,0.039921632423499484,8.18682179721279e-09,0.12885540293144299,0.831222956458236,25,20,20
48,8336,0.03992163242136154,7.532175945834062e-09,0.12180246368676319,0.8382758963596997,25,20,20
48,8337,0.03992163242136081,7.518367073646823e-09,0.12143298650418068,0.8386453735560919,25,20,20
48,8338,0.006431529202800497,2.119142994219153e-06,0.15491073406052738,0.8386556175936785,25,20,20
48,8339,0.006431529202801294,2.119142994369691e-06,0.15491081773110224,0.8386555339231028,25,20,20
48,8340,0.006431529202801335,2.119142994444459e-06,0.15517692035083963,0.8383894313033652,25,20,20
48,8341,0.00643152920284338,2.119142994519203e-06,0.15517692035217975,0.8383894313019827,25,20,20
48,8342,0.006431529202843325,2.119142990228072e-06,0.15517221621476404,0.838394135439403,25,20,20
48,8343,0.006431529202843269,2.1191429901541008e-06,0.15517224757094888,0.838394104083218,25,20,20
48,8344,0.011457060482408153,2.121715452896136e-06,0.15014671372007302,0.8383941040820663,25,20,20
48,8345,0.0114570604824081,2.1217154487537328e-06,0.15014814079474278,0.8383926770074006,25,20,20
48,8346,0.011457060482225978,2.1217154444639005e-06,0.15014347658099014,0.8383973412213396,25,20,20
48,8347,0.011457060482226033,2.1217154444651986e-06,0.1501481800657598,0.8383926377365699,25,20,20
48,8348,0.011457060482226049,2.121715444465195e-06,0.1502710995331942,0.8382697182691355,25,20,20
48,8349,0.011457060482226118,2.1217154443925448e-06,0.15027113217550658,0.8382696856268229,25,20,20
48,8350,0.0050737723343049915,5.820390684615167e-08,0.1566667278702526,0.8382594415915355,25,20,20
48,8351,0.005073772334305012,5.820390843524062e-08,0.1564070987153849,0.8385190707464019,25,20,20
48,8352,0.005073772334304957,5.820390835992656e-08,0.15640701654989295,0.8385191529118937,25,20,20
48,8353,0.00507377233412288,5.820390406854236e-08,0.15640482418727822,0.8385213452746949,25,20,20
48,8354,0.005073772334122838,5.820390835888154e-08,0.15640031794714998,0.8385258515148188,25,20,20
48,8355,0.005073772334122052,5.820390828358335e-08,0.1564052984110913,0.8385208710508785,25,20,20
48,8356,0.005073772334122051,5.8203908282285204e-08,0.15640533130594866,0.838520838156021,25,20,20
48,8357,0.005073772334122052,5.8204152790547475e-08,0.15640543154403455,0.8385207379176906,25,20,20
48,8358,0.005073772344407109,5.821797020528132e-08,0.15677949875068548,0.8381466706869373,25,20,20
48,8359,0.005073772334122053,5.82041528658164e-08,0.15640540015293028,0.8385207693087948,25,20,20
48,8360,0.005073772334121197,5.8204152789226196e-08,0.1564053988899521,0.838520770571774,25,20,20
48,8361,0.005073772334322692,5.8204156580218144e-08,0.16072978451954537,0.8341963849419755,25,20,20
48,8362,0.005073772334121141,5.820415271443622e-08,0.15613918214533404,0.8387869873163922,25,20,20
48,8363,0.005073772334118002,5.820390813089466e-08,0.15613718057579914,0.8387889888861747,25,20,20
48,8364,0.005073772334117947,5.8203908058220565e-08,0.15614176649795927,0.8387844029640148,25,20,20
48,8365,0.005073772334117947,5.8203908058220565e-08,0.15614176649795927,0.8387844029640148,25,20,20
48,8366,0.0050737723341211394,5.820390805827297e-08,0.1560495877466402,0.8388765817153307,25,20,20
48,8367,0.005073772334121127,5.8203908207492466e-08,0.1559266682791163,0.8389995011828546,25,20,20
48,8368,0.005073772334120328,5.820390813222735e-08,0.15592441855412542,0.8390017509078461,25,20,20
48,8369,0.005073772334121183,5.8203908133548594e-08,0.15592445666297755,0.8390017127989933,25,20,20
48,8370,0.005073772333943745,5.7415677563138594e-08,0.15568687678045004,0.8392392934699286,25,20,20
48,8371,0.005073772333943746,5.7415677564458695e-08,0.1556868787779044,0.8392392914724742,25,20,20
48,8372,0.005073772333943746,5.741567756443632e-08,0.15568684541837555,0.8392393248320031,25,20,20
48,8373,0.0050737723339445455,5.7415677564458616e-08,0.15568908514051452,0.8392370851098633,25,20,20
48,8374,0.005073772333944586,5.741567334811315e-08,0.15568897097456577,0.8392371992758163,25,20,20
48,8375,0.005073772333944586,5.741567342335892e-08,0.15568680860474082,0.8392393616456411,25,20,20
48,8376,0.005073772333944586,5.741567342335892e-08,0.15568680860474082,0.8392393616456413,25,20,20
48,8377,0.005073772333942183,5.741567342223726e-08,0.15559465669327077,0.8393315135571138,25,20,20
48,8378,0.005073772333942169,5.741567342223726e-08,0.1555945422292452,0.8393316280211393,25,20,20
48,8379,0.005073772334256223,5.7415703028486046e-08,0.19075468962553066,0.8041714806245099,25,20,20
48,8380,0.005073772334256223,5.741570287927089e-08,0.19074811387906834,0.8041780563709723,25,20,20
48,8381,0.005073772334211005,5.741546414897637e-08,0.19074772513336208,0.8041784451169626,25,20,20
48,8382,0.005073772334213347,5.741546414894477e-08,0.19075234137808855,0.8041738288722339,25,20,20
48,8383,0.005073772334213347,5.74154641463496e-08,0.19074772062575387,0.8041784496245685,25,20,20
48,8384,0.0050737723342134085,5.7429161107693416e-08,0.1903869195628131,0.8045392506738124,25,20,20
48,8385,0.005073772334213408,5.74291610324241e-08,0.19038691753759518,0.8045392526990304,25,20,20
48,8386,0.005073772405274045,5.7429160936122856e-08,0.19040125275924397,0.8045249174063209,25,20,20
48,8387,0.005073772405274046,5.7429161011415125e-08,0.19039663172113624,0.8045295384444286,25,20,20
48,8388,0.005073772405273303,5.7429160937444406e-08,0.19039659699128805,0.8045295731742776,25,20,20
48,8389,0.005073772405276498,5.742916522857524e-08,0.19040122011706478,0.8045249500484934,25,20,20
48,8390,0.005073772405277289,5.744297831662489e-08,0.19077531835858128,0.804150851793163,25,20,20
48,8391,0.005073772405281261,1.0249384960818625e-07,0.19099755617292594,0.8039285689279433,25,20,20
48,8392,0.005073772405281246,1.0249360502466733e-07,0.19099085171671715,0.8039352733843966,25,20,20
48,8393,0.00507377240528126,1.024936050986348e-07,0.1909931299766179,0.8039329951244959,25,20,20
48,8394,0.044662940557903166,1.0198316948862832e-07,0.15140409865878968,0.8039328588001377,25,20,20
48,8395,0.04466293942106206,1.0200656352210057e-07,0.15140409977239663,0.8039328587999777,25,20,20
48,8396,0.044662939421015756,1.0200656287279181e-07,0.15606307909303227,0.79927387947939,25,20,20
48,8397,0.044662974689536804,9.742747886374032e-08,0.15606304833282703,0.7992738795501582,25,20,20
48,8398,0.04466297468953597,9.74136657769884e-08,0.1556889501016091,0.7996479777951899,25,20,20
48,8399,0.044764803801231656,7.037303038371946e-08,0.15526102962538782,0.799974096200351,25,20,20
48,8400,0.04476480380127724,7.0373274966026e-08,0.15526836409641082,0.7999667617290378,25,20,20
48,8401,0.04476480380127724,7.037327503999669e-08,0.15526839681370994,0.7999667290117385,25,20,20
48,8402,0.04503159574974955,7.037327694590795e-08,0.15500160486523368,0.7999667290117409,25,20,20
48,8403,0.045031595749935684,7.037352169990609e-08,0.1550048445362728,0.799963489340271,25,20,20
48,8404,0.04503159574993569,7.03735259761029e-08,0.1551342582135589,0.7998340756629806,25,20,20
48,8405,0.045031595749935684,7.037352163957262e-08,0.15486792694098037,0.8001004069355634,25,20,20
48,8406,0.04503159574943239,7.03735504645873e-08,0.1549254127408162,0.8000429211362019,25,20,20
48,8407,0.045031595749432336,7.037355046328971e-08,0.1549207092560465,0.8000476246209715,25,20,20
48,8408,0.04503159683231626,7.037352618258591e-08,0.1595926982532748,0.7953756345408837,25,20,20
48,8409,0.04503159683231626,7.037352618254117e-08,0.15959261582512002,0.7953757169690384,25,20,20
48,8410,0.04503159683231626,7.037352618254117e-08,0.15959261582512005,0.7953757169690384,25,20,20
48,8411,0.04503159683231626,7.037352618254117e-08,0.15959261582512005,0.7953757169690384,25,20,20
48,8412,0.04503159742402737,7.037377514202913e-08,0.15959746798367921,0.7953708642185191,25,20,20
48,8413,0.04503159742645616,7.03738042656695e-08,0.19491741931954618,0.7600509128801939,25,20,20
48,8414,0.04775917497133454,4.9301438296502785e-08,0.17439848709677416,0.7778422886304532,25,20,20
48,8415,0.041831121407242856,4.937993210600473e-08,0.18032651961827273,0.777842309594553,25,20,20
48,8416,0.041831121407245986,4.937993204566585e-08,0.1802017380754233,0.7779670911373994,25,20,20
48,8417,0.04183112140724281,4.937993197040583e-08,0.18019711580609932,0.7779717134067267,25,20,20
48,8418,0.04183112140724281,4.9379931969107684e-08,0.1801970873547535,0.7779717418580724,25,20,20
48,8419,0.04183112140724282,4.93799319704054e-08,0.1802036923695666,0.7779651368432592,25,20,20
48,8420,0.04183112140724276,4.9379931969106837e-08,0.18020369297675562,0.7779651362360701,25,20,20
48,8421,0.04183112140705668,4.9379687216406746e-08,0.18020207276581604,0.7779667564474405,25,20,20
48,8422,0.021060455963556764,4.9659891846411785e-08,0.20076534174945124,0.7781741526270998,25,20,20
48,8423,0.02106250772536457,4.799720004986203e-08,0.20076328760787426,0.7781741566695601,25,20,20
48,8424,0.021062507725364624,4.799744466376012e-08,0.20076502466214097,0.7781724196150488,25,20,20
48,8425,0.02106250772536463,4.799744466504537e-08,0.20077154637267702,0.7781658979045126,25,20,20
48,8426,0.021062508603872595,5.072680628726092e-08,0.19845763830356788,0.7804798023657527,25,20,20
48,8427,0.02106250860386941,5.0726802071387114e-08,0.19845953894099921,0.7804779017283289,25,20,20
48,8428,0.021062508603869396,5.072680199613006e-08,0.19845301517779115,0.7804844254915371,25,20,20
48,8429,0.02106250860386941,5.072680633398045e-08,0.1987193484455142,0.7802180922238096,25,20,20
48,8430,0.021062508603869413,5.07268064092946e-08,0.1987193897924111,0.7802180508769125,25,20,20
48,8431,0.0210625086040962,5.074070043956782e-08,0.19887355321531633,0.7800638874398865,25,20,20
48,8432,0.021062508604274346,5.690073744279398e-09,0.19865603448004837,0.7802814512256032,25,20,20
48,8433,0.047354809547275584,5.689940971842683e-09,0.17256569712222242,0.7800794876405611,25,20,20
48,8434,0.047354809547275584,5.689940973140418e-09,0.1725656180891333,0.7800795666736502,25,20,20
48,8435,0.04229957485534591,0.0008056543694970345,0.1768152041015283,0.7800795666736274,25,20,20
48,8436,0.04229957485534277,0.0008056543695013247,0.176815231567119,0.780079539208036,25,20,20
48,8437,0.04229957485534271,0.000805654369256712,0.1768134959103762,0.7800812748650234,25,20,20
48,8438,0.04229957426367779,0.0008056543692516586,0.17693833076819312,0.7799564405988767,25,20,20
48,8439,0.042299574263680945,0.0008056543694940745,0.17731133810317204,0.7795834332636522,25,20,20
48,8440,0.042299574263681014,0.0008056543834053788,0.17740372636723886,0.7794910449856741,25,20,20
48,8441,0.042299574263680945,0.0008056543694940004,0.17731130015134075,0.7795834712154837,25,20,20
48,8442,0.04229752383933254,0.0008056543697592935,0.17731335468860746,0.7795834671023002,25,20,20
48,8443,0.04229752383932934,0.000805654369755001,0.17730872311381798,0.779588098677097,25,20,20
48,8444,0.03946808194896728,0.0008056543696427999,0.15834535370012348,0.8013809099812668,25,20,20
48,8445,0.03946808194896643,0.0008056543557035725,0.158339636940097,0.8013866267552335,25,20,20
48,8446,0.03946808194896643,0.0008056543557035712,0.15833773399410225,0.8013885297012281,25,20,20
48,8447,0.03946808194874043,0.0008056543418137554,0.15819009401495232,0.8015361696944937,25,20,20
48,8448,0.03946808194874121,0.0008056543418094659,0.15855748824863206,0.8011687754608177,25,20,20
48,8449,0.03946808194890128,0.0008056543541234304,0.16323206489282913,0.7964941988041465,25,20,20
48,8450,0.03946808194894682,0.0008056543543680347,0.16323535242066106,0.7964909112760244,25,20,20
48,8451,0.03946808194894682,0.0008056543543680362,0.16323535044351278,0.7964909132531727,25,20,20
48,8452,0.03946808194894682,0.0008056543543680374,0.1632331526208155,0.7964931110758701,25,20,20
48,8453,0.03946808268122718,1.2788790411441747e-05,0.16402601745250225,0.7964931110758594,25,20,20
48,8454,0.03946808268122723,1.2788790411441795e-05,0.16401941388422844,0.7964997146441333,25,20,20
48,8455,0.039468082681227215,1.2788790411365184e-05,0.1640193314392956,0.7964997970890663,25,20,20
48,8456,0.03946808270059932,1.279502831841206e-05,0.1686976757249236,0.7918214465461588,25,20,20
48,8457,0.039468082700441706,1.2795016004447581e-05,0.16402460946702063,0.7964945128165337,25,20,20
48,8458,0.03946808270044176,1.2795016004373594e-05,0.16402461111891545,0.796494511164639,25,20,20
48,8459,0.039468082700395576,1.2795015760466293e-05,0.1638948436027792,0.7966242786810652,25,20,20
48,8460,0.039470282496280734,0.0006738397018685201,0.16323159912060606,0.7966242786812449,25,20,20
48,8461,0.039470282496280734,0.0006738397018685187,0.1632315971128765,0.7966242806889744,25,20,20
48,8462,0.03946808196813805,2.6691116187014236e-07,0.16390737043189124,0.7966242806888097,25,20,20
48,8463,0.03947075009534543,1.4325227905264282e-05,0.16389062298007048,0.796624301696679,25,20,20
48,8464,0.039470750097940176,1.4325241844642277e-05,0.1639029425564032,0.7966119821038125,25,20,20
48,8465,0.03947075009794012,1.4325241844716295e-05,0.16389832213427843,0.7966166025259369,25,20,20
48,8466,0.03947075009793447,1.4325241840924703e-05,0.15923918159652428,0.8012757430637005,25,20,20
48,8467,0.03947075009793131,1.4325241598507463e-05,0.15886605970912593,0.8016488649513446,25,20,20
48,8468,0.03947075009793131,1.4325241598506188e-05,0.15886594581514996,0.8016489788453205,25,20,20
48,8469,0.039470750097931245,1.4325241594213249e-05,0.15886580348828588,0.801649121172189,25,20,20
48,8470,0.03947075009793131,1.4325241594289829e-05,0.15887050533229916,0.8016444193281762,25,20,20
48,8471,0.03947075009797684,1.4325241602870793e-05,0.15887517324280956,0.8016397514176116,25,20,20
48,8472,0.03947075009797689,1.4325241602872114e-05,0.1588768225910696,0.8016381020693514,25,20,20
48,8473,0.03947075009797764,1.4325241607162382e-05,0.1588770164269376,0.8016379082334781,25,20,20
48,8474,0.03947075009797758,1.4325241607163657e-05,0.15887548096239898,0.8016394436980167,25,20,20
48,8475,0.03947075009797752,1.4325241607162358e-05,0.15887386151257446,0.8016410631478412,25,20,20
48,8476,0.03947074950752047,1.4325241607022869e-05,0.15878591259454494,0.801729012656328,25,20,20
48,8477,0.03947074950752365,1.4325241615578367e-05,0.15891544160370974,0.8015994836471515,25,20,20
48,8478,0.03947074950770604,1.4325255517780256e-05,0.159034407621362,0.8014805176154147,25,20,20
48,8479,0.03947074950770685,1.4325255517780223e-05,0.159040930148763,0.8014739950880129,25,20,20
48,8480,0.03947177340610045,1.43261166461164e-05,0.1590399053519847,0.8014739951252686,25,20,20
48,8481,0.0004625701569553526,1.5110077894096783e-05,0.19805371370636501,0.801468606058785,25,20,20
48,8482,0.00046257015695535267,1.5110077894095485e-05,0.19805362630747955,0.8014686934576705,25,20,20
48,8483,0.0004625701569561375,1.51100778899533e-05,0.1980519678884156,0.8014703518767378,25,20,20
48,8484,0.00046257015955072174,1.5110078134562433e-05,0.19805425487238837,0.8014680648899258,25,20,20
48,8485,0.0004625701595052027,1.5110077889958027e-05,0.19805096804567138,0.801471351716933,25,20,20
48,8486,0.00046257015950521674,1.5110077889959369e-05,0.1980510845175801,0.8014712352450242,25,20,20
48,8487,0.003481287391080887,1.43257737373986e-05,0.19503321393591366,0.8014711728992674,25,20,20
48,8488,0.0034812873910808734,1.4325773733136042e-05,0.19476690970169439,0.8017374771334909,25,20,20
48,8489,0.0034812873910808873,1.432577373321261e-05,0.1947669922150972,0.801737394620088,25,20,20
48,8490,0.0034812853588608666,1.4323044341344815e-05,0.16169868745258748,0.8348057041442101,25,20,20
48,8491,0.00496118550493421,1.432365962223246e-05,0.15966205264664857,0.8353624381887944,25,20,20
48,8492,0.004961185504934224,1.4323659622383004e-05,0.15966675393445662,0.8353577369009864,25,20,20
48,8493,0.004961185504934224,1.4323659626672609e-05,0.1596733577537001,0.8353511330817386,25,20,20
48,8494,0.00496118550493421,1.4323659626522046e-05,0.15966865449287,0.8353558363425688,25,20,20
48,8495,0.004961185504931026,1.4323659617969163e-05,0.15953923935732905,0.8354852514781216,25,20,20
48,8496,0.004961185504931013,1.432365961796972e-05,0.15953425629601473,0.8354902345394359,25,20,20
48,8497,0.00496118550475181,1.4323645720132717e-05,0.15942189479427735,0.8356025960552503,25,20,20
48,8498,0.0049611855049333615,1.4323645724408924e-05,0.15954482546449117,0.8354796653848507,25,20,20
48,8499,0.00496118550489009,1.4323645720598947e-05,0.15502308030200773,0.8400014105473814,25,20,20
48,8500,0.00496118550489009,1.4323645716382753e-05,0.15502149683951527,0.840002994009878,25,20,20
48,8501,0.004961185507461353,1.4323659529472036e-05,0.15539563846597804,0.8396288523670309,25,20,20
48,8502,0.004961185517839231,1.432365977397643e-05,0.1553963682186536,0.839628122603733,25,20,20
48,8503,0.004961185517073954,1.4323539396074859e-05,0.1553049349369247,0.8397195560066051,25,20,20
48,8504,0.004961185517073954,1.4323539396077452e-05,0.15530502094840515,0.8397194699951247,25,20,20
48,8505,0.004961185517073953,1.4323539396076134e-05,0.15530490846220762,0.8397195824813223,25,20,20
48,8506,0.004961185517072371,1.4323539396151402e-05,0.15493751246016843,0.8400869784833628,25,20,20
48,8507,0.00496118551711766,1.4323539400487954e-05,0.15520385035576964,0.8398206405877119,25,20,20
48,8508,0.004961185517163133,1.4323539644995372e-05,0.15520578286384243,0.8398187080793491,25,20,20
48,8509,0.004961185527469853,1.4323539649329277e-05,0.15549638310214894,0.8395281078307315,25,20,20
48,8510,0.004961185527469853,1.4323539649254008e-05,0.15549646851360044,0.8395280224192799,25,20,20
48,8511,0.004817965131085593,1.4358455643765167e-05,0.15619638429237978,0.8389712921208903,25,20,20
48,8512,0.004815604246240766,4.3063179248901215e-08,0.15621294351899515,0.8389714091715852,25,20,20
48,8513,0.004815604246239968,4.306317917493007e-08,0.15621294007869044,0.8389714126118908,25,20,20
48,8514,0.004815604246239968,4.306318343619144e-08,0.15647919025742238,0.8387051624331546,25,20,20
48,8515,0.004815604246239967,4.3063183434871336e-08,0.15647907777122483,0.8387052749193522,25,20,20
48,8516,0.004815604246239967,4.306318343484897e-08,0.15647896332626957,0.8387053893643075,25,20,20
48,8517,0.0048156042461944375,4.30631749278559e-08,0.15647433989744478,0.8387100127931864,25,20,20
48,8518,0.004815604246149652,4.30629304961097e-08,0.1564671608220843,0.8387171918688359,25,20,20
48,8519,0.004815604246149652,4.30629304961097e-08,0.15646713577814653,0.8387172169127735,25,20,20
48,8520,0.00481560424856339,4.306317502975596e-08,0.15634238872044065,0.8388419639678211,25,20,20
48,8521,0.00481560423825992,4.306317076854544e-08,0.15605329703690987,0.8391310556616597,25,20,20
48,8522,0.004815604238259921,4.306317069459742e-08,0.15605329572682958,0.8391310569717398,25,20,20
48,8523,0.0048156042382175865,4.306293040174853e-08,0.1560514150407624,0.8391329376580898,25,20,20
48,8524,0.004815604238214392,4.3062926110600245e-08,0.15604674384155653,0.8391376088573032,25,20,20
48,8525,0.004815604238211141,4.306292603660838e-08,0.15604512283520058,0.8391392298636623,25,20,20
48,8526,0.00481560423821114,4.3062926035265915e-08,0.1560451233862487,0.8391392293126142,25,20,20
48,8527,0.004815604383510048,4.306268573176202e-08,0.156054343650908,0.8391300089028966,25,20,20
48,8528,0.004815604383692168,4.306268580572406e-08,0.15605907904188268,0.8391252735117396,25,20,20
48,8529,0.0048156043838738895,4.306268587952156e-08,0.15615130012084044,0.8390330524326001,25,20,20
48,8530,0.004815604381278507,4.306243697877473e-08,0.15614881786473528,0.8390355346915496,25,20,20
48,8531,0.004815604381324038,4.3062681649032346e-08,0.1561536547892933,0.8390306977667013,25,20,20
48,8532,0.004815604381324025,4.306268594014003e-08,0.15615824081721297,0.8390261117387772,25,20,20
48,8533,0.004815604381327218,4.306268179824916e-08,0.15615365563228895,0.8390306969237022,25,20,20
48,8534,0.004815604381326476,4.306268601410058e-08,0.15615175417965846,0.839032598376329,25,20,20
48,8535,0.004815604381325677,4.3062685864860326e-08,0.15615171263318728,0.8390326399228013,25,20,20
48,8536,0.0048156043813256215,4.306268579086591e-08,0.1561517454318761,0.8390326071241125,25,20,20
48,8537,0.0048156043811435,4.3062685715582965e-08,0.15614700802441475,0.8390373445317558,25,20,20
48,8538,0.004815604381143498,4.30626857168807e-08,0.15614704002716664,0.839037312529004,25,20,20
48,8539,0.004815604381144296,4.306268993125367e-08,0.15614704179553,0.8390373107606357,25,20,20
48,8540,0.004815604381144283,4.306268559472338e-08,0.15588071052526126,0.8393036420309088,25,20,20
48,8541,0.004815604381141887,4.3076626193903843e-08,0.1558887675988779,0.839295584943354,25,20,20
48,8542,0.004815604381144283,4.306268981083231e-08,0.15588296004966626,0.8393013925064995,25,20,20
48,8543,0.004815604381144297,4.3062689886101234e-08,0.15588292870377995,0.8393014238523858,25,20,20
48,8544,0.004815604381145096,4.306268996137016e-08,0.15588301046316694,0.8393013420929978,25,20,20
48,8545,0.004815604378550364,4.3048750657347135e-08,0.15587080544249302,0.839313547130206,25,20,20
48,8546,0.0048156043785471695,4.3048746367267486e-08,0.15586855447414494,0.8393157980985616,25,20,20
48,8547,0.004815604388525754,4.381257761889537e-08,0.15742632044127416,0.8377580313576225,25,20,20
48,8548,0.004815604388525755,4.381257769417795e-08,0.15743102227414896,0.8377533295247477,25,20,20
48,8549,0.004815604388525012,4.3812573403250816e-08,0.1574245795248262,0.8377597722740755,25,20,20
48,8550,0.004815604388524956,4.381257340454896e-08,0.1574245302197829,0.8377598215791189,25,20,20
48,8551,0.00481560424063076,4.381256482294196e-08,0.1574105615514127,0.8377737903953917,25,20,20
48,8552,0.0048156042404486395,4.381232022928688e-08,0.15740584048493333,0.8377785114622978,25,20,20
48,8553,0.0048156042404453895,4.381232015397457e-08,0.15740418839475223,0.8377801635524825,25,20,20
48,8554,0.004815604240445403,4.381232444358079e-08,0.15741068040983866,0.8377736715373918,25,20,20
48,8555,0.004815604240445404,4.3812324518894785e-08,0.15741079372538894,0.8377735582218413,25,20,20
48,8556,0.004815604240445418,4.381232459416405e-08,0.15741090817790715,0.8377734437693231,25,20,20
48,8557,0.00481560423787421,4.379851158014183e-08,0.15703900624786835,0.8381453457157462,25,20,20
48,8558,0.00481560423787421,4.379851158014183e-08,0.1570391186750163,0.8381452332885982,25,20,20
48,8559,0.0048156042378742665,4.379851165413579e-08,0.15703908726809773,0.8381452646955165,25,20,20
48,8560,0.004815345205708803,1.3842087267091638e-05,0.1570256860698581,0.8381451266371659,25,20,20
48,8561,0.004815345205527081,1.3842087267019115e-05,0.15693349771877677,0.8382373149884289,25,20,20
48,8562,0.004815345205527067,1.3842087267019115e-05,0.15693349770643886,0.8382373150007669,25,20,20
48,8563,0.004815345208121702,1.3842087267020413e-05,0.15694746431920506,0.838223348385406,25,20,20
48,8564,0.004815345208302633,1.384208750994207e-05,0.15721370052145345,0.8379571121827338,25,20,20
48,8565,0.00481534520830269,1.3842087509943391e-05,0.157213782266972,0.8379570304372153,25,20,20
48,8566,0.0048153767237342085,0.0003479282857925685,0.1568796645508293,0.8379570304396436,25,20,20
48,8567,0.004815376723688919,0.00034792828578830595,0.15661992944665976,0.8382167655438628,25,20,20
48,8568,0.004815376723692071,0.0003479282860327331,0.15662530819185938,0.8382113867984156,25,20,20
48,8569,0.004815376723688863,0.00034792828578815676,0.15661765283846718,0.8382190421520557,25,20,20
48,8570,0.030371394905723773,0.00034789667181417167,0.1310616534118118,0.8382190550106499,25,20,20
48,8571,0.03037139490572376,0.0003478966718098808,0.13105504947711874,0.8382256589453473,25,20,20
48,8572,0.03037139490572376,0.00034789667181409664,0.13105966894277096,0.8382210394796908,25,20,20
48,8573,0.03037139490572381,0.0003478966718140967,0.13105977599704932,0.8382209324254124,25,20,20
48,8574,0.030371395404831823,0.00034789667222672827,0.1373238443630123,0.8319568635599289,25,20,20
48,8575,0.030371395404847585,0.00034789674101132006,0.17386194638457933,0.7954187614695623,25,20,20
48,8576,0.030371320404643506,1.8092725635380815e-08,0.17420990002651432,0.7954187614761175,25,20,20
48,8577,0.03037132040464358,1.809272556402874e-08,0.17420985118992088,0.795418810312711,25,20,20
48,8578,0.03999747611384549,1.4159762113237513e-08,0.16458371816495013,0.7954187915614432,25,20,20
48,8579,0.03999747610346442,1.4159513317930516e-08,0.16457642184819096,0.7954260878888322,25,20,20
48,8580,0.039997476103464435,1.4159517607763466e-08,0.1645810115264977,0.7954214982105211,25,20,20
48,8581,0.03999747610346518,1.4159513319250471e-08,0.16457653798581795,0.7954259717512041,25,20,20
48,8582,0.039997476103465185,1.4159513245266259e-08,0.16494961732586397,0.7950528924111581,25,20,20
48,8583,0.03999747560435714,1.4159100688912407e-08,0.1586920441506529,0.8013104660858887,25,20,20
48,8584,0.03999747560435714,1.4159100762861227e-08,0.15869201276944891,0.8013104974670928,25,20,20
48,8585,0.03999747560435707,1.4159100835502246e-08,0.1586966475770882,0.8013058626594534,25,20,20
48,8586,0.039997475604357055,1.4159096544349196e-08,0.15869202451482026,0.8013104857217257,25,20,20
48,8587,0.039997475594379134,1.339526890076842e-08,0.1633837610546792,0.7966187499556733,25,20,20
48,8588,0.0400557573522458,1.2563289141444036e-08,0.16332548016422027,0.7966187499202454,25,20,20
48,8589,0.04005575735242794,1.2563289290707014e-08,0.16332556491627298,0.7966186651680104,25,20,20
48,8590,0.0400557573522458,1.2563289141467212e-08,0.16332542614929602,0.7966188039351697,25,20,20
48,8591,0.0400557573522458,1.2563289064887034e-08,0.16332072431622383,0.7966235057682419,25,20,20
48,8592,0.04005575735233559,1.2563285457690448e-08,0.1573367018766514,0.8026075282077282,25,20,20
48,8593,0.04005575735233565,1.2563289673561633e-08,0.15733670257207458,0.8026075275123007,25,20,20
48,8594,0.04005575735233566,1.2563289822824118e-08,0.15733675927547594,0.8026074708088992,25,20,20
48,8595,0.04005596682631917,1.135163567703339e-08,0.15733655102232758,0.802607470799718,25,20,20
48,8596,0.04005596682627364,1.1351391009415986e-08,0.15733179657075003,0.8026122252515855,25,20,20
48,8597,0.04005596682627364,1.1351390935434714e-08,0.1573251937793183,0.8026188280430173,25,20,20
48,8598,0.04005596682627364,1.1351390935411538e-08,0.15732519269453504,0.8026188291278004,25,20,20
48,8599,0.04005596682367906,1.1351390935411636e-08,0.15731118952858208,0.802632832296348,25,20,20
48,8600,0.040057178233746875,3.427861025864978e-08,0.15740294534011995,0.8025398421475232,25,20,20
48,8601,0.04005696412717038,2.9143495245086803e-08,0.1574031645819308,0.8025398421474038,25,20,20
48,8602,0.040056964126992625,2.914325232472742e-08,0.1571368963216915,0.8028061104080639,25,20,20
48,8603,0.040056964126992625,2.914325232474963e-08,0.15714159617020207,0.802801410559554,25,20,20
48,8604,0.040056964126992625,2.914325239870905e-08,0.15714801743081722,0.8027949892989388,25,20,20
48,8605,0.040056964126992625,2.9143252472667747e-08,0.15715454110955984,0.8027884656201959,25,20,20
48,8606,0.040056964126992646,2.9143256762296728e-08,0.1571610658576992,0.8027819408720522,25,20,20
48,8607,0.040056964126992334,2.914343373870991e-08,0.16821890621358182,0.7917241005159923,25,20,20
48,8608,0.040056964126992334,2.9143433738732275e-08,0.16821898529140644,0.7917240214381677,25,20,20
48,8609,0.04005696412699154,2.914343795363915e-08,0.16821395686621163,0.7917290498633591,25,20,20
48,8610,0.04005696412699148,2.9143437953639153e-08,0.16821406791782428,0.7917289388117463,25,20,20
48,8611,0.04005696412699148,2.914343795236458e-08,0.1682140685843191,0.7917289381452514,25,20,20
48,8612,0.04005696412699148,2.914343366217818e-08,0.1682125262275113,0.7917304805020636,25,20,20
48,8613,0.04005696412699148,2.9143437877216035e-08,0.1682061187071554,0.7917368880224153,25,20,20
48,8614,0.04005696412699468,2.9143442167532278e-08,0.1682062015050919,0.7917368052244714,25,20,20
48,8615,0.04195306454954803,3.4026641261236333e-10,0.16631020159418275,0.7917367335160027,25,20,20
48,8616,0.03591836525278429,3.4164276023170343e-10,0.17234490087667023,0.791736733528903,25,20,20
48,8617,0.05929781746588581,3.416438253804407e-10,0.1489654486632685,0.7917367335292019,25,20,20
48,8618,0.05929781746588586,3.416439006594538e-10,0.14896544865416675,0.7917367335383034,25,20,20
48,8619,0.05929781746588904,3.416440499119829e-10,0.14859244666946816,0.7921097355229988,25,20,20
48,8620,0.059297817465885895,3.416439741418579e-10,0.14885866254589067,0.7918435196465795,25,20,20
48,8621,0.05929781746588584,3.416438249262996e-10,0.14885217218606095,0.7918500100064094,25,20,20
48,8622,0.059297817465888976,3.4164375280050897e-10,0.14858595444168968,0.7921162277507776,25,20,20
48,8623,0.059297817465888955,3.4164360224028006e-10,0.14858587176269794,0.7921163104297695,25,20,20
48,8624,0.059297817465888955,3.416436022171132e-10,0.14858587126355008,0.7921163109289173,25,20,20
48,8625,0.05929781746588897,3.4164781787491967e-10,0.14859239470334729,0.7921097874891159,25,20,20
48,8626,0.05929781754385077,4.252509016610063e-09,0.14854038717400822,0.7921617910296326,25,20,20
48,8627,0.05929781754385077,4.252509016610064e-09,0.14854038717400825,0.7921617910296326,25,20,20
48,8628,0.05929781754389626,4.252509092362335e-09,0.14853588393314876,0.7921662942704464,25,20,20
48,8629,0.05929781754389619,4.2525090925660434e-09,0.14853398157640701,0.7921681966271881,25,20,20
48,8630,0.05929781755427661,4.2527579668183875e-09,0.14854064590188537,0.7921615322910803,25,20,20
48,8631,0.059297817554325324,4.266698694230901e-09,0.14854889120245218,0.7921532869765241,25,20,20
48,8632,0.05929781755432661,4.266458402925123e-09,0.14854397808656564,0.7921582000926496,25,20,20
48,8633,0.05929781755432662,4.266454187899773e-09,0.1485438646010855,0.7921583135781338,25,20,20
48,8634,0.05929781755450875,4.26669870888146e-09,0.14854858425254683,0.792153593926246,25,20,20
48,8635,0.05929781755469311,4.2666987085314666e-09,0.14875559399611754,0.7919465841824908,25,20,20
48,8636,0.05929781755450873,4.26670292390681e-09,0.14854869773802692,0.7921534804407615,25,20,20
48,8637,0.06533385743186253,4.265326077320839e-09,0.1425126578749549,0.7921534804278568,25,20,20
48,8638,0.06533385743185964,4.2651533167694166e-09,0.13145943716654432,0.8032067011364429,25,20,20
48,8639,0.06533385743204177,4.265397911744588e-09,0.13146427071922112,0.8032018675833393,25,20,20
48,8640,0.06533385743204177,4.265397985693409e-09,0.13146423933801712,0.8032018989645432,25,20,20
48,8641,0.0653338574319513,4.2653979095743814e-09,0.13119875726932292,0.8034673810333279,25,20,20
48,8642,0.0653338574319513,4.265397909552169e-09,0.13119413652304926,0.8034720017796017,25,20,20
48,8643,0.06533385743195132,4.2653979562493544e-09,0.1314557656538561,0.8032103726487947,25,20,20
48,8644,0.06533385743195211,4.265397956733387e-09,0.13145125945040376,0.8032148788522463,25,20,20
48,8645,0.06533385743195208,4.265393620203912e-09,0.13118492726745223,0.8034812110352021,25,20,20
48,8646,0.06533385743195208,4.265389329299553e-09,0.13117832134956978,0.803487816953089,25,20,20
48,8647,0.06533385743213421,4.2653936209142495e-09,0.13117843848720104,0.8034876998152715,25,20,20
48,8648,0.0653325578988765,4.2653936214917606e-09,0.13117973801286043,0.8034876998228697,25,20,20
48,8649,0.0653325578988765,4.2653935488402425e-09,0.1311862596939308,0.8034811781417994,25,20,20
48,8650,0.06533255789903744,4.265389324891547e-09,0.1358452416359087,0.7988221961996648,25,20,20
48,8651,0.0653325578990343,4.279324335973882e-09,0.13585736590493985,0.7988100719167016,25,20,20
48,8652,0.05938383280483573,4.433975558885766e-09,0.14180604954876994,0.798810113212419,25,20,20
48,8653,0.05938383274233763,5.320587501162285e-10,0.1453186339115132,0.7952975328140903,25,20,20
48,8654,0.07569223696479004,5.384981419005819e-10,0.12901022796331532,0.7952975345333965,25,20,20
48,8655,0.0756922369649721,5.384982171788401e-10,0.12901027511977722,0.7952974873767524,25,20,20
48,8656,0.07569223696497136,5.384982164906258e-10,0.12901668366367092,0.7952910788328594,25,20,20
48,8657,0.07569223696483453,5.52108380928243e-10,0.12927892843637473,0.7950288340466823,25,20,20
48,8658,0.07600397971581546,5.456677830502881e-10,0.12896718741145236,0.7950288323270643,25,20,20
48,8659,0.036084671358761325,1.5140968307027506e-06,0.16888472909630192,0.7950290854481067,25,20,20
48,8660,0.03608467135876138,1.5140968307754245e-06,0.16887820744025053,0.7950356071041577,25,20,20
48,8661,0.03608467135876058,1.514096830700133e-06,0.16887812565652158,0.7950356888878878,25,20,20
48,8662,0.03608467135871531,1.514083220553698e-06,0.16861272867265276,0.7953010858854119,25,20,20
48,8663,0.0360846713585332,1.5140829760340144e-06,0.16860797623600837,0.7953058383224829,25,20,20
48,8664,0.03608467135853639,1.514082976107986e-06,0.16860800479788962,0.7953058097605984,25,20,20
48,8665,0.03608467135849085,1.5140829717424e-06,0.16861441028393706,0.7952994042746008,25,20,20
48,8666,0.03600557006279959,1.5982459175877312e-06,0.16825948570650176,0.7957333459847814,25,20,20
48,8667,0.03600557006279954,1.5982459132954843e-06,0.1682529956599033,0.7957398360313843,25,20,20
48,8668,0.03600557006279635,1.5982319768610096e-06,0.16824493278591762,0.7957478989193092,25,20,20
48,8669,0.036005570062635425,1.598231976868635e-06,0.16358583665375964,0.8004069950516282,25,20,20
48,8670,0.036005570062635425,1.5982319769426295e-06,0.16358583864102022,0.8004069930643675,25,20,20
48,8671,0.036005570062635425,1.5982319769426528e-06,0.16358576273956418,0.8004070689658235,25,20,20
48,8672,0.041690204951266345,1.5980789099123297e-06,0.1579011692850567,0.8004070276847668,25,20,20
48,8673,0.04169020495126637,1.598078909912331e-06,0.15789696561365507,0.8004112313561683,25,20,20
48,8674,0.04169020495126637,1.5980789099123075e-06,0.15789700753521096,0.8004111894346124,25,20,20
48,8675,0.03979289310420372,1.5978374628155357e-06,0.15979438399491422,0.8004111250634192,25,20,20
48,8676,0.0397928931067991,1.5978374629647906e-06,0.15979678468557187,0.8004087243701661,25,20,20
48,8677,0.039792893106617815,1.597837458748468e-06,0.15979673015491297,0.8004087789010105,25,20,20
48,8678,0.039792893106617815,1.5978374586744965e-06,0.15979676152718114,0.8004087475287424,25,20,20
48,8679,0.03979289310661463,1.5978374585252565e-06,0.15979893002726975,0.8004065790286571,25,20,20
48,8680,0.039792893106633864,1.5978391457159438e-06,0.1949587624526613,0.7652467466015588,25,20,20
48,8681,0.039792896266071506,1.6012320640552228e-06,0.19680154467246655,0.7634039578293976,25,20,20
48,8682,0.0397928962660715,1.6012320640539484e-06,0.19679934700049692,0.7634061555013671,25,20,20
48,8683,0.0397928962660715,1.6012320640539484e-06,0.19679923457334902,0.7634062679285152,25,20,20
48,8684,0.04005691316705629,1.6012304798693679e-06,0.19653521769620486,0.7634062679062587,25,20,20
48,8685,0.04005691316705629,1.6012304798680473e-06,0.1965417095696891,0.7633997760327743,25,20,20
48,8686,0.04005691316964343,1.6012304841457816e-06,0.19667116717108007,0.7632703184287921,25,20,20
48,8687,0.04005691316964355,1.6012304841465696e-06,0.19693743227001984,0.7630040533298521,25,20,20
48,8688,0.04005691316964355,1.6012304841478672e-06,0.19693754612286482,0.763003939477007,25,20,20
48,8689,0.04005691001058063,0.017978199562565356,0.18195821279163357,0.7600066776352199,25,20,20
48,8690,0.04005691002096026,0.017978199562565352,0.1819648244051923,0.7600000660112814,25,20,20
48,8691,0.04005691001058175,0.01797819956255677,0.18196315593892012,0.7600017344879408,25,20,20
48,8692,0.040056910010581814,0.017978199562561036,0.1822294067347504,0.7597354836921062,25,20,20
48,8693,0.04005691001058262,0.017978199562565328,0.18222958972649317,0.7597353007003584,25,20,20
48,8694,0.04005691001057943,0.017978199562569616,0.18223603240151331,0.7597288580253371,25,20,20
48,8695,0.040056910010578636,0.017978199562565397,0.18250218233862495,0.7594627080882306,25,20,20
48,8696,0.0400569100079915,0.017978199562561196,0.18237734551936927,0.7595875449100775,25,20,20
48,8697,0.040056910007991504,0.017978199562561196,0.18237076804402208,0.7595941223854248,25,20,20
48,8698,0.04005691000799073,0.017978199562565484,0.18237532850748675,0.7595895619219566,25,20,20
48,8699,0.040056910007991504,0.017978199562561192,0.1823729370342819,0.7595919533951649,25,20,20
48,8700,0.04005691000803704,0.01797819956280577,0.18237952715307615,0.7595853632760806,25,20,20
48,8701,0.040056910008037024,0.017978199562805844,0.1823837308548007,0.7595811595743561,25,20,20
48,8702,0.04365028073759316,0.017978199562651242,0.1787903603405999,0.7595811593591553,25,20,20
48,8703,0.04359502862056618,0.017978248579613117,0.17884533363358646,0.759581389166234,25,20,20
48,8704,0.043775926797450265,0.017985232868963186,0.17907119073828565,0.7591676495953013,25,20,20
48,8705,0.07817974626654804,0.017985233559357747,0.1446671883729972,0.7591678318010975,25,20,20
48,8706,0.0781797462665481,0.01798523355935775,0.1446671884081345,0.7591678317659601,25,20,20
48,8707,0.07817974626654811,0.01798523355935775,0.14466730153851048,0.759167718635584,25,20,20
48,8708,0.07817974626654811,0.017985233559117533,0.14466079576953805,0.7591742244047964,25,20,20
48,8709,0.07817974626650258,0.01798523355911317,0.14466059845521181,0.7591744217191726,25,20,20
48,8710,0.07817974626650338,0.017985233559113092,0.14466072826532544,0.7591742919090582,25,20,20
48,8711,0.07817974626650406,0.017985233559117308,0.14439675263647955,0.7594382675378992,25,20,20
48,8712,0.07817974626650645,0.0179852335593619,0.14439485351907355,0.7594401666550583,25,20,20
48,8713,0.07817974626650719,0.017985233559361977,0.14439492688194386,0.7594400932921872,25,20,20
48,8714,0.07817974626651038,0.017985233559362053,0.14439508939531007,0.7594399307788177,25,20,20
48,8715,0.07817974626651043,0.017985233559362126,0.14439976172110847,0.7594352584530191,25,20,20
48,8716,0.07817974626664222,0.01798523356945078,0.1551918806245543,0.7486431395393527,25,20,20
48,8717,0.07817974626664223,0.017985233569455077,0.15519350351757824,0.7486415166463246,25,20,20
48,8718,0.07817974626624541,0.0382897517537669,0.13488898533616067,0.7486415166438272,25,20,20
48,8719,0.07817974626624859,0.03828975175401142,0.13488911900798883,0.7486413829717512,25,20,20
48,8720,0.07817974626620305,0.03828975175400713,0.1348912161187886,0.7486392858610011,25,20,20
48,8721,0.07817974626494388,0.038303898793273124,0.134810822885566,0.7487055320562165,25,20,20
48,8722,0.07817974626494462,0.03830389877955374,0.13945737803896896,0.7440589769165322,25,20,20
48,8723,0.07817974626494381,0.038303898779333816,0.1347986157919065,0.7487177391638155,25,20,20
48,8724,0.07817974626494296,0.03830389877933374,0.13479630452880856,0.7487200504269143,25,20,20
48,8725,0.07817974625456334,0.038303898779333816,0.13478969827264248,0.74872665669346,25,20,20
48,8726,0.07799765845203181,0.03829556562431761,0.1350005744904774,0.7487062014331737,25,20,20
48,8727,0.0779976584520286,0.03829556562407301,0.13499573957964683,0.748711036344252,25,20,20
48,8728,0.0779976584520286,0.03829556562406873,0.1349942319401853,0.7487125439837178,25,20,20
48,8729,0.0779976584520286,0.03829556562382418,0.13499725045843586,0.7487095254657116,25,20,20
48,8730,0.07799517770454718,0.03829976474542033,0.1349957617829296,0.7487092957671032,25,20,20
48,8731,0.07799517770455033,0.03829976474542461,0.13508797317006546,0.7486170843799599,25,20,20
48,8732,0.07799517770454958,0.038299764745424535,0.135087879446755,0.7486171781032711,25,20,20
48,8733,0.07799517770436747,0.03829976474542018,0.13508324419687257,0.7486218133533398,25,20,20
48,8734,0.07799517770436741,0.038299764745420094,0.1350832172552269,0.7486218402949857,25,20,20
48,8735,0.07799517770454635,0.03829976474517565,0.1350785424885336,0.7486265150617443,25,20,20
48,8736,0.0779951777045464,0.038299764745179946,0.1350786094779489,0.7486264480723248,25,20,20
48,8737,0.07799517770454636,0.03999608524573612,0.13338228897739268,0.7486264480723248,25,20,20
48,8738,0.0779951777045919,0.039996085245740484,0.1333823738198759,0.7486263632297918,25,20,20
48,8739,0.07799517770459191,0.039996085245985066,0.13338896442689321,0.7486197726225299,25,20,20
48,8740,0.07799517770458872,0.03999608524598499,0.1333888824072272,0.7486198546421992,25,20,20
48,8741,0.07799517770458872,0.03999608524598073,0.13312417058980583,0.7488845664596246,25,20,20
48,8742,0.07799517770458868,0.039996085245980806,0.1331226322213973,0.7488861048280332,25,20,20
48,8743,0.07799517770458865,0.039996085245980806,0.13312263083720188,0.7488861062122286,25,20,20
48,8744,0.07799521748731335,0.04069043749851255,0.13242822061159162,0.7488861244025822,25,20,20
48,8745,0.07799521749769381,0.04069043749852114,0.132434859195863,0.7488794858079217,25,20,20
48,8746,0.077995217497693,0.04069043749852106,0.1324347844063914,0.7488795605973942,25,20,20
48,8747,0.07799521749769296,0.04069043749851677,0.13243483246688514,0.7488795125369049,25,20,20
48,8748,0.07799521749769375,0.04069043749851677,0.1324284232530584,0.7488859217507309,25,20,20
48,8749,0.07799521749769375,0.040690437498516856,0.1324284626370364,0.7488858823667529,25,20,20
48,8750,0.07799521749769373,0.04069043749827235,0.13242645942821382,0.7488878855758199,25,20,20
48,8751,0.07799521749769692,0.04069043749827235,0.13242650810878034,0.7488878368952502,25,20,20
48,8752,0.07799521749769689,0.040690437498272426,0.13242866977440754,0.7488856752296228,25,20,20
48,8753,0.07799521749769689,0.04069043749827235,0.13242859069112575,0.7488857543129047,25,20,20
48,8754,0.07799518094129483,0.03999583647334636,0.13305610001587498,0.7489528825694837,25,20,20
48,8755,0.07799518094129489,0.040007126365675036,0.1330448101234504,0.7489528825695794,25,20,20
48,8756,0.07799518094129408,0.040007126365670755,0.13304465280492758,0.7489530398881074,25,20,20
48,8757,0.07799518094129727,0.040007126365670755,0.13304460217881509,0.7489530905142168,25,20,20
48,8758,0.03801641975246588,0.04000712637479564,0.17302336087935935,0.748953092993379,25,20,20
48,8759,0.03801641975246589,0.04000712637479556,0.17302343738145043,0.7489530164912879,25,20,20
48,8760,0.03801641975246269,0.04000712637479556,0.17302327414846436,0.7489531797242772,25,20,20
48,8761,0.03802788510569305,0.04050239196895333,0.17251653000048517,0.7489531929248686,25,20,20
48,8762,0.03801546132300613,0.0400524962211787,0.17297471390301056,0.7489573285528048,25,20,20
48,8763,0.038015461323011195,0.01424008334487649,0.19878712677940455,0.7489573285527079,25,20,20
48,8764,0.038015461320415875,0.01424008334487649,0.19878480787946096,0.7489596474552471,25,20,20
48,8765,0.03801546132037041,0.014240083344876414,0.1987868881701763,0.7489575671645771,25,20,20
48,8766,0.038015461320188265,0.014240083344876264,0.19878676600413453,0.7489576893308012,25,20,20
48,8767,0.06115239312936024,0.014240106885444605,0.17564655860660672,0.7489609413785888,25,20,20
48,8768,0.06115239312936024,0.014240106885444605,0.17564655721514277,0.7489609427700524,25,20,20
48,8769,0.0779887489133938,0.014240083336080643,0.1588134795068827,0.7489576882436434,25,20,20
48,8770,0.07675192551227412,0.01424120787649096,0.16004917833815951,0.7489576882730761,25,20,20
48,8771,0.07675192551227412,0.014241207876735471,0.1600511100024483,0.7489557566085425,25,20,20
48,8772,0.07675192551486616,0.01424120787698,0.15996365338261662,0.7490432132255377,25,20,20
48,8773,0.07675192551486541,0.0142412078772203,0.15996602297199014,0.7490408436359243,25,20,20
48,8774,0.07675192551486541,0.014241207876975793,0.15995953256107648,0.7490473340470826,25,20,20
48,8775,0.07675192551486858,0.014241208663128717,0.16039385861411945,0.7486130072078835,25,20,20
48,8776,0.0767519255148687,0.014241208663128639,0.16048154794678834,0.7485253178752146,25,20,20
48,8777,0.07675192551486863,0.014241208663128493,0.16048157864227192,0.7485252871797313,25,20,20
48,8778,0.08246868097345966,0.014227221944709705,0.15480412220383694,0.7484999748779936,25,20,20
48,8779,0.08246868097332788,0.014227221934621044,0.14374578623356304,0.759558310858488,25,20,20
48,8780,0.11569113729892337,0.014177849085797924,0.11057685133589863,0.7595541622793802,25,20,20
48,8781,0.11569113729892337,0.014177849085797849,0.11057226397258813,0.7595587496426908,25,20,20
48,8782,0.1099743818273812,0.014177688764951115,0.11633011328723196,0.7595178161204358,25,20,20
48,8783,0.10997438182742666,0.014177688764955407,0.116328109243049,0.759519820164569,25,20,20
48,8784,0.10997438182742668,0.014177688764955409,0.11633460181036118,0.7595133275972565,25,20,20
48,8785,0.10997438182742666,0.014177688764955407,0.11632802324592316,0.7595199061616946,25,20,20
48,8786,0.10997438183018754,0.01417768876519842,0.11661568067654202,0.7592322487280718,25,20,20
48,8787,0.10997438183018754,0.014177688765198341,0.1166135169841149,0.7592344124204989,25,20,20
48,8788,0.11004305946431932,0.01417930688310817,0.11654428754882547,0.7592333461037467,25,20,20
48,8789,0.11004305946431932,0.01417930688310817,0.11654428753874775,0.7592333461138244,25,20,20
48,8790,0.11004305946431932,0.014179306883108169,0.11654646097805008,0.7592311726745221,25,20,20
48,8791,0.11004305946431932,0.014179306883108242,0.11654649576490472,0.7592311378876674,25,20,20
48,8792,0.11004305946431943,0.01417930688310817,0.116546489562591,0.7592311440899812,25,20,20
48,8793,0.11004305946432025,0.014179306882863802,0.11654190259616458,0.7592357310566511,25,20,20
48,8794,0.1100430594645003,0.014179306882863651,0.11680894871194968,0.7589686849406861,25,20,20
48,8795,0.11004305946173944,0.01417930688262056,0.11652117541930432,0.7592564582363355,25,20,20
48,8796,0.08792576964782729,0.014178182341928653,0.13863958977859897,0.759256458231645,25,20,20
48,8797,0.10957385763133319,0.014176564146408692,0.11699325768401485,0.759256320538243,25,20,20
48,8798,0.09401334113440056,0.014177212920511354,0.1325501047670224,0.7592593411780654,25,20,20
48,8799,0.09401334113180533,0.014177212920262472,0.13255187170692273,0.7592575742410093,25,20,20
48,8800,0.09401334112147042,0.014177212920258258,0.13254542981803627,0.7592640161402348,25,20,20
48,8801,0.09401334112147039,0.014177212920262545,0.1325455174028249,0.7592639285554419,25,20,20
48,8802,0.09401334043972968,0.014177212845280316,0.13261081435288108,0.7591986323621102,25,20,20
48,8803,0.09401334043973042,0.01417721284552071,0.13261290398296116,0.759196542731789,25,20,20
48,8804,0.0940133404397304,0.014177212845520782,0.1326129830309484,0.7591964636838019,25,20,20
48,8805,0.09401334043973045,0.014177212845520933,0.13261955937782613,0.7591898873369237,25,20,20
48,8806,0.07229981258706317,0.014177503073947795,0.1543327966013971,0.7591898877375931,25,20,20
48,8807,0.07229981258706313,0.014177503073947795,0.1542404075242329,0.7592822768147571,25,20,20
48,8808,0.07229981258706317,0.014177503073947793,0.15424045006484363,0.7592822342741461,25,20,20
48,8809,0.07229981258706322,0.014177503073952085,0.1542447764350877,0.7592779079038976,25,20,20
48,8810,0.07229981258706322,0.014177503073952085,0.15424500700624758,0.7592776773327379,25,20,20
48,8811,0.07229981258710866,0.01417750307395644,0.15433727670143016,0.7591854076375053,25,20,20
48,8812,0.07229981258706313,0.014177503073947858,0.15433708220827766,0.7591856021307116,25,20,20
48,8813,0.07229981258706307,0.014177503073947707,0.15433050644050456,0.759192177898485,25,20,20
48,8814,0.08830949736753652,0.014176853952936018,0.13832458246456153,0.7591890662149665,25,20,20
48,8815,0.08830949736735558,0.01417685395293602,0.1380574216707044,0.7594562270090046,25,20,20
48,8816,0.08830949736735243,0.014176853166783094,0.13762958470615197,0.7598840647597133,25,20,20
48,8817,0.08830949736735638,0.014176853167026162,0.13788933243549434,0.7596243170301239,25,20,20
48,8818,0.08830949736735642,0.01417685316702616,0.1378828093771986,0.7596308400884194,25,20,20
48,8819,0.08830949736735634,0.01417685316702616,0.13788272687524877,0.7596309225903695,25,20,20
48,8820,0.08830949736735562,0.014176853166781548,0.1378805230791833,0.7596331263866802,25,20,20
48,8821,0.08830949736735642,0.014176853167028807,0.13814677632392933,0.759366873141686,25,20,20
48,8822,0.08830659215223591,0.014196999576103047,0.13812953503662684,0.7593668732350345,25,20,20
48,8823,0.08830659215223592,0.014196999576107339,0.13812973169573645,0.7593666765759205,25,20,20
48,8824,0.08830659215223591,0.014196999576103049,0.1381295615113651,0.7593668467602961,25,20,20
48,8825,0.08830659215223913,0.014196999576102976,0.1381295366144828,0.7593668716571753,25,20,20
48,8826,0.08830659215228431,0.014196999576341771,0.13837463829521493,0.7591217699761592,25,20,20
48,8827,0.08830659215232979,0.014196999576350275,0.13837920166247486,0.7591172066088454,25,20,20
48,8828,0.08830659215233051,0.014196999576354629,0.1384714458728383,0.7590249623984768,25,20,20
48,8829,0.0883065922998546,0.014196999590502463,0.13858543986326088,0.7589109682463823,25,20,20
48,8830,0.08830659229985459,0.014196999590502388,0.1385918493472987,0.7589045587623445,25,20,20
48,8831,0.08830659215233055,0.014196999576354556,0.1384778881900905,0.7590185200812246,25,20,20
48,8832,0.08830659215228512,0.0141969995763502,0.13838558259696346,0.7591108256744015,25,20,20
48,8833,0.08830659215228191,0.0141969995763502,0.13838338071615452,0.7591130275552134,25,20,20
48,8834,0.11163839076442095,0.014196999576639382,0.11505158209809642,0.7591130275608432,25,20,20
48,8835,0.11163839076442177,0.014196999576639384,0.11505169825995766,0.7591129113989813,25,20,20
48,8836,0.11163839076442407,0.014196999576642489,0.12610959205058742,0.7480550176083461,25,20,20
48,8837,0.11163842412967653,0.014197000362551617,0.12629233252408778,0.7478722429836842,25,20,20
48,8838,0.11163842412967571,0.014197000362551615,0.12629221837406165,0.747872357133711,25,20,20
48,8839,0.11163842412967571,0.014197000362551617,0.12629206887825029,0.7478725066295224,25,20,20
48,8840,0.11163842158485987,0.014197000361485475,0.12622520509490134,0.7479393729587532,25,20,20
48,8841,0.1116384215848144,0.014197000361481183,0.12621867882537485,0.7479458992283297,25,20,20
48,8842,0.11163842158485945,0.014197000361481258,0.12661660574413847,0.747547972309521,25,20,20
48,8843,0.10235379010715288,0.014196755410353043,0.13589982726991828,0.7475496272125759,25,20,20
48,8844,0.10235379010715288,0.014196755410353043,0.13590640722160616,0.7475430472608879,25,20,20
48,8845,0.102353790107198,0.014196755410595382,0.13627952781571367,0.7471699266664931,25,20,20
48,8846,0.1023537901174628,0.01419675541059531,0.13617223275319476,0.7472772217187472,25,20,20
48,8847,0.102353790117466,0.014196755410595388,0.13617382736076097,0.7472756271111777,25,20,20
48,8848,0.10235379011746916,0.014196755410839446,0.13625951700999087,0.7471899374617006,25,20,20
48,8849,0.11841316446451296,0.014196755196169943,0.1202017981404344,0.7471882821988828,25,20,20
48,8850,0.11841316446452278,0.039975567955150525,0.09442298538144282,0.7471882821988839,25,20,20
48,8851,0.11841316446452596,0.039975567955154896,0.09442959122868777,0.7471816763516315,25,20,20
48,8852,0.11841316446457145,0.039975567955159184,0.09442967462906086,0.7471815929512085,25,20,20
48,8853,0.11841316446456833,0.03997556795491942,0.09433757521217989,0.7472736923683324,25,20,20
48,8854,0.11841316446456839,0.03997556795491942,0.09434216423763969,0.7472691033428726,25,20,20
48,8855,0.10198965518829663,0.039975567954583256,0.11076567352727039,0.74726910332985,25,20,20
48,8856,0.10198965848722112,0.03997556795597116,0.11076574018759956,0.7472690333692082,25,20,20
48,8857,0.10198965848722118,0.03997556795597116,0.11076736328367287,0.7472674102731349,25,20,20
48,8858,0.101989658487218,0.039975567955966955,0.11067520591989442,0.7473595676369207,25,20,20
48,8859,0.10198965848725909,0.039975567955723885,0.11083303276526868,0.7472017407917484,25,20,20
48,8860,0.10445717110534833,0.03997556820033664,0.1081603964015429,0.747406864292772,25,20,20
48,8861,0.10445717110534833,0.03997556820033243,0.10816028223599078,0.7474069784583286,25,20,20
48,8862,0.10445717109503848,0.039975568200332504,0.10787426973983694,0.7476929909647921,25,20,20
48,8863,0.10445717109521985,0.03997556820008532,0.10760805717610826,0.7479592035285867,25,20,20
48,8864,0.1044571711056014,0.0399755682000939,0.10761047726810853,0.7479567834261964,25,20,20
48,8865,0.10445717110555629,0.03997556819985163,0.10723747053729477,0.7483297901572975,25,20,20
48,8866,0.10445717109535652,0.039975568199843124,0.1073274049867247,0.7482398557180758,25,20,20
48,8867,0.10445713773236406,0.039975577428745475,0.1380501674168257,0.7175171174220648,25,20,20
48,8868,0.10445713773240911,0.03997557742898774,0.13842320708133868,0.7171440777572644,25,20,20
48,8869,0.10445713773240911,0.03997557742898766,0.13841858772146426,0.7171486971171389,25,20,20
48,8870,0.14344842059200788,0.03997556742025679,0.10827009223697204,0.7083059197507634,25,20,20
48,8871,0.14344842059200788,0.03997556742025679,0.10827009223675567,0.7083059197509798,25,20,20
48,8872,0.1434484205920079,0.03997556742025687,0.10826766853850861,0.7083083434492268,25,20,20
48,8873,0.14344842059182614,0.03997556742025687,0.1081754271938806,0.7084005847940367,25,20,20
48,8874,0.14344842059182608,0.03997556742025687,0.10818207930550301,0.7083939326824142,25,20,20
48,8875,0.1434484205917806,0.0399755674202525,0.10818199648997381,0.7083940154979933,25,20,20
48,8876,0.14344842059177737,0.03997556742024821,0.10817550650475523,0.7084005054832194,25,20,20
48,8877,0.14344842059177737,0.039975567420248215,0.10817608047598139,0.7083999315119931,25,20,20
48,8878,0.14344842059177818,0.039975567420464334,0.11283482684784193,0.7037411851399155,25,20,20
48,8879,0.14344842059177812,0.039975567420464334,0.1128325492908799,0.7037434626968776,25,20,20
48,8880,0.14344842059177815,0.03997556742046426,0.1128325128279233,0.7037434991598341,25,20,20
48,8881,0.1434484205917781,0.03997556742070877,0.11283693808329558,0.7037390739042175,25,20,20
48,8882,0.14344842059178128,0.03997556742095339,0.11283867515464964,0.7037373368326156,25,20,20
48,8883,0.14344841729318814,0.03997556748837081,0.10944555011868484,0.7071304650997559,25,20,20
48,8884,0.14344841729318494,0.039975567488126196,0.10944381445909913,0.7071322007595895,25,20,20
48,8885,0.1434484172931881,0.03997556748812635,0.10943719149655295,0.7071388237221323,25,20,20
48,8886,0.14344841729318816,0.03997556748788184,0.10943062957007398,0.7071453856488558,25,20,20
48,8887,0.12767173751314811,0.03997556748162424,0.12520730836232286,0.7071453866429043,25,20,20
48,8888,0.12767173751314811,0.03997556748162416,0.12520719446441186,0.7071455005408153,25,20,20
48,8889,0.12767282629921903,0.039977030027145304,0.1286664158765002,0.7036837277971348,25,20,20
48,8890,0.12767282629921584,0.03997703002714523,0.12866638728811944,0.7036837563855188,25,20,20
48,8891,0.12767282629921584,0.03997703002714523,0.1286663853150072,0.7036837583586312,25,20,20
48,8892,0.127672826299261,0.03997703004095839,0.12904045216771867,0.7033096914920611,25,20,20
48,8893,0.1276720407730574,0.03997722358467203,0.129040907809712,0.7033098278325578,25,20,20
48,8894,0.1276720407732395,0.03997722358491665,0.12904250390153035,0.7033082317403127,25,20,20
48,8895,0.12766972727638953,0.03997722358651034,0.12904481739678197,0.7033082317403172,25,20,20
48,8896,0.12766972727638948,0.03997722358651034,0.12904481597018072,0.7033082331669186,25,20,20
48,8897,0.12766972727634435,0.03997722357269726,0.1286706907335196,0.703682358417438,25,20,20
48,8898,0.12766972727634207,0.03997722357269415,0.11761950252934113,0.714733546621622,25,20,20
48,8899,0.1276697272761631,0.03997722357245372,0.11788409685110553,0.7144689523002771,25,20,20
48,8900,0.12766972727615994,0.03997722357244946,0.11761784578891944,0.7147352033624707,25,20,20
48,8901,0.12766972727616313,0.03997722357269352,0.11771084772812865,0.7146422014230142,25,20,20
48,8902,0.12766972727616316,0.03997722357269366,0.11771246779840105,0.7146405813527414,25,20,20
48,8903,0.1276697272761636,0.03997722358663446,0.11729653512332988,0.7150565140138714,25,20,20
48,8904,0.1276697272761181,0.03997722357269366,0.11728837090459965,0.715064678246588,25,20,20
48,8905,0.12766972727611817,0.03997722357269366,0.11728832910205211,0.7150647200491355,25,20,20
48,8906,0.12766972727611817,0.03997722357269366,0.11728829499210539,0.7150647541590821,25,20,20
48,8907,0.1416431115198204,0.03997722332807982,0.10352003451139993,0.7148596306406995,25,20,20
48,8908,0.14164311151963827,0.03997722332807974,0.10351991476267619,0.7148597503896055,25,20,20
48,8909,0.14117242655884465,0.03997722332808162,0.10399059972399191,0.7148597503890816,25,20,20
48,8910,0.1411724265588422,0.03997722332784181,0.10427061948458835,0.7145797306287273,25,20,20
48,8911,0.14117242655884546,0.03997722332808633,0.10427537322902955,0.7145749768840384,25,20,20
48,8912,0.14117242656922638,0.039977223328331,0.10428021042335611,0.7145701396790862,25,20,20
48,8913,0.14117242656922632,0.039977223328331,0.10428677453257724,0.7145635755698652,25,20,20
48,8914,0.14117242656922632,0.039977223328331,0.10428017046013746,0.7145701796423048,25,20,20
48,8915,0.14117242656922552,0.0399772233281148,0.09962610650119035,0.7192242436014691,25,20,20
48,8916,0.14117209606863115,0.04045800303228893,0.09914565782009166,0.7192242430789888,25,20,20
48,8917,0.14117209606862793,0.04045800303204434,0.099140824296683,0.7192290766026452,25,20,20
48,8918,0.1410478206534008,0.04045800311947487,0.0992650996169096,0.7192290766102154,25,20,20
48,8919,0.14104782065340157,0.04045800311947487,0.09938801735116282,0.7191061588759615,25,20,20
48,8920,0.14104782065335608,0.04045800311946628,0.09938347465191462,0.7191107015752636,25,20,20
48,8921,0.1407460716339828,0.04045800734192175,0.09968519956853097,0.7191107214555649,25,20,20
48,8922,0.1407460716339828,0.04045800734192604,0.09968990170799279,0.7191060193160987,25,20,20
48,8923,0.1407472750122412,0.021506700848353776,0.11863999533667637,0.719106028802729,25,20,20
48,8924,0.14091580954656174,0.021506984721536004,0.11847119680949117,0.7191060089224115,25,20,20
48,8925,0.14091580954660018,0.02150698472153969,0.12472079233733405,0.7128564133945262,25,20,20
48,8926,0.14091580954660332,0.021506984721784136,0.12472370612247383,0.7128534996091389,25,20,20
48,8927,0.14092493635697237,0.021505328572717,0.12471637150993237,0.712853363560379,25,20,20
48,8928,0.11751744865738953,0.021505772615117394,0.14800277932166833,0.7129739994058258,25,20,20
48,8929,0.11751744865752052,0.02150577261529439,0.15893146001260236,0.7020453187145835,25,20,20
48,8930,0.11751744865752058,0.02150577261529439,0.15893156756699509,0.7020452111601907,25,20,20
48,8931,0.11751744864713964,0.021505772615049722,0.15892681146034962,0.7020499672774616,25,20,20
48,8932,0.11751744864713959,0.021505772615054014,0.15892684492095321,0.7020499338168539,25,20,20
48,8933,0.11751744864713881,0.021505772615049764,0.15855844423840781,0.7024183344994042,25,20,20
48,8934,0.11819006290313308,0.02100456115261594,0.1583870181924202,0.7024183577518315,25,20,20
48,8935,0.11751744669172486,0.02100458536143226,0.15905949476710934,0.702418473179734,25,20,20
48,8936,0.11751744669172486,0.02100458536143226,0.15905479337152076,0.7024231745753227,25,20,20
48,8937,0.11751744669177037,0.02100458536167693,0.1590595478333941,0.7024184201131591,25,20,20
48,8938,0.11751744669172597,0.021004585361642073,0.164759477876537,0.6967184900700947,25,20,20
48,8939,0.11751744669177028,0.021004585361646174,0.1651324524793757,0.6963455154672077,25,20,20
48,8940,0.11751744669177101,0.021004585361646174,0.16513900401377868,0.6963389639328041,25,20,20
48,8941,0.11751744669176782,0.021004585361401578,0.16513447004290144,0.6963434979039291,25,20,20
48,8942,0.14043202334840088,0.021004141319328103,0.1423409732727409,0.6962228620595304,25,20,20
48,8943,0.14043202334840088,0.02100414131932818,0.14234559401813204,0.6962182413141393,25,20,20
48,8944,0.14140103561538292,0.021004141318999282,0.1413765817525363,0.6962182413130819,25,20,20
48,8945,0.14140103561538292,0.021004141318995067,0.1413829892854602,0.6962118337801622,25,20,20
48,8946,0.14140103561556508,0.021004141319003574,0.1413831320701498,0.6962116909952819,25,20,20
48,8947,0.14140103561556508,0.021004141319003574,0.14138313264577404,0.6962116904196576,25,20,20
48,8948,0.14140103561556508,0.021004141319003574,0.1413766437310222,0.6962181793344095,25,20,20
48,8949,0.1414010356155619,0.0210041413190035,0.14137497322404372,0.6962198498413911,25,20,20
48,8950,0.14140206487885387,0.02100418498649427,0.14136744825847425,0.6962263018761776,25,20,20
48,8951,0.1414020648787221,0.021004184986317277,0.13030911769213657,0.7072846324428241,25,20,20
48,8952,0.1414020648787221,0.021004184986317353,0.13031572185764295,0.7072780282773177,25,20,20
48,8953,0.1414020648787221,0.021004184986561963,0.13031808081922203,0.7072756693154939,25,20,20
48,8954,0.14140206487872206,0.021004184986561966,0.1303132845083975,0.7072804656263184,25,20,20
48,8955,0.13551951166465426,0.021003896804552,0.13619612590560204,0.7072804656251916,25,20,20
48,8956,0.13551951166460924,0.021003896804547825,0.1359153089537343,0.7075612825771086,25,20,20
48,8957,0.13460949780114467,0.021004543036854947,0.13682467476231205,0.7075612843996879,25,20,20
48,8958,0.13460829442373876,0.03996845404449655,0.11786197661315208,0.7075612749186122,25,20,20
48,8959,0.13563420298124185,0.039968454412473424,0.11683616094133153,0.7075611816649529,25,20,20
48,8960,0.13563420298124115,0.03996845441226602,0.11076780998764069,0.7136295326188516,25,20,20
48,8961,0.1356342029869358,0.02121220978327955,0.1295240546164371,0.7136295326133483,25,20,20
48,8962,0.1356342029803737,0.03876197967189265,0.11197428473443598,0.7136295326132972,25,20,20
48,8963,0.1356342029803735,0.011240636553425441,0.13949562785287886,0.713629532613323,25,20,20
48,8964,0.13563420298037662,0.011240636553425366,0.1394081234581601,0.7137170370080388,25,20,20
48,8965,0.13563420298037662,0.011240636553180758,0.13940576652933231,0.7137193939371111,25,20,20
48,8966,0.13563420298037734,0.01124063655318504,0.13949796503021822,0.7136271954362202,25,20,20
48,8967,0.13563420298033887,0.011240636553181353,0.13324836855440708,0.7198767919120734,25,20,20
48,8968,0.13563420298033568,0.01124063655318143,0.1332501750341467,0.7198749854323369,25,20,20
48,8969,0.13563420298038442,0.011240636553425998,0.13325907678765872,0.7198660836785317,25,20,20
48,8970,0.13563420298038445,0.011240636553426,0.1332590768125208,0.7198660836536694,25,20,20
48,8971,0.14150851949093268,0.011240636642676877,0.12738475895060358,0.7198660849157875,25,20,20
48,8972,0.14150851949093268,0.011240636642676875,0.1273913254148924,0.7198595184514986,25,20,20
48,8973,0.14153560164354329,0.011278307042870157,0.12715316035955992,0.7200329309540272,25,20,20
48,8974,0.14180118453839047,0.011278306954131566,0.12688757879920426,0.7200329297082741,25,20,20
48,8975,0.1417675949443644,0.011278306960841247,0.1269211649543586,0.7200329331404361,25,20,20
48,8976,0.14176759494436358,0.011278306960841174,0.12691463841998515,0.7200394596748108,25,20,20
48,8977,0.1417675949443644,0.011278306960841174,0.12691156026035622,0.7200425378344388,25,20,20
48,8978,0.1417675949443644,0.011278306960841174,0.12691155937201543,0.7200425387227796,25,20,20
48,8979,0.1417675949443644,0.011278306960841096,0.12690495519331438,0.7200491429014808,25,20,20
48,8980,0.14176759494436755,0.01127830696084117,0.1271713027660275,0.7197827953287644,25,20,20
48,8981,0.1417680738182317,0.011278306961089148,0.12732084088723356,0.7196327783334462,25,20,20
48,8982,0.1417675949443676,0.011278306960841242,0.1271760021561131,0.7197780959386786,25,20,20
48,8983,0.14174071777847236,0.011240563805137287,0.12742048699416192,0.7195982314222289,25,20,20
48,8984,0.14174974370406979,0.011240563798649263,0.12741146280537474,0.7195982296919063,25,20,20
48,8985,0.14174974370406898,0.01124056379864498,0.12732385826105638,0.7196858342362299,25,20,20
48,8986,0.14174974370406893,0.011240563798644907,0.1273192708336134,0.719690421663673,25,20,20
48,8987,0.14174974370388685,0.011240563798640649,0.12769214888249703,0.7193175436149756,25,20,20
48,8988,0.1417497437038868,0.011240563798640572,0.1276921494673404,0.7193175430301324,25,20,20
48,8989,0.1417497437038876,0.011240563798640649,0.12768756388288213,0.7193221286145898,25,20,20
48,8990,0.1594219891534958,0.011239917579012913,0.11001596749811428,0.7193221257693765,25,20,20
48,8991,0.15301506659575703,0.011240171677431497,0.11642255452942585,0.719322207197385,25,20,20
48,8992,0.1530150665980521,0.011240171677647601,0.12109653640446892,0.7146482253198316,25,20,20
48,8993,0.1530150665958026,0.011240171677435865,0.11642264840005806,0.7193221133267029,25,20,20
48,8994,0.15301506659580258,0.011240171677435865,0.11642264638745846,0.7193221153393026,25,20,20
48,8995,0.15301936072235167,0.011240180978919519,0.11641599745931068,0.7193244608394176,25,20,20
48,8996,0.15301936072235167,0.01124018097891952,0.11641600038055638,0.7193244579181719,25,20,20
48,8997,0.15301936072235173,0.011240180978919519,0.11641607887664264,0.7193243794220855,25,20,20
48,8998,0.15301936072241265,0.011239841784260065,0.11641641806970618,0.7193243794236206,25,20,20
48,8999,0.1462855883157984,0.011239841072934149,0.12315019127669835,0.719324379334569,25,20,20
48,9000,0.1462855883157984,0.011239841072934152,0.1231435862382213,0.7193309843730462,25,20,20
48,9001,0.14628558831579894,0.01123984108200784,0.13711376963496857,0.7053608009672243,25,20,20
48,9002,0.14628558831595495,0.03997710482392982,0.10837650589435548,0.7053608009657595,25,20,20
48,9003,0.14628558831595495,0.03997710482392983,0.1083830295821971,0.7053542772779177,25,20,20
48,9004,0.10633726123428869,0.03997710485010787,0.1483235868844412,0.7053620470311621,25,20,20
48,9005,0.10633726138220964,0.03997710485010795,0.14832565792386118,0.7053599758438209,25,20,20
48,9006,0.1063372613847595,0.03997710484986343,0.14832322505040904,0.7053624087149677,25,20,20
48,9007,0.1063372613847595,0.03997710484986343,0.14832311308779184,0.7053625206775852,25,20,20
48,9008,0.10633726138475948,0.03997710484986343,0.14832305961106537,0.7053625741543118,25,20,20
48,9009,0.10633726138476109,0.03997710484986768,0.14868957415509665,0.7049960596102746,25,20,20
48,9010,0.10633726138471561,0.039977104849623114,0.14868537285792388,0.7050002609077373,25,20,20
48,9011,0.10633726138471633,0.03997710484961887,0.1483123868613198,0.7053732469043448,25,20,20
48,9012,0.10633726138471764,0.03997710484978077,0.16228214374025085,0.6914034900252506,25,20,20
48,9013,0.10633726138471453,0.03997710485002476,0.16210809209640661,0.6915775416688539,25,20,20
48,9014,0.10728647053064133,0.03997713265822161,0.16115885521213283,0.691577541599004,25,20,20
48,9015,0.10728647053064076,0.039977132649147915,0.1471887879272353,0.7055476088929755,25,20,20
48,9016,0.10728647053082366,0.03997713264939268,0.1471858362214846,0.7055505605982987,25,20,20
48,9017,0.10728647053082367,0.039977132649397014,0.1474521675160953,0.7052842293036835,25,20,20
48,9018,0.10728647053082162,0.03997713264923932,0.13348248998219125,0.7192539068377475,25,20,20
48,9019,0.11402039788229017,0.03997713300782793,0.12674856056230363,0.7192539085475781,25,20,20
48,9020,0.11401921469481076,0.039977132981585665,0.12675751518759873,0.7192461371360049,25,20,20
48,9021,0.11401921469481392,0.039977132981341604,0.12666684167479778,0.7193368106490469,25,20,20
48,9022,0.11479370799644714,0.039980993308138035,0.1258848212207072,0.7193404774747079,25,20,20
48,9023,0.11479370799624897,0.039386521716369874,0.12647929250071094,0.7193404777866705,25,20,20
48,9024,0.11479370799624977,0.03938652171637416,0.12647739123658513,0.7193423790507911,25,20,20
48,9025,0.11479370799629209,0.039386521716618744,0.12648240404113095,0.7193373662459583,25,20,20
48,9026,0.11410252711753248,0.0393826533769491,0.09504010074842568,0.7514747187570927,25,20,20
48,9027,0.11378623453694951,0.039382653375394656,0.09535639293070418,0.7514747191569522,25,20,20
48,9028,0.11378623453694947,0.039382653375394656,0.09535641598511115,0.7514746961025451,25,20,20
48,9029,0.11378623453676413,0.039382653375394476,0.09536136921921255,0.7514697428686293,25,20,20
48,9030,0.11378623438884317,0.03938265337539011,0.09535470918098124,0.7514764030547859,25,20,20
48,9031,0.11369739349430245,0.03938265208662248,0.08758933665890757,0.7593306177601679,25,20,20
48,9032,0.13017153753381538,0.03938266900624533,0.07111513436342774,0.7593306590965114,25,20,20
48,9033,0.13017153753381538,0.03938266900624533,0.07111490626450266,0.7593308871954365,25,20,20
48,9034,0.13017153753381377,0.03938266900624108,0.07074194147586761,0.7597038519840774,25,20,20
48,9035,0.13017153753381377,0.03938266900624108,0.07074193957919558,0.7597038538807493,25,20,20
48,9036,0.13017153753381625,0.03938266900624101,0.07074196941972678,0.759703824040216,25,20,20
48,9037,0.13017153753377378,0.03938266900623672,0.07100810723558493,0.7594376862244046,25,20,20
48,9038,0.1303613431779672,0.039382669006217494,0.07081830158220151,0.7594376862336137,25,20,20
48,9039,0.13036134317796721,0.039382669006217494,0.07081839099353228,0.7594375968222832,25,20,20
48,9040,0.1303613431753719,0.039382669006217425,0.0708161313646926,0.7594398564537183,25,20,20
48,9041,0.1303613431753719,0.039382669006217425,0.07082069019208294,0.7594352976263279,25,20,20
48,9042,0.13036134317537182,0.039382669006217425,0.07082066175254566,0.7594353260658653,25,20,20
48,9043,0.13036134317537262,0.039382669006217494,0.07082715232324026,0.7594288354951698,25,20,20
48,9044,0.1294042207170305,0.039382641189204794,0.07178430257471105,0.7594288355190533,25,20,20
48,9045,0.1294042207170305,0.039382641189204724,0.07177960271475116,0.759433535379013,25,20,20
48,9046,0.1294042207170305,0.03938264118920472,0.07177959885518022,0.7594335392385839,25,20,20
48,9047,0.12943619456686778,0.039382641193310884,0.07174762623477765,0.7594335380050431,25,20,20
48,9048,0.12943619456686775,0.03938264119330655,0.07148129355274063,0.7596998706870844,25,20,20
48,9049,0.12943619456945987,0.039382641193315124,0.07148209707114422,0.75969906716608,25,20,20
48,9050,0.12943619456945674,0.039382641193315054,0.07121575091019947,0.7599654133270282,25,20,20
48,9051,0.12943619456945674,0.039382641193315054,0.07121571082627241,0.7599654534109551,25,20,20
48,9052,0.12943619456945676,0.03938264119331942,0.07122015196353132,0.7599610122736918,25,20,20
48,9053,0.14499477293581436,0.03938264147240934,0.055661573800388275,0.7599610117913873,25,20,20
48,9054,0.14499477293585983,0.03938264226520889,0.05576150759185362,0.759861077207077,25,20,20
48,9055,0.14499477293585983,0.03938264226520889,0.055761544190906766,0.759861040608024,25,20,20
48,9056,0.14499477293585983,0.03938264226520889,0.05576162466026492,0.7598609601386657,25,20,20
48,9057,0.15180459921250897,0.03938262574111256,0.048951750627258074,0.7598610244191201,25,20,20
48,9058,0.151804599212509,0.03938262574111256,0.04895835555088615,0.7598544194954918,25,20,20
48,9059,0.13572183664157947,0.03938262538617726,0.06504112015181646,0.7598544178204263,25,20,20
48,9060,0.13572183664157947,0.03938262538617734,0.06504120261980396,0.7598543353524387,25,20,20
48,9061,0.13572183664157947,0.03938262538617734,0.06504114721341582,0.759854390758827,25,20,20
48,9062,0.13572183664157955,0.039382625386181626,0.06504573621272657,0.7598498017595118,25,20,20
48,9063,0.13572183664157872,0.039382625386185845,0.06504724174526856,0.7598482962269665,25,20,20
48,9064,0.1357218366415819,0.03938262538618592,0.06504732566498353,0.7598482123072483,25,20,20
48,9065,0.11861597216645617,0.04613409829144875,0.0753916360052454,0.7598582935368495,25,20,20
48,9066,0.1348058537953598,0.046134097901952685,0.05920186036664436,0.7598581879360427,25,20,20
48,9067,0.13480585379535903,0.04613409790194832,0.05919715669777775,0.7598628916049144,25,20,20
48,9068,0.13480585379531354,0.04613409710914891,0.0591019242042182,0.759958124891319,25,20,20
48,9069,0.1348058537953175,0.04613409710914884,0.059104126192700834,0.7599559229028324,25,20,20
48,9070,0.13480585379272217,0.0461340971091446,0.05923119127439172,0.759828857823741,25,20,20
48,9071,0.13480585380310256,0.046134097109153116,0.05923313058839637,0.7598269184993477,25,20,20
48,9072,0.13480585380310334,0.046134097109157404,0.05923332735907366,0.7598267217286653,25,20,20
48,9073,0.13480585380305782,0.04613409710891283,0.05922669263757673,0.7598333564504522,25,20,20
48,9074,0.13480585380305787,0.04613409710891283,0.05923310188624656,0.7598269472017826,25,20,20
48,9075,0.13480585380305793,0.04613409710891283,0.05923808494740127,0.7598219641406279,25,20,20
48,9076,0.13480585380305712,0.04613409710866824,0.05923138191254553,0.7598286671757291,25,20,20
48,9077,0.13480585380305712,0.0461340971086641,0.05923138021419568,0.759828668874083,25,20,20
48,9078,0.13480585380305793,0.04613409710890869,0.05923804668461567,0.7598220024034177,25,20,20
48,9079,0.13480585380305793,0.04613409710890869,0.05923958627706522,0.7598204628109682,25,20,20
48,9080,0.13480585380305793,0.04613409710890869,0.059239584855021704,0.7598204642330117,25,20,20
48,9081,0.13480585380305793,0.04613409710890869,0.05923958576767324,0.75982046332036,25,20,20
48,9082,0.1348058538030394,0.04551298727188156,0.05986069591677746,0.7598204630083016,25,20,20
48,9083,0.13480585380304116,0.027996200241283447,0.07737748277903748,0.7598204631766382,25,20,20
48,9084,0.13480585380304116,0.027996200241283523,0.07737531840695241,0.7598226275487231,25,20,20
48,9085,0.1348058621566544,0.02799620102858973,0.07774489546582862,0.7594530413489273,25,20,20
48,9086,0.1348058538030411,0.027996200241283523,0.07737531840711204,0.7598226275485636,25,20,20
48,9087,0.13480585380304105,0.027996200241283374,0.07737531838563677,0.7598226275700389,25,20,20
48,9088,0.13480821554906838,0.027996200309793932,0.11391834496892146,0.7232772391722152,25,20,20
48,9089,0.13480821554906836,0.027996200309789717,0.11391372388535662,0.7232818602557842,25,20,20
48,9090,0.13480821554911365,0.027996200309785366,0.11394323036019388,0.7232523537809059,25,20,20
48,9091,0.13480821554911046,0.02799620030978529,0.11394821103582946,0.7232473731052736,25,20,20
48,9092,0.13480821554910968,0.027996200309540784,0.11394162185527058,0.7232539622860779,25,20,20
48,9093,0.1348058959130208,0.028009090258487798,0.11387606213187537,0.7233089516966149,25,20,20
48,9094,0.12852210096792993,0.06122574572433504,0.08695328287037274,0.723298870437361,25,20,20
48,9095,0.12852210096793,0.06122574572433504,0.08695977181231061,0.7232923814954231,25,20,20
48,9096,0.12852210096793001,0.06122574572457956,0.0869580025046295,0.7232941508028595,25,20,20
48,9097,0.1285221009679301,0.06122574572457964,0.0869580913312706,0.7232940619762185,25,20,20
48,9098,0.1285221009679301,0.06122574572457964,0.0869580913312706,0.7232940619762184,25,20,20
48,9099,0.09389892666355681,0.06122791530543064,0.12098985331035056,0.7238833047206618,25,20,20
48,9100,0.09414635019605802,0.061227673881144196,0.12074160290078105,0.7238843730220172,25,20,20
48,9101,0.09414635019605802,0.061227673881144265,0.1207415715094993,0.7238844044132985,25,20,20
48,9102,0.09414635019623942,0.061227673881144265,0.12073506010679014,0.7238909158158263,25,20,20
48,9103,0.0941463501962426,0.061227673881144196,0.12073660005487047,0.723889375867743,25,20,20
48,9104,0.09414635019628814,0.06122767388114849,0.1207389682938997,0.7238870076286639,25,20,20
48,9105,0.0711877455210127,0.06122768244394978,0.1362688167689919,0.7313157552660463,25,20,20
48,9106,0.07118774552101355,0.061227682443954,0.13627340505798885,0.7313111669770442,25,20,20
48,9107,0.0711877455211959,0.06122768244420211,0.136402961986367,0.7311816100482357,25,20,20
48,9108,0.07118774552101355,0.061227682443954,0.1362735209278048,0.7313110511072283,25,20,20
48,9109,0.07118774551081403,0.06122768244394968,0.13653322824751182,0.7310513437977251,25,20,20
48,9110,0.07118774551081396,0.061227682443705155,0.13652850769536384,0.7310560643501178,25,20,20
48,9111,0.07118774551076944,0.06122768244370946,0.1363760863058322,0.7312084857396896,25,20,20
48,9112,0.07118774551076949,0.06122768244371359,0.1363761324246727,0.7312084396208449,25,20,20
48,9113,0.07118774551072483,0.061227682443713675,0.13637388864636996,0.7312106833991922,25,20,20
48,9114,0.07118774552100617,0.061227682443955975,0.13674037260923247,0.7308441994258059,25,20,20
48,9115,0.07118774552100615,0.061227682443951686,0.13673376812551558,0.7308508039095268,25,20,20
48,9116,0.07118774552100622,0.02164111836743411,0.1763203322075876,0.7308508039039715,25,20,20
48,9117,0.07119835420987396,0.021628232754048154,0.17982558063229243,0.7273478324037851,25,20,20
48,9118,0.07119835420987396,0.021628232754048148,0.17981905689962507,0.7273543561364525,25,20,20
48,9119,0.09416642859636443,0.021628232471020355,0.15685098341312792,0.7273543555194874,25,20,20
48,9120,0.08892276904109561,0.02162606374560565,0.16267301201163903,0.7267781552016601,25,20,20
48,9121,0.08892276904109567,0.02162606374560565,0.16267612639110254,0.7267750408221965,25,20,20
48,9122,0.08903724880102061,0.02162606290341223,0.16257469018921378,0.7267619981063537,25,20,20
48,9123,0.08903724880101987,0.021626062917319323,0.16266692113297954,0.7266697671486813,25,20,20
48,9124,0.08903724879109788,0.021626062917072805,0.16239938289510136,0.7269373053967282,25,20,20
48,9125,0.08903724879109788,0.021626062917072728,0.16239929985152618,0.7269373884403033,25,20,20
48,9126,0.09043551516755605,0.021626062923227853,0.1610010318260449,0.7269373900831714,25,20,20
48,9127,0.09043551516755521,0.021626062923227853,0.16099652492245664,0.7269418969867603,25,20,20
48,9128,0.09043551516755521,0.02162606292323207,0.1610011124781499,0.7269373094310627,25,20,20
48,9129,0.09042488973530169,0.02163320186888768,0.16100461995238674,0.726937288443424,25,20,20
48,9130,0.0904248897351195,0.02163320186888775,0.16100922615791877,0.726932682238074,25,20,20
48,9131,0.09042486442654736,0.021640478336936452,0.1610019750016119,0.7269326822349043,25,20,20
48,9132,0.09042486442654729,0.021640478336932237,0.16100197518507678,0.7269326820514437,25,20,20
48,9133,0.09042486442654729,0.021640478336932237,0.16100197516073475,0.7269326820757855,25,20,20
48,9134,0.09042486442654729,0.021640478336932244,0.16100197318358642,0.726932684052934,25,20,20
48,9135,0.09042486442654725,0.021640478336932237,0.16137496113716487,0.7265596960993551,25,20,20
48,9136,0.09042486442618394,0.02164047833693231,0.16126945407711696,0.7266652031597662,25,20,20
48,9137,0.09042486442618394,0.02164047833693231,0.16126285130108525,0.7266718059357982,25,20,20
48,9138,0.09042486442618394,0.02164047833693231,0.16126285129906062,0.7266718059378227,25,20,20
48,9139,0.09042486442618394,0.021640478336932313,0.16126285778162994,0.7266717994552533,25,20,20
48,9140,0.09042486442618392,0.021640478336928018,0.16126266053535812,0.7266719967015295,25,20,20
48,9141,0.09042486442704976,0.04037264407785646,0.1425304949618043,0.726671996533289,25,20,20
48,9142,0.0506033829914856,0.04104816113896447,0.18161994115705477,0.7267285147124944,25,20,20
48,9143,0.05060338299148553,0.04104816112505309,0.1815275149411566,0.7268209409423041,25,20,20
48,9144,0.0740481670170052,0.04104815256232977,0.16551148714537983,0.7193921932752848,25,20,20
48,9145,0.07404816701700848,0.041048152562334066,0.16551306917708636,0.7193906112435705,25,20,20
48,9146,0.07474152012478774,0.040666593381951686,0.165201274408522,0.719390612084738,25,20,20
48,9147,0.07474152012478853,0.04066659338219047,0.1654629244214729,0.7191289620715474,25,20,20
48,9148,0.07474152012497064,0.04066659339613127,0.1654711683387041,0.7191207181401933,25,20,20
48,9149,0.07474152013531687,0.040666593396127125,0.16628703181312193,0.7183048546554335,25,20,20
48,9150,0.07474152013531687,0.040666593396127125,0.1662869998015806,0.7183048866669748,25,20,20
48,9151,0.07474152013531694,0.040666593396127125,0.16628716157749512,0.7183047248910603,25,20,20
48,9152,0.07474152013531694,0.040666593396126986,0.16628246174197692,0.7183094247265784,25,20,20
48,9153,0.07474152013531693,0.040666593396126924,0.16628898342036358,0.718302903048192,25,20,20
48,9154,0.07474152013532005,0.040666593396122705,0.16628431993343018,0.7183075665351265,25,20,20
48,9155,0.07474152013534968,0.0406665933961255,0.1802545252136537,0.7043373612548709,25,20,20
48,9156,0.07474152013534643,0.04066659339612121,0.1802529766106928,0.7043389098578393,25,20,20
48,9157,0.07404816704066762,0.04066658829200205,0.14112649115937662,0.7441587535079534,25,20,20
48,9158,0.08022849758621554,0.040666575605152494,0.1349473230156447,0.7441576037929869,25,20,20
48,9159,0.08022849758621228,0.040666575605152494,0.13494258765091321,0.7441623391577217,25,20,20
48,9160,0.08022849758879858,0.04066657560515333,0.13480651478444747,0.7442984120216003,25,20,20
48,9161,0.08024215559960395,0.0406665755988875,0.13479285680977246,0.7442984119917359,25,20,20
48,9162,0.080242155599604,0.04066657559888765,0.13479937981478013,0.7442918889867279,25,20,20
48,9163,0.08011895261162741,0.040666575598859646,0.13492258281772446,0.7442918889717882,25,20,20
48,9164,0.0801141031159702,0.04066657559885961,0.13492743231338186,0.744291888971788,25,20,20
48,9165,0.08011410311597339,0.04066657559886384,0.1349320534261301,0.7442872678590325,25,20,20
48,9166,0.08011410311597345,0.04066657559886384,0.13493208044159888,0.7442872408435636,25,20,20
48,9167,0.08011410311597345,0.04066657559886384,0.13493196796948886,0.7442873533156736,25,20,20
48,9168,0.08011410311948382,0.014841800892053702,0.16075673628105872,0.7442873597074033,25,20,20
48,9169,0.0801141031194542,0.01484180089205519,0.14691605313045775,0.7581280428580325,25,20,20
48,9170,0.0801141031194542,0.014841800892055185,0.14691613218394037,0.7581279638045498,25,20,20
48,9171,0.08011410311945415,0.014841800892055185,0.14691608284525162,0.7581280131432387,25,20,20
48,9172,0.08011410621825593,0.014841817815557802,0.17222886785479932,0.7328152081113867,25,20,20
48,9173,0.08011410621825593,0.014841817815557802,0.17222878750490872,0.7328152884612774,25,20,20
48,9174,0.08011410620790964,0.014841817815557802,0.17141292243021275,0.7336311535463195,25,20,20
48,9175,0.08570999178047298,0.014841817800728536,0.1658170335489239,0.733631156869875,25,20,20
48,9176,0.08570999178051851,0.014841817800973196,0.16582373740937956,0.7336244530091289,25,20,20
48,9177,0.0857099917896921,0.014841817801405456,0.17048287818904062,0.7289653122198623,25,20,20
48,9178,0.0857099917896913,0.014841817801409595,0.1704764154782225,0.728971774930677,25,20,20
48,9179,0.0857099917896881,0.01484181780141381,0.1704764519888207,0.7289717384200778,25,20,20
48,9180,0.08570999178964257,0.014841817801169152,0.17046974613073382,0.7289784442784547,25,20,20
48,9181,0.08570999178710109,0.01484181780092954,0.17034181338848062,0.7291063770234891,25,20,20
48,9182,0.08570999178692018,0.014841817800925425,0.1700801602833733,0.7293680301287815,25,20,20
48,9183,0.08570999193437434,0.014841817801417325,0.17021314321105382,0.7292350470531548,25,20,20
48,9184,0.08570999192127385,0.014841817787536371,0.17003769350718426,0.7294104967840057,25,20,20
48,9185,0.08557310870215355,0.014166304692803215,0.1674009601856665,0.732859626419377,25,20,20
48,9186,0.08557310870215343,0.014166304692803288,0.16740095775919717,0.7328596288458464,25,20,20
48,9187,0.08557310870215341,0.014166304692803213,0.16703013404162018,0.7332304525634236,25,20,20
48,9188,0.08557310870215344,0.014166304692803137,0.16702355904831812,0.7332370275567254,25,20,20
48,9189,0.08557310870219867,0.014166304693046205,0.16728800094099003,0.7329725856637652,25,20,20
48,9190,0.08557310870237762,0.014166304693046281,0.16728349547596455,0.7329770911286118,25,20,20
48,9191,0.08557310870237761,0.01416630469304613,0.16727879360247053,0.7329817930021058,25,20,20
48,9192,0.08557310870237761,0.01416630469304184,0.16727867316205958,0.7329819134425211,25,20,20
48,9193,0.08557310870237761,0.01416630469304184,0.16727867316205963,0.7329819134425211,25,20,20
48,9194,0.0799200656658524,0.014166304708153435,0.17293171964966736,0.7329819099763268,25,20,20
48,9195,0.07992006566585239,0.014166304708149158,0.1728023119795108,0.7331113176464876,25,20,20
48,9196,0.0799200656658104,0.014166304707906242,0.17254032814059778,0.7333733014856856,25,20,20
48,9197,0.0799200656658104,0.014166304707906315,0.17254041061868297,0.7333732190076003,25,20,20
48,9198,0.07992006683695599,0.014166305090469561,0.17604605821695077,0.7298675698556236,25,20,20
48,9199,0.07992006683695595,0.014166305090469561,0.17605263255397305,0.7298609955186015,25,20,20
48,9200,0.07992006683691037,0.014166305090465419,0.1760503694137028,0.7298632586589215,25,20,20
48,9201,0.07992006683690712,0.014166305090465268,0.17604563182256283,0.7298679962500649,25,20,20
48,9202,0.07992006683690792,0.01416630509046527,0.1760456699227976,0.7298679581498293,25,20,20
48,9203,0.07992006683690792,0.014166305090465268,0.17604555406589725,0.7298680740067297,25,20,20
48,9204,0.07992006683690792,0.014166305090469481,0.17604563016839098,0.7298679979042317,25,20,20
48,9205,0.07992875972850155,0.014166506631843791,0.17598078187816305,0.7299239517614916,25,20,20
48,9206,0.07992875972854707,0.014166506631852373,0.1759854883507405,0.72991924528886,25,20,20
48,9207,0.0799287595810929,0.014166506631360548,0.1758525877756872,0.7300521460118593,25,20,20
48,9208,0.07992875957191933,0.014166506630928362,0.1711981468314466,0.7347065869657057,25,20,20
48,9209,0.07978202340356196,0.014166506724327026,0.17134488205329215,0.7347065878188195,25,20,20
48,9210,0.041156319269928854,0.014166507395594974,0.17888643152478598,0.7657907418096909,25,20,20
48,9211,0.041156319269928875,0.014166507395595046,0.17888654538266413,0.7657906279518126,25,20,20
48,9212,0.041156319269928875,0.01416650739559505,0.17888643294746348,0.7657907403870132,25,20,20
48,9213,0.04115631926992808,0.014166507395590756,0.178886350125939,0.7657908232085426,25,20,20
48,9214,0.041156319269931324,0.01416650739558647,0.17888791826927242,0.7657892550652103,25,20,20
48,9215,0.04115631927010901,0.014166507409436835,0.17915365668677918,0.7655235166336755,25,20,20
48,9216,0.041158944479328136,0.014152096338609178,0.1791654218719528,0.7655235373101099,25,20,20
48,9217,0.04115650397132232,0.014152091946961017,0.17916788707769665,0.7655235170040201,25,20,20
48,9218,0.041099195722115886,0.01415209362738948,0.17922518556508102,0.765523525085414,25,20,20
48,9219,0.04109901427059673,0.01415209371576508,0.17922536729856722,0.7655235247150715,25,20,20
48,9220,0.041099014270596784,0.014152093715765156,0.17922540867175038,0.765523483341888,25,20,20
48,9221,0.04109901427059673,0.01415209371576508,0.1792253672884688,0.7655235247251698,25,20,20
48,9222,0.04100214406379952,0.01415209362713208,0.17924410911168098,0.7656016531973878,25,20,20
48,9223,0.04100214406379954,0.01415209362713208,0.17924414195533087,0.7656016203537379,25,20,20
48,9224,0.04100214406379954,0.014152093627132156,0.17924425782969455,0.7656015044793741,25,20,20
48,9225,0.041239926355819384,0.014152098785117601,0.1790845980080248,0.7655233768510387,25,20,20
48,9226,0.04123992635563728,0.01415209877117695,0.17908295689107795,0.7655250179821084,25,20,20
48,9227,0.04123992635563728,0.014152098771177027,0.17908292419816177,0.7655250506750244,25,20,20
48,9228,0.04123992635563728,0.01415209877117695,0.17907830340610556,0.7655296714670805,25,20,20
48,9229,0.04123992635563728,0.014152098771176876,0.17907818823278807,0.7655297866403982,25,20,20
48,9230,0.04123992635563814,0.01415209877117695,0.17945121784152632,0.765156757031659,25,20,20
48,9231,0.04123992635563814,0.01415209877117695,0.17945133172540464,0.7651566431477806,25,20,20
48,9232,0.04123992635563814,0.014152098771177027,0.1798243208252744,0.7647836540479109,25,20,20
48,9233,0.0412432486389151,0.015169412453753386,0.1934827547156887,0.750104584191642,25,20,20
48,9234,0.04123472852965368,0.015169211696984906,0.19354603380878804,0.7500500259645723,25,20,20
48,9235,0.04123472852983547,0.01516921169698911,0.1936317305331939,0.7499643292399806,25,20,20
48,9236,0.04123472852983547,0.01516921169698911,0.19363173111887996,0.7499643286542945,25,20,20
48,9237,0.04123472852983547,0.015169211696993402,0.1936319277772251,0.7499641319959451,25,20,20
48,9238,0.04123472852965466,0.015169211683143034,0.19336927661249043,0.7502267831747111,25,20,20
48,9239,0.04123472852947287,0.01516921168313868,0.1932770915701588,0.750318968217229,25,20,20
48,9240,0.04123472852929073,0.015169211683134388,0.19327700873078843,0.7503190510567861,25,20,20
48,9241,0.0412347286766239,0.015169211697015713,0.1934265489119586,0.7501695107144012,25,20,20
48,9242,0.04110474565298252,0.015169206539042867,0.19355651425666165,0.7501695335513123,25,20,20
48,9243,0.04110474564860435,0.015193668220100966,0.1935320589698378,0.7501695271614558,25,20,20
48,9244,0.041104745648604404,0.015193668220105183,0.1931591526532308,0.7505424334780585,25,20,20
48,9245,0.041104745648604446,0.015193668220109322,0.1931637730268563,0.7505378131044289,25,20,20
48,9246,0.04110474564860445,0.015193668220109322,0.19316597536671268,0.7505356107645725,25,20,20
48,9247,0.04110474564874938,0.015193668231202313,0.20133859345786542,0.7423629926621822,25,20,20
48,9248,0.041104745648749344,0.015193668231444652,0.20171168689999358,0.741989899219812,25,20,20
48,9249,0.07073118773462643,0.014176337691522996,0.17310409316365466,0.7419883814101956,25,20,20
48,9250,0.07073097332355634,0.01417633266052993,0.17310567897870296,0.7419870150372107,25,20,20
48,9251,0.07073097332355634,0.014176332660529856,0.17310567758606396,0.7419870164298495,25,20,20
48,9252,0.07073097332373805,0.014176332660534063,0.1731956690749523,0.7418970249407754,25,20,20
48,9253,0.07073098167758364,0.014176332674108966,0.1731976253250298,0.7418950603232775,25,20,20
48,9254,0.07073098167758364,0.014176332674108892,0.17320410754909463,0.7418885780992126,25,20,20
48,9255,0.07073098167758445,0.014176332674353476,0.17321073155086125,0.7418819540972005,25,20,20
48,9256,0.06937052622532001,0.014176332003085537,0.16565545964666697,0.7507976821249274,25,20,20
48,9257,0.06937052622536553,0.014176332003085608,0.16564899999228616,0.7508041417792626,25,20,20
48,9258,0.06937052622536631,0.014176332003085608,0.16602199535303036,0.7504311464185176,25,20,20
48,9259,0.0693705262254119,0.0141763320030899,0.1660243608734861,0.750428780898012,25,20,20
48,9260,0.06937052622541191,0.01417633200309419,0.16602663974773474,0.750426502023759,25,20,20
48,9261,0.06937054774042198,0.01417633189425247,0.13501848156984234,0.7814346387954834,25,20,20
48,9262,0.06937054774037639,0.014176331894248178,0.1350161151244036,0.781437005240972,25,20,20
48,9263,0.06937054774037639,0.014176331894248176,0.13501599924452115,0.7814371211208545,25,20,20
48,9264,0.06937054774037639,0.014176331894243882,0.1350158034346357,0.7814373169307441,25,20,20
48,9265,0.0693705477403764,0.014176331894243886,0.13502241183408395,0.781430708531296,25,20,20
48,9266,0.06937054774037646,0.014176331894243959,0.1350224132355128,0.781430707129867,25,20,20
48,9267,0.0693705477405586,0.01417633189424825,0.13502415534862122,0.7814289650165723,25,20,20
48,9268,0.06937054774041448,0.014176331883155263,0.1268469533151806,0.7896061670612498,25,20,20
48,9269,0.10726746158221921,0.014177358961158038,0.08894411557278092,0.7896110638838421,25,20,20
48,9270,0.10726745324131343,0.01417735896124796,0.08868581804427488,0.789869369753164,25,20,20
48,9271,0.10726745324131347,0.014177358961252252,0.08869230806567616,0.7898628797317581,25,20,20
48,9272,0.10726744993366111,0.014177359035516552,0.08869231129917832,0.7898628797316439,25,20,20
48,9273,0.10726744993366105,0.014177359035512337,0.08869222994367472,0.7898629610871515,25,20,20
48,9274,0.09716306502298319,0.01589694934776954,0.09693323377995973,0.7900067518492875,25,20,20
48,9275,0.09716306501004418,0.015896949333862518,0.09681653768345509,0.7901234479726381,25,20,20
48,9276,0.09716306501008877,0.01589694933386252,0.09693958477869373,0.790000400877355,25,20,20
48,9277,0.09716306501008797,0.015896949333862445,0.09693946888680612,0.7900005167692433,25,20,20
48,9278,0.09716306501009114,0.015896949333862445,0.09693289141020583,0.7900070942458405,25,20,20
48,9279,0.09716306501009106,0.04172005705560573,0.07110978369043162,0.7900070942438714,25,20,20
48,9280,0.07024650860891136,0.04172006947017768,0.09802635018616003,0.7900070717347509,25,20,20
48,9281,0.07024650860891057,0.04172006947017761,0.09765323952663989,0.790380182394272,25,20,20
48,9282,0.07024650860891056,0.041720069470177534,0.09765320471496089,0.7903802172059511,25,20,20
48,9283,0.07030850571967857,0.04172152617394003,0.09758962871463747,0.790380339391744,25,20,20
48,9284,0.07137501652379558,0.04172053707238501,0.09652900854056991,0.7903754378632496,25,20,20
48,9285,0.0713750165237948,0.04172053707214471,0.09652242454872832,0.7903820218553324,25,20,20
48,9286,0.07137501652379555,0.04172053707214043,0.0965225526693398,0.7903818937347244,25,20,20
48,9287,0.0713750165237955,0.04172053707213621,0.09651799162290726,0.7903864547811611,25,20,20
48,9288,0.11005809806683389,0.04171907620253955,0.057836493134743414,0.790386332595883,25,20,20
48,9289,0.11005809806665218,0.04171907620253527,0.057744183984263626,0.7904786417465488,25,20,20
48,9290,0.11005809806665137,0.041719076202539555,0.057739072838953215,0.7904837528918557,25,20,20
48,9291,0.11005809806669696,0.04171907620253535,0.05773759451903666,0.7904852312117308,25,20,20
48,9292,0.11005809806669692,0.04171907620253535,0.05774408345185237,0.7904787422789152,25,20,20
48,9293,0.11005809806669684,0.04171907620253964,0.057745891661292535,0.7904769340694707,25,20,20
48,9294,0.11005807192565124,0.04171907620234996,0.04876069048198592,0.7994621613900128,25,20,20
48,9295,0.11005807192565203,0.04171907620234996,0.04876088242199717,0.7994619694500007,25,20,20
48,9296,0.11005807177827656,0.04171907618870462,0.048615217233274645,0.7996076347997442,25,20,20
48,9297,0.11005807177845779,0.041719076188949086,0.0482469414083642,0.7999759106242288,25,20,20
48,9298,0.11005807177845779,0.041719076188949156,0.04861996389215386,0.7996028881404391,25,20,20
48,9299,0.13657314130321593,0.041719069017966556,0.022103525614908696,0.7996042640639086,25,20,20
48,9300,0.13657314130317133,0.04171906901797085,0.02197857721679832,0.7997292124620593,25,20,20
48,9301,0.13877654654856855,0.03999947922507554,0.021638498292141553,0.7995854759342138,25,20,20
48,9302,0.13877654654856775,0.03999947922507554,0.02163830577654197,0.7995856684498144,25,20,20
48,9303,0.14057672548570455,0.039999478853385034,0.01983812465869206,0.7995856710022184,25,20,20
48,9304,0.14057672548574957,0.039999479639537955,0.02027256660798564,0.7991512282667266,25,20,20
48,9305,0.14057672548574884,0.03999947963954207,0.020538821264628103,0.7988849736100806,25,20,20
48,9306,0.14057672548574882,0.03999947963953778,0.020538781289232904,0.79888501358548,25,20,20
48,9307,0.14057672548574873,0.039999479639533514,0.02027244154017218,0.7991513533345451,25,20,20
48,9308,0.14057672548574873,0.039999479639533514,0.020272554900355913,0.7991512399743614,25,20,20
48,9309,0.1405767254857488,0.039999479639533514,0.020274720606515265,0.799149074268202,25,20,20
48,9310,0.1186957791863672,0.03999994470729642,0.0421551253448245,0.7991491507615112,25,20,20
48,9311,0.11869577918640958,0.0399999447072965,0.042155191965260526,0.7991490841410327,25,20,20
48,9312,0.11869577918622748,0.039999944707051906,0.04215047091782502,0.7991538051888949,25,20,20
48,9313,0.11869577918636132,0.0399999447172975,0.052758995006101594,0.7885452810902389,25,20,20
48,9314,0.13385513085072448,0.03999996417467676,0.03759967928841036,0.7885452256861879,25,20,20
48,9315,0.13385513086110656,0.03999996417467691,0.037599883483224475,0.7885450214809916,25,20,20
48,9316,0.13385513086110895,0.039999964174914956,0.037968976215287456,0.7881759287486882,25,20,20
48,9317,0.13385513086110903,0.03999996417491925,0.03796917145223595,0.7881757335117353,25,20,20
48,9318,0.133855130861109,0.039999964174914956,0.0379626460095468,0.788182258954429,25,20,20
48,9319,0.13385513086092687,0.03999996417491067,0.03796090504558994,0.7881839999185722,25,20,20
48,9320,0.13385513086092687,0.03999996417491059,0.037954415216330334,0.788190489747832,25,20,20
48,9321,0.1338551308609237,0.03999996417466818,0.03758062031394841,0.7885642846504595,25,20,20
48,9322,0.13385513086092687,0.03999996417466818,0.03757853800823703,0.7885663669561677,25,20,20
48,9323,0.13385513086088136,0.039999964174668105,0.037578507321676086,0.7885663976427741,25,20,20
48,9324,0.13385513086088136,0.039999964174908406,0.03758305219460984,0.7885618527696002,25,20,20
48,9325,0.1338551308608821,0.03999996417515293,0.037587744600343705,0.788557160363621,25,20,20
48,9326,0.13385513086083972,0.039999964175157145,0.037592352635874064,0.7885525523281288,25,20,20
48,9327,0.13385513086079467,0.03999996338900422,0.0371579120841042,0.7889869936660966,25,20,20
48,9328,0.13385513086079148,0.03999996338899993,0.037153236919560094,0.7889916688306482,25,20,20
48,9329,0.1338551308607915,0.03999996338899993,0.037159814904738124,0.7889850908454702,25,20,20
48,9330,0.13385513086103132,0.03999996345761929,0.07370633298908467,0.7524385726922644,25,20,20
48,9331,0.13385513086103054,0.0399999634573747,0.07370149996460243,0.752443405716992,25,20,20
48,9332,0.13385513086103137,0.039999963457374776,0.07370154007636862,0.752443365605225,25,20,20
48,9333,0.13385513086103454,0.03999996345737056,0.07370145436613196,0.7524434513154629,25,20,20
48,9334,0.13484648504115954,0.03999999266844327,0.05032672087915826,0.774826801411239,25,20,20
48,9335,0.1348464850411604,0.039999992668687104,0.05045667427353247,0.77469684801662,25,20,20
48,9336,0.1348464850411636,0.0399999926686914,0.050456757098160755,0.7746967651919843,25,20,20
48,9337,0.13484648504116045,0.03999999266869139,0.05046316633377941,0.7746903559563687,25,20,20
48,9338,0.13484648504116045,0.03999999266869139,0.05045818516500831,0.7746953371251399,25,20,20
48,9339,0.13484648504116128,0.03999999266893597,0.05046665169311715,0.7746868705967855,25,20,20
48,9340,0.1295591781304293,0.039999987420615564,0.05575534180041876,0.7746854926485365,25,20,20
48,9341,0.12955917813043008,0.03999998742085962,0.05584601482140067,0.7745948196273098,25,20,20
48,9342,0.12955917813043005,0.03999998742086388,0.0562168385608704,0.7742239958878357,25,20,20
48,9343,0.12955917813043005,0.03999998742086817,0.056216979441221504,0.7742238550074804,25,20,20
48,9344,0.12937435650649162,0.039999987420845456,0.056401801064966645,0.7742238550076963,25,20,20
48,9345,0.12937435650649481,0.039999987421090046,0.056408506107391974,0.7742171499650234,25,20,20
48,9346,0.12937435650649165,0.03999998742109004,0.056408510470274065,0.7742171456021447,25,20,20
48,9347,0.12937435650644924,0.039999987421334565,0.05641320081809503,0.7742124552541216,25,20,20
48,9348,0.12937435651696505,0.03999998742109501,0.056463619910123546,0.7741620361518167,25,20,20
48,9349,0.1355092378807338,0.03999998742107049,0.05032873854660091,0.7741620361515952,25,20,20
48,9350,0.13451788370037215,0.03999995814137841,0.0372492560547787,0.788232902103471,25,20,20
48,9351,0.11646388871326448,0.03999994897138954,0.0553003589934214,0.7882358033219248,25,20,20
48,9352,0.11646388871344897,0.03999994898264391,0.06231491055335574,0.7812212517505513,25,20,20
48,9353,0.11646388871345216,0.03999994898264391,0.06231641879248114,0.7812197435114228,25,20,20
48,9354,0.11646388871350172,0.039999948982648206,0.062310033362528605,0.7812261289413214,25,20,20
48,9355,0.11646388871336785,0.0399999489724026,0.05170150923972205,0.7918346530745075,25,20,20
48,9356,0.1164638887133679,0.03999994897239835,0.0517015246487446,0.7918346376654891,25,20,20
48,9357,0.11646388871354564,0.03999994898624872,0.051876671416526986,0.7916594908836787,25,20,20
48,9358,0.11646388871354567,0.039999948986248715,0.05150366172997609,0.7920325005702294,25,20,20
48,9359,0.11646388871354492,0.039999948986004584,0.05141144755313309,0.7921247147473173,25,20,20
48,9360,0.11646388871349536,0.03999994898600029,0.051411342442728575,0.7921248198577757,25,20,20
48,9361,0.11646388871349611,0.039999948986000365,0.05141351250812031,0.7921226497923831,25,20,20
48,9362,0.11646388871349529,0.03999994898575594,0.05141153582702331,0.7921246264737253,25,20,20
48,9363,0.1164638887134921,0.03999994898551135,0.05140682074493036,0.7921293415560662,25,20,20
48,9364,0.11646403978622218,0.03757535559760757,0.053831263054790704,0.7921293415613796,25,20,20
48,9365,0.08095018313921525,0.03757531725280058,0.08895898823227971,0.7925155113757043,25,20,20
48,9366,0.08095018312887206,0.03757535177543851,0.09829686202257362,0.7831776030731156,25,20,20
48,9367,0.0809501831368646,0.03757535177543857,0.10803433818399022,0.7734401269037068,25,20,20
48,9368,0.08095003206413486,0.03994659855924165,0.10566324247823193,0.7734401268983917,25,20,20
48,9369,0.08095003206413492,0.03994659855924165,0.10566313078953454,0.773440238587089,25,20,20
48,9370,0.08095003206413885,0.03994659855924166,0.10566122844639757,0.773442140930222,25,20,20
48,9371,0.08095003206413567,0.03994659855924587,0.10565980156634447,0.7734435678102741,25,20,20
48,9372,0.08095003206413487,0.039946598559245795,0.10566438390192134,0.773438985474698,25,20,20
48,9373,0.08095003205614233,0.03994659855924574,0.09592693371814429,0.7831764356664676,25,20,20
48,9374,0.08095003205596889,0.039946564036603543,0.08640876736010018,0.7926946365473273,25,20,20
48,9375,0.08095003205601448,0.03994656403660361,0.08641186549237594,0.792691538415006,25,20,20
48,9376,0.0809500320560113,0.03994656403635902,0.08641363700797154,0.7926897668996581,25,20,20
48,9377,0.0809500320560113,0.03994656403635902,0.086413672438908,0.7926897314687216,25,20,20
48,9378,0.08095003205582366,0.03994656402486016,0.07939058078713195,0.7997128231321846,25,20,20
48,9379,0.08095003205582368,0.03994656402486016,0.07939062809880448,0.799712775820512,25,20,20
48,9380,0.08095003205582368,0.03994656402510475,0.07939318392879956,0.7997102199902725,25,20,20
48,9381,0.08095003205582668,0.03994656403899612,0.07952717680766853,0.7995762270975092,25,20,20
48,9382,0.08095003205582747,0.039946564052935424,0.07953947128587259,0.7995639326053648,25,20,20
48,9383,0.07756877483542579,0.03994656272590768,0.083306903022369,0.7991777594162973,25,20,20
48,9384,0.07756877483542585,0.03994656272590768,0.08330693149813172,0.7991777309405345,25,20,20
48,9385,0.07756877483542585,0.03994656272590768,0.08330690363394354,0.7991777588047227,25,20,20
48,9386,0.07756877484459875,0.039946562725915256,0.08795952278379927,0.7945251396456865,25,20,20
48,9387,0.07756877484460188,0.03994656272591533,0.08795949781816964,0.7945251646113131,25,20,20
48,9388,0.07905159992558884,0.03994657190085025,0.08647661984562298,0.7945252083279378,25,20,20
48,9389,0.07905159992558879,0.03999218922345913,0.08643100251745472,0.7945252083334973,25,20,20
48,9390,0.07905159992540862,0.039992189209851106,0.08653667554064272,0.7944195353240974,25,20,20
48,9391,0.07905159992558757,0.0399921892096066,0.0865347079056788,0.794421502959127,25,20,20
48,9392,0.10109491785745338,0.03999172380822334,0.06449193009826526,0.7944214282360579,25,20,20
48,9393,0.10109491785745735,0.03999172382212098,0.0646237757986984,0.7942895825217232,25,20,20
48,9394,0.10109491786781577,0.03999172383603275,0.06471523829276753,0.7941981200033839,25,20,20
48,9395,0.10109491786781578,0.03999172383603275,0.06471991132866221,0.7941934469674892,25,20,20
48,9396,0.10109491786781259,0.03999172383603275,0.06472181312231357,0.7941915451738412,25,20,20
48,9397,0.10096160658919644,0.03999172392658324,0.0648551238786735,0.7941915456055468,25,20,20
48,9398,0.10096160657902008,0.039991723912675844,0.06477018600668112,0.7942764835016232,25,20,20
48,9399,0.12003834574435071,0.03999171341146045,0.045696360264603914,0.794273580579585,25,20,20
48,9400,0.1200383457443962,0.039991713411460524,0.04569794475744847,0.794271996086695,25,20,20
48,9401,0.12003834574439541,0.03999171339752137,0.045690325961246885,0.7942796148968364,25,20,20
48,9402,0.1200383457442139,0.0399917133977014,0.05674385926183535,0.7832260815962493,25,20,20
48,9403,0.1200383457442139,0.0399917133977014,0.056750349802192464,0.783219591055892,25,20,20
48,9404,0.1200383457442139,0.03999171339770132,0.05637732869957086,0.7835926121585141,25,20,20
48,9405,0.1200383457442131,0.03999171339745898,0.05600428730281001,0.783965653555518,25,20,20
48,9406,0.12003834574421304,0.03999171339745898,0.05599958520544603,0.7839703556528819,25,20,20
48,9407,0.11921344617772568,0.04006026339128089,0.0567558778279933,0.7839704126029998,25,20,20
48,9408,0.11921344617772568,0.040060263391280965,0.056762481205131665,0.7839638092258615,25,20,20
48,9409,0.11921344617772578,0.040060263391281034,0.05676394043404187,0.7839623499969512,25,20,20
48,9410,0.1192134461777218,0.04006026337738348,0.0566343737896092,0.7840919166552854,25,20,20
48,9411,0.10351115717519063,0.04006026357691297,0.07233666237257544,0.7840919168753208,25,20,20
48,9412,0.10351115717500851,0.0400602635769086,0.07233016973063182,0.7840984095174508,25,20,20
48,9413,0.10351115717500772,0.040060263576904384,0.07233016853945923,0.7840984107086284,25,20,20
48,9414,0.10351115718538985,0.04006026357690454,0.0723302257158975,0.7840983535218078,25,20,20
48,9415,0.11950808102228588,0.040060263727432883,0.056333301961694164,0.7840983532885868,25,20,20
48,9416,0.1195080810222859,0.04006760662545652,0.05632595906922825,0.784098353283029,25,20,20
48,9417,0.1195080810222827,0.040067606625456526,0.056332506297452074,0.7840918060548084,25,20,20
48,9418,0.11950808102228265,0.040067606625456526,0.05632791724412727,0.7840963951081333,25,20,20
48,9419,0.1195080810222826,0.040067606625456526,0.05632794349156442,0.7840963688606961,25,20,20
48,9420,0.11950808102228266,0.0400676066254566,0.05632794352198177,0.7840963688302786,25,20,20
48,9421,0.11950808102228265,0.0400676066254566,0.05633261630651056,0.7840916960457498,25,20,20
48,9422,0.11950808102228275,0.040067606625456526,0.056596684819400736,0.7838276275328596,25,20,20
48,9423,0.1471609407746492,0.04001078203747206,0.02900071559657182,0.7838275615913066,25,20,20
48,9424,0.1471609407656587,0.04001078205136668,0.0244604574599858,0.7883678197229886,25,20,20
48,9425,0.10801702274355876,0.04001080603502723,0.06323352343619819,0.7887386477852154,25,20,20
48,9426,0.10825397999653638,0.04001080606707331,0.06299646579581657,0.7887387481405734,25,20,20
48,9427,0.10825397999653638,0.04001080606707331,0.06299638532645849,0.7887388286099316,25,20,20
48,9428,0.1082539799965363,0.04001080606707323,0.06299487878587579,0.7887403351505146,25,20,20
48,9429,0.10825397998615417,0.04001080606707309,0.06299470973342497,0.7887405042133476,25,20,20
48,9430,0.10825397998615496,0.04001080606707739,0.0629949044299896,0.788740309516778,25,20,20
48,9431,0.10825397998615496,0.04001080606707739,0.06299490244263363,0.7887403115041338,25,20,20
48,9432,0.09669708935091961,0.040010810838102984,0.0731135501366528,0.7901785496743247,25,20,20
48,9433,0.09669708935091956,0.04001081083810292,0.07310706120414875,0.790185038606829,25,20,20
48,9434,0.096697089350919,0.04001081085173598,0.06242297181601528,0.80086912798133,25,20,20
48,9435,0.09669708935087055,0.04001081083784024,0.062290420915484424,0.8010016788958049,25,20,20
48,9436,0.09669708935087382,0.04001081083784024,0.062300540973756105,0.8009915588375298,25,20,20
48,9437,0.09669708935087382,0.04001081083784017,0.062300540249658455,0.8009915595616276,25,20,20
48,9438,0.09669708934049495,0.04001081083784003,0.06230198956862136,0.8009901102530438,25,20,20
48,9439,0.09669708934049495,0.04001081083784003,0.06267499442327298,0.8006171053983921,25,20,20
48,9440,0.09669708934049577,0.04001081083784003,0.06266853279322043,0.8006235670284438,25,20,20
48,9441,0.09669708934049645,0.04001081083784018,0.06240234061999245,0.800889759201671,25,20,20
48,9442,0.1083838227876587,0.040010805976291586,0.05215385062880797,0.799451520607242,25,20,20
48,9443,0.08352527138163239,0.04000140124235275,0.07701618836232663,0.7994571390136883,25,20,20
48,9444,0.08352527138163231,0.04000140124235282,0.07738455483596118,0.7990887725400537,25,20,20
48,9445,0.08352527138163157,0.04000140124235282,0.07738452758853523,0.7990887997874806,25,20,20
48,9446,0.08443150228727186,0.04000137689015701,0.07684914847604098,0.79871797234653,25,20,20
48,9447,0.08443150228727266,0.04000137689015709,0.07684262880391529,0.7987244920186548,25,20,20
48,9448,0.08443150287898467,0.04000137689040176,0.07647438068428687,0.7990927395463265,25,20,20
48,9449,0.08090887248610942,0.039999047043573606,0.08000499162309455,0.7990870888472223,25,20,20
48,9450,0.08090887248610697,0.03999904704357368,0.07999490838909136,0.7990971720812279,25,20,20
48,9451,0.08090887248610697,0.03999904703515048,0.07999490839741875,0.7990971720813236,25,20,20
48,9452,0.08090887248610622,0.03999904703490581,0.07999023667240356,0.7991018438065842,25,20,20
48,9453,0.08090887248610618,0.03999904703490574,0.07999012279306769,0.7991019576859202,25,20,20
48,9454,0.08090887248610618,0.03999904702109687,0.07962254796680918,0.7994695325259876,25,20,20
48,9455,0.08090887248610697,0.03999904702110108,0.07924964138256714,0.7998424391102248,25,20,20
48,9456,0.08090887248610615,0.03999904702110108,0.07924963934515317,0.7998424411476394,25,20,20
48,9457,0.07454604897102972,0.03999905137890741,0.08561131502565411,0.7998435846244095,25,20,20
48,9458,0.07454604897102897,0.03999905137890628,0.0966690334473805,0.788785866202685,25,20,20
48,9459,0.074546048971029,0.03999905137890629,0.09666894877045125,0.788785950879614,25,20,20
48,9460,0.07454604897107452,0.039999051378910425,0.09667089115554055,0.788784008494475,25,20,20
48,9461,0.07454969076725355,0.03999939433299353,0.0966669083266215,0.7887840065731314,25,20,20
48,9462,0.0745496907674072,0.0399993943447622,0.10291647803478286,0.7825344368530477,25,20,20
48,9463,0.07454969115764681,0.039999394381541854,0.14105801636677578,0.7443928980940361,25,20,20
48,9464,0.07358529792132275,0.039999399594154876,0.14202240675429978,0.7443928957302234,25,20,20
48,9465,0.07358529792136828,0.03999939959415066,0.14202887158604618,0.7443864308984355,25,20,20
48,9466,0.0735852979222096,0.038760892605142545,0.14326737826717764,0.7443864312054709,25,20,20
48,9467,0.07358529792216731,0.038760892605142545,0.1432655079267596,0.7443883015459312,25,20,20
48,9468,0.07358529792216975,0.03876089260514247,0.1432700546923424,0.744383754780346,25,20,20
48,9469,0.07358529792198815,0.038760892591240416,0.14315123169535582,0.7445025777914163,25,20,20
48,9470,0.07358529792198813,0.038760892591240416,0.14315122945672967,0.7445025800300423,25,20,20
48,9471,0.07358529792216945,0.03876089259124456,0.1431558501941609,0.7444979592924256,25,20,20
48,9472,0.07358529792220528,0.038760892591248104,0.14941725755801946,0.7382365519285276,25,20,20
48,9473,0.07358529792220528,0.03876089259124818,0.14941717685328446,0.7382366326332626,25,20,20
48,9474,0.07358529793258492,0.038760892591492686,0.14942373747740598,0.7382300719985169,25,20,20
48,9475,0.07358529734087288,0.038760892591248014,0.14941894733824604,0.7382348627296335,25,20,20
48,9476,0.0735999646975087,0.03878059110771198,0.14938455256608849,0.7382348916286913,25,20,20
48,9477,0.07359996469750875,0.03878059110771198,0.1493780573324412,0.7382413868623385,25,20,20
48,9478,0.07359996469755424,0.038780591107953497,0.1383249771915347,0.749294467002958,25,20,20
48,9479,0.07359996469755736,0.038780591107953497,0.13832959763804392,0.7492898465564456,25,20,20
48,9480,0.0735999646967196,0.0399881704559843,0.13712201859798206,0.7492898462493143,25,20,20
48,9481,0.07358698293248603,0.039977550348825906,0.13714564914968275,0.7492898175690057,25,20,20
48,9482,0.07358698293248916,0.03997755034882583,0.13714066802326955,0.7492947986954158,25,20,20
48,9483,0.07358698293260355,0.00039097866162174605,0.17672723953803252,0.7492947988677437,25,20,20
48,9484,0.07358698293255803,0.00039097866162174605,0.17673031553559249,0.7492917228702293,25,20,20
48,9485,0.07358698293255479,0.00039097866162181733,0.17673526682562435,0.7492867715802005,25,20,20
48,9486,0.07358529257369426,0.0003819013873405919,0.17674603468339536,0.7492867713555711,25,20,20
48,9487,0.07358529257369428,0.0003819013873405907,0.17711533362803528,0.7489174724109315,25,20,20
48,9488,0.07358529257369105,0.0003819013873405154,0.17711071272053613,0.7489220933184341,25,20,20
48,9489,0.07994720114652075,0.00038189702953615463,0.1707499519820166,0.7489209498419281,25,20,20
48,9490,0.07994720114911508,0.0003818970297764466,0.170756460572154,0.7489144412489559,25,20,20
48,9491,0.07978757487111204,0.00038189718170437677,0.17091481017413673,0.7489157177730468,25,20,20
48,9492,0.04112159036494523,0.0004031273485584873,0.2038908859260154,0.7545843963604808,25,20,20
48,9493,0.04050311414420172,0.0003818974771638958,0.21020058231921215,0.748914406059422,25,20,20
48,9494,0.04050311414420172,0.00038189747716389457,0.21020058032158104,0.7489144080570533,25,20,20
48,9495,0.04050311414416264,0.00038189747716027545,0.20393458468035533,0.7551804036983217,25,20,20
48,9496,0.04050311414411791,0.00038189747691568047,0.20393635618557923,0.7551786321933872,25,20,20
48,9497,0.04050311414411716,0.0003818974769156806,0.20392977867686402,0.7551852097021032,25,20,20
48,9498,0.04050311414416269,0.00038189747692426155,0.2039343706899755,0.7551806176889376,25,20,20
48,9499,0.040503114145309035,3.498304467001574e-07,0.19954708869777082,0.7599494473264733,25,20,20
48,9500,0.0405031141453059,3.498304466261657e-07,0.1995501685142098,0.7599463675100374,25,20,20
48,9501,0.0799763921971109,3.4935100926281965e-07,0.16007695610767547,0.7599463023442037,25,20,20
48,9502,0.07997639219711171,3.493512538590696e-07,0.1600817105635767,0.759941547888057,25,20,20
48,9503,0.07984306163069603,3.4944816216584185e-07,0.160215016408603,0.7599415725125381,25,20,20
48,9504,0.07984306163065057,3.4944815784792904e-07,0.16047664320090263,0.7596799457202884,25,20,20
48,9505,0.07984306162975834,3.4955465301188773e-07,0.1651514168860222,0.7550051719295662,25,20,20
48,9506,0.07984306162994045,3.495546529379575e-07,0.1651468266653911,0.7550097621500153,25,20,20
48,9507,0.08398296641458637,9.935007751296e-05,0.16090791935559934,0.755009764152301,25,20,20
48,9508,0.08398296641448127,9.935007964631607e-05,0.15478984840655705,0.7611278350993155,25,20,20
48,9509,0.08398296641452681,9.935007964631868e-05,0.15479007947444742,0.7611276040313796,25,20,20
48,9510,0.08398296641434469,9.935007964202627e-05,0.1547853736546962,0.7611323098513172,25,20,20
48,9511,0.06644191600953751,9.935008673241327e-05,0.1723263696138809,0.7611323642898493,25,20,20
48,9512,0.09854353075307454,6.611071832138138e-09,0.14032410085333935,0.7611323617825144,25,20,20
48,9513,0.09854353075312323,6.611076198101481e-09,0.13995894565838796,0.7614975169774127,25,20,20
48,9514,0.09854353075312718,6.611080563404449e-09,0.1399612029580945,0.7614952596776977,25,20,20
48,9515,0.09854353075294504,6.61108048941014e-09,0.1399610937772745,0.7614953688587001,25,20,20
48,9516,0.0985435307425646,6.6108359058843026e-09,0.13995447117843118,0.7615019914681683,25,20,20
48,9517,0.09854353074256465,6.610840197498688e-09,0.139954668412794,0.7615017942338014,25,20,20
48,9518,0.09854353074261012,6.610835983126292e-09,0.13995479656348137,0.7615016660830727,25,20,20
48,9519,0.09854353074260612,6.6108316177546e-09,0.13995254419350037,0.761503918453062,25,20,20
48,9520,0.09854353074260612,6.610835906085439e-09,0.13995914821405658,0.7614973144325015,25,20,20
48,9521,0.09854353074260612,6.610835830816518e-09,0.1399590657460691,0.761497396900489,25,20,20
48,9522,0.09854353074005606,6.610591320497679e-09,0.14037653923686336,0.7610799234124893,25,20,20
48,9523,0.09854353074001374,6.610591394480686e-09,0.1403699219074263,0.7610865407419687,25,20,20
48,9524,0.09854353074001374,6.610587103531594e-09,0.1403634318613479,0.7610930307880515,25,20,20
48,9525,0.09854353074260884,6.610591469747123e-09,0.1403701682299088,0.7610862944168909,25,20,20
48,9526,0.09854353089052953,6.610836081662849e-09,0.14011067018924042,0.761345792309394,25,20,20
48,9527,0.09854353089057186,6.610836007679841e-09,0.14011728751867747,0.7613391749799148,25,20,20
48,9528,0.09854353089057186,6.610840344210125e-09,0.14038350431464536,0.7610729581839426,25,20,20
48,9529,0.09854353089056866,6.61084026892752e-09,0.14037880137512962,0.7610776611234616,25,20,20
48,9530,0.09854353089056866,6.610840268950687e-09,0.14037871337624638,0.7610777491223449,25,20,20
48,9531,0.09854353089056865,6.610840268985269e-09,0.14037222443446384,0.7610842380641274,25,20,20
48,9532,0.09854353089056944,6.610840270328469e-09,0.14037450411821722,0.7610819583803733,25,20,20
48,9533,0.11607600344610586,6.603863707645586e-09,0.12284198902878597,0.7610820009212447,25,20,20
48,9534,0.11607600344610586,6.6038637089201515e-09,0.12284207505052089,0.7610819148995097,25,20,20
48,9535,0.11607600344610586,6.603863708865419e-09,0.12284674737908018,0.7610772425709504,25,20,20
48,9536,0.11607600344605727,6.589961683162678e-09,0.12271533261809502,0.7612086573458862,25,20,20
48,9537,0.11607600329813651,6.5897128068985375e-09,0.12270849997584352,0.7612154901363074,25,20,20
48,9538,0.1160760033085172,6.5899573769909285e-09,0.12271728953526974,0.761206700566256,25,20,20
48,9539,0.11607600331889754,6.590202034710186e-09,0.12272386219598895,0.7612001278949116,25,20,20
48,9540,0.11607600339804719,1.0024946194584033e-05,0.12271384376547279,0.7612001278902852,25,20,20
48,9541,0.11607600339804713,1.0024946194584033e-05,0.12270922136613008,0.761204750289628,25,20,20
48,9542,0.11607600339805034,1.0024946194660623e-05,0.12270933714350114,0.7612046345122536,25,20,20
48,9543,0.11607600339804959,1.0024945950139641e-05,0.1227045847254738,0.761209386930526,25,20,20
48,9544,0.11607600339545453,1.0024945945849989e-05,0.12269796423387996,0.7612160074247192,25,20,20
48,9545,0.11607600339545772,1.0024945950138525e-05,0.12270258731483094,0.7612113843437607,25,20,20
48,9546,0.11607600339545772,1.0024945950139799e-05,0.1227025866958879,0.7612113849627038,25,20,20
48,9547,0.11607600339545772,1.0024945954428798e-05,0.12270266948060932,0.7612113021779782,25,20,20
48,9548,0.11607600339545453,1.0024945954353527e-05,0.12270255511500658,0.7612114165435842,25,20,20
48,9549,0.11607600331644143,0.0005647445315741219,0.12214783560845277,0.7612114165435314,25,20,20
48,9550,0.11607600331644458,0.0005647445315784134,0.12214541484032698,0.7612138373116497,25,20,20
48,9551,0.11607600331644377,0.0005647445315784135,0.12214313657861711,0.7612161155733603,25,20,20
48,9552,0.11607600331644372,0.0005647445315783382,0.12214302270803834,0.7612162294439392,25,20,20
48,9553,0.11607600331639825,0.0005647445315782629,0.12213629085334934,0.7612229612986738,25,20,20
48,9554,0.11607600331639825,0.0005647445315783383,0.12214099072424978,0.7612182614277734,25,20,20
48,9555,0.11607600332673475,0.0005647445315826304,0.12171918551206554,0.7616400666296169,25,20,20
48,9556,0.11607600332673154,0.000564744531578339,0.12172160625077626,0.7616376458909138,25,20,20
48,9557,0.11607600332673154,0.0005647445315782922,0.12145997711996939,0.7618992750217205,25,20,20
48,9558,0.11564936105807985,0.0005647548229025711,0.12188523422205236,0.761900649896965,25,20,20
48,9559,0.11564936105803433,0.0005647548229025698,0.12188500514151794,0.761900878977545,25,20,20
48,9560,0.0989982003209785,0.0005647550420619648,0.1385330377898416,0.7619040068471179,25,20,20
48,9561,0.09899820032097852,0.0005647550423064718,0.13853504098772376,0.7619020036489911,25,20,20
48,9562,0.0989982003209785,0.0005647550423064718,0.13853492757370925,0.7619021170630057,25,20,20
48,9563,0.09899820032098243,0.0005647550562048844,0.13866454775284764,0.7617724968699651,25,20,20
48,9564,0.09899820032097845,0.0005647550423064718,0.1385396266056752,0.7618974180310398,25,20,20
48,9565,0.09899820032097843,0.0005647550420619972,0.14959083702646886,0.7508462076104904,25,20,20
48,9566,0.09899838793090489,0.0005650074969966066,0.15144221119502366,0.7489943933770752,25,20,20
48,9567,0.0994364903463075,0.0005649971103258122,0.1510054944862443,0.7489930180571227,25,20,20
48,9568,0.09943649034630758,0.0005649971103257045,0.1399523095439094,0.7600462029994577,25,20,20
48,9569,0.09943649034630443,0.0005649971103257396,0.14032070927353255,0.7596778032698376,25,20,20
48,9570,0.09943649034630445,0.0005649971103256657,0.14031612391241288,0.7596823886309574,25,20,20
48,9571,0.0994364903463045,0.000564997110325667,0.14031601286306158,0.7596824996803084,25,20,20
48,9572,0.0994364903463045,0.0005649971103257423,0.1403113982297732,0.7596871143135968,25,20,20
48,9573,0.09943649034630765,0.0005649971103258902,0.14031800019633425,0.7596805123470324,25,20,20
48,9574,0.0994364939237667,0.0005649970038020311,0.13192927621619982,0.7680692328562319,25,20,20
48,9575,0.09943649392376676,0.0005649970038021064,0.131924690281643,0.7680738187907886,25,20,20
48,9576,0.09943649392373603,0.0005649970035533071,0.13204316854995654,0.7679553405227547,25,20,20
48,9577,0.09943649787396155,0.000982842256833331,0.13162531935078964,0.7679553405184164,25,20,20
48,9578,0.09943649787396155,0.0009828422568333296,0.13163192434589227,0.7679487355233136,25,20,20
48,9579,0.09943649796236974,0.0009828422583488222,0.13576848429719335,0.7638121754820888,25,20,20
48,9580,0.09943649796236974,0.000982842258348821,0.13577307086660664,0.7638075889126756,25,20,20
48,9581,0.09943649796241269,0.0009828422583486743,0.13590991174600106,0.7636707480332383,25,20,20
48,9582,0.09943649796241269,0.0009828422583488222,0.13628301225849748,0.7632976475207416,25,20,20
48,9583,0.09943649894392494,0.000982842367777663,0.14062919802429158,0.7589514606640059,25,20,20
48,9584,0.09943649894392813,0.0009828423677775901,0.14063078637248666,0.7589498723158076,25,20,20
48,9585,0.09943867927071957,0.000983048250467769,0.14057246647379162,0.7590058060050208,25,20,20
48,9586,0.09943867926033803,0.0009830482504634033,0.1405701207750565,0.7590081517141418,25,20,20
48,9587,0.09943867926033803,0.0009830482504634033,0.1405700082786043,0.759008264210594,25,20,20
48,9588,0.09943867926029266,0.000983048264404149,0.1404347364009573,0.759143536074346,25,20,20
48,9589,0.09943650169463325,0.0009831259436028435,0.14049279919073945,0.7590875731710242,25,20,20
48,9590,0.0994365016842526,0.0009831259433582735,0.14048397683193195,0.7590963955404567,25,20,20
48,9591,0.09943650183081595,0.0009831259436005365,0.14085767359178297,0.7587226986337999,25,20,20
48,9592,0.09943650183081681,0.0009831259436006116,0.14085914576621916,0.7587212264593629,25,20,20
48,9593,0.09943650183081681,0.0009831259436006857,0.14085922683137408,0.7587211453942079,25,20,20
48,9594,0.0994363142409859,0.0009830011624889904,0.14085953956960037,0.758721145026925,25,20,20
48,9595,0.09943631424098269,0.0009830011624889878,0.14085783594488788,0.7587228486516405,25,20,20
48,9596,0.09943631424098263,0.0009830011624889137,0.14086245468781752,0.7587182299087109,25,20,20
48,9597,0.09943631424098263,0.0009830011624889126,0.1408640755254846,0.7587166090710439,25,20,20
48,9598,0.09943631424098191,0.0009830011485481654,0.14085595722613167,0.7587247273843383,25,20,20
48,9599,0.09943631423063223,0.0009830011485480166,0.14073071106036739,0.7588499735604524,25,20,20
48,9600,0.09943631408425095,0.0009830011483058273,0.14035860483179388,0.7592220799356493,25,20,20
48,9601,0.09943631408425174,0.0009830011483059026,0.14036520986684345,0.7592154749005988,25,20,20
48,9602,0.09943631408425169,0.0009830011483015779,0.13999210794373718,0.7595885768237095,25,20,20
48,9603,0.09943631408425169,0.0009830011483015792,0.13999218705626926,0.7595884977111773,25,20,20
48,9604,0.09943631408425167,0.0009830011483017284,0.13999218602784866,0.7595884987395977,25,20,20
48,9605,0.09943648655442151,7.149667794742275e-06,0.1409678551506017,0.7595885086271815,25,20,20
48,9606,0.09943648655442472,7.149667799108479e-06,0.14097449968326725,0.7595818640945083,25,20,20
48,9607,0.09943648655424257,7.14966779903317e-06,0.14097290912712757,0.7595834546508303,25,20,20
48,9608,0.09943648655424255,7.149667799030576e-06,0.14097301682160343,0.7595833469563544,25,20,20
48,9609,0.09943648655419388,7.14966779473988e-06,0.14096645099155525,0.7595899127864556,25,20,20
48,9610,0.09943648655419388,7.149667798957062e-06,0.14097103926712362,0.759585324510883,25,20,20
48,9611,0.09943648655419303,7.1496677946656055e-06,0.14097164799640668,0.759584715781605,25,20,20
48,9612,0.0994364865541931,7.149667794592964e-06,0.14096705519984817,0.7595893085781634,25,20,20
48,9613,0.0994364865541931,7.149667794594263e-06,0.14096930489950238,0.7595870588785091,25,20,20
48,9614,0.0994364865551111,7.164639829730105e-06,0.16774967140320762,0.7328066774018503,25,20,20
48,9615,0.09943650182713663,1.183895651122554e-05,0.16774497477316444,0.732806684443187,25,20,20
48,9616,0.09943650182713668,1.1838956754219859e-05,0.1680066254583766,0.7325450337577318,25,20,20
48,9617,0.09943650182713663,1.1838956511224219e-05,0.16774035541835466,0.7328113037979967,25,20,20
48,9618,0.09943650182713658,1.1838956511299486e-05,0.16774030820691926,0.7328113510094321,25,20,20
48,9619,0.09943650182713665,1.183895650715887e-05,0.1677422088647103,0.732809450351645,25,20,20
48,9620,0.09943650182713658,1.1838956507083627e-05,0.16773568712385414,0.7328159720925015,25,20,20
48,9621,0.09943650182713659,1.1838956507085028e-05,0.1673626679784849,0.7331889912378706,25,20,20
48,9622,0.09943650182713659,1.1838956507160273e-05,0.16735614402056911,0.7331955151957863,25,20,20
48,9623,0.09267760782118438,1.1843392037568963e-05,0.17411501690869396,0.7331955318780834,25,20,20
48,9624,0.09267760782136297,1.1843392277355105e-05,0.17419807986623986,0.733112468920119,25,20,20
48,9625,0.09267760782136618,1.184339227743167e-05,0.17419654152624026,0.7331140072601154,25,20,20
48,9626,0.09267760782119078,1.1843392033355924e-05,0.1741135629346898,0.7331969858520854,25,20,20
48,9627,0.09267760782119076,1.1843392033281909e-05,0.1741135608320455,0.7331969879547298,25,20,20
48,9628,0.09267760782123631,1.1843392033209237e-05,0.174113708847425,0.7331968399393048,25,20,20
48,9629,0.09267760782123631,1.1843392033209283e-05,0.17411366692794414,0.7331968818587856,25,20,20
48,9630,0.09267760782123631,1.1843392033135335e-05,0.17411369901219814,0.7331968497745318,25,20,20
48,9631,0.09267760782123631,1.1843392033211368e-05,0.17437999139372093,0.7329305573930088,25,20,20
48,9632,0.09267760782123637,1.1843392033286612e-05,0.17437999214268135,0.7329305566440483,25,20,20
48,9633,0.09267760782123637,1.1843392033360607e-05,0.17437999353514338,0.7329305552515862,25,20,20
48,9634,0.09267760782123557,1.1843392033285304e-05,0.1743799935044765,0.7329305552822539,25,20,20
48,9635,0.09267760782123556,1.1843392033359284e-05,0.17437999125690834,0.7329305575298222,25,20,20
48,9636,0.09267760782123875,1.1843392033508548e-05,0.17438013382704332,0.7329304149596838,25,20,20
48,9637,0.10883231078436827,1.1843531799114832e-05,0.15822855976937014,0.7329272859144622,25,20,20
48,9638,0.10883231078436827,1.1843531799039565e-05,0.15822844448293205,0.7329274012009005,25,20,20
48,9639,0.10913486749314527,3.223421711419038e-05,0.15790550490539468,0.7329273933843458,25,20,20
48,9640,0.10913486749314522,3.223421711411641e-05,0.15790330621506907,0.7329295920746717,25,20,20
48,9641,0.1346589824478398,5.105589136096541e-06,0.13240632140486874,0.7329295905581554,25,20,20
48,9642,0.13465898244788532,5.105589144528264e-06,0.13241094346252189,0.7329249685004484,25,20,20
48,9643,0.14833628779088143,5.110585605786998e-06,0.11873360970740084,0.7329249919161116,25,20,20
48,9644,0.11615663582001332,5.134208111861151e-06,0.15090591404244316,0.7329323159294315,25,20,20
48,9645,0.11615663582001418,5.134208111936434e-06,0.15090811066826726,0.7329301193036063,25,20,20
48,9646,0.11615663581996868,5.134208111935137e-06,0.15091448660260842,0.7329237433693108,25,20,20
48,9647,0.10979012385709902,5.129094264585965e-06,0.15728102746701544,0.7329237195816205,25,20,20
48,9648,0.10979012385709902,5.129094268801603e-06,0.15728535581273564,0.7329193912358961,25,20,20
48,9649,0.10979012385705357,5.129094504126781e-06,0.1574101719180322,0.7327945751304097,25,20,20
48,9650,0.10979010817617307,1.4747443935621179e-05,0.15740057629393467,0.7327945680859572,25,20,20
48,9651,0.10979010817616669,1.4747443935545898e-05,0.157393848807042,0.7328012955728563,25,20,20
48,9652,0.11027746311397775,1.4747085233958737e-05,0.15690658833014068,0.7328012014706481,25,20,20
48,9653,0.11340438830648195,1.4751387379233529e-05,0.1537796016384096,0.7328012586677297,25,20,20
48,9654,0.113404388306482,1.4751387379233507e-05,0.15378430312572489,0.7327965571804146,25,20,20
48,9655,0.11340438830648189,1.4751387379230864e-05,0.15378430791075984,0.7327965523953794,25,20,20
48,9656,0.11340438107734409,1.4816304744909158e-05,0.1536895182501461,0.7328912843677657,25,20,20
48,9657,0.1134043810773892,1.4816304987250571e-05,0.1540625573121598,0.7325182453054646,25,20,20
48,9658,0.11340438107997583,1.4816304983109507e-05,0.15419480644271233,0.7323859961723295,25,20,20
48,9659,0.11340438107997983,1.4816305227648612e-05,0.15419635454383204,0.7323844480709613,25,20,20
48,9660,0.11340438107998063,1.481630522779915e-05,0.15419632519129503,0.7323844774234973,25,20,20
48,9661,0.11340438107998069,1.481630522772439e-05,0.15393007476439038,0.7326507278504019,25,20,20
48,9662,0.11340438107993561,1.4816304985381681e-05,0.15355703713061644,0.7330237654844634,25,20,20
48,9663,0.11340438107993556,1.4816304985305138e-05,0.1535569225202215,0.7330238800948582,25,20,20
48,9664,0.11340438107993554,1.4816304985302499e-05,0.15355464298335686,0.7330261596317227,25,20,20
48,9665,0.11340438117614815,1.4816314053361587e-05,0.167540799079956,0.7190400034298421,25,20,20
48,9666,0.07462637377686782,1.6769274644183082e-05,0.17606518911621674,0.7492916678322709,25,20,20
48,9667,0.07344485097926756,1.481631371619844e-05,0.1675004536421219,0.759039879064894,25,20,20
48,9668,0.0734448509792708,1.481631371612316e-05,0.16780961633543576,0.7587307163715771,25,20,20
48,9669,0.07344485097927081,1.4816313716125753e-05,0.16780961976571118,0.7587307129413017,25,20,20
48,9670,0.07252788318932421,1.481632905704827e-05,0.16873381865216408,0.758723481829454,25,20,20
48,9671,0.0731535472420397,1.4812025466633048e-05,0.16810821610700855,0.7587234246254847,25,20,20
48,9672,0.07315354724203575,1.4812025222019975e-05,0.16810666844983532,0.7587249722829066,25,20,20
48,9673,0.07315354724203496,1.4812025221944682e-05,0.16810662837127568,0.758725012361467,25,20,20
48,9674,0.0662563001653601,1.4816224731988901e-05,0.17493890081659547,0.7587899827933122,25,20,20
48,9675,0.0662563014307804,0.00025691027467254963,0.17469680549732058,0.7587899827972266,25,20,20
48,9676,0.06625632369399295,3.9600359004211617e-07,0.17495329750271268,0.7587899827997046,25,20,20
48,9677,0.06625632369403849,3.960035900434104e-07,0.17495561604514673,0.7587876642572252,25,20,20
48,9678,0.06754211535669827,4.051750362899536e-07,0.17366981365773476,0.7587876658105311,25,20,20
48,9679,0.06754211535673814,4.058772330391873e-07,0.17832945614197931,0.7541280226240498,25,20,20
48,9680,0.067542115356899,4.0587720532927035e-07,0.18285907359118017,0.7495984051747158,25,20,20
48,9681,0.06754211535431243,4.0589101834122694e-07,0.1830963016427724,0.7493611771118971,25,20,20
48,9682,0.06754211535431241,4.0589101412556905e-07,0.18308977820297495,0.7493677005516985,25,20,20
48,9683,0.0675421153543156,4.0589101420086043e-07,0.18308978163302736,0.749367697121643,25,20,20
48,9684,0.06754211535427093,4.058910226274836e-07,0.18346048406718574,0.7489969946875209,25,20,20
48,9685,0.06754238337939884,6.351133723183818e-08,0.1835552611914591,0.7489022919178051,25,20,20
48,9686,0.0675423833793566,6.28091404073431e-08,0.17890437307809523,0.7535531807334079,25,20,20
48,9687,0.06754238337935894,6.280938487200833e-08,0.17890383105563765,0.7535537227556189,25,20,20
48,9688,0.06754238328314315,6.280031673765318e-08,0.1649175924510953,0.7675399614654451,25,20,20
48,9689,0.06754238328332521,6.278650365089973e-08,0.16454508006578578,0.7679124738643857,25,20,20
48,9690,0.06754238328332521,6.278650365089973e-08,0.1645451905192318,0.7679123634109395,25,20,20
48,9691,0.0675423832833244,6.27865036508919e-08,0.1645364075024272,0.7679211464277449,25,20,20
48,9692,0.06754238328332447,6.278650786709363e-08,0.16453807364310444,0.7679194802870632,25,20,20
48,9693,0.0675423832833276,6.278650794368011e-08,0.16453961319191937,0.767917940738245,25,20,20
48,9694,0.08571497962181385,5.65759941862377e-08,0.14636705267949707,0.767917911122695,25,20,20
48,9695,0.08571497962181704,5.65759941875328e-08,0.1463686478364525,0.7679163159657365,25,20,20
48,9696,0.05606912239891881,6.539662241659821e-05,0.17600875905253457,0.7678567219261297,25,20,20
48,9697,0.05606912239891881,6.539662241659821e-05,0.17601345887670258,0.7678520221019619,25,20,20
48,9698,0.056069122408091615,6.539663473595884e-05,0.1806729058396149,0.7631925751175573,25,20,20
48,9699,0.056069122408090866,6.539663473580829e-05,0.1806776190311333,0.7631878619260397,25,20,20
48,9700,0.058891917613051264,5.244488579284329e-08,0.17792467594982844,0.7631833539922341,25,20,20
48,9701,0.05889191761289358,5.2444669597939465e-08,0.17327023942688982,0.7678377905155466,25,20,20
48,9702,0.058891917612890435,5.244466952139636e-08,0.17327026453454486,0.767837765407895,25,20,20
48,9703,0.058891917612887236,5.244466952010131e-08,0.17326863653411703,0.7678393934083259,25,20,20
48,9704,0.058891917623269355,5.2444678028089684e-08,0.1732688338051124,0.76783919612694,25,20,20
48,9705,0.07375527992976968,5.252236645083919e-08,0.15840545103317857,0.767839216514685,25,20,20
48,9706,0.07375527992977288,5.252236652433197e-08,0.15866709570687504,0.7675775718409852,25,20,20
48,9707,0.07375527992977292,5.252236660091887e-08,0.15866391958528628,0.7675807479625739,25,20,20
48,9708,0.07375527992977284,5.252236652694939e-08,0.15866890220883553,0.7675757653390248,25,20,20
48,9709,0.07375527992977203,5.2522358025015246e-08,0.15830050165436751,0.767944165893502,25,20,20
48,9710,0.07375527992977203,5.25223580250154e-08,0.15829591426762277,0.7679487532802469,25,20,20
48,9711,0.07375527992976878,5.2522358024992025e-08,0.15829283222425786,0.7679518353236149,25,20,20
48,9712,0.0737552799296322,5.2522362241196326e-08,0.15829291252310676,0.7679517550248984,25,20,20
48,9713,0.07375527992963218,5.252236238813646e-08,0.15855762398240808,0.7676870435655971,25,20,20
48,9714,0.07375527992064151,5.2510287684977294e-08,0.15390488009487302,0.7723397874741975,25,20,20
48,9715,0.07253976064935092,7.224149759317497e-08,0.1551203787634802,0.7723397883456714,25,20,20
48,9716,0.07253976064935092,7.224149766714198e-08,0.15512254244155269,0.7723376246675988,25,20,20
48,9717,0.07253976064935491,7.22415019600777e-08,0.15512262531210835,0.7723375417970348,25,20,20
48,9718,0.07253976064935176,7.22414977421638e-08,0.15525195102534434,0.7722082160838062,25,20,20
48,9719,0.07253976064935172,7.22414977408435e-08,0.1552454264798268,0.7722147406293236,25,20,20
48,9720,0.07253976064934853,7.224149766555372e-08,0.15525040922532107,0.7722097578838324,25,20,20
48,9721,0.07255735714607076,8.683896228947014e-08,0.16845233397402656,0.7589902220409401,25,20,20
48,9722,0.07248820413626463,5.77808736845004e-08,0.16851420017763086,0.7589975379052306,25,20,20
48,9723,0.07248820413626458,5.778087368452292e-08,0.1685096131646163,0.7590021249182451,25,20,20
48,9724,0.07248820413626772,5.77808779774349e-08,0.16850970610317745,0.7590020319796764,25,20,20
48,9725,0.07248820413626773,5.778087805402392e-08,0.1685097067253562,0.7590020313574978,25,20,20
48,9726,0.07248820413626773,5.7780878055366164e-08,0.16851631288617838,0.7589954251966756,25,20,20
48,9727,0.07248820413626766,5.778087376387314e-08,0.16851456230449163,0.7589971757783668,25,20,20
48,9728,0.07248820413627083,5.778111603155576e-08,0.16862135184740473,0.7588903862352079,25,20,20
48,9729,0.07248820413627083,5.7781120321389074e-08,0.1686194512108349,0.7588922868717735,25,20,20
48,9730,0.07248820413627083,5.77811203214338e-08,0.1686260596097603,0.7588856784728482,25,20,20
48,9731,0.07269334153696778,0.0005782002938957621,0.1678427351363283,0.7588857230328075,25,20,20
48,9732,0.07269334153696462,0.0005782002936533448,0.16746961266324387,0.7592588455061375,25,20,20
48,9733,0.07276257294465818,0.0005782002938221015,0.16740769955095997,0.7592515272105591,25,20,20
48,9734,0.07276257294465824,0.0005782002938221015,0.16740117727942377,0.7592580494820951,25,20,20
48,9735,0.07260269844927533,5.4203708148793606e-08,0.16813924247202777,0.7592580048749883,25,20,20
48,9736,0.07922389944850311,5.421778061760402e-08,0.16143988014898583,0.7593361661847307,25,20,20
48,9737,0.07352109563965863,5.412601992361586e-08,0.16722086574402195,0.7592579844903,25,20,20
48,9738,0.0735210956396555,5.4125775309695444e-08,0.16722383157175144,0.7592550186628182,25,20,20
48,9739,0.07357679761725076,2.6592147564203265e-07,0.16394369504055167,0.7624792414207222,25,20,20
48,9740,0.07357679760686946,2.659214714251664e-07,0.1639481188937565,0.7624748175779029,25,20,20
48,9741,0.07357679760686944,2.659214714991292e-07,0.16394621594093153,0.7624767205307278,25,20,20
48,9742,0.0735767976068702,2.659214714991753e-07,0.16394162941449886,0.7624813070571598,25,20,20
48,9743,0.07357679760705232,2.659217161870049e-07,0.1639432640680682,0.7624796724031636,25,20,20
48,9744,0.04874224960327592,5.260702362236797e-07,0.18501303916798467,0.7662441851585037,25,20,20
48,9745,0.04874224960327512,5.260702362223592e-07,0.18501303866518146,0.7662441856613076,25,20,20
48,9746,0.048742249605843814,5.260840359248539e-07,0.18515927608294677,0.7660979482271739,25,20,20
48,9747,0.04861710109810646,3.361486571287069e-07,0.1881702108347591,0.7632123519184774,25,20,20
48,9748,0.04861710109810567,3.361486570534467e-07,0.18817021079362417,0.7632123519596132,25,20,20
48,9749,0.04861710109810567,3.3614865283758475e-07,0.18816562251873437,0.7632169402345074,25,20,20
48,9750,0.04861710109810567,3.361486527622936e-07,0.18816550665670795,0.7632170560965338,25,20,20
48,9751,0.04861710109828783,3.3614865276361427e-07,0.18817172946468796,0.7632108332883716,25,20,20
48,9752,0.04861710109828778,3.361486526870477e-07,0.18817172802236196,0.7632108347306976,25,20,20
48,9753,0.04861710109828778,3.3614865268834544e-07,0.1881717280122842,0.7632108347407754,25,20,20
48,9754,0.049562503650861324,3.0807369211836e-07,0.18722648726419894,0.7632107010112483,25,20,20
48,9755,0.04956250365086392,3.0859041381636903e-07,0.20122076786674353,0.7492164198919784,25,20,20
48,9756,0.04956250364829251,3.085766140880711e-07,0.21477838745060363,0.7356588003244893,25,20,20
48,9757,0.0495625036482957,3.085766140866048e-07,0.21486840541820226,0.7355687823568877,25,20,20
48,9758,0.049562503648295196,3.085766141142067e-07,0.20089828334725626,0.749538904427835,25,20,20
48,9759,0.049562503648295196,3.085766140402448e-07,0.20089358418837958,0.7495436035867118,25,20,20
48,9760,0.049562503648295245,3.0857661404024436e-07,0.20089358493418136,0.7495436028409099,25,20,20
48,9761,0.04956250364829211,3.085768543325627e-07,0.2009000159088934,0.7495371718659605,25,20,20
48,9762,0.07181180272383438,3.085768485294445e-07,0.17865071585200706,0.7495371728473106,25,20,20
48,9763,0.07181180272383118,3.085768484556461e-07,0.17855842175475586,0.7496294669445649,25,20,20
48,9764,0.0718055994970568,3.2983167959343693e-07,0.17856460369553193,0.7496294669757323,25,20,20
48,9765,0.07174894369594444,2.830862180526364e-07,0.1786213039202794,0.7496294692975587,25,20,20
48,9766,0.07174894369594448,2.830862179786656e-07,0.17862133047872164,0.7496294427391165,25,20,20
48,9767,0.07174894369594448,2.830859734699784e-07,0.1786148128396734,0.7496359603784093,25,20,20
48,9768,0.07174894369594131,2.830859735452388e-07,0.17830374724385606,0.7499470259742297,25,20,20
48,9769,0.0784852612190659,2.830855810620995e-07,0.1715674294794034,0.74994702621595,25,20,20
48,9770,0.0784852612190659,2.830855810620995e-07,0.17156742947940348,0.74994702621595,25,20,20
48,9771,0.07848526121906664,2.8308582558311153e-07,0.17156756311408,0.7499468925810282,25,20,20
48,9772,0.07848526121906745,2.8308582565940713e-07,0.17169708407959694,0.7498173716155104,25,20,20
48,9773,0.07848526121906745,2.8308582565940713e-07,0.17169716654640937,0.7498172891486979,25,20,20
48,9774,0.09525489723592456,2.83085823416877e-07,0.154927531492935,0.7498172881853172,25,20,20
48,9775,0.09525489723574562,2.8309951803176727e-07,0.1549381019064443,0.7498067177582921,25,20,20
48,9776,0.10966292863283672,2.2954812327130966e-08,0.14429484241429485,0.7460422059980558,25,20,20
48,9777,0.10341848438438739,7.140634307292408e-06,0.15049825555243657,0.7460761194288683,25,20,20
48,9778,0.10341848438438739,7.140634307293707e-06,0.15049817647069985,0.7460761985106052,25,20,20
48,9779,0.1034184843843874,7.140634551890529e-06,0.15049631157262663,0.7460780634084339,25,20,20
48,9780,0.1034184843843419,7.140634547674328e-06,0.15049464542816188,0.7460797295529482,25,20,20
48,9781,0.09714104244369269,7.140590781783594e-06,0.121440863910475,0.7814109530550506,25,20,20
48,9782,0.09714104244369269,7.140590537188071e-06,0.12143612379441328,0.781415693171357,25,20,20
48,9783,0.0971402843224046,0.0005992183067710196,0.12118256151369161,0.7810779358571327,25,20,20
48,9784,0.09714028432244982,0.0005992183070139871,0.12144421022718832,0.7808162871433477,25,20,20
48,9785,0.09714028432249534,0.0005992183072627804,0.12145175346086318,0.7808087439093786,25,20,20
48,9786,0.09714028432249534,0.000599218307262783,0.12145637278720409,0.7808041245830377,25,20,20
48,9787,0.09714028451259639,0.0005992180447415246,0.13466856207408764,0.7675919353685748,25,20,20
48,9788,0.09714028451264191,0.0005992180447458886,0.1346662628415503,0.7675942346010622,25,20,20
48,9789,0.09714028451245982,0.0005992180445013064,0.13465964085770987,0.7676008565853292,25,20,20
48,9790,0.09714011484611108,7.146991926036076e-06,0.1352449989471486,0.7676077392148144,25,20,20
48,9791,0.0971401148461566,7.146992170604845e-06,0.13525390176091392,0.767598836400759,25,20,20
48,9792,0.09714011484615655,7.146992170677518e-06,0.13525401420272723,0.7675987239589458,25,20,20
48,9793,0.09714011484615653,7.14699217060093e-06,0.13525393111373607,0.767598807047937,25,20,20
48,9794,0.09714032385070875,6.705669077582355e-05,0.13490809335626547,0.7678845261022503,25,20,20
48,9795,0.0971403238508901,6.705669053137784e-05,0.1349034236869496,0.7678891957716292,25,20,20
48,9796,0.09714032385089094,6.705669053566745e-05,0.1349099471140858,0.7678826723444878,25,20,20
48,9797,0.09714032386123743,6.705670443148305e-05,0.13504712576718358,0.7677454936671476,25,20,20
48,9798,0.0971403238611919,6.705670442711769e-05,0.13504475223350176,0.7677478672008795,25,20,20
48,9799,0.09714032385084534,6.705669053129949e-05,0.13490746394291522,0.7678851555157084,25,20,20
48,9800,0.09722363065177193,6.705741160084933e-05,0.14761008334361855,0.7550992285930086,25,20,20
48,9801,0.09722363065181705,6.705741184319113e-05,0.147983563062252,0.7547257488740878,25,20,20
48,9802,0.09722363065177227,6.70574118373917e-05,0.1482422564540754,0.754467055482315,25,20,20
48,9803,0.09722363065172702,6.705741159013431e-05,0.14797590557677479,0.7547334063599083,25,20,20
48,9804,0.09722363065172701,6.705739765519693e-05,0.1479659508772504,0.7547433610733676,25,20,20
48,9805,0.09714061987845657,6.867365155123514e-05,0.14805469692538195,0.7547360095446105,25,20,20
48,9806,0.09702188028788403,6.867364996190735e-05,0.14817343694188487,0.7547360091202698,25,20,20
48,9807,0.09713742539820744,6.867373912270622e-05,0.148057891295635,0.7547360095670353,25,20,20
48,9808,0.09713742539820659,6.867373911834003e-05,0.14805132335172913,0.7547425775109465,25,20,20
48,9809,0.09713742539820978,6.867373911849061e-05,0.14805143500297097,0.7547424658597012,25,20,20
48,9810,0.09713742539821059,6.867373912278024e-05,0.14805801248331102,0.7547358883793562,25,20,20
48,9811,0.11325737603067301,6.705651252614867e-05,0.13193981434767074,0.7547357531091302,25,20,20
48,9812,0.11325737603067301,6.70565125261474e-05,0.1319398134593924,0.7547357539974086,25,20,20
48,9813,0.11325737603067301,6.705651252614738e-05,0.13193977547285698,0.754735791983944,25,20,20
48,9814,0.11325048365117758,6.70565126398237e-05,0.13194666791140539,0.7547357919247772,25,20,20
48,9815,0.11325048365117679,6.705651263553277e-05,0.13194014244494986,0.7547423173912378,25,20,20
48,9816,0.1132504836509947,6.705651263538351e-05,0.13194468010231822,0.7547377797340518,25,20,20
48,9817,0.1132504836509947,6.705651263963642e-05,0.13231778340721653,0.7543646764291492,25,20,20
48,9818,0.11325048365099465,6.705651263963517e-05,0.13231308043166684,0.7543693794046991,25,20,20
48,9819,0.1132504836509915,6.705651263956076e-05,0.13231732008566852,0.7543651397507005,25,20,20
48,9820,0.1132504836509883,6.705651263941016e-05,0.13231732488113926,0.7543651349552333,25,20,20
48,9821,0.11422845962864006,6.702799723006614e-05,0.13134712918263527,0.754357383191495,25,20,20
48,9822,0.11422845962864087,6.702799723021668e-05,0.13134717139867208,0.7543573409754574,25,20,20
48,9823,0.0998155634831535,6.703146423820098e-05,0.1457591679030297,0.7543582371495791,25,20,20
48,9824,0.0998155634833356,6.703146448287815e-05,0.14576308174951821,0.7543543233026638,25,20,20
48,9825,0.0998155634833356,6.703146448287685e-05,0.14576316078260723,0.7543542442695746,25,20,20
48,9826,0.09981556348329056,6.703146424061033e-05,0.14539438292629445,0.7547230221261748,25,20,20
48,9827,0.09981556348347148,6.703146447935305e-05,0.14528763180972984,0.7548297732423197,25,20,20
48,9828,0.09981556348347147,6.703146447927644e-05,0.14528754733340263,0.7548298577186471,25,20,20
48,9829,0.07431147429846299,6.705214316066481e-05,0.1707923949823298,0.7548290785760456,25,20,20
48,9830,0.07431147430104044,6.70521570110322e-05,0.17093032230415264,0.7546911512377948,25,20,20
48,9831,0.07431147430104362,6.705215725830682e-05,0.17118190008996656,0.7544395734517305,25,20,20
48,9832,0.07431147430090704,6.705215701799654e-05,0.1711781844460827,0.7544432890959912,25,20,20
48,9833,0.07431147429157486,6.705214470152281e-05,0.16651688352780408,0.7591045900359186,25,20,20
48,9834,0.07431147429175616,6.705214470573942e-05,0.1663875582569905,0.7592339153065467,25,20,20
48,9835,0.0743114742919383,6.705214470588997e-05,0.1663897232066965,0.7592317503566585,25,20,20
48,9836,0.0743114742919383,6.705214470588997e-05,0.16639633020818756,0.7592251433551676,25,20,20
48,9837,0.0743114742919375,6.705214446281959e-05,0.1661299782709965,0.7594914952926025,25,20,20
48,9838,0.07431147429175738,6.705214422411489e-05,0.16587023202972326,0.7597512415342945,25,20,20
48,9839,0.07431147429171506,6.70521439796214e-05,0.16586603151334015,0.7597554420509642,25,20,20
48,9840,0.110380451270747,6.702800381156487e-05,0.12979719530870354,0.7597553254167378,25,20,20
48,9841,0.110380451270747,6.70280038158558e-05,0.1298038012259063,0.7597487194995308,25,20,20
48,9842,0.11038045127074697,6.702800381578056e-05,0.12979918011497754,0.7597533406104597,25,20,20
48,9843,0.11038026331564285,7.117803685186843e-06,0.13014499727739048,0.7594676216032806,25,20,20
48,9844,0.11038026331564046,7.117803685262065e-06,0.13014503199309715,0.7594675868875762,25,20,20
48,9845,0.11038026331564046,7.117803681045742e-06,0.13014497773980557,0.7594676411408722,25,20,20
48,9846,0.1103802633156412,7.117803685409862e-06,0.13014671787501497,0.7594659010056575,25,20,20
48,9847,0.11038026331564041,7.117803681043148e-06,0.1301450553606267,0.7594675635200508,25,20,20
48,9848,0.11038026331564041,7.117803681045743e-06,0.13014508879813,0.7594675300825476,25,20,20
48,9849,0.11038026331563723,7.117803678290801e-06,0.12989823064629646,0.7597143882343872,25,20,20
48,9850,0.11038026331568233,7.117817491451522e-06,0.13027229749273356,0.7593403213740918,25,20,20
48,9851,0.11038026331568228,7.117817487160595e-06,0.13026569299687676,0.759346925869953,25,20,20
48,9852,0.11038026331568147,7.117817487086611e-06,0.13027217450440842,0.7593404443624223,25,20,20
48,9853,0.1103806106156887,7.118401812458508e-06,0.1413708973393004,0.7482413736431976,25,20,20
48,9854,0.11038061061550657,7.118401812307957e-06,0.14136861652856778,0.7482436544541129,25,20,20
48,9855,0.11038061061550651,7.118401812381929e-06,0.1413686170804689,0.7482436539022117,25,20,20
48,9856,0.11038061061532757,7.11840181659647e-06,0.14137317775250036,0.7482390932303551,25,20,20
48,9857,0.11038061061532764,7.118401820876743e-06,0.14145887536412874,0.7481533956187224,25,20,20
48,9858,0.11038061061532449,7.118401816586911e-06,0.14145425369969955,0.7481580172831589,25,20,20
48,9859,0.12231664325383411,7.131427773861158e-06,0.12381371645268612,0.7538625088657055,25,20,20
48,9860,0.12231664325383411,7.131427773861158e-06,0.12380710945119518,0.7538691158671963,25,20,20
48,9861,0.12231664325383486,7.131427773935117e-06,0.123813671963803,0.7538625533545877,25,20,20
48,9862,0.12231664325383487,7.1314277696454885e-06,0.12380718194276705,0.7538690433756279,25,20,20
48,9863,0.12231664325388002,7.131428011913292e-06,0.12417405607135908,0.7535021692467484,25,20,20
48,9864,0.12231664325388002,7.1314280119872865e-06,0.12417405549708105,0.7535021698210264,25,20,20
48,9865,0.12231664325388002,7.131427767392334e-06,0.12416922001117277,0.7535070053071793,25,20,20
48,9866,0.12233425002473526,7.131427767530254e-06,0.12415161324207079,0.7535070053054257,25,20,20
48,9867,0.11000243497383635,7.977263254321447e-05,0.13641067858873654,0.7535071138048837,25,20,20
48,9868,0.11000243497383838,7.977263254320572e-05,0.14106290774041613,0.7488548846532019,25,20,20
48,9869,0.1100024349738384,7.977263254742157e-05,0.14106291001551127,0.7488548823781026,25,20,20
48,9870,0.11000243497383845,7.977263254749685e-05,0.14106299250851784,0.7488547998850961,25,20,20
48,9871,0.11000208767383123,7.97720482221995e-05,0.13033737124560565,0.7595807690323407,25,20,20
48,9872,0.11000208767383123,7.977204822220079e-05,0.13033748567038492,0.7595806546075617,25,20,20
48,9873,0.10998448127266934,7.97720482166852e-05,0.13035509442253573,0.7595806522565782,25,20,20
48,9874,0.13693748286043914,7.976408883027041e-05,0.10910659234739517,0.7538761607033355,25,20,20
48,9875,0.13693748286043914,7.976408883027036e-05,0.10910659489607458,0.7538761581546563,25,20,20
48,9876,0.1369374828604392,7.976408883027298e-05,0.10910663485748519,0.7538761181932456,25,20,20
48,9877,0.13693748286043914,7.976408882606665e-05,0.10901903435496378,0.7539637186957713,25,20,20
48,9878,0.13693748286043994,7.97640888259934e-05,0.1087754618255091,0.7542072912252251,25,20,20
48,9879,0.13693748286043989,7.976408883021105e-05,0.1087755004675545,0.7542072525831756,25,20,20
48,9880,0.13693748286043989,7.976408883006184e-05,0.1087709135400081,0.7542118395107221,25,20,20
48,9881,0.13693748286043989,7.976408882998916e-05,0.10877091158059575,0.7542118414701346,25,20,20
48,9882,0.13693748286043986,7.97640888299878e-05,0.10877557459473484,0.7542071784559955,25,20,20
48,9883,0.13693748287081747,7.976408907879578e-05,0.10412340723427073,0.7588593458058327,25,20,20
48,9884,0.13693748287081747,7.976408907872178e-05,0.10412329333424801,0.7588594597058556,25,20,20
48,9885,0.13002536541724943,7.976407611202897e-05,0.11103539124263559,0.7588594792640037,25,20,20
48,9886,0.1300253654275615,7.976407635501783e-05,0.11117290213988962,0.7587219683561944,25,20,20
48,9887,0.130025365427601,7.976408889052176e-05,0.11583198424612128,0.7540628862373879,25,20,20
48,9888,0.12996872657632003,7.976646057859669e-05,0.11588862034908938,0.7540628866140123,25,20,20
48,9889,0.12996872657632003,7.976646057859797e-05,0.11589514632056992,0.7540563606425317,25,20,20
48,9890,0.12996872657650024,7.976724673159838e-05,0.11632947389970438,0.753622032277064,25,20,20
48,9891,0.13374499810846008,7.97648726407327e-05,0.11255320506992922,0.7536220319489702,25,20,20
48,9892,0.13374499810841559,7.976543388431768e-05,0.12323753131688628,0.7429377051408139,25,20,20
48,9893,0.1337449981083753,7.976542134881241e-05,0.11858493611484912,0.747590300355427,25,20,20
48,9894,0.13374499810837456,7.976542134459938e-05,0.11857844615629322,0.7475967903139878,25,20,20
48,9895,0.13374651959217293,7.976543030372426e-05,0.11857692470564136,0.747596790271882,25,20,20
48,9896,0.13374651959217368,7.976543030379827e-05,0.1185723643466049,0.7476013506309177,25,20,20
48,9897,0.13374651958186082,7.976543006080813e-05,0.1183053244068259,0.7478683905812525,25,20,20
48,9898,0.1337539285938406,7.97603546049989e-05,0.11829792050020554,0.7478683905513489,25,20,20
48,9899,0.13375392859384053,7.976035460070776e-05,0.11829321694847589,0.7478730941030831,25,20,20
48,9900,0.13375392859384053,7.976035460070516e-05,0.11829316430186672,0.7478731467496922,25,20,20
48,9901,0.13375392859384053,7.976035460062857e-05,0.11829305019993644,0.7478732608516226,25,20,20
48,9902,0.13003613590709634,7.119147569521199e-06,0.12208359250805959,0.7478731524372744,25,20,20
48,9903,0.13003613590709637,7.11914756959781e-06,0.12208367765394673,0.7478730672913873,25,20,20
48,9904,0.1300358084931909,7.119650145171245e-06,0.12208400221192153,0.7478730696447422,25,20,20
48,9905,0.13003580849319088,7.1196501451712765e-06,0.12207901886388539,0.7478780529927783,25,20,20
48,9906,0.13003580849319088,7.1196501451699805e-06,0.12207890701230507,0.747878164844359,25,20,20
48,9907,0.13003580849301077,7.1188639921708715e-06,0.12164458012421647,0.7483124925187806,25,20,20
48,9908,0.13003580849305604,7.118877842614641e-06,0.12191202898879293,0.7480450436403087,25,20,20
48,9909,0.14675125369348016,1.19591101954565e-09,0.10523761588996625,0.7480111292206426,25,20,20
48,9910,0.15022794168886902,1.6608624338222896e-09,0.10176092751164217,0.7480111291386267,25,20,20
48,9911,0.15022794168886897,1.6608624337987021e-09,0.1017609263339585,0.7480111303163103,25,20,20
48,9912,0.15022794168886902,1.6611064925758298e-09,0.10185322085105895,0.7479188357989658,25,20,20
48,9913,0.15022794168886902,1.6611022022502614e-09,0.10185310313618448,0.7479189535138444,25,20,20
48,9914,0.15022794168886902,1.6611022762214466e-09,0.10185318419258108,0.7479188724574477,25,20,20
48,9915,0.15622659820694262,1.6597251382693348e-09,0.09585452768858546,0.7479188724447466,25,20,20
48,9916,0.15622659820689733,1.6458746958212065e-09,0.09558715978842117,0.7481862403588067,25,20,20
48,9917,0.15622659819651694,1.6456258966197018e-09,0.09558056887975447,0.7481928312781027,25,20,20
48,9918,0.15622659819651688,1.6456258213284027e-09,0.09558048709431569,0.7481929130635414,25,20,20
48,9919,0.15622659819633472,1.645625895276148e-09,0.09557426370512984,0.7481991364529093,25,20,20
48,9920,0.15622659819375656,1.6317797437946458e-09,0.09531342063443074,0.7484599795400326,25,20,20
48,9921,0.15637925119701063,1.628547513799725e-09,0.09516076808078333,0.7484599790936586,25,20,20
48,9922,0.15637925119701065,1.6285475137914967e-09,0.09516535404574981,0.748455393128692,25,20,20
48,9923,0.16300342861597142,6.6768549487444565e-09,0.08854116756518508,0.7484553971419888,25,20,20
48,9924,0.16300342861597142,6.676859165722975e-09,0.0885476319563488,0.7484489327508208,25,20,20
48,9925,0.163003437021386,6.676863212459741e-09,0.08858580973490807,0.7484107465668428,25,20,20
48,9926,0.163003437021386,6.676863287750968e-09,0.0885859230383335,0.7484106332634171,25,20,20
48,9927,0.163003437021386,6.676867578067033e-09,0.08857951327067556,0.748417043031071,25,20,20
48,9928,0.16300343702138861,6.1018151208711785e-09,0.07752570986555467,0.7594708470112416,25,20,20
48,9929,0.16300343702138784,6.102055412119998e-09,0.07752580739055268,0.7594707494860039,25,20,20
48,9930,0.16300343702138784,6.102055412907437e-09,0.0777920244450792,0.7592045324314775,25,20,20
48,9931,0.16300343702143333,6.102051271831146e-09,0.07779205923031886,0.7592044976461964,25,20,20
48,9932,0.16300916033209142,6.0970494143731705e-09,0.07778633585232442,0.7592044977185346,25,20,20
48,9933,0.16330252634326176,9.726319984080396e-10,0.07749299855915658,0.7592044741249495,25,20,20
48,9934,0.16330252634326178,9.726319244393409e-10,0.07749149357513878,0.7592059791089674,25,20,20
48,9935,0.16330252634326495,9.726361870293372e-10,0.07775313248375271,0.758944340200346,25,20,20
48,9936,0.16330252634326176,9.72631895899294e-10,0.07774845676498672,0.7589490159191193,25,20,20
48,9937,0.16330251794044223,9.723881553031873e-10,0.0776247188505319,0.7590727622366374,25,20,20
48,9938,0.16330251794044542,9.72632675009038e-10,0.07762943848484528,0.7590680426020764,25,20,20
48,9939,0.1633025179404905,9.72636851366643e-10,0.0780024750622283,0.758695006024644,25,20,20
48,9940,0.16330251794049055,9.726411417056603e-10,0.07800267033357716,0.7586948107532908,25,20,20
48,9941,0.1633025179404874,9.724008383677037e-10,0.07799803208170196,0.7586994490054095,25,20,20
48,9942,0.1412182645959829,1.322653915660259e-07,0.0980834688433296,0.7606981342952956,25,20,20
48,9943,0.14121826459338785,1.322653914925926e-07,0.09807835593561784,0.7607032472056023,25,20,20
48,9944,0.14121826459338785,1.3226539156915001e-07,0.09808302933180109,0.7606985738094191,25,20,20
48,9945,0.14121826459334239,1.322653914938808e-07,0.09808288038061268,0.7606987227606531,25,20,20
48,9946,0.14121826459334558,1.3226539152692092e-07,0.09807791348594314,0.7607036896553195,25,20,20
48,9947,0.14121826459330009,1.322653872352943e-07,0.09808431966850475,0.7606972834728079,25,20,20
48,9948,0.14121826459330003,1.322653829462754e-07,0.098084164394934,0.760697438746383,25,20,20
48,9949,0.15711703432054594,9.723316288298444e-10,0.08418421167513879,0.7586987530319834,25,20,20
48,9950,0.15711703432054594,9.723317040979045e-10,0.0841842990893357,0.7586986656177865,25,20,20
48,9951,0.15711703432054588,9.723274125910299e-10,0.08418275669373676,0.7587002080133898,25,20,20
48,9952,0.15711653079723434,7.658264040430593e-07,0.08417884874937313,0.758703854626988,25,20,20
48,9953,0.15711653079727986,7.658266487020303e-07,0.08418544829537167,0.7586972550806992,25,20,20
48,9954,0.15711653079727986,7.658266487746812e-07,0.08418548937815494,0.7586972139979159,25,20,20
48,9955,0.15711653079723475,7.658266445243525e-07,0.0838124507978579,0.7590702525782623,25,20,20
48,9956,0.1571165308076152,7.658266530301425e-07,0.08355275904532848,0.7593299443204028,25,20,20
48,9957,0.15711653080761198,7.658264084901601e-07,0.08355762568044187,0.759325077685537,25,20,20
48,9958,0.15711653080761198,7.658264084136019e-07,0.0835529244120176,0.7593297789539615,25,20,20
48,9959,0.15711653081796823,7.666192079648036e-07,0.08365274445808504,0.7592299581047384,25,20,20
48,9960,0.15711653081796823,7.666192079648036e-07,0.08365266541487765,0.7592300371479458,25,20,20
48,9961,0.15711653081792623,7.666189699883662e-07,0.08328155253554939,0.7596011500275539,25,20,20
48,9962,0.1569677091564596,7.66623692435454e-07,0.08343037376211558,0.759601150457732,25,20,20
48,9963,0.15699721578670733,1.2732090003245574e-09,0.08340527731210706,0.7595975056279763,25,20,20
48,9964,0.15699721578675266,1.2732047831486038e-09,0.08352820199001357,0.7594745809500288,25,20,20
48,9965,0.15699721578675271,1.2734450750535327e-09,0.08353470978748483,0.7594680731523172,25,20,20
48,9966,0.1569972157867559,1.2734450750658128e-09,0.08352818787245932,0.7594745950673395,25,20,20
48,9967,0.1569972157867591,1.2734493648989193e-09,0.0835328900313252,0.7594698929084661,25,20,20
48,9968,0.1569972157867591,1.2734493675183674e-09,0.08353304436559275,0.7594697385741985,25,20,20
48,9969,0.15696750962438194,1.2583305323182405e-09,0.08356275472369278,0.7594697343935944,25,20,20
48,9970,0.15696750962438188,1.2583304583246843e-09,0.08356275272034881,0.7594697363969385,25,20,20
48,9971,0.1569675096243819,1.2583305309981345e-09,0.08356283179317767,0.759469657324109,25,20,20
48,9972,0.15696750962696904,1.2583348825047543e-09,0.08369240682490922,0.7593400822897857,25,20,20
48,9973,0.1569675096269699,1.258334956204449e-09,0.08382178046086203,0.759210708653832,25,20,20
48,9974,0.1569675096269699,1.2583349574798167e-09,0.08382177985067704,0.759210709264017,25,20,20
48,9975,0.1569675096269699,1.2583350314708713e-09,0.08382332241036627,0.7592091667043276,25,20,20
48,9976,0.15696750962696993,1.2585796251031046e-09,0.08382804143461443,0.759204447679835,25,20,20
48,9977,0.15696750962692443,1.2583392564712264e-09,0.08382155805790878,0.7592109310568267,25,20,20
48,9978,0.15696750961654715,1.2585736702172777e-09,0.08408126939302298,0.7589512197318554,25,20,20
48,9979,0.15696750961654715,1.2583307512148956e-09,0.08381508136827856,0.7592174077568427,25,20,20
48,9980,0.15711091675552213,1.3442722203145213e-09,0.0836716499574298,0.7592174319427748,25,20,20
48,9981,0.157110916755519,1.358213302779016e-09,0.08367848546316353,0.7592105964231031,25,20,20
48,9982,0.157110916755519,1.3579730107079816e-09,0.08367352961540175,0.7592155522711052,25,20,20
48,9983,0.15711091675551894,1.3577284170757517e-09,0.08366869612712806,0.7592203857596235,25,20,20
48,9984,0.15711091674516275,5.64928864576939e-10,0.08356884317395596,0.7593202395159514,25,20,20
48,9985,0.15711091674516278,5.649289371563256e-10,0.08393534217435587,0.7589537405155514,25,20,20
48,9986,0.1571109167451636,5.649331561456517e-10,0.08393544117801227,0.75895364151189,25,20,20
48,9987,0.15711091674516356,5.649289398001257e-10,0.0839353597953973,0.7589537228945094,25,20,20
48,9988,0.1571109167451209,5.766939808802968e-10,0.09005542442780629,0.752833658250378,25,20,20
48,9989,0.11719888395772853,1.0955909967713096e-09,0.12996745665290094,0.7528336582937789,25,20,20
48,9990,0.11719746076823695,1.0956184578192011e-09,0.1299688798347671,0.7528336583013773,25,20,20
48,9991,0.11722655008133714,1.9543202958680997e-09,0.1299397855676763,0.7528336623966662,25,20,20
48,9992,0.11722655008133712,1.9543201480326787e-09,0.1295666838014244,0.7532067641629183,25,20,20
48,9993,0.11722655008133712,1.95432022202657e-09,0.12956679772579022,0.7532066502385522,25,20,20
48,9994,0.11722655008133719,1.954320148078157e-09,0.1295667971742834,0.7532066507900589,25,20,20
48,9995,0.11722655008133719,1.954564667761229e-09,0.12957151677281192,0.7532019311912859,25,20,20
48,9996,0.11722655008133714,1.954564667760423e-09,0.1295715162715436,0.7532019316925542,25,20,20
48,9997,0.11722655008133716,1.954564667760422e-09,0.12957155169236173,0.7532018962717361,25,20,20
48,9998,0.11722655008134034,1.9545645937870122e-09,0.12966382700019716,0.7531096209638976,25,20,20
48,9999,0.11722655008134045,1.9545645924885637e-09,0.12993094670675054,0.752842501257344,25,20,20
48,10000,0.1172265500813413,1.9545645925080673e-09,0.12993311128938004,0.7528403366747137,25,20,20
