run,generation,degenerate,holistic,other,compositional,popsize,turnover_rounds,group_rounds
7,0,0.9987713554999793,1.4267839920713722e-08,0.0012266915175253483,1.938714656782331e-06,25,20,20
7,1,0.9847135722777413,7.896866382304413e-09,0.015284053107188398,2.3667182045759164e-06,25,20,20
7,2,0.8286442818104868,2.2254357938383856e-08,0.1711525050950131,0.00020319084014209853,25,20,20
7,3,0.6868031345491272,7.130044529787267e-07,0.3129930388784283,0.00020311356799161697,25,20,20
7,4,0.6603847986871773,7.877035277375424e-07,0.33940621626726364,0.00020819734203088563,25,20,20
7,5,0.6133288805871383,7.288175971120032e-07,0.3549826692640348,0.0316877213312283,25,20,20
7,6,0.6216338785211669,3.0421919833494236e-06,0.34667514460221244,0.03168793468463488,25,20,20
7,7,0.5891450533989061,7.237840332328251e-07,0.3393707085169293,0.0714835143001314,25,20,20
7,8,0.5410775906857102,0.02158825482574541,0.3259631872649374,0.11137096722360677,25,20,20
7,9,0.5139935503878453,0.023308796969510732,0.3511802907426481,0.11151736189999578,25,20,20
7,10,0.4021785043797446,0.026608765645920466,0.4596953680742191,0.11151736190011602,25,20,20
7,11,0.35993723624677015,0.001721296089573317,0.5268277615083048,0.11151370615535214,25,20,20
7,12,0.3258443563949848,0.0017214733648554885,0.6008847638938033,0.07154940634635679,25,20,20
7,13,0.3544337176020456,0.0017212908396248194,0.5678574027177917,0.07598758884053743,25,20,20
7,14,0.3543343061589899,0.0017212908398951184,0.5723129277874789,0.07163147521363634,25,20,20
7,15,0.39056970975361693,0.0017212908564725184,0.5360775241762654,0.071631475213645,25,20,20
7,16,0.3800592424535632,0.001721290287892598,0.5380730429939236,0.08014642426461993,25,20,20
7,17,0.3838089725904434,0.0017212901947741227,0.5343233129321516,0.08014642428262941,25,20,20
7,18,0.3868546412188614,0.0017213342017061665,0.5312775988983831,0.08014642568104753,25,20,20
7,19,0.34911547912980145,0.0017213342017061747,0.5690167609873228,0.08014642568116832,25,20,20
7,20,0.34584720122687324,2.4059574997164057e-06,0.6097860091759686,0.044364383639657515,25,20,20
7,21,0.3058472016205147,2.406066969049318e-06,0.6493001539768944,0.04485023833562123,25,20,20
7,22,0.3163360513056491,0.014146219856286849,0.5895104896215628,0.08000723921650085,25,20,20
7,23,0.31258924901472407,0.014146219857650634,0.5932643058751259,0.08000022525249914,25,20,20
7,24,0.2691907310146877,0.014146194348716718,0.636662968522056,0.08000010611453925,25,20,20
7,25,0.2765230962341485,0.014146194348716626,0.6293306057372625,0.08000010367987198,25,20,20
7,26,0.28950025678516583,0.014146196457545389,0.6163208069580502,0.08003273979923645,25,20,20
7,27,0.24950282769986504,0.01416000957676078,0.6563020634213188,0.08003509930205306,25,20,20
7,28,0.2834876947362486,0.01416000960996601,0.6223171720275658,0.08003512362621824,25,20,20
7,29,0.24100493939552808,0.014160009915192935,0.6648009890567961,0.08003406163248174,25,20,20
7,30,0.24100491992898426,0.014160039010102205,0.6600329917537507,0.08480204930716112,25,20,20
7,31,0.2410152042080867,0.01416003901118604,0.6600217395162004,0.08480301726452438,25,20,20
7,32,0.24696016150731612,0.014160049044491441,0.6588435775080725,0.0800362119401175,25,20,20
7,33,0.25318268030125596,0.014160048889726782,0.6526211068764076,0.08003616393260789,25,20,20
7,34,0.29297747829344417,0.01416004888951215,0.6128278492672535,0.08003462354978788,25,20,20
7,35,0.29297738372969306,0.039383579715535945,0.6080951398907594,0.059543896664009985,25,20,20
7,36,0.29309722825861523,0.03938358415811011,0.6079752933575509,0.05954389422572219,25,20,20
7,37,0.29321546382536523,0.039383585045133354,0.6272550235926311,0.040145927536867715,25,20,20
7,38,0.2932155017930244,0.03965566610395709,0.626982897561413,0.04014593454160156,25,20,20
7,39,0.2940653074354796,0.03965568994723769,0.5862293948124326,0.08004960780484655,25,20,20
7,40,0.31109668143991476,0.039655692868611175,0.5692306300247313,0.08001699566673942,25,20,20
7,41,0.3110966814399144,0.039655692868611175,0.5692372358251145,0.08001038986635647,25,20,20
7,42,0.2770414128661233,0.03965602403922068,0.6032921732194568,0.0800103898751963,25,20,20
7,43,0.2770417149739407,0.03965602503705097,0.6032918701130761,0.08001038987592912,25,20,20
7,44,0.274339648219005,0.03965599054526642,0.6059939724372743,0.08001038879845161,25,20,20
7,45,0.2747856512256035,0.039656623565864454,0.5957417460009033,0.0898159792076256,25,20,20
7,46,0.27485267436532496,0.03965820878713542,0.5952420712666349,0.09024704558090164,25,20,20
7,47,0.28089362696078746,0.039658208481911233,0.5892011607982618,0.09024700375903731,25,20,20
7,48,0.24290664816698018,0.03969394885386273,0.6269848855001866,0.0904145174789686,25,20,20
7,49,0.24523624087601445,0.03969236385522341,0.5943762008016464,0.12069519446711371,25,20,20
7,50,0.24898686016890142,0.0396923400120965,0.5906257151296408,0.12069508468935884,25,20,20
7,51,0.27347807608870844,0.03969254421084073,0.5660918773722904,0.12073750232815772,25,20,20
7,52,0.2734780543890917,0.0382030853558322,0.567581375707886,0.12073748454718718,25,20,20
7,53,0.2748100819958635,0.03820312498694605,0.5662394817376406,0.1207473112795466,25,20,20
7,54,0.2761811199672764,0.038203125463014805,0.5646600009673093,0.12095575360239609,25,20,20
7,55,0.2761811207806838,0.03820337859434062,0.5646597470161727,0.12095575360880056,25,20,20
7,56,0.2761811207806843,0.038203384944362,0.5646597406661525,0.12095575360880056,25,20,20
7,57,0.27617855145412784,0.0381895779325686,0.564677271881274,0.1209545987320292,25,20,20
7,58,0.2700807839439933,0.03818957800829853,0.5707750187419683,0.12095461930573925,25,20,20
7,59,0.2705540071565785,0.038200917405931095,0.5702904555576422,0.12095461987984764,25,20,20
7,60,0.2682535664056873,0.03820094656178256,0.5727991729872906,0.12074631404523872,25,20,20
7,61,0.26585541159705234,0.038200945341320625,0.5659090769460218,0.13003456611560427,25,20,20
7,62,0.26585541159705317,0.03820094534132484,0.565915600389777,0.13002804267184384,25,20,20
7,63,0.26585544709275005,0.03820094534135233,0.5659155648865878,0.13002804267930898,25,20,20
7,64,0.2675033625960574,0.038165204969821266,0.5644709034357699,0.12986052899835065,25,20,20
7,65,0.26750041443020106,0.03816520496979379,0.5644738516091165,0.12986052899088782,25,20,20
7,66,0.3032231455750198,0.03816521020894698,0.5287497391952473,0.12986190502078496,25,20,20
7,67,0.3084483889720434,0.03817797621203585,0.5235106451227696,0.12986298969315016,25,20,20
7,68,0.30843016933682305,0.03817794658907347,0.5235211270810732,0.12987075699302916,25,20,20
7,69,0.3269021876996582,0.03821067894158356,0.505027095449961,0.12986003790879524,25,20,20
7,70,0.3269021904191105,0.03794922451635895,0.5052885541603025,0.12986003090422696,25,20,20
7,71,0.32665140536327997,0.0379492195796437,0.50553934399271,0.12986003106436528,25,20,20
7,72,0.3266514053632816,0.03794921957964378,0.5055351403466344,0.12986423471043917,25,20,20
7,73,0.3665094530439608,0.037949219662621256,0.46568497184996166,0.12985635544345356,25,20,20
7,74,0.3622607689624157,0.0379492196654396,0.4659260538407253,0.13386395753141728,25,20,20
7,75,0.36226076896221016,0.0400387372983464,0.46383653620246973,0.13386395753697175,25,20,20
7,76,0.3397110255395046,0.04003853221280655,0.48644218454759597,0.13380825770009286,25,20,20
7,77,0.3397358523401959,0.04003882228699224,0.48641706755893777,0.13380825781387407,25,20,20
7,78,0.3398175133402496,0.04003818932677043,0.49614162993105493,0.12400266740192452,25,20,20
7,79,0.339817513340429,0.040038189326774616,0.49640599006792785,0.12373830726486824,25,20,20
7,80,0.3398171231121671,0.040038065418387975,0.4963994735573904,0.12374533791205362,25,20,20
7,81,0.34048002950648,0.040053679478825405,0.4957223169258524,0.12374397408884129,25,20,20
7,82,0.340482930747648,0.040053679478881825,0.4957194156768983,0.12374397409657067,25,20,20
7,83,0.3409548682736518,0.04004092382832232,0.4952612905849694,0.12374291731305659,25,20,20
7,84,0.3352978795687682,0.04004092463300177,0.5009182784509746,0.12374291734725588,25,20,20
7,85,0.3352424209629046,0.040040924689332,0.5009737370347603,0.12374291731300356,25,20,20
7,86,0.33476919783173964,0.040050185163890334,0.5014376997441188,0.1237429172602505,25,20,20
7,87,0.336365977396216,0.040050184314651495,0.49984092102884065,0.12374291726029144,25,20,20
7,88,0.3360127743502879,0.04005047064579724,0.500193812961593,0.1237429420423217,25,20,20
7,89,0.33555452518408485,0.04006477798716003,0.5006377544245071,0.12374294240424823,25,20,20
7,90,0.37518296126351713,0.04006327479292932,0.4610179638648602,0.12373580007869334,25,20,20
7,91,0.37518296126333617,0.04006327479292513,0.4607578073649641,0.1239959565787746,25,20,20
7,92,0.3714939879222394,0.04006299312071179,0.46444582220874103,0.12399719674830818,25,20,20
7,93,0.37149398501075936,0.04005236249723965,0.4644564557432169,0.12399719674878475,25,20,20
7,94,0.37149400740802113,0.06238520598578188,0.44212301490406536,0.12399777170213203,25,20,20
7,95,0.37180315475987263,0.06238491590657223,0.441814181465785,0.12399774786777101,25,20,20
7,96,0.37180315475987263,0.06238491590657216,0.4418075792846953,0.12400435004886096,25,20,20
7,97,0.3721817506469467,0.06238491581811059,0.4414289839078906,0.12400434962705313,25,20,20
7,98,0.3721817506469467,0.06238491581811059,0.44142897946256615,0.12400435407237766,25,20,20
7,99,0.3739055584663067,0.06238492789309565,0.43970509994661156,0.12400441369398649,25,20,20
7,100,0.3374379928900017,0.062384918253379766,0.47617272172934855,0.12400436712726969,25,20,20
7,101,0.30397087533136574,0.0623849160146101,0.5095498827325742,0.12409432592144899,25,20,20
7,102,0.303970875331365,0.062384916014605815,0.5095479796845972,0.12409622896943098,25,20,20
7,103,0.29828662509267706,0.062384916164392526,0.5152322542276018,0.12409620451532792,25,20,20
7,104,0.2982866026163288,0.07833325453447602,0.4992845132960572,0.1240956295531368,25,20,20
7,105,0.2982863730825587,0.07831894728861293,0.49929905043778755,0.12409562919103954,25,20,20
7,106,0.29762347074006595,0.07832104992191849,0.4951424085183914,0.12891307081962322,25,20,20
7,107,0.297623470740066,0.07832104992191849,0.4951424093550914,0.12891306998292298,25,20,20
7,108,0.29762347074006595,0.07832104992191849,0.49514240593509407,0.12891307340292038,25,20,20
7,109,0.2976234707400691,0.07832104992191856,0.49514713649592923,0.12890834284208202,25,20,20
7,110,0.29762346960219194,0.07834163607868652,0.49512655198787736,0.12890834233124251,25,20,20
7,111,0.297357027822054,0.07834162656396908,0.4953930040394489,0.12890834157452796,25,20,20
7,112,0.29735702782205875,0.07834162656397763,0.49552253922462164,0.12877880638934194,25,20,20
7,113,0.2973570278220623,0.07831052669235546,0.49555363910179473,0.12877880638378747,25,20,20
7,114,0.29735702782205914,0.07831052669235539,0.4955489119609569,0.12878353352462846,25,20,20
7,115,0.30341036738585175,0.07831052653946442,0.48949557255673015,0.12878353351795335,25,20,20
7,116,0.3018135700628404,0.07831052651068762,0.49109236990857963,0.12878353351788985,25,20,20
7,117,0.30103529302332255,0.07831051408100756,0.49187071666485843,0.12878347623080966,25,20,20
7,118,0.2641252272427634,0.07831289872919046,0.528130347127204,0.1294315269008392,25,20,20
7,119,0.26318589439488504,0.07831289876770187,0.5290668351983423,0.12943437163906743,25,20,20
7,120,0.2574008530800737,0.07831308484239749,0.5349421238425086,0.12934393823501744,25,20,20
7,121,0.2574008530800737,0.07831308484239749,0.5349422368944204,0.12934382518310555,25,20,20
7,122,0.25740085308007365,0.07831308484239748,0.5349422028893236,0.12934385918820243,25,20,20
7,123,0.25740085308766847,0.06293756840514861,0.550317719124356,0.12934385938282256,25,20,20
7,124,0.25740085308766847,0.06293756840515291,0.5503196221328978,0.12934195637427673,25,20,20
7,125,0.2574008530876684,0.06465547358114958,0.5486017169569025,0.12934195637427517,25,20,20
7,126,0.26172373257620835,0.06465547357832933,0.5482864395591563,0.12533435428630224,25,20,20
7,127,0.22482391323950351,0.06465549605002971,0.5848442529543845,0.1256763377560785,25,20,20
7,128,0.2248239132395497,0.06465549605002971,0.5849785485046392,0.12554204220577764,25,20,20
7,129,0.22482391323195117,0.08007101613665793,0.5695630286146737,0.12554204201671315,25,20,20
7,130,0.2535492925023107,0.0800710198020643,0.5408376282461046,0.12554205944951805,25,20,20
7,131,0.2536749697135798,0.08072846945566624,0.5416528905746576,0.12394367025609253,25,20,20
7,132,0.2536749703052126,0.08072846946961175,0.54152561524773,0.1240709449774418,25,20,20
7,133,0.25367523110371926,0.0807284756968897,0.5415253482216271,0.12407094497775961,25,20,20
7,134,0.25366029466841794,0.08072847570796007,0.5415402361206474,0.12407099350297052,25,20,20
7,135,0.253662874665607,0.08075393204494467,0.5415121620975082,0.12407103119193645,25,20,20
7,136,0.25366287422152967,0.08075393203124753,0.5415981576806164,0.12398503606660291,25,20,20
7,137,0.27350962202171836,0.08072116022911573,0.5217814991350287,0.12398771861413545,25,20,20
7,138,0.274334140056797,0.08072118441818533,0.520956956910255,0.12398771861476034,25,20,20
7,139,0.27433414006717266,0.08072118441817691,0.5208341533951419,0.12411052211950606,25,20,20
7,140,0.274334140056793,0.08072118441818107,0.5208340296451649,0.12411064587985861,25,20,20
7,141,0.2741263216053649,0.08072118450858394,0.5210404721900747,0.12411202169597407,25,20,20
7,142,0.27432329362446956,0.08072118451012483,0.5208435001618297,0.12411202170357262,25,20,20
7,143,0.27432329354343127,0.08072084842410192,0.520843836850085,0.12411202118237787,25,20,20
7,144,0.2855082082057006,0.08072084476156388,0.5096589428745115,0.1241120041582206,25,20,20
7,145,0.28550821690989514,0.08072084476208573,0.5096589341697955,0.1241120041582206,25,20,20
7,146,0.2855082169098951,0.08072138846439048,0.5096583904729504,0.12411200415276069,25,20,20
7,147,0.2855082169109484,0.08070146777284537,0.5096766451092976,0.12411367020690504,25,20,20
7,148,0.28550689487107,0.0810613553157164,0.5093175518252606,0.12411419798794926,25,20,20
7,149,0.2853919440843378,0.08106135540142141,0.5094325029743422,0.12411419753989504,25,20,20
7,150,0.2852662672077589,0.08040567716370729,0.513432882320543,0.12089517330798698,25,20,20
7,151,0.28526626720775927,0.08039622725086738,0.5134423322279238,0.12089517331344561,25,20,20
7,152,0.285266267207759,0.08042714545148559,0.5134114140328605,0.12089517330789117,25,20,20
7,153,0.28526646909422965,0.08042201287270906,0.5134163447249258,0.12089517330813264,25,20,20
7,154,0.285266468946628,0.08042201287246073,0.513452768449111,0.12085874973179722,25,20,20
7,155,0.28526286180341254,0.08042201287562102,0.5134563755888992,0.12085874973206388,25,20,20
7,156,0.2813967658057817,0.08042201287394991,0.5173224715883518,0.12085874973191318,25,20,20
7,157,0.2813968951453943,0.08041254129668954,0.5173318421803319,0.120858721377581,25,20,20
7,158,0.28138887054330247,0.08041235672958937,0.5173409528084113,0.12085781991869343,25,20,20
7,159,0.28138879993000104,0.08042168698993223,0.5173316650231549,0.12085784805690843,25,20,20
7,160,0.2813887999301824,0.08042168698993223,0.5173252562380469,0.1208642568418352,25,20,20
7,161,0.28138880447792775,0.0804213376524762,0.5173256067102865,0.1208642511593069,25,20,20
7,162,0.28138898615052776,0.08042158139945829,0.5173251608836008,0.12086427156641015,25,20,20
7,163,0.28138898615052765,0.08042212424902559,0.5173246180340336,0.12086427156641015,25,20,20
7,164,0.28138892295609363,0.0804230203115831,0.5173238135621782,0.12086424317014241,25,20,20
7,165,0.28138868596714384,0.08042303966604859,0.5173240290572277,0.12086424530957789,25,20,20
7,166,0.2813887417039221,0.08042406681821315,0.5173229665754923,0.12086422490237086,25,20,20
7,167,0.2811929985380133,0.08042407651543101,0.5175214294376768,0.12086149550887537,25,20,20
7,168,0.30224729864464356,0.080424052177339,0.49646715366947414,0.12086149550854046,25,20,20
7,169,0.30231127027966664,0.08042405214174307,0.4963981424593608,0.12086653511922835,25,20,20
7,170,0.30231127028202914,0.08042409337792901,0.4999820609553267,0.11728257538471379,25,20,20
7,171,0.30238017291647146,0.08042409678594971,0.49991315696900346,0.11728257332857472,25,20,20
7,172,0.30238017291410896,0.08042405554976384,0.4964521540935972,0.12074361744252889,25,20,20
7,173,0.3023801729141089,0.0804240555497595,0.4963227130550743,0.12087305848105612,25,20,20
7,174,0.3023801729141089,0.0804240555497595,0.49619330550259677,0.1210024660335338,25,20,20
7,175,0.2664389646339688,0.08042407157829669,0.5321343734028411,0.1210025903848932,25,20,20
7,176,0.2629160025464437,0.08042407310613495,0.5356500035191668,0.1210099208282542,25,20,20
7,177,0.262978790265257,0.0805081474542833,0.5355031414572489,0.12100992082320955,25,20,20
7,178,0.262978790265257,0.08050814745428336,0.5355031753260354,0.12100988695442291,25,20,20
7,179,0.30238138229749295,0.08050814746631495,0.4961005815750116,0.12100988866117823,25,20,20
7,180,0.302380384847573,0.08012280356476985,0.49648748839649715,0.12100932319115804,25,20,20
7,181,0.27947851922221845,0.08012280385208197,0.5193893554164252,0.12100932150927304,25,20,20
7,182,0.28096834655547903,0.08012288988436357,0.5178874891711698,0.12102127438898577,25,20,20
7,183,0.2809683472300903,0.07837944739178916,0.5196309137104421,0.12102129166767708,25,20,20
7,184,0.2848850901867372,0.07837944291087447,0.5157153918085344,0.12102007509385376,25,20,20
7,185,0.28602090378651196,0.07837942262258818,0.5145772338921014,0.12102243969879817,25,20,20
7,186,0.28595812050307307,0.0782950951432661,0.5147243423005947,0.12102244205306578,25,20,20
7,187,0.279049986531313,0.07829509504268517,0.5216325247276452,0.12102239369835649,25,20,20
7,188,0.2904505301263398,0.07829509474311991,0.5102319790812371,0.12102239604930279,25,20,20
7,189,0.2904503110290204,0.07829381935071876,0.5102334735696563,0.12102239605060375,25,20,20
7,190,0.2904503110290204,0.07829381935071869,0.5102399633602651,0.1210159062599951,25,20,20
7,191,0.2904501091625719,0.07827835988425741,0.510255624693259,0.1210159062599115,25,20,20
7,192,0.30856219960402614,0.07827835987740515,0.4921435342579014,0.12101590626066772,25,20,20
7,193,0.30857931841520214,0.07827836038208862,0.492126414932253,0.12101590627045654,25,20,20
7,194,0.30738368133564997,0.07827835550922597,0.49326613761700794,0.12107182553811663,25,20,20
7,195,0.31111681701377725,0.07827836565077437,0.4895329913509203,0.12107182598452901,25,20,20
7,196,0.3361796360996601,0.0782783656564868,0.4644709508648479,0.12107104737900615,25,20,20
7,197,0.3363162267179376,0.07827835551344921,0.4643343708361386,0.12107104693247563,25,20,20
7,198,0.311270721169291,0.07827835540936462,0.4893806216925305,0.12107030172881426,25,20,20
7,199,0.3112700132211155,0.07827840673534783,0.48938141058410506,0.12107016945943196,25,20,20
7,200,0.31112892509475043,0.07827840682748931,0.48952112010989857,0.12107154796786203,25,20,20
7,201,0.3111289263563017,0.09614689133300176,0.4716526343404622,0.1210715479702335,25,20,20
7,202,0.3111289256817006,0.07913524778579523,0.48866428624574515,0.12107154028675732,25,20,20
7,203,0.3147803995173583,0.07913522035778149,0.4850202958922376,0.12106408423262202,25,20,20
7,204,0.3126948972297917,0.07913519789467689,0.48744780407918126,0.12072210079634763,25,20,20
7,205,0.31281753454487415,0.0791351978057025,0.4873251668454679,0.12072210080395297,25,20,20
7,206,0.3113520991288297,0.07926738495361425,0.48867036793105717,0.12071014798649453,25,20,20
7,207,0.30452405037432845,0.07926738486588436,0.4954997925770874,0.12070877218269505,25,20,20
7,208,0.29859270823652506,0.0792673849321781,0.5014311831610849,0.12070872367020684,25,20,20
7,209,0.29859270823836637,0.07926738493217388,0.5097105594428875,0.1124293473865673,25,20,20
7,210,0.26570850378709976,0.07926738562801197,0.5425947607495089,0.11242934983537296,25,20,20
7,211,0.2689685692125752,0.0792673904765043,0.5393346900818481,0.11242935022906612,25,20,20
7,212,0.26720351601818443,0.0792674100919383,0.541101098872931,0.11242797501694012,25,20,20
7,213,0.26846641111355857,0.07926739074181616,0.5398381778532108,0.1124280202914084,25,20,20
7,214,0.2657053642105566,0.07926763279992961,0.5425330206830166,0.11249398230649091,25,20,20
7,215,0.26695132924909004,0.07926817972987074,0.5328050210331851,0.12097546998784776,25,20,20
7,216,0.2669514866755162,0.07926818322153271,0.532804859804985,0.1209754702979602,25,20,20
7,217,0.26695148667556184,0.079268183221537,0.5328064507742508,0.12097387932864472,25,20,20
7,218,0.27269977721463334,0.07926818314428424,0.5270581361826258,0.12097390345845108,25,20,20
7,219,0.26975387683867125,0.07926579840441067,0.5306543793141499,0.12032594544276275,25,20,20
7,220,0.269744961087312,0.07926579457581966,0.5306532323892466,0.1203360119476163,25,20,20
7,221,0.2698594551558835,0.07926579457543925,0.5305388554382104,0.12033589483046134,25,20,20
7,222,0.2661841390919529,0.07926579457537933,0.534214195644493,0.12033587068816905,25,20,20
7,223,0.2661985510601944,0.07926579457548794,0.5338876500136458,0.12064800435066635,25,20,20
7,224,0.26608397712353293,0.07926588914196993,0.5340021255671993,0.12064800816729203,25,20,20
7,225,0.2660838196774115,0.07927593261510635,0.5339922398504592,0.12064800785701753,25,20,20
7,226,0.2630548833973989,0.07927593253832203,0.5363931148285823,0.12127606923569118,25,20,20
7,227,0.26296050587709985,0.07927593184166234,0.5371155563175768,0.12064800596365549,25,20,20
7,228,0.26296050461607456,0.101364191736838,0.5150272976858611,0.12064800596122106,25,20,20
7,229,0.26305450529274405,0.10124289491187527,0.5150022596659256,0.12070034012945002,25,20,20
7,230,0.26306305029562954,0.10124289491187126,0.5149937146640932,0.1207003401284018,25,20,20
7,231,0.2630754346849345,0.10123284781793411,0.5149913529612885,0.1207003645358387,25,20,20
7,232,0.29602914229791494,0.10123284781066738,0.48203764539643984,0.12070036449497554,25,20,20
7,233,0.29602914229704735,0.1012256943285078,0.48204479887946533,0.12070036449497719,25,20,20
7,234,0.25991878842407673,0.10124492218688923,0.5181358971646931,0.12070039222433764,25,20,20
7,235,0.25992054669358317,0.10124492218529323,0.518134138904382,0.1207003922167374,25,20,20
7,236,0.25992054669358394,0.1012449221852933,0.518129737955404,0.12070479316571463,25,20,20
7,237,0.25992266046861867,0.10124492218581843,0.5181276200788061,0.12070479726675254,25,20,20
7,238,0.2641063282129225,0.1012449597254302,0.5139435732331746,0.1207051388284683,25,20,20
7,239,0.26409894990644067,0.10123472312625868,0.5139612158602344,0.1207051111070618,25,20,20
7,240,0.2900917318601641,0.10123472311814531,0.4879684339040435,0.12070511111764352,25,20,20
7,241,0.29009173186016335,0.10123472311814524,0.48796634659003274,0.12070719843165505,25,20,20
7,242,0.2899740320894805,0.10122374672610433,0.4877994049834878,0.1210028162009233,25,20,20
7,243,0.2886497698276303,0.1012236026418822,0.49135311201276394,0.11877351551771952,25,20,20
7,244,0.2886497698278316,0.10121139179821498,0.4913653228562319,0.11877351551771781,25,20,20
7,245,0.28864560989189664,0.10121139178259518,0.4913694827259177,0.11877351559958825,25,20,20
7,246,0.2902374728101448,0.10121139257759473,0.48977761515029017,0.11877351946196615,25,20,20
7,247,0.2635606053985078,0.10121139293455216,0.5164526396268466,0.11877536204008868,25,20,20
7,248,0.2635606053964843,0.10121139293455209,0.5081730675705174,0.1270549340984409,25,20,20
7,249,0.2635606053964419,0.10121139293454787,0.508176065681503,0.12705193598750214,25,20,20
7,250,0.2301147858624958,0.10121114603367992,0.5416880945367295,0.12698597356709038,25,20,20
7,251,0.23014818350654018,0.10121075659196078,0.5479072746262765,0.12073378527521823,25,20,20
7,252,0.2301481835169207,0.10121075659196514,0.5479136144529849,0.1207274454381249,25,20,20
7,253,0.23430581065567932,0.10121100181204967,0.5437557413732115,0.12072744615905552,25,20,20
7,254,0.23430581064529882,0.10121100181204538,0.5437541021763601,0.12072908536629164,25,20,20
7,255,0.23430581064534434,0.10121100181204547,0.5437606382391319,0.12072254930347456,25,20,20
7,256,0.23423306119015458,0.10121100199032584,0.5438333866737766,0.12072255014573927,25,20,20
7,257,0.23422067680156672,0.10121100812216438,0.5437494139300155,0.1208189011462496,25,20,20
7,258,0.23422067680152117,0.1012110081221643,0.5437428424708375,0.12082547260547313,25,20,20
7,259,0.2342206768015111,0.11996571712887291,0.5249881430592572,0.12082546301035547,25,20,20
7,260,0.24202073342450908,0.11997437248305784,0.5148290358867924,0.1231758582056374,25,20,20
7,261,0.24202073342450908,0.11997437248305792,0.5148290706824669,0.12317582340996269,25,20,20
7,262,0.24203409767177703,0.11997436635832495,0.5149105866697198,0.1230809493001747,25,20,20
7,263,0.24203614765812703,0.11997436635832597,0.5149085366760273,0.12308094930751592,25,20,20
7,264,0.24203614765812703,0.11997436635832597,0.5149085366670306,0.12308094931651274,25,20,20
7,265,0.20791446877918,0.11997564328153536,0.5490227973550591,0.12308709058422002,25,20,20
7,266,0.20833380716126487,0.11997704172980946,0.5487583141831962,0.1229308369257234,25,20,20
7,267,0.20902097767138414,0.11999043593094635,0.5480566098055641,0.12293197659209915,25,20,20
7,268,0.20902097767138414,0.11999043593094628,0.5480520216619046,0.1229365647357588,25,20,20
7,269,0.21035664829014578,0.11999043594288059,0.5470966451317788,0.12255627063518958,25,20,20
7,270,0.22199431345925424,0.11999043616062254,0.5354589810987578,0.12255626928136275,25,20,20
7,271,0.24072112050174674,0.11998178045106908,0.5190930671077031,0.12020403193947818,25,20,20
7,272,0.2400002518030987,0.11997512906299969,0.5198217181311542,0.12020290100274446,25,20,20
7,273,0.23963870738542653,0.11997512888624001,0.5201832635679423,0.12020290016038813,25,20,20
7,274,0.23968275134157618,0.11998078707447064,0.5201058754171497,0.12023058616680177,25,20,20
7,275,0.23968275134157618,0.11998025362348486,0.5201064088680398,0.1202305861668976,25,20,20
7,276,0.24001239543566266,0.11998025847959387,0.519776760932253,0.12023058515248904,25,20,20
7,277,0.24608715491748018,0.11998001325946771,0.5137022474027556,0.12023058442029458,25,20,20
7,278,0.24608715491747699,0.11998001325946764,0.5136976249528982,0.12023520687015544,25,20,20
7,279,0.24652495710827207,0.1199800132579179,0.5132598227711663,0.12023520686264182,25,20,20
7,280,0.24701316448945237,0.11998001290208245,0.512771663885147,0.1202351587233161,25,20,20
7,281,0.24700881641700154,0.11998001290208345,0.5127760119500009,0.12023515873091205,25,20,20
7,282,0.2465885463230766,0.11997861406889265,0.5133893791762395,0.12004346043178928,25,20,20
7,283,0.24656798037765695,0.11997861406901462,0.5134099450980898,0.1200434604552361,25,20,20
7,284,0.24751372360615378,0.11997861356448594,0.5124642046575384,0.12004345817181969,25,20,20
7,285,0.24751372360615378,0.11997861356448594,0.5124641242832674,0.12004353854609082,25,20,20
7,286,0.24789481864188162,0.12001836975402239,0.5120510993547197,0.12003571224937365,25,20,20
7,287,0.2476655442332074,0.12001837497512775,0.5122803681053137,0.12003571268634859,25,20,20
7,288,0.247735757672993,0.12001837496600039,0.512202264720075,0.12004360264092893,25,20,20
7,289,0.28149156048832097,0.12000938807772413,0.4784554484356117,0.12004360299834199,25,20,20
7,290,0.28149156048832097,0.12000938807796713,0.4787218002413687,0.11977725119234187,25,20,20
7,291,0.2816101440199531,0.12000938807796245,0.4786032208951098,0.11977724700697406,25,20,20
7,292,0.28001877378944307,0.12000938895766942,0.4801945860553401,0.11977725119754572,25,20,20
7,293,0.28001877378944307,0.12000938895767364,0.4804608034551944,0.11951103379768752,25,20,20
7,294,0.28001877378944307,0.12000938895767364,0.4804608034408398,0.11951103381204187,25,20,20
7,295,0.2800054096205587,0.12002923894298685,0.4803611787638253,0.11960417267262871,25,20,20
7,296,0.28316920174379545,0.12002509756577404,0.4772015359468113,0.11960416474361908,25,20,20
7,297,0.2831692036185051,0.12002509672420925,0.47720154296548123,0.11960415669180458,25,20,20
7,298,0.2831692036182897,0.09424330924126201,0.5029833304487074,0.11960415669174168,25,20,20
7,299,0.2833118531047814,0.09424330924129569,0.5028406813933014,0.11960415626062174,25,20,20
7,300,0.28325119974095786,0.09423759971947261,0.4994726362027637,0.12303856433680471,25,20,20
7,301,0.3053661290608873,0.0942382911592147,0.47717547751702805,0.12322010226286854,25,20,20
7,302,0.3053743600559121,0.09423829115800847,0.4806293443297785,0.11975800445629944,25,20,20
7,303,0.305374360056026,0.10130623177360246,0.4735614037140535,0.1197580044563167,25,20,20
7,304,0.3049230593317224,0.10126647553301783,0.4740523986731565,0.11975806646210187,25,20,20
7,305,0.3049230593317224,0.10126647553301783,0.4740524006749139,0.11975806446034445,25,20,20
7,306,0.3049455029968788,0.10126647553289449,0.4740299570402688,0.11975806442995653,25,20,20
7,307,0.3048767600206593,0.10126650365955206,0.4736710002350976,0.12018573608468935,25,20,20
7,308,0.3048767600205439,0.12002230725343288,0.45491519664138397,0.12018573608463762,25,20,20
7,309,0.3048789768845301,0.1200223072534319,0.4549129797849966,0.12018573607703933,25,20,20
7,310,0.30788351414612014,0.12002230765090868,0.4519084401988348,0.12018573800413547,25,20,20
7,311,0.30788552455262674,0.12002230765090967,0.45190642979232687,0.12018573800413579,25,20,20
7,312,0.2776706446481846,0.12002376382534567,0.48211960749278815,0.12018598403368275,25,20,20
7,313,0.29966998865370387,0.1200224494223473,0.4600758653497333,0.12023169657421783,25,20,20
7,314,0.2996699886538855,0.12002244943601567,0.45990194121598243,0.12040562069411868,25,20,20
7,315,0.3012203254816207,0.12002249439115864,0.4583515519075123,0.12040562821971035,25,20,20
7,316,0.30024139753676843,0.12002249439738176,0.45933047984563447,0.12040562822021736,25,20,20
7,317,0.26302256751283104,0.1200224957362957,0.49615124562252866,0.12080369112834578,25,20,20
7,318,0.26302256743302166,0.12000264576354214,0.49626403997402435,0.12071074682941227,25,20,20
7,319,0.26317585662300425,0.12000264576195326,0.496110751209345,0.12071074640569723,25,20,20
7,320,0.2628973867701941,0.12000264576206333,0.496387847656251,0.1207121198114913,25,20,20
7,321,0.262877986659447,0.12000264068954741,0.49640725283951775,0.1207121198114876,25,20,20
7,322,0.262877986659447,0.12000264068954322,0.49614752434202414,0.12097184830898523,25,20,20
7,323,0.26287798665944706,0.12000279985444794,0.4961473651772167,0.12097184830888773,25,20,20
7,324,0.2631544036529755,0.12000279985436534,0.49587232158930095,0.12097047490335769,25,20,20
7,325,0.263154403653021,0.12000279985436522,0.495868117953947,0.12097467853866622,25,20,20
7,326,0.2631544036528393,0.12000279984045394,0.49577577266985456,0.12106702383685157,25,20,20
7,327,0.3010092496208393,0.12000275403702626,0.4579209800327962,0.12106701630933907,25,20,20
7,328,0.30106219725293143,0.1200027540376978,0.45786789652254867,0.12106715218682135,25,20,20
7,329,0.3010622321301771,0.12000268394963162,0.45786793360623035,0.1210671503139586,25,20,20
7,330,0.3010622321301803,0.12000268394963592,0.4578680144291014,0.12106706949108015,25,20,20
7,331,0.2978183135080062,0.12000314285504805,0.4612930120941786,0.12088553154276624,25,20,20
7,332,0.2918655140566462,0.12000314293345121,0.4672457908004726,0.12088555220942805,25,20,20
7,333,0.299785101786864,0.12000314287495703,0.459378398492367,0.12083335684580981,25,20,20
7,334,0.29926377108188257,0.12000314287042314,0.4598999192248618,0.12083316682283138,25,20,20
7,335,0.305241441092613,0.12000314286933084,0.4539222487964061,0.12083316724164893,25,20,20
7,336,0.3052414410926098,0.12000314286932653,0.4539220535345521,0.1208333625035104,25,20,20
7,337,0.3055700779393704,0.12000313800537725,0.45359342028590205,0.12083336376934875,25,20,20
7,338,0.3074379861138974,0.12000314257816665,0.45172550603550166,0.12083336527243276,25,20,20
7,339,0.3013902530451306,0.12000314690032646,0.4577732347758085,0.12083336527873331,25,20,20
7,340,0.26549750067185407,0.12002255527353188,0.49364497715854844,0.12083496689606539,25,20,20
7,341,0.28888189021460653,0.12002255481512346,0.4702607104667328,0.1208348445035366,25,20,20
7,342,0.28888189091151817,0.1195435721504619,0.4707396921213259,0.12083484481669378,25,20,20
7,343,0.3021178935470734,0.11954354414398356,0.4578330933353974,0.12050546897354457,25,20,20
7,344,0.30215004812061663,0.11954430160949066,0.4575959373944788,0.12070971287541267,25,20,20
7,345,0.30215004742372015,0.12001539809604296,0.4571248419179767,0.12070971256225883,25,20,20
7,346,0.3021500474237242,0.11998303715952736,0.4571572028490297,0.12070971256771726,25,20,20
7,347,0.29898627701287384,0.11998042256552223,0.4603235874104129,0.12070971301119111,25,20,20
7,348,0.2989884076182009,0.1199803981024837,0.4603214832774602,0.12070971100185499,25,20,20
7,349,0.29880035401056326,0.11998039770512588,0.46050375468012616,0.12071549360418331,25,20,20
7,350,0.298785898361934,0.12004064339617564,0.4604594715305852,0.12071398671130389,25,20,20
7,351,0.3046852018294173,0.12004063907401624,0.45456017239169116,0.12071398670487418,25,20,20
7,352,0.3046852018294135,0.12007314981640324,0.4545276616548622,0.12071398669931993,25,20,20
7,353,0.3046852018294143,0.12007314981640325,0.45452772170036204,0.12071392665381882,25,20,20
7,354,0.2927508982125675,0.12008487526644758,0.4664493034858402,0.12071492303514264,25,20,20
7,355,0.3326213267238558,0.12000521655102173,0.426658626391888,0.12071483033323378,25,20,20
7,356,0.3326213267238559,0.11876726128000482,0.4278965816628105,0.12071483033332825,25,20,20
7,357,0.3323836369505482,0.11876726136847544,0.4281342709185788,0.1207148307623971,25,20,20
7,358,0.33280919321623165,0.11876650379764804,0.42791541198506294,0.12050889100105687,25,20,20
7,359,0.33280919321623087,0.11876650379764804,0.42791538472493534,0.12050891826118532,25,20,20
7,360,0.3310074472499607,0.11876650245699408,0.43011519372270773,0.12011085657033588,25,20,20
7,361,0.3541367911873976,0.1187665024482953,0.40698598468371133,0.12011072168059407,25,20,20
7,362,0.35413679118740293,0.09418153887304698,0.43157094825901426,0.12011072168053412,25,20,20
7,363,0.35413679118735736,0.09418153887304698,0.4315686615648586,0.12011300837473515,25,20,20
7,364,0.35413679118736097,0.09415045476960922,0.4315997456682928,0.12011300837473518,25,20,20
7,365,0.35413679118736097,0.09415045476960922,0.43160191138452986,0.12011084265849811,25,20,20
7,366,0.3659440373059977,0.09413872931810846,0.4198073875088623,0.1201098458670295,25,20,20
7,367,0.3659440373059978,0.09413872931810849,0.4198995660424087,0.1200176673334832,25,20,20
7,368,0.38255063871334466,0.09413872931821732,0.40329296463441655,0.1200176673340202,25,20,20
7,369,0.3817216997818841,0.09413872931069335,0.4041219035734227,0.1200176673339983,25,20,20
7,370,0.3817216997818841,0.09413872931069335,0.4041220180211952,0.12001755288622572,25,20,20
7,371,0.3662246342199946,0.09414899220536636,0.41960716250653235,0.12001921106810463,25,20,20
7,372,0.36622463422685236,0.0941489922053777,0.45775236689449167,0.08187400667327667,25,20,20
7,373,0.3660318144065917,0.09414899698104978,0.4579451351502806,0.08187405346207692,25,20,20
7,374,0.329576122298416,0.09415037324546822,0.4943865618146818,0.08188694264143359,25,20,20
7,375,0.33890262895363304,0.09415038110072399,0.4850576384203468,0.08188935152529389,25,20,20
7,376,0.3552032501069913,0.09415038110034224,0.4687570182552651,0.08188935053740018,25,20,20
7,377,0.35519501838147816,0.09415038110034522,0.43492720540670576,0.11572739511146957,25,20,20
7,378,0.3551950184075664,0.0752510219643971,0.4538265645165176,0.11572739511151763,25,20,20
7,379,0.31891995542546175,0.07525104784182934,0.4901015003435901,0.1157274963891171,25,20,20
7,380,0.31657227847184316,0.07691889762846163,0.49078145144758933,0.11572737245210421,25,20,20
7,381,0.31704889069842074,0.07691889762857164,0.4903048391617108,0.11572737251129522,25,20,20
7,382,0.3009202127697319,0.07691889762882896,0.5064335160815091,0.11572737351992851,25,20,20
7,383,0.28461583578372407,0.07691777290135664,0.5227390157125894,0.11572737560232811,25,20,20
7,384,0.2846166722032864,0.07691779261524247,0.524287556573957,0.11417797860751308,25,20,20
7,385,0.28462263332331933,0.07691779774418883,0.5242815903247786,0.1141779786077108,25,20,20
7,386,0.3011306601013653,0.07691779774431728,0.5077712403649557,0.11418030178935913,25,20,20
7,387,0.30803706772280354,0.07691823686748464,0.5008667680625295,0.11417792734717973,25,20,20
7,388,0.3080370677227238,0.07691823686748109,0.4947049305897396,0.1203397648200528,25,20,20
7,389,0.32353575249820915,0.07690797397278164,0.4792181668836232,0.12033810664538437,25,20,20
7,390,0.31658526370643947,0.07690801977389027,0.486274574908461,0.12023214161120656,25,20,20
7,391,0.316585263680336,0.09581510592560587,0.4673674887828987,0.12023214161115682,25,20,20
7,392,0.35596727505143394,0.09581508656355744,0.4282906801847133,0.11992695820029364,25,20,20
7,393,0.3558366816474039,0.09581508656673213,0.4284212731685441,0.11992695861731814,25,20,20
7,394,0.3495497205646451,0.09581504064768433,0.43127150768152556,0.1233637311061435,25,20,20
7,395,0.34954978644963547,0.09581504668608957,0.43126815357378695,0.12336701329048455,25,20,20
7,396,0.3495497505804977,0.09581504668370192,0.43469173019695334,0.1199434725388429,25,20,20
7,397,0.34969548943940276,0.0958150466820863,0.43454599134710775,0.11994347253139885,25,20,20
7,398,0.34621589211735015,0.09581358614532125,0.43802729324874357,0.11994322848857975,25,20,20
7,399,0.3460825137683964,0.0958135911990084,0.43816066697597245,0.11994322805661776,25,20,20
7,400,0.3491626942993188,0.09581359118362374,0.43508048653213166,0.11994322798492243,25,20,20
7,401,0.32646714313515796,0.09581359084407529,0.4577760974006289,0.11994316862013457,25,20,20
7,402,0.32646712017631424,0.09581358487660083,0.45771284369957604,0.12000645124750543,25,20,20
7,403,0.326468821188689,0.09581358552364425,0.4571402079587405,0.12057738532892293,25,20,20
7,404,0.3264731824892022,0.09581358552361584,0.45713584665825374,0.1205773853289252,25,20,20
7,405,0.32647318248920215,0.09579152504697486,0.45715790681836993,0.12057738564545022,25,20,20
7,406,0.34919598664314705,0.09579220776521734,0.4344343622394629,0.1205774433521693,25,20,20
7,407,0.3491959866431417,0.12159294654592231,0.40863362345879617,0.12057744335213644,25,20,20
7,408,0.3491964070923961,0.12159298702583389,0.4086466117130067,0.12056399416876003,25,20,20
7,409,0.3720616480451704,0.12159299204851293,0.3857814035922346,0.12056395631407733,25,20,20
7,410,0.3692411526686044,0.12159299207805914,0.38860768332970674,0.12055817192362708,25,20,20
7,411,0.37416095391868054,0.12159510962895188,0.3836857646132195,0.12055817183914569,25,20,20
7,412,0.37416095391868054,0.12159510962895181,0.38369035222296427,0.12055358422940093,25,20,20
7,413,0.4133915931884169,0.1215951096311193,0.3444597129514023,0.12055358422905943,25,20,20
7,414,0.4474672066903723,0.12159373336700727,0.3103983648516543,0.12054069509096312,25,20,20
7,415,0.4475837931091914,0.1215937326596056,0.31091927516022055,0.1199031990709792,25,20,20
7,416,0.4476124800903714,0.12159374033803072,0.3108903542261302,0.11990342534546414,25,20,20
7,417,0.447622629923185,0.12159374033792464,0.31088020442275444,0.1199034253161323,25,20,20
7,418,0.44091614553609615,0.12159373542983824,0.31758667333229523,0.11990344570176713,25,20,20
7,419,0.4408870328781536,0.12159485949760836,0.3176148915249624,0.11990321609927229,25,20,20
7,420,0.4378036550150628,0.12159485990084665,0.3206980499474913,0.11990343513659724,25,20,20
7,421,0.43715001213381527,0.12159485999336767,0.32135169188427937,0.11990343598853553,25,20,20
7,422,0.43768442847838657,0.12159372963683612,0.32081849870459067,0.11990334318018438,25,20,20
7,423,0.4377465408240344,0.12159375575941928,0.32035264787351325,0.12030705554303087,25,20,20
7,424,0.4377465461526505,0.12159258353357354,0.3203538146978607,0.12030705561591251,25,20,20
7,425,0.44471581134154164,0.12159258338479516,0.3133845700357904,0.12030703523786915,25,20,20
7,426,0.4447158113415454,0.12159257332445712,0.31338458009056896,0.12030703524342484,25,20,20
7,427,0.44616229905366533,0.12159261319670982,0.3119378608395864,0.12030722691003483,25,20,20
7,428,0.44616229905366533,0.12159261319670975,0.31185230104521755,0.12039278670440386,25,20,20
7,429,0.461876589262078,0.12159261321488019,0.29613801179816335,0.1203927857248751,25,20,20
7,430,0.4499512005220074,0.12159261396018926,0.3080633301309888,0.12039285538681092,25,20,20
7,431,0.44995120052200815,0.12159261396018929,0.3080589898042954,0.1203971957135036,25,20,20
7,432,0.4500182424374451,0.1215926088290317,0.30799197733045486,0.12039717140306458,25,20,20
7,433,0.4350358287708114,0.12159265458056889,0.322976246951221,0.12039526969739488,25,20,20
7,434,0.42182641264003423,0.12159284882432572,0.3361845268115611,0.12039621172407515,25,20,20
7,435,0.42057989792940853,0.11992497365251516,0.3386704773835846,0.12082465103449039,25,20,20
7,436,0.4488607292754556,0.11992497365232663,0.3103896460900337,0.12082465098218162,25,20,20
7,437,0.4870461695737762,0.1199249279007628,0.2722046729890783,0.12082422953638006,25,20,20
7,438,0.46035871617102964,0.11992492790143874,0.2988793449127218,0.12083701101480734,25,20,20
7,439,0.43780522067887107,0.11992538719653266,0.321428004611755,0.12084138751283909,25,20,20
7,440,0.43780522067887107,0.11933770703658123,0.32201568477716774,0.12084138750737779,25,20,20
7,441,0.39782342527309195,0.11935341337651309,0.35771473140400845,0.12510842994638804,25,20,20
7,442,0.3978093546375694,0.11935341337662692,0.35772880197919427,0.1251084300066125,25,20,20
7,443,0.4327667660949055,0.11935129579612534,0.3227735081568674,0.12510842995210156,25,20,20
7,444,0.4598401794633228,0.11935126939253558,0.296104052588782,0.12470449855535783,25,20,20
7,445,0.45982556118847895,0.11933556315990472,0.30030667776067516,0.12053219789093958,25,20,20
7,446,0.45982556118847817,0.11933556315990472,0.3003043659406399,0.12053450971097551,25,20,20
7,447,0.45955934843718377,0.11933556325021255,0.3005705536587007,0.12053453465390142,25,20,20
7,448,0.4472860516107906,0.1193363245879211,0.3128429860807729,0.1205346377205144,25,20,20
7,449,0.42374274002764906,0.11933632541206547,0.33638604837054403,0.12053488618974231,25,20,20
7,450,0.390023311552872,0.11933632604798819,0.37010547700157687,0.12053488539756696,25,20,20
7,451,0.3827790132942011,0.12008125239900388,0.3766050019379373,0.12053473236886095,25,20,20
7,452,0.38075102151035906,0.12008124752873434,0.37863281677684246,0.12053491418406534,25,20,20
7,453,0.3797002961655085,0.12008128722973482,0.3796835007464045,0.12053491585835317,25,20,20
7,454,0.4157257730256002,0.12008128628656058,0.34365824843036796,0.12053469225747264,25,20,20
7,455,0.4157257730258133,0.12065951939979383,0.34308001531146176,0.12053469226293263,25,20,20
7,456,0.41572577302581715,0.12063693112666479,0.3431026035790311,0.12053469226848833,25,20,20
7,457,0.4157530948324476,0.12063693104255575,0.34307530679917053,0.12053466732582727,25,20,20
7,458,0.4003817412759508,0.1206364730092992,0.35843894067211296,0.12054284504263812,25,20,20
7,459,0.400381741275947,0.1206586842580692,0.35841672942890407,0.12054284503708082,25,20,20
7,460,0.42692785528307475,0.12065868425731426,0.33188339692207913,0.120530063537533,25,20,20
7,461,0.4265371334955029,0.12067439513936697,0.3322583624884625,0.120530108876669,25,20,20
7,462,0.4608321158737032,0.12067439441407682,0.29796338089518526,0.12053010881703419,25,20,20
7,463,0.4608321158745617,0.12021708580821844,0.2984206895000888,0.12053010881713061,25,20,20
7,464,0.4999355306322687,0.12021709577654324,0.2593172680307272,0.12053010556046097,25,20,20
7,465,0.5003153854515706,0.12021709577333177,0.2589374380881325,0.12053008068696514,25,20,20
7,466,0.5003153854515706,0.12021709577333184,0.25894396038570716,0.12052355838939047,25,20,20
7,467,0.5086780014660076,0.11947212972819045,0.25132634909576246,0.12052351971003908,25,20,20
7,468,0.4750016604533512,0.11947212978643595,0.2850027640502743,0.12052344570993824,25,20,20
7,469,0.47501363871963975,0.11947212960792081,0.284990785969968,0.12052344570247123,25,20,20
7,470,0.4695655401274712,0.11947153852694928,0.29035314563893044,0.12060977570664953,25,20,20
7,471,0.4643566195032187,0.1194715385281454,0.29556206596774776,0.12060977600088861,25,20,20
7,472,0.4643566195025774,0.11988618982528113,0.29514741467125066,0.12060977600089128,25,20,20
7,473,0.46435661979101256,0.11988618982528117,0.31598277700988764,0.09977441337381864,25,20,20
7,474,0.46476146573874955,0.11988618981662777,0.3155779322754288,0.09977441216919207,25,20,20
7,475,0.46476146573875027,0.1198861898166277,0.3155802264150594,0.09977211802956078,25,20,20
7,476,0.4647614657385331,0.11992938056776767,0.3155370356642339,0.09977211802946334,25,20,20
7,477,0.46493372314595716,0.11992938056307749,0.31536477783675554,0.09977211845420776,25,20,20
7,478,0.42734688054997094,0.11992949606823457,0.3523072509751896,0.10041637240660439,25,20,20
7,479,0.42557064967275776,0.11992973881026055,0.354082102365619,0.1004175091513618,25,20,20
7,480,0.4255673903576522,0.11992973880872598,0.3540853620994228,0.10041750873419812,25,20,20
7,481,0.3879166682737491,0.11992973378235058,0.3917323562823137,0.10042124166158434,25,20,20
7,482,0.39490738337983833,0.11992949103909999,0.3847430209659406,0.10042010461511847,25,20,20
7,483,0.39490738337962134,0.11996096905537985,0.38471154295543386,0.10042010460956241,25,20,20
7,484,0.37668488825152535,0.1199616009613624,0.40293039342689996,0.10042311736021031,25,20,20
7,485,0.36634078772150735,0.11996160095942825,0.4132744580757418,0.10042315324332084,25,20,20
7,486,0.3790388773611966,0.1199614070743948,0.4005775043476201,0.10042221121678672,25,20,20
7,487,0.3765729567075805,0.119945656576408,0.4030579683843106,0.10042341833169992,25,20,20
7,488,0.3746711626228212,0.1199456570703955,0.4049634901265671,0.10041969018021529,25,20,20
7,489,0.3918585087267136,0.11994549198985187,0.3878627424980639,0.1003332567853694,25,20,20
7,490,0.4037129989007449,0.11994549198984931,0.37600825226429935,0.10033325684510526,25,20,20
7,491,0.403583078005229,0.11994549199149271,0.37613817273363354,0.10033325726964325,25,20,20
7,492,0.4035830780052266,0.09417574711893371,0.40190791781039054,0.10033325706544752,25,20,20
7,493,0.3809245063211197,0.09417622531640304,0.4245660344197219,0.10033323394275193,25,20,20
7,494,0.380452857921992,0.09417622532537241,0.42503768391553365,0.10033323283709816,25,20,20
7,495,0.38045285792199074,0.11996823681272616,0.39924567254051224,0.10033323272476884,25,20,20
7,496,0.3905805703275494,0.11996823681161774,0.3891179719271527,0.10033322093367811,25,20,20
7,497,0.3721359017169309,0.11996823720666275,0.40756263923658476,0.10033322183981941,25,20,20
7,498,0.37594545632480186,0.11996823721151177,0.40375431474571,0.1003319917179743,25,20,20
7,499,0.3772430918300598,0.11996813299659,0.4031010381489327,0.09968773702441623,25,20,20
7,500,0.3777458351056835,0.11996813263797454,0.4025982952027453,0.09968773705359496,25,20,20
7,501,0.3778138034058668,0.1199681326290053,0.4025303269528458,0.09968773701228,25,20,20
7,502,0.37499754316329537,0.11996815942221602,0.4053337191874394,0.09970057822704673,25,20,20
7,503,0.34885795750435045,0.11996816030940055,0.43147314523553976,0.0997007369507071,25,20,20
7,504,0.34885795750435405,0.11824953865950973,0.43319176688542904,0.09970073695070543,25,20,20
7,505,0.3326394321452522,0.11824986486405092,0.44936602386288343,0.09974467912781304,25,20,20
7,506,0.3326394321454335,0.1182498648640553,0.4493618646709446,0.09974883831956628,25,20,20
7,507,0.3326394411253388,0.1182498647708666,0.4096945962752129,0.13941609782858116,25,20,20
7,508,0.33252496611190274,0.11825224150861509,0.4098195357968754,0.13940325658260636,25,20,20
7,509,0.33252496612389065,0.11703341004051841,0.41103836724759923,0.13940325658799138,25,20,20
7,510,0.3124163579202103,0.1170334205030385,0.42223028899271364,0.1483199325840372,25,20,20
7,511,0.3124163579082228,0.11784766210399787,0.42141604740362854,0.14831993258415038,25,20,20
7,512,0.31242478855405614,0.11784766210388979,0.42140761681864325,0.14831993252341136,25,20,20
7,513,0.3121141207100686,0.11784773662404541,0.42171843836041634,0.14831970430546998,25,20,20
7,514,0.31211409929930994,0.11784773612161137,0.4217184650637891,0.14831969951528984,25,20,20
7,515,0.32922216588054204,0.11784726145508402,0.4046096907031634,0.14832088196121188,25,20,20
7,516,0.3292718546049231,0.11784726145653074,0.40456002606935426,0.14832085786919325,25,20,20
7,517,0.3292718546049231,0.11784726145653074,0.4045577473056449,0.14832313663290222,25,20,20
7,518,0.329271854604741,0.1178472614565264,0.4045530900726799,0.14832779386605358,25,20,20
7,519,0.32932454444670994,0.11784614318560652,0.40450151661374745,0.14832779575393687,25,20,20
7,520,0.32978526628145055,0.11784615754936352,0.40404078039488844,0.14832779577429803,25,20,20
7,521,0.3297852662824766,0.11565859336407523,0.40622834427953797,0.14832779607391075,25,20,20
7,522,0.3661203633887139,0.11565856783983416,0.369893274400303,0.14832779437114854,25,20,20
7,523,0.36612036338851894,0.11612819064899718,0.36942365188562604,0.14832779407685742,25,20,20
7,524,0.3645550561034706,0.11612818904272917,0.371001516690828,0.14831523816297099,25,20,20
7,525,0.36457059394819175,0.1161281895011956,0.3709859762017997,0.14831524034881072,25,20,20
7,526,0.3646451202807309,0.11612818950116532,0.3709114498771367,0.14831524034096502,25,20,20
7,527,0.32822647734228494,0.11612821636375381,0.40732981863762086,0.14831548765633798,25,20,20
7,528,0.3282264683609534,0.11612821634964156,0.4070919121858419,0.14855340310356083,25,20,20
7,529,0.32772753598599486,0.11612822717394222,0.40757715189254107,0.14856708494751975,25,20,20
7,530,0.32772753598516374,0.11784708175501414,0.4058582973176218,0.14856708494219814,25,20,20
7,531,0.3615171052337412,0.11784708126113969,0.3724971686874642,0.1481386448176533,25,20,20
7,532,0.361517104945307,0.11784708126113981,0.35178662923525017,0.16884918455830164,25,20,20
7,533,0.3602044149450981,0.1178470051171988,0.3530861253805844,0.16886245455711663,25,20,20
7,534,0.36020441495545635,0.11784700511720309,0.35317838117985806,0.16877019874748062,25,20,20
7,535,0.3803305547290132,0.11784699465456916,0.3419689279246917,0.15985352269172404,25,20,20
7,536,0.41642636416482426,0.11784568836443449,0.3058744044108008,0.15985354305993935,25,20,20
7,537,0.41642636415446604,0.1178456883644302,0.30578206751981907,0.1599458799612836,25,20,20
7,538,0.3801603613633349,0.11784568827110854,0.3420410074093968,0.15995294295615825,25,20,20
7,539,0.38109065583882623,0.11784568829397539,0.3411105842477123,0.15995307161948508,25,20,20
7,540,0.3589818227052083,0.11784615308745212,0.3630969216384783,0.16007510256886026,25,20,20
7,541,0.38131318117221724,0.11784568829242101,0.34088805888628554,0.1599530716490755,25,20,20
7,542,0.38131318117221724,0.11784568829242101,0.3408880600576577,0.1599530704777035,25,20,20
7,543,0.38224346390690145,0.1178456909888999,0.3399714541584649,0.15993939094573276,25,20,20
7,544,0.3973583407371887,0.11784569163961663,0.3247374243309832,0.16005854329221098,25,20,20
7,545,0.3989559134074494,0.11784569246662453,0.32315289230760286,0.16004550181832167,25,20,20
7,546,0.3953591272924729,0.1178458517959705,0.326712523666539,0.16008249724501622,25,20,20
7,547,0.39535731809249264,0.1178456924662321,0.3266638027122305,0.16013318672904348,25,20,20
7,548,0.39535731809249297,0.11954175018373352,0.32496774499463094,0.16013318672914092,25,20,20
7,549,0.39535731809254493,0.11954175018373789,0.3249679906674718,0.16013294105624365,25,20,20
7,550,0.42772094212475603,0.1195417497035516,0.29260447740558243,0.16013283076610907,25,20,20
7,551,0.422060528584838,0.11954174961623208,0.2982649150629248,0.16013280673600555,25,20,20
7,552,0.391246482603287,0.11954306984398742,0.32872514931153013,0.16048529824119476,25,20,20
7,553,0.3912464826032862,0.11954306984398727,0.32859562352672,0.16061482402600585,25,20,20
7,554,0.4116757586332493,0.1195437081635437,0.30816593783658336,0.16061459536662345,25,20,20
7,555,0.41167575863325273,0.11826120344189535,0.3094484422603933,0.1606145956644584,25,20,20
7,556,0.4155215155030473,0.11826120319840303,0.3056027079526109,0.16061457334593893,25,20,20
7,557,0.4317694428620672,0.11826058385734123,0.2893553070692815,0.16061466621130968,25,20,20
7,558,0.4309458563290047,0.11826058458689889,0.29017879616593395,0.160614762918162,25,20,20
7,559,0.41365694637687256,0.11826058385746575,0.307467803554332,0.1606146662113298,25,20,20
7,560,0.41272747452174735,0.11830307020609611,0.3083546666393914,0.160614788632766,25,20,20
7,561,0.41285075182666486,0.11830307029388293,0.30823138923044036,0.16061478864901285,25,20,20
7,562,0.41285075182666486,0.11830307029388284,0.30823601096243347,0.16061016691702001,25,20,20
7,563,0.412850751826665,0.11830307029388293,0.3082360495345888,0.16061012834486477,25,20,20
7,564,0.43768520265084043,0.11830306963509814,0.2835206547970077,0.1604910729170541,25,20,20
7,565,0.4376852026987922,0.11705257354496792,0.284771150532141,0.16049107322409925,25,20,20
7,566,0.40222855744145847,0.11715958859827831,0.3201116780626279,0.16050017589763688,25,20,20
7,567,0.4189669717153127,0.11715895671664299,0.3033714881885554,0.16050258337949072,25,20,20
7,568,0.4189669717153135,0.1171589567166429,0.3033716027825188,0.16050246878552651,25,20,20
7,569,0.4203900617268424,0.11715893689610642,0.3019486254900771,0.1605023758869757,25,20,20
7,570,0.4376994751894655,0.11715893651376313,0.2846392132890883,0.16050237500768438,25,20,20
7,571,0.41885082108447746,0.11715865662250005,0.30282698740891867,0.16116353488410465,25,20,20
7,572,0.4535362005964705,0.11715862995150472,0.2688467365645703,0.16045843288745576,25,20,20
7,573,0.43443053059874437,0.11719314062233294,0.2879178452627693,0.16045848351615435,25,20,20
7,574,0.43129252280173985,0.11719182066097793,0.2914095938379953,0.16010606269928748,25,20,20
7,575,0.4291227104432942,0.11719183312385803,0.29357950092057356,0.160105955512275,25,20,20
7,576,0.4291227104432423,0.11719183312385376,0.2935858574533419,0.16009959897956275,25,20,20
7,577,0.4291227104432423,0.11719183312409832,0.29358785901116413,0.16009759742149604,25,20,20
7,578,0.4273804993081469,0.11719184970822961,0.29532977862126414,0.16009787236235995,25,20,20
7,579,0.42734873276845525,0.11714933591028337,0.29539767049589666,0.16010426082536588,25,20,20
7,580,0.4273487327684513,0.1188676921094671,0.29367931460005003,0.1601042605220327,25,20,20
7,581,0.4271272152845136,0.11886769210947104,0.2939008303735657,0.1601042622324507,25,20,20
7,582,0.42355095113724717,0.11886766574705615,0.2974773658154019,0.16010401730029428,25,20,20
7,583,0.4235509511372431,0.1188902324235835,0.2974547991389745,0.16010401730019852,25,20,20
7,584,0.40748547791768674,0.11892748827754324,0.3134829618577285,0.16010407194704043,25,20,20
7,585,0.40748547804077506,0.11892748827774673,0.3202039033854702,0.15338313029600603,25,20,20
7,586,0.40748550449989396,0.11892752382476539,0.2889220335270983,0.1846649381482413,25,20,20
7,587,0.40754749277239083,0.11892752340532249,0.28886655889156,0.18465842493072546,25,20,20
7,588,0.4031246916765086,0.11882050835198867,0.29340547771305636,0.18464932225844588,25,20,20
7,589,0.40362504178833036,0.1188205083523202,0.29290512925160184,0.1846493206077471,25,20,20
7,590,0.40362504178833036,0.11882050835207567,0.2929031260516125,0.18465132380798113,25,20,20
7,591,0.39844836070098466,0.11883429298540397,0.2980714423705882,0.1846459039430221,25,20,20
7,592,0.39679037097371056,0.11883429298500868,0.29972952902968264,0.18464580701159633,25,20,20
7,593,0.3967904276302969,0.09292641831527977,0.3256373406762425,0.18464581337817837,25,20,20
7,594,0.4137224021659513,0.09288914280104904,0.3087426963581452,0.18464575867485267,25,20,20
7,595,0.41372149854126583,0.09288911386774946,0.3087439049144613,0.18464548267652245,25,20,20
7,596,0.4067372172876514,0.0928891160423925,0.3157276135196996,0.18464605315025587,25,20,20
7,597,0.40673721716456307,0.09288911604218905,0.30900678726847397,0.19136687952477288,25,20,20
7,598,0.40673719070509284,0.09288908049537917,0.3007565113587009,0.19961721744082614,25,20,20
7,599,0.40673719070509284,0.09288908049537907,0.30075639410916166,0.1996173346903654,25,20,20
7,600,0.36822038913299865,0.09288910833701579,0.33927316546060815,0.19961733706937465,25,20,20
7,601,0.37508841238820506,0.09288910625259923,0.33240433661437374,0.1996181447448198,25,20,20
7,602,0.3351382728928842,0.09288911997854804,0.372354396997522,0.19961821013104314,25,20,20
7,603,0.33513821623631307,0.1187672548561754,0.34647632514295146,0.19961820376455688,25,20,20
7,604,0.3537644893140115,0.11873274418545188,0.3278846133945135,0.19961815310602093,25,20,20
7,605,0.3552411629879147,0.11873274419290411,0.3264079387010917,0.1996181541180874,25,20,20
7,606,0.39358867692799165,0.11873276692823677,0.28805071195955706,0.19962784418421378,25,20,20
7,607,0.39456828901778046,0.11873276690827306,0.28707109984800544,0.19962784422594015,25,20,20
7,608,0.39456828896982893,0.11995180523322727,0.28585206187795065,0.19962784391899244,25,20,20
7,609,0.4112092590092615,0.11995180522565056,0.2692110928581816,0.19962784290690583,25,20,20
7,610,0.41116292742394367,0.1199518294352411,0.2692572847359881,0.19962795840482642,25,20,20
7,611,0.4106070287230134,0.11995196841172202,0.2698130466161658,0.19962795624909732,25,20,20
7,612,0.4106070287230134,0.11995196841148398,0.2694465487327372,0.19999445413276398,25,20,20
7,613,0.4106070287230102,0.10486407153177697,0.28453443437436926,0.19999446537084178,25,20,20
7,614,0.41020371969529795,0.10486391359253881,0.28493790158810994,0.19999446512405147,25,20,20
7,615,0.4102361279064546,0.10486393564764919,0.2750359912965477,0.20986394514934686,25,20,20
7,616,0.41023612790645536,0.10486393564764919,0.2750314073542598,0.20986852909163428,25,20,20
7,617,0.4232700799810414,0.10486391745249979,0.2619073481341349,0.20995865443232162,25,20,20
7,618,0.4222927360627547,0.10486391781320925,0.26288468828335615,0.20995865784067763,25,20,20
7,619,0.42229273606275797,0.11995899774588543,0.2477896195888506,0.20995864660250407,25,20,20
7,620,0.4223032847815573,0.11995899754952039,0.24777907070330973,0.20995864696561028,25,20,20
7,621,0.4223006473892952,0.1199589975539172,0.24778171376318203,0.2099586412936037,25,20,20
7,622,0.4487603456852024,0.11995899152988815,0.2214122623299053,0.20986840045500227,25,20,20
7,623,0.4289935792957101,0.11995902085796857,0.2410274608265086,0.21001993901981084,25,20,20
7,624,0.42899357930959864,0.09121395877299826,0.2697725228961276,0.21001993902127356,25,20,20
7,625,0.4279737279188687,0.09121399595794737,0.27079344690886886,0.21001882921431375,25,20,20
7,626,0.4484350524614226,0.09121396627526267,0.25048369402114196,0.2098672872421708,25,20,20
7,627,0.45003696358857764,0.09121392972455009,0.24889157533784143,0.20985753134902943,25,20,20
7,628,0.43735173032966734,0.0912139309508515,0.2613618149159933,0.21007252380348604,25,20,20
7,629,0.39738109377663766,0.09121393182530727,0.30133222100684603,0.21007275339120754,25,20,20
7,630,0.3594494396556885,0.09121392172506336,0.3392640227264569,0.21007261589278858,25,20,20
7,631,0.3594494396556885,0.09121392172506336,0.33926402553563917,0.2100726130836064,25,20,20
7,632,0.3591489843332398,0.09121392171871678,0.33956448094900166,0.21007261299903945,25,20,20
7,633,0.35914898431936615,0.11994560495247157,0.31083279773068,0.21007261299748092,25,20,20
7,634,0.3658329565089876,0.11994560495119515,0.3041488461019846,0.21007259243783152,25,20,20
7,635,0.36583295650898684,0.11994560495119515,0.3041486921341464,0.21007274640567064,25,20,20
7,636,0.36579905843887517,0.11994558239591407,0.31405209512452775,0.20020326404068226,25,20,20
7,637,0.36523209428654574,0.11994558274362217,0.3146190589000672,0.20020326406976427,25,20,20
7,638,0.3652320942865912,0.1199455827436179,0.31461477412178035,0.20020754884801,25,20,20
7,639,0.3652320942865457,0.11994558274361797,0.3146171542393768,0.20020516873045896,25,20,20
7,640,0.3717625267964076,0.11993179817652556,0.3081005062394669,0.20020516878759964,25,20,20
7,641,0.3717628031775304,0.11993182672843938,0.30809257585863675,0.200212794235393,25,20,20
7,642,0.3353275490216238,0.11993273113093698,0.3445269230275643,0.20021279681987317,25,20,20
7,643,0.33702203224433985,0.11993273112452207,0.34283243816734227,0.20021279846379347,25,20,20
7,644,0.3431292645152192,0.11993272250474721,0.33672639727198017,0.20021161570805243,25,20,20
7,645,0.3441706566749307,0.11993272215085066,0.3356850054942174,0.20021161568000032,25,20,20
7,646,0.3441706566749307,0.11993272215085059,0.3356784047356939,0.20021821643852383,25,20,20
7,647,0.3441706566749339,0.11993272216466375,0.3360525820498455,0.1998440391105559,25,20,20
7,648,0.3441706566749339,0.11993272216466375,0.33605258343727185,0.1998440377231296,25,20,20
7,649,0.3441706566749307,0.11993272215085059,0.3356786326888499,0.2002179884853679,25,20,20
7,650,0.3441706568762477,0.09119792829673815,0.3644134263400856,0.20021798848692648,25,20,20
7,651,0.3441701545216852,0.09119792992609735,0.3644141526275784,0.20021776292463783,25,20,20
7,652,0.3432400247365429,0.09119792993214178,0.3653442807356066,0.2002177645957071,25,20,20
7,653,0.34233389188516433,0.09119814827281644,0.3662491499055544,0.20021880993646352,25,20,20
7,654,0.3423338916840492,0.11996896965607158,0.33747832872487704,0.2002188099350008,25,20,20
7,655,0.3637606478379254,0.11996806525103798,0.31605247956191135,0.20021880734912442,25,20,20
7,656,0.36376064785026807,0.11993654058203057,0.3160840039020554,0.20021880766564512,25,20,20
7,657,0.36373205334923675,0.11993653807849503,0.31611260493205484,0.2002188036402127,25,20,20
7,658,0.3637318729273875,0.11993629769092541,0.3160744482976912,0.20025738108399554,25,20,20
7,659,0.3697442467072989,0.11993629769560618,0.3100620748010948,0.20025738079599986,25,20,20
7,660,0.36974424670708195,0.11991364623536717,0.31008472626164824,0.20025738079590238,25,20,20
7,661,0.38617999332753045,0.11991364623781312,0.2936489796388247,0.20025738079583127,25,20,20
7,662,0.38617999332753045,0.11991364623781312,0.293649059419602,0.20025730101505393,25,20,20
7,663,0.38617999331517683,0.11993612841795662,0.2936265775627784,0.20025730070408762,25,20,20
7,664,0.38617999331517683,0.1199361284179567,0.29362646285321137,0.2002574154136545,25,20,20
7,665,0.38616945386534873,0.11993612059486748,0.2936370063949052,0.2002574191448777,25,20,20
7,666,0.3858483512819604,0.11993613999103159,0.2939579078735975,0.2002576008534096,25,20,20
7,667,0.3858483512819977,0.11993613999103152,0.3011243723104162,0.1930911364165538,25,20,20
7,668,0.3858483512819596,0.11993613999103152,0.2939578996215675,0.20025760910544052,25,20,20
7,669,0.38644913562610583,0.11993612058886816,0.2933573163891383,0.20025742739588687,25,20,20
7,670,0.3656611035611846,0.11993615840258257,0.3143497031995786,0.20005303483665368,25,20,20
7,671,0.32576185447518824,0.11993615891447913,0.35424881573050576,0.20005317087982646,25,20,20
7,672,0.3247822430670778,0.11993615841562681,0.35522842763644713,0.2000531708808485,25,20,20
7,673,0.3247822430670777,0.11993615841562681,0.35522837433038673,0.2000532241869088,25,20,20
7,674,0.3247822443313716,0.1199364379322854,0.35526784156537566,0.20001347617096724,25,20,20
7,675,0.3247822443313715,0.11993643793228546,0.35526784886371393,0.20001346887262872,25,20,20
7,676,0.3207022881015573,0.11993644723594382,0.359347795367499,0.20001346929499925,25,20,20
7,677,0.3207309044501294,0.11993644640546426,0.35931918394777285,0.20001346519663382,25,20,20
7,678,0.34884174757165737,0.11993644637607712,0.33120834085810374,0.20001346519416147,25,20,20
7,679,0.348885056114773,0.11993644637576377,0.3311650323365277,0.20001346517293533,25,20,20
7,680,0.348893962156239,0.1199364463755421,0.33115612629531094,0.20001346517290763,25,20,20
7,681,0.3090049770829806,0.1199364469044696,0.371037325044861,0.20002125096768938,25,20,20
7,682,0.3087488430329836,0.11993645203406655,0.3712920606343548,0.20002264429859548,25,20,20
7,683,0.28590001496035955,0.11993646017052483,0.39414084210594624,0.20002268276316923,25,20,20
7,684,0.2999350276414878,0.11993642113056557,0.3801164683446418,0.20001208288330424,25,20,20
7,685,0.27939973810315133,0.11993642215280848,0.40065175200355446,0.20001208774048454,25,20,20
7,686,0.27931184804062725,0.11993642286481208,0.4007394497982307,0.20001227929632914,25,20,20
7,687,0.3191032560713562,0.1199364223466502,0.36094817832938675,0.2000121432526048,25,20,20
7,688,0.3191032560713595,0.11993642234665026,0.36094820805996974,0.20001211352201864,25,20,20
7,689,0.31910319219950717,0.11993642134237734,0.36094827538047347,0.20001211107763972,25,20,20
7,690,0.3189865775681545,0.11993642134237277,0.3610648900130926,0.20001211107637767,25,20,20
7,691,0.3189865775681545,0.11993642134237277,0.3610603040424207,0.2000166970470494,25,20,20
7,692,0.28283420918559693,0.11993642133795653,0.3972126706461709,0.20001669883027337,25,20,20
7,693,0.31232047631450094,0.11993639667037857,0.367732014633475,0.20001111238164235,25,20,20
7,694,0.3123205061037076,0.11993639668269253,0.3724070323456899,0.1953360648679066,25,20,20
7,695,0.3060909827784384,0.11994634411069068,0.3786265650852071,0.1953361080256621,25,20,20
7,696,0.3060909827786201,0.11994634411093476,0.3787187983805537,0.19524387472988977,25,20,20
7,697,0.30609098277862334,0.11994634411093909,0.3789851303799687,0.1949775427304668,25,20,20
7,698,0.3076636973630841,0.11994634492510078,0.3774124149132044,0.19497754279860996,25,20,20
7,699,0.30128874590644983,0.11994703433401611,0.3837886570310713,0.19497556272846206,25,20,20
7,700,0.2862228624886312,0.11994704688494444,0.39885111915501126,0.19497897147141252,25,20,20
7,701,0.28782914565894924,0.11994704754123112,0.3972422924563663,0.19498151434345254,25,20,20
7,702,0.31210048265998974,0.1199470393988455,0.37297100373230646,0.19498147420885753,25,20,20
7,703,0.27211998826397915,0.11994703942040036,0.3828216556873006,0.2251113166283201,25,20,20
7,704,0.2721199584747701,0.11994703940809062,0.3781467394137016,0.22978626270343785,25,20,20
7,705,0.27213486761147343,0.11994675476245766,0.378132114922756,0.22978626270331212,25,20,20
7,706,0.27225915097941905,0.1199467546718764,0.37800783164433016,0.22978626270437397,25,20,20
7,707,0.27071563263155446,0.1199467538577007,0.37955134676442476,0.2297862667463197,25,20,20
7,708,0.270715632631552,0.11994675385769638,0.37928729407218376,0.2300503194385675,25,20,20
7,709,0.26441368727852993,0.11994675385910711,0.38558923948450824,0.23005031937785383,25,20,20
7,710,0.2643844818929693,0.1199467538742422,0.3856184489637341,0.23005031526905356,25,20,20
7,711,0.24127977664720635,0.1204726174811489,0.408196576645405,0.23005102922624077,25,20,20
7,712,0.2812294142167664,0.12047261746312633,0.3682469415219998,0.23005102679810846,25,20,20
7,713,0.2827182454822195,0.12047260539824543,0.3667577671373771,0.2300513819821572,25,20,20
7,714,0.2827149868999826,0.12047260537668658,0.3569833973364684,0.23982901038686294,25,20,20
7,715,0.2827149868999827,0.12047260537668658,0.3569879822525837,0.23982442547074773,25,20,20
7,716,0.26603339455573083,0.12047260537668268,0.373669574596865,0.2398244254707203,25,20,20
7,717,0.2723273055428186,0.12047260537529848,0.3673756639756718,0.2398244251062103,25,20,20
7,718,0.27232730553246043,0.12047260537529839,0.3672831363308368,0.23991695276140346,25,20,20
7,719,0.2723273055324604,0.12047260537529839,0.36727855036627327,0.2399215387259672,25,20,20
7,720,0.27318894337248667,0.12047260484638155,0.36642469417714874,0.2399137576039813,25,20,20
7,721,0.28870631807848757,0.12047260499352021,0.3509072839958385,0.23991379293215367,25,20,20
7,722,0.2887063180784875,0.11926536596488266,0.3521145230243816,0.23991379293224818,25,20,20
7,723,0.2885855613145947,0.1192653659664446,0.3522352793628598,0.2399137933561009,25,20,20
7,724,0.2885855613146055,0.11924346479996072,0.3522571805348872,0.23991379335054647,25,20,20
7,725,0.28858086910805586,0.11924346479995675,0.35226187274248894,0.2399137933494987,25,20,20
7,726,0.2885808691078741,0.11924346479971262,0.35216952416070435,0.2400061419317092,25,20,20
7,727,0.2881573751293903,0.1192434644526225,0.35259321171320573,0.24000594870478018,25,20,20
7,728,0.3116585720329631,0.11924346430558883,0.32909205495762545,0.24000590870382138,25,20,20
7,729,0.31167579346393554,0.11924346430547321,0.3290748335267781,0.24000590870381186,25,20,20
7,730,0.28836518600983757,0.11924346431579425,0.3523808284948131,0.2400105211795537,25,20,20
7,731,0.2883651860098375,0.11924346431579431,0.352380781594485,0.24001056807988175,25,20,20
7,732,0.2883582781282955,0.11871690743051744,0.35291501929103314,0.24000979515015214,25,20,20
7,733,0.2888419761659793,0.11871690765467308,0.35243125771612904,0.24000985846321565,25,20,20
7,734,0.25096716101707606,0.11875506959809153,0.3902647174062484,0.24001305197858364,25,20,20
7,735,0.25096716101706096,0.11708994846523421,0.39192983853912083,0.2400130519785836,25,20,20
7,736,0.25096716101706096,0.11708994846523421,0.39192983911470863,0.24001305140299597,25,20,20
7,737,0.26880297526716684,0.1170899591170523,0.3740432764195961,0.24006378919618448,25,20,20
7,738,0.2688029752671692,0.11708995911704809,0.3740432380457676,0.240063827570015,25,20,20
7,739,0.29225489285439005,0.11708997766594739,0.3505950612203735,0.2400600682592875,25,20,20
7,740,0.29225489285439005,0.11708997766595154,0.35059969636014066,0.24005543311951608,25,20,20
7,741,0.29224606880714055,0.11708997766595179,0.3506085204068565,0.24005543312004957,25,20,20
7,742,0.29224606880714055,0.11708997766595179,0.35061042276356646,0.24005353076333968,25,20,20
7,743,0.29223127564351786,0.11708998329724771,0.35062519685849325,0.24005354420073935,25,20,20
7,744,0.29729974066488185,0.11708997767219005,0.34561208687420647,0.23999819478871987,25,20,20
7,745,0.2972996240978685,0.11747041520707968,0.3452317791719009,0.23999818152314922,25,20,20
7,746,0.2972996240978685,0.11747041520707541,0.34522532723176735,0.24000463346328713,25,20,20
7,747,0.2972996240978685,0.11747041520707541,0.3452318161484338,0.2399981445466207,25,20,20
7,748,0.2984564940945305,0.11747041645687141,0.34407494948745226,0.2399981399611445,25,20,20
7,749,0.2900646696439985,0.11747041566717624,0.35246673742193807,0.2399981772668857,25,20,20
7,750,0.2900288691825111,0.117470415673552,0.35250253614694216,0.23999817899699333,25,20,20
7,751,0.2900288691825111,0.11870857906908966,0.35126437275149747,0.2399981789969005,25,20,20
7,752,0.3074464795587672,0.11911910025733022,0.3334362198707359,0.23999820031316488,25,20,20
7,753,0.30744662919147536,0.11873947736795916,0.3338156246874964,0.23999826875306707,25,20,20
7,754,0.3074466291940545,0.11873947736795923,0.3340678265279085,0.23974606691007586,25,20,20
7,755,0.3074618878492938,0.11873947737173936,0.3340493452812918,0.23974928949767488,25,20,20
7,756,0.2817251592555914,0.11874530088648692,0.3597797550187093,0.23974978483921228,25,20,20
7,757,0.29191107783549136,0.11873534415795244,0.3496038367401589,0.2397497412663967,25,20,20
7,758,0.29031413976974574,0.11873534376832547,0.3512033168385856,0.23974719962334273,25,20,20
7,759,0.29031413977028825,0.10501650353839118,0.3649221570679781,0.23974719962334323,25,20,20
7,760,0.29031413977029197,0.10499409554464414,0.3649445650561656,0.2397471996288989,25,20,20
7,761,0.31985149441620686,0.10499327526985916,0.33540809896581175,0.23974713134812167,25,20,20
7,762,0.3198514944136277,0.10499327526985908,0.3351558971253996,0.23999933319111297,25,20,20
7,763,0.3198514944136253,0.10499327526986338,0.33515597383016754,0.23999925648634302,25,20,20
7,764,0.3199839317065012,0.10499327005131782,0.335024935503667,0.23999786273851353,25,20,20
7,765,0.3199839318534498,0.10499327084098758,0.33529461382137726,0.2397281834841849,25,20,20
7,766,0.32003196290675073,0.10499331123891974,0.33524634969293843,0.23972837616139067,25,20,20
7,767,0.3189008055093457,0.10495515061319743,0.3364188616185876,0.23972518225886852,25,20,20
7,768,0.31890998787400837,0.10495515035581521,0.3364096807387938,0.23972518103138146,25,20,20
7,769,0.31890998787400837,0.10495515035581521,0.33640967877586947,0.2397251829943058,25,20,20
7,770,0.3196981074799384,0.10503356431589189,0.3355365863566913,0.23973174184747825,25,20,20
7,771,0.3160642715602599,0.10503515880676088,0.3391688276600753,0.2397317419729023,25,20,20
7,772,0.3392586805548895,0.10503515880118323,0.3159744176840878,0.23973174295983962,25,20,20
7,773,0.3392586805852688,0.08961051171775235,0.33139906474263375,0.23973174295434316,25,20,20
7,774,0.3392586805916345,0.0698324272706821,0.3511771491832418,0.2397317429544401,25,20,20
7,775,0.3392586805916345,0.06983242727068639,0.3511818547083494,0.2397270374293282,25,20,20
7,776,0.33938445091604375,0.06983242735964042,0.3510560838781695,0.23972703784614488,25,20,20
7,777,0.33904719985782805,0.06983242982478388,0.3513933321918228,0.23972703812556378,25,20,20
7,778,0.33821546794687335,0.06975401587399013,0.35231003684276396,0.2397204793363713,25,20,20
7,779,0.3418669764594886,0.06975401587314219,0.34865852841651274,0.23972047925085516,25,20,20
7,780,0.3419894468054849,0.06975401578410527,0.3485360585840518,0.23972047882635658,25,20,20
7,781,0.3419894468051593,0.08513775874109385,0.33315231531086603,0.23972047914287978,25,20,20
7,782,0.3523284117045086,0.08513775873683167,0.32281335074673045,0.23972047881192768,25,20,20
7,783,0.3518544249923307,0.08513775873078705,0.3232873391650572,0.23972047711182345,25,20,20
7,784,0.3120697478399545,0.08513778839088022,0.36307171571805846,0.2397207480511045,25,20,20
7,785,0.28886964394760345,0.08592097219302236,0.3854231279839212,0.23978625587545158,25,20,20
7,786,0.28886964392939635,0.10072610409502891,0.3706179961000863,0.23978625587548663,25,20,20
7,787,0.2888696439294419,0.100726104095029,0.3706116233510977,0.23979262862442954,25,20,20
7,788,0.28886964392307624,0.12050418854224454,0.35083353891034597,0.23979262862433096,25,20,20
7,789,0.2878781654803233,0.12050416860468699,0.3518144765579545,0.23980318935703251,25,20,20
7,790,0.2842421088521515,0.12050416861214323,0.3554435778387933,0.23981014469690898,25,20,20
7,791,0.3182500978468831,0.1205025784526364,0.32143718098116336,0.2398101427193145,25,20,20
7,792,0.3120359804105949,0.12050257853071138,0.3276512573429951,0.23981018371569615,25,20,20
7,793,0.3120359804103779,0.12052468007756781,0.32762915611288085,0.2398101833991709,25,20,20
7,794,0.3120359804103771,0.12052468007756344,0.3276289594415839,0.2398103800704732,25,20,20
7,795,0.32871736456307815,0.1205246800738951,0.3109507978796201,0.23980715748340692,25,20,20
7,796,0.3287173651547571,0.12052468008784058,0.3109578992930891,0.23980005546431343,25,20,20
7,797,0.3298208314724818,0.12052467714506745,0.3098544362347372,0.2398000551477153,25,20,20
7,798,0.3298682931863526,0.12052468144826754,0.3098070104812283,0.23980001488415337,25,20,20
7,799,0.32986829318656286,0.11930766305235686,0.311024011374684,0.23980003238639808,25,20,20
7,800,0.32985546103741087,0.11852448067726769,0.31062264235613346,0.24099741592918997,25,20,20
7,801,0.3157251789123864,0.11851890890398183,0.324758991226788,0.24099692095684344,25,20,20
7,802,0.31572517890021035,0.11792265848924519,0.32535524164840846,0.24099692096213585,25,20,20
7,803,0.3157097053170851,0.11792265847335265,0.32537767058581407,0.24098996562374725,25,20,20
7,804,0.3157097053170851,0.11792265847359068,0.32574608891539414,0.2406215472939294,25,20,20
7,805,0.2775871803481789,0.11792270543087863,0.3638789022922728,0.24061121192866886,25,20,20
7,806,0.2775871803481977,0.1173054841681986,0.36449612324287395,0.24061121224072898,25,20,20
7,807,0.2848355990684742,0.1173167887668922,0.35723665394636556,0.24061095821826606,25,20,20
7,808,0.2848397176677118,0.1173222960694391,0.35699288291133086,0.24084510335151638,25,20,20
7,809,0.28483971766766625,0.11732229606943897,0.35699273196709436,0.24084525429579867,25,20,20
7,810,0.28483971766766647,0.11795093382712159,0.3563640942147981,0.240845254290412,25,20,20
7,811,0.28562041275664657,0.11795089342119275,0.3555836321743223,0.24084506164783548,25,20,20
7,812,0.28562041275664657,0.11795089342095039,0.35521062414184834,0.24121806968055176,25,20,20
7,813,0.29152206141238657,0.1179508941837185,0.34930892724411705,0.24121811715977498,25,20,20
7,814,0.2848152500620311,0.11795089338779624,0.3560157672170144,0.2412180893331555,25,20,20
7,815,0.28670077754060724,0.11795089370808222,0.35413017444447414,0.24121815430683405,25,20,20
7,816,0.28856770175635843,0.1179508894631547,0.3522632926359908,0.24121811614449398,25,20,20
7,817,0.3275501965682578,0.1179508893409216,0.31327537786924564,0.24122353622157477,25,20,20
7,818,0.3248462995005119,0.11801229678989002,0.31591786421632456,0.24122353949327327,25,20,20
7,819,0.34698718854130356,0.11760177567519531,0.29418749359011775,0.2412235421933829,25,20,20
7,820,0.34698718854152055,0.11818006980014388,0.29360919946485486,0.2412235421934804,25,20,20
7,821,0.3413682189632159,0.11818007403121551,0.2992281884671609,0.2412235185384073,25,20,20
7,822,0.33937292798404006,0.11818109106117086,0.3012175315761055,0.2412284493786823,25,20,20
7,823,0.3377481253554358,0.11818109024866684,0.3028418835698362,0.24122890082606044,25,20,20
7,824,0.3377481253554359,0.11818109024866691,0.3028419183712571,0.24122886602463933,25,20,20
7,825,0.3377440065166983,0.11817558594998913,0.30427988526465205,0.239800522268659,25,20,20
7,826,0.33774400652903763,0.11873908512678218,0.30371638607105456,0.2398005222731241,25,20,20
7,827,0.3377440065166795,0.11879265079454081,0.3036628207321772,0.23980052195660054,25,20,20
7,828,0.3377440471840964,0.11879264642854734,0.30027754088767383,0.24318576549968063,25,20,20
7,829,0.33774404659259827,0.11879264642845222,0.3005378876464552,0.24292541933249254,25,20,20
7,830,0.33774404659259866,0.1187849134523475,0.3005456206224638,0.24292541933258835,25,20,20
7,831,0.32412160772070137,0.1187235060018844,0.3142294702165166,0.2429254160608962,25,20,20
7,832,0.32419195925094657,0.1187235060018816,0.31415911868777496,0.2429254160593962,25,20,20
7,833,0.3241919592507665,0.11872350598827579,0.3139002507146584,0.24318428404629866,25,20,20
7,834,0.32419195910400006,0.11872350519860612,0.3136353701364347,0.2434491655609586,25,20,20
7,835,0.312936558143501,0.11872386809289419,0.3248904071466272,0.2434491666169773,25,20,20
7,836,0.31293655851779345,0.10120972536738694,0.34240456700003513,0.24344914911478527,25,20,20
7,837,0.3129365585177934,0.10120972536738689,0.34240453219861405,0.24344918391620637,25,20,20
7,838,0.3410839228470756,0.10120972533823408,0.31425761934590435,0.24344873246878515,25,20,20
7,839,0.3414287734317752,0.10120972533826718,0.31391275415316083,0.2434487470767962,25,20,20
7,840,0.3453804748188134,0.1012097208674472,0.3099611221334963,0.24344868218024232,25,20,20
7,841,0.3442367508615645,0.10120972188705539,0.3108034580885072,0.2437500691628719,25,20,20
7,842,0.3438895222445705,0.10121001329821437,0.3111503953056447,0.2437500691515694,25,20,20
7,843,0.3438895218700677,0.11997263525499995,0.2923877737234134,0.2437500691515184,25,20,20
7,844,0.34384432524633973,0.11997260779872951,0.27520523201911845,0.2609778349358117,25,20,20
7,845,0.33532782994735283,0.11997260743967844,0.28372085914240475,0.2609787034705629,25,20,20
7,846,0.33532782994717075,0.11997260743967837,0.28371614398699846,0.2609834186261513,25,20,20
7,847,0.3364791084134183,0.11997260604926115,0.2828718079483153,0.2606764775890041,25,20,20
7,848,0.3204437845456398,0.11997260606300603,0.29890712993547575,0.2606764794558779,25,20,20
7,849,0.3204437845456406,0.11997260606300618,0.2989070604744015,0.26067654891695125,25,20,20
7,850,0.32012451111872536,0.11997260608067702,0.29922241757648266,0.26068046522411453,25,20,20
7,851,0.2877059690721366,0.11997173604140682,0.33164676031360507,0.2606755345728516,25,20,20
7,852,0.28770596907213575,0.11997173604140675,0.3316513770542591,0.26067091783219853,25,20,20
7,853,0.28769396492243504,0.11997171619320411,0.3088914357150807,0.2834428831692799,25,20,20
7,854,0.2831455702097244,0.11997171638710138,0.31344374652275114,0.28343896688042275,25,20,20
7,855,0.2713469425779598,0.11997135350167878,0.3252427368511516,0.2834389670692106,25,20,20
7,856,0.27134694257795994,0.11997135350192177,0.3255089897122025,0.28317271420791656,25,20,20
7,857,0.2781958554690287,0.11997134915380096,0.3186601015546743,0.28317269382249555,25,20,20
7,858,0.2615755221406278,0.11997134936208516,0.3352804336643312,0.283172694832956,25,20,20
7,859,0.2615755221406672,0.11997134936184818,0.33993073241503646,0.27852239608244855,25,20,20
7,860,0.2620548345637126,0.11997105777122259,0.3394517120101193,0.2785223956549461,25,20,20
7,861,0.26205483456367246,0.11997105777121501,0.3347928342558765,0.28318127340923666,25,20,20
7,862,0.26204420163356584,0.11997125492808626,0.3348032516128695,0.28318129182547935,25,20,20
7,863,0.2620443306611801,0.11997125486073847,0.33464761511405683,0.28333679936402545,25,20,20
7,864,0.22570084313031344,0.11997125533172406,0.37099110209606484,0.2833367994418968,25,20,20
7,865,0.22063369137692831,0.11997111274703061,0.3760572201926296,0.2833379756834087,25,20,20
7,866,0.22472523241270173,0.11997207488508904,0.3719556273416352,0.283347065360572,25,20,20
7,867,0.26206697598128675,0.1199720752145051,0.3346136978530572,0.2833472509511501,25,20,20
7,868,0.2620669759810734,0.11828540817885475,0.33630036488892684,0.28334725095114427,25,20,20
7,869,0.22910236889697944,0.11828543168428966,0.36926482058740495,0.28334737883132305,25,20,20
7,870,0.22624373988194055,0.11828543203202249,0.37212344548925513,0.2833473825967794,25,20,20
7,871,0.21854185378765872,0.1182858885278381,0.37982487631479533,0.2833473813697055,25,20,20
7,872,0.2098220295645317,0.11828588825566025,0.38854488763986433,0.2833471945399416,25,20,20
7,873,0.22614936425902915,0.11828588804737918,0.3722175541641043,0.28334719352948673,25,20,20
7,874,0.2261493642592435,0.11785682852252144,0.3726466133753561,0.2833471938428779,25,20,20
7,875,0.24286906236390268,0.11785682831095333,0.3559269155005722,0.2833471938245717,25,20,20
7,876,0.24286906236408318,0.11785682832477075,0.35630098239991365,0.2829731269112324,25,20,20
7,877,0.2267292357013392,0.11785682853860369,0.37244080883175984,0.28297312692829685,25,20,20
7,878,0.22672923570133915,0.11785682853884605,0.37281384812934504,0.28260008763046934,25,20,20
7,879,0.2267292357013353,0.09375163231832122,0.3969190443479957,0.2826000876323467,25,20,20
7,880,0.22672906518302066,0.0937516323170406,0.3666052316770956,0.3129140708228422,25,20,20
7,881,0.2509780421873946,0.09375117580725932,0.3423567118522948,0.3129140701530519,25,20,20
7,882,0.2508353048863103,0.09375117598623355,0.34249944895188733,0.31291407017556955,25,20,20
7,883,0.2508352601612112,0.09375097595959964,0.3424997124826487,0.31291405139654105,25,20,20
7,884,0.2506702827721144,0.09375097574565296,0.34266469010329537,0.31291405137893796,25,20,20
7,885,0.2506926823341012,0.09375097578592094,0.3426422702156019,0.3129140716643766,25,20,20
7,886,0.2672904223481745,0.09375097578591987,0.3260445302015195,0.31291407166438623,25,20,20
7,887,0.26729042234597056,0.0937509757859198,0.31996796171563824,0.318990640152472,25,20,20
7,888,0.26729042321486896,0.09375097581911042,0.3199679608135462,0.3189906401524749,25,20,20
7,889,0.2672904232148682,0.09375097581911045,0.31996568350473925,0.31899291746128283,25,20,20
7,890,0.26729042321498075,0.0937510037959278,0.3352588632350426,0.30369970975404936,25,20,20
7,891,0.24957381321228095,0.09375101533528753,0.3529754607492383,0.3036997107031926,25,20,20
7,892,0.2495738138037677,0.09375098737265816,0.3376901323825209,0.3189850664410536,25,20,20
7,893,0.21019604721797389,0.09375098799689167,0.37706789536935625,0.3189850694157772,25,20,20
7,894,0.21019604714910695,0.09376495200763788,0.37705391094293306,0.31898508990032115,25,20,20
7,895,0.21019604655768984,0.0937649519934499,0.3770430251536723,0.3189959762951871,25,20,20
7,896,0.21019604581568596,0.09375074359826971,0.3770572547816937,0.31899595580434964,25,20,20
7,897,0.21019604581547133,0.0941871469150863,0.3766208517784828,0.31899595549095855,25,20,20
7,898,0.21526474154770764,0.09418728947482027,0.3715520011879407,0.31899596778953104,25,20,20
7,899,0.21526474154770842,0.09418728947482034,0.3715520824725154,0.31899588650495553,25,20,20
7,900,0.21751757854180565,0.09418848714565346,0.3692980490238622,0.3189958852886782,25,20,20
7,901,0.21751757854180565,0.09418848714565346,0.36929800847481814,0.3189959258377225,25,20,20
7,902,0.217526028412264,0.09418848714566114,0.36928955860435153,0.3189959258377229,25,20,20
7,903,0.21752602589979528,0.09418848274051425,0.36923254801714706,0.31905294334254225,25,20,20
7,904,0.21752602589979536,0.09418848274051425,0.3692326290972508,0.3190528622624384,25,20,20
7,905,0.21752602589979542,0.09415718049304862,0.36926393133916185,0.3190528622679929,25,20,20
7,906,0.2170609243842789,0.09415718044926016,0.3697290527808304,0.31905284238562925,25,20,20
7,907,0.20972731532533775,0.09414620010564512,0.37707365858829156,0.31905282598072215,25,20,20
7,908,0.20875239656645964,0.09414617838840492,0.37804706748704936,0.3190543575580818,25,20,20
7,909,0.2079608205436313,0.09414617756856763,0.3788386481735657,0.3190543537142303,25,20,20
7,910,0.2079608159973802,0.09414617156996564,0.3788386291551311,0.31905438327751806,25,20,20
7,911,0.20796081528606383,0.09414617156878942,0.33889693253645203,0.35899608060869176,25,20,20
7,912,0.20796081528607938,0.11996857334217664,0.3130745307649232,0.35899608060681865,25,20,20
7,913,0.20714035054817603,0.11996930214841432,0.3136997358175037,0.3591906114859031,25,20,20
7,914,0.2467614121385414,0.11996857333946515,0.27427393393583627,0.35899608058615506,25,20,20
7,915,0.2467614121385422,0.11996857333946523,0.27427407364340867,0.3589959408785819,25,20,20
7,916,0.24743759726295178,0.11996737551027223,0.2735989636478034,0.3589960635789705,25,20,20
7,917,0.24743759726299883,0.11996702170094405,0.27359762963113005,0.35899775140492535,25,20,20
7,918,0.24743759726299883,0.11996702170094405,0.27359762963113016,0.3589977514049255,25,20,20
7,919,0.26508644083475674,0.11996701017431359,0.25594870161502403,0.35899784737590446,25,20,20
7,920,0.26001774591158044,0.12075905513958186,0.26022536350753767,0.358997835441298,25,20,20
7,921,0.2616165238392016,0.12075905596749141,0.2586265846815183,0.3589978355117862,25,20,20
7,922,0.2616165238400171,0.11904144075707214,0.26034419988589813,0.35899783551701026,25,20,20
7,923,0.26161652383983497,0.11904144075707207,0.260342534451614,0.35899950095147665,25,20,20
7,924,0.2616165242912219,0.11904144135284557,0.2248746632094143,0.39446737114651603,25,20,20
7,925,0.26161652429104143,0.11904144133902825,0.22450708663958263,0.3948349477303457,25,20,20
7,926,0.2616165242910415,0.11904144135287861,0.2247745341107054,0.39456750024537257,25,20,20
7,927,0.26161652429104076,0.11904144135287854,0.22477915383863378,0.3945628805174451,25,20,20
7,928,0.2616165242910407,0.11904144135287863,0.2247745662158906,0.3945674681401883,25,20,20
7,929,0.24248071829357185,0.11904047953379768,0.24392042216292253,0.39455838000970694,25,20,20
7,930,0.24248071829357176,0.11904047953355469,0.24365408880191317,0.3948247133709591,25,20,20
7,931,0.24252578801084215,0.11904047962213601,0.24360901857389725,0.394824713793123,25,20,20
7,932,0.2386463540495782,0.11904066582674211,0.24748737851761785,0.394825601606061,25,20,20
7,933,0.23864635404874723,0.11952081063731818,0.24700723370780608,0.3948256016061278,25,20,20
7,934,0.23864635404874637,0.1195208106373181,0.247007091664792,0.39482574364914264,25,20,20
7,935,0.23787400967649253,0.11952080982377156,0.2477730282210981,0.39483215227863705,25,20,20
7,936,0.23843270362265212,0.11952080964993307,0.247214334874235,0.39483215185317944,25,20,20
7,937,0.23843270362265412,0.10200402768416428,0.26473111684533834,0.3948321518478429,25,20,20
7,938,0.2384569279548404,0.10200402768257742,0.26470689209041326,0.3948321522721686,25,20,20
7,939,0.2532182727818931,0.10200384141180063,0.24994662135270698,0.39483126445359884,25,20,20
7,940,0.25321603843532897,0.10200384141185655,0.24994885569920597,0.3948312644536081,25,20,20
7,941,0.25321603843532897,0.10200384141185648,0.24994225290793118,0.39483786724488296,25,20,20
7,942,0.25321603843532897,0.10200384141161843,0.24957383457749607,0.39520628557555626,25,20,20
7,943,0.25321603758267736,0.10121165386144611,0.2503660229747653,0.3952062855811115,25,20,20
7,944,0.25321603758263495,0.10121165386144618,0.2503706193065588,0.3952016892493603,25,20,20
7,945,0.25321603758263495,0.10121165386145048,0.2503725223050059,0.3951997862509089,25,20,20
7,946,0.2532160375826381,0.10121165384760027,0.25010519017567917,0.3954671183940828,25,20,20
7,947,0.22871445027891343,0.10973260231389706,0.26607419337560434,0.395478754031585,25,20,20
7,948,0.22871445027893042,0.0705438667650279,0.3052629289238335,0.39547875403220467,25,20,20
7,949,0.22871445027892887,0.07054386676502779,0.3055080557477183,0.39523362720832156,25,20,20
7,950,0.22871447385372012,0.06976460268756428,0.3062872962564521,0.39523362720226,25,20,20
7,951,0.2287144738537224,0.08850448166599119,0.28754741727251787,0.39523362720776667,25,20,20
7,952,0.22871447385631793,0.08850448166599978,0.28754772901837844,0.3952333154593019,25,20,20
7,953,0.2282695375989621,0.08850449273628992,0.2879959985038155,0.3952299711609313,25,20,20
7,954,0.2279167275510893,0.08850448165163176,0.28835188396584344,0.39522690683143424,25,20,20
7,955,0.221460372884258,0.11998257736190027,0.2633426471256031,0.3952144026282376,25,20,20
7,956,0.2214570476657062,0.11998257736189981,0.26334597234403384,0.3952144026283595,25,20,20
7,957,0.22145704766570629,0.11998257736189988,0.26334608763271217,0.39521428733968106,25,20,20
7,958,0.2179196593218337,0.1199825769005859,0.2668836008755157,0.3952141629020619,25,20,20
7,959,0.22299829821090125,0.1199825887306967,0.2618048947493692,0.3952142183090311,25,20,20
7,960,0.22299829818723843,0.11998283968721397,0.25791724576029706,0.3991016163652484,25,20,20
7,961,0.22299827540871242,0.11998319859721111,0.25791690927102495,0.3991016167230497,25,20,20
7,962,0.22299827540871242,0.11998319859721118,0.25792343157288405,0.39909509442119045,25,20,20
7,963,0.22299827540611689,0.11998319859720269,0.2579232389730743,0.39909528702360425,25,20,20
7,964,0.22312282880016476,0.11998319859717482,0.25779868600325306,0.39909528659940546,25,20,20
7,965,0.22312282880016468,0.11998319859717473,0.2577921622402628,0.39910181036239595,25,20,20
7,966,0.22312282880016476,0.11998319859717903,0.257796914821706,0.39909705778094845,25,20,20
7,967,0.22312282880016873,0.11998319859718333,0.2577984611843548,0.3990955114182914,25,20,20
7,968,0.22312282880016873,0.11998319859718333,0.25780495010466703,0.39908902249797934,25,20,20
7,969,0.22312282880016865,0.11998319859717903,0.2578001984115646,0.39909377419108616,25,20,20
7,970,0.22312282880019282,0.08000373332506655,0.2977796636837475,0.3990937741909913,25,20,20
7,971,0.22312282880019282,0.08000373332506655,0.2977795837277316,0.39909385414700715,25,20,20
7,972,0.22379995064305214,0.08000038872737403,0.29710580607170334,0.3990938545578686,25,20,20
7,973,0.18561424395371495,0.08000038895797174,0.33528787896117707,0.3990974881271337,25,20,20
7,974,0.18561424435660615,0.08000017313710824,0.30805788463544875,0.4263276978708353,25,20,20
7,975,0.18561426734721234,0.10101802625068393,0.2870400085648965,0.42632769783720564,25,20,20
7,976,0.18561426688677923,0.1010179910059361,0.27815945739649345,0.4352082847107897,25,20,20
7,977,0.1856142668867793,0.10101799100593181,0.27842110141205484,0.4349466406952327,25,20,20
7,978,0.18561442404732478,0.10102959911299784,0.2784093361910525,0.43494664064862354,25,20,20
7,979,0.18559765908479914,0.10103079101548788,0.27841922663343566,0.43495232326627453,25,20,20
7,980,0.18559763678360625,0.11992747570281484,0.25952256426703,0.4349523232465474,25,20,20
7,981,0.18559763678360228,0.11992747570281047,0.2595210164648943,0.4349538710486914,25,20,20
7,982,0.1855975031779316,0.11991537993760236,0.2595331196621289,0.4349539972223355,25,20,20
7,983,0.22426487640595774,0.11991540030559523,0.22086585084635618,0.4349538724420892,25,20,20
7,984,0.2242648758719959,0.11991539960082832,0.21633555667839352,0.4394841678487807,25,20,20
7,985,0.225588032476316,0.11991537923241694,0.21501242214717953,0.43948416614408603,25,20,20
7,986,0.22507968333434086,0.11991538425727302,0.21552076542371196,0.43948416698467263,25,20,20
7,987,0.21912571294157637,0.11991538425726478,0.22147355884082232,0.439485343960335,25,20,20
7,988,0.2180298219437889,0.1199153846036634,0.2225695431059393,0.43948525034660696,25,20,20
7,989,0.2180298219439701,0.1199153846036635,0.22232632631899668,0.43972846713336805,25,20,20
7,990,0.21761461440435004,0.11991538484526679,0.2227414825575622,0.4397285181928177,25,20,20
7,991,0.21813228581653513,0.11991537982040683,0.22222381701083324,0.4397285173522215,25,20,20
7,992,0.20637989061467418,0.11991537971558212,0.23397614883764717,0.4397285808320933,25,20,20
7,993,0.1752889833142432,0.11991542230891555,0.26506808895206346,0.4397275054247754,25,20,20
7,994,0.1752889833262246,0.11864500876827508,0.26633850247543606,0.4397275054300617,25,20,20
7,995,0.17528898332622467,0.11864500876827941,0.26671149193913646,0.4393545159663569,25,20,20
7,996,0.17528898262238155,0.1187076484332802,0.26664885329415994,0.43935451565017564,25,20,20
7,997,0.17528898261040013,0.11995604999226073,0.2654004517469874,0.43935451565034916,25,20,20
7,998,0.17528898262068512,0.11995605000607816,0.265508285246116,0.4392466821271181,25,20,20
7,999,0.17528413797014888,0.11995605000607056,0.26551312989612763,0.4392466821276507,25,20,20
7,1000,0.17528413797014575,0.11995605000607468,0.26551776057355414,0.43924205145022327,25,20,20
7,1001,0.1668800232112072,0.11995605194980852,0.27392186257643725,0.4392420622625457,25,20,20
7,1002,0.126908887942803,0.11995607657230294,0.3138928598422229,0.43924217564267026,25,20,20
7,1003,0.126908887942803,0.11995607657230294,0.31388830909434945,0.43924672639054374,25,20,20
7,1004,0.126908887942803,0.11995607657230722,0.31388850434169124,0.43924653114319767,25,20,20
7,1005,0.12690888794280294,0.11995662027461196,0.31388796064484664,0.4392465311377377,25,20,20
7,1006,0.12690888794280294,0.11995662027461189,0.31388135643809645,0.4392531353444882,25,20,20
7,1007,0.12690888794280294,0.1199566202746118,0.31388123602004186,0.43925325576254276,25,20,20
7,1008,0.1294679873238962,0.12001663812828997,0.31126200533800785,0.4392533692098048,25,20,20
7,1009,0.12946798732389422,0.12001663812852861,0.3115198415514366,0.4389955329961394,25,20,20
7,1010,0.12946784251185178,0.12001663882047026,0.3115199845863651,0.438995534081312,25,20,20
7,1011,0.1294678425120335,0.12001663882047034,0.3116121727792765,0.4389033458882188,25,20,20
7,1012,0.12946784250174848,0.12001663880665295,0.3112379938018913,0.43927752488970634,25,20,20
7,1013,0.12767178018837858,0.1200166913336653,0.3130376371190384,0.4392738913589163,25,20,20
7,1014,0.12767178018837938,0.12001669134751138,0.3133048893222999,0.43900663914180804,25,20,20
7,1015,0.12767178018837944,0.12001669134751147,0.3133971826454072,0.4389143458187006,25,20,20
7,1016,0.12479161933541526,0.1200166487545986,0.31627734921303996,0.4389143826969445,25,20,20
7,1017,0.12479161933546049,0.12001664954402579,0.3165470077115292,0.438644723408983,25,20,20
7,1018,0.12479161934579654,0.12001664875460297,0.3162808007467175,0.4389109311528814,25,20,20
7,1019,0.1248590584853341,0.12001659650637983,0.3162132800773592,0.4389110649309253,25,20,20
7,1020,0.12487582911784312,0.12001540461850146,0.31620338402247267,0.4389053822411812,25,20,20
7,1021,0.12567137490071467,0.12001543006071863,0.31540794234826114,0.438905252690304,25,20,20
7,1022,0.1292657015666674,0.12001542981908736,0.31181368155246714,0.43890518706177667,25,20,20
7,1023,0.13623150830768987,0.12001574650374464,0.3001082993423126,0.44364444584625123,25,20,20
7,1024,0.13623150830768904,0.12001574648989427,0.2998408783420845,0.4439118668603306,25,20,20
7,1025,0.13623150830768896,0.12001574648988995,0.29946777305617045,0.44428497214624907,25,20,20
7,1026,0.13623150830768974,0.12001574648988995,0.2995050008904477,0.44424774431197084,25,20,20
7,1027,0.1398147787015009,0.12001574648956527,0.2959218689429746,0.44424760586595746,25,20,20
7,1028,0.1398147787015009,0.12001574648980558,0.29592650719451663,0.4442429676141751,25,20,20
7,1029,0.13981477870150094,0.12001574648980558,0.29592662309068335,0.44424285171800837,25,20,20
7,1030,0.13893658761514838,0.12001573496178274,0.2968009102595711,0.4442467671634961,25,20,20
7,1031,0.13893658761514405,0.12003097070122908,0.29678567452568577,0.44424676715793937,25,20,20
7,1032,0.13893658761514477,0.12003097070143555,0.30303548043279216,0.4379969612506258,25,20,20
7,1033,0.1389365876151501,0.09127088795631659,0.33179555810147593,0.437996966327057,25,20,20
7,1034,0.1389365876151509,0.09127088795632085,0.33180204816246744,0.4379904762660604,25,20,20
7,1035,0.13942208902503989,0.0912709004321614,0.33131653534434263,0.43799047519845524,25,20,20
7,1036,0.13942208902503908,0.09127090043216134,0.33118712757171953,0.43811988297107923,25,20,20
7,1037,0.16241261096078513,0.09127089791817833,0.3082005278441685,0.43811596327686614,25,20,20
7,1038,0.16241261096536597,0.08009640937868656,0.3193750214555028,0.4381159582004423,25,20,20
7,1039,0.16241261096537785,0.06468111863139875,0.33479031220281885,0.4381159582004047,25,20,20
7,1040,0.15876032585537364,0.06468111864022488,0.33844259490924516,0.43811596059515673,25,20,20
7,1041,0.16098736702637886,0.06460502231721872,0.3362071138889899,0.4382004967674124,25,20,20
7,1042,0.19371516827665533,0.06460500922425438,0.30347702919137354,0.4382027933077146,25,20,20
7,1043,0.2333804651100943,0.06460500920911653,0.2638117323730944,0.43820279330769263,25,20,20
7,1044,0.23342860313019043,0.06460498459475329,0.2637637323099396,0.4382026799651138,25,20,20
7,1045,0.2334287016768011,0.06455319996633478,0.2638154073213999,0.43820269103546133,25,20,20
7,1046,0.23342870167680116,0.06455319996633478,0.263822139260564,0.43819595909629716,25,20,20
7,1047,0.23342870210463348,0.06455319996651164,0.27490384158243,0.42711425634642225,25,20,20
7,1048,0.23342870210463357,0.06455319996651172,0.27490384299993115,0.42711425492892113,25,20,20
7,1049,0.24982411712916316,0.06455318807575552,0.2585029909245798,0.4271197038704991,25,20,20
7,1050,0.21048181020579848,0.06455346464251863,0.29777113540464084,0.4271935897470395,25,20,20
7,1051,0.21108586663741552,0.06455346462367803,0.2971725279207484,0.42718814081815537,25,20,20
7,1052,0.21115700825051786,0.06455346453518346,0.29710136229540096,0.42718816491889605,25,20,20
7,1053,0.20569603817011559,0.06455331229684318,0.29951998229443827,0.43023066723860176,25,20,20
7,1054,0.2056960381701124,0.06455331229684318,0.299892941321366,0.42985770821167735,25,20,20
7,1055,0.20509841547093788,0.06455331230961898,0.30049046842472565,0.42985780379471633,25,20,20
7,1056,0.21079505540927496,0.0644883351224801,0.2948588055512074,0.429857803917037,25,20,20
7,1057,0.21079505540909405,0.06448833512248003,0.2947665448946691,0.4299500645737566,25,20,20
7,1058,0.21079276537785116,0.06448902984149657,0.29770551599536216,0.4270126887852898,25,20,20
7,1059,0.21438588611517698,0.06448833151752953,0.2943028701436232,0.42682291222366986,25,20,20
7,1060,0.2106654040748667,0.06448833168382058,0.2980234177577093,0.42682284648360225,25,20,20
7,1061,0.21000798447300198,0.06453095444304557,0.29850756847253995,0.4269534926114116,25,20,20
7,1062,0.204409257874047,0.06453326064792358,0.30410379263473775,0.42695368884329066,25,20,20
7,1063,0.2044089382157638,0.06453326167930645,0.3041041136555952,0.4269536864493332,25,20,20
7,1064,0.2044089382166165,0.06453308045820404,0.30410429487594093,0.42695368644923737,25,20,20
7,1065,0.2044089382166165,0.06453308045820404,0.3041044106981545,0.4269535706270238,25,20,20
7,1066,0.20440938888473814,0.06453308045170884,0.304104055619497,0.4269534750440546,25,20,20
7,1067,0.2295978962873873,0.06453306635626314,0.2789156300634455,0.4269534072929029,25,20,20
7,1068,0.22959789585955806,0.0645330663560863,0.2681011270252214,0.43776791075913324,25,20,20
7,1069,0.19414929328287067,0.06453306723597535,0.30354960712032325,0.4377680323608291,25,20,20
7,1070,0.19414929328287073,0.06453306723597542,0.303547574963417,0.4377700645177354,25,20,20
7,1071,0.19266187206591204,0.06453306682566522,0.30503494544014065,0.43777011566828095,25,20,20
7,1072,0.19325442741445253,0.06453306681938273,0.30444239012782737,0.4377701156383364,25,20,20
7,1073,0.18171608404010686,0.06453327587697101,0.3159804897681601,0.43777015031476096,25,20,20
7,1074,0.18171608404010606,0.06453327587697108,0.3159805308505833,0.4377701092323385,25,20,20
7,1075,0.14199003300210172,0.06455762374998505,0.3556821979880675,0.43777014525984526,25,20,20
7,1076,0.14199003357458787,0.06455762376347723,0.35672215277389974,0.43673018988803464,25,20,20
7,1077,0.14198993502796908,0.08001508623672737,0.34126479991767444,0.4367301788176289,25,20,20
7,1078,0.14268743390191452,0.08001508615737675,0.3405695976960203,0.43672788224468817,25,20,20
7,1079,0.14293530210510247,0.08001508615265551,0.34032175403544196,0.43672785770680006,25,20,20
7,1080,0.14658575746127883,0.07997218682681531,0.33691873000875,0.4365233257031559,25,20,20
7,1081,0.11495369975337325,0.07997403077992457,0.3685444696097677,0.4365277998569341,25,20,20
7,1082,0.11495369974303736,0.07997403077992028,0.3686706699511403,0.43640159952590146,25,20,20
7,1083,0.11495369974303742,0.07997403077992037,0.36867063859495536,0.43640163088208617,25,20,20
7,1084,0.114953699743183,0.07997403079120805,0.37684766645962964,0.42822460300597776,25,20,20
7,1085,0.11495369974318231,0.07997403079120376,0.37684576341193265,0.42822650605367973,25,20,20
7,1086,0.1546833898232691,0.07997402975551951,0.33711607436161073,0.4282265060595993,25,20,20
7,1087,0.15468339041312495,0.07997402975555694,0.3309965238135691,0.43434605601774756,25,20,20
7,1088,0.154683390424964,0.07828659379175555,0.33268395946220375,0.43434605632107515,25,20,20
7,1089,0.15090667976458194,0.07828659291605827,0.33646079257965633,0.4343459347397026,25,20,20
7,1090,0.14815520698490675,0.07918698726220817,0.3382366092258441,0.4344211965270397,25,20,20
7,1091,0.14815520698490675,0.0791869872622081,0.3382367050533023,0.43442110069958184,25,20,20
7,1092,0.14815520698476128,0.07918698725092042,0.33006432466773744,0.4425934810965797,25,20,20
7,1093,0.14815520698476123,0.07918698725092035,0.33006428983160907,0.4425935159327083,25,20,20
7,1094,0.15103247670713515,0.0791882024022406,0.3268555767965787,0.4429237440940461,25,20,20
7,1095,0.1510324767071351,0.07918820240199609,0.3268508243895667,0.44292849650130256,25,20,20
7,1096,0.14480949924830225,0.07918820240326344,0.3330738011285746,0.44292849721986,25,20,20
7,1097,0.17367115283729972,0.07918788571882356,0.3089517230473976,0.4381892383964788,25,20,20
7,1098,0.17367115226481364,0.07918788570533147,0.3076461920910742,0.43949476993878045,25,20,20
7,1099,0.17989498914431618,0.07918788570403573,0.3014223559312983,0.4394947692203494,25,20,20
7,1100,0.17989498914413524,0.07918788570379273,0.3011560037328669,0.43976112141920476,25,20,20
7,1101,0.17989498914413524,0.07918788570379273,0.30115600369754925,0.4397611214545224,25,20,20
7,1102,0.17989498914413515,0.07918788570379273,0.30115120541361257,0.4397659197384591,25,20,20
7,1103,0.19144321775931597,0.0791876766462044,0.28960322053244036,0.4397658850620392,25,20,20
7,1104,0.19171220894764116,0.07918767664153652,0.2893342293562008,0.43976588505462155,25,20,20
7,1105,0.17769407315037195,0.07828728295832732,0.2716337519654441,0.472384891925856,25,20,20
7,1106,0.17541534794981511,0.07828543967664842,0.24014643610582706,0.5061527762677087,25,20,20
7,1107,0.1754153479498152,0.07828543967664842,0.24014643952604023,0.5061527728474955,25,20,20
7,1108,0.17541534794976987,0.07828543967664842,0.24001687002878977,0.5062823423447912,25,20,20
7,1109,0.17541534794890246,0.0782782955635496,0.2400240141427559,0.5062823423447913,25,20,20
7,1110,0.17541534794889926,0.0782782955635496,0.24002250495397046,0.50628385153358,25,20,20
7,1111,0.17541534794889913,0.0782782955635496,0.2400178143807474,0.5062885421068031,25,20,20
7,1112,0.171782075900124,0.07827829556371624,0.24365108642931144,0.5062885421068476,25,20,20
7,1113,0.16667574374423313,0.0782782949043471,0.2417041840475402,0.5133417773038789,25,20,20
7,1114,0.16667574374423308,0.07827829490434703,0.24170880279046986,0.5133371585609495,25,20,20
7,1115,0.1666757437442329,0.07827829490434703,0.2417041817722328,0.5133417795791867,25,20,20
7,1116,0.16667574374423613,0.07827829490434705,0.24133119551674537,0.5137147658346709,25,20,20
7,1117,0.16667574373239324,0.07999716714049346,0.23961232359576953,0.5137147655313433,25,20,20
7,1118,0.16667574373257538,0.07999716714073812,0.23961902524838802,0.5137080638782983,25,20,20
7,1119,0.16720473249533016,0.07999716750369221,0.23909003612110866,0.5137080638798687,25,20,20
7,1120,0.16720473254476226,0.07994345990341147,0.23914374366640598,0.51370806388542,25,20,20
7,1121,0.16720473254475907,0.0799434599034113,0.23914370742685012,0.5137081001249793,25,20,20
7,1122,0.20323486424096945,0.07994111238579653,0.20311611960234072,0.513707903770893,25,20,20
7,1123,0.19742572098888392,0.07995549421050524,0.20884233288339238,0.5137764519172182,25,20,20
7,1124,0.1974257209888871,0.07995549421050961,0.2088488583316882,0.5137699264689148,25,20,20
7,1125,0.19697505068658228,0.07995549422394785,0.2092995285981196,0.5137699264913496,25,20,20
7,1126,0.19698061896560476,0.0799554942239189,0.2092939603195242,0.5137699264909519,25,20,20
7,1127,0.19698061895270894,0.07995549421006767,0.20904622205742926,0.5140176647797938,25,20,20
7,1128,0.19698061895289104,0.07995549421031227,0.20905097511640605,0.5140129117203904,25,20,20
7,1129,0.23199586306695374,0.07995549518823906,0.17403572684519578,0.5140129148996111,25,20,20
7,1130,0.23338739846677753,0.07995549421030239,0.1726441956025303,0.5140129117203895,25,20,20
7,1131,0.23338739846682305,0.07995549421030661,0.17265075765132504,0.5140063496715449,25,20,20
7,1132,0.2333873990521797,0.07995549499645521,0.17308049634502012,0.5135766096063447,25,20,20
7,1133,0.2332400840074529,0.07994556683837954,0.1732377755904793,0.5135765735636877,25,20,20
7,1134,0.23298900703693115,0.07993118509207676,0.17357178209248705,0.5135080257785041,25,20,20
7,1135,0.23298900703693115,0.0799311850920767,0.17357166727981269,0.5135081405911784,25,20,20
7,1136,0.23298900703688566,0.0799311850920724,0.17383222340876106,0.5132475844622799,25,20,20
7,1137,0.20595413299560608,0.07993120326855531,0.20086535201754013,0.5132493117182974,25,20,20
7,1138,0.2059541324102494,0.07993120248240232,0.20043102364409487,0.5136836414632524,25,20,20
7,1139,0.20595413241025262,0.07992930884762646,0.2004329172787718,0.5136836414633482,25,20,20
7,1140,0.19190138224123135,0.07993050594178158,0.2144843684978964,0.5136837433190897,25,20,20
7,1141,0.20980840457151512,0.07992930884755468,0.19657864511663764,0.5136836414642921,25,20,20
7,1142,0.19568694745738294,0.07992930891039764,0.21070008618634797,0.5136836574458707,25,20,20
7,1143,0.19568694745738294,0.07992930891039757,0.2107000488188425,0.5136836948133763,25,20,20
7,1144,0.19565095208480368,0.0799293092735298,0.210736042098025,0.5136836965436408,25,20,20
7,1145,0.19565095208462158,0.07992930927328515,0.2107294514845032,0.5136902871575894,25,20,20
7,1146,0.1947064804357041,0.07992930927091152,0.21167392154568002,0.5136902887477037,25,20,20
7,1147,0.1842855445067809,0.07992930927211178,0.22209483952748874,0.5136903066936178,25,20,20
7,1148,0.1842855445067809,0.07992930927211178,0.2220948734197408,0.5136902728013658,25,20,20
7,1149,0.18992558377409147,0.07994411696327444,0.2164400016842369,0.5136902975783966,25,20,20
7,1150,0.19043008944083673,0.07994411660263002,0.21593549966953302,0.5136902942869996,25,20,20
7,1151,0.1904300894406547,0.07994411660238543,0.21593074662292044,0.5136950473340388,25,20,20
7,1152,0.19043008944065465,0.07994411660238535,0.21593074614875005,0.5136950478082093,25,20,20
7,1153,0.19043008944065146,0.07994411660238099,0.21592414020069403,0.513701653756273,25,20,20
7,1154,0.19114264153945984,0.07994290144293444,0.21554303146007625,0.5133714255575289,25,20,20
7,1155,0.19114264153964197,0.07994290144318333,0.21554530463430105,0.5133691523828731,25,20,20
7,1156,0.1911426415398241,0.07994290145712415,0.21555339746419658,0.5133610595388547,25,20,20
7,1157,0.1911426415398241,0.07994290145712415,0.21555335696059125,0.5133611000424598,25,20,20
7,1158,0.1911426415398241,0.07994290145712415,0.2155487695738464,0.5133656874292045,25,20,20
7,1159,0.19471721417748708,0.07994290190466684,0.2119741965307039,0.5133656873871412,25,20,20
7,1160,0.19471721417730578,0.07994290190442217,0.21234491731780472,0.5129949666004662,25,20,20
7,1161,0.2344529000283877,0.07994290190410755,0.17260923146752258,0.5129949665999812,25,20,20
7,1162,0.22155431711422902,0.07994288337326198,0.1855095601281204,0.5129932393843878,25,20,20
7,1163,0.22155428863437135,0.07994288270180895,0.17928207035076635,0.5192207583130526,25,20,20
7,1164,0.2215542886815498,0.07992847663174954,0.17929641131875837,0.5192208233679416,25,20,20
7,1165,0.22153773711266406,0.07992931542679634,0.17931212411302458,0.5192208233475141,25,20,20
7,1166,0.22153773652280834,0.07992931542655243,0.17918199533781837,0.51935095271282,25,20,20
7,1167,0.22153773652280748,0.07992931542654819,0.1788177838081706,0.5197151642424728,25,20,20
7,1168,0.2215380365641544,0.0799293154352599,0.19384143495390013,0.5046912130466854,25,20,20
7,1169,0.22153803651473752,0.0799605205063206,0.19381022993225208,0.5046912130466897,25,20,20
7,1170,0.22153803651473822,0.0799605205063206,0.19354305972265465,0.5049583832562863,25,20,20
7,1171,0.1876314063030791,0.07996052043099035,0.22744964435507012,0.5049584289108601,25,20,20
7,1172,0.19190760468978774,0.0799457127402854,0.223186930007303,0.5049597525626234,25,20,20
7,1173,0.1919076046897877,0.0799457127402854,0.22317807165117046,0.5049686109187558,25,20,20
7,1174,0.191935943764276,0.07994570847290682,0.2231497572038511,0.5049685905589658,25,20,20
7,1175,0.19193594376427914,0.07994570847291108,0.22341600825363617,0.5047023395091735,25,20,20
7,1176,0.1919089994371709,0.07994572631696448,0.22344285411944145,0.5047024201264231,25,20,20
7,1177,0.19190899943721523,0.07994572633077764,0.22381700439714614,0.5043282698348608,25,20,20
7,1178,0.19191677002622307,0.07997021028578803,0.2237848568654942,0.5043281628224944,25,20,20
7,1179,0.1919167700261812,0.07997021027221947,0.2234130371842379,0.5046999825173613,25,20,20
7,1180,0.19256389973180113,0.07997021130645811,0.22246242799758195,0.5050034609641586,25,20,20
7,1181,0.19256389973184668,0.07997021130645819,0.22246257204429548,0.5050033169173996,25,20,20
7,1182,0.19256389973189245,0.05123282154939539,0.25119995673043644,0.5050033219882751,25,20,20
7,1183,0.1925638997318948,0.051232821549395464,0.25119994471463974,0.5050033340040694,25,20,20
7,1184,0.19190419157626298,0.051234282689351485,0.2521547470849778,0.5047067786494073,25,20,20
7,1185,0.1919041915762598,0.0512342826893514,0.25224689826736485,0.5046146274670236,25,20,20
7,1186,0.19190404189642885,0.051233444140768025,0.2522478171428299,0.5046146968199728,25,20,20
7,1187,0.1919040418964744,0.05123344414077231,0.25225438536697475,0.5046081285957782,25,20,20
7,1188,0.19214435515383535,0.05123344414082776,0.2520140721023542,0.5046081286029824,25,20,20
7,1189,0.1921378074035583,0.051209184069310305,0.25204489786199824,0.5046081106651331,25,20,20
7,1190,0.19213780740363146,0.025417526738632335,0.27783655508036914,0.5046081107773666,25,20,20
7,1191,0.19214093551355846,0.025417526738577396,0.27783342697770413,0.5046081107701594,25,20,20
7,1192,0.15622611658349647,0.025417527211729143,0.31374824324715833,0.5046081129576155,25,20,20
7,1193,0.15622611658349647,0.025417527211729216,0.3136560649110829,0.5047002912936908,25,20,20
7,1194,0.15622611658349966,0.025417527211729286,0.3137482449052531,0.5046081112995175,25,20,20
7,1195,0.15622581654219825,0.025417527203262246,0.2987293148618686,0.5196273413926702,25,20,20
7,1196,0.15622581654219825,0.025417527203266538,0.2987339784514844,0.51962267780305,25,20,20
7,1197,0.15622581654215598,0.025417527203021865,0.2987393440481155,0.5196173122067059,25,20,20
7,1198,0.15622581654209516,0.014559584559549423,0.30959729176802864,0.5196173071303262,25,20,20
7,1199,0.1562258165420951,0.01455958455954513,0.3095971712941751,0.5196174276041842,25,20,20
7,1200,0.12037443291978583,0.014559610980515707,0.3454498925826129,0.519616063517085,25,20,20
7,1201,0.12037443291978583,0.01455961098051568,0.3457115217075772,0.5193544343921207,25,20,20
7,1202,0.12037443291978263,0.014559610980519895,0.34562393139101355,0.5194420247086833,25,20,20
7,1203,0.15386772692213946,0.014559610876100247,0.3121295284703704,0.5194431337313893,25,20,20
7,1204,0.1538677269221427,0.014559610876100321,0.31213423142050073,0.5194384307812555,25,20,20
7,1205,0.16785683503558757,0.01455961081649076,0.2981437608851255,0.5194397932627954,25,20,20
7,1206,0.16785683503558757,0.014559610816731083,0.2978841323985892,0.5196994217490916,25,20,20
7,1207,0.16785683503558432,0.014559610816731081,0.29787393268658213,0.5197096214611016,25,20,20
7,1208,0.16421453401297426,0.01455958439441715,0.3015162576295572,0.5197096239630504,25,20,20
7,1209,0.16421453401297442,0.014559584394417154,0.3015179680629182,0.5197079135296893,25,20,20
7,1210,0.16777520719994052,0.014558149075949784,0.29796557558590203,0.5197010681382068,25,20,20
7,1211,0.1677752071998636,0.040381430454839815,0.27214229431941833,0.5197010680258776,25,20,20
7,1212,0.16748330480123536,0.04038143063145952,0.27243420663969575,0.5197010579276088,25,20,20
7,1213,0.16748330480123522,0.04038143063145952,0.2724324942333127,0.519702770333992,25,20,20
7,1214,0.16748252330981017,0.04038143063145899,0.2724332757250009,0.5197027703337298,25,20,20
7,1215,0.16748252330981017,0.04038127421354567,0.2724334321429159,0.5197027703337281,25,20,20
7,1216,0.16748222522584824,0.04038127471481273,0.2724335982053195,0.5197029018540196,25,20,20
7,1217,0.16748222522603037,0.04038127471481702,0.2724383014431135,0.5196981986160389,25,20,20
7,1218,0.164150360491263,0.04038127488663695,0.2757701208680704,0.5196982437540282,25,20,20
7,1219,0.16057421277202344,0.04039134499972377,0.27933733306185304,0.5196971091663987,25,20,20
7,1220,0.16057421277202344,0.04039134499948347,0.27933082528901126,0.5197036169394808,25,20,20
7,1221,0.16064193420208156,0.04039142821757591,0.27882584880737193,0.5201407887729698,25,20,20
7,1222,0.16064193420208156,0.04039142821757591,0.27882584931661747,0.5201407882637243,25,20,20
7,1223,0.1606419342020783,0.04039142821757584,0.2788211478793829,0.5201454897009622,25,20,20
7,1224,0.1606419342111986,0.04039142822988057,0.28350363347451824,0.5154630040844018,25,20,20
7,1225,0.2004460399895325,0.04039134459925888,0.24413691946256771,0.5150256959486411,25,20,20
7,1226,0.2004460399895325,0.04039134459925467,0.24413449346303373,0.5150281219481794,25,20,20
7,1227,0.1823875677189898,0.0403919916513542,0.2621922636267406,0.5150281770029155,25,20,20
7,1228,0.18238756771898984,0.040391991651354126,0.262190102437065,0.5150303381925913,25,20,20
7,1229,0.18238756771894432,0.04039199165135421,0.26219007366679287,0.5150303669629088,25,20,20
7,1230,0.17879797008566062,0.04040294072392049,0.26576870891277626,0.5150303802776419,25,20,20
7,1231,0.17879797008566456,0.0404029415133476,0.2660383670238912,0.5147607213770956,25,20,20
7,1232,0.17879383024134957,0.04040296753229869,0.2660424785958548,0.5147607236304964,25,20,20
7,1233,0.17895434244482908,0.04040296744119485,0.2658833107445322,0.5147593793694437,25,20,20
7,1234,0.17895434244482908,0.04040296744119485,0.2658833121318683,0.5147593779821077,25,20,20
7,1235,0.18682073731340731,0.05095944475789027,0.24744494838607797,0.5147748695426246,25,20,20
7,1236,0.2222665378964162,0.0509594182738757,0.2119991765115155,0.5147748673181921,25,20,20
7,1237,0.22226653789641618,0.0509594182738757,0.21199906158029497,0.5147749822494128,25,20,20
7,1238,0.22226653789641226,0.050959417484448585,0.211729511911851,0.5150445327072878,25,20,20
7,1239,0.2224199234020309,0.05095943061552706,0.2115761573007894,0.5150444886816522,25,20,20
7,1240,0.21455158925010898,0.0803910507361066,0.19002837842488446,0.5150289815888994,25,20,20
7,1241,0.2145515892501236,0.0786731380445548,0.1917462911111001,0.5150289815942211,25,20,20
7,1242,0.2145515892501236,0.07867313804455053,0.19147995784921945,0.5152953148561058,25,20,20
7,1243,0.2145515892501236,0.07867313804479287,0.19185307822808675,0.5149221944769963,25,20,20
7,1244,0.2145515892501273,0.07743515203075274,0.19309106424203037,0.5149221944770891,25,20,20
7,1245,0.2145515892501273,0.07743515203051046,0.19272454655354848,0.5152887121658132,25,20,20
7,1246,0.21455158924994516,0.07743515203050626,0.19271995658572544,0.5152933021338224,25,20,20
7,1247,0.21455158924994516,0.07743515203050634,0.19272003967471663,0.5152932190448312,25,20,20
7,1248,0.21455158924994516,0.07743515203050634,0.19272003965568493,0.5152932190638628,25,20,20
7,1249,0.21455158929786627,0.07789005567324851,0.19226513596495678,0.5152932190639278,25,20,20
7,1250,0.21455158928870127,0.07789005566118257,0.18784239411116513,0.5197159609389504,25,20,20
7,1251,0.21455158928870127,0.0778900556611825,0.1878423592897804,0.5197159957603353,25,20,20
7,1252,0.21455158928870127,0.0778900556611825,0.18784258843968193,0.519715766610434,25,20,20
7,1253,0.24045581657127502,0.07789002886939503,0.16193849378315897,0.5197156607761706,25,20,20
7,1254,0.24007710445187555,0.07840199795944498,0.16180448661683167,0.5197164109718475,25,20,20
7,1255,0.24007710445187552,0.07840199795944484,0.16180665049863407,0.5197142470900453,25,20,20
7,1256,0.24007710445187633,0.07840199795944908,0.1621796736243679,0.5193412239643065,25,20,20
7,1257,0.2497814286164318,0.07839193282624035,0.15248545795869387,0.5193411805986343,25,20,20
7,1258,0.2497788109826425,0.07839193503169517,0.1524880737491629,0.5193411802364993,25,20,20
7,1259,0.2497788109826425,0.07839193503169517,0.15248807176180687,0.5193411822238553,25,20,20
7,1260,0.2497788109826425,0.07839193503169946,0.15249277588862475,0.5193364780970332,25,20,20
7,1261,0.25840223956545355,0.07839197216532832,0.14359338382090214,0.519612404448316,25,20,20
7,1262,0.25840238651136205,0.07801042167123248,0.1439710237322715,0.5196161680851338,25,20,20
7,1263,0.29827654519003505,0.07801040782211838,0.10410064253213439,0.5196124044557123,25,20,20
7,1264,0.2985300520546165,0.07801040782583786,0.10384715848355384,0.5196123816359921,25,20,20
7,1265,0.29832200945483256,0.0780104078981996,0.10405520066597929,0.5196123819809889,25,20,20
7,1266,0.29854656869487106,0.0780104079968551,0.10383061684662787,0.5196124064616462,25,20,20
7,1267,0.2985465863028322,0.07801152627264679,0.10382948096287431,0.5196124064616469,25,20,20
7,1268,0.2985465863028315,0.07801152627264679,0.1037227100648042,0.5197191773597176,25,20,20
7,1269,0.2985465863028315,0.07801152627289137,0.10372941510669895,0.5197124723175781,25,20,20
7,1270,0.29854658626688363,0.07802401048897306,0.10371693062490936,0.5197124726192338,25,20,20
7,1271,0.29854658626688363,0.07802401048897306,0.10408980388818835,0.5193395993559546,25,20,20
7,1272,0.29854658626688446,0.07802401048897728,0.10409629453343613,0.5193331087107019,25,20,20
7,1273,0.33784186855406967,0.07802292887705335,0.06480209261046661,0.5193331099584099,25,20,20
7,1274,0.33784371832462307,0.07802292887681463,0.0660630882276045,0.5180702645709573,25,20,20
7,1275,0.33784371832444093,0.07802292886287389,0.06605650238391762,0.5180768504287672,25,20,20
7,1276,0.3378437183244409,0.07802292886287826,0.06605651457570427,0.5180768382369764,25,20,20
7,1277,0.33784371832443766,0.07802292886287404,0.06606292210992973,0.5180704307027583,25,20,20
7,1278,0.3377483142139729,0.07758361872101407,0.06659828102861703,0.5180697860363955,25,20,20
7,1279,0.3377483142139729,0.07758361872101399,0.06660136139446643,0.5180667056705461,25,20,20
7,1280,0.3391006044571828,0.07758299538169275,0.06524974855283261,0.5180666516082915,25,20,20
7,1281,0.3391006044460365,0.0775951428347584,0.06523760141256715,0.5180666513066374,25,20,20
7,1282,0.33910060444624945,0.07880201942649084,0.0640307248151601,0.5180666513120991,25,20,20
7,1283,0.33909632493814407,0.0788020193374937,0.06403500399531055,0.5180666517290511,25,20,20
7,1284,0.33909632493814407,0.0788020193374937,0.0640327243379501,0.5180689313864113,25,20,20
7,1285,0.33909632493814407,0.07880201933748934,0.06403260389532897,0.518069051829037,25,20,20
7,1286,0.3392265581078546,0.07880201933743457,0.06390237114994259,0.5180690514047674,25,20,20
7,1287,0.33922655811004465,0.07880201933764096,0.07015220931606359,0.51181921323625,25,20,20
7,1288,0.33922470833953605,0.0788020193376367,0.0686337601240467,0.51333951219878,25,20,20
7,1289,0.3392247083395353,0.07880201933763241,0.06862723678653881,0.5133460355362929,25,20,20
7,1290,0.3392247083395353,0.07880201933739212,0.06862067463272467,0.5133525976903475,25,20,20
7,1291,0.33922470833931834,0.07883367156129585,0.06858902241459396,0.5133525976847914,25,20,20
7,1292,0.33943699271880234,0.07883367148893411,0.06837673845246847,0.5133525973397945,25,20,20
7,1293,0.3394369927188031,0.07883367148893418,0.06837673849360076,0.5133525972986616,25,20,20
7,1294,0.3364530520691556,0.07883567181002968,0.07163453482640328,0.513076741294411,25,20,20
7,1295,0.33645305206915643,0.07883567181002538,0.07163447438506487,0.5130768017357529,25,20,20
7,1296,0.3364530520669672,0.07883567180982326,0.0653912414750227,0.5193200346481865,25,20,20
7,1297,0.33645305206696724,0.07883567180982756,0.06539143813413237,0.5193198379890726,25,20,20
7,1298,0.3291290194248118,0.07883590249277575,0.07265227789157787,0.5193828001908343,25,20,20
7,1299,0.2918741828183756,0.07883592258576046,0.09240254073696745,0.5368873538588962,25,20,20
7,1300,0.2918741828183756,0.07883592258576053,0.09202955276414407,0.5372603418317194,25,20,20
7,1301,0.28913941237456176,0.07883590240046578,0.08623877460588485,0.5457859106190872,25,20,20
7,1302,0.2891394123745617,0.0788359024007061,0.0859791463792972,0.5460455388454346,25,20,20
7,1303,0.289139412374562,0.07711783766170906,0.0876972111129723,0.5460455388507564,25,20,20
7,1304,0.2891394123745622,0.07711783766154987,0.07373407097605246,0.5600086789878352,25,20,20
7,1305,0.2891394129662238,0.07711783766155417,0.07374226082742301,0.560000488544799,25,20,20
7,1306,0.289139412966227,0.07711783766155417,0.07374676774922269,0.559995981622996,25,20,20
7,1307,0.28913941296622697,0.07711783766155417,0.07374676563039342,0.5599959837418254,25,20,20
7,1308,0.28913941296622775,0.07711783766154989,0.07374211964540885,0.5600006297268134,25,20,20
7,1309,0.2891394129662309,0.07711783766130957,0.07400174813251258,0.559741001239947,25,20,20
7,1310,0.2891394129662341,0.07711783766131386,0.07399534109946854,0.5597474082729835,25,20,20
7,1311,0.2891123119940976,0.07711783837019955,0.07402243801315062,0.5597474116225523,25,20,20
7,1312,0.2891123119940936,0.07711783837019963,0.07402249569374302,0.5597473539419638,25,20,20
7,1313,0.30559192980515126,0.07704518318691335,0.057615639683703375,0.5597472473242318,25,20,20
7,1314,0.3055919298051488,0.07704518318690905,0.057617721616325605,0.5597451653916162,25,20,20
7,1315,0.30559192980774325,0.07704518318739824,0.05762251511172023,0.5597403718931381,25,20,20
7,1316,0.305300081752907,0.07704518831636556,0.057914333613208496,0.5597403963175186,25,20,20
7,1317,0.30530008175206946,0.07704480355098468,0.05791471807768139,0.559740396619264,25,20,20
7,1318,0.3053000817520687,0.07704480355098461,0.05791244240525093,0.5597426722916955,25,20,20
7,1319,0.30530008175206547,0.07704480355098042,0.057646224738455584,0.5600088899584982,25,20,20
7,1320,0.30530008175206624,0.07704480355122492,0.05765281391884153,0.560002300777867,25,20,20
7,1321,0.30530008175228285,0.07870935555646759,0.05598826191860673,0.5600023007726426,25,20,20
7,1322,0.3053000817522939,0.07870951952787011,0.05598809824893871,0.5600023004708969,25,20,20
7,1323,0.3053000817522939,0.07870951952787018,0.05599462200181073,0.5599957767180248,25,20,20
7,1324,0.2860016860631694,0.07870930270244024,0.07525709833009608,0.5600319129042939,25,20,20
7,1325,0.2861340660472038,0.07870927921361791,0.07512474081523139,0.5600319139239467,25,20,20
7,1326,0.31239305202384,0.07870926084994563,0.04896489303885687,0.5599327940873573,25,20,20
7,1327,0.3123930520238367,0.07870926084970102,0.0489626478508879,0.5599350392755742,25,20,20
7,1328,0.3123930520238367,0.07870926084970095,0.04896257253601635,0.5599351145904459,25,20,20
7,1329,0.3086405907289608,0.0787092608511702,0.05271503343691036,0.5599351149829586,25,20,20
7,1330,0.30864059072896083,0.0787092608511702,0.05271505845611644,0.5599350899637525,25,20,20
7,1331,0.3086405907289609,0.07870926085117022,0.0527085700294122,0.5599415783904567,25,20,20
7,1332,0.3122371753775012,0.07870926625268425,0.049110607481706675,0.5599429508881077,25,20,20
7,1333,0.2783318561740516,0.07870899582273094,0.08301088698606417,0.5599482610171527,25,20,20
7,1334,0.2783318561714564,0.07870899582224176,0.0830060920948643,0.5599530559114371,25,20,20
7,1335,0.27833185617230904,0.07991746698992168,0.08179762093162254,0.5599530559061462,25,20,20
7,1336,0.2783318561748962,0.0799174670038238,0.08190998246947419,0.5598406943518053,25,20,20
7,1337,0.27833185617489614,0.0799174670038238,0.08190994391959695,0.5598407329016826,25,20,20
7,1338,0.2786518509933143,0.0799174474725436,0.08159527994732516,0.5598354215868163,25,20,20
7,1339,0.27865185099331674,0.0799174474723033,0.08168087762459957,0.55974982390978,25,20,20
7,1340,0.278270817976556,0.07991744773911953,0.08206190994532087,0.5597498243390034,25,20,20
7,1341,0.2782708179765568,0.07991744773912376,0.08206199136297956,0.5597497429213397,25,20,20
7,1342,0.2782708179765568,0.07991744773912376,0.0820572915490868,0.5597544427352323,25,20,20
7,1343,0.27827081797655673,0.07991744773912376,0.08205726452131784,0.5597544697630014,25,20,20
7,1344,0.26879652022531864,0.07991744240520299,0.08812128376849009,0.5631647536009878,25,20,20
7,1345,0.26879652022531864,0.07991744240520299,0.08812801637414568,0.5631580209953322,25,20,20
7,1346,0.26879652022531864,0.07991744240520307,0.08813029415258425,0.5631557432168935,25,20,20
7,1347,0.26879652022532113,0.07991744240520307,0.08843932699652057,0.5628467103729548,25,20,20
7,1348,0.2691762963996919,0.07991744213838635,0.08805955151844967,0.5628467099434717,25,20,20
7,1349,0.2691762963996911,0.07991744213838489,0.102029221464783,0.5488770399971404,25,20,20
7,1350,0.2857440954438809,0.07991744191443678,0.08546142465665668,0.5488770379850253,25,20,20
7,1351,0.28574409544388096,0.07991744191443394,0.07149166704351755,0.5628467955981674,25,20,20
7,1352,0.2491163094516962,0.0799174819020888,0.10810835636392115,0.5628578522822935,25,20,20
7,1353,0.2463775402855004,0.07991744119120608,0.1108582263986469,0.5628467921246465,25,20,20
7,1354,0.24637754029580333,0.07991744119169375,0.11097932422217166,0.5627256942903313,25,20,20
7,1355,0.24637754029580333,0.07991744119169375,0.1109792103586916,0.5627258081538112,25,20,20
7,1356,0.24637754029580325,0.07991744119169382,0.11097918383462684,0.5627258346778761,25,20,20
7,1357,0.24637753970414156,0.07991744119168946,0.11097102532914258,0.5627339937750263,25,20,20
7,1358,0.2463775397041432,0.07991744119168939,0.11112777414192769,0.5625772449622397,25,20,20
7,1359,0.2406675647597292,0.07991748373875733,0.11683770647625243,0.5625772450252612,25,20,20
7,1360,0.240667564759726,0.07991748373875304,0.11674548625855509,0.562669465242966,25,20,20
7,1361,0.24078188911589746,0.07991748845129036,0.11663115717603655,0.5626694652567757,25,20,20
7,1362,0.24119581444440324,0.07991748332235055,0.11621726140802918,0.5626694408252171,25,20,20
7,1363,0.2411958144444032,0.07991748332235048,0.11621722749773676,0.5626694747355095,25,20,20
7,1364,0.24119581444440397,0.07991748332235468,0.11622375094149222,0.5626629512917491,25,20,20
7,1365,0.24119581444440238,0.07991748332235468,0.11606483879952725,0.5628218634337159,25,20,20
7,1366,0.24119581444440247,0.07991748411514987,0.11615816661733883,0.5627285348231088,25,20,20
7,1367,0.2411958144435347,0.07994814730155321,0.11612750343190062,0.5627285348230113,25,20,20
7,1368,0.2411958144435347,0.07994814730155321,0.11612560046096647,0.5627304377939456,25,20,20
7,1369,0.24119581443318627,0.07994814730106548,0.11599560428518728,0.5628604339805615,25,20,20
7,1370,0.24119581443336915,0.07994814730107405,0.1159979699651409,0.5628580683004164,25,20,20
7,1371,0.23562551588281483,0.079948130334117,0.12156526797714529,0.5628610858059233,25,20,20
7,1372,0.2394105411916494,0.07994609316626787,0.11778217923876154,0.5628611864033216,25,20,20
7,1373,0.23941054123958558,0.07868276944777476,0.11904550290393351,0.5628611864087065,25,20,20
7,1374,0.19942696057485343,0.07868301076474912,0.15902654120090454,0.5628634874594935,25,20,20
7,1375,0.16374280151847218,0.07868301121920757,0.19470390063200949,0.5628702866303104,25,20,20
7,1376,0.1508151502386943,0.07868338729835206,0.20762851676428512,0.5628729456986681,25,20,20
7,1377,0.1508023632314534,0.07868314598134825,0.18958253826033414,0.5809319525268645,25,20,20
7,1378,0.15080236323127047,0.07868314598133967,0.1895869046017119,0.5809275861856781,25,20,20
7,1379,0.1508023632312697,0.0786831451885402,0.1894886201586588,0.5810258714215313,25,20,20
7,1380,0.15080236323126975,0.0786831451885402,0.18948400140447658,0.5810304901757134,25,20,20
7,1381,0.15080236323127294,0.0786831451885402,0.18948865772054965,0.5810258338596372,25,20,20
7,1382,0.15080236323127294,0.07868314518854026,0.1894819521305754,0.5810325394496114,25,20,20
7,1383,0.150802363231273,0.0786831451885402,0.18948195155707,0.5810325400231168,25,20,20
7,1384,0.150802363231273,0.0786831451885402,0.18948203111182035,0.5810324604683664,25,20,20
7,1385,0.15080234800499484,0.07868314518854445,0.1675435529713062,0.6029709538351544,25,20,20
7,1386,0.15080234800499404,0.07868314518854017,0.16754355062633003,0.6029709561801357,25,20,20
7,1387,0.15080234800240694,0.07868314517463383,0.16742470045534363,0.6030898063676157,25,20,20
7,1388,0.1647222609187813,0.07868276838649448,0.1535078267746986,0.603087143920026,25,20,20
7,1389,0.16460564392259922,0.07868281159037319,0.15362419452315007,0.6030873499638777,25,20,20
7,1390,0.16460564393291155,0.07868281159037746,0.1538862332973634,0.6028253111793476,25,20,20
7,1391,0.16459781415879945,0.07868281159510372,0.15389406305155803,0.602825311194539,25,20,20
7,1392,0.1646076436394446,0.07868281159037747,0.15388423359057096,0.6028253111796071,25,20,20
7,1393,0.16460764363944463,0.07868281159037747,0.15388415545836373,0.6028253893118144,25,20,20
7,1394,0.16460764363944388,0.0786828115903774,0.15388412006069913,0.6028254247094799,25,20,20
7,1395,0.16460458916973672,0.07868281159356573,0.15388717452720876,0.6028254247094891,25,20,20
7,1396,0.1703155129916657,0.07868276838990548,0.1481764999531473,0.6028252186652818,25,20,20
7,1397,0.1703155129916657,0.07868276838990557,0.14817653333826286,0.6028251852801663,25,20,20
7,1398,0.1703155130408812,0.07868251208810033,0.14817678959085248,0.6028251852801663,25,20,20
7,1399,0.17031551304088133,0.07868251208810033,0.1481768167839601,0.6028251580870585,25,20,20
7,1400,0.17031551304088133,0.07868251208810462,0.14817701060864077,0.6028249642623734,25,20,20
7,1401,0.1703155130408813,0.07868251208810033,0.14817909360700923,0.6028228812640093,25,20,20
7,1402,0.16435108435657336,0.07868251216809244,0.15414234540704252,0.6028240580682916,25,20,20
7,1403,0.1643510843669306,0.07868251296097664,0.1542381147404556,0.6027282879316371,25,20,20
7,1404,0.14865539543261813,0.07868251261078524,0.16993399283385052,0.602728099122745,25,20,20
7,1405,0.14865539543261896,0.07868251261078946,0.16993589753352495,0.6027261944230656,25,20,20
7,1406,0.14865539543261574,0.07868251261078953,0.16962024702159248,0.6030418449350012,25,20,20
7,1407,0.14865539543261258,0.0786825126107896,0.16998862088969094,0.6026734710669058,25,20,20
7,1408,0.14865539543261258,0.0786825126107896,0.17036160751319954,0.6023004844433972,25,20,20
7,1409,0.14865539543261255,0.0786825126107939,0.17036813150459856,0.6022939604519939,25,20,20
7,1410,0.14865539538475328,0.0541221751878677,0.19492846886843862,0.6022939605589399,25,20,20
7,1411,0.14865539538469158,0.07990666019406087,0.16914398397454028,0.6022939604467064,25,20,20
7,1412,0.14854285280458646,0.07990661292217012,0.1692563737427704,0.6022941605304721,25,20,20
7,1413,0.1651979222850243,0.07990661816860566,0.15260127398827614,0.6022941855580942,25,20,20
7,1414,0.12898295598030907,0.07990661292662143,0.18881626836589574,0.602294162727173,25,20,20
7,1415,0.12898295593109366,0.0799269417640917,0.18879593957218238,0.6022941627326315,25,20,20
7,1416,0.16522728082867452,0.07992694176318564,0.15255181489799086,0.6022939625101492,25,20,20
7,1417,0.16522728082867444,0.07992694176318564,0.1525548667836386,0.6022909106245017,25,20,20
7,1418,0.16522728082867524,0.07992694176318994,0.15255494761678778,0.6022908297913472,25,20,20
7,1419,0.16522728082867602,0.07992694176343024,0.15255928064254623,0.6022864967653474,25,20,20
7,1420,0.1652272808286792,0.07992694176343025,0.15218626157851312,0.6026595158293773,25,20,20
7,1421,0.1652272808286792,0.07992694176343033,0.1521861761771393,0.6026596012307511,25,20,20
7,1422,0.16522728082868,0.07992694176367485,0.15181969850781496,0.6030260788998302,25,20,20
7,1423,0.16522728082867913,0.07992694176343032,0.1518152513267408,0.6030305260811497,25,20,20
7,1424,0.16522728082867594,0.07992694176343024,0.1518152478621585,0.6030305295457353,25,20,20
7,1425,0.16522728083905805,0.07992694176343039,0.151815423607067,0.6030303537904446,25,20,20
7,1426,0.16522728083905805,0.07992694176343039,0.1518108028892623,0.6030349745082494,25,20,20
7,1427,0.16522728082867594,0.0799269417634303,0.1518153012974176,0.6030304761104762,25,20,20
7,1428,0.16522728082867516,0.07992694176342602,0.151808694764671,0.6030370826432278,25,20,20
7,1429,0.18173509970701146,0.07992695563265617,0.1353000877039375,0.6030378569563952,25,20,20
7,1430,0.18173509970701146,0.07992695563265188,0.13529371178196561,0.6030442328783713,25,20,20
7,1431,0.15953706739580376,0.07992695563379035,0.15746357643577538,0.6030724005346303,25,20,20
7,1432,0.15961878139672891,0.07992695563378976,0.15738185898373216,0.6030724039857494,25,20,20
7,1433,0.159618781396729,0.0799269556337897,0.1573819395978154,0.603072323371666,25,20,20
7,1434,0.16311637827567366,0.07992695571864053,0.1572959582746792,0.5996607077310065,25,20,20
7,1435,0.16311637828598602,0.07992695571888352,0.1575646514018223,0.599392014593308,25,20,20
7,1436,0.1588066435909127,0.07992695527321246,0.16187342005130367,0.5993929810845716,25,20,20
7,1437,0.15880664359091268,0.07992695527321246,0.16187319005529863,0.5993932110805766,25,20,20
7,1438,0.15522661747910632,0.07992695526506463,0.16545321834689758,0.5993932089089321,25,20,20
7,1439,0.15522661747909475,0.07824725882469799,0.1671329144840388,0.5993932092121684,25,20,20
7,1440,0.15522661747909475,0.07824725882469806,0.16713299696212394,0.5993931267340833,25,20,20
7,1441,0.12171277067823087,0.07824725899300441,0.20042899028344588,0.5996109800453191,25,20,20
7,1442,0.12171277067823166,0.07824725899300863,0.20043551372704718,0.5996044566017129,25,20,20
7,1443,0.12171277067801509,0.0782584944977296,0.20042427822800118,0.5996044565962545,25,20,20
7,1444,0.12171277067801509,0.0782584944977296,0.20042417200041146,0.5996045628238441,25,20,20
7,1445,0.10766469577673467,0.0782584945663366,0.2109902366369335,0.603086573019995,25,20,20
7,1446,0.10759503190875881,0.07825850843942511,0.21105988551412114,0.6030865741376946,25,20,20
7,1447,0.10191893692358465,0.07825850843920264,0.2167359798513953,0.6030865747858175,25,20,20
7,1448,0.10191893692358697,0.07825850843937965,0.2277939046554675,0.5920286499815655,25,20,20
7,1449,0.11449224205767747,0.07825849446940947,0.21522440530424078,0.5920248581686718,25,20,20
7,1450,0.11344495418417372,0.07825849446940845,0.216271691549884,0.5920248597965334,25,20,20
7,1451,0.11344495433206278,0.07825849448311076,0.21628025493329336,0.5920162962515327,25,20,20
7,1452,0.11344495433230778,0.039060460841056494,0.25547828857519767,0.5920162962514371,25,20,20
7,1453,0.14901416706506063,0.03906046092075478,0.21990907948439056,0.5920162925297933,25,20,20
7,1454,0.14901416706505838,0.03906046092057786,0.20885127056738323,0.6030741014469799,25,20,20
7,1455,0.14901416705470186,0.03906046012769357,0.20875778644902046,0.6031675863685837,25,20,20
7,1456,0.1490141670547018,0.03906046012769349,0.2087577053434402,0.6031676674741638,25,20,20
7,1457,0.14901416704438947,0.039060460127450514,0.20848893245214895,0.6034364403760102,25,20,20
7,1458,0.14997727542163497,0.03906046011896503,0.2075335896620544,0.6034286747973451,25,20,20
7,1459,0.1495247683664521,0.03906045987066662,0.20820512707955635,0.6032096446833244,25,20,20
7,1460,0.14863083821357723,0.03906048885222343,0.20909902591086305,0.6032096470233357,25,20,20
7,1461,0.14863083824185658,0.038281146132175814,0.20987836859622847,0.6032096470297387,25,20,20
7,1462,0.14863083824185655,0.038281146132175814,0.2098760896298525,0.6032119259961146,25,20,20
7,1463,0.140284727183265,0.038281605072273274,0.21822062832675418,0.6032130394177072,25,20,20
7,1464,0.1402847271832682,0.038281605072273274,0.21822071104665317,0.6032129566978051,25,20,20
7,1465,0.14028472718326818,0.038281605072273274,0.21822529699265988,0.6032083707517983,25,20,20
7,1466,0.17972268311633466,0.038281605072277076,0.17878734103157354,0.6032083707798144,25,20,20
7,1467,0.18196948114392456,0.03828160959666548,0.17653930936438375,0.6032095998950259,25,20,20
7,1468,0.18198634733708485,0.03828159624266195,0.17652245764146404,0.6032095987787889,25,20,20
7,1469,0.18198634733708163,0.03828159624266195,0.1765222958539461,0.6032097605663101,25,20,20
7,1470,0.1819863473370809,0.03828159624266195,0.17651581037194342,0.6032162460483137,25,20,20
7,1471,0.1819863473370809,0.03828159624266195,0.17651580839883102,0.6032162480214259,25,20,20
7,1472,0.1819863473370841,0.038281596242662023,0.1765159301188884,0.6032161263013655,25,20,20
7,1473,0.18152255271532108,0.038281596242658214,0.17697972477016846,0.6032161262718521,25,20,20
7,1474,0.1815225527155031,0.0382815962429029,0.1769819505249718,0.6032139005166218,25,20,20
7,1475,0.18152255271550233,0.03828159624290291,0.17735266872449096,0.6028431823171035,25,20,20
7,1476,0.18152255271550233,0.03828159624290298,0.17698425125687628,0.6032115997847182,25,20,20
7,1477,0.14614717951971368,0.03834374137783455,0.21229346304448193,0.6032156160579701,25,20,20
7,1478,0.14607802258020586,0.038343712924262106,0.21235474473629865,0.6032235197592339,25,20,20
7,1479,0.14693865613291746,0.03828156311102883,0.21156154747275246,0.6032182332833014,25,20,20
7,1480,0.14693865610605286,0.03828179352890933,0.2115011667921135,0.6032783835729247,25,20,20
7,1481,0.14693865610605286,0.03828179352890925,0.21150120018515278,0.6032783501798856,25,20,20
7,1482,0.14693865610605286,0.03828179352890925,0.21149877649888318,0.6032807738661552,25,20,20
7,1483,0.11540386605271699,0.03828133543084699,0.2430351340411579,0.603279664475278,25,20,20
7,1484,0.11540386605272017,0.03828133543109151,0.2430375980359246,0.6032772004802637,25,20,20
7,1485,0.11538626434596937,0.03828133492129058,0.24305519785836663,0.603277202874373,25,20,20
7,1486,0.11538626434596937,0.03828133492129058,0.24305747473122477,0.603274926001515,25,20,20
7,1487,0.11381558614792851,0.03828133492129074,0.24462815292804294,0.6032749260027375,25,20,20
7,1488,0.1138155861479317,0.03828133492129511,0.24463479603866503,0.6032682828921078,25,20,20
7,1489,0.11381558614792857,0.03828133492129511,0.24463470476603089,0.6032683741647453,25,20,20
7,1490,0.11381558614792858,0.0382813349212994,0.2446369837556398,0.6032660951751322,25,20,20
7,1491,0.11381558614792858,0.0382813349212994,0.24463231095607152,0.6032707679747006,25,20,20
7,1492,0.11477158286628908,0.0382813349212995,0.24367631423770142,0.6032707679747099,25,20,20
7,1493,0.11477158271839924,0.03828133490735262,0.24366111798955395,0.603285964384694,25,20,20
7,1494,0.11477158271839923,0.03828133490735277,0.24392517288853266,0.6030219094857152,25,20,20
7,1495,0.11477279057232775,0.03828136348518857,0.24393184253802958,0.6030140034044537,25,20,20
7,1496,0.11466231584875806,0.038281410841599764,0.24402917479875674,0.6030270985108852,25,20,20
7,1497,0.11466231584875806,0.03828141084159992,0.2440357761734667,0.6030204971361752,25,20,20
7,1498,0.11466231584875806,0.03828141084159992,0.2440356996880932,0.6030205736215488,25,20,20
7,1499,0.11466231667566217,0.038281184796113005,0.24760504585264528,0.5994514526755792,25,20,20
7,1500,0.1146623166653498,0.038281184796108744,0.24733627107771064,0.5997202274608305,25,20,20
7,1501,0.1146623166653498,0.038281184796104525,0.24733623309297362,0.5997202654455719,25,20,20
7,1502,0.11466231668606279,0.03828118479610361,0.24751163960008046,0.5995448589177531,25,20,20
7,1503,0.1146623166860628,0.03828118479610353,0.24751834517996177,0.5995381533378719,25,20,20
7,1504,0.11466231668588385,0.03828118479585892,0.2475207403260737,0.5995357581921836,25,20,20
7,1505,0.11466231668588384,0.03828118479585892,0.2475207403226764,0.599535758195581,25,20,20
7,1506,0.11466231668588382,0.03828118479585463,0.2475184607473814,0.5995380377708802,25,20,20
7,1507,0.1146623166858846,0.03828118479609922,0.2475184311883316,0.5995380673296846,25,20,20
7,1508,0.11466231668608874,0.038281048841168855,0.24751856744638995,0.5995380670263524,25,20,20
7,1509,0.11466231668608554,0.03828104884116456,0.2475120372620959,0.599544597210654,25,20,20
7,1510,0.11466231668608548,0.038281048841164414,0.24750566303898197,0.599550971433768,25,20,20
7,1511,0.11466231669643384,0.03828104884140816,0.24736960757631482,0.599687026885843,25,20,20
7,1512,0.11466231704304469,0.0382810406139445,0.24736961537965715,0.5996870269633533,25,20,20
7,1513,0.11466231704304786,0.03828104061394451,0.24736719254588213,0.5996894497971252,25,20,20
7,1514,0.148702692555444,0.038281011509148484,0.21332684618150707,0.5996894497539005,25,20,20
7,1515,0.14870068119122198,0.038280963307779366,0.2133420048832064,0.5996763506177931,25,20,20
7,1516,0.14870068119122204,0.03828096330777944,0.2136083367978667,0.5994100187031328,25,20,20
7,1517,0.14870068133870165,0.038280963307543416,0.2137275171378952,0.5992908382158606,25,20,20
7,1518,0.14870068134908063,0.03828096332148272,0.2137397237776209,0.5992786315518164,25,20,20
7,1519,0.14870068134908063,0.03828096332148279,0.213744385649354,0.5992739696800832,25,20,20
7,1520,0.1496653753886181,0.03828096333411017,0.2127794995998949,0.599274161677377,25,20,20
7,1521,0.1496653753886149,0.03828096333411017,0.2127748520929107,0.5992788091843643,25,20,20
7,1522,0.1496653753886149,0.03828096333411017,0.21277485548797628,0.5992788057892987,25,20,20
7,1523,0.1496653753886149,0.03828096333411025,0.21314772875702695,0.5989059325202478,25,20,20
7,1524,0.1496653753886149,0.038280963334114466,0.21314963341674578,0.5989040278605248,25,20,20
7,1525,0.1496653753886604,0.03828096333411868,0.2131563380897466,0.5988973231874742,25,20,20
7,1526,0.15385716876046207,0.03828096325597775,0.20896454517558807,0.5988973228079719,25,20,20
7,1527,0.15385716875011377,0.038280963255733845,0.20883897107451754,0.5990228969196346,25,20,20
7,1528,0.11475459390280665,0.03828222822566028,0.24793454750707597,0.5990286303644564,25,20,20
7,1529,0.11475459390280669,0.03828222822566028,0.24794106925725168,0.5990221086142807,25,20,20
7,1530,0.11475459390280669,0.03828222822590487,0.2479412012686448,0.5990219766026429,25,20,20
7,1531,0.11519593064989998,0.038310591751513835,0.23956440728120718,0.6069290703173785,25,20,20
7,1532,0.11519593064990313,0.03831059175151391,0.239566687062741,0.6069267905358414,25,20,20
7,1533,0.1151959306499031,0.038310591751513835,0.23930035388150858,0.6071931237170741,25,20,20
7,1534,0.1151959306499031,0.03831059175151376,0.23929386355583562,0.6071996140427471,25,20,20
7,1535,0.12107602112019361,0.03831059175020876,0.23341377307216388,0.6071996140574334,25,20,20
7,1536,0.12107602111998589,0.03831115626299769,0.2334132085595826,0.6071996140574334,25,20,20
7,1537,0.1210758921868937,0.03831115626305303,0.2334133132838999,0.607199638266153,25,20,20
7,1538,0.12107589219424003,0.03831115576127957,0.2334133138622161,0.6071996381822643,25,20,20
7,1539,0.1210758921942425,0.038311155761275285,0.2334233177162072,0.6071896343282749,25,20,20
7,1540,0.1210758921942425,0.038311155761275285,0.23342354827770212,0.60718940376678,25,20,20
7,1541,0.12107589218386357,0.038311155747335984,0.2334113097828283,0.6072016422859721,25,20,20
7,1542,0.12107589218386364,0.038311155747335984,0.233412932047221,0.6072000200215792,25,20,20
7,1543,0.12107589218386047,0.038311155747340196,0.2334172583428688,0.6071956937259303,25,20,20
7,1544,0.12107589218386047,0.038311155747340196,0.23341725691072765,0.6071956951580716,25,20,20
7,1545,0.12107589218386047,0.0383111557473402,0.23341716691781983,0.6071957851509794,25,20,20
7,1546,0.12107589218386361,0.03831115574758319,0.23368189646385695,0.6069310556046962,25,20,20
7,1547,0.12107589218387878,0.039997755079261454,0.23199529713206765,0.606931055604792,25,20,20
7,1548,0.1071562117742992,0.03999852187030091,0.24591064318875344,0.6069346231666458,25,20,20
7,1549,0.107156211774296,0.03999852187030091,0.24628146697665365,0.6065637993787488,25,20,20
7,1550,0.10715690866605834,0.03999852187030077,0.24628077008490068,0.6065637993787395,25,20,20
7,1551,0.10715702867760711,0.039998517627964914,0.24628180814917877,0.6065626455452482,25,20,20
7,1552,0.09794953800336642,0.03999873935060043,0.25542989630160323,0.6066218263444294,25,20,20
7,1553,0.09794953798265033,0.03999873935035683,0.25534204196456967,0.6067096807024226,25,20,20
7,1554,0.09794953798284917,0.03941298428263991,0.25592779672012506,0.6067096810143853,25,20,20
7,1555,0.09794953798284917,0.03941298428263984,0.2559278281168255,0.6067096496176849,25,20,20
7,1556,0.09794953798284924,0.03941298428264405,0.2555613639624324,0.6070761137720738,25,20,20
7,1557,0.09794953783537202,0.03941298428263987,0.25544208509171673,0.6071953927902709,25,20,20
7,1558,0.13743235524776934,0.039412984285657024,0.2159592432987827,0.6071954171677909,25,20,20
7,1559,0.13743235524776926,0.039412984285412435,0.2163275116376466,0.6068271488291718,25,20,20
7,1560,0.13743235524776692,0.03941298428541402,0.21606849418194965,0.6070861662848694,25,20,20
7,1561,0.13743235524776692,0.03941298428541402,0.21569539162359355,0.6074592688432257,25,20,20
7,1562,0.17039668117245838,0.03941322339219164,0.18273080867884053,0.6074592867565097,25,20,20
7,1563,0.17009069299631524,0.039413223398524246,0.18303679681793963,0.607459286787221,25,20,20
7,1564,0.17009069299631524,0.03941322339852432,0.18303896049601215,0.6074571231091486,25,20,20
7,1565,0.1700906929963153,0.03941322339852432,0.18304343340918838,0.6074526501959722,25,20,20
7,1566,0.1700906929963153,0.03941322339852862,0.1830500386253089,0.6074460449798474,25,20,20
7,1567,0.17009069299631288,0.03941322339852425,0.1830501667155794,0.6074459168895837,25,20,20
7,1568,0.17705248992162909,0.039412984282460234,0.1760886292503028,0.6074458965456081,25,20,20
7,1569,0.1770524899216299,0.039412984282456015,0.17621159218710475,0.6073229336088096,25,20,20
7,1570,0.17705248992162997,0.039412984282455946,0.1762093965516723,0.6073251292442421,25,20,20
7,1571,0.17705248992162917,0.039412984282460234,0.17620278298849734,0.6073317428074135,25,20,20
7,1572,0.17705248992158362,0.039412984282455946,0.17628843205925981,0.6072460937367006,25,20,20
7,1573,0.17705248992158368,0.039412984282455946,0.17629491750182716,0.6072396082941333,25,20,20
7,1574,0.17705248992158448,0.039412984282451734,0.1762949184794348,0.6072396073165289,25,20,20
7,1575,0.17705248992158448,0.03941298428245606,0.1766633191151727,0.6068712066807866,25,20,20
7,1576,0.17705248992157824,0.03831158009821319,0.17776472361148027,0.6068712063687282,25,20,20
7,1577,0.17705248992137154,0.011270249706326818,0.20480605400357457,0.6068712063687269,25,20,20
7,1578,0.17685667239066977,0.011270249700102746,0.20500187154170516,0.606871206367522,25,20,20
7,1579,0.1606193143914764,0.01127024970012547,0.22123917313028701,0.606871262778111,25,20,20
7,1580,0.1606193144018337,0.011270249700369526,0.22120237070847104,0.6069080651893256,25,20,20
7,1581,0.1606193144018329,0.011270249700369453,0.2212023706781335,0.606908065219664,25,20,20
7,1582,0.2005458641905267,0.011270249706741373,0.18127582085394983,0.6069080652487822,25,20,20
7,1583,0.1804579528705218,0.011270269921942373,0.2013636629379938,0.6069081142695417,25,20,20
7,1584,0.156034375472072,0.011272070146597082,0.22578881724492153,0.6069047371364094,25,20,20
7,1585,0.156034375472072,0.01127207014659708,0.22569663752499658,0.6069969168563341,25,20,20
7,1586,0.15603437547207205,0.01127207014659708,0.22569652646664035,0.6069970279146907,25,20,20
7,1587,0.16528691592755357,0.01127184842242791,0.21650338852718842,0.6069378471228305,25,20,20
7,1588,0.16528691592755357,0.0112718484224322,0.21650148565199248,0.6069397499980222,25,20,20
7,1589,0.1652869159275535,0.011271848422432203,0.21650145272974253,0.6069397829202722,25,20,20
7,1590,0.16528691592755662,0.011271848422432203,0.216501534046461,0.6069397016035506,25,20,20
7,1591,0.1652869159276021,0.011271848422676797,0.2165062865047794,0.6069349491449422,25,20,20
7,1592,0.16404909093346698,0.011242234469909806,0.22568674504929537,0.5990219295473276,25,20,20
7,1593,0.16404909093364914,0.01124223446990981,0.22568033630414283,0.599028338292298,25,20,20
7,1594,0.16404909093364595,0.011242234469909882,0.22568677724986164,0.5990218973465824,25,20,20
7,1595,0.16404909093364595,0.011242234469909882,0.22532027817376146,0.5993883964226825,25,20,20
7,1596,0.16404909092328782,0.011242234469665748,0.22522750977864842,0.5994811648283978,25,20,20
7,1597,0.16247078442593885,0.011239708641954855,0.22680855336927214,0.5994809535628345,25,20,20
7,1598,0.16247078442593557,0.011239708641954853,0.22679835365726533,0.5994911532748445,25,20,20
7,1599,0.16247078443631605,0.011239708642443945,0.22679848285217205,0.5994910240690683,25,20,20
7,1600,0.16247078443684107,0.011239813114283022,0.26517346761831556,0.5611159348305594,25,20,20
7,1601,0.16247078443947163,0.011239813114283024,0.2653258914452955,0.5609635110009489,25,20,20
7,1602,0.15873030845517092,0.011239813114357573,0.26906636743686346,0.5609635109936071,25,20,20
7,1603,0.15873262971074142,0.01123970870989021,0.2706824527029028,0.5593452088764643,25,20,20
7,1604,0.1587326297107414,0.011239708709890132,0.27059038896190585,0.5594372726174616,25,20,20
7,1605,0.1587303091593719,0.011239924503992757,0.27059146551066154,0.5594383008259727,25,20,20
7,1606,0.17495856890950454,0.011239924510157505,0.25436326213546945,0.559438244444868,25,20,20
7,1607,0.17495856890972056,0.039960897781729954,0.2256422885470403,0.5594382447615096,25,20,20
7,1608,0.17495856890972053,0.03996089778172574,0.2256379601911115,0.5594425731174426,25,20,20
7,1609,0.17533474995625806,0.03996090294353786,0.22526175040482385,0.5594425966953808,25,20,20
7,1610,0.15501721571992771,0.03998542018587278,0.24555271543316362,0.5594446486610354,25,20,20
7,1611,0.155151571550798,0.039985415020807345,0.24541841270918865,0.5594446007192054,25,20,20
7,1612,0.15515157154816753,0.039985415020811564,0.24526599061123,0.5595970228197904,25,20,20
7,1613,0.15515157154817072,0.03998541502081585,0.245270318997496,0.559592694433517,25,20,20
7,1614,0.1551515715377903,0.03998541502032669,0.24527018977294612,0.5595928236689365,25,20,20
7,1615,0.15515157153778944,0.03998541502008212,0.24526293581160577,0.5596000776305224,25,20,20
7,1616,0.15515277460257454,0.06099539573895818,0.2242527713890053,0.5595990582694623,25,20,20
7,1617,0.15515277460239318,0.0609953957389539,0.22425930825528537,0.5595925214033676,25,20,20
7,1618,0.1551527746023932,0.0609953957389539,0.22426591384555145,0.5595859158131015,25,20,20
7,1619,0.17152456999410273,0.06099539046344616,0.20783603330518038,0.5596440062372706,25,20,20
7,1620,0.17312402479145622,0.06099534927613475,0.20623662287999345,0.5596440030524148,25,20,20
7,1621,0.17312402479145622,0.06099534927613475,0.2062300181452496,0.5596506077871587,25,20,20
7,1622,0.17312282102194884,0.0799532720294909,0.18727330865091163,0.5596505982976483,25,20,20
7,1623,0.17312282102195198,0.07995327202948659,0.18690190874055432,0.5600219982080068,25,20,20
7,1624,0.17312282102195198,0.07995327202948659,0.18690168018544762,0.5600222267631139,25,20,20
7,1625,0.17307235627283873,0.07995327202945866,0.18695214494217083,0.5600222267555318,25,20,20
7,1626,0.17307235627283873,0.07995327202945438,0.18694744080525458,0.5600269308924524,25,20,20
7,1627,0.17307297642025263,0.07995327202953573,0.18694286341201063,0.5600308881382002,25,20,20
7,1628,0.18872909968323842,0.07995328834723577,0.1711675183559494,0.5601500936135761,25,20,20
7,1629,0.18872909968323837,0.07995328834747606,0.17116761690427904,0.5601499950650063,25,20,20
7,1630,0.18872909968342128,0.07995328834748042,0.17117215819209786,0.5601454537770001,25,20,20
7,1631,0.18872909968342128,0.07995328834748043,0.1711721920453547,0.5601454199237432,25,20,20
7,1632,0.18872909969167775,0.07995328835856903,0.17934315835510956,0.5519744535946433,25,20,20
7,1633,0.1887290997020549,0.07995328837251034,0.1793484632589538,0.5519691486664806,25,20,20
7,1634,0.18872909970205412,0.07995328837251034,0.17934833565714722,0.5519692762682878,25,20,20
7,1635,0.18872909970223625,0.07995328837251471,0.17934627049604038,0.5519713414292082,25,20,20
7,1636,0.18872909970223628,0.07995328837251478,0.179346353574733,0.5519712583505156,25,20,20
7,1637,0.18864669841126666,0.0799532883725681,0.17942875488032242,0.5519712583358424,25,20,20
7,1638,0.1921181179059583,0.07995327342966782,0.17601548938070885,0.5519131192836646,25,20,20
7,1639,0.1921181179085533,0.07995327342967219,0.1760243902522918,0.5519042184094824,25,20,20
7,1640,0.19296194580308604,0.07995327366703546,0.17518061346988706,0.5519041670599902,25,20,20
7,1641,0.19296194580308568,0.07995327366703116,0.1752657776455296,0.5518190028843523,25,20,20
7,1642,0.19304653269570196,0.07995327366703184,0.17518119074531807,0.551819002891947,25,20,20
7,1643,0.191150644224144,0.07995439591822663,0.17706544360767937,0.551829516249949,25,20,20
7,1644,0.19115064422409844,0.07995439591798197,0.17706072254001587,0.5518342373179027,25,20,20
7,1645,0.19115064422414718,0.07995439593192127,0.17707304206262528,0.5518219177813054,25,20,20
7,1646,0.19115064422414363,0.0799750101278209,0.17705242786672912,0.5518219177813054,25,20,20
7,1647,0.19115064422414363,0.0799750101278209,0.17705239447251342,0.5518219511755211,25,20,20
7,1648,0.19115064422396183,0.07997501012782084,0.17696280291542993,0.5519115427327865,25,20,20
7,1649,0.1911506442239618,0.07997501012782506,0.1769629170931076,0.5519114285551047,25,20,20
7,1650,0.19115064422396183,0.07997501012782506,0.17696303342813904,0.5519113122200732,25,20,20
7,1651,0.19114168988861163,0.07997501047413272,0.17697198744617104,0.5519113121910839,25,20,20
7,1652,0.15401772084244775,0.07997388822286258,0.21410759210872507,0.5519007988259641,25,20,20
7,1653,0.15401772084245088,0.07997388822286258,0.21411238697337956,0.5518960039613066,25,20,20
7,1654,0.1540177208424517,0.07997388822286267,0.2141188780850722,0.5518895128496131,25,20,20
7,1655,0.15401772083985674,0.07997388822285838,0.21448308173018918,0.5515253092070954,25,20,20
7,1656,0.15401772083986018,0.07874640185383078,0.21571056809382633,0.5515253092124821,25,20,20
7,1657,0.1540177208398602,0.07874640185383078,0.21571061694128532,0.5515252603650231,25,20,20
7,1658,0.15414330439450893,0.07874640185383028,0.2155850333866375,0.5515252603650231,25,20,20
7,1659,0.15414330439451215,0.07874640185358577,0.2155799818567385,0.5515303118951633,25,20,20
7,1660,0.15361572164549087,0.07874714576811134,0.21610669633936555,0.5515304362470321,25,20,20
7,1661,0.15361572164549092,0.07874714576811134,0.21573367490157463,0.5519034576848231,25,20,20
7,1662,0.15280134459745948,0.07874714534653088,0.2165480543829878,0.5519034556730217,25,20,20
7,1663,0.15328441694872993,0.07874714505094026,0.2160649155795237,0.5519035224208063,25,20,20
7,1664,0.14103637852463208,0.07875286204605896,0.2284303914562251,0.5517803679730836,25,20,20
7,1665,0.14103637852463208,0.07875286204605896,0.2284303914438859,0.5517803679854226,25,20,20
7,1666,0.10487540785106898,0.07875286250887263,0.26459111340125974,0.5517806162387989,25,20,20
7,1667,0.10461032432655008,0.07875286729938061,0.2648561672294003,0.5517806411446688,25,20,20
7,1668,0.1046103243263332,0.07876039046556522,0.26484864438007316,0.5517806408280285,25,20,20
7,1669,0.10461032432633316,0.07876039046556514,0.2648485618868502,0.5517807233212515,25,20,20
7,1670,0.08982272670827036,0.07873762694702903,0.27918439314494053,0.5522552531997597,25,20,20
7,1671,0.08982272670001151,0.07873762693593614,0.2710069382111522,0.5604327081529001,25,20,20
7,1672,0.0898227267000115,0.07873762693593621,0.27100041425271365,0.5604392321113386,25,20,20
7,1673,0.0898227267103664,0.07873762693618035,0.2710883980460893,0.5603512483073639,25,20,20
7,1674,0.08982272671036315,0.07873762693618035,0.27135307746294773,0.5600865688905087,25,20,20
7,1675,0.08982272671018021,0.07873762693617599,0.2713532374211631,0.5600864089324809,25,20,20
7,1676,0.08982272671017942,0.07873762693617592,0.2713467462659944,0.5600929000876507,25,20,20
7,1677,0.08934027686437178,0.07873761369819811,0.2718292748781646,0.560092834559266,25,20,20
7,1678,0.08187108785825607,0.07873785274455596,0.2792344009481294,0.5601566584490584,25,20,20
7,1679,0.08029608277061127,0.07873785275646508,0.28080939946075767,0.5601566650121654,25,20,20
7,1680,0.10986325004721767,0.07873785173459072,0.25124221738160246,0.5601566808365889,25,20,20
7,1681,0.10986325004722086,0.07873785174853003,0.2512544239727409,0.5601444742315079,25,20,20
7,1682,0.10986325004721766,0.07873785173459501,0.25124372586606347,0.5601551723521235,25,20,20
7,1683,0.10631395355213107,0.07873785126862179,0.25479327141658065,0.560154923762666,25,20,20
7,1684,0.10631395355208237,0.07873785125468255,0.25478106576476667,0.5601671294284679,25,20,20
7,1685,0.10631395355208237,0.07873785125468676,0.2545213393287032,0.560426855864527,25,20,20
7,1686,0.13992860988989012,0.07873785161563779,0.22090550375320686,0.5604280347412651,25,20,20
7,1687,0.13992861003734722,0.07873785161588581,0.2210375673135388,0.5602959710332281,25,20,20
7,1688,0.13651990468328004,0.07873262316304434,0.22445150939387054,0.5602959627598046,25,20,20
7,1689,0.13649545662118057,0.07873262316551519,0.22447596421720434,0.5602959559960996,25,20,20
7,1690,0.13649545662118376,0.07873262316551533,0.22447600045676414,0.5602959197565365,25,20,20
7,1691,0.13542950587985808,0.07873086944177396,0.22602016993438892,0.5598194547439775,25,20,20
7,1692,0.13544610292334797,0.0787301257689612,0.22600437528679898,0.5598193960208893,25,20,20
7,1693,0.1354461029129677,0.0787301257550199,0.22599744867475458,0.5598263226572554,25,20,20
7,1694,0.14153783754769053,0.07873013050198369,0.21990686290266023,0.5598251690476634,25,20,20
7,1695,0.16217258287056946,0.0787301408134713,0.19926930266202675,0.5598279736539308,25,20,20
7,1696,0.16659388651427043,0.07873014081347975,0.19484801727941153,0.5598279553928368,25,20,20
7,1697,0.18583065386638076,0.07873013057903186,0.1756140643225698,0.559825151232016,25,20,20
7,1698,0.18583065386658823,0.07704295949317391,0.17730123540290027,0.559825151237336,25,20,20
7,1699,0.1858306538665923,0.07704296353685376,0.213730754321636,0.5233956282749168,25,20,20
7,1700,0.18583065387697364,0.07704296353685385,0.21373385400490072,0.5233925285812708,25,20,20
7,1701,0.18583065386918743,0.07704296353684954,0.21373729240261188,0.5233890901913502,25,20,20
7,1702,0.18583065386918737,0.07704296353684956,0.21374183042907974,0.5233845521648823,25,20,20
7,1703,0.18583065386918737,0.07704296353684527,0.21373522502106024,0.5233911575729062,25,20,20
7,1704,0.18583983797983517,0.07704296329527616,0.2137261067807945,0.5233910919440934,25,20,20
7,1705,0.1858398379774211,0.0770429633090801,0.21413195704383725,0.5229852416696606,25,20,20
7,1706,0.1858398379774211,0.07704296330908003,0.2141318753775695,0.5229853233359288,25,20,20
7,1707,0.18583983797742115,0.07704296330908428,0.21450027745119118,0.5226169212623029,25,20,20
7,1708,0.185839837977418,0.07825890435894027,0.21328433640672328,0.5226169212569178,25,20,20
7,1709,0.18583983797741802,0.07825890435894035,0.2132890368813583,0.5226122207822828,25,20,20
7,1710,0.1858398379670608,0.0782589043586963,0.2131978784853735,0.5227033791888689,25,20,20
7,1711,0.1858398379670608,0.0782589043589409,0.21320271339569416,0.5226985442783036,25,20,20
7,1712,0.18583983796706008,0.07825890435894083,0.2132025986694563,0.5226986590045424,25,20,20
7,1713,0.18583983796706008,0.0782589043589409,0.2132025986807088,0.5226986589932896,25,20,20
7,1714,0.1858398379671056,0.07825890435894518,0.21320264488082605,0.5226986127931226,25,20,20
7,1715,0.18583983796710554,0.07825890435894518,0.2132027561667592,0.5226985015071893,25,20,20
7,1716,0.18583983781964847,0.07825890435870139,0.213072949207875,0.5228283086137742,25,20,20
7,1717,0.18583983781964528,0.07825890435870132,0.2130729530121299,0.5228283048095226,25,20,20
7,1718,0.18583983863042128,0.07906451617818348,0.21583651924543415,0.5192591259459596,25,20,20
7,1719,0.18583983863042086,0.05326364205290504,0.24163739325838546,0.5192591260582873,25,20,20
7,1720,0.1603897074832096,0.05360464761319455,0.26674604354362763,0.5192596013599668,25,20,20
7,1721,0.1603897074832096,0.05360464761319037,0.26637305551058704,0.5196325893930118,25,20,20
7,1722,0.15997652893872133,0.05360464761331906,0.2667862340543209,0.5196325893936372,25,20,20
7,1723,0.15997652893851363,0.0552921960352787,0.26509868563779304,0.5196325893884131,25,20,20
7,1724,0.14569074444016722,0.054965563239156065,0.27971160349575874,0.5196320888249163,25,20,20
7,1725,0.14569074444016722,0.05496556323915178,0.2797100945331667,0.5196335977875127,25,20,20
7,1726,0.1466175834712529,0.0549655632391463,0.27878325558910444,0.5196335977004934,25,20,20
7,1727,0.14661758347125292,0.05496556323915059,0.27878784529184353,0.51962900799775,25,20,20
7,1728,0.14569076563706027,0.05496556375921173,0.27971466260596095,0.5196290079977642,25,20,20
7,1729,0.14569076563706027,0.05496556375921166,0.27971454206238616,0.5196291285413391,25,20,20
7,1730,0.1462163196540976,0.054965324824194445,0.2792530408356965,0.5195653146860095,25,20,20
7,1731,0.14621631965409837,0.054965324824190226,0.2792499603713258,0.5195683951503838,25,20,20
7,1732,0.14621631965409837,0.054965324824190226,0.2792499592966527,0.5195683962250569,25,20,20
7,1733,0.11681253431290782,0.054965325201723925,0.30865375204164197,0.5195683884437244,25,20,20
7,1734,0.11681253431295305,0.054965325201971185,0.3089199904224907,0.5193021500625833,25,20,20
7,1735,0.13898626070751527,0.054965325799630066,0.28656839479920126,0.5194800186936515,25,20,20
7,1736,0.13898626070751527,0.054965325799634354,0.28656859146764413,0.5194798220252043,25,20,20
7,1737,0.13898626070751527,0.054965325799633744,0.292817975458261,0.5132304380345879,25,20,20
7,1738,0.13898626070751527,0.05496532579963368,0.29281489656165943,0.5132335169311896,25,20,20
7,1739,0.13996454096440353,0.054950947929435,0.29185099418157956,0.5132335169245797,25,20,20
7,1740,0.13996454096458433,0.054950947929435,0.2919746057482101,0.5131099053577685,25,20,20
7,1741,0.13996454096458433,0.05495094792967431,0.28599137702041955,0.5190931340853198,25,20,20
7,1742,0.13906336872218844,0.05495094904108796,0.25873230889948995,0.5472533733372318,25,20,20
7,1743,0.13906336872237327,0.05495094904084504,0.2585715472004096,0.5474141350363702,25,20,20
7,1744,0.1390633687223733,0.05495094905478434,0.25858378623707456,0.5474018959857658,25,20,20
7,1745,0.1390633687223732,0.054950949054780054,0.2585815301950575,0.5474041520277875,25,20,20
7,1746,0.13906336872219296,0.05495094904097603,0.2582985969546461,0.5476870852821831,25,20,20
7,1747,0.13906336872237307,0.0549509490409761,0.258436145869685,0.547549536366964,25,20,20
7,1748,0.13906336872237626,0.0549509490409761,0.2584361680841196,0.5475495141525262,25,20,20
7,1749,0.13906336872237632,0.0549509490407358,0.2584314755129957,0.5475542067238904,25,20,20
7,1750,0.13596630599784562,0.054950943978292054,0.2615285463267813,0.5475542036970794,25,20,20
7,1751,0.1359212993409396,0.05495094405407833,0.26157237859713517,0.5475553780078459,25,20,20
7,1752,0.13227220659678882,0.05495094356536418,0.2652214740816335,0.5475553757562119,25,20,20
7,1753,0.1330382634952642,0.054952256780029574,0.24480154358644962,0.5672079361382553,25,20,20
7,1754,0.13296110846884035,0.054952255665057514,0.2331312748299024,0.5789553610361985,25,20,20
7,1755,0.13296110846884024,0.080775528620321,0.20730800198696833,0.5789553609238692,25,20,20
7,1756,0.10085928071755519,0.08077584573336256,0.2392414143932215,0.5791234591558597,25,20,20
7,1757,0.11817306534755545,0.08077584513589697,0.22210561582254862,0.5789454736939981,25,20,20
7,1758,0.11817306534751022,0.08077584513564971,0.22183926355782166,0.5792118259590174,25,20,20
7,1759,0.11817306536139904,0.051999705048032724,0.2506154036299916,0.5792118259605761,25,20,20
7,1760,0.11817306536121752,0.05199970504803265,0.2504902780031711,0.579336951587578,25,20,20
7,1761,0.11740577127500756,0.051998391833451695,0.23091815224824708,0.5996776846432929,25,20,20
7,1762,0.1174057714229404,0.0519983918336963,0.2309198643461935,0.5996759723971692,25,20,20
7,1763,0.11740577142275949,0.0519983918336963,0.23065926855351648,0.5999365681900272,25,20,20
7,1764,0.11740577142280496,0.05199839183394097,0.23066399447768243,0.599931842265571,25,20,20
7,1765,0.11740577142276226,0.0519983918339404,0.23531811757566867,0.5952777191676282,25,20,20
7,1766,0.11740577142276226,0.0519983918339404,0.23531811898741634,0.5952777177558805,25,20,20
7,1767,0.11790169038843384,0.05199839131403468,0.23482220054166433,0.595277717755867,25,20,20
7,1768,0.11790169038843704,0.051998391314038966,0.23482239637267713,0.5952775219248468,25,20,20
7,1769,0.11790169038843704,0.05199839131403897,0.23482228193369395,0.5952776363638299,25,20,20
7,1770,0.11790169038839547,0.05199839131379859,0.23482074174689863,0.595279176550907,25,20,20
7,1771,0.11790169038844095,0.051998391313802884,0.23482572610046545,0.5952741921972903,25,20,20
7,1772,0.15685605292038837,0.051998409879583034,0.19587134187193278,0.5952741953280953,25,20,20
7,1773,0.15685605292039156,0.051998409879583034,0.1958713105151266,0.5952742266848982,25,20,20
7,1774,0.15685605292039156,0.051998409879587336,0.1958760124292691,0.5952695247707513,25,20,20
7,1775,0.15685605292039465,0.05199840986567599,0.19605002626092677,0.5950955109530018,25,20,20
7,1776,0.1568560529203907,0.0519984098656717,0.19604684043800522,0.5950986967759316,25,20,20
7,1777,0.1568560529203907,0.051998409865667485,0.1960422209918502,0.5951033162220909,25,20,20
7,1778,0.1568560529065019,0.08077492971581375,0.16726570115715272,0.5951033162205307,25,20,20
7,1779,0.1568560529065474,0.08077492971582231,0.16735791677839307,0.5950111005992363,25,20,20
7,1780,0.15685605290654422,0.08077492971582231,0.16736432601884535,0.5950046913587872,25,20,20
7,1781,0.15685605290654114,0.08077492971582653,0.16709817510512426,0.5952708422725072,25,20,20
7,1782,0.15685605290654192,0.08077492971582653,0.16710057419951035,0.5952684431781203,25,20,20
7,1783,0.1568560529066754,0.08077492971581805,0.16700833355736477,0.5953606838201408,25,20,20
7,1784,0.1501246395180478,0.08077492962368789,0.17373974748468124,0.5953606833735825,25,20,20
7,1785,0.15012463951804775,0.08077492962368359,0.17373322203218877,0.5953672088260794,25,20,20
7,1786,0.14868631344448233,0.08077596170225215,0.17516559390528955,0.5953721309479755,25,20,20
7,1787,0.14868631344448155,0.08077596170225215,0.17516984463020063,0.5953678802230652,25,20,20
7,1788,0.14964786449375864,0.08084191558839317,0.17399565032162148,0.5955145695962266,25,20,20
7,1789,0.14964786449375547,0.0808419155883974,0.17399576306068543,0.5955144568571616,25,20,20
7,1790,0.14977683755641372,0.08003629972640754,0.17467358774203848,0.5955132749751407,25,20,20
7,1791,0.14977683755641372,0.08003629972640754,0.17467809463499312,0.5955087680821862,25,20,20
7,1792,0.1497768375564105,0.08003629972616289,0.1746713901696778,0.5955154725477493,25,20,20
7,1793,0.1535126171265474,0.08003629964552478,0.17093563174098975,0.5955154514869383,25,20,20
7,1794,0.1535126171120889,0.08003579494217535,0.17093613645880168,0.5955154514869343,25,20,20
7,1795,0.15351261696415605,0.08003579494217526,0.1709395057213985,0.5955120823722708,25,20,20
7,1796,0.153512616964156,0.08003579494217526,0.17093939820162285,0.5955121898920462,25,20,20
7,1797,0.15351261696415594,0.08003579494217111,0.1709393959377012,0.5955121921559722,25,20,20
7,1798,0.15351261696415594,0.08003579494217111,0.17093934393216748,0.5955122441615057,25,20,20
7,1799,0.15351261696415622,0.08001334767572787,0.17096179088218122,0.5955122444779352,25,20,20
7,1800,0.15351261696415547,0.08001334767548338,0.17095520171058912,0.5955188336497724,25,20,20
7,1801,0.15351261696415547,0.08001334767548345,0.17095528853750733,0.5955187468228541,25,20,20
7,1802,0.1535126169641555,0.08001334767548345,0.17095532138115715,0.5955187139792042,25,20,20
7,1803,0.11886583588313661,0.08001335537035567,0.20559520307544818,0.5955256056710592,25,20,20
7,1804,0.1188658358829008,0.0800277751319352,0.20558078331410423,0.5955256056710592,25,20,20
7,1805,0.11886583588508795,0.08002777513193501,0.2071721781658816,0.5939342108170945,25,20,20
7,1806,0.11886583588508792,0.08002777513193074,0.20717206427809248,0.5939343247048882,25,20,20
7,1807,0.12075991953772569,0.08002674342275741,0.20528393266711467,0.5939294043724022,25,20,20
7,1808,0.12075991953777106,0.08002674342275748,0.20540704729289758,0.593806289746574,25,20,20
7,1809,0.1233615179408448,0.08002674812828703,0.20280420837843052,0.5938075255524373,25,20,20
7,1810,0.12336151794065994,0.08002674812828696,0.20269869862159012,0.5939130353094624,25,20,20
7,1811,0.12336151794066001,0.08002674812828703,0.20269877969255315,0.5939129542384992,25,20,20
7,1812,0.12336151863496138,0.07939850889243344,0.20332701822863078,0.5939129542439742,25,20,20
7,1813,0.12336151863496138,0.07939850889243344,0.20332701821851248,0.5939129542540925,25,20,20
7,1814,0.12336151863281654,0.07939850889243408,0.19744987186699123,0.5997901006077586,25,20,20
7,1815,0.12761617675941328,0.07939850418848118,0.19319645381731831,0.5997888652347875,25,20,20
7,1816,0.12748720288600085,0.07941244418543228,0.19331032200641413,0.5997900309221528,25,20,20
7,1817,0.12751397134990186,0.07941244418567539,0.19420334594258595,0.5988702385218371,25,20,20
7,1818,0.12064388879486496,0.07941244839879333,0.20107342435292627,0.5988702384534149,25,20,20
7,1819,0.12064388879486501,0.07941244839903568,0.20144646577947584,0.598497197026623,25,20,20
7,1820,0.12064388879486504,0.0794124483990356,0.20144188027074858,0.5985017825353502,25,20,20
7,1821,0.12064389719915364,0.07941244919137015,0.20157769445152723,0.5983659591579484,25,20,20
7,1822,0.116301892143229,0.07941242297375456,0.20592662047896557,0.5983590644040501,25,20,20
7,1823,0.11630189214327447,0.07941242297351221,0.2055627868985552,0.5987228979846574,25,20,20
7,1824,0.11630189214309551,0.07941242297351223,0.20556281826160777,0.5987228666217836,25,20,20
7,1825,0.11630189144879792,0.0796044278974946,0.20537081403730145,0.5987228666164053,25,20,20
7,1826,0.11630189144963564,0.07880135651822714,0.20617388510869383,0.5987228669234426,25,20,20
7,1827,0.11580597235643086,0.0788013570291237,0.20666980368951507,0.5987228669249289,25,20,20
7,1828,0.11299395606330423,0.07873510019943801,0.20986403870756942,0.5984069050296883,25,20,20
7,1829,0.11299395606330423,0.07873510019943801,0.20986862469861683,0.5984023190386408,25,20,20
7,1830,0.1129939560633076,0.07873510021119802,0.2161325213877589,0.5921384223377355,25,20,20
7,1831,0.11299396359505591,0.07872298731628394,0.21614462675090618,0.5921384223377537,25,20,20
7,1832,0.11299396359505598,0.07872298731628387,0.21614462837391513,0.592138420714745,25,20,20
7,1833,0.11299396359505279,0.0787229873162838,0.21614448794132077,0.5921385611473425,25,20,20
7,1834,0.11299396359500728,0.07872298731628387,0.216135314951841,0.5921477341368676,25,20,20
7,1835,0.1129939635950101,0.07872298731650007,0.22079445230667424,0.5874885967818152,25,20,20
7,1836,0.11658684985724588,0.07872297307157851,0.2172014538536174,0.5874887232175577,25,20,20
7,1837,0.11658684985724588,0.0787229730715828,0.2172080313099948,0.5874821457611762,25,20,20
7,1838,0.11658684985733686,0.07872297307158273,0.21721936785990484,0.5874708092111754,25,20,20
7,1839,0.11655900527081726,0.07872297302827032,0.2172472125585465,0.5874708091423656,25,20,20
7,1840,0.11655900527081726,0.07872297302827032,0.21751346267118474,0.5872045590297276,25,20,20
7,1841,0.11655900527077222,0.07872297302826615,0.21714196657540935,0.5875760551255521,25,20,20
7,1842,0.11653223680687198,0.07872297302802304,0.21662194604723684,0.5881228441178677,25,20,20
7,1843,0.11653223680691745,0.07872297302802304,0.2166283575740351,0.5881164325910239,25,20,20
7,1844,0.11653223680691666,0.07872297302802296,0.21625523885439826,0.5884895513106616,25,20,20
7,1845,0.11654499294477462,0.07872424639361567,0.21624120931999877,0.5884895513416104,25,20,20
7,1846,0.09984161744206098,0.07872424623535561,0.23294453032943715,0.5884896059931451,25,20,20
7,1847,0.09984161744121975,0.07994077668166091,0.23172800019110684,0.5884896056860114,25,20,20
7,1848,0.09984161744121979,0.07994077668166515,0.23172159196556777,0.5884960139115462,25,20,20
7,1849,0.0998416174411778,0.07994077668166842,0.2363738597266509,0.5838437461505017,25,20,20
7,1850,0.0998416174412205,0.07994077668145652,0.23171708664021357,0.5885005192371083,25,20,20
7,1851,0.10658524844517567,0.07994077246671644,0.2249734602156828,0.5885005188724242,25,20,20
7,1852,0.10658575046496735,0.0799384654443787,0.22497526521824796,0.5885005188724058,25,20,20
7,1853,0.10658575046487632,0.0799384654443787,0.2249638947703838,0.588511889320361,25,20,20
7,1854,0.12274281582773662,0.07993846524548881,0.20880688593068053,0.5885118329960938,25,20,20
7,1855,0.12274281582769107,0.07993846524548451,0.20880451966467337,0.5885141992621508,25,20,20
7,1856,0.12274250686216197,0.0799384647345953,0.20880482670424536,0.5885142016989968,25,20,20
7,1857,0.12274250686216542,0.07955613824521038,0.2091871535100572,0.5885142013825666,25,20,20
7,1858,0.1180105600794384,0.07955614437866826,0.2138877909999715,0.5885455045419217,25,20,20
7,1859,0.11801056007943832,0.07955614437866826,0.21388324194839192,0.5885500535935014,25,20,20
7,1860,0.11801055167514972,0.07955614358633373,0.2137475436374607,0.5886857611010555,25,20,20
7,1861,0.11441858792467928,0.07955614359472415,0.2173396337934257,0.5886856346871707,25,20,20
7,1862,0.11440583159650228,0.07955487024427153,0.217353663503026,0.5886856346561996,25,20,20
7,1863,0.11440583159903607,0.07955487024451455,0.21747560637984878,0.5885636917766002,25,20,20
7,1864,0.11398459882324254,0.07955488050184616,0.21789546923297196,0.5885650514419389,25,20,20
7,1865,0.09771111271200253,0.07955555189404709,0.23416828304993487,0.5885650523440148,25,20,20
7,1866,0.09771111271199916,0.079555551882287,0.22790435157393837,0.5948289838317748,25,20,20
7,1867,0.09771215047699654,0.07955555240025572,0.22789527620043973,0.5948370209223071,25,20,20
7,1868,0.09772820098693293,0.079555581459839,0.22787919420113098,0.5948370233520964,25,20,20
7,1869,0.0977282009868874,0.07955558145983478,0.2278726699357987,0.5948435476174785,25,20,20
7,1870,0.1145753470370801,0.07955491005528642,0.21102619625023875,0.5948435466573941,25,20,20
7,1871,0.1145741034646931,0.07955490953658952,0.2110354750395465,0.5948355119591701,25,20,20
7,1872,0.11313073253311416,0.07955490953679155,0.21247865900092947,0.5948356989291641,25,20,20
7,1873,0.11411072594039848,0.07955490953678485,0.21149866803198353,0.5948356964908315,25,20,20
7,1874,0.11411072594040164,0.07955490952284991,0.21149109510930766,0.594843269427439,25,20,20
7,1875,0.11411072594040164,0.07955490952284991,0.21149112795311226,0.5948432365836344,25,20,20
7,1876,0.1141107259403985,0.07955490952284984,0.21148795085606945,0.5948464136806804,25,20,20
7,1877,0.11411072594044049,0.07955490952284233,0.20683580896785517,0.5994985555688601,25,20,20
7,1878,0.11411072595326971,0.07832720700955431,0.2080635114629258,0.5994985555742486,25,20,20
7,1879,0.11411072595326965,0.07832720700955004,0.20806339530614568,0.5994986717310329,25,20,20
7,1880,0.11411072595327043,0.07832720700955004,0.20806993126601878,0.599492135771159,25,20,20
7,1881,0.1141107259532705,0.0783272070095501,0.20806999425526645,0.5994920727819111,25,20,20
7,1882,0.11411072594090213,0.06081485750448456,0.22558234377803696,0.5994920727765745,25,20,20
7,1883,0.11413992167257626,0.06081485751933997,0.22555314803148613,0.5994920727765966,25,20,20
7,1884,0.07471406247158463,0.06168674217600576,0.26410845978098935,0.5994907355714186,25,20,20
7,1885,0.07566974027187666,0.06168674217569443,0.2631529690091726,0.5994905485432543,25,20,20
7,1886,0.08105136754908886,0.061672804965280645,0.25770159553729216,0.5995742319483366,25,20,20
7,1887,0.11938014831612705,0.061672805228374455,0.21937145495451685,0.5995755915009802,25,20,20
7,1888,0.11938014832810477,0.060837703379085555,0.22020655678654066,0.5995755915062674,25,20,20
7,1889,0.10953066729037328,0.060837703182781436,0.23005739725945776,0.5995742322673858,25,20,20
7,1890,0.10953066728779408,0.06083770318253835,0.22980576968371522,0.5998258598459507,25,20,20
7,1891,0.1095306672877972,0.06083770318254257,0.22980879107251537,0.5998228384571432,25,20,20
7,1892,0.1095306672877972,0.06083770318254264,0.22980874927818656,0.599822880251472,25,20,20
7,1893,0.10953066729039251,0.06083770318255116,0.229809614716506,0.5998220148105489,25,20,20
7,1894,0.10953160039880655,0.060837703191371634,0.22980868155338613,0.5998220148564336,25,20,20
7,1895,0.10953160040918677,0.06083770319161614,0.2298163000384436,0.5998143963607514,25,20,20
7,1896,0.10953160040918677,0.06083770319161614,0.22981630203605483,0.5998143943631402,25,20,20
7,1897,0.11388102556353909,0.06083770758069039,0.22546685193982335,0.5998144149159452,25,20,20
7,1898,0.1408593637532252,0.06083772202672737,0.1984884946679515,0.5998144195520942,25,20,20
7,1899,0.14085936375322833,0.06083772202696698,0.19861687912721565,0.5996860350925872,25,20,20
7,1900,0.14085936375322755,0.060837722026966995,0.19861031035885543,0.5996926038609481,25,20,20
7,1901,0.14085936374284735,0.06083772202672248,0.1986027677762635,0.5997001464541648,25,20,20
7,1902,0.14085936374284735,0.0608377220267267,0.19860288193130352,0.5997000322991205,25,20,20
7,1903,0.14085936374284416,0.060837722026482875,0.19847300900699413,0.599829905223677,25,20,20
7,1904,0.15383713502345928,0.06083770755044565,0.18549525683932888,0.5998299005867642,25,20,20
7,1905,0.15383713502345928,0.06083770755044136,0.18548865235561224,0.5998365050704852,25,20,20
7,1906,0.15388849752328101,0.06083767898194274,0.18543731847088835,0.5998365050238861,25,20,20
7,1907,0.15388849752328107,0.06083767898194282,0.18544392184252437,0.59982990165225,25,20,20
7,1908,0.15388849752328113,0.06083767898194274,0.18518778978479566,0.6000860337099787,25,20,20
7,1909,0.13658733465403147,0.060837690465561305,0.2024858213295099,0.6000891535508956,25,20,20
7,1910,0.13658733465403147,0.06083769046556132,0.20248581993804618,0.6000891549423595,25,20,20
7,1911,0.12970647630513427,0.0608376988193899,0.20936663010513779,0.6000891947703366,25,20,20
7,1912,0.12970647630513507,0.060837698819385756,0.20936658884245532,0.6000892360330224,25,20,20
7,1913,0.12970647630770382,0.06083769883318554,0.2097790579655625,0.5996767668935467,25,20,20
7,1914,0.1694580840163778,0.06083769882408408,0.17002745270404787,0.5996767644554885,25,20,20
7,1915,0.1694580840046065,0.06083770916208329,0.17002744238310935,0.5996767644501991,25,20,20
7,1916,0.1694580840046065,0.06083770916208329,0.17002095286392255,0.5996832539693859,25,20,20
7,1917,0.16945808415201885,0.06083770916233131,0.17017733874714366,0.5995268679385045,25,20,20
7,1918,0.16945808415201952,0.06083770916233561,0.1701718856060743,0.5995323210795691,25,20,20
7,1919,0.16945808414945154,0.0608377091485359,0.16975945505559223,0.5999447516464188,25,20,20
7,1920,0.16945808414945154,0.060837709148535986,0.16976605723668212,0.5999381494653286,25,20,20
7,1921,0.16945808414945154,0.060837709148535986,0.16976605720140714,0.5999381495006035,25,20,20
7,1922,0.16945808414945474,0.060837709148540205,0.16976613860878748,0.5999380680932158,25,20,20
7,1923,0.16945808414945396,0.06083770914854005,0.1697660650942512,0.599938141607753,25,20,20
7,1924,0.16945808414945396,0.06083770914854005,0.16976610049081148,0.5999381062111929,25,20,20
7,1925,0.16945808414945396,0.06083770914854005,0.16976605906843706,0.5999381476335673,25,20,20
7,1926,0.16945808414945637,0.06083770914854427,0.1697661013098617,0.5999381053921361,25,20,20
7,1927,0.16945808414924732,0.03334870064180317,0.19725510981690572,0.5999381053920421,25,20,20
7,1928,0.16945808414930819,0.03333943878511825,0.19726437167350286,0.599938105392069,25,20,20
7,1929,0.1640765007731761,0.03333943599868269,0.20272970188079525,0.5998543613473444,25,20,20
7,1930,0.1640765007733582,0.03333943599868269,0.20272976232046902,0.5998543009074886,25,20,20
7,1931,0.16407650077335742,0.033339435998678474,0.2027316191317454,0.5998524440962172,25,20,20
7,1932,0.17019089344586727,0.03333943154422214,0.19661725178026665,0.5998524232296425,25,20,20
7,1933,0.14972488538257395,0.03336362859051439,0.21708834110270275,0.5998231449242086,25,20,20
7,1934,0.14972484149245624,0.03336362860121174,0.18333992559534124,0.6335716043109904,25,20,20
7,1935,0.14972484149245308,0.033363628601451284,0.18346925204996262,0.6334422778561326,25,20,20
7,1936,0.14972484149245305,0.0333636286014512,0.1834626472461537,0.6334488826599416,25,20,20
7,1937,0.14972484149263512,0.03336362860169577,0.18346669365421153,0.6334448362514572,25,20,20
7,1938,0.14972484149263512,0.03336362860169577,0.18346676707933787,0.633444762826331,25,20,20
7,1939,0.1497248415030141,0.03336362861563514,0.18347900757777263,0.6334325223035778,25,20,20
7,1940,0.13730078335164753,0.03333942567916155,0.1959292325599058,0.6334305584092845,25,20,20
7,1941,0.13730078334127171,0.03333942566522218,0.1959170748047946,0.6334427161887108,25,20,20
7,1942,0.13730078334126852,0.03333942566522225,0.19591702684814882,0.6334427641453597,25,20,20
7,1943,0.13730078333028028,0.03333942565325103,0.18966670756292348,0.6396930834535448,25,20,20
7,1944,0.15510366033122883,0.03333941416951825,0.17186696188712894,0.6396899636121234,25,20,20
7,1945,0.1551036603312257,0.033339414169513956,0.17186607714861135,0.6396908483506483,25,20,20
7,1946,0.13679603105379315,0.03333942539924182,0.19017358994950329,0.6396909535974608,25,20,20
7,1947,0.14368243945508463,0.0333394170454131,0.18328722973040898,0.6396909137690926,25,20,20
7,1948,0.14368243945508544,0.03333941704541317,0.18329372230329055,0.6396844211962103,25,20,20
7,1949,0.14151374873172878,0.03333941680281011,0.18546247503834756,0.639684359427113,25,20,20
7,1950,0.1415137487317288,0.03333941680281003,0.18546247564807622,0.6396843588173844,25,20,20
7,1951,0.14146209298804535,0.033339416320471466,0.18551399822884967,0.6396844924626336,25,20,20
7,1952,0.14146209298786638,0.033339416320471466,0.18551396626976607,0.639684524421896,25,20,20
7,1953,0.14146209298740534,0.05210132096313863,0.16675206162751402,0.6396845244219418,25,20,20
7,1954,0.1414620929874053,0.05210132096313863,0.16675194515560515,0.6396846408938505,25,20,20
7,1955,0.14146209298740212,0.05210132096313863,0.16675653546306915,0.6396800505863897,25,20,20
7,1956,0.1597649298125582,0.05210130973341269,0.1484538151154988,0.6396799453385296,25,20,20
7,1957,0.15976492981255813,0.052101309733412704,0.148451615482726,0.6396821449713025,25,20,20
7,1958,0.15976546051710278,0.05210130973819527,0.14845108390740727,0.639682145837294,25,20,20
7,1959,0.15976916321230797,0.05210130973344069,0.14844738164997895,0.6396821454042717,25,20,20
7,1960,0.15976916321230797,0.052101309733440695,0.1484474627253276,0.639682064328923,25,20,20
7,1961,0.19918348802235353,0.05210131484358246,0.10903313241630115,0.6396820647177627,25,20,20
7,1962,0.199183488022126,0.05210131484333782,0.10902397282145211,0.6396912243130839,25,20,20
7,1963,0.199183488022126,0.052101314843342114,0.10903046488004542,0.6396847322544863,25,20,20
7,1964,0.199183488022126,0.052101314843342114,0.10903042484913483,0.6396847722853969,25,20,20
7,1965,0.199297403480885,0.052101314846464505,0.10891650895568313,0.6396847727169671,25,20,20
7,1966,0.199297403480885,0.052101314846464505,0.10891662280487459,0.6396846588677756,25,20,20
7,1967,0.199297403480885,0.05210131484646459,0.10891666481428758,0.6396846168583626,25,20,20
7,1968,0.1992974034808858,0.052101314846225044,0.10878951361402764,0.6398117680588613,25,20,20
7,1969,0.19942256155192845,0.052101314847801505,0.10866435553258212,0.6398117680676877,25,20,20
7,1970,0.19942256155197693,0.052101314861682256,0.10884456393542566,0.6396315596509149,25,20,20
7,1971,0.19939974057022095,0.05122960366245514,0.10973911857641579,0.6396315371909077,25,20,20
7,1972,0.199399740570159,0.07996755846770696,0.08100116377115571,0.6396315371909779,25,20,20
7,1973,0.19939974057015827,0.07996755846770276,0.08100349310925142,0.6396292078528871,25,20,20
7,1974,0.19964977471951928,0.07996755353270908,0.08075346388501375,0.6396292078627573,25,20,20
7,1975,0.19964977471951928,0.07996755353271329,0.08075354527935763,0.6396291264684093,25,20,20
7,1976,0.19964977471692397,0.0799675535327048,0.08101738949691054,0.6393652822534602,25,20,20
7,1977,0.19964977471692483,0.07996755353270901,0.08101287063542266,0.6393698011149431,25,20,20
7,1978,0.19964977472730563,0.0799675535329579,0.08101612025452523,0.6393665514852108,25,20,20
7,1979,0.19885983164028567,0.07996755389096023,0.08180596821714102,0.6393666462516125,25,20,20
7,1980,0.1988598316299048,0.07996755389071135,0.08180126092391213,0.6393713535554713,25,20,20
7,1981,0.1988598316299048,0.07996755389088833,0.09285258083800266,0.6283200336412036,25,20,20
7,1982,0.198859831629908,0.07996755389113293,0.09285733524008062,0.6283152792388776,25,20,20
7,1983,0.19885983148507477,0.0799675539047406,0.09295324200481421,0.6282193726053699,25,20,20
7,1984,0.19885983148507524,0.07953187582882497,0.09338892008082525,0.6282193726052739,25,20,20
7,1985,0.19885983148507205,0.07953187582858037,0.09338412513164031,0.6282241675547067,25,20,20
7,1986,0.19885983148507205,0.07953187582840332,0.0823262815040997,0.6392820111824244,25,20,20
7,1987,0.19885983148511743,0.07953187582840761,0.08245620708659462,0.6391520855998798,25,20,20
7,1988,0.19885983148511752,0.07953187582840761,0.08245615448556315,0.6391521382009112,25,20,20
7,1989,0.1996486129540141,0.07953187546568449,0.08166746855643899,0.639152043023862,25,20,20
7,1990,0.19964861295396868,0.07953187546568449,0.08154403503185766,0.6392754765484887,25,20,20
7,1991,0.16160307425991216,0.07953189004448442,0.10715738166097699,0.6517076540346258,25,20,20
7,1992,0.16163042351853296,0.07953235074686311,0.10712957075420686,0.6517076549803966,25,20,20
7,1993,0.16163042351853296,0.07953235074686311,0.10712961125781219,0.6517076144767913,25,20,20
7,1994,0.161630423518533,0.07953235074686311,0.10712537157921513,0.6517118541553883,25,20,20
7,1995,0.16163042351853382,0.07953235076071342,0.1073927051613493,0.651444520559403,25,20,20
7,1996,0.16163042351853288,0.0795323507607135,0.10739912744773196,0.6514380982730212,25,20,20
7,1997,0.16163042351853218,0.07953235076095577,0.10776564287265439,0.6510715828478574,25,20,20
7,1998,0.1616304235185322,0.0795323507609557,0.10776094350301578,0.651076282217496,25,20,20
7,1999,0.16163042351853218,0.07953235076095141,0.10775433809434784,0.6510828876261685,25,20,20
7,2000,0.16163042351853535,0.07953235076095148,0.10775593320638795,0.6510812925141252,25,20,20
7,2001,0.15575594976263693,0.07953235076207851,0.11363040694822699,0.6510812925270575,25,20,20
7,2002,0.13245153762625786,0.0795323507620743,0.13693481910181393,0.6510812925098538,25,20,20
7,2003,0.13650212851346877,0.07953349145898231,0.13287778506648254,0.6510865949610674,25,20,20
7,2004,0.1421568210584364,0.07953284777766471,0.12722373370099335,0.6510865974629064,25,20,20
7,2005,0.14218115715139104,0.0795328476018431,0.12719937367762923,0.6510866215691375,25,20,20
7,2006,0.14218115715140572,0.07995821454183437,0.12677400673762326,0.6510866215691375,25,20,20
7,2007,0.14218115715140253,0.0799582145418343,0.12677238517313197,0.651088243133632,25,20,20
7,2008,0.14218115715140248,0.07995821454183438,0.12677226135936834,0.6510883669473955,25,20,20
7,2009,0.1366197301417056,0.07995821380627706,0.1323336925498698,0.6510883635021483,25,20,20
7,2010,0.13661973014170556,0.0799582138060348,0.13196717633926125,0.6514548797129991,25,20,20
7,2011,0.13661973014170634,0.07995821380603908,0.1319737838560027,0.6514482721962526,25,20,20
7,2012,0.1366197301391272,0.0799582137921834,0.1317215673461716,0.6517004887225184,25,20,20
7,2013,0.13661973013912718,0.07995821379218349,0.13172136580808205,0.6517006902606078,25,20,20
7,2014,0.1366197301391264,0.0799582137921792,0.13172136306482662,0.6517006930038685,25,20,20
7,2015,0.13661973013912632,0.07998947815526834,0.1316900987018351,0.6517006930037711,25,20,20
7,2016,0.10318937753747505,0.07998948261880179,0.16505245784598938,0.6517686819977339,25,20,20
7,2017,0.10318937753747578,0.07998948261879758,0.16505017479739503,0.6517709650463317,25,20,20
7,2018,0.1031893775374758,0.07998948261879758,0.1650548374307004,0.6517663024130264,25,20,20
7,2019,0.10318937753747592,0.07998948261879765,0.1651405276944171,0.6516806121493094,25,20,20
7,2020,0.1031893775374274,0.0799894826049169,0.164964938079628,0.6518562017780279,25,20,20
7,2021,0.10318937753742735,0.07998948260491683,0.16469860489839566,0.6521225349592605,25,20,20
7,2022,0.10318937753742735,0.07998948260491684,0.1647033056352151,0.6521178342224409,25,20,20
7,2023,0.10318937753742735,0.07998948260491677,0.16469832381689198,0.6521228160407639,25,20,20
7,2024,0.10318937753747301,0.07998948260492106,0.16470152953128595,0.6521196103263202,25,20,20
7,2025,0.09919054414656558,0.07998834189923311,0.1686991870383092,0.6521219269158922,25,20,20
7,2026,0.09919054414652,0.07998834189923311,0.16870258581977207,0.6521185281344749,25,20,20
7,2027,0.09919054414652077,0.07998834189923731,0.16869828637571224,0.6521228275785298,25,20,20
7,2028,0.09919054414652317,0.07998834189924155,0.16869839987969615,0.6521227140745393,25,20,20
7,2029,0.12200486838557492,0.07998834225213544,0.14588407361895883,0.6521227157433315,25,20,20
7,2030,0.10137381367372948,0.07998834207077693,0.16651512936196258,0.6521227148935312,25,20,20
7,2031,0.094479390012088,0.08000196802082843,0.17339588673238723,0.6521227552346965,25,20,20
7,2032,0.10096047078916608,0.07998834728184784,0.1669284665993247,0.6521227153296617,25,20,20
7,2033,0.10544274549219072,0.07998834753480168,0.16244613480374448,0.6521227721692635,25,20,20
7,2034,0.10544274549969378,0.079988380275474,0.1735354624701231,0.6410334117547094,25,20,20
7,2035,0.10568743531234938,0.0799883802754992,0.17329079720115892,0.6410333872109929,25,20,20
7,2036,0.10568743531234932,0.0799883802754992,0.17329079334155614,0.6410333910705956,25,20,20
7,2037,0.10568743531234932,0.0799883802754992,0.17328609210561993,0.641038092306532,25,20,20
7,2038,0.10568743531234613,0.07998838027549492,0.17328589611267164,0.6410382882994875,25,20,20
7,2039,0.10563719700210758,0.07998840982558096,0.17334385989956722,0.6410305332727444,25,20,20
7,2040,0.10563719700470278,0.07998840982582978,0.17334399514259477,0.6410303980268729,25,20,20
7,2041,0.10563719700470278,0.0799884098258297,0.173339295317176,0.6410350978522916,25,20,20
7,2042,0.12224944472554869,0.07998840941430518,0.15672710561732817,0.6410350402428187,25,20,20
7,2043,0.12224944472554869,0.07998840941430518,0.15672721950120652,0.6410349263589404,25,20,20
7,2044,0.12224944471804802,0.07998837667362857,0.1456403833067753,0.6521217953015487,25,20,20
7,2045,0.12224944471804484,0.07998837667362857,0.1456355890279915,0.6521265895803358,25,20,20
7,2046,0.12224944471804562,0.07998837667362857,0.1456355056054823,0.6521266730028441,25,20,20
7,2047,0.12224944471804554,0.07998837667363279,0.14554340781292094,0.6522187707954014,25,20,20
7,2048,0.12224944471823808,0.07828072807523222,0.14725105610779707,0.6522187710987335,25,20,20
7,2049,0.12224944471823808,0.07828072807523222,0.14725113317728206,0.6522186940292485,25,20,20
7,2050,0.12224944471929317,0.0771599835835208,0.14837187735986812,0.6522186943373188,25,20,20
7,2051,0.1222494447190892,0.07883968622482498,0.14669217470545817,0.6522186943506285,25,20,20
7,2052,0.09918958253254044,0.0788401522735609,0.16975153249477162,0.6522187326991273,25,20,20
7,2053,0.0991895825325404,0.07884015227355669,0.16974504189878392,0.6522252232951193,25,20,20
7,2054,0.059255545561441005,0.07884020284089947,0.2096790282209007,0.6522252233767577,25,20,20
7,2055,0.059255545561440276,0.07884020284089954,0.20967911831742153,0.6522251332802377,25,20,20
7,2056,0.059255545561440276,0.07884020284089963,0.20968572180533035,0.6522185297923287,25,20,20
7,2057,0.05925554556144026,0.07884020284089534,0.20968560558977878,0.6522186460078846,25,20,20
7,2058,0.0592555455614403,0.07884020284089534,0.20969019318892648,0.652214058408737,25,20,20
7,2059,0.0951630957124265,0.07884020284213193,0.1737826430060585,0.6522140584393827,25,20,20
7,2060,0.09516309571242644,0.07884020284213202,0.1737845442829839,0.6522121571624574,25,20,20
7,2061,0.0951630957124265,0.07884020284213202,0.1737892475078958,0.6522074539375454,25,20,20
7,2062,0.0951630957124265,0.07884020284213626,0.17416227032313158,0.6518344311223053,25,20,20
7,2063,0.09515746303300868,0.07884015365701226,0.17416776272465925,0.6518346205853193,25,20,20
7,2064,0.09515746303300864,0.07884015365701226,0.1741742463851101,0.6518281369248686,25,20,20
7,2065,0.09515746303195381,0.07993887764880121,0.17307552270244628,0.6518281366167982,25,20,20
7,2066,0.0951574630319538,0.07993887764880137,0.17308010810418534,0.651823551215059,25,20,20
7,2067,0.06086804508087663,0.07993887766215944,0.20736952245863255,0.6518235547983303,25,20,20
7,2068,0.09867226869079065,0.079938863083332,0.181997491346781,0.6393913768790955,25,20,20
7,2069,0.10263801403058814,0.07993886308182327,0.17803174604165625,0.6393913768459316,25,20,20
7,2070,0.10263801403145158,0.07992415582845513,0.17804645361070703,0.6393913765293855,25,20,20
7,2071,0.10251206095212188,0.07992415591747,0.17817238241737776,0.6393914007130296,25,20,20
7,2072,0.10251206095212113,0.07992415590386263,0.17817128547987476,0.6393924976641407,25,20,20
7,2073,0.10251206095216667,0.07992415590386699,0.17817152091544916,0.6393922622285164,25,20,20
7,2074,0.10251206095216672,0.07992415590386708,0.1781715557515776,0.6393922273923878,25,20,20
7,2075,0.10251206095216672,0.07992415590386692,0.1781650654130586,0.639398717730907,25,20,20
7,2076,0.10251206109952454,0.07992415590386702,0.17832406510658327,0.6392397178900245,25,20,20
7,2077,0.09658546067615205,0.07992415589070412,0.18425066877694982,0.6392397146561936,25,20,20
7,2078,0.09577535512106178,0.07992415596273188,0.18506079485106203,0.6392396940651439,25,20,20
7,2079,0.09577535512110731,0.0799241559627361,0.1850630458158447,0.6392374431003115,25,20,20
7,2080,0.0957753551185121,0.0799241559624873,0.18505829041476257,0.6392421985042377,25,20,20
7,2081,0.09577535511851216,0.07992415596249157,0.18506288012563551,0.6392376087933603,25,20,20
7,2082,0.09577535511846655,0.0799241559624873,0.18506051466119303,0.6392399742578527,25,20,20
7,2083,0.09577535511846338,0.07992415596248308,0.18506035786220512,0.6392401310568478,25,20,20
7,2084,0.0957753551175962,0.0799769615210315,0.18500755230461954,0.6392401310567523,25,20,20
7,2085,0.11873501526785732,0.07997649028018985,0.16204840209042437,0.639240092361528,25,20,20
7,2086,0.11874263097487718,0.07997649062008629,0.16204078607393235,0.6392400923311038,25,20,20
7,2087,0.11874263097487725,0.07997649062008635,0.1620407741312261,0.6392401042738098,25,20,20
7,2088,0.11874263097487725,0.07997649062008215,0.16204069278406233,0.639240185620978,25,20,20
7,2089,0.10711912115850433,0.07997649027898458,0.1736641341841702,0.6392402543783404,25,20,20
7,2090,0.10711912116079653,0.07997649029151459,0.1783322494327814,0.634572139114907,25,20,20
7,2091,0.10711912116097859,0.07997649029175918,0.1783322914027588,0.6345720971445029,25,20,20
7,2092,0.1071191211611607,0.07997649029175925,0.17833862930582195,0.6345657592412575,25,20,20
7,2093,0.10711912116097859,0.07997649029151466,0.17833388607385692,0.6345705024736492,25,20,20
7,2094,0.10711912116098178,0.07997649030545396,0.17834620760238387,0.63455818093118,25,20,20
7,2095,0.10724113172343942,0.07997649030553566,0.17822419661522454,0.6345581813558,25,20,20
7,2096,0.10724113157608162,0.07997649030553551,0.17806528435995134,0.634717093758431,25,20,20
7,2097,0.10724113157626337,0.07997649030553544,0.17815958422198747,0.6346227938962132,25,20,20
7,2098,0.10724113157644366,0.07997649109376179,0.17848922168996684,0.6342931556398272,25,20,20
7,2099,0.10724113868825967,0.07997649109158181,0.18474330111931495,0.6280390691008431,25,20,20
7,2100,0.1072411386882596,0.07997649109158181,0.18474334696533767,0.6280390232548203,25,20,20
7,2101,0.1072411386884578,0.0765004731327959,0.18821936492392552,0.6280390232548202,25,20,20
7,2102,0.10724113868827687,0.07650047313279598,0.18812958917367248,0.6281287990052542,25,20,20
7,2103,0.07757452909338156,0.07656489691614489,0.21772638665333147,0.6281341873371417,25,20,20
7,2104,0.07757452909338154,0.0765648969161449,0.21773097258892604,0.6281296014015472,25,20,20
7,2105,0.07757452909597644,0.07656489691614654,0.21747352572256026,0.6283870482653164,25,20,20
7,2106,0.05094216278128625,0.07656496896877399,0.21257487201765643,0.6599179962322828,25,20,20
7,2107,0.050942162781285986,0.07656497559548169,0.21257486539094728,0.6599179962322844,25,20,20
7,2108,0.0509421627813315,0.0765649755954859,0.2125814280735488,0.6599114335496334,25,20,20
7,2109,0.05094216278149243,0.07656497559548962,0.21723395690049457,0.655258904722523,25,20,20
7,2110,0.05094216278149243,0.07656497559548962,0.21723395740974014,0.6552589042132773,25,20,20
7,2111,0.0509421627812944,0.08001967744446724,0.2137792555609621,0.6552589042132757,25,20,20
7,2112,0.07888715005844342,0.08001967629915745,0.18583445903557613,0.6552587146068227,25,20,20
7,2113,0.07888714294680632,0.0800196762874024,0.17957276389745216,0.6615204168683388,25,20,20
7,2114,0.0788871429466242,0.08001967628757939,0.19062434928546107,0.650468831480335,25,20,20
7,2115,0.09471025906998384,0.08001964881498923,0.17480125110733463,0.6504688410076921,25,20,20
7,2116,0.06885710554729728,0.08002104359569563,0.200649626477913,0.6504722243790936,25,20,20
7,2117,0.05301519368840255,0.08002129848383445,0.2164912930547656,0.650472214772997,25,20,20
7,2118,0.05301522731973961,0.0800212984975596,0.20555234050194113,0.6614111336807593,25,20,20
7,2119,0.05301522731973966,0.07832524537128614,0.2072483936282145,0.6614111336807593,25,20,20
7,2120,0.0530152273197402,0.07832524537128614,0.21350993915219685,0.6551495881567765,25,20,20
7,2121,0.053015227319740996,0.07832524537153071,0.21351652772302698,0.6551429995857008,25,20,20
7,2122,0.053015227319957725,0.07998979963726446,0.2118519734569807,0.6551429995857966,25,20,20
7,2123,0.05301522731974119,0.08004264054114403,0.2117991325533176,0.6551429995857967,25,20,20
7,2124,0.05301522731958183,0.08004264054114023,0.20756417832237603,0.6593779538169016,25,20,20
7,2125,0.05239697459951497,0.08005902972689671,0.2082340068141186,0.6593099888594689,25,20,20
7,2126,0.04373889540547895,0.08005902979776293,0.21689208634422136,0.659309988452536,25,20,20
7,2127,0.043738895415794905,0.08005902979777145,0.2167199706630035,0.6594821041234293,25,20,20
7,2128,0.04533221827010545,0.08005904227016764,0.21512657589880152,0.6594821635609246,25,20,20
7,2129,0.039625222253238654,0.0800590422718862,0.2208335713838101,0.6594821640910636,25,20,20
7,2130,0.03962522225324184,0.08005904227189037,0.22083361753181843,0.6594821179430482,25,20,20
7,2131,0.03962522225324264,0.05130004007553039,0.2495926197267126,0.6594821179445131,25,20,20
7,2132,0.07353443702484547,0.0513000402157472,0.21568340819420084,0.6594821145652054,25,20,20
7,2133,0.07353443701452793,0.051300040215738675,0.21543145965086988,0.6597340631188624,25,20,20
7,2134,0.07353443701448245,0.051300040215734456,0.2154295163853946,0.6597360063843876,25,20,20
7,2135,0.07353443716241928,0.05130004021574296,0.2154273046959093,0.6597382179259277,25,20,20
7,2136,0.07353443716460847,0.05130004022726334,0.2216704779116293,0.653495044696498,25,20,20
7,2137,0.0735344035332746,0.05130004021336115,0.22164380846711546,0.653521747786248,25,20,20
7,2138,0.0735344035332746,0.0513000402133569,0.2212707065496433,0.6538948497037242,25,20,20
7,2139,0.07935197084914795,0.05130004511866579,0.2154531101332148,0.6538948738989704,25,20,20
7,2140,0.07935197099690265,0.051300045118670076,0.21545089444694682,0.6538970894374795,25,20,20
7,2141,0.07935197099667766,0.05130004433043936,0.21512117408925152,0.6542268105836309,25,20,20
7,2142,0.07935197099667711,0.05130004433043937,0.2088552077768683,0.6604927768960144,25,20,20
7,2143,0.07935197937328552,0.051300044330925276,0.20911761701888412,0.6602303592769043,25,20,20
7,2144,0.07935197938696707,0.052092022181780856,0.20832563880302968,0.6602303596282213,25,20,20
7,2145,0.07935197938696387,0.05209202218177656,0.20832097183246456,0.6602350265987941,25,20,20
7,2146,0.07935197923902707,0.05209202218176798,0.20831848168887784,0.6602375168903262,25,20,20
7,2147,0.07935197924977926,0.05131257303910312,0.20909793084944905,0.6602375168616679,25,20,20
7,2148,0.07935197924977926,0.05131257303910312,0.20909793034020357,0.6602375173709134,25,20,20
7,2149,0.07935197924995943,0.051312573039346034,0.2093649885028726,0.6599704592078214,25,20,20
7,2150,0.0793519791021836,0.05131257303934131,0.2140215212159973,0.6553139266424775,25,20,20
7,2151,0.0793519791021836,0.05131257303934131,0.2140214401751587,0.6553140076833159,25,20,20
7,2152,0.0793519791021836,0.0513125730779229,0.21402144013813915,0.6553140076817541,25,20,20
7,2153,0.07595652546546047,0.05124814914669233,0.217486706396723,0.6553086189911241,25,20,20
7,2154,0.07595652546546049,0.05124814914669241,0.21757900080463302,0.6552163245832139,25,20,20
7,2155,0.07385671865811078,0.0512467541241013,0.21967653918229274,0.6552199880354945,25,20,20
7,2156,0.07385671865581861,0.05124675411157123,0.2150019829130825,0.6598945443195271,25,20,20
7,2157,0.07385671863270664,0.05123396844310284,0.17514677450291521,0.6997625384212754,25,20,20
7,2158,0.07385671863011647,0.051233968428961434,0.175139992629274,0.6997693203116482,25,20,20
7,2159,0.07385671863011546,0.07996255888737272,0.14641140217086476,0.6997693203116477,25,20,20
7,2160,0.07385671863033212,0.07995256566441729,0.14642139539350613,0.6997693203117453,25,20,20
7,2161,0.07385671025372365,0.07995256566393132,0.14615428537425243,0.7000364387080934,25,20,20
7,2162,0.07385671025372363,0.07995256566393125,0.14606199154193064,0.7001287325404154,25,20,20
7,2163,0.07385671025372363,0.07995256566393125,0.14606207204169094,0.7001286520406551,25,20,20
7,2164,0.07385671025372284,0.07995256566392697,0.14593701365529152,0.7002537104270595,25,20,20
7,2165,0.07385671025157838,0.07995256565216216,0.13968730765725396,0.7065034164390065,25,20,20
7,2166,0.0740988400383684,0.07995296489967896,0.13326919835908152,0.7126789967028716,25,20,20
7,2167,0.07409884003836838,0.07995296489967474,0.1332676579565059,0.7126805371054513,25,20,20
7,2168,0.07409884003836838,0.07995296489967474,0.13326769075249567,0.7126805043094615,25,20,20
7,2169,0.08128576403909998,0.07995295235633261,0.12608083874989534,0.7126804448546722,25,20,20
7,2170,0.08088020695649804,0.07995295253471207,0.12648639481143248,0.7126804456973574,25,20,20
7,2171,0.08088020696687978,0.07995295253471645,0.1264881727083739,0.71267866779003,25,20,20
7,2172,0.08088020696666286,0.07998496351331107,0.126456161730092,0.7126786677899343,25,20,20
7,2173,0.08088020696670473,0.07998496351331107,0.12678803840956668,0.7123467911104175,25,20,20
7,2174,0.08088020696670553,0.07998496351331115,0.1267946429148101,0.7123401866051734,25,20,20
7,2175,0.08088020696772785,0.07998496797417003,0.16285576450135872,0.6762790605567436,25,20,20
7,2176,0.08088020696772708,0.07998496797416996,0.16284924137812498,0.6762855836799783,25,20,20
7,2177,0.0796476006159223,0.07998489590378072,0.15561954458659652,0.684747958893701,25,20,20
7,2178,0.07965514844470621,0.08000933803630303,0.15539288506049387,0.6849426284584978,25,20,20
7,2179,0.07965514844470621,0.08000933803630732,0.15539940908647248,0.684936104432515,25,20,20
7,2180,0.07965514844470702,0.0800093380363074,0.1554058994313933,0.6849296140875932,25,20,20
7,2181,0.07958717569736645,0.08000933803646214,0.15547386978232908,0.6849296164838427,25,20,20
7,2182,0.07958717569737052,0.07997786980011772,0.15550533801311509,0.6849296164893971,25,20,20
7,2183,0.07958717569737052,0.07997786980011772,0.1555054505095671,0.684929503992945,25,20,20
7,2184,0.07958717569737046,0.07997786980011343,0.15550082741475355,0.6849341270877629,25,20,20
7,2185,0.07958717569737046,0.07997786980011773,0.15549441988180096,0.684940534620711,25,20,20
7,2186,0.07958717569737088,0.07997786979987323,0.1554879169051021,0.6849470375976542,25,20,20
7,2187,0.07958717568698917,0.07997786979987324,0.1554862607163138,0.684948693796824,25,20,20
7,2188,0.07958717568698916,0.07997786979986894,0.15548625899632912,0.684948695516813,25,20,20
7,2189,0.0802776266530963,0.07997786988776909,0.1547958099190338,0.6849486935401009,25,20,20
7,2190,0.08027762665568344,0.0799778699016675,0.1549253261166722,0.6848191773259771,25,20,20
7,2191,0.08027762665568344,0.0799778699016632,0.15491872070871504,0.6848257827339386,25,20,20
7,2192,0.0802776266556384,0.0799778699016632,0.15449454193378714,0.6852499615089113,25,20,20
7,2193,0.10877348663567506,0.07997767924208382,0.13218149969513054,0.6790673344271105,25,20,20
7,2194,0.10877348663551487,0.07997767924208427,0.12752911629273217,0.6837197178296686,25,20,20
7,2195,0.10877348663551407,0.0799776792420799,0.1275289183447645,0.6837199157776414,25,20,20
7,2196,0.10877348663551487,0.07997767924208418,0.12753128978387557,0.6837175443385252,25,20,20
7,2197,0.10877348663551895,0.07997687807003696,0.12753209095581952,0.6837175443386243,25,20,20
7,2198,0.10877348663292358,0.07997687807003681,0.12752969229806693,0.6837199429989725,25,20,20
7,2199,0.10877348663292356,0.07997687807003259,0.12753392681656786,0.6837157084804758,25,20,20
7,2200,0.10877348663292356,0.07997687807002823,0.12753380510841478,0.6837158301886334,25,20,20
7,2201,0.10808184605279107,0.07997687800368239,0.09709183969797774,0.7148494362455489,25,20,20
7,2202,0.10808184605274555,0.0799768780036823,0.09709827224151896,0.7148430037020532,25,20,20
7,2203,0.10808184605274555,0.07997687800368661,0.09709329077275758,0.7148479851708103,25,20,20
7,2204,0.108081846052926,0.0799768780175002,0.09746635973445575,0.7144749161951179,25,20,20
7,2205,0.1080818460529222,0.07998595077154055,0.09745728698597532,0.7144749161895619,25,20,20
7,2206,0.10808184970706355,0.07998595130578046,0.10139599103843379,0.7105362079487224,25,20,20
7,2207,0.06855802280018755,0.07998595162844777,0.1409198183818817,0.7105362071894835,25,20,20
7,2208,0.0685579965452774,0.0799859516067387,0.13205356778047098,0.7194024840675138,25,20,20
7,2209,0.06855799654528058,0.07998595160673877,0.1320551913424165,0.7194008605055648,25,20,20
7,2210,0.06855799654528065,0.0799859516067387,0.13205987468221791,0.7193961771657635,25,20,20
7,2211,0.06855799654528065,0.0799859516067387,0.1320597119841692,0.7193963398638121,25,20,20
7,2212,0.06857209729775345,0.07998594654763906,0.13204564121272758,0.7193963149418805,25,20,20
7,2213,0.06857301551104729,0.08005651319984533,0.1319682538538936,0.7194022174352142,25,20,20
7,2214,0.06857301550846016,0.08005651318594685,0.1318386223799148,0.7195318489256786,25,20,20
7,2215,0.06857301550845936,0.08005651318594255,0.13183209937231982,0.7195383719332785,25,20,20
7,2216,0.06857301550827845,0.08005651318569956,0.13156969569960933,0.7198007756064129,25,20,20
7,2217,0.09023013289262273,0.0802406185907112,0.10973400152856938,0.7197952469880966,25,20,20
7,2218,0.09023013289262594,0.08024061859071548,0.10973419771338136,0.7197950508032771,25,20,20
7,2219,0.09023013289262594,0.08024061859071548,0.10973408258748037,0.719795165929178,25,20,20
7,2220,0.09023013289262596,0.0802406185907154,0.10972750680889472,0.7198017417077637,25,20,20
7,2221,0.09023013289262596,0.0802406185907154,0.10973209218380438,0.7197971563328539,25,20,20
7,2222,0.05056891109287643,0.08024212095690418,0.1493846509589146,0.7198043169913048,25,20,20
7,2223,0.05056891109305856,0.08024212095714887,0.14938639015605473,0.7198025777937377,25,20,20
7,2224,0.050594639079881036,0.08020128518544409,0.13721819321039397,0.7319858825242812,25,20,20
7,2225,0.050594639090261954,0.0802012851856887,0.1372229668978378,0.7319811088262118,25,20,20
7,2226,0.05059463909025876,0.0802012851856844,0.1372228507036029,0.7319812250204543,25,20,20
7,2227,0.05059463909025876,0.08020128518568448,0.13722285209606488,0.7319812236279921,25,20,20
7,2228,0.05059463909025876,0.0802012851856844,0.13722273881733574,0.7319813369067214,25,20,20
7,2229,0.09039968812242055,0.08020128468468996,0.09741769036987981,0.7319813368230099,25,20,20
7,2230,0.0903663587205145,0.08020128467213455,0.07009537241318582,0.7593369841941647,25,20,20
7,2231,0.12778697870009467,0.08019978231634224,0.03268323347564488,0.7593300055079178,25,20,20
7,2232,0.12778697870009464,0.08019978231634224,0.03268328620605726,0.7593299527775056,25,20,20
7,2233,0.12778697870027858,0.0801997823163424,0.03296920239604713,0.7590440365873315,25,20,20
7,2234,0.12778697870010133,0.08019978230277287,0.03268913676502192,0.7593241022321037,25,20,20
7,2235,0.12778697869991917,0.08019978230252817,0.03268739955523775,0.7593258394423147,25,20,20
7,2236,0.12778697869991837,0.08019978230252381,0.03268805213078416,0.7593251868667733,25,20,20
7,2237,0.12778697871214428,0.07976322378170074,0.03312461063398504,0.7593251868721695,25,20,20
7,2238,0.12949561548224545,0.07950855861755608,0.03167101129909103,0.7593248146011069,25,20,20
7,2239,0.1294956154820645,0.07950855861731315,0.031404741578642634,0.7595910843219791,25,20,20
7,2240,0.12949561548206767,0.07950855861731317,0.031404904811625,0.7595909210889937,25,20,20
7,2241,0.12949561548206776,0.07950855861731317,0.03141142653316044,0.7595843993674581,25,20,20
7,2242,0.12949561547173224,0.07950855861731239,0.03153692623322896,0.7594588996777261,25,20,20
7,2243,0.1294956154717472,0.07950854907911026,0.03153693577131868,0.7594588996778235,25,20,20
7,2244,0.12949561548212876,0.07950854907911463,0.03153460809830941,0.759461227340447,25,20,20
7,2245,0.12949561548212882,0.07950854907911477,0.03154121288291826,0.759454622555838,25,20,20
7,2246,0.12949561548217406,0.07950854907936204,0.03180756514764594,0.7591882702908177,25,20,20
7,2247,0.12949561548217392,0.0795085490795685,0.03805699682666738,0.7529388386115897,25,20,20
7,2248,0.12949561548217386,0.0795085490795685,0.03805231300204052,0.7529435224362168,25,20,20
7,2249,0.12949561548217467,0.07950854907957287,0.038056936129154804,0.7529388993090973,25,20,20
7,2250,0.14611985934877386,0.07950853719140084,0.021432706172493616,0.7529388972873317,25,20,20
7,2251,0.1461198593487742,0.07952266909425779,0.02141857426963629,0.7529388972873318,25,20,20
7,2252,0.146119859348771,0.0795226690942577,0.021416950717789138,0.7529405208391822,25,20,20
7,2253,0.14611985934858698,0.07952266909425756,0.02112635137986203,0.7532311201772934,25,20,20
7,2254,0.14611985933820548,0.07952266909425328,0.02112412022267065,0.7532333513448706,25,20,20
7,2255,0.14611985932599064,0.07993758139573535,0.020709207622372078,0.7532333516559021,25,20,20
7,2256,0.1461198593259751,0.07991478314014241,0.02073200587807641,0.7532333516558062,25,20,20
7,2257,0.10839968926751842,0.07991554742658796,0.05824729020211131,0.7534374731037825,25,20,20
7,2258,0.10839968926751524,0.07991554742658796,0.05824940453297152,0.7534353587729256,25,20,20
7,2259,0.1083996892675153,0.07991554742659225,0.058249601202179396,0.7534351621037132,25,20,20
7,2260,0.10839968926751524,0.07991554742658796,0.058249405930495435,0.7534353573754015,25,20,20
7,2261,0.10839968926751764,0.07991554742658795,0.05833393704373441,0.7533508262621602,25,20,20
7,2262,0.10839968926769973,0.07991554742683253,0.05834251850931725,0.7533422447961508,25,20,20
7,2263,0.1083996892677005,0.07991554742683246,0.05833603069244525,0.753348732613022,25,20,20
7,2264,0.1083996892677037,0.07991554742683675,0.05834065310340932,0.7533441102020504,25,20,20
7,2265,0.10839968926770689,0.07991554742683682,0.058340654735712844,0.7533441085697438,25,20,20
7,2266,0.1083996892677077,0.07991554742684119,0.05834535694065177,0.7533394063647997,25,20,20
7,2267,0.1083996892677053,0.0799155474268369,0.05825623954897882,0.7534285237564792,25,20,20
7,2268,0.1083996892677053,0.07991554742683699,0.05825620746665297,0.7534285558388051,25,20,20
7,2269,0.1083996892675232,0.0799155474265967,0.058247768879052406,0.7534369944268281,25,20,20
7,2270,0.10839968927030041,0.0799155474268455,0.05825371121537476,0.7534310520874797,25,20,20
7,2271,0.10839968927028554,0.07991557532524697,0.05825368363351492,0.7534310517709529,25,20,20
7,2272,0.10839968927030076,0.07992405992507413,0.058245199033576715,0.7534310517710487,25,20,20
7,2273,0.10643164206477858,0.07992430544258064,0.060417080291897865,0.7532269722007431,25,20,20
7,2274,0.10772412031582144,0.07992432552568397,0.05911939711566641,0.7532321570428283,25,20,20
7,2275,0.10772412031582139,0.07992432552568383,0.05911279290664516,0.7532387612518496,25,20,20
7,2276,0.10772412031582063,0.0799243255256839,0.05911275902700086,0.7532387951314948,25,20,20
7,2277,0.10764221691617132,0.07992432561920668,0.0591946140577555,0.7532388434068666,25,20,20
7,2278,0.10733951954508777,0.07992331581540203,0.05949836307160834,0.7532388015679018,25,20,20
7,2279,0.10733951954509027,0.07992331581519566,0.05325348035544364,0.7594836842842705,25,20,20
7,2280,0.1073395195452724,0.07992331581519573,0.053258276683161875,0.75947888795637,25,20,20
7,2281,0.10733951954526999,0.07992331581520001,0.05325616895724598,0.7594809956822839,25,20,20
7,2282,0.10733951954526999,0.07992331581520427,0.05362919177248175,0.7591079728670441,25,20,20
7,2283,0.10733951954522476,0.07992331581495701,0.05336295338137785,0.7593742112584404,25,20,20
7,2284,0.10733951954522476,0.07992331581495701,0.053362838922068064,0.7593743257177502,25,20,20
7,2285,0.10733951954540688,0.07992331582889817,0.053369838946082694,0.7593673256796123,25,20,20
7,2286,0.10733951954540688,0.07995425846408227,0.05333889631080108,0.7593673256797098,25,20,20
7,2287,0.10733951954539171,0.0799548246868988,0.0533383300879998,0.7593673256797098,25,20,20
7,2288,0.10733951954557262,0.07995482470074909,0.05360569648324717,0.7590999592704312,25,20,20
7,2289,0.10733951954557265,0.07995482470074916,0.053605697921415035,0.7590999578322633,25,20,20
7,2290,0.10733951954557583,0.07995482470074916,0.053608157138896564,0.7590974986147786,25,20,20
7,2291,0.10733951954279862,0.07995482470050043,0.05360369605140541,0.7591019597052956,25,20,20
7,2292,0.10733951954262126,0.07995482468687,0.05799511896407447,0.7547105368064344,25,20,20
7,2293,0.10733951954261775,0.07995482468665008,0.053337868060038485,0.7593677877106938,25,20,20
7,2294,0.10733951954257231,0.07995482468640631,0.053207674425059893,0.7594979813459615,25,20,20
7,2295,0.10733951954257231,0.07995482468640631,0.053207673849492244,0.7594979819215293,25,20,20
7,2296,0.10733951954261785,0.07995482468640647,0.053201301105887236,0.7595043546650885,25,20,20
7,2297,0.10733951954261471,0.07995482468616241,0.05310824623611541,0.7595974095351075,25,20,20
7,2298,0.10733951954261153,0.07995482468616234,0.05311014972321287,0.7595955060480132,25,20,20
7,2299,0.11256792516522193,0.07995482534930604,0.05439619698650247,0.7530810524989694,25,20,20
7,2300,0.11428403328488546,0.07995482578976817,0.05248732045522202,0.7532738204701243,25,20,20
7,2301,0.11428403328488546,0.07995482578976393,0.05211421715032371,0.7536469237750267,25,20,20
7,2302,0.11428403328488544,0.07995482578976378,0.0521126746555895,0.7536484662697611,25,20,20
7,2303,0.13138941654017525,0.07995482551725303,0.035200059668606176,0.7534556982739652,25,20,20
7,2304,0.13138941654017208,0.07995482551725303,0.035200024094749496,0.7534557338478249,25,20,20
7,2305,0.1261610109173796,0.07995482484041277,0.03391368184933733,0.7599704823928698,25,20,20
7,2306,0.12616101091737955,0.0799548248404127,0.03391360132942241,0.759970562912785,25,20,20
7,2307,0.12616101091737955,0.0799548248404127,0.03391375329952709,0.7599704109426803,25,20,20
7,2308,0.12616101091742504,0.07995482484017241,0.03391365702911138,0.7599705072132908,25,20,20
7,2309,0.12616101091742496,0.07995482484017241,0.03391370853368017,0.7599704557087221,25,20,20
7,2310,0.1261610109174249,0.0799548248401724,0.033912168116944856,0.7599719961254575,25,20,20
7,2311,0.12474483616129874,0.0799548137474173,0.032217258937371616,0.7630830911539122,25,20,20
7,2312,0.11379494846931104,0.07995479415398117,0.04317246430160392,0.7630777930751032,25,20,20
7,2313,0.11379494846926556,0.07995479415397687,0.043170559014897185,0.7630796983618597,25,20,20
7,2314,0.11379494846922004,0.07995479415397673,0.04317032898247052,0.7630799283943323,25,20,20
7,2315,0.11379494846940139,0.07995479415398095,0.04317350645979997,0.7630767509168171,25,20,20
7,2316,0.1137949484694465,0.0799547941542233,0.0435419274100674,0.7627083299662624,25,20,20
7,2317,0.1137949484694465,0.07995479415422752,0.043539501602118814,0.7627107557742066,25,20,20
7,2318,0.10192106312559496,0.07995481641337329,0.0552959344652246,0.7628281859958065,25,20,20
7,2319,0.1076081266080169,0.07995462325942723,0.05272015880705452,0.7597170913255007,25,20,20
7,2320,0.10760812660801371,0.07995462325942294,0.05271553571580343,0.7597217144167594,25,20,20
7,2321,0.10760812660788031,0.07995462325941881,0.052715510698385835,0.7597217394343145,25,20,20
7,2322,0.10760812660788027,0.07995462325941881,0.05271080863546231,0.759726441497238,25,20,20
7,2323,0.10760812660788424,0.07995462325942734,0.05284061742312021,0.7595966327095677,25,20,20
7,2324,0.1076081266077021,0.07995462325942314,0.052843926810717576,0.7595933233221567,25,20,20
7,2325,0.10760812660770207,0.07995462325966772,0.05284868056120581,0.7595885695714238,25,20,20
7,2326,0.10760812660769814,0.07995462325966642,0.05896837624541125,0.7534688738872236,25,20,20
7,2327,0.08983639336654506,0.07995465256204841,0.05161630537636972,0.7785926486950359,25,20,20
7,2328,0.08983639336649997,0.07995465256180606,0.051243299104704015,0.7789656549669891,25,20,20
7,2329,0.08983639336650397,0.07994520487606022,0.051252746784987285,0.7789656549724477,25,20,20
7,2330,0.08983639336650395,0.07994520487606022,0.05124614174580029,0.7789722600116349,25,20,20
7,2331,0.08983639336650395,0.07994520487581569,0.051241427368956816,0.778976974388723,25,20,20
7,2332,0.08983639336650474,0.0799452048758157,0.051250599784127805,0.7789678019735511,25,20,20
7,2333,0.08983639336650485,0.0799452048758157,0.05125693705670207,0.7789614647009767,25,20,20
7,2334,0.08983639336650408,0.07994520487581142,0.05125234877597433,0.7789660529817095,25,20,20
7,2335,0.08983639336650405,0.07994520487581135,0.05125230870774808,0.7789660930499359,25,20,20
7,2336,0.08983639336650404,0.07994520487581126,0.05125227528956965,0.7789661264681144,25,20,20
7,2337,0.08983639336650404,0.07994520487581135,0.05125887804638411,0.7789595237113,25,20,20
7,2338,0.08983639336650404,0.07994520487581126,0.05125238771671766,0.7789660140409664,25,20,20
7,2339,0.0898363933665041,0.07994520487581135,0.05125246879817233,0.7789659329595117,25,20,20
7,2340,0.0898363933665041,0.07994520487581135,0.05125247021404786,0.7789659315436361,25,20,20
7,2341,0.09084211889716876,0.07994520926338014,0.050246740291082476,0.7789659315483679,25,20,20
7,2342,0.09084211889735087,0.07994520926338872,0.05025326606459215,0.7789594057746676,25,20,20
7,2343,0.09084211889734681,0.07997630321365236,0.05022217211988865,0.7789594057691115,25,20,20
7,2344,0.09084211889734678,0.07997630321365236,0.05022201960076084,0.7789595582882395,25,20,20
7,2345,0.09084211889734678,0.07997630321365236,0.05022193855994221,0.778959639329058,25,20,20
7,2346,0.09084211889734667,0.05417559902190934,0.07602264274981196,0.7789596393309313,25,20,20
7,2347,0.09084211889734668,0.05417559902190934,0.07602272390789667,0.7789595581728466,25,20,20
7,2348,0.09084211889734667,0.05417559902191356,0.07602924664281643,0.7789530354379228,25,20,20
7,2349,0.09084211889734668,0.05417559902191785,0.07602932945273508,0.7789529526279998,25,20,20
7,2350,0.09084211889734668,0.05417559902191785,0.07602924971669389,0.7789530323640409,25,20,20
7,2351,0.09084211889734663,0.05417559902191778,0.07602916664788334,0.7789531154328517,25,20,20
7,2352,0.09668532228572449,0.05417559028512255,0.07018597235735098,0.7789531150718014,25,20,20
7,2353,0.09668532228572449,0.05417559028512255,0.07018605342260123,0.7789530340065512,25,20,20
7,2354,0.09668532228572455,0.054175590285122636,0.07018605542616102,0.7789530320029913,25,20,20
7,2355,0.09668532228572774,0.054175590285126925,0.07019075900707039,0.7789483284220744,25,20,20
7,2356,0.09668532228572774,0.054175590285122706,0.07019526359534649,0.7789438238338026,25,20,20
7,2357,0.09668532280856856,0.05417559028533165,0.0686057023809034,0.7805333845251958,25,20,20
7,2358,0.09668532280856855,0.05417559028532736,0.0685990958874326,0.7805399910186709,25,20,20
7,2359,0.09668532280838964,0.05417559028556337,0.06859919267720771,0.7805398942288387,25,20,20
7,2360,0.0966853228083897,0.054175136327873824,0.06859964663489553,0.7805398942288404,25,20,20
7,2361,0.0966853228083896,0.054175136327873824,0.06859330847401178,0.7805462323897242,25,20,20
7,2362,0.09668532280838883,0.054175136327873824,0.06858418337051334,0.7805553574932235,25,20,20
7,2363,0.09668532280838883,0.054175136327873824,0.06858418428316487,0.780555356580572,25,20,20
7,2364,0.09668532280838889,0.07999785809664205,0.04276146251626987,0.7805553565786988,25,20,20
7,2365,0.05696338614047449,0.07999785801232502,0.08248344750135055,0.78055530834585,25,20,20
7,2366,0.05696338614047449,0.07999785801232509,0.0824881473376337,0.7805506085095666,25,20,20
7,2367,0.05696338614042577,0.07999785801232502,0.08248591573530441,0.7805528401119447,25,20,20
7,2368,0.09676294351823841,0.07999785800621452,0.042686358398545975,0.780552840077001,25,20,20
7,2369,0.09676294299539753,0.07999785800599833,0.038026363135592066,0.7852128358630119,25,20,20
7,2370,0.09676294299562517,0.07999785800600255,0.038027996949933064,0.7852112020484391,25,20,20
7,2371,0.09676294299562517,0.07999785800600255,0.038027996949933064,0.7852112020484391,25,20,20
7,2372,0.09676294299562511,0.07999785800600248,0.03803019399409177,0.7852090050042804,25,20,20
7,2373,0.0967629429956252,0.07999785800600255,0.03803026109474992,0.7852089379036221,25,20,20
7,2374,0.096762942995622,0.07999785800599826,0.03802555960238188,0.7852136393959975,25,20,20
7,2375,0.09676294299562599,0.07999785801988173,0.03819809395222716,0.7850411050322649,25,20,20
7,2376,0.09676294299567145,0.07999785801988173,0.038202470297644425,0.7850367286868021,25,20,20
7,2377,0.09569397231092884,0.07999785803742417,0.039271437857751584,0.7850367317938952,25,20,20
7,2378,0.11562573124230079,0.07999784453581701,0.01938674588727998,0.7849896783346021,25,20,20
7,2379,0.11562573124230396,0.0799978445358128,0.019391306524401127,0.7849851176974819,25,20,20
7,2380,0.11562573124248644,0.07999784532866216,0.019488610562962347,0.784887812865889,25,20,20
7,2381,0.0758294094935756,0.07999786974193591,0.05854197080392922,0.7856307499605587,25,20,20
7,2382,0.07582940949357644,0.07999786975578621,0.05880281548376331,0.7853699052668734,25,20,20
7,2383,0.0757561704425154,0.08008224174056855,0.05953449580688261,0.7846270920100329,25,20,20
7,2384,0.07575617044251218,0.08008224174032395,0.05952787185213403,0.7846337159650294,25,20,20
7,2385,0.07575617044251218,0.08008224174032395,0.059534476853968885,0.7846271109631945,25,20,20
7,2386,0.07575617044251218,0.08008224174032402,0.05953453087235738,0.784627056944806,25,20,20
7,2387,0.07575617044251143,0.08008224174031973,0.05953444189543149,0.7846271459217369,25,20,20
7,2388,0.07575617044251143,0.0800822417403198,0.05953452494910502,0.7846270628680634,25,20,20
7,2389,0.07216499151691866,0.08008246295052512,0.06319588896321009,0.7845566565693457,25,20,20
7,2390,0.0738952662211067,0.0800822326331443,0.06146588341417129,0.7845566177315773,25,20,20
7,2391,0.0738952662211067,0.08008223263314437,0.061465885392673725,0.7845566157530746,25,20,20
7,2392,0.07389526622087902,0.08008223263314009,0.0614642167317921,0.7845582844141882,25,20,20
7,2393,0.07389526622087904,0.08008223263314437,0.06146883978172755,0.7845536613642484,25,20,20
7,2394,0.07389526622088223,0.0800822326331443,0.06146886546106534,0.7845536356849075,25,20,20
7,2395,0.07389526622106443,0.08008223263314423,0.06146432811999296,0.7845581730257979,25,20,20
7,2396,0.046156640185105784,0.08008227022334453,0.08918311355326072,0.7845779760382883,25,20,20
7,2397,0.046156640184923596,0.08008227022334453,0.08918305855417415,0.784578031037557,25,20,20
7,2398,0.04615664018496924,0.08008227022359343,0.08918634306515245,0.784574746526284,25,20,20
7,2399,0.04615664018496604,0.08008227022359335,0.0891817205908876,0.7845793690005523,25,20,20
7,2400,0.04615664018514809,0.08008227023753267,0.08919387834630017,0.7845672112310186,25,20,20
7,2401,0.04615664018514809,0.08008227023753259,0.08918917793643329,0.7845719116408855,25,20,20
7,2402,0.04615664018514807,0.0800822702375283,0.08918447488361955,0.7845766146937035,25,20,20
7,2403,0.046156640184965986,0.08008227022359327,0.08930167548450023,0.7844594141069399,25,20,20
7,2404,0.04615664018496605,0.08008227022359335,0.08929518435997628,0.7844659052314636,25,20,20
7,2405,0.04510687679677114,0.08008224075311675,0.07584187250544633,0.798969009944665,25,20,20
7,2406,0.04157889270832469,0.08008337930581774,0.0790795943417969,0.7992581336440598,25,20,20
7,2407,0.041578892708327875,0.08008337930581354,0.07895015670747324,0.7993875712783846,25,20,20
7,2408,0.04157889270832395,0.08008337929217468,0.0787824578536312,0.7995552701458694,25,20,20
7,2409,0.041578892708327125,0.08008337929217468,0.07878249658028999,0.7995552314192078,25,20,20
7,2410,0.0415788927091534,0.07749106472349955,0.08137481114813916,0.7995552314192076,25,20,20
7,2411,0.0415788927091502,0.07749106472349948,0.0813747279193772,0.7995553146479729,25,20,20
7,2412,0.0415788927091502,0.07749106472349941,0.08137467192595052,0.7995553706413996,25,20,20
7,2413,0.041578892709105475,0.07749106472349941,0.08137250826078199,0.799557534306613,25,20,20
7,2414,0.04157889270827912,0.08008405111788633,0.07877952186722123,0.799557534306613,25,20,20
7,2415,0.04157889270827912,0.08008405111789056,0.07878410850845385,0.7995529476653762,25,20,20
7,2416,0.04157889270827909,0.08008405111764605,0.07877930405420004,0.7995577521198746,25,20,20
7,2417,0.04157889270839841,0.08008405111764193,0.08306506855998091,0.7952719876139785,25,20,20
7,2418,0.041578892708580534,0.08008405111788644,0.08306982103209655,0.7952672351414363,25,20,20
7,2419,0.041578927490268605,0.07999968524945249,0.08315427349562339,0.7952671137646561,25,20,20
7,2420,0.041578927490482406,0.07937958560201866,0.08377437314274737,0.795267113764752,25,20,20
7,2421,0.041578927491465405,0.03939447840455392,0.12375948033921663,0.795267113764765,25,20,20
7,2422,0.041578927491510084,0.03939447839071213,0.12349673737751439,0.7955298567402643,25,20,20
7,2423,0.04157892749131151,0.039983268994568444,0.12290794676839825,0.7955298567457229,25,20,20
7,2424,0.04157892749131151,0.03998326899456853,0.12291036847840335,0.7955274350357177,25,20,20
7,2425,0.041578927491265974,0.039983268994559944,0.1229056630805303,0.7955321404336447,25,20,20
7,2426,0.04157892749211865,0.03999178608635998,0.12289714599333633,0.7955321404281861,25,20,20
7,2427,0.04157892749211859,0.039991786086359914,0.12289717936135633,0.7955321070601662,25,20,20
7,2428,0.04157892749195414,0.03999178608635985,0.11823841176222187,0.800190874659465,25,20,20
7,2429,0.04157892749177281,0.03999178608611533,0.1182336941360472,0.8001955922860655,25,20,20
7,2430,0.04157892749177281,0.03999178608611533,0.11823361509486481,0.8001956713272479,25,20,20
7,2431,0.04157892749176962,0.03999178608611533,0.11823357370407699,0.8001957127180388,25,20,20
7,2432,0.04157892749181521,0.03999178610005657,0.11824049268888645,0.8001887937192426,25,20,20
7,2433,0.041578927491815146,0.03999178610005662,0.11850212310729968,0.7999271633008292,25,20,20
7,2434,0.041578927491814355,0.03999178610005654,0.11850208625862216,0.7999272001495076,25,20,20
7,2435,0.04157892749181442,0.03999178610030116,0.11850382281604736,0.7999254635918378,25,20,20
7,2436,0.04157892749181448,0.03999178610030108,0.11850391926691183,0.7999253671409734,25,20,20
7,2437,0.04157892749181128,0.03999178610030108,0.11850381253135467,0.7999254738765333,25,20,20
7,2438,0.041578927502119924,0.03999178608635985,0.11861676477155038,0.7998125216399703,25,20,20
7,2439,0.04157892750211998,0.03999178608635985,0.11861667805117261,0.799812608360348,25,20,20
7,2440,0.04157892750211998,0.03999178608635985,0.11861675708223665,0.7998125293292838,25,20,20
7,2441,0.04157892750207593,0.03999178608611096,0.11861823448659926,0.7998110519252141,25,20,20
7,2442,0.04157863438889197,0.039991755553604624,0.11861856052759746,0.7998110495299062,25,20,20
7,2443,0.07878582734251008,0.03999057944123481,0.08172144575865004,0.7995021474576052,25,20,20
7,2444,0.07878582734166323,0.024576281708606103,0.09713574349216315,0.7995021474575676,25,20,20
7,2445,0.07878582734166323,0.02457628170860603,0.09713582939812035,0.7995020615516105,25,20,20
7,2446,0.07878582734166327,0.02457628170860603,0.09713591081526741,0.7995019801344634,25,20,20
7,2447,0.07878582734166327,0.024576281708605957,0.09713579692635323,0.7995020940233776,25,20,20
7,2448,0.06067426625720221,0.024576281885721432,0.11508136407441207,0.7996680877826647,25,20,20
7,2449,0.06067426625729235,0.024576281885721515,0.11550542660089516,0.7992440252560913,25,20,20
7,2450,0.06067426625733854,0.024576281885965345,0.11563492901329572,0.7991145228434007,25,20,20
7,2451,0.05661645459171437,0.024576286355445277,0.11962074424810085,0.7991865148047398,25,20,20
7,2452,0.0566164545917143,0.024576286355200663,0.11961900928006847,0.799188249773017,25,20,20
7,2453,0.056616454591714355,0.02457628635520074,0.11961900989216431,0.7991882491609209,25,20,20
7,2454,0.056616454591714355,0.02457628635520074,0.11961893023875131,0.7991883288143339,25,20,20
7,2455,0.05661645459171515,0.024576286355205104,0.11962363174260755,0.7991836273104724,25,20,20
7,2456,0.047721625839363346,0.024576617212370467,0.12868407160862308,0.7990176853396435,25,20,20
7,2457,0.04772162584974378,0.024576617212379054,0.12869080204261205,0.7990109548952655,25,20,20
7,2458,0.04824348284077651,0.02456268122086377,0.1281828807266482,0.7990109552117118,25,20,20
7,2459,0.04824348284077651,0.024562681220863775,0.12818288144746742,0.7990109544908925,25,20,20
7,2460,0.04824348284077651,0.024562681220863775,0.12818288144746745,0.7990109544908925,25,20,20
7,2461,0.04824348284077971,0.024562681220863802,0.1279231936191077,0.799270642319249,25,20,20
7,2462,0.04824348284077971,0.024562681220863802,0.12792327410076715,0.7992705618375895,25,20,20
7,2463,0.04824348284077965,0.024562681220863726,0.12792323156711535,0.7992706043712414,25,20,20
7,2464,0.07640275615730695,0.02456235017563238,0.09976434416804109,0.7992705494990198,25,20,20
7,2465,0.07640275614692653,0.02456235017562387,0.09975772824412361,0.7992771654333262,25,20,20
7,2466,0.07640275614692653,0.02456235017562387,0.09975773322077477,0.7992771604566751,25,20,20
7,2467,0.07640275614692732,0.024562350175628165,0.09975313221700188,0.7992817614604429,25,20,20
7,2468,0.0764027561469242,0.024562350175623873,0.09974663021406613,0.7992882634633861,25,20,20
7,2469,0.07640275614692421,0.02456235017562395,0.09987616124218063,0.7991587324352717,25,20,20
7,2470,0.07640275614692821,0.024562350175632512,0.09996584387798163,0.799069049799458,25,20,20
7,2471,0.08040188283400111,0.02456234552522832,0.09603873880337245,0.7989970328373985,25,20,20
7,2472,0.08006368876380643,0.024562345528012633,0.09637688422015042,0.7989970814880308,25,20,20
7,2473,0.08006368876380568,0.02456234552801256,0.09637930592680787,0.7989946597813742,25,20,20
7,2474,0.08006368876385413,0.024562346317974663,0.09662203826643437,0.798751926651737,25,20,20
7,2475,0.08006368876385253,0.024562346317974663,0.09661735598018424,0.7987566089379886,25,20,20
7,2476,0.08006368876385253,0.024562346317974663,0.09661733035390718,0.7987566345642658,25,20,20
7,2477,0.08006368876385254,0.024562346317974586,0.09648796309912207,0.798886001819051,25,20,20
7,2478,0.08006368876403348,0.024562346318217583,0.09675423482224538,0.7986197300955037,25,20,20
7,2479,0.08006368876401242,0.03999959242068217,0.0813169887198601,0.7986197300954454,25,20,20
7,2480,0.08006368876392227,0.03999959242068217,0.08126591281510445,0.7986708060002915,25,20,20
7,2481,0.08006368876374134,0.03999959242043918,0.0810061670531563,0.7989305517626636,25,20,20
7,2482,0.08006368876374134,0.03999959242043918,0.08101265959518128,0.7989240592206386,25,20,20
7,2483,0.08006368876374134,0.03999959242043918,0.08100605455670422,0.7989306642591157,25,20,20
7,2484,0.07954184670923863,0.040129947272803494,0.08139753865945742,0.7989306673585009,25,20,20
7,2485,0.079795488223179,0.04012994735558105,0.0811439215493624,0.7989306428718776,25,20,20
7,2486,0.07979548821282481,0.0401299473555812,0.08139707295844546,0.7986774914731488,25,20,20
7,2487,0.07979573247486353,0.03999963755957158,0.08152714187125375,0.7986774880943115,25,20,20
7,2488,0.07979573247486359,0.039999637559575876,0.08153370781930831,0.7986709221462526,25,20,20
7,2489,0.07979573247486355,0.039999637559580095,0.08153826884080873,0.798666361124748,25,20,20
7,2490,0.0797957324748636,0.039999637559580095,0.08153988975106266,0.7986647402144941,25,20,20
7,2491,0.0797957324748636,0.039999637559580095,0.08153981012197181,0.7986648198435848,25,20,20
7,2492,0.0797957324748636,0.03999963755958002,0.08116682299925039,0.7990378069663063,25,20,20
7,2493,0.07979573247486366,0.039999637559580095,0.08116678963123033,0.7990378403343263,25,20,20
7,2494,0.07979573247486686,0.039999637559580095,0.08117140987865064,0.7990332200869028,25,20,20
7,2495,0.07979573247486683,0.039999637559580095,0.0811759958142458,0.7990286341513076,25,20,20
7,2496,0.07974590099893962,0.03999963755798891,0.08122582729921328,0.7990286341438586,25,20,20
7,2497,0.0797454600328695,0.039999637554863715,0.0812262924633153,0.7990286099489518,25,20,20
7,2498,0.07974546003288842,0.03915842247047521,0.082067507542243,0.7990286099543937,25,20,20
7,2499,0.07974546003288842,0.03915842247047521,0.08206753949800674,0.79902857799863,25,20,20
7,2500,0.07974546003283997,0.03915842168051312,0.0818248077442231,0.7992713105424243,25,20,20
7,2501,0.07974546003283992,0.03915842168051312,0.08182472721538556,0.7992713910712618,25,20,20
7,2502,0.07974546003265746,0.039158420887669264,0.0956971795441268,0.7853989395355465,25,20,20
7,2503,0.07974546003265746,0.039158420887669264,0.09569717815670059,0.7853989409229727,25,20,20
7,2504,0.07974546003265746,0.03915842088767359,0.09607028031845628,0.7850258387612127,25,20,20
7,2505,0.07974546003263883,0.039999252326947794,0.09522944888464265,0.7850258387557707,25,20,20
7,2506,0.07974546003281771,0.03999925232695208,0.0952264896408681,0.7850287979993621,25,20,20
7,2507,0.04048022369103853,0.039999502465877905,0.1306166186786837,0.7889036551643999,25,20,20
7,2508,0.08020789639101025,0.03999950246883377,0.09088894561133516,0.7889036555288209,25,20,20
7,2509,0.08020789639101021,0.03999950246883362,0.09051588189778333,0.7892767192423729,25,20,20
7,2510,0.08020789639101261,0.03999950246883362,0.09051134929064389,0.78928125184951,25,20,20
7,2511,0.08020789639119355,0.03999950246907229,0.09040459488331386,0.7893880062564205,25,20,20
7,2512,0.08020789639119354,0.03999950246907229,0.09040463595265916,0.7893879651870751,25,20,20
7,2513,0.08020789639123586,0.039999502469076506,0.09040620994466515,0.7893863911950225,25,20,20
7,2514,0.07335804436193022,0.03999950269278691,0.0972560413678773,0.7893864115774057,25,20,20
7,2515,0.08033368068619724,0.03999950246907597,0.09028042564236952,0.7893863912023573,25,20,20
7,2516,0.08033368068619731,0.03999950246907597,0.09027579290740985,0.789391023937317,25,20,20
7,2517,0.08033368068601518,0.039999502469071684,0.09027416468709791,0.7893926521578155,25,20,20
7,2518,0.040352314311038445,0.040000944277919386,0.13025408918519457,0.7893926522258483,25,20,20
7,2519,0.0403523143110385,0.04000094427791947,0.13034630257742708,0.7893004388336158,25,20,20
7,2520,0.040352314311038556,0.04000094427791947,0.13034630456327712,0.7893004368477657,25,20,20
7,2521,0.04035231431103854,0.04000094427791947,0.1303485152064272,0.7892982262046156,25,20,20
7,2522,0.04035231431103936,0.011241318655833053,0.15910814082851374,0.7892982262046145,25,20,20
7,2523,0.040352314311039306,0.011241318655833048,0.1591081374085164,0.7892982296246118,25,20,20
7,2524,0.04035231431103932,0.011241318655832975,0.15911462855860212,0.7892917384745262,25,20,20
7,2525,0.04035231431099696,0.011241318656067385,0.15937923550719,0.7890271315257463,25,20,20
7,2526,0.04035231431099384,0.01124131865582868,0.15911308024014473,0.7892932867930333,25,20,20
7,2527,0.04035231432112527,0.011241318655589949,0.15911550445147152,0.7892908625718138,25,20,20
7,2528,0.040352314321125224,0.01124131865558995,0.15911542174339252,0.789290945279893,25,20,20
7,2529,0.040352314321125224,0.01124131865558995,0.15911542178016208,0.7892909452431232,25,20,20
7,2530,0.04035231432132142,0.01124131866760922,0.16463412738494984,0.7837722396261193,25,20,20
7,2531,0.04035231432150355,0.011241318667605003,0.16463866754822998,0.7837676994626612,25,20,20
7,2532,0.04035231432150356,0.011241318667609293,0.16464527145840355,0.7837610955524833,25,20,20
7,2533,0.04035231432132191,0.011241318667609268,0.17861073921156492,0.7697956277995036,25,20,20
7,2534,0.040352314321278865,0.011241318681304735,0.17849352861145476,0.7699128383859611,25,20,20
7,2535,0.04035231432127885,0.011241318681304733,0.17848703804605537,0.7699193289513607,25,20,20
7,2536,0.04035231432127892,0.011241318681304806,0.17848715264512113,0.7699192143522947,25,20,20
7,2537,0.04195143338541275,0.011241269839496963,0.17688808239062326,0.7699192143844666,25,20,20
7,2538,0.0419514333854128,0.011241269839496965,0.17689281291097703,0.7699144838641129,25,20,20
7,2539,0.0636529644534249,0.011241269843087303,0.15518805834017937,0.7699177073633079,25,20,20
7,2540,0.06365296445342566,0.011241269843081792,0.14121830397501406,0.783887461728478,25,20,20
7,2541,0.06365296445342174,0.011241269843073234,0.1411333217426433,0.7839724439608612,25,20,20
7,2542,0.06365296445341856,0.011241269829134004,0.1411211161013415,0.7839846496161055,25,20,20
7,2543,0.06365296445346372,0.011241269829376422,0.14148763169131492,0.7836181340258443,25,20,20
7,2544,0.06304498060609949,0.011241019603304571,0.14587598102854638,0.7798380187620491,25,20,20
7,2545,0.06304498060610264,0.011241019603549089,0.1458785367838042,0.7798354630065435,25,20,20
7,2546,0.06304498060610211,0.011241019603549042,0.1319084460822113,0.793805553708137,25,20,20
7,2547,0.06304498670548556,0.011241019613566543,0.1429723007315313,0.782741692949416,25,20,20
7,2548,0.06304498669517321,0.011241019613562282,0.14270353051725268,0.7830104631740114,25,20,20
7,2549,0.0630449866951946,0.011241019706911793,0.1780053127112778,0.7477086808866155,25,20,20
7,2550,0.06304498669519455,0.011241019706907503,0.17799882068753106,0.7477151729103667,25,20,20
7,2551,0.07974391681888685,0.011241019703062169,0.16130311413615586,0.747711949341895,25,20,20
7,2552,0.07974391681888998,0.011241019703062244,0.16130311417663723,0.7477119493014104,25,20,20
7,2553,0.07974439073925874,0.011241019703311962,0.1618480296403035,0.7471665599171256,25,20,20
7,2554,0.07974439088582075,0.011241019717125125,0.16222221804525452,0.7467923713517993,25,20,20
7,2555,0.07974439088582001,0.040000483746622156,0.13346275401566177,0.7467923713518964,25,20,20
7,2556,0.08332245085003648,0.03999904193806091,0.12988613593282733,0.7467923712790757,25,20,20
7,2557,0.08332245085003642,0.039999041938065125,0.12979854563669238,0.7468799615752064,25,20,20
7,2558,0.08332245085003562,0.03999904193806505,0.12979842773707786,0.7468800794748216,25,20,20
7,2559,0.08332245086041606,0.039999041938065125,0.1298050427909477,0.7468734644105715,25,20,20
7,2560,0.08332245086059649,0.03999904195187837,0.1301791430413313,0.746499364146194,25,20,20
7,2561,0.08332245086059649,0.03999904195188258,0.13018563363747865,0.7464928735500423,25,20,20
7,2562,0.08332245071403445,0.03999904193806942,0.12981144661995386,0.7468670607279424,25,20,20
7,2563,0.08332245071403445,0.03999904193806943,0.1298114203537061,0.7468670869941901,25,20,20
7,2564,0.08332245071403448,0.039999041938069496,0.1298161209835632,0.7468623863643329,25,20,20
7,2565,0.08332244461465103,0.039999041927807545,0.11874754815262734,0.7579309653049142,25,20,20
7,2566,0.08332244461465102,0.039999041927807476,0.118749450323144,0.7579290631343977,25,20,20
7,2567,0.05969565875875188,0.039999042070994084,0.1423762357643094,0.7579290634059446,25,20,20
7,2568,0.05610154614559129,0.039999042070710346,0.1459703483796747,0.7579290634040237,25,20,20
7,2569,0.05610154614559134,0.03999904207070613,0.14596602162746655,0.7579333901562362,25,20,20
7,2570,0.05610154614539509,0.03999904205868686,0.1404458075741897,0.7634536042217286,25,20,20
7,2571,0.05610154614521466,0.03999904204487362,0.1400783608618425,0.7638210509480696,25,20,20
7,2572,0.05610154614521786,0.03999904204487377,0.1400783637418695,0.7638210480680392,25,20,20
7,2573,0.05610154614517275,0.03999904204463143,0.13970532421847656,0.7641940875917196,25,20,20
7,2574,0.056101546149546294,0.014137676674049648,0.16556632561588183,0.7641944515605222,25,20,20
7,2575,0.05610154614954311,0.014137676674049722,0.1655632448914276,0.7641975322849794,25,20,20
7,2576,0.05610154614954311,0.014137676674049719,0.1655566421256711,0.7642041350507359,25,20,20
7,2577,0.05610154614954313,0.014137676674045429,0.16555205446051005,0.7642087227159012,25,20,20
7,2578,0.05610154614954313,0.014137676674045429,0.16555205701928763,0.7642087201571236,25,20,20
7,2579,0.05610154614954314,0.014137676674045505,0.1655521703348743,0.7642086068415369,25,20,20
7,2580,0.056101546149542283,0.01413767667404121,0.1655519730547104,0.7642088041217059,25,20,20
7,2581,0.05610154613916186,0.014137676674045386,0.16591834743211506,0.7638424297546774,25,20,20
7,2582,0.05610154613916902,0.014137676674045481,0.16572475191401462,0.7640360252727706,25,20,20
7,2583,0.05705859309003771,0.0141392590310776,0.16945667768250794,0.7593454701963763,25,20,20
7,2584,0.05705859309008318,0.014139259031081817,0.16946100671272177,0.7593411411661127,25,20,20
7,2585,0.057058593090080045,0.014139259031081668,0.16946091842304065,0.7593412294557972,25,20,20
7,2586,0.05705859323648052,0.01413925905868111,0.16987974171619447,0.7589224059886434,25,20,20
7,2587,0.05705859323647732,0.014139259058680962,0.16987962641777643,0.7589225212870646,25,20,20
7,2588,0.05705859323652284,0.014139259058685252,0.16988280523426988,0.7589193424705214,25,20,20
7,2589,0.05705859323652604,0.014139259058689617,0.16988940974142777,0.758912737963356,25,20,20
7,2590,0.05655636618736162,0.014139259411344718,0.17039163640791316,0.75891273799338,25,20,20
7,2591,0.05655636618736157,0.014139259411344716,0.17038693292289434,0.758917441478399,25,20,20
7,2592,0.05655636618731605,0.014139259411340423,0.17038040661823042,0.7589239677831128,25,20,20
7,2593,0.056556366187315986,0.014139259411340423,0.1703804920523169,0.7589238823490264,25,20,20
7,2594,0.056556366187315986,0.014139259411340416,0.1703804894646829,0.7589238849366603,25,20,20
7,2595,0.05655636618294634,0.0007809757244905104,0.1837391371246942,0.7589235209678685,25,20,20
7,2596,0.05655636618294634,0.000780975724490509,0.18373913712261156,0.7589235209699514,25,20,20
7,2597,0.059180937374935905,0.0007793941855548206,0.18112368993901842,0.7589159785004902,25,20,20
7,2598,0.03762802053963959,0.0007799186223211494,0.2026736028181724,0.758918458019867,25,20,20
7,2599,0.0340467325275222,0.000779917728932063,0.2062547553174593,0.7589185944260867,25,20,20
7,2600,0.03404673252756058,0.0007799177289320825,0.206075446232414,0.7590979035110936,25,20,20
7,2601,0.03404673252756062,0.0007799177289320086,0.20607535938327298,0.7590979903602346,25,20,20
7,2602,0.05791122541168353,0.0007799175950479713,0.1822108673424181,0.7590979896508511,25,20,20
7,2603,0.05791122542206395,0.0007799175952966951,0.18221595057827492,0.759092906404365,25,20,20
7,2604,0.03489674598597769,0.0007799181490959727,0.20510542151050554,0.7592179143544215,25,20,20
7,2605,0.03489674598593211,0.0007799181490916062,0.20510886073521914,0.7592144751297577,25,20,20
7,2606,0.0743834125722008,0.0007799185080414352,0.16562209630284289,0.7592145726169157,25,20,20
7,2607,0.07438341257220075,0.000779918508041361,0.16562201519726252,0.7592146537224962,25,20,20
7,2608,0.0743834125722006,0.0007799185080413482,0.16575139858955049,0.7590852703302083,25,20,20
7,2609,0.07438341257215522,0.0007799185080369941,0.16562181649551,0.7592148524242985,25,20,20
7,2610,0.07438341257215524,0.0007799185080370679,0.16562182328963287,0.7592148456301756,25,20,20
7,2611,0.07438341257215524,0.0007799185080370681,0.1656265231381429,0.7592101457816655,25,20,20
7,2612,0.07438341257215841,0.0007799185080413511,0.16571882493033704,0.7591178439894639,25,20,20
7,2613,0.0743834125721624,0.0007799185082854836,0.16580485276297288,0.7590318161565797,25,20,20
7,2614,0.07438341242576196,0.0007799184806898962,0.17004477678879454,0.7547918923047543,25,20,20
7,2615,0.07438293850539315,0.0007799184804401732,0.16949516057238612,0.7553419824417814,25,20,20
7,2616,0.07438293850539315,0.0007799184804402486,0.16950165088169122,0.7553354921324762,25,20,20
7,2617,0.07438293850539311,0.0007799184804363929,0.16484279309901498,0.7599943499151565,25,20,20
7,2618,0.0968080287106368,0.0007805689887373321,0.14241713658947294,0.7599942657111538,25,20,20
7,2619,0.0968080287106368,0.0007805689887373348,0.14242365885740427,0.7599877434432226,25,20,20
7,2620,0.09494510198888344,0.0007806196090830146,0.14428190765752313,0.7599923707445112,25,20,20
7,2621,0.09494510198888344,0.0007806196090830173,0.14428202259513967,0.7599922558068946,25,20,20
7,2622,0.09494510198888423,0.0007806196090872523,0.14454174970702305,0.7597325286950057,25,20,20
7,2623,0.09494510198888188,0.0007806196090830364,0.14462743784077925,0.7596468405612562,25,20,20
7,2624,0.0670468241792415,0.0007805787754741225,0.16380341165137544,0.7683691853939092,25,20,20
7,2625,0.06704682417924161,0.0007805787754698327,0.16380341099950868,0.7683691860457796,25,20,20
7,2626,0.0670468242365194,1.1904727459496444e-06,0.16458279924506114,0.7683691860456733,25,20,20
7,2627,0.0739391590435913,1.1973947840915298e-06,0.1664175270999273,0.7596421164616983,25,20,20
7,2628,0.07393915904359208,1.1973947840902318e-06,0.16642425770798233,0.7596353858536423,25,20,20
7,2629,0.07393915904359125,1.1973947839413384e-06,0.16633207952233678,0.7597275640392889,25,20,20
7,2630,0.07393915904359126,1.1973947881563986e-06,0.16632567198826337,0.7597339715733581,25,20,20
7,2631,0.09566830298594844,6.726184536303213e-07,0.14459943604880224,0.7597315883467961,25,20,20
7,2632,0.09566830298595169,6.726184536342603e-07,0.14460108897689317,0.7597299354187019,25,20,20
7,2633,0.09566830298595097,6.726184451107817e-07,0.1443347958421693,0.7599962285534351,25,20,20
7,2634,0.09566830298594776,6.726182011289768e-07,0.14424215665300355,0.7600888677428479,25,20,20
7,2635,0.0956683029861299,6.72618205492565e-07,0.1442486488168945,0.7600823755787706,25,20,20
7,2636,0.09566830298613067,6.726184500862198e-07,0.14424687957886786,0.760084144816552,25,20,20
7,2637,0.09538904620147465,6.733090386328798e-07,0.14452623199419842,0.7600840484952888,25,20,20
7,2638,0.0953890462014739,6.733090421045409e-07,0.15077569829044213,0.7538345821990423,25,20,20
7,2639,0.11178333058711919,2.312928666583637e-08,0.13437674957335413,0.7538398967102401,25,20,20
7,2640,0.11178333058711923,2.3129286591865245e-08,0.13437663173991882,0.7538400145436757,25,20,20
7,2641,0.11178333058711916,2.3129290851009093e-08,0.13464131175517063,0.7535753345284196,25,20,20
7,2642,0.11178333058711921,2.312929085100909e-08,0.1346461100391073,0.7535705362444829,25,20,20
7,2643,0.11178333058711919,2.3129290851008934e-08,0.13465069538897448,0.7535659508946156,25,20,20
7,2644,0.11178333058711915,2.3129290851008934e-08,0.13465066838023718,0.7535659779033529,25,20,20
7,2645,0.11178333058711915,2.312929084968899e-08,0.13464596655861488,0.7535706797249752,25,20,20
7,2646,0.11178333058711916,2.312929085098672e-08,0.1346459685567489,0.7535706777268406,25,20,20
7,2647,0.07394360692904577,2.2782842093265897e-08,0.17249105910741613,0.7535653111806956,25,20,20
7,2648,0.07394360692904897,2.2782842093289174e-08,0.1724879802875477,0.7535683900005605,25,20,20
7,2649,0.0739436069290458,2.2782842166534882e-08,0.17285946112643785,0.7531969091616736,25,20,20
7,2650,0.07394360692904574,2.2782842167855393e-08,0.17285474439259915,0.7532016258955123,25,20,20
7,2651,0.07394360693939878,2.357563743862537e-08,0.17286237652009614,0.7531939929648668,25,20,20
7,2652,0.07394360688917213,1.4227504973859422e-07,0.17286225787091125,0.7531939929648658,25,20,20
7,2653,0.09669982101999672,1.2558375705826333e-07,0.1501059632264543,0.7531940901697918,25,20,20
7,2654,0.09669982101999672,1.255837570569656e-07,0.15010604230840666,0.7531940110878393,25,20,20
7,2655,0.09669982101999754,1.2558375713219928e-07,0.15011264578525185,0.7531874076109932,25,20,20
7,2656,0.09712514052457669,1.8684806438311006e-06,0.14968553715719754,0.7531874538375815,25,20,20
7,2657,0.09712514052439465,1.868480639541503e-06,0.14968121050031402,0.7531917804946512,25,20,20
7,2658,0.09712514051401426,1.8684806352505519e-06,0.14968120873621596,0.753191782269134,25,20,20
7,2659,0.09712514051401425,1.8684806352492347e-06,0.14967901137028447,0.7531939796350655,25,20,20
7,2660,0.09712514051401425,1.868480635324504e-06,0.14967239465598017,0.7532005963493696,25,20,20
7,2661,0.09712514051401504,1.8684945746285435e-06,0.14968471619460857,0.7531882747968011,25,20,20
7,2662,0.09712514051401508,1.868494574631162e-06,0.14968268399798057,0.7531903069934289,25,20,20
7,2663,0.09712514052439597,1.8684945789222995e-06,0.1496873844882484,0.753185606492776,25,20,20
7,2664,0.09712514052439591,1.8684945753000774e-06,0.14343791138186202,0.759435079599166,25,20,20
7,2665,0.0957389006554676,1.8694976385809822e-06,0.1448240548532021,0.7594351749936916,25,20,20
7,2666,0.09573890065546765,1.8694976386575711e-06,0.14482405429355488,0.7594351755533388,25,20,20
7,2667,0.09573890065565242,1.8694976386588364e-06,0.14492960463244217,0.7593296252142665,25,20,20
7,2668,0.0957389006452962,1.8687048391803315e-06,0.14482978602454197,0.7594294446253224,25,20,20
7,2669,0.0957389006452968,1.8687149278950117e-06,0.15551513039890424,0.7487441002408708,25,20,20
7,2670,0.095738900645296,1.8687009885922926e-06,0.15550281086800538,0.7487564197857097,25,20,20
7,2671,0.09573890064529589,1.8687009885909725e-06,0.1554982238296685,0.7487610068240467,25,20,20
7,2672,0.09433363669222851,1.2665206750306504e-07,0.15690527836511944,0.7487609582905841,25,20,20
7,2673,0.09433363669223167,1.266520717635523e-07,0.1571716151298462,0.7484946215258498,25,20,20
7,2674,0.09447491326031923,1.262757474754644e-07,0.15703043617986145,0.7484945242840716,25,20,20
7,2675,0.09447491326031607,1.2627574321370245e-07,0.1567641046605872,0.7487608558033532,25,20,20
7,2676,0.09447491326031601,1.2627574321370245e-07,0.15676402415609175,0.7487609363078487,25,20,20
7,2677,0.09447491326031683,1.262757432903154e-07,0.15675940217374298,0.7487655582901966,25,20,20
7,2678,0.09447491326031678,1.262757432137488e-07,0.15675928686226592,0.7487656736016739,25,20,20
7,2679,0.11751428536842087,1.257095316967226e-07,0.13384492324007802,0.7486406656819697,25,20,20
7,2680,0.07952327705980693,1.2400295030779913e-07,0.17183602625542171,0.748640572681821,25,20,20
7,2681,0.07952327705998902,1.2400271009116397e-07,0.1718295199151035,0.7486470790221975,25,20,20
7,2682,0.07952327705998902,1.2400271009116357e-07,0.17182952057957,0.748647078357731,25,20,20
7,2683,0.07952327705998839,1.2399262559304748e-07,0.16077577650147995,0.7597008224459063,25,20,20
7,2684,0.07952327705980354,1.2399262558909602e-07,0.1606701882507396,0.7598064106968313,25,20,20
7,2685,0.07952327705980354,1.23992625590393e-07,0.1606748873696719,0.759801711577899,25,20,20
7,2686,0.06307909418644106,1.2420643276570886e-07,0.17711907005899924,0.7598017115481269,25,20,20
7,2687,0.06307909418644106,1.2420667728536917e-07,0.17712378965752884,0.7597969919493528,25,20,20
7,2688,0.0783213846556829,1.240156721118327e-07,0.16188140983918203,0.7597970814894629,25,20,20
7,2689,0.0783213846556829,1.2401567211180993e-07,0.16188144275864833,0.7597970485699964,25,20,20
7,2690,0.07832138465568371,1.240156722623471e-07,0.16188159765516313,0.7597968936734809,25,20,20
7,2691,0.07832138464530279,1.2401567218755514e-07,0.16187701133084403,0.7598014800081809,25,20,20
7,2692,0.11446818692011916,1.2316755342163463e-07,0.1257302099749654,0.7598014799373618,25,20,20
7,2693,0.1144681869201192,1.2316755342163463e-07,0.1257301760051601,0.7598015139071671,25,20,20
7,2694,0.11446818692012001,1.23167557713016e-07,0.12573254652137553,0.7597991433909467,25,20,20
7,2695,0.11446818692012001,1.231675577143137e-07,0.1257326603806647,0.7597990295316573,25,20,20
7,2696,0.11516548202318741,1.2323286230011667e-07,0.12503408949560074,0.7598003052483493,25,20,20
7,2697,0.10883610808438968,1.2749209002291653e-07,0.13136368268053483,0.7598000817429852,25,20,20
7,2698,0.10883610808438889,1.2749233236103686e-07,0.13173670662407821,0.7594270577992003,25,20,20
7,2699,0.10883610808438965,1.2749232821995994e-07,0.13173659447170033,0.7594271699515817,25,20,20
7,2700,0.10883610808439365,1.2750626896967458e-07,0.1317446544371006,0.7594191099722367,25,20,20
7,2701,0.10883610808439284,1.2750602437472238e-07,0.13173982094811293,0.7594239434614697,25,20,20
7,2702,0.10883610808439363,1.2750578830589052e-07,0.13200131905746068,0.7591624453523573,25,20,20
7,2703,0.10883610808439288,1.2750578830482583e-07,0.13199914377797684,0.7591646206318419,25,20,20
7,2704,0.07660152930469803,1.443967222341775e-06,0.16423229401744177,0.7591647327106373,25,20,20
7,2705,0.07660152930469405,1.4439532815920617e-06,0.16422423608907333,0.7591727906529506,25,20,20
7,2706,0.07660152931499425,1.443953285925792e-06,0.16453988720825932,0.7588571395234601,25,20,20
7,2707,0.04143434032632325,1.443992016316172e-06,0.1997070698267681,0.7588571458548921,25,20,20
7,2708,0.04143434032650413,1.4439922550201721e-06,0.1999732253563268,0.7585909903249137,25,20,20
7,2709,0.04143434032668544,1.4439922592358178e-06,0.1999796764764487,0.7585845392046063,25,20,20
7,2710,0.04143434032668228,1.443992255049293e-06,0.19971803753893042,0.7588461781421322,25,20,20
7,2711,0.04143434032668227,1.4439922549727127e-06,0.1997133357058582,0.7588508799752044,25,20,20
7,2712,0.04143434031638207,1.443992250640279e-06,0.1993976100856532,0.7591666056057139,25,20,20
7,2713,0.041434340316381275,1.4439922421167545e-06,0.19913139095194596,0.7594328247394305,25,20,20
7,2714,0.041434340316383676,1.4439924866250162e-06,0.1991314905010444,0.7594327251900853,25,20,20
7,2715,0.04143434031638447,1.443992486626336e-06,0.19913822511496318,0.7594259905761658,25,20,20
7,2716,0.041434340316384474,1.443992486627634e-06,0.19913822347787552,0.7594259922132532,25,20,20
7,2717,0.04143434031638126,1.4439922420428176e-06,0.19913151901103407,0.7594326966803425,25,20,20
7,2718,0.04143434031638451,1.4439922420428864e-06,0.1991315683490515,0.7594326473423219,25,20,20
7,2719,0.04143434031638453,1.443992242044185e-06,0.1991338444908505,0.7594303712005229,25,20,20
7,2720,0.04143434031620239,1.443992237679897e-06,0.19913376072689332,0.7594304549646667,25,20,20
7,2721,0.04143434031620239,1.4439922376791872e-06,0.19914016997572276,0.7594240457158372,25,20,20
7,2722,0.04143434112123678,1.5495098137085125e-05,0.1991261180646754,0.7594240457159507,25,20,20
7,2723,0.04143434112123674,1.549509789466782e-05,0.1987530542340552,0.7597971095468131,25,20,20
7,2724,0.04143434112123674,1.549509789466652e-05,0.19875294129389304,0.7597972224869755,25,20,20
7,2725,0.04143434112123761,1.549509789903322e-05,0.1987552479308424,0.7597949158500207,25,20,20
7,2726,0.04143434112128313,1.5495097899181183e-05,0.19875320181134412,0.7597969619694733,25,20,20
7,2727,0.04143434112128633,1.5495097903546533e-05,0.19875556665319918,0.7597945971276107,25,20,20
7,2728,0.04143434112128313,1.549509789917989e-05,0.1987579032979624,0.759792260482855,25,20,20
7,2729,0.06532640160838471,1.570351666623308e-05,0.17486466368684236,0.7597932311881062,25,20,20
7,2730,0.06532640160856618,1.570353056390004e-05,0.17499387019560866,0.7596640246652606,25,20,20
7,2731,0.06532640160856618,1.570353055960761e-05,0.17498916770587858,0.7596687271549952,25,20,20
7,2732,0.06141524653010312,1.4387978845080928e-05,0.1789017482466494,0.7596686172444026,25,20,20
7,2733,0.06141524653010313,1.438797884515748e-05,0.17890364952696378,0.7596667159640882,25,20,20
7,2734,0.08243910427245268,1.4996430486442529e-05,0.15787913276069016,0.7596667665363703,25,20,20
7,2735,0.08243910427245346,1.4996430486443847e-05,0.15787916572152702,0.7596667335755327,25,20,20
7,2736,0.08243910427263476,1.4996430482154223e-05,0.1578827274016389,0.7596631718952439,25,20,20
7,2737,0.08243910427263476,1.4996430482154225e-05,0.15788082447032406,0.7596650748265588,25,20,20
7,2738,0.08243910427267984,1.4996430486404562e-05,0.15825394066012458,0.759291958636709,25,20,20
7,2739,0.08243910427272524,1.4996430490756068e-05,0.15838342694813204,0.759162472348652,25,20,20
7,2740,0.08243910427254297,1.4996416588799002e-05,0.15825199633297676,0.7592939029778915,25,20,20
7,2741,0.08243910428505709,1.4996430078575817e-05,0.15916872700913473,0.7583771722757295,25,20,20
7,2742,0.08243910428505463,1.4996430078651061e-05,0.15916864319582902,0.7583772560890377,25,20,20
7,2743,0.08243910428505384,1.4996430078501822e-05,0.15916856010086514,0.7583773391840025,25,20,20
7,2744,0.08243910428505384,1.499643007857452e-05,0.15916397418207556,0.758381925102792,25,20,20
7,2745,0.0824391042850539,1.4996430321567867e-05,0.15942396157805303,0.7581219377065715,25,20,20
7,2746,0.08243910428505546,1.4996430321642958e-05,0.1595538851183238,0.7579920141662991,25,20,20
7,2747,0.08939579450364707,1.4387171615759926e-05,0.15255296516882902,0.7580368531559083,25,20,20
7,2748,0.08939579450364547,1.438717161568613e-05,0.15242300625719418,0.7581668120675448,25,20,20
7,2749,0.08939579897311367,1.4393386874655756e-05,0.15251773746475192,0.7580720701752591,25,20,20
7,2750,0.08939579897311281,1.4393386631662386e-05,0.152251017427968,0.758338790212287,25,20,20
7,2751,0.08939579897293072,1.4393386631662386e-05,0.152240897379193,0.758348910261244,25,20,20
7,2752,0.08939579897293065,1.4393386631585796e-05,0.15224089531386295,0.7583489123265743,25,20,20
7,2753,0.08939579897293382,1.4393386873926455e-05,0.15260931595387525,0.7579804916863165,25,20,20
7,2754,0.0893957989729346,1.4393386873926457e-05,0.15260943207896685,0.7579803755612241,25,20,20
7,2755,0.08939579816084495,2.1913903979416358e-07,0.14916181847651105,0.761442164223604,25,20,20
7,2756,0.08939579816084492,2.1913903987069417e-07,0.14916838269356644,0.7614356000065485,25,20,20
7,2757,0.08939579816084738,2.191390397967229e-07,0.14916992571341023,0.7614340569867022,25,20,20
7,2758,0.08939579816066534,2.1913903550712973e-07,0.1491634402303294,0.7614405424699691,25,20,20
7,2759,0.08939579816066613,2.191390397967811e-07,0.1491700447899638,0.7614339379103297,25,20,20
7,2760,0.08939579816066613,2.1913903972146672e-07,0.14917004536231265,0.7614339373379809,25,20,20
7,2761,0.08937848976838828,2.4724471089138536e-07,0.14918732569325888,0.7614339372936415,25,20,20
7,2762,0.08937848976834284,2.4724470653855727e-07,0.14905775690330159,0.7615635060836484,25,20,20
7,2763,0.08937848976834284,2.472447065372595e-07,0.14905786935080242,0.7615633936361477,25,20,20
7,2764,0.08937846903449106,2.1913887802803133e-07,0.149057920542096,0.7615633912845344,25,20,20
7,2765,0.08937846903449106,2.1913887795143245e-07,0.14905147956052914,0.7615698322661014,25,20,20
7,2766,0.08937846903431013,2.191386350318749e-07,0.14905145971536385,0.7615698521116907,25,20,20
7,2767,0.08937846913387477,2.1292344107942804e-07,0.14904977646960282,0.7615715414730818,25,20,20
7,2768,0.08937846913387475,2.1292344100543037e-07,0.14906355102021948,0.7615577669224649,25,20,20
7,2769,0.08937851680351133,1.4557927141528064e-05,0.15244255403815613,0.7581643712311912,25,20,20
7,2770,0.08937851680351126,1.45579271457424e-05,0.15244903891255715,0.7581578863567858,25,20,20
7,2771,0.08937851679099744,1.4557913655991712e-05,0.1512886875655594,0.7593182377297873,25,20,20
7,2772,0.09409701432431106,1.4353579699131357e-05,0.1465713707081522,0.7593172613878377,25,20,20
7,2773,0.09409701432431111,1.4353579703423578e-05,0.14657797720325616,0.7593106548927295,25,20,20
7,2774,0.09409701432431111,1.435357970335012e-05,0.1463117587337114,0.7595768733622742,25,20,20
7,2775,0.09409701432431117,1.4353579703425435e-05,0.14631183934292172,0.7595767927530638,25,20,20
7,2776,0.09409701432431036,1.4353579703348868e-05,0.14631172201889553,0.7595769100770907,25,20,20
7,2777,0.09409701432431032,1.4353579703273577e-05,0.1463117552976201,0.7595768767983664,25,20,20
7,2778,0.0942151933162329,1.4354452277082612e-05,0.1461935753600936,0.7595768768713963,25,20,20
7,2779,0.09421519331627802,1.43544522771572e-05,0.1465669996927292,0.7592034525387154,25,20,20
7,2780,0.09421519332654539,1.4354466123248366e-05,0.1467049119143934,0.7590655402929376,25,20,20
7,2781,0.09421519332654534,1.4354466123247766e-05,0.14669842642519046,0.7590720257821407,25,20,20
7,2782,0.09421519332654454,1.435446636355179e-05,0.1466966553884506,0.7590737968186408,25,20,20
7,2783,0.09421519332654375,1.4354466363549197e-05,0.14669657920051057,0.7590738730065817,25,20,20
7,2784,0.1009887568286949,1.4350344269342538e-05,0.139923020516088,0.7590738723109475,25,20,20
7,2785,0.10098875227181395,1.4350836237285951e-05,0.13948861394147585,0.7595082829504725,25,20,20
7,2786,0.10098875227181395,1.4350836241577598e-05,0.13948861851076239,0.7595082783811816,25,20,20
7,2787,0.10098875227181395,1.4350836001275405e-05,0.13948540648336794,0.7595114904088165,25,20,20
7,2788,0.10098875227181395,1.435083600127413e-05,0.13948537357626278,0.7595115233159215,25,20,20
7,2789,0.10098875227181398,1.4350836001274937e-05,0.13948995669788006,0.7595069401943042,25,20,20
7,2790,0.10098875227181398,1.4350836001274937e-05,0.13948995669788,0.7595069401943042,25,20,20
7,2791,0.10098875227181398,1.4350836001274913e-05,0.1394898756570613,0.7595070212351228,25,20,20
7,2792,0.10098875226150122,1.4350822150981256e-05,0.13922470558723282,0.7597721913291146,25,20,20
7,2793,0.10098875226154674,1.4350822395640049e-05,0.13923129701046283,0.7597655999055942,25,20,20
7,2794,0.10098875226150122,1.4350822150981256e-05,0.139224618202758,0.7597722787135892,25,20,20
7,2795,0.10098870755394662,1.2929818326177121e-05,0.13578224997653782,0.7632161126511889,25,20,20
7,2796,0.10098870755394662,1.292981832625246e-05,0.13578216925636274,0.7632161933713639,25,20,20
7,2797,0.10098870755412837,1.2929818330534235e-05,0.13587439070596286,0.7631239719215777,25,20,20
7,2798,0.10907605856129499,1.2932092869862705e-05,0.12783190726177399,0.7630791020840604,25,20,20
7,2799,0.10907605856125308,1.2932092869863398e-05,0.12746309704326073,0.7634479123026154,25,20,20
7,2800,0.07015030979571096,8.076324570585503e-05,0.1663153375712909,0.7634535893872919,25,20,20
7,2801,0.07015030979571175,8.076324571014465e-05,0.1663218625518329,0.7634470644067448,25,20,20
7,2802,0.07015030979553001,8.07632457058629e-05,0.1662295620346136,0.7635393649241502,25,20,20
7,2803,0.07015030979553004,8.07632457017225e-05,0.1662276574153165,0.7635412695434514,25,20,20
7,2804,0.07015030979553004,8.07632457016498e-05,0.1662275783586886,0.7635413486000793,25,20,20
7,2805,0.07015030979553011,8.076324570172505e-05,0.16623228022072925,0.7635366467380387,25,20,20
7,2806,0.07015030979557563,8.076324594639397e-05,0.16623711375022168,0.763531813208256,25,20,20
7,2807,0.07015030979557244,8.076324594639526e-05,0.16623898796825615,0.7635299389902247,25,20,20
7,2808,0.07015030979575455,8.076324594639397e-05,0.1662437051825661,0.7635252217757328,25,20,20
7,2809,0.07015030979575455,8.076324594639396e-05,0.16624367812208565,0.7635252488362131,25,20,20
7,2810,0.07015030979575458,8.076324570826839e-05,0.1658706771663654,0.7638982497921716,25,20,20
7,2811,0.07558789198578049,8.080250358745464e-05,0.16042233791356036,0.7639089675970716,25,20,20
7,2812,0.0755878919857805,8.080250358745464e-05,0.16079545521571284,0.7635358502949191,25,20,20
7,2813,0.0755878919857805,8.080250358745336e-05,0.16078896629886974,0.7635423392117622,25,20,20
7,2814,0.0760925854784253,6.788222911591404e-05,0.16380940253914075,0.7600301297533177,25,20,20
7,2815,0.07558788983488919,6.813095187430937e-05,0.16431386691018188,0.7600301123030543,25,20,20
7,2816,0.07558788983489233,6.813095187431068e-05,0.16431079013440392,0.7600331890788293,25,20,20
7,2817,0.07558788983489231,6.81309518700932e-05,0.16430924971964267,0.7600347294935947,25,20,20
7,2818,0.07558792355590899,6.813096605397618e-05,0.16432187801244344,0.7600220674655934,25,20,20
7,2819,0.0755879235560456,6.813096580938253e-05,0.16431716514861364,0.7600267803295311,25,20,20
7,2820,0.07558792355604561,6.813096581363542e-05,0.16469026859809527,0.7596536768800455,25,20,20
7,2821,0.07558792355604561,6.81309658134862e-05,0.16468556872205564,0.7596583767560853,25,20,20
7,2822,0.07558792355604642,6.813096581348752e-05,0.1646857232755799,0.7596582222025603,25,20,20
7,2823,0.07558792355604642,6.813096581341355e-05,0.16468576184702324,0.7596581836311168,25,20,20
7,2824,0.08243150688476547,6.812661836720925e-05,0.15784332461780562,0.7596570418790618,25,20,20
7,2825,0.08243150689489065,6.812663221031526e-05,0.15812702557310795,0.7593733408997911,25,20,20
7,2826,0.08243150689493942,6.812663220624863e-05,0.15812706855744213,0.7593732979154123,25,20,20
7,2827,0.08243150689493942,6.812663221053847e-05,0.1581316182608885,0.7593687482119615,25,20,20
7,2828,0.08243150689493942,6.812663220624733e-05,0.1581269155458184,0.7593734509270359,25,20,20
7,2829,0.08243150689493937,6.812663220631999e-05,0.15812699459347462,0.7593733718793797,25,20,20
7,2830,0.11514106117278232,6.810566199871226e-05,0.1254232294802506,0.7593676036849685,25,20,20
7,2831,0.11514106117278232,6.810566199871485e-05,0.12542967980619563,0.7593611533590234,25,20,20
7,2832,0.11514106117278232,6.81056619944985e-05,0.1254296746522227,0.7593611585130003,25,20,20
7,2833,0.11514106117278229,6.810566199024557e-05,0.12505680119831278,0.7597340319669147,25,20,20
7,2834,0.11514106117277911,6.81056619859565e-05,0.1250566836868123,0.7597341494784225,25,20,20
7,2835,0.11514106117277594,6.810566198588255e-05,0.12505506260656704,0.7597357705586711,25,20,20
7,2836,0.11514106117277594,6.81056619859552e-05,0.12504854092549667,0.7597422922397413,25,20,20
7,2837,0.11514106117277599,6.810566222829653e-05,0.12542165938729283,0.7593691737777029,25,20,20
7,2838,0.11433451404567833,2.75279703612539e-07,0.1263017139805935,0.7593634966940244,25,20,20
7,2839,0.11433451404571678,2.75279707233428e-07,0.13217842366729407,0.7534867870072816,25,20,20
7,2840,0.15429165564193587,2.7487732647793455e-07,0.09222128077214126,0.7534867887085964,25,20,20
7,2841,0.15429162192091997,2.7486314687271805e-07,0.09233818354806074,0.7533699196678725,25,20,20
7,2842,0.15429162192088153,2.7486314325181917e-07,0.08608835653486549,0.7596197466811097,25,20,20
7,2843,0.15429162192088153,2.748631432518192e-07,0.0860883237266901,0.759619779489285,25,20,20
7,2844,0.15429162192088153,2.7486314325181917e-07,0.08608835653486552,0.7596197466811097,25,20,20
7,2845,0.15429162192083273,2.7486314310128416e-07,0.08608364938257872,0.7596244538334455,25,20,20
7,2846,0.15429162192078721,2.748631430273165e-07,0.08606972388958108,0.7596383793264887,25,20,20
7,2847,0.15429162192078721,2.7486314302731605e-07,0.08606972388757611,0.7596383793284935,25,20,20
7,2848,0.15429162192078397,2.7486314302467474e-07,0.08606810087345623,0.7596400023426167,25,20,20
7,2849,0.15429162192082949,2.748631516056511e-07,0.08607285488726879,0.7596352483287501,25,20,20
7,2850,0.15429162110966116,2.6934224348023792e-08,0.08607310362736215,0.7596352483287524,25,20,20
7,2851,0.15429162110966435,2.6934228565667e-08,0.08607321784309466,0.7596351341130123,25,20,20
7,2852,0.15429162109940256,2.6920385534945146e-08,0.08578699899386963,0.7599213529863422,25,20,20
7,2853,0.15429162109940256,2.6920381258550522e-08,0.08565766044074902,0.760050691539467,25,20,20
7,2854,0.15429162109935704,2.6920372677574138e-08,0.08565298548041916,0.7600553664998512,25,20,20
7,2855,0.15429162109935754,2.692053179246053e-08,0.09962282026078567,0.746085531719325,25,20,20
7,2856,0.15429162109935673,2.692052757680311e-08,0.0996162967906484,0.7460920551894672,25,20,20
7,2857,0.14106023805758114,4.016094288508622e-08,0.1128476034265565,0.7460921183549193,25,20,20
7,2858,0.14106023805776327,4.016094717760973e-08,0.112851845930687,0.7460878758506024,25,20,20
7,2859,0.14106023805776283,4.016078798872915e-08,0.0988866746654262,0.760053047116023,25,20,20
7,2860,0.14106023805776283,4.016078806397564e-08,0.09888678910578336,0.7600529326756659,25,20,20
7,2861,0.1410602380644734,4.017002086547909e-08,0.1128548140567243,0.7460849077087814,25,20,20
7,2862,0.14106023805771728,4.01607879899855e-08,0.09888451117198661,0.7600552106095083,25,20,20
7,2863,0.14202146145838668,3.966702786861131e-08,0.09835938823331186,0.7596191106412742,25,20,20
7,2864,0.14202146145838662,3.966678559994374e-08,0.09798638163997993,0.7599921172348485,25,20,20
7,2865,0.1420214614583841,3.96667813705341e-08,0.1042357774497658,0.7537427214250694,25,20,20
7,2866,0.14202146145842956,3.9666781445836546e-08,0.10423772437051479,0.7537407745042748,25,20,20
7,2867,0.14202146145843275,3.966702596554233e-08,0.10424247681335778,0.7537360220611841,25,20,20
7,2868,0.13374015570304362,3.7439608003358906e-08,0.11252379273089808,0.7537360141264507,25,20,20
7,2869,0.13374015570304362,3.7439608004701374e-08,0.11252367659461542,0.7537361302627332,25,20,20
7,2870,0.13374015570304365,3.74396080773893e-08,0.11252829796544964,0.7537315088918989,25,20,20
7,2871,0.13374015570286474,3.743960386145476e-08,0.11252417182437625,0.7537356350331553,25,20,20
7,2872,0.13374015570286474,3.743960393541407e-08,0.11253066219352544,0.7537291446640062,25,20,20
7,2873,0.13374015570286393,3.7439603935390904e-08,0.11253062210956545,0.7537291847479668,25,20,20
7,2874,0.13374015570286393,3.743960393541321e-08,0.11253065491791828,0.7537291519396139,25,20,20
7,2875,0.1337401557028671,3.743960393541941e-08,0.11252757659788842,0.7537322302596406,25,20,20
7,2876,0.1337401557028671,3.7439603861447885e-08,0.11252754177449747,0.7537322650830318,25,20,20
7,2877,0.13374015571324802,3.7439608078632964e-08,0.11252573683618528,0.7537340700109588,25,20,20
7,2878,0.13374015571324807,3.743960807863281e-08,0.11253043834784254,0.7537293684993014,25,20,20
7,2879,0.1337401557132481,3.743960807733466e-08,0.11253055234736277,0.7537292544997811,25,20,20
7,2880,0.13374015571324813,3.743961244115876e-08,0.11253499145171655,0.7537248153954227,25,20,20
7,2881,0.13374015571324815,3.743961236718736e-08,0.11254151540143714,0.7537182914457021,25,20,20
7,2882,0.13374015571325215,3.743961244509786e-08,0.1125350261241434,0.7537247807229919,25,20,20
7,2883,0.13374015571325218,3.743961252041281e-08,0.11253495305017973,0.7537248537969554,25,20,20
7,2884,0.1337401557132522,3.7439612445179154e-08,0.1125307037574092,0.753729103089726,25,20,20
7,2885,0.13374015571307007,3.743961236861256e-08,0.11253058250586304,0.7537292243414544,25,20,20
7,2886,0.13358994281748196,3.743961384336529e-08,0.11268079540118432,0.7537292243417201,25,20,20
7,2887,0.13358994738062388,3.2928013616727114e-08,0.11268079534975675,0.7537292243416057,25,20,20
7,2888,0.1335899473806207,3.292776902307292e-08,0.11267596186972673,0.7537340578218834,25,20,20
7,2889,0.1068903410905007,1.934519378363387e-08,0.10085443231427992,0.7922552072500259,25,20,20
7,2890,0.1068903410905007,1.934519385760465e-08,0.10085451335164437,0.7922551262126615,25,20,20
7,2891,0.10689034109050066,1.934519804409853e-08,0.1011207305176161,0.7919889090466856,25,20,20
7,2892,0.10689034109049998,1.934519798061961e-08,0.09487113871491726,0.798238500849385,25,20,20
7,2893,0.10689034109049925,1.9345197979253165e-08,0.09487574448325432,0.7982338950810487,25,20,20
7,2894,0.10689034109049998,1.9345193763371285e-08,0.0948714246297386,0.7982382149345679,25,20,20
7,2895,0.10689034108011906,1.9345193762521182e-08,0.09486682200805532,0.7982428175666323,25,20,20
7,2896,0.10689034108011505,1.934519375858168e-08,0.09486678732687018,0.7982428522478213,25,20,20
7,2897,0.10689034108011508,1.934519375858168e-08,0.09486678735171176,0.7982428522229796,25,20,20
7,2898,0.10689034108011508,1.9345193758581463e-08,0.09487327565344275,0.7982363639212489,25,20,20
7,2899,0.10689034108006953,1.934519375983291e-08,0.0948774793248457,0.7982321602498914,25,20,20
7,2900,0.11224042655045686,1.919677241809334e-08,0.0895274077782208,0.7982321464745502,25,20,20
7,2901,0.11380067107218718,2.0790825731325435e-08,0.08796715774395975,0.7982321503930274,25,20,20
7,2902,0.09346164846411474,1.0762100979824578e-08,0.1083086180771393,0.7982297226966446,25,20,20
7,2903,0.09346164846411158,1.0762096718061825e-08,0.10804236559904755,0.7984959751747439,25,20,20
7,2904,0.09346164846411079,1.076209657011917e-08,0.10804884712634313,0.7984894936474496,25,20,20
7,2905,0.09346164846415636,1.0776036716080854e-08,0.10805896803748308,0.7984793727223237,25,20,20
7,2906,0.13189548101724505,9.174306072935674e-09,0.06962514097420977,0.7984793688342386,25,20,20
7,2907,0.13143036520436746,9.174307053384952e-09,0.07009025674426313,0.798479368877062,25,20,20
7,2908,0.13143036520436746,9.17430705206485e-09,0.07009025816013867,0.7984793674611865,25,20,20
7,2909,0.13143036520436502,9.1743071273131e-09,0.07008871911611084,0.7984809065052169,25,20,20
7,2910,0.13143036520436502,9.1743071273131e-09,0.07008863723498439,0.7984809883863432,25,20,20
7,2911,0.13143036520436502,9.174307202582021e-09,0.0700886392730386,0.7984809863482889,25,20,20
7,2912,0.13143036520436502,9.174307126016166e-09,0.07008867263958118,0.7984809529817464,25,20,20
7,2913,0.13143036520436505,9.17430283572269e-09,0.07008847806977736,0.7984811475515545,25,20,20
7,2914,0.1314303652043651,9.174302909694286e-09,0.07008848008148623,0.7984811455398454,25,20,20
7,2915,0.13143036520436507,9.174302834425755e-09,0.07008840007682898,0.7984812255445028,25,20,20
7,2916,0.16351309114889623,9.248163865729823e-09,0.038005674130739214,0.7984812254722002,25,20,20
7,2917,0.16351309114889623,9.248168156656547e-09,0.038012279201684214,0.798474620401251,25,20,20
7,2918,0.13596076820039632,9.028349810496992e-08,0.06555351341595611,0.7984856281001491,25,20,20
7,2919,0.13590707443198147,4.937634185424755e-08,0.06561806464872806,0.7984748115429483,25,20,20
7,2920,0.13590707443202696,4.939028115956143e-08,0.06563026973260604,0.7984626064450855,25,20,20
7,2921,0.10655092057847058,1.39973528420799e-06,0.09497874959765434,0.7984689300885904,25,20,20
7,2922,0.10655092057847054,1.3997352842080129e-06,0.09497416258463977,0.798473517101605,25,20,20
7,2923,0.10655092057847373,1.3997352842106082e-06,0.09497432334531966,0.7984733563409221,25,20,20
7,2924,0.10393951537148363,2.715704636937374e-05,0.09756041038714901,0.7984729171949979,25,20,20
7,2925,0.10393951537148365,2.7157046369298498e-05,0.09756478257248918,0.7984685450096578,25,20,20
7,2926,0.1039395153714836,2.7157046369373233e-05,0.09782446367431692,0.79820886390783,25,20,20
7,2927,0.09840952345391109,2.7116917066278865e-05,0.10335448757820435,0.7982088720508185,25,20,20
7,2928,0.09840952345391109,2.711691706635414e-05,0.1033545700461918,0.7982087895828309,25,20,20
7,2929,0.09840952345391109,2.711691706635284e-05,0.10334796596308707,0.7982153936659357,25,20,20
7,2930,0.09840952345391109,2.711691728255076e-05,0.1080067114637059,0.7935566481651005,25,20,20
7,2931,0.08468059056629394,1.3504751825406042e-06,0.12176349356589795,0.7935545653926256,25,20,20
7,2932,0.08465420489235091,1.3504478550142355e-06,0.12031109754496311,0.7950333471148315,25,20,20
7,2933,0.08465420489235012,1.3504478549389642e-06,0.12031263390831504,0.7950318107514803,25,20,20
7,2934,0.08465420489235331,1.3504478548663597e-06,0.12031262770606306,0.795031816953729,25,20,20
7,2935,0.08465420489235326,1.3504478549416512e-06,0.12030794528415269,0.7950364993756392,25,20,20
7,2936,0.08465420489235331,1.3504478549416488e-06,0.12030945242206785,0.7950349922377239,25,20,20
7,2937,0.08465420489235333,1.3504478549429467e-06,0.12030941133765732,0.7950350333221345,25,20,20
7,2938,0.08465420489235648,1.3504478592345672e-06,0.12030947797482679,0.7950349666849577,25,20,20
7,2939,0.08465420489235648,1.3504478635241966e-06,0.12030947969413182,0.7950349649656484,25,20,20
7,2940,0.08465420489235966,1.3504481081064056e-06,0.12031614277547431,0.795028301884058,25,20,20
7,2941,0.10480647196305957,3.281283230883571e-11,0.10017154975798065,0.7950219782461473,25,20,20
7,2942,0.10480647196305952,3.2812758339978376e-11,0.10017462857966136,0.7950188994244667,25,20,20
7,2943,0.1048064719630595,3.281283048987233e-11,0.10044081291939197,0.7947527150847358,25,20,20
7,2944,0.12079819280796102,2.0427046983707864e-08,0.08444907163714062,0.7947527151278514,25,20,20
7,2945,0.12079819280791555,2.0413107754957296e-08,0.0844383736331874,0.7947634131457891,25,20,20
7,2946,0.12079819280791555,2.0413107828919654e-08,0.08443647068210862,0.7947653160968681,25,20,20
7,2947,0.12079819280791555,2.041310775281822e-08,0.08417013636591804,0.7950316504130585,25,20,20
7,2948,0.12079819280791561,2.041310353845809e-08,0.08416364576019238,0.7950381410187883,25,20,20
7,2949,0.12079819280791572,2.0413103541121872e-08,0.08416372967353805,0.7950380571054425,25,20,20
7,2950,0.12079819280791579,2.041310361638992e-08,0.0841638448595572,0.7950379419194235,25,20,20
7,2951,0.12079819280791579,2.0412887418464742e-08,0.07950506393812005,0.7996967228410766,25,20,20
7,2952,0.12079819280791572,2.0412887341875788e-08,0.07950503051786713,0.7996967562613296,25,20,20
7,2953,0.12079819280791566,2.0412887340531957e-08,0.07950510498446973,0.7996966817947271,25,20,20
7,2954,0.12079819280796121,2.041288741451224e-08,0.07950063518127853,0.7997011515978726,25,20,20
7,2955,0.12079819280795809,2.0412883050241784e-08,0.07950056791388765,0.799701218865271,25,20,20
7,2956,0.12079819280795809,2.041288312417848e-08,0.07950247089607432,0.7996993158830841,25,20,20
7,2957,0.12079819280795887,2.0412883273417786e-08,0.07950255331426523,0.7996992334648922,25,20,20
7,2958,0.12079819280795888,2.041288334870901e-08,0.0795025867447762,0.7996992000343812,25,20,20
7,2959,0.12079819280795888,2.041288763833759e-08,0.07950919076530691,0.7996925960138463,25,20,20
7,2960,0.12079819280795574,2.041289192792002e-08,0.0795156875986667,0.7996860991804853,25,20,20
7,2961,0.12642341269566656,2.114148268106532e-08,0.07389056743351331,0.799685998729337,25,20,20
7,2962,0.1264234126956666,2.1141641844934463e-08,0.08786032618452323,0.7857162399781678,25,20,20
7,2963,0.12526276365976274,2.136505026361915e-08,0.08902097303677825,0.7857162419384092,25,20,20
7,2964,0.12526276365971717,2.13511101176339e-08,0.08901085227081387,0.7857263627183593,25,20,20
7,2965,0.12526276418212773,2.1363419198664463e-08,0.09369984298907727,0.7810373714653761,25,20,20
7,2966,0.12526276418212778,2.1363423461715648e-08,0.093966101687201,0.780771112767248,25,20,20
7,2967,0.12526276418213095,2.1363264225196698e-08,0.07999629416388655,0.7947409202907175,25,20,20
7,2968,0.12526276418213164,2.1363508818827565e-08,0.08000104713459386,0.7947361673197646,25,20,20
7,2969,0.12526276418213167,2.1363504677135786e-08,0.07999606422021271,0.7947411502341503,25,20,20
7,2970,0.12526276418213478,2.1363500488056117e-08,0.07972984571435165,0.7950073687400123,25,20,20
7,2971,0.12526276418208926,2.1363500337495657e-08,0.07972961368447064,0.795007600769939,25,20,20
7,2972,0.1252627641820861,2.1363500411443264e-08,0.07972962964844181,0.795007584805971,25,20,20
7,2973,0.1258869427854546,9.655425750720248e-10,0.07910547150389986,0.7950075847451022,25,20,20
7,2974,0.1089775123037686,1.1789187449251497e-09,0.0960149007721405,0.795007585745172,25,20,20
7,2975,0.1089775123037686,1.1791617392107016e-09,0.09628117083283644,0.794741315684233,25,20,20
7,2976,0.1253858367908296,9.658997739142612e-10,0.0798728475295978,0.7947413147136722,25,20,20
7,2977,0.11987746162810904,2.370831200548671e-10,0.08538132243729583,0.7947412156975118,25,20,20
7,2978,0.11987746162810903,2.370830448205899e-10,0.08537472021678409,0.7947478179180237,25,20,20
7,2979,0.11987746162810894,2.3684004919135883e-10,0.08510836968072916,0.7950141684543217,25,20,20
7,2980,0.11987746163853545,2.3659982101959163e-10,0.08510531211852275,0.7950172260063418,25,20,20
7,2981,0.11987746163853627,2.365998223177203e-10,0.08510531741040467,0.7950172207144591,25,20,20
7,2982,0.11987746163853631,2.365998210203148e-10,0.08510535554013851,0.7950171825847251,25,20,20
7,2983,0.11987746163858189,2.368443476825631e-10,0.08510915385962615,0.7950133842649474,25,20,20
7,2984,0.11987746163853631,2.365997483470303e-10,0.08510994151394174,0.7950125966109219,25,20,20
7,2985,0.08308295176707764,1.3400751889867083e-06,0.12190310574663366,0.7950126024110992,25,20,20
7,2986,0.08308295124466707,1.340062879833027e-06,0.11721408025181161,0.7997016284406412,25,20,20
7,2987,0.08308295124466714,1.340062875618667e-06,0.1172075901237873,0.7997081185686696,25,20,20
7,2988,0.08308295124466794,1.3400628799837828e-06,0.11721229232872693,0.799703416363725,25,20,20
7,2989,0.08308295124466786,1.3400628799084689e-06,0.1172121724974076,0.7997035361950444,25,20,20
7,2990,0.08308295124467106,1.340062879983783e-06,0.1172122923532016,0.799703416339247,25,20,20
7,2991,0.08308295124467038,1.3400628756952707e-06,0.117212291401723,0.7997034172907307,25,20,20
7,2992,0.08308295124485256,1.3400628758471246e-06,0.11721394213419858,0.7997017665580729,25,20,20
7,2993,0.08359266637675306,1.3400627596445188e-06,0.11670422703193294,0.7997017665285543,25,20,20
7,2994,0.08359266637675299,1.3400627595679608e-06,0.11670422730363976,0.7997017662568475,25,20,20
7,2995,0.08359266637675299,1.3400627594926697e-06,0.11670414680874382,0.7997018467517438,25,20,20
7,2996,0.0835926663769343,1.3400627594174013e-06,0.11671075512570454,0.7996952384346018,25,20,20
7,2997,0.08359266637693435,1.340062763705914e-06,0.11671075742729066,0.7996952361330113,25,20,20
7,2998,0.08359266637693481,1.3400629228947491e-06,0.13067592867904132,0.7857300648811012,25,20,20
7,2999,0.0803931511130783,1.6172332024062168e-05,0.13385926521003036,0.7857314113448675,25,20,20
7,3000,0.08039315111307824,1.617233202406087e-05,0.13385926470728995,0.7857314118476079,25,20,20
7,3001,0.08039315111308143,1.617233201977124e-05,0.1338574564991463,0.7857332200557526,25,20,20
7,3002,0.08039315111308216,1.617233201969599e-05,0.13386247793517753,0.7857281986197207,25,20,20
7,3003,0.0803931511130817,1.6172331860507177e-05,0.1198926586955011,0.7996980178595566,25,20,20
7,3004,0.08039315111289955,1.6172331860357923e-05,0.1198910876268239,0.7996995889284162,25,20,20
7,3005,0.08039315111289642,1.6172345799660618e-05,0.11989861088079128,0.7996920656605125,25,20,20
7,3006,0.08039315111294196,1.6172345803952883e-05,0.11990525762809305,0.799685418913161,25,20,20
7,3007,0.08039315111289642,1.61723457997372e-05,0.11990331271481143,0.7996873638264924,25,20,20
7,3008,0.0803931511129419,1.6172331860583742e-05,0.11989122320607765,0.79969945334912,25,20,20
7,3009,0.08039315111481715,1.6172906329283223e-05,0.13097283070982754,0.7886178452690261,25,20,20
7,3010,0.08039315111481395,1.6172906329209254e-05,0.13097282390150533,0.7886178520773514,25,20,20
7,3011,0.08039315111481554,1.6172906329210623e-05,0.13097268731293946,0.7886179886659157,25,20,20
7,3012,0.0692501927980604,1.6596672561797536e-05,0.14211520383000265,0.7886180066993751,25,20,20
7,3013,0.06925019279806036,1.6596672561722272e-05,0.14211358229199836,0.7886196282373794,25,20,20
7,3014,0.07138631897026203,1.6175007302374373e-05,0.13997787709818316,0.7886196289242523,25,20,20
7,3015,0.07138631897025884,1.6175007302300403e-05,0.1399777578524379,0.7886197481700009,25,20,20
7,3016,0.07138631252693795,0.0008726480102676469,0.13912264357329926,0.7886183958894951,25,20,20
7,3017,0.07134227786387952,0.0008726483921173221,0.13916648413969573,0.7886185896043074,25,20,20
7,3018,0.07134227786388031,0.0008726483923603172,0.13943272079044877,0.7883523529533106,25,20,20
7,3019,0.07123568419501396,0.0008885263593093691,0.13952343607630052,0.788352353369377,25,20,20
7,3020,0.07123568419483185,0.0008885263593093677,0.13951670719111747,0.7883590822547422,25,20,20
7,3021,0.07123568419483105,0.0008885263593092171,0.1395166626439558,0.7883591268019046,25,20,20
7,3022,0.07123569261469659,0.0008885263734887973,0.13952735390675805,0.7883484271050571,25,20,20
7,3023,0.07123569261469659,0.0008885263734887959,0.13952743437611612,0.788348346635699,25,20,20
7,3024,0.07123569261469578,0.0008885263734930089,0.1395294756634111,0.7883463053484004,25,20,20
7,3025,0.07444186109463007,0.0008885242738996834,0.13632332764098357,0.788346286990487,25,20,20
7,3026,0.0744418610946748,0.000888524273895543,0.13631695313811526,0.7883526614933147,25,20,20
7,3027,0.07444186109467474,0.0008885242738954664,0.1363168656988792,0.7883527489325511,25,20,20
7,3028,0.0744418610946747,0.0008885242738911766,0.1363121635345756,0.7883574510968588,25,20,20
7,3029,0.04552064935743463,0.0008885239874710861,0.16523071726255573,0.7883601093925385,25,20,20
7,3030,0.036934618251369164,0.0008887105898178642,0.17371708347719086,0.788459587681622,25,20,20
7,3031,0.036934618251323686,0.000888710589817715,0.17371693394947663,0.7884597372093819,25,20,20
7,3032,0.036934618251323686,0.0008887105898177163,0.17371693537152016,0.7884597357873385,25,20,20
7,3033,0.036934618251323686,0.0008887105898177175,0.1737170144597102,0.7884596566991483,25,20,20
7,3034,0.036934618251323686,0.0008887105898177175,0.1737154760577884,0.7884611951010702,25,20,20
7,3035,0.03693461825132369,0.0008887105898176448,0.17371539700980101,0.7884612741490575,25,20,20
7,3036,0.06437166531625704,0.0008887103747865714,0.14627835216805044,0.788461272140906,25,20,20
7,3037,0.06437166531625399,0.000888710374786572,0.14601208719000364,0.7887275371189557,25,20,20
7,3038,0.07431888793548284,0.0008898058261720057,0.13605854471480783,0.7887327615235372,25,20,20
7,3039,0.07431888793548279,0.0008898058261720057,0.13605857027980237,0.7887327359585428,25,20,20
7,3040,0.07431888793547961,0.0008898058259274223,0.13605847061040943,0.7887328356281834,25,20,20
7,3041,0.08885185964096814,0.0008896192223096828,0.12162516415257267,0.7886333569841497,25,20,20
7,3042,0.08885185964096892,0.0008896192223139725,0.12163179960101664,0.7886267215357006,25,20,20
7,3043,0.04989274381751785,0.0008911958894627619,0.16058920680481403,0.7886268534882045,25,20,20
7,3044,0.049907656891491445,1.8556965989581816e-05,0.16144525174733623,0.788628534395183,25,20,20
7,3045,0.049907656891491466,1.8556965993870123e-05,0.16145177715516273,0.7886220089873524,25,20,20
7,3046,0.04990765689154019,1.855696623847458e-05,0.16145506468370166,0.7886187214585202,25,20,20
7,3047,0.04990765689149465,1.855696624261497e-05,0.16146143914661182,0.7886123469956516,25,20,20
7,3048,0.04891433694512038,1.698056058736726e-05,0.16245639875417986,0.7886122837401129,25,20,20
7,3049,0.04891433694512027,1.6980560587367237e-05,0.1624564314481554,0.7886122510461375,25,20,20
7,3050,0.04891433694511948,1.698056034429813e-05,0.16219019340494026,0.7888784890895963,25,20,20
7,3051,0.04891433694511949,1.698056034000982e-05,0.16218359093509785,0.7888850915594432,25,20,20
7,3052,0.04891433694324345,1.697998587123502e-05,0.15109533702905106,0.7999733460418351,25,20,20
7,3053,0.048914336943243465,1.697998587560141e-05,0.15110001112096957,0.799968671949912,25,20,20
7,3054,0.048914336943243486,1.6979986120211517e-05,0.15110228958884844,0.7999663934817884,25,20,20
7,3055,0.04891433694324349,1.6979986120208946e-05,0.15110236303208632,0.7999663200385507,25,20,20
7,3056,0.048914336943246726,1.69799858756015e-05,0.15110634135735432,0.7999623417135241,25,20,20
7,3057,0.048914328512953895,1.6979971695944093e-05,0.15110047865283247,0.7999682128625184,25,20,20
7,3058,0.04891432851295395,1.6979971696019384e-05,0.15110048007033353,0.7999682114450173,25,20,20
7,3059,0.0489143285129515,1.697997169609331e-05,0.1510942619642824,0.7999744295510708,25,20,20
7,3060,0.04891432851295148,1.69799716918037e-05,0.15108765747854114,0.7999810340368164,25,20,20
7,3061,0.048914328512951466,1.6979971687438632e-05,0.1510829569552792,0.7999857345600827,25,20,20
7,3062,0.04891432851295784,1.6979971687513923e-05,0.15108306395136015,0.7999856275639954,25,20,20
7,3063,0.04891432851295789,1.6979971687513923e-05,0.15108310190677804,0.7999855896085774,25,20,20
7,3064,0.04891432851295789,1.6979971687512602e-05,0.1510829880575865,0.7999857034577686,25,20,20
7,3065,0.048914328512957954,1.6979971687511284e-05,0.15108314982452803,0.7999855416908271,25,20,20
7,3066,0.048914328512957954,1.697997169172694e-05,0.1510896404429912,0.7999790510723597,25,20,20
7,3067,0.04891432851295801,1.697997168743861e-05,0.1510830373704133,0.7999856541449418,25,20,20
7,3068,0.04891432851296121,1.6979971687515167e-05,0.1510875760594185,0.7999811154559333,25,20,20
7,3069,0.04891432851314214,1.6979971930510776e-05,0.1513538549997102,0.7997148365152175,25,20,20
7,3070,0.04891432851314292,1.6979971930513347e-05,0.15135374244207822,0.7997149490728487,25,20,20
7,3071,0.04891432851314292,1.697997193051464e-05,0.15135374185623532,0.7997149496586917,25,20,20
7,3072,0.049292114626470554,1.5884836242231483e-05,0.15098227375651357,0.7997097267807743,25,20,20
7,3073,0.04929211462629283,1.5884835999309864e-05,0.150720616471851,0.7999713840658574,25,20,20
7,3074,0.04929211462629349,1.5885506590982943e-05,0.15697095079119702,0.793721049075919,25,20,20
7,3075,0.04927715264445134,0.001086321342662101,0.15582762156661087,0.793808904446276,25,20,20
7,3076,0.04927715264445209,0.0010863213429059308,0.1559571420291993,0.7936793839834431,25,20,20
7,3077,0.04927715264445129,0.0010863213429059282,0.15595718252476146,0.7936793434878818,25,20,20
7,3078,0.04927715264453887,0.001086321343149786,0.15608256352654348,0.7935539624857683,25,20,20
7,3079,0.04927715264453893,0.0010863213431454965,0.1560760395357023,0.7935604864766137,25,20,20
7,3080,0.06160103339906557,0.0010863333471852381,0.14375494110073808,0.7935576921530114,25,20,20
7,3081,0.061848913773289285,0.0010872968089673987,0.1433729181813308,0.7936908712364132,25,20,20
7,3082,0.06184891377328609,0.001087296808967474,0.14337482022374934,0.7936889691939978,25,20,20
7,3083,0.0618489137864912,0.0010872968089893147,0.17980453167688798,0.7572592577276319,25,20,20
7,3084,0.061848913786487957,0.0010872968089892408,0.17980145067532485,0.7572623387291982,25,20,20
7,3085,0.061848913786487957,0.0010872968089892395,0.17980152971868915,0.7572622596858339,25,20,20
7,3086,0.10129221425103921,0.0010714389216398856,0.1403740858775042,0.7572622609498171,25,20,20
7,3087,0.10129221425103839,0.0010714389213961283,0.14024926382757752,0.7573870829999885,25,20,20
7,3088,0.1012922142510838,0.001071438921396206,0.1403789492395685,0.757257397587952,25,20,20
7,3089,0.10129221505100876,0.0010856138807969595,0.14393501959419966,0.7536871514739952,25,20,20
7,3090,0.10129221505105411,0.0010856138946867134,0.14408915020678528,0.7535330208474745,25,20,20
7,3091,0.09350687126683666,0.0010856176553570073,0.15187239349187945,0.7535351175859275,25,20,20
7,3092,0.09350687126683666,0.0010856176553570073,0.15187239348160417,0.7535351175962026,25,20,20
7,3093,0.09350687126683667,0.001085617655357007,0.1518723934816041,0.7535351175962026,25,20,20
7,3094,0.09350705516427478,0.001071447125431707,0.1518863597306918,0.753535137979602,25,20,20
7,3095,0.09350705516422936,0.0010714471115418778,0.15173222766591826,0.7536892700583109,25,20,20
7,3096,0.09350705516422858,0.001071447111537588,0.15172570515931733,0.7536957925649168,25,20,20
7,3097,0.11087089949894752,0.00108504923634331,0.13428436765149174,0.7537596836132178,25,20,20
7,3098,0.11087089949894832,0.0010850492363476765,0.13428906927076242,0.7537549819939418,25,20,20
7,3099,0.11087089949885433,0.0010850492361038169,0.134168279083023,0.753875772182019,25,20,20
7,3100,0.1108708994989415,0.001085049236103887,0.1358835946483319,0.7521604566166229,25,20,20
7,3101,0.11087090008676852,0.0010850492499543266,0.13615097682575888,0.7518930738375184,25,20,20
7,3102,0.11087090008676852,0.0010850492499544018,0.13615097741279736,0.7518930732504798,25,20,20
7,3103,0.07425863999941121,0.0010850946162703893,0.1727629757741075,0.7518932896102092,25,20,20
7,3104,0.07425863999941122,0.0010850946162702401,0.1727564874724661,0.7518997779118508,25,20,20
7,3105,0.058182272759216384,0.001085074544253786,0.1888328764637924,0.7518997762327357,25,20,20
7,3106,0.058182272759215586,0.0010850745442494195,0.18882817287142997,0.7519044798251033,25,20,20
7,3107,0.05818227275921571,0.0010850745444982283,0.1887032004077929,0.7520294522884916,25,20,20
7,3108,0.05819723116572163,3.4717510702909575e-05,0.18982810585252177,0.7519399454710528,25,20,20
7,3109,0.05819723116572166,3.471751070283431e-05,0.18982825337041997,0.7519397979531546,25,20,20
7,3110,0.058197231165721675,3.471751070283695e-05,0.1898283365116458,0.751939714811929,25,20,20
7,3111,0.05819704652787766,3.471759731350599e-05,0.1898285418045808,0.7519396940702279,25,20,20
7,3112,0.09630626020080746,3.467191296439697e-05,0.15171959003288257,0.751939477853346,25,20,20
7,3113,0.09629133049282837,1.4586948182129513e-05,0.11636061381564783,0.7873334687433414,25,20,20
7,3114,0.09629133049282836,1.458694818205553e-05,0.11635401043171209,0.7873400721272773,25,20,20
7,3115,0.09629133049282836,1.4586948182202066e-05,0.11672703224821446,0.7869670503107749,25,20,20
7,3116,0.09629133049282836,1.4586948182278657e-05,0.11672711542107952,0.7869669671379097,25,20,20
7,3117,0.09629133049282762,1.4586277590604282e-05,0.11047685300836566,0.7932172302212162,25,20,20
7,3118,0.09629137638434558,0.0008170733454365731,0.10967431933094542,0.7932172309392723,25,20,20
7,3119,0.09629137638434558,0.0008170733454365731,0.10967454931641935,0.7932170009537982,25,20,20
7,3120,0.09629137638434637,0.0008170733456811567,0.10968102378784746,0.7932105264821248,25,20,20
7,3121,0.09629137638434644,0.0008170733574462077,0.11593053843077678,0.7869610118274302,25,20,20
7,3122,0.11501855689603774,4.5556408061265065e-05,0.09797487399879357,0.786961012697107,25,20,20
7,3123,0.11501855689603775,4.5556408065553376e-05,0.09798136354455772,0.7869545231513386,25,20,20
7,3124,0.11501855689603775,4.55564080654768e-05,0.09797666171148554,0.7869592249844107,25,20,20
7,3125,0.11501855689603775,4.5556408065402936e-05,0.09760359811075761,0.7873322885851388,25,20,20
7,3126,0.11501855689603775,4.5556408065479494e-05,0.09760814553503101,0.7873277411608653,25,20,20
7,3127,0.11479720786122477,4.462267897828303e-05,0.09796367604303058,0.7871944934167666,25,20,20
7,3128,0.11479720786117605,4.46226787336786e-05,0.09796038853883346,0.787197780921257,25,20,20
7,3129,0.11479720786880472,4.4622688982373026e-05,0.10856900115571293,0.7765891682865,25,20,20
7,3130,0.10737324401272512,5.767917449831754e-05,0.11591767965715968,0.7766513971556175,25,20,20
7,3131,0.10737324401272512,5.767917449831754e-05,0.11591995790275175,0.7766491189100253,25,20,20
7,3132,0.10737324401272512,5.767917449824098e-05,0.11591541047847845,0.7766536663342989,25,20,20
7,3133,0.10737324401272433,5.7679174253658724e-05,0.1159087459831907,0.7766603308298318,25,20,20
7,3134,0.10737324401272433,5.767917425365999e-05,0.11590859354750412,0.7766604832655184,25,20,20
7,3135,0.10737324401290647,5.767918813711545e-05,0.11607884765455827,0.7764902291443987,25,20,20
7,3136,0.11635061380742753,7.07724529170433e-05,0.10346173093228046,0.7801168828073753,25,20,20
7,3137,0.11635061380742753,7.077245291711856e-05,0.10346181398595398,0.7801167997537017,25,20,20
7,3138,0.11635061380742752,7.077245292133293e-05,0.10346829936479224,0.7801103143748592,25,20,20
7,3139,0.11635061381618045,7.077246467685196e-05,0.10974538191710564,0.7738332318020373,25,20,20
7,3140,0.11635061322839896,7.077245083077802e-05,0.10947811652516704,0.7741004977956032,25,20,20
7,3141,0.11635061322839892,7.077245083070405e-05,0.1094846375013599,0.7740939768194104,25,20,20
7,3142,0.11635061322839892,7.077245083077879e-05,0.10975085395845913,0.773827760362311,25,20,20
7,3143,0.1163505833783934,7.077242615457413e-05,0.10514498820830447,0.7784336559871475,25,20,20
7,3144,0.11635058337076476,7.077241591016952e-05,0.09454107773138619,0.7890375664819389,25,20,20
7,3145,0.11635058337076483,7.077241591438586e-05,0.09454123500618328,0.7890374092071377,25,20,20
7,3146,0.11635058337076401,7.077241591009625e-05,0.09453463114766404,0.789044013065662,25,20,20
7,3147,0.11635058337076408,7.077241591009626e-05,0.09453465817543295,0.7890439860378926,25,20,20
7,3148,0.11635058337076722,7.077241591017153e-05,0.09453466017888408,0.7890439840344382,25,20,20
7,3149,0.11635058337076806,7.077241591017204e-05,0.09426847037781513,0.7893101738355063,25,20,20
7,3150,0.12783734384543505,5.7649160387347714e-05,0.08641864604175774,0.7856863609524193,25,20,20
7,3151,0.12629373277903683,5.7649358079858824e-05,0.08795923699423797,0.7856893808686448,25,20,20
7,3152,0.12629373277903674,5.764935807985749e-05,0.0879592085547007,0.785689409308182,25,20,20
7,3153,0.12629373277899122,5.7649357835262035e-05,0.08796102105831928,0.7856875968048536,25,20,20
7,3154,0.12629373277903738,5.764935783954103e-05,0.0880908305039773,0.7855577873591453,25,20,20
7,3155,0.1080162952000304,5.775585022273673e-05,0.10634316840262265,0.7855827805471236,25,20,20
7,3156,0.10801629519127748,5.775583846729162e-05,0.10007265010681765,0.7918532988634369,25,20,20
7,3157,0.10801629520165902,5.775583871619129e-05,0.10007347854489998,0.7918524704147241,25,20,20
7,3158,0.10801629520157191,5.775583871604726e-05,0.09835816464499643,0.7935677843147153,25,20,20
7,3159,0.12927506815324244,2.678120414712844e-05,0.07713036792224537,0.7935677827203645,25,20,20
7,3160,0.12927506815324327,2.6781204147203008e-05,0.07750348664188225,0.7931946640007268,25,20,20
7,3161,0.12927506815324646,2.6781204391773092e-05,0.07751238947976721,0.793185761162594,25,20,20
7,3162,0.12927506815324646,2.6781204387632012e-05,0.07751381647555888,0.7931843341668063,25,20,20
7,3163,0.12927506815342857,2.6781204391847902e-05,0.07751196536699709,0.7931861852751818,25,20,20
7,3164,0.1292750681534278,2.678120439177338e-05,0.07713884865372793,0.7935593019884518,25,20,20
7,3165,0.1292750681638082,2.6781204640572605e-05,0.07714547240604454,0.7935526782255061,25,20,20
7,3166,0.1292750681638051,2.678120439600124e-05,0.07713673137847492,0.7935614192533236,25,20,20
7,3167,0.1292750681534255,2.678120439172302e-05,0.07713486006920534,0.7935632905729768,25,20,20
7,3168,0.14843553555500036,2.678120083569e-05,0.05797723349507857,0.793560449749085,25,20,20
7,3169,0.14843553555504874,2.6781201078769998e-05,0.05822983869875589,0.7933078445451162,25,20,20
7,3170,0.1554954412714861,1.3163216133436885e-05,0.05124959643344005,0.7932417990789403,25,20,20
7,3171,0.15549544127148607,1.316321613343818e-05,0.051244896958108674,0.7932464985542717,25,20,20
7,3172,0.1554954412714852,1.3163215893133522e-05,0.05124025870541933,0.7932511368072022,25,20,20
7,3173,0.15549544126110365,1.3163215644231243e-05,0.05123780879646711,0.7932535867267849,25,20,20
7,3174,0.15549544126110365,1.3163215644306532e-05,0.05123943025224,0.7932519652710118,25,20,20
7,3175,0.1554954412611036,1.3163215644155999e-05,0.05123780743383337,0.7932535880894188,25,20,20
7,3176,0.15549544126110357,1.3163215639940343e-05,0.05123131680256585,0.7932600787206908,25,20,20
7,3177,0.11629220660697782,1.3177958017420554e-05,0.09043446880833543,0.7932601466266695,25,20,20
7,3178,0.1162922066069779,1.317795801313227e-05,0.09042786548892616,0.7932667499460828,25,20,20
7,3179,0.11530676396337082,1.3178306437019043e-05,0.09141330772482856,0.7932667500053638,25,20,20
7,3180,0.1153067639633708,1.3178306437092276e-05,0.09178640727131397,0.7928936504588784,25,20,20
7,3181,0.11530676396332237,1.3178306194013576e-05,0.09153366534463332,0.7931463923858505,25,20,20
7,3182,0.1153067639633224,1.3178306432719372e-05,0.09179531371787476,0.7928847440123703,25,20,20
7,3183,0.11530676396332247,1.3178306432719372e-05,0.09179997723977674,0.7928800804904682,25,20,20
7,3184,0.11530676396332247,1.3178306432645402e-05,0.09179847225591319,0.792881585474332,25,20,20
7,3185,0.11530676455334328,1.3178320334774158e-05,0.09191735661217983,0.7927627005141424,25,20,20
7,3186,0.11530676455334243,1.3178320338950481e-05,0.09229031737497871,0.7923897397513402,25,20,20
7,3187,0.1153067645533424,1.3178320338949184e-05,0.0922903161225975,0.7923897410037215,25,20,20
7,3188,0.11530676455334321,1.3178320343200742e-05,0.09266341769709627,0.7920166394292177,25,20,20
7,3189,0.11530676455334321,1.3178320343199444e-05,0.09266330327231706,0.7920167538539968,25,20,20
7,3190,0.11541552582002057,1.3178348022764732e-05,0.09285845818622947,0.7917128376457275,25,20,20
7,3191,0.11541552582002057,1.3178348018587112e-05,0.09248547015767153,0.7920858256742896,25,20,20
7,3192,0.11541552582006583,1.3178361861619721e-05,0.0927739677241566,0.7917973280939162,25,20,20
7,3193,0.11541552582011105,1.3178375712062168e-05,0.09304139011399384,0.7915299056901833,25,20,20
7,3194,0.11541552582270607,1.3178375960935013e-05,0.0930481390817069,0.7915231567196264,25,20,20
7,3195,0.11541552523272766,1.3178362063096076e-05,0.09293392469611053,0.7916373717090991,25,20,20
7,3196,0.1154155252325455,1.3178348179714594e-05,0.09276150620803633,0.7918097902112388,25,20,20
7,3197,0.1154155252429036,1.3178348423697846e-05,0.0928541529254611,0.7917171434832119,25,20,20
7,3198,0.11541552583461594,1.3178348428064267e-05,0.09285900328195161,0.7917122925350047,25,20,20
7,3199,0.11541552583461585,1.3178348185067341e-05,0.09259265077129449,0.7919786450459049,25,20,20
7,3200,0.11669387792330552,1.3163835000750756e-05,0.09131431990926205,0.7919786383324318,25,20,20
7,3201,0.11658511665662816,1.3163807325437058e-05,0.09149215254851031,0.7919095669875362,25,20,20
7,3202,0.11658511665403305,1.3163807076562871e-05,0.09148548145835245,0.791916238080538,25,20,20
7,3203,0.11658511665403305,1.3163807072386534e-05,0.09111898219766956,0.7922827373412251,25,20,20
7,3204,0.11658511665385411,1.3163807312690932e-05,0.09111897064493972,0.7922827488938935,25,20,20
7,3205,0.1165851166538545,1.316380747187979e-05,0.10508414190992131,0.778317577628753,25,20,20
7,3206,0.11658511665385454,1.316380747187854e-05,0.10508406441618376,0.7783176551224905,25,20,20
7,3207,0.11658648182770673,1.3163807819417356e-05,0.11617674335947908,0.7672236110049956,25,20,20
7,3208,0.11658648182775223,1.31638078237837e-05,0.11618144561868332,0.7672189087457414,25,20,20
7,3209,0.10094210124312174,1.3175557815989338e-05,0.13182581447710975,0.767218908721953,25,20,20
7,3210,0.10094210124316287,1.3175557823156344e-05,0.13807529910103525,0.7609694240979792,25,20,20
7,3211,0.10094210124312046,1.317555781886522e-05,0.13807524708144314,0.7609694761176178,25,20,20
7,3212,0.10094210124307494,1.3175557814500125e-05,0.13807054327276908,0.7609741799263416,25,20,20
7,3213,0.10094210124307441,1.3175557655309969e-05,0.12410066853283742,0.7749440546664336,25,20,20
7,3214,0.1009407360692223,1.3175557307844875e-05,0.11313090774254266,0.7859151806309279,25,20,20
7,3215,0.09423697224883706,1.317979572568471e-05,0.11983466732554343,0.7859151806298945,25,20,20
7,3216,0.09423697224895278,1.3179781886510344e-05,0.12420534752347274,0.7815445004456886,25,20,20
7,3217,0.09423697224890726,1.3179781882218708e-05,0.1242052640982374,0.7815445838709738,25,20,20
7,3218,0.09423697165719495,1.3179790951546287e-05,0.1381707115347994,0.7675791370170544,25,20,20
7,3219,0.0942369716571949,1.3179790955760873e-05,0.13804779514052573,0.7677020534113238,25,20,20
7,3220,0.09423697165724047,1.3179781886359117e-05,0.12408414314530326,0.7816657054155707,25,20,20
7,3221,0.06189568047418956,1.317600428984108e-05,0.15601881342621074,0.78207233009531,25,20,20
7,3222,0.0618956804741485,1.3176004286876562e-05,0.14989874814294976,0.7881923953786147,25,20,20
7,3223,0.0618956804741517,1.3176004531396246e-05,0.14990346777743993,0.788187675743877,25,20,20
7,3224,0.0618956804741517,1.3176004531321001e-05,0.1499033524908251,0.7881877910304921,25,20,20
7,3225,0.061895680463793595,1.3176004287263755e-05,0.1498105918844862,0.7882805516474332,25,20,20
7,3226,0.06189568046379445,1.3176004291479426e-05,0.1498105936395939,0.7882805498923204,25,20,20
7,3227,0.06189568105157983,1.317599068410335e-05,0.1498103650355094,0.788280777922227,25,20,20
7,3228,0.061895681051625163,1.3175978919124657e-05,0.14369033896624997,0.7944008040032061,25,20,20
7,3229,0.061895681051621985,1.3175978678895525e-05,0.1436903009730474,0.7944008419966521,25,20,20
7,3230,0.061895681051621985,1.3175978683186657e-05,0.1436950045343753,0.79439613843532,25,20,20
7,3231,0.06189568105166667,1.3175978683261314e-05,0.143688597302319,0.7944025456673315,25,20,20
7,3232,0.09378258580222898,1.3176052660678309e-05,0.11180173227497506,0.7944025058701359,25,20,20
7,3233,0.09378258580222579,1.3176052660603048e-05,0.11179703240179312,0.7944072057433214,25,20,20
7,3234,0.09378258580222583,1.3176052660604346e-05,0.11179703486396136,0.7944072032811529,25,20,20
7,3235,0.09378258580218031,1.3176052656313423e-05,0.11179509255431298,0.794409145590851,25,20,20
7,3236,0.09378258580218031,1.3176052656313423e-05,0.11179671397786362,0.7944075241673003,25,20,20
7,3237,0.09378258580218031,1.3176052656387372e-05,0.11179682783233734,0.7944074103128267,25,20,20
7,3238,0.0937825858023624,1.317605266060285e-05,0.11179877053038649,0.7944054676145912,25,20,20
7,3239,0.09378258580236552,1.3176052660691768e-05,0.11167151642168278,0.7945327217232918,25,20,20
7,3240,0.09378258580236552,1.3176052660691172e-05,0.11130501761679266,0.7948992205281818,25,20,20
7,3241,0.09378258580236558,1.3176052660693791e-05,0.11130972110177982,0.7948945170431947,25,20,20
7,3242,0.09022467610665061,2.9992297881222855e-05,0.11487882722911864,0.7948665043663502,25,20,20
7,3243,0.09022467508835971,1.3075703066382683e-05,0.11489574527051603,0.7948665039380585,25,20,20
7,3244,0.09022467508835652,1.3075702821787706e-05,0.11489091035968549,0.7948713388491367,25,20,20
7,3245,0.09022467508835338,1.3075702821713987e-05,0.114888826530713,0.7948734226781125,25,20,20
7,3246,0.09022467508835572,1.3075712909444493e-05,0.1259465551372052,0.7838156940615303,25,20,20
7,3247,0.09022467508819475,1.3075712905587524e-05,0.121293982963057,0.7884682662358431,25,20,20
7,3248,0.09022467508801264,1.3075712897156193e-05,0.12128741987072462,0.7884748293283659,25,20,20
7,3249,0.09022467508801264,1.3075712897156161e-05,0.12154906452492209,0.7882131846741686,25,20,20
7,3250,0.0902246745001821,1.3075712658381419e-05,0.12128191209000647,0.7884803376971535,25,20,20
7,3251,0.09795853985893821,1.9220651248933922e-08,0.11362333376777273,0.788418107152638,25,20,20
7,3252,0.09795853985905673,1.9229723443663664e-08,0.12758892756646012,0.77445251334476,25,20,20
7,3253,0.09008368670656285,2.284935182204365e-05,0.13543531875475634,0.7744581451868591,25,20,20
7,3254,0.09008368670656287,2.284935182626001e-05,0.1354289112348537,0.7744645527067575,25,20,20
7,3255,0.09008368670656285,2.284935182626001e-05,0.13542238529809017,0.774471078643521,25,20,20
7,3256,0.09008368670674458,2.2849351826333825e-05,0.13551046154812307,0.7743830023933063,25,20,20
7,3257,0.051731688687325965,2.289393039841243e-05,0.1738619972583001,0.7743834201239755,25,20,20
7,3258,0.051731688687325944,2.2893930394122824e-05,0.17385547181576633,0.7743899455665135,25,20,20
7,3259,0.051731688687325965,2.2893930394199416e-05,0.17385555431907143,0.7743898630632085,25,20,20
7,3260,0.051731688687325895,2.2893930389909076e-05,0.17386196183803077,0.7743834555442534,25,20,20
7,3261,0.051731688687329094,2.289393039419944e-05,0.17386211907040264,0.7743832983118737,25,20,20
7,3262,0.051731688687325895,2.2893930389909096e-05,0.17386204091585536,0.7743833764664285,25,20,20
7,3263,0.05173168868732591,2.2893930632251745e-05,0.17396881523310548,0.774276602148936,25,20,20
7,3264,0.0517316886873291,2.2893930632324417e-05,0.17396229400392912,0.7742831233781092,25,20,20
7,3265,0.05008972477098454,2.284935200431136e-05,0.1756046013205294,0.7742828245564813,25,20,20
7,3266,0.050089724770984605,2.284935200431134e-05,0.17560922375436205,0.7742782021226486,25,20,20
7,3267,0.050089724770984605,2.2849352004163398e-05,0.17560914400519434,0.7742782818718166,25,20,20
7,3268,0.050089724770866074,2.284934292775278e-05,0.161638929123264,0.7882484967629417,25,20,20
7,3269,0.050089724770819945,2.284934292355035e-05,0.16150900499292245,0.7883784208933339,25,20,20
7,3270,0.05636037323117286,2.2849039807845416e-05,0.15523837823098596,0.788378399498033,25,20,20
7,3271,0.05636037323117135,2.2849029720114273e-05,0.14418705892530606,0.799429718813802,25,20,20
7,3272,0.056360373730278794,2.2849041686371946e-05,0.15045115980296025,0.7931656174250742,25,20,20
7,3273,0.056360373730278746,2.284904168637192e-05,0.15045115930380581,0.7931656179242288,25,20,20
7,3274,0.05541017457109853,2.284858087066016e-05,0.1518079835657112,0.7927589932823206,25,20,20
7,3275,0.05541017457109868,2.2848580874952002e-05,0.15167861319383527,0.7928883636541921,25,20,20
7,3276,0.05541017457364838,2.284858087916737e-05,0.151683164246089,0.7928838125993845,25,20,20
7,3277,0.055410174573692676,2.2848580879128044e-05,0.15204971586193192,0.7925172609834972,25,20,20
7,3278,0.055410174573691885,2.2848580874951728e-05,0.1516767275574059,0.7928902492880282,25,20,20
7,3279,0.055410174573691816,2.284858063261039e-05,0.15130371954698807,0.7932632572986885,25,20,20
7,3280,0.05541017457364633,2.284858062839402e-05,0.1513101257313697,0.7932568511143565,25,20,20
7,3281,0.055410174573647136,2.284858062839404e-05,0.1513168583721762,0.7932501184735493,25,20,20
7,3282,0.05541017407458515,2.2848582601439086e-05,0.1450649631606657,0.7995020141821486,25,20,20
7,3283,0.055410174074766845,2.2848596512845235e-05,0.1450647511141233,0.7995022262145979,25,20,20
7,3284,0.09454841878078712,2.2848602860718268e-05,0.10592640981289873,0.7995023228034538,25,20,20
7,3285,0.09454841878078712,2.2848602864858887e-05,0.10592450847874357,0.7995042241376048,25,20,20
7,3286,0.09454841937250523,2.2848602869150084e-05,0.10592866920770153,0.7995000628169242,25,20,20
7,3287,0.06030784858807675,2.284865272033975e-05,0.14016923643220536,0.7995000663269977,25,20,20
7,3288,0.06030916608777802,0.00022449769130351851,0.13996626980284488,0.7995000664180745,25,20,20
7,3289,0.060309166087823406,0.0002244976915473483,0.14009460293785986,0.7993717332827702,25,20,20
7,3290,0.06610596316208137,2.2842305134537625e-05,0.1344994578229125,0.7993717367098725,25,20,20
7,3291,0.08963503136573982,9.09466391727145e-11,0.11099886368138925,0.799366104861925,25,20,20
7,3292,0.08963503136574301,9.119129535298563e-11,0.11100545427286244,0.799359514270204,25,20,20
7,3293,0.08963503136574301,9.119122270189898e-11,0.11100545230483336,0.7993595162382333,25,20,20
7,3294,0.08963503136574304,9.119122273521827e-11,0.11101194182402008,0.7993530267190462,25,20,20
7,3295,0.08963503136574308,9.119122143829359e-11,0.11101186321064231,0.799353105332424,25,20,20
7,3296,0.08649835574459507,9.25599536867232e-09,0.11407809437023703,0.7994235406291732,25,20,20
7,3297,0.08649835574459507,9.255995368694687e-09,0.11407812772976582,0.7994235072696442,25,20,20
7,3298,0.08649835574459507,9.242056065968232e-09,0.11407254082090215,0.7994290941924471,25,20,20
7,3299,0.08649835575497548,9.242056139221597e-09,0.11407911243353874,0.7994225225694299,25,20,20
7,3300,0.11519673653860339,6.090614518359554e-07,0.08537913708671534,0.7994235173132297,25,20,20
7,3301,0.1151967359468821,6.090614475447591e-07,0.08537497585663376,0.7994276791350369,25,20,20
7,3302,0.1151967359469276,6.090614475447594e-07,0.08537737297980323,0.7994252820118218,25,20,20
7,3303,0.11519673594433238,6.09061439037772e-07,0.08537490290774126,0.7994277520864876,25,20,20
7,3304,0.11519673594451442,6.090616836818385e-07,0.08537910426437717,0.7994235507294251,25,20,20
7,3305,0.11519673594447193,6.090614399196962e-07,0.08990802253265336,0.794894632461435,25,20,20
7,3306,0.1151967359444264,6.090614398444392e-07,0.08990128989603752,0.7949013650980965,25,20,20
7,3307,0.11519673594700314,6.098504487545833e-07,0.0901918804365247,0.7946107737660236,25,20,20
7,3308,0.11519673593662348,6.098504444636725e-07,0.09018538353835971,0.7946172706745727,25,20,20
7,3309,0.10820523559586437,1.3014631111704519e-08,0.09717846543048463,0.7946162859590201,25,20,20
7,3310,0.10820523559586358,1.3014631039030473e-08,0.09718302409790484,0.7946117272916008,25,20,20
7,3311,0.10820523559586358,1.3014631040328206e-08,0.09718313798636269,0.7946116134031428,25,20,20
7,3312,0.1207982308452089,9.985867689709134e-09,0.08459015929625217,0.7946115998726714,25,20,20
7,3313,0.12442111177617689,1.0827636340142e-09,0.08103772131717993,0.7945411658238797,25,20,20
7,3314,0.12442111178655582,1.0825233421196475e-09,0.08103124221707794,0.794547644913843,25,20,20
7,3315,0.124421111786559,1.0825191257659041e-09,0.08103574849764271,0.7945431386332791,25,20,20
7,3316,0.12442111178674069,1.875424927882318e-09,0.08113021542511983,0.7944486709127144,25,20,20
7,3317,0.12442111178669746,1.875428031434132e-09,0.09218574021060703,0.7833931461272674,25,20,20
7,3318,0.1244208607869833,2.733265689656942e-09,0.0921861092764658,0.7833930272032855,25,20,20
7,3319,0.1244208607868012,2.7330210443160632e-09,0.09217720551989415,0.7834019309602839,25,20,20
7,3320,0.12442086078680126,2.7330210443305364e-09,0.0921818250974814,0.7833973113826965,25,20,20
7,3321,0.12442086078422453,1.944012060215216e-09,0.09189582051659015,0.7836833167551736,25,20,20
7,3322,0.12442086078417941,1.9440078098685872e-09,0.09152266432901594,0.784056472942797,25,20,20
7,3323,0.12442086078418012,2.618121131028032e-09,0.09758923431269734,0.7779899022850016,25,20,20
7,3324,0.12442086078417772,2.6181211323300325e-09,0.09758693191471451,0.7779922046829868,25,20,20
7,3325,0.12442086078417772,2.6181211323076647e-09,0.09758693193912615,0.777992204658575,25,20,20
7,3326,0.12442086078417491,2.618125357360875e-09,0.09293026286184658,0.7826488737358531,25,20,20
7,3327,0.12442086078417565,2.61812964899796e-09,0.09293045833915171,0.7826486782585428,25,20,20
7,3328,0.12442086078399713,1.8252239221508869e-09,0.09283595944532047,0.7827431779454583,25,20,20
7,3329,0.12442086078399633,1.82522384686361e-09,0.09283363939344573,0.7827454979973341,25,20,20
7,3330,0.11862278346737887,1.8252637000486075e-09,0.09863171611356789,0.7827454985937895,25,20,20
7,3331,0.11862278346737887,1.8252637752785081e-09,0.09863361895394972,0.7827435957534077,25,20,20
7,3332,0.11862278346742439,1.8255084428962165e-09,0.09863375269801822,0.7827434620090489,25,20,20
7,3333,0.11862278346742432,1.825504151788552e-09,0.09862916501585518,0.7827480496912161,25,20,20
7,3334,0.11862278346742361,1.1513909058697495e-09,0.09256069152427783,0.7888165238569076,25,20,20
7,3335,0.1186227834674268,1.151395195725224e-09,0.09256539371776094,0.7888118216634169,25,20,20
7,3336,0.11862278346742607,1.1513909780274568e-09,0.09256989763022981,0.788807317750953,25,20,20
7,3337,0.11862278346742601,1.1513867618962765e-09,0.0925677755478125,0.7888094398333746,25,20,20
7,3338,0.11862278346742601,1.1513867618731097e-09,0.09256789090969127,0.7888093244714959,25,20,20
7,3339,0.11862278346742361,1.1516255411252273e-09,0.09282953925587537,0.7885476761250755,25,20,20
7,3340,0.10856366852088223,8.508473228576451e-09,0.09958099194032463,0.7918553310303197,25,20,20
7,3341,0.10856366852088228,8.508473305142732e-09,0.09958095951457624,0.7918553634560681,25,20,20
7,3342,0.10856366852088149,8.508230234715036e-09,0.09931460561446068,0.7921217173564276,25,20,20
7,3343,0.10856366852088413,8.508233842738491e-09,0.10556411128044728,0.7858722116904346,25,20,20
7,3344,0.10856366851050209,8.508229553732188e-09,0.1055704914979158,0.7858658314833523,25,20,20
7,3345,0.10856366851050209,8.508229627725744e-09,0.1055704934764182,0.78586582950485,25,20,20
7,3346,0.10856366851050298,8.508471136773808e-09,0.09451430521893782,0.7969220177620879,25,20,20
7,3347,0.10859324072107762,5.657806645553056e-08,0.09448468493750871,0.7969220177633471,25,20,20
7,3348,0.10859324072107443,5.657782191689274e-08,0.09448764911354089,0.7969190535875628,25,20,20
7,3349,0.10859324072107443,5.657782199218455e-08,0.09448756170033207,0.7969191410007714,25,20,20
7,3350,0.10932247069721664,1.2410638452924802e-06,0.09375714352543163,0.7969191447135064,25,20,20
7,3351,0.10932247069721665,1.241063845218509e-06,0.09375714352902137,0.7969191447099168,25,20,20
7,3352,0.10932247069721665,1.2410638452184867e-06,0.09375722259664039,0.7969190656422976,25,20,20
7,3353,0.1093224706973956,1.241063849508804e-06,0.09375733679281308,0.7969189514459416,25,20,20
7,3354,0.1093224706973945,1.2410638458268093e-06,0.08751448172134349,0.8031618065174159,25,20,20
7,3355,0.1093224706973945,1.2410638459033995e-06,0.08750786501551229,0.803168423223247,25,20,20
7,3356,0.10932247069739452,1.2410638500925106e-06,0.08776950290253246,0.8029067853362227,25,20,20
7,3357,0.10932247069739447,1.2410638543068604e-06,0.0877695020248765,0.8029067862138746,25,20,20
7,3358,0.10932247069739447,1.2410638543068604e-06,0.08776950202487653,0.8029067862138746,25,20,20
7,3359,0.1093224706973945,1.2410638542342144e-06,0.08776725148358112,0.80290903675517,25,20,20
7,3360,0.10932247069739846,1.2410638584406346e-06,0.0878598482121911,0.8028164400265518,25,20,20
7,3361,0.10933449500837789,1.2410591333784403e-06,0.08784782391379319,0.8028164400186956,25,20,20
7,3362,0.10933449500837783,1.2410591333757988e-06,0.08784791063417094,0.8028163532983179,25,20,20
7,3363,0.10933449500837623,1.2410591335237003e-06,0.08784587788339432,0.8028183860490959,25,20,20
7,3364,0.10932745666025881,1.241060702492582e-06,0.08785291579675507,0.8028183864822835,25,20,20
7,3365,0.10932745666025807,1.2410607067060139e-06,0.08785596181002879,0.8028153404690063,25,20,20
7,3366,0.10932745666025806,1.2410609185485616e-06,0.09251165987288429,0.798159642405939,25,20,20
7,3367,0.10932745666044025,1.2410609227649448e-06,0.09250718394147926,0.7981641183371576,25,20,20
7,3368,0.10737745985107837,1.241738763163666e-06,0.09445717885791058,0.7981641195522478,25,20,20
7,3369,0.1073774598510744,1.2417387588806569e-06,0.09436458150712189,0.7982567169030448,25,20,20
7,3370,0.10737745985111641,1.2417387588806763e-06,0.0974521338853924,0.7951691645247323,25,20,20
7,3371,0.10737745999871817,1.2417390072162607e-06,0.09754511120131512,0.7950761870609593,25,20,20
7,3372,0.10737745999871823,1.2417390070670385e-06,0.09754051885532618,0.7950807794069483,25,20,20
7,3373,0.10737745999853603,1.2417390027001345e-06,0.0975402929233356,0.7950810053391255,25,20,20
7,3374,0.10737745999858142,1.2417390026261822e-06,0.0976702498580153,0.7949510484044005,25,20,20
7,3375,0.11781768096232234,1.2341141279828823e-06,0.09053769270187159,0.791643392221678,25,20,20
7,3376,0.11781768096236783,1.2341139119255818e-06,0.085878975849171,0.7963021090745492,25,20,20
7,3377,0.11222184159965529,1.4641543706449862e-05,0.09146026756594716,0.7963032492906911,25,20,20
7,3378,0.11222184159979202,1.4641557651463902e-05,0.09133847400318172,0.7964250428393747,25,20,20
7,3379,0.11222184159979197,1.46415576514652e-05,0.09134306631150624,0.7964204505310503,25,20,20
7,3380,0.07599626811219229,1.4641557937586503e-05,0.12756863979891642,0.7964204505309534,25,20,20
7,3381,0.07599626811214677,1.4641557941801068e-05,0.12757319880431647,0.7964158915255948,25,20,20
7,3382,0.07599626811214677,1.464155794180107e-05,0.12757343076281247,0.7964156595670988,25,20,20
7,3383,0.07599626811210122,1.4641557697206105e-05,0.12756867827926402,0.7964204120509373,25,20,20
7,3384,0.07599626811210124,1.4641557697280122e-05,0.12756868026656062,0.7964204100636407,25,20,20
7,3385,0.07523796989022116,1.3408992321475332e-05,0.12832821476778947,0.796420406349668,25,20,20
7,3386,0.07523796989022115,1.3408992317258377e-05,0.1283217253746194,0.7964268957428424,25,20,20
7,3387,0.07523796989022113,1.340899232144616e-05,0.12858797554750892,0.796160645569949,25,20,20
7,3388,0.0752379698902212,1.3408992325737109e-05,0.1285944995743543,0.7961541215430994,25,20,20
7,3389,0.07523796974261945,1.3408992077475483e-05,0.12850801258809785,0.7962406086772056,25,20,20
7,3390,0.07523796974261937,1.3408992073185855e-05,0.12850152052931746,0.7962471007359905,25,20,20
7,3391,0.07523796974261937,1.3408992073110608e-05,0.1285015519205992,0.7962470693447088,25,20,20
7,3392,0.07165623881213098,1.3408991946882679e-05,0.13208328285123694,0.7962470693446859,25,20,20
7,3393,0.07165623881213098,1.340899194688402e-05,0.13208305427753111,0.7962472979183916,25,20,20
7,3394,0.07165623881213098,1.3408991946810096e-05,0.13207651582766755,0.7962538363682553,25,20,20
7,3395,0.07158643321722233,1.3408991864953617e-05,0.13214632140218305,0.7962538363887304,25,20,20
7,3396,0.07158643321722233,1.3408991860663783e-05,0.1321416192627211,0.7962585385281966,25,20,20
7,3397,0.07158643321722227,1.3408991856474703e-05,0.13187539541098375,0.796524762379938,25,20,20
7,3398,0.07158643321722306,1.3408991860767614e-05,0.1318755926807474,0.7965245651101696,25,20,20
7,3399,0.07728201640023062,1.340899203979513e-05,0.1261800135505028,0.7965245610572272,25,20,20
7,3400,0.0773451156762096,1.3409000074621102e-05,0.1261169142476557,0.7965245610760605,25,20,20
7,3401,0.0773451156762551,1.3409000078838057e-05,0.12612340712180864,0.796518068201858,25,20,20
7,3402,0.07734511567621037,1.3409000078823571e-05,0.12624633359256113,0.7963951417311502,25,20,20
7,3403,0.07734511567620964,1.34090000746224e-05,0.12611691423739768,0.7965245610863185,25,20,20
7,3404,0.07734511567621043,1.340900007462372e-05,0.12611706375878506,0.7965244115649303,25,20,20
7,3405,0.07734511567620968,1.3409000074595157e-05,0.12638319968229145,0.7962582756414247,25,20,20
7,3406,0.0773451156760276,1.340898612965507e-05,0.1263750698199141,0.7962664055179289,25,20,20
7,3407,0.07734511567602756,1.3408986133869383e-05,0.12638160929142844,0.7962598660464105,25,20,20
7,3408,0.0773451156760275,1.340898613379284e-05,0.12638149468103357,0.7962599806568055,25,20,20
7,3409,0.07734511567598559,1.3408986133868136e-05,0.12329390903640283,0.7993475663014781,25,20,20
7,3410,0.07734511567598877,1.3408986133868128e-05,0.12329859143544737,0.7993428839024304,25,20,20
7,3411,0.07734511567598877,1.3408986133868128e-05,0.12329391667424941,0.7993475586636284,25,20,20
7,3412,0.0773451156760343,1.3408986138085098e-05,0.12329392068118189,0.7993475546566462,25,20,20
7,3413,0.07734511567603425,1.3408986133820726e-05,0.12302758806349973,0.7996138872743326,25,20,20
7,3414,0.07734511567603106,1.3408986133746741e-05,0.12302279174024401,0.7996186835975917,25,20,20
7,3415,0.07734511567621322,1.3408986133749358e-05,0.12302951994795575,0.7996119553896978,25,20,20
7,3416,0.07728254816150576,1.3408978305819663e-05,0.12309208530364187,0.7996119575565469,25,20,20
7,3417,0.07728254816150656,1.3408978550355756e-05,0.1230943632129733,0.7996096796469702,25,20,20
7,3418,0.07728254816150656,1.3408978310035819e-05,0.12309375143558596,0.7996102914245978,25,20,20
7,3419,0.0795149790029952,1.3409213550738016e-05,0.12086132254533276,0.7996102892381216,25,20,20
7,3420,0.07951497900281304,1.3409213555026966e-05,0.12085479030498168,0.7996168214786507,25,20,20
7,3421,0.07951497901319385,1.3409213559318099e-05,0.12085950775973284,0.7996121040135143,25,20,20
7,3422,0.07951497901301172,1.3409213555027786e-05,0.12085939214715014,0.799612219626283,25,20,20
7,3423,0.0795149790026308,1.340921355073662e-05,0.12085929334492145,0.7996123184388969,25,20,20
7,3424,0.0795149790026308,1.3409213550736642e-05,0.12085932040890272,0.7996122913749157,25,20,20
7,3425,0.0795149790026308,1.3409213550735345e-05,0.12085469966075418,0.7996169121230642,25,20,20
7,3426,0.07951497900263081,1.3409213550661385e-05,0.12085011477538857,0.79962149700843,25,20,20
7,3427,0.07951497900263288,1.3409222624400925e-05,0.1348202956330864,0.7856513161416568,25,20,20
7,3428,0.07951497900263294,1.3409222624402221e-05,0.1348201846182062,0.7856514271565369,25,20,20
7,3429,0.11000778299277875,1.340922217046956e-05,0.10432738068333389,0.7856514271017168,25,20,20
7,3430,0.11000778299278081,1.3409222332451211e-05,0.1182972264247858,0.7716815813601007,25,20,20
7,3431,0.1100077829927816,1.3409222576987326e-05,0.11829947083337437,0.7716793369512668,25,20,20
7,3432,0.11000778299278798,1.3409222577136589e-05,0.1183061374354398,0.7716726703491947,25,20,20
7,3433,0.11000778299278799,1.340922257294751e-05,0.11803983320706314,0.7719389745775758,25,20,20
7,3434,0.11000778299283322,1.340922281594262e-05,0.11830615680006992,0.7716726509842806,25,20,20
7,3435,0.11000778299283324,1.3409222820232937e-05,0.11830627295703017,0.7716725348273161,25,20,20
7,3436,0.11000778299283244,1.340922282023262e-05,0.11830922789935716,0.7716695798849901,25,20,20
7,3437,0.1132546444929395,2.601042153109612e-07,0.11507665585017002,0.771668439552675,25,20,20
7,3438,0.11325464449293948,2.601042110213554e-07,0.11507005005774555,0.7716750453451037,25,20,20
7,3439,0.11325464449293948,2.6010421109532655e-07,0.11506993736062393,0.7716751580422252,25,20,20
7,3440,0.11755583197917911,1.113640582516629e-09,0.11076900997144269,0.7716751569357373,25,20,20
7,3441,0.1175558319791823,1.1136449190696035e-09,0.1110353479858387,0.7714088189213338,25,20,20
7,3442,0.1175558319793431,1.1257677388185555e-09,0.11555454643896775,0.766889620455921,25,20,20
7,3443,0.1175558319793431,1.1257677375212176e-09,0.1155569116599343,0.7668872552349546,25,20,20
7,3444,0.1175558319793399,1.1257633996705072e-09,0.11529057222367234,0.7671535946712241,25,20,20
7,3445,0.11755583197934101,1.1166939205933485e-09,0.10158662258860325,0.7808575443153616,25,20,20
7,3446,0.11755583197934102,1.1166981983326056e-09,0.10171614415273579,0.7807280227512249,25,20,20
7,3447,0.11755583197929549,1.1166939813762448e-09,0.10170965124328582,0.7807345156607246,25,20,20
7,3448,0.11755583197929548,1.116694057933249e-09,0.10171195881829803,0.7807322080857123,25,20,20
7,3449,0.11755583197929553,1.1166940579324406e-09,0.10171204061920161,0.7807321262848087,25,20,20
7,3450,0.11755583197929553,1.1166939839613172e-09,0.10171192676490474,0.7807322401391058,25,20,20
7,3451,0.11755583197929555,1.1166939839836848e-09,0.10171193967595378,0.7807322272280569,25,20,20
7,3452,0.11755970638891161,1.1166935052446633e-09,0.10170806569182363,0.7807322268025715,25,20,20
7,3453,0.11755970638891033,1.116531672831674e-09,0.08773827600569634,0.7947020164888621,25,20,20
7,3454,0.11808076130846924,1.122935644698084e-09,0.08721731427760858,0.794701923290987,25,20,20
7,3455,0.11245880887194529,1.126446811711149e-05,0.09282703166358369,0.7947028949963543,25,20,20
7,3456,0.11245880887194529,1.1264468112820358e-05,0.09282235597449687,0.7947075706854454,25,20,20
7,3457,0.11245880887194531,1.1264468112820336e-05,0.0928289609788795,0.7947009656810627,25,20,20
7,3458,0.11245880887194536,1.1264468112745077e-05,0.09282434164775713,0.794705585012185,25,20,20
7,3459,0.11245880887190013,1.1264467869674675e-05,0.09255798902124654,0.794971937638984,25,20,20
7,3460,0.11245880887190088,1.1264467869674675e-05,0.0925580234688125,0.7949719031914172,25,20,20
7,3461,0.11245880887190099,1.126446786967472e-05,0.09255615382370985,0.7949737728365198,25,20,20
7,3462,0.11245880887190102,1.1264467869598154e-05,0.0925562345181463,0.7949736921420835,25,20,20
7,3463,0.11245880887190104,1.1264467869599474e-05,0.09256277190021774,0.7949671547600119,25,20,20
7,3464,0.11245880887190099,1.1264467869599474e-05,0.09256284956586479,0.7949670770943649,25,20,20
7,3465,0.11245880887190093,1.1264467869600773e-05,0.09256272575562136,0.7949672009046084,25,20,20
7,3466,0.11245880887194568,1.1264468118336326e-05,0.09256747686877911,0.7949624497911572,25,20,20
7,3467,0.11245880887194488,1.1264468124545459e-05,0.10362527557569606,0.7839046510842348,25,20,20
7,3468,0.11245880887194408,1.1264468124468892e-05,0.10363176468767092,0.7838981619722608,25,20,20
7,3469,0.11245880887194408,1.126446812439493e-05,0.1036271772896736,0.7839027493702581,25,20,20
7,3470,0.1102252734303818,1.1264240859574101e-05,0.10586071297750413,0.7839027493512541,25,20,20
7,3471,0.11022527344072833,1.1264254755392301e-05,0.10599139426659976,0.7837720680379162,25,20,20
7,3472,0.1102252734403649,1.1264240843911008e-05,0.10590353006289155,0.7838599322558992,25,20,20
7,3473,0.11022527344036492,1.1264240843987575e-05,0.10590358470405334,0.7838598776147374,25,20,20
7,3474,0.11022527344036492,1.1264240844064152e-05,0.10591018888275441,0.7838532734360364,25,20,20
7,3475,0.07647325001482976,6.7275523994470585e-06,0.13966660921855673,0.7838534132142142,25,20,20
7,3476,0.07650102144382714,6.726718970436354e-06,0.1396388386229677,0.7838534132142345,25,20,20
7,3477,0.07653475952097356,6.7267150046443245e-06,0.1396051005299952,0.7838534132340271,25,20,20
7,3478,0.07653475952097356,6.726715004644326e-06,0.139604988092572,0.7838535256714504,25,20,20
7,3479,0.07653475952097664,6.726715249302219e-06,0.1396068842822497,0.7838516294815246,25,20,20
7,3480,0.04394172953807186,6.726715254205352e-06,0.1721999142706821,0.7838516294759923,25,20,20
7,3481,0.04394172953807186,6.7267152541301195e-06,0.17219342464440004,0.7838581191022744,25,20,20
7,3482,0.043941729538068665,6.726715009472205e-06,0.17218687213864972,0.7838646716082727,25,20,20
7,3483,0.043941729538068665,6.726715009472205e-06,0.17218687213864975,0.7838646716082727,25,20,20
7,3484,0.043941729537907065,6.726702642041027e-06,0.16766531527232179,0.7883862284871299,25,20,20
7,3485,0.04394172953790707,6.726702642113698e-06,0.16766751396257035,0.7883840297968813,25,20,20
7,3486,0.04394172953790789,6.726702642113693e-06,0.1677974728978695,0.7882540708615814,25,20,20
7,3487,0.04394172953790874,6.726702642178931e-06,0.16788957087554188,0.788161972883908,25,20,20
7,3488,0.043941729547080775,6.726702854019609e-06,0.17245641841662748,0.7835951253334382,25,20,20
7,3489,0.04394172954708081,6.726702849818425e-06,0.17233350161955446,0.7837180421305153,25,20,20
7,3490,0.04394172954708081,6.726702849893729e-06,0.17233820089365165,0.783713342856418,25,20,20
7,3491,0.04394172954708162,6.726702854111147e-06,0.17233590066390303,0.7837156430861616,25,20,20
7,3492,0.04394172954708161,6.7267028584014406e-06,0.17232944608151768,0.7837220976685427,25,20,20
7,3493,0.0439417295470843,6.726702855875624e-06,0.1675211201208251,0.7885304236292352,25,20,20
7,3494,0.0439417295470843,6.7267028516592785e-06,0.16752103875054808,0.7885305049995164,25,20,20
7,3495,0.043907984620198126,6.726941340037064e-06,0.16755478230226795,0.788530506136194,25,20,20
7,3496,0.043907984620198084,6.72694134011106e-06,0.16755475588770508,0.7885305325507569,25,20,20
7,3497,0.0439079846201954,6.726941336503013e-06,0.16130524995051596,0.7947800384879524,25,20,20
7,3498,0.04390798462018907,6.726941336355051e-06,0.16129858477099354,0.7947867036674807,25,20,20
7,3499,0.04390798462018907,6.726941336356371e-06,0.1612938847062214,0.7947914037322532,25,20,20
7,3500,0.04390798460984571,6.726927440539468e-06,0.16116139469018395,0.7949238937725299,25,20,20
7,3501,0.043907984609845706,6.726927436323358e-06,0.16115914895187797,0.7949261395108401,25,20,20
7,3502,0.04390798460984569,6.726927432031745e-06,0.1611589522164211,0.7949263362463012,25,20,20
7,3503,0.04390798462019399,6.726927675858012e-06,0.16128262445961333,0.7948026639925169,25,20,20
7,3504,0.04390798462023958,6.726927680150512e-06,0.16128686645455928,0.794798421997521,25,20,20
7,3505,0.0439079846110667,6.7269274682439565e-06,0.15663433019904313,0.7994509582624219,25,20,20
7,3506,0.04390798461106669,6.726927468319204e-06,0.15663440609853116,0.7994508823629336,25,20,20
7,3507,0.07766644096681097,6.253991639069219e-05,0.12281988968819622,0.7994511294286021,25,20,20
7,3508,0.07766644096681095,6.253991639061692e-05,0.12281983495657926,0.799451184160219,25,20,20
7,3509,0.07766644096681014,6.253991639490675e-05,0.12269449910725935,0.7995765200095355,25,20,20
7,3510,0.07766644097712522,6.254070598266003e-05,0.12295599405826212,0.7993150242586299,25,20,20
7,3511,0.07766644097712441,6.254070598258476e-05,0.12295584020117149,0.7993151781157215,25,20,20
7,3512,0.07766644097712122,6.254070598258476e-05,0.1229510440050082,0.799319974311888,25,20,20
7,3513,0.07766644097712122,6.254070598258345e-05,0.12295112438333651,0.7993198939335595,25,20,20
7,3514,0.07407107313170036,6.254171771028279e-05,0.12653872095425459,0.7993276641963348,25,20,20
7,3515,0.07407107313170035,6.254171771021011e-05,0.12653871955150042,0.7993276655990891,25,20,20
7,3516,0.07407107313170036,6.25417177145466e-05,0.12680493789316907,0.799061447257416,25,20,20
7,3517,0.07407107313165563,6.254171795485035e-05,0.12680553088575908,0.7990608542646305,25,20,20
7,3518,0.07407107313165642,6.254171819860876e-05,0.12693500280700143,0.7989313823431436,25,20,20
7,3519,0.0737845075114342,0.0008480835361772996,0.1264371415279221,0.7989302674244668,25,20,20
7,3520,0.07378450751143102,0.000848083536173038,0.1261708744329358,0.7991965345194606,25,20,20
7,3521,0.07378450751143018,0.0008480835359285182,0.12617264370060238,0.7991947652520394,25,20,20
7,3522,0.07378450751143018,0.0008480835359243022,0.12616797952324707,0.7991994294293988,25,20,20
7,3523,0.07378450751143023,0.0008480835359243774,0.12616806638337835,0.7991993425692675,25,20,20
7,3524,0.07378450751143023,0.00084808353592445,0.12616814604207344,0.7991992629105721,25,20,20
7,3525,0.07378450751138475,0.0008480835356756404,0.12616343098007332,0.7992039779728664,25,20,20
7,3526,0.07998877297594988,0.0007922705321018991,0.12001522558426762,0.7992037309076803,25,20,20
7,3527,0.07998877297594982,0.0007922705321019004,0.12001742214726155,0.7992015343446863,25,20,20
7,3528,0.07998877297594986,0.0007922705321019004,0.12001525839264043,0.7992036980993074,25,20,20
7,3529,0.07998877297594988,0.000792270532101899,0.12002199099829608,0.7991969654936517,25,20,20
7,3530,0.07998877297595067,0.0007922705321061906,0.12001983427863959,0.799199122213303,25,20,20
7,3531,0.07998877297595146,0.0007922705321061436,0.1197601073061397,0.799458849185802,25,20,20
7,3532,0.07998877297595147,0.0007922705321060697,0.11976022178004865,0.7994587347118931,25,20,20
7,3533,0.07998877297595383,0.0007922705318623108,0.11989704192981845,0.7993219145623648,25,20,20
7,3534,0.07998877297595389,0.0007922705318623833,0.11989701053690088,0.7993219459552823,25,20,20
7,3535,0.07998877297595394,0.0007922705318624572,0.11989863219883935,0.7993203242933437,25,20,20
7,3536,0.07998877298626382,0.0007922705321053794,0.11989864392061665,0.7993203125610135,25,20,20
7,3537,0.08503180788087995,8.34317100165557e-06,0.11563953638714967,0.799320312560968,25,20,20
7,3538,0.08073631409358902,8.352336812714348e-06,0.11993499896520383,0.7993203346043942,25,20,20
7,3539,0.080736314093589,8.352336812713029e-06,0.11993484511742002,0.7993204884521782,25,20,20
7,3540,0.080736314093589,8.352336812788277e-06,0.11993982625273439,0.7993155073168637,25,20,20
7,3541,0.08073631409377371,8.352336812862068e-06,0.12005977510690576,0.7991955584625076,25,20,20
7,3542,0.08073631409377371,8.352336812863387e-06,0.12005980707497083,0.7991955264944427,25,20,20
7,3543,0.08073631408342616,8.352336569037134e-06,0.11992976056181315,0.7993255730181917,25,20,20
7,3544,0.08073631408342616,8.35233656903718e-06,0.11992976106092991,0.799325572519075,25,20,20
7,3545,0.08073631408342695,8.352336569113765e-06,0.11993204283929121,0.7993232907407126,25,20,20
7,3546,0.08073631408360905,8.352336813772565e-06,0.11993201329873766,0.7993233202808393,25,20,20
7,3547,0.08073631408360825,8.35233680948093e-06,0.11993849500704522,0.7993168385725369,25,20,20
7,3548,0.08073631408360825,8.352336809482228e-06,0.11994308236532109,0.799312251214261,25,20,20
7,3549,0.0807363140732952,8.35233656648537e-06,0.119676723060733,0.7995786105294052,25,20,20
7,3550,0.08073631407329525,8.352336570775227e-06,0.11968138723540545,0.7995739463547287,25,20,20
7,3551,0.0807363140732984,8.352336570701303e-06,0.11968130180987645,0.7995740317802545,25,20,20
7,3552,0.08073631407329836,8.352336574982861e-06,0.1197735130765091,0.7994818205136176,25,20,20
7,3553,0.08073631407329832,8.352336574981555e-06,0.11977809902231852,0.7994772345678084,25,20,20
7,3554,0.08075389374637904,8.351324848051267e-06,0.11976829062208445,0.7994694643066882,25,20,20
7,3555,0.08075389374637984,8.351324852333019e-06,0.11986051757512697,0.7993772373536404,25,20,20
7,3556,0.08077048469686193,8.377628400566313e-06,0.1198437792017775,0.7993773584729607,25,20,20
7,3557,0.08145183464702509,3.429934772657163e-05,0.11913660976778645,0.7993772562374619,25,20,20
7,3558,0.08145183464702428,3.429934772649504e-05,0.1191364951418167,0.7993773708634325,25,20,20
7,3559,0.08145183464702743,3.4299347726570063e-05,0.11913839751760452,0.7993754684876415,25,20,20
7,3560,0.08145183464703062,3.429934772656875e-05,0.11914470630282624,0.7993691597024167,25,20,20
7,3561,0.06892685766564352,3.4302144234857034e-05,0.13166892052147267,0.7993699196686496,25,20,20
7,3562,0.06388383170775944,2.600919729731612e-05,0.13672023942634015,0.7993699196686029,25,20,20
7,3563,0.06388383170776023,2.6009197292960612e-05,0.1366280999944267,0.7994620591005198,25,20,20
7,3564,0.06388383170794242,2.6009197292886666e-05,0.13662969517977502,0.7994604639149895,25,20,20
7,3565,0.06388383170794162,2.600919728868021e-05,0.13653746890346366,0.7995526901913058,25,20,20
7,3566,0.07591993465072924,2.601151787421998e-05,0.12450212317908509,0.7995519306523121,25,20,20
7,3567,0.07591993465072928,2.6011531815303772e-05,0.12450684139407699,0.7995472124233791,25,20,20
7,3568,0.0759199346507285,2.601153181101544e-05,0.12450031597244722,0.7995537378450137,25,20,20
7,3569,0.0759199346507285,2.601153181094015e-05,0.12450031529571609,0.7995537385217452,25,20,20
7,3570,0.07591993465072211,2.6011531810940123e-05,0.12449397813744226,0.7995600756800255,25,20,20
7,3571,0.07590232884990629,2.601153180527868e-05,0.12451158394123463,0.799560075677054,25,20,20
7,3572,0.07590232884990634,2.6011531809567695e-05,0.1245117001000513,0.799559959518233,25,20,20
7,3573,0.0759023288499064,2.601153180956901e-05,0.12450513673109082,0.7995665228871931,25,20,20
7,3574,0.07590232884990561,2.6011531809567665e-05,0.12450498240336497,0.7995666772149198,25,20,20
7,3575,0.07590232884990242,2.601153180527675e-05,0.12449849174174696,0.7995731678765455,25,20,20
7,3576,0.10892745769922527,2.6015808621957094e-05,0.09147335825779476,0.7995731682343583,25,20,20
7,3577,0.10892745769927074,2.6015808626249687e-05,0.09147494474609255,0.7995715817460106,25,20,20
7,3578,0.10892745769927148,2.601580862624971e-05,0.09147498328569491,0.7995715432064077,25,20,20
7,3579,0.10892745769927148,2.6015808626249694e-05,0.0914749827764804,0.7995715437156221,25,20,20
7,3580,0.10892745769931698,2.6015808621961383e-05,0.09147766515632054,0.7995688613357406,25,20,20
7,3581,0.10892745769913223,2.6015808626177432e-05,0.09136241701976829,0.799684109472473,25,20,20
7,3582,0.10892745769895011,2.601580838581005e-05,0.09135799148550161,0.7996885350071623,25,20,20
7,3583,0.10892745769895011,2.6015808381518657e-05,0.09135571252252504,0.7996908139701431,25,20,20
7,3584,0.1153751311723782,2.60168842591288e-05,0.08490801363309171,0.7996908383102711,25,20,20
7,3585,0.1153751311723782,2.601688425920408e-05,0.08491453732213015,0.7996843146212324,25,20,20
7,3586,0.11537513117255946,2.6016870322336155e-05,0.08491224315862633,0.799686608798492,25,20,20
7,3587,0.11537513117255947,2.6016870322337452e-05,0.08491235706142235,0.7996864948956959,25,20,20
7,3588,0.11537513117255947,2.6016870322338733e-05,0.0849124375611827,0.7996864143959356,25,20,20
7,3589,0.11467744354162952,7.3709439243632e-08,0.08563606447558669,0.7996864182733445,25,20,20
7,3590,0.11467744354162955,7.370943931892324e-08,0.08563606392619738,0.7996864188227336,25,20,20
7,3591,0.11470765359386505,2.5545670317437452e-08,0.08560590203644286,0.7996864188240217,25,20,20
7,3592,0.11495632361237958,2.0428687044826185e-08,0.08535723754756967,0.799686418411364,25,20,20
7,3593,0.11495632361237958,2.0428686970878233e-08,0.08535723663149093,0.7996864193274429,25,20,20
7,3594,0.11495632361238275,2.042869126179275e-08,0.08536372725781197,0.7996799287011145,25,20,20
7,3595,0.08119574545504911,1.5791115815006184e-08,0.11912433468881323,0.7996799040650224,25,20,20
7,3596,0.08119574545504832,1.57911158149826e-08,0.11912433784277214,0.7996799009110641,25,20,20
7,3597,0.08119574545491175,1.579135610869125e-08,0.11912633709502597,0.7996779016587066,25,20,20
7,3598,0.08119574545490854,1.5791351743805603e-08,0.11911973257911107,0.7996845061746292,25,20,20
7,3599,0.08119574546408133,1.580367121671205e-08,0.12377923886854662,0.795024999863701,25,20,20
7,3600,0.08119574547446225,1.5803915885662106e-08,0.12378396158448869,0.7950202771371333,25,20,20
7,3601,0.08119574546414716,1.501432805710568e-08,0.12352249797937223,0.7952817415421528,25,20,20
7,3602,0.08119574546414716,1.501432805840341e-08,0.12352257845472092,0.7952816610668042,25,20,20
7,3603,0.08119574546410169,1.5014087764489966e-08,0.1235224798659287,0.7952817596558822,25,20,20
7,3604,0.0811957454549289,1.500176829024024e-08,0.11886297404678653,0.7999412654965166,25,20,20
7,3605,0.0811957454549289,1.5001768216255164e-08,0.11886487922602385,0.7999393603172791,25,20,20
7,3606,0.0811957454549289,1.5001768216231993e-08,0.11886476627753056,0.7999394732657725,25,20,20
7,3607,0.08119574545474671,1.5001768288882472e-08,0.1188630842446316,0.7999411552988535,25,20,20
7,3608,0.08119574545470122,1.500176828624166e-08,0.11885549952893965,0.7999487400145908,25,20,20
7,3609,0.08119574545470522,1.57946740895497e-08,0.11894347803057195,0.7998607607200487,25,20,20
7,3610,0.08119574545470522,1.57946740895497e-08,0.11894347803057195,0.7998607607200487,25,20,20
7,3611,0.08119574545475382,1.5794918144803095e-08,0.11903656043280005,0.7997676783175279,25,20,20
7,3612,0.08119574545475386,1.5794918144803406e-08,0.1190318626455102,0.7997723761048177,25,20,20
7,3613,0.08119574545493592,1.579492236066546e-08,0.11903644733178367,0.7997677914183577,25,20,20
7,3614,0.08119574545493354,1.5002016556083638e-08,0.11894859868825435,0.7998556408547954,25,20,20
7,3615,0.1153375472510243,1.4286897680257144e-08,0.08480679766915757,0.7998556407929202,25,20,20
7,3616,0.1153375472510243,1.4286897678959413e-08,0.08480671804006672,0.799855720422011,25,20,20
7,3617,0.08002112654691337,4.9196893640287024e-08,0.0913291776235416,0.828649646632651,25,20,20
7,3618,0.08002112654691335,4.9196893565020226e-08,0.09132268869103771,0.8286561355651553,25,20,20
7,3619,0.06592301993341951,9.129244977469256e-06,0.10536840293452407,0.8286994478870787,25,20,20
7,3620,0.06592301993323739,9.129244973176806e-06,0.10536369710467461,0.8287041537171146,25,20,20
7,3621,0.0661665151365133,9.129244891433682e-06,0.10512020191645059,0.8287041537021445,25,20,20
7,3622,0.06616651513651331,9.129244895715266e-06,0.10521238039957259,0.8286119752190182,25,20,20
7,3623,0.0845563800393896,4.003114006195993e-08,0.08687493863527931,0.828568641294191,25,20,20
7,3624,0.08455638003938958,4.0031135769531527e-08,0.08687023708095994,0.8285733428485151,25,20,20
7,3625,0.08455638003934098,4.0030891788226875e-08,0.08677726853320551,0.8286663113965621,25,20,20
7,3626,0.084556380039341,4.003089186351828e-08,0.08677721849084744,0.8286663614389198,25,20,20
7,3627,0.0853443524021742,4.043931465892265e-08,0.08598924373561907,0.8286663634228917,25,20,20
7,3628,0.08534435240221935,4.0439318911834625e-08,0.08636235897612315,0.8282932481823383,25,20,20
7,3629,0.0853443524021742,4.043931473551297e-08,0.08598928313052052,0.8286663240279901,25,20,20
7,3630,0.08534435240221931,4.0453127822263165e-08,0.08636343342228897,0.8282921737223635,25,20,20
7,3631,0.08534435240226483,4.0453127820965974e-08,0.08636348051528495,0.8282921266293221,25,20,20
7,3632,0.0853443523918839,4.04528874423098e-08,0.08635884056498963,0.8282967665902389,25,20,20
7,3633,0.08534435239188237,4.045288744229867e-08,0.08635222716122462,0.8283033799940056,25,20,20
7,3634,0.0853443523918832,4.045288744231349e-08,0.08635658739549418,0.8282990197597353,25,20,20
7,3635,0.08534435239206499,4.045288751877136e-08,0.08644911235075187,0.8282064948042958,25,20,20
7,3636,0.08534435239206499,4.045288759274295e-08,0.08644908097848371,0.8282065261765639,25,20,20
7,3637,0.08534435239206571,4.045289180969867e-08,0.08645556707873292,0.8282000400763097,25,20,20
7,3638,0.08534435239206571,4.0452891809698666e-08,0.08645567951615611,0.8281999276388866,25,20,20
7,3639,0.08534435239206575,4.045289610060302e-08,0.08646228458778082,0.8281933225672575,25,20,20
7,3640,0.08497675032491847,4.054244765360098e-08,0.08682986306612472,0.8281933460665094,25,20,20
7,3641,0.08497675032491847,4.054244337204133e-08,0.08673768461812288,0.8282855245145154,25,20,20
7,3642,0.12366062121189218,4.011835787300982e-08,0.04805381614051637,0.8282855225292338,25,20,20
7,3643,0.12366062121189221,4.0118353657984404e-08,0.04805373478355059,0.8282856038862038,25,20,20
7,3644,0.12366062121189221,4.0118353657984404e-08,0.04805362235640263,0.8282857163133518,25,20,20
7,3645,0.12366062121448108,4.01183495172674e-08,0.048139682277296834,0.8281996563898728,25,20,20
7,3646,0.12366062121452666,4.0132288821284354e-08,0.04815200180897907,0.8281873368442058,25,20,20
7,3647,0.12366062121194021,4.013229296115777e-08,0.048061707057724716,0.8282776315980424,25,20,20
7,3648,0.12366062121194026,4.013229303641799e-08,0.04806640891976536,0.8282729297360016,25,20,20
7,3649,0.12366062121194032,4.013253545376918e-08,0.04843951271203111,0.8278998259434934,25,20,20
7,3650,0.12366062121189528,4.011896463438903e-08,0.0484384538546403,0.8279008848145,25,20,20
7,3651,0.12366062122227564,4.011920921659483e-08,0.04844504362008784,0.8278942950384276,25,20,20
7,3652,0.08461921415653847,4.0127640115921413e-08,0.0870799664158254,0.8283007792999959,25,20,20
7,3653,0.08461921415658401,4.012764019121343e-08,0.08708008258350855,0.8283006631322671,25,20,20
7,3654,0.08461921415658322,4.012788469815125e-08,0.08708234430220678,0.8282984014133252,25,20,20
7,3655,0.0846192141565377,4.012788454891048e-08,0.0870821142697748,0.8282986314458028,25,20,20
7,3656,0.08461921415654088,4.012788462157565e-08,0.08708681378911737,0.8282939319264571,25,20,20
7,3657,0.08461831452613368,4.01294782273271e-08,0.08708771341792185,0.8282939319264662,25,20,20
7,3658,0.08461804954191926,3.9068733907416345e-07,0.08708765176266471,0.8282939080080775,25,20,20
7,3659,0.08461804954192247,3.906873433990372e-07,0.08746075398373243,0.8279208057870023,25,20,20
7,3660,0.08461804954196796,3.9070128571283326e-07,0.08746295323216857,0.8279186065245782,25,20,20
7,3661,0.08461804953158751,3.907010410553586e-07,0.08745632863059263,0.8279252311367792,25,20,20
7,3662,0.0846180495315843,3.9070104098139555e-07,0.08745632692700875,0.8279252328403663,25,20,20
7,3663,0.08008044379831686,3.5579128734689556e-07,0.08116101775777264,0.8387581826526238,25,20,20
7,3664,0.1191420592404742,6.462468565450626e-07,0.04250557099581584,0.8383517235168532,25,20,20
7,3665,0.11161266310062888,1.3917070925851695e-05,0.05002057162137978,0.8383528482070652,25,20,20
7,3666,0.11161266310062891,1.3917070925851691e-05,0.05002216623300682,0.8383512535954383,25,20,20
7,3667,0.11161266310062888,1.3917070921637353e-05,0.050017181205136894,0.8383562386233124,25,20,20
7,3668,0.11161266310058336,1.3917070921562072e-05,0.05001052993343991,0.838362889895055,25,20,20
7,3669,0.11161266310053788,1.3917056983574446e-05,0.05037973040980041,0.8379936894326779,25,20,20
7,3670,0.11161266310071999,1.3917056987939567e-05,0.050384094300435216,0.8379893255418566,25,20,20
7,3671,0.11161266310071995,1.391705698361599e-05,0.05001569219737,0.8383577276449262,25,20,20
7,3672,0.11178851531063466,1.3561395946346012e-05,0.04984019564849289,0.8383577276449256,25,20,20
7,3673,0.11178851531063463,1.3561395946347343e-05,0.04983557687544348,0.838362346417975,25,20,20
7,3674,0.11178851531063776,1.3561395701914336e-05,0.04983547721799911,0.8383624460756607,25,20,20
7,3675,0.11178851531063774,1.3561395701841664e-05,0.049835478268382374,0.8383624450252776,25,20,20
7,3676,0.10492408232189127,1.3270933071508172e-05,0.056699077863396515,0.8383635688816402,25,20,20
7,3677,0.09001281521617706,5.6850217651854865e-06,0.07159150812406612,0.8383899916379913,25,20,20
7,3678,0.09001281521617704,5.685021765110221e-06,0.07158996552984695,0.8383915342322106,25,20,20
7,3679,0.09001281521618024,5.685021769401835e-06,0.07158546097780825,0.8383960387842418,25,20,20
7,3680,0.09001281521618018,5.685021527133168e-06,0.07121245440776348,0.8387690453545291,25,20,20
7,3681,0.09001931822070505,5.685019904579174e-06,0.07120595140500596,0.8387690453543842,25,20,20
7,3682,0.09001931822070824,5.6850199087953855e-06,0.071207497136671,0.8387674996227119,25,20,20
7,3683,0.09001931822070902,5.6850199089459465e-06,0.07120758164340595,0.838767415115976,25,20,20
7,3684,0.09001931836864491,5.685019913237381e-06,0.0712077972554339,0.8387671993560079,25,20,20
7,3685,0.07283359205756099,4.452319110154539e-09,0.08835807767733886,0.8388083258127813,25,20,20
7,3686,0.07283359205756101,4.452323400493774e-09,0.08835166790968772,0.8388147355804282,25,20,20
7,3687,0.07283359205756107,4.452323400494499e-09,0.08834696953674744,0.8388194339533682,25,20,20
7,3688,0.07283359205756425,4.452323326499654e-09,0.08834709137721691,0.8388193121128955,25,20,20
7,3689,0.07283359205756428,4.466262627898229e-09,0.08835940949561859,0.8388069939805546,25,20,20
7,3690,0.07265773873574462,0.0005626361496444193,0.08797263112959769,0.8388069939850132,25,20,20
7,3691,0.07405200927211328,0.0005626361483452359,0.08657950957657175,0.8388058450029702,25,20,20
7,3692,0.07405201317102898,4.556400808230297e-09,0.08245986671006092,0.8434881155625095,25,20,20
7,3693,0.07405201317102902,4.5564050712904036e-09,0.08272611893562544,0.8432218633369406,25,20,20
7,3694,0.07405201317102583,4.556400778378278e-09,0.08272592167614017,0.8432220605964333,25,20,20
7,3695,0.07405201317139083,4.5566411925099785e-09,0.08246350295484854,0.8434844793171196,25,20,20
7,3696,0.07405200922896998,4.471768567313095e-09,0.0871456489227549,0.8388023373765067,25,20,20
7,3697,0.07405200922896994,4.4715304749807415e-09,0.08714563035063053,0.8388023559488691,25,20,20
7,3698,0.07405200908121307,4.4715261861662105e-09,0.08714540863875353,0.8388025778085073,25,20,20
7,3699,0.07404369611861077,4.473205059345642e-09,0.08715372115142601,0.8388025782567584,25,20,20
7,3700,0.07404369611861393,4.473445348085698e-09,0.08715444971439452,0.8388018496935464,25,20,20
7,3701,0.0740436961186139,4.473445346788303e-09,0.08715448249642657,0.8388018169115143,25,20,20
7,3702,0.0740436961185692,4.459510334236854e-09,0.0871443932032222,0.8388119062186984,25,20,20
7,3703,0.07404369670897865,4.473425899773057e-09,0.08723719034859602,0.8387191084689993,25,20,20
7,3704,0.07404369670897787,4.4734300421766634e-09,0.08723724884751881,0.8387190499700733,25,20,20
7,3705,0.07404372378671162,4.483340010519194e-09,0.08723735033981106,0.8387189213901372,25,20,20
7,3706,0.07404372378652985,4.4833399354037954e-09,0.08714490387671264,0.8388113678534174,25,20,20
7,3707,0.07404372378653384,4.4835845827239844e-09,0.08715348535622068,0.8388027863736606,25,20,20
7,3708,0.07404372378653064,4.483580291366152e-09,0.08715111337682656,0.8388051583530625,25,20,20
7,3709,0.07404372378635177,4.483576001528049e-09,0.087151432878284,0.838804838851788,25,20,20
7,3710,0.07404372319594231,4.469660434693698e-09,0.08705852079293296,0.8388977515414641,25,20,20
7,3711,0.0740437231959391,4.4694160042672515e-09,0.08705126949168478,0.83890500284296,25,20,20
7,3712,0.07404372319593597,4.4694160029699155e-09,0.08705118741853493,0.838905084916113,25,20,20
7,3713,0.07404372319593598,4.469415928998389e-09,0.0870511880192668,0.8389050843153812,25,20,20
7,3714,0.07404372319557093,4.469171253104319e-09,0.08704727548190476,0.8389089968533529,25,20,20
7,3715,0.0740437231955286,4.469167025745464e-09,0.08713779419693807,0.838818478138366,25,20,20
7,3716,0.0740437231955286,4.46916702574546e-09,0.08713790662408603,0.8388183657112179,25,20,20
7,3717,0.07404372319552541,4.469162699551644e-09,0.08676491885227679,0.8391913534830351,25,20,20
7,3718,0.0740437231955255,4.46916270083221e-09,0.08703118595591651,0.8389250863793951,25,20,20
7,3719,0.07404372319811502,4.46965066605678e-09,0.08712386698708129,0.8388324053451529,25,20,20
7,3720,0.07404372319811502,4.469646385770901e-09,0.08703321665252277,0.8389230556797158,25,20,20
7,3721,0.07404400532255416,4.478638546317339e-09,0.08703293208230643,0.8389230581165006,25,20,20
7,3722,0.07404400532259968,4.4788831311567015e-09,0.08703952071754786,0.8389164694809691,25,20,20
7,3723,0.07404400532259968,4.478883129829626e-09,0.08703957437084542,0.8389164158276715,25,20,20
7,3724,0.07404400532259964,4.4786407125016045e-09,0.08666647069400221,0.839289519504757,25,20,20
7,3725,0.07404400532264437,4.478640712470754e-09,0.08666654601621972,0.8392894441824948,25,20,20
7,3726,0.07404400532268984,4.478645078056296e-09,0.08666666355813975,0.8392893266405249,25,20,20
7,3727,0.07404400532269065,4.47864515332068e-09,0.08666894272736758,0.8392870474712963,25,20,20
7,3728,0.07404400532268744,4.478400581852694e-09,0.08703346528609225,0.8389225249128194,25,20,20
7,3729,0.07344839244991432,1.6017461969147336e-05,0.08761304130130415,0.8389225487868122,25,20,20
7,3730,0.07344839304159431,1.6017475910368974e-05,0.08762007517963984,0.8389155143028553,25,20,20
7,3731,0.07895049875545822,1.6018867224151196e-05,0.08211796069906536,0.8389155216782518,25,20,20
7,3732,0.07895049875541262,1.601886721986106e-05,0.08211568216592552,0.8389178002114417,25,20,20
7,3733,0.07895049875541266,1.6018867219785795e-05,0.0821187641853435,0.8389147181920237,25,20,20
7,3734,0.07895049875545773,1.6018867219745808e-05,0.08249168657221588,0.8385417958051063,25,20,20
7,3735,0.07895049874098327,1.6267589608465653e-05,0.08256011453240253,0.8384731191370055,25,20,20
7,3736,0.07895049874098332,1.6267589612755486e-05,0.08256470219831243,0.8384685314710915,25,20,20
7,3737,0.0789504987409386,1.6267589368321208e-05,0.08255808220877943,0.8384751514609137,25,20,20
7,3738,0.07895049874098413,1.6267589368396475e-05,0.08256024957278509,0.8384729840968624,25,20,20
7,3739,0.07895049874098414,1.62675893683238e-05,0.08256017051603941,0.8384730631536084,25,20,20
7,3740,0.07895049874098495,1.6267589368325097e-05,0.08256690442884962,0.8384663292407972,25,20,20
7,3741,0.07895049874102926,1.6267589368249125e-05,0.08294036011577699,0.8380928735538257,25,20,20
7,3742,0.07895049874102845,1.626758936817643e-05,0.08294468587752835,0.8380885477920752,25,20,20
7,3743,0.07895049874102528,1.6267589372392597e-05,0.08294166495449147,0.838091568715111,25,20,20
7,3744,0.07895049874102607,1.6267589372466594e-05,0.08294171585439233,0.8380915178152093,25,20,20
7,3745,0.07895049874102605,1.6267589372465317e-05,0.0829417138650148,0.8380915198045868,25,20,20
7,3746,0.06285813524361773,1.6754703163214317e-05,0.09149044512655743,0.8456346649266621,25,20,20
7,3747,0.06094436785076992,1.675329294498558e-05,0.09339715119670021,0.8456417276595855,25,20,20
7,3748,0.06094436785077312,1.675329294927558e-05,0.09339371122223014,0.8456451676340481,25,20,20
7,3749,0.0609443678507731,1.675329294502657e-05,0.09302721211113733,0.8460116667451452,25,20,20
7,3750,0.06094436785077308,1.6753292940736254e-05,0.09302701687422543,0.8460118619820612,25,20,20
7,3751,0.06094436826381621,1.6500135688285e-05,0.09299290840672494,0.8460462231937714,25,20,20
7,3752,0.06094437518581901,1.6500135688408383e-05,0.10015275893936705,0.8388863657391259,25,20,20
7,3753,0.060944375196200315,1.650013569691505e-05,0.10015295932902749,0.8388861653390757,25,20,20
7,3754,0.06094437518581901,1.6500135932915312e-05,0.10015938404676648,0.8388797406314821,25,20,20
7,3755,0.06094437518577389,1.6500135932840746e-05,0.09978584585071534,0.8392532788275783,25,20,20
7,3756,0.046573276555224606,1.6013947481919203e-05,0.1216935339869491,0.8317171755103451,25,20,20
7,3757,0.04298586725278523,1.6013031043352568e-05,0.12528798601077282,0.8317101337053993,25,20,20
7,3758,0.04578383396294896,0.00025142844992616625,0.12223524597951375,0.8317294916076117,25,20,20
7,3759,0.04578383396294897,0.00025142844992616755,0.12223532572567379,0.8317294118614516,25,20,20
7,3760,0.045783833962951576,0.00025142845013256755,0.12821904221539343,0.8257456953715228,25,20,20
7,3761,0.04578383385587133,0.0002514288664236362,0.12824708665820986,0.8257176506194955,25,20,20
7,3762,0.04578383385587133,0.0002514288664236336,0.12824715943320258,0.8257175778445028,25,20,20
7,3763,0.045783826933868524,0.00025142886642351154,0.1210808048833774,0.8328839393163311,25,20,20
7,3764,0.04581932089934281,0.00023541660864920253,0.12106115649940596,0.8328841059926027,25,20,20
7,3765,0.04581932089934281,0.0002354166086492012,0.12105455371270929,0.8328907087792993,25,20,20
7,3766,0.045819320899342764,0.00023541660864927517,0.12104993328154144,0.8328953292104673,25,20,20
7,3767,0.046370270107841983,0.00023541588117618052,0.12049917579902139,0.8328951382119612,25,20,20
7,3768,0.045857019172884976,0.00023541625212245509,0.12101242465239118,0.8328951399226021,25,20,20
7,3769,0.04496951592861851,0.00023541623148783182,0.12189477300229107,0.8329002948376033,25,20,20
7,3770,0.04138119235271602,0.00023704244102855336,0.12548854052898847,0.8328932246772685,25,20,20
7,3771,0.041381191761036086,0.00023704242708733037,0.12548630292686,0.8328954628850183,25,20,20
7,3772,0.041381191761036086,0.00023704242708740396,0.12548974398477544,0.8328920218271025,25,20,20
7,3773,0.04138119175844656,0.00023704242659928817,0.12539706023939778,0.8329847055755577,25,20,20
7,3774,0.04138119175844663,0.0002370424265992161,0.12539219666822995,0.8329895691467254,25,20,20
7,3775,0.041381191761041415,0.00023704242659936534,0.12540403753670287,0.8329777282756576,25,20,20
7,3776,0.04138119176103871,0.00023704242639296266,0.11915397289240642,0.8392277929201631,25,20,20
7,3777,0.04138119176104198,0.00023704242663757816,0.11915566040866729,0.8392261054036544,25,20,20
7,3778,0.04138119176103871,0.00023704242663328534,0.1191539985071276,0.8392277673052017,25,20,20
7,3779,0.04138119176103951,0.00023704242687786758,0.1191606224987798,0.8392211433133042,25,20,20
7,3780,0.04138119176103633,0.00023704242688208393,0.11915909143628978,0.8392226743757931,25,20,20
7,3781,0.041381191761036315,0.00023704242688214804,0.11924965029231288,0.8391321155197699,25,20,20
7,3782,0.04145609867284574,0.00023782669223918913,0.11918022881474948,0.8391258458201668,25,20,20
7,3783,0.04145609867284567,0.00023782669223489927,0.11917560572802138,0.8391304689068988,25,20,20
7,3784,0.04145609867284565,0.00023782667829567062,0.11916331429941777,0.8391427603494418,25,20,20
7,3785,0.04139842383960566,0.000237098983123551,0.1192217847615732,0.8391426924156984,25,20,20
7,3786,0.02619113587864982,0.00023709884529665964,0.1344342294504828,0.8391375358255712,25,20,20
7,3787,0.026191135878653814,0.00023709884530095075,0.13443885256161106,0.8391329127144347,25,20,20
7,3788,0.026191135878653814,0.00023709884530087548,0.1344387695077601,0.8391329957682858,25,20,20
7,3789,0.026191135878471678,0.00023709884530087429,0.13443731124717806,0.8391344540290497,25,20,20
7,3790,0.026191135880660625,0.00023709884530093782,0.14070342143097997,0.8328683438430589,25,20,20
7,3791,0.026191135880659827,0.00023709884505635555,0.1406967183961241,0.83287504687816,25,20,20
7,3792,0.026191135880659754,0.0002370988450519987,0.140604416030207,0.8329673492440816,25,20,20
7,3793,0.026191135880660497,0.00023709884505629167,0.14059981502613492,0.8329719502481485,25,20,20
7,3794,0.026191135880660438,0.0002370988450562163,0.14059978747490146,0.8329719777993823,25,20,20
7,3795,0.026191135880614905,0.00023709884505614107,0.14059762011089574,0.8329741451634334,25,20,20
7,3796,0.02619113588061496,0.00023709884505621485,0.1406899125362173,0.8328818527381118,25,20,20
7,3797,0.026191135880618156,0.00023709884505629012,0.140689882606737,0.8328818826675888,25,20,20
7,3798,0.026191135880660275,0.00023709884481595364,0.14081772999699443,0.8327540352775296,25,20,20
7,3799,0.026191135878065496,0.00023709884482009554,0.1408105912686838,0.8327611740084307,25,20,20
7,3800,0.026191135875876556,0.00023709884482003333,0.13454456216023056,0.839027203119073,25,20,20
7,3801,0.026191135875876608,0.0002370988448243232,0.1345491852327386,0.8390225800465606,25,20,20
7,3802,0.026191135875875807,0.00023709884482432192,0.13454895572077402,0.839022809558526,25,20,20
7,3803,0.02619113587587588,0.00023709884482861325,0.13455132051848184,0.839020444760814,25,20,20
7,3804,0.02619113587587588,0.0002370988448243234,0.13454669887257503,0.839025066406725,25,20,20
7,3805,0.026191135875921413,0.00023709884482432601,0.1345489036669752,0.8390228616122793,25,20,20
7,3806,0.026191135875921347,0.0002370988448201099,0.13454665272374264,0.8390251125555162,25,20,20
7,3807,0.026173903593080604,0.00023704186728219532,0.13456393955157403,0.8390251149880631,25,20,20
7,3808,0.029818471874291014,0.0002354161217391073,0.13092099944344768,0.8390251125605229,25,20,20
7,3809,0.029818471874291014,0.00023541612173910866,0.13092111136302378,0.8390250006409468,25,20,20
7,3810,0.02981847187429414,0.0002354161217348923,0.1309209985998672,0.8390251134041046,25,20,20
7,3811,0.029818471874248666,0.00023541612173488965,0.13091887522264534,0.8390272367813719,25,20,20
7,3812,0.029818471874247864,0.00023541612173067202,0.13091879380480723,0.8390273181992149,25,20,20
7,3813,0.02981847187424785,0.00023541612172637958,0.13091408967728901,0.8390320223267375,25,20,20
7,3814,0.029818471874247052,0.00023541612148179867,0.13091398936944368,0.839032122634828,25,20,20
7,3815,0.029818471874201665,0.0002354161214775949,0.1307845677416546,0.8391615442626668,25,20,20
7,3816,0.029818471874201648,0.00023541612165459307,0.1418424099175715,0.8281037020865735,25,20,20
7,3817,0.02981847187420166,0.00023541612165451777,0.14184241051107882,0.8281037014930662,25,20,20
7,3818,0.029818471874156125,0.00023541612165022745,0.1418423270946017,0.8281037849095931,25,20,20
7,3819,0.029818471874156125,0.00023541612165030014,0.14183580541370883,0.828110306590486,25,20,20
7,3820,0.029818471874159324,0.00023541612165030014,0.14184600653722643,0.8281001054669653,25,20,20
7,3821,0.029818471874159324,0.00023541612165030014,0.14185065943925496,0.8280954525649367,25,20,20
7,3822,0.02981847187415859,0.00023541612165029903,0.14174388858225465,0.8282022234219378,25,20,20
7,3823,0.029818471874158578,0.0002354161216460061,0.1417438499983232,0.8282022620058734,25,20,20
7,3824,0.029818471874155397,0.0002354161218905896,0.1417403539066022,0.828205758097353,25,20,20
7,3825,0.029818471874155397,0.00023541612189066543,0.14211337643521754,0.8278327355687377,25,20,20
7,3826,0.029818471874152198,0.00023541612189058886,0.14211329192982028,0.827832820074138,25,20,20
7,3827,0.029818471874313142,0.0002354161218943052,0.14677205328526902,0.8231740587185247,25,20,20
7,3828,0.029818471874313128,0.00023541612189430515,0.1467718993420727,0.8231742126617212,25,20,20
7,3829,0.04642126796454818,0.0002354159157832782,0.13016910349293936,0.8231742126267301,25,20,20
7,3830,0.04642126796454812,0.0002354159157832769,0.13016902099098948,0.8231742951286799,25,20,20
7,3831,0.04642126796450299,0.00023541591577902523,0.12979590136975433,0.8235474147499644,25,20,20
7,3832,0.04642126796450059,0.0002354159160212913,0.13016428643449995,0.823179029684979,25,20,20
7,3833,0.04642126796450064,0.0002354159160213653,0.1301642550350547,0.823179061084424,25,20,20
7,3834,0.04642126796466232,0.0002354159164536275,0.13482326895197694,0.8185200471669078,25,20,20
7,3835,0.046421267964662324,0.0002354159164536275,0.13482326898727395,0.8185200471316108,25,20,20
7,3836,0.046421267964662276,0.00023541591645362932,0.1345570175480229,0.8187862985708619,25,20,20
7,3837,0.04642126796465828,0.00023541591644933948,0.134552394471602,0.8187909216472908,25,20,20
7,3838,0.08257868539137415,0.0002354154443194852,0.098394977517566,0.8187909216467405,25,20,20
7,3839,0.08257868539137415,0.0002354154443226449,0.10945289242941987,0.8077330067348835,25,20,20
7,3840,0.08257868539137496,0.00023541544432686124,0.10945297378849844,0.8077329253757999,25,20,20
7,3841,0.05243318525174466,0.00023541561637516477,0.13952106268506367,0.807810336446817,25,20,20
7,3842,0.04963398249681278,2.2318394994725528e-07,0.14257481545295658,0.8077909788662808,25,20,20
7,3843,0.04963398249681598,2.231837772201956e-07,0.13169640321610918,0.8186693911032974,25,20,20
7,3844,0.07735812694603136,1.2419478159373555e-06,0.10404370943898353,0.8185969216671691,25,20,20
7,3845,0.07735812694602813,1.2419478116649563e-06,0.1038643114429199,0.8187763196632403,25,20,20
7,3846,0.0773581269477171,1.2419479707777688e-06,0.1178344410757005,0.8048061900286116,25,20,20
7,3847,0.06615053001484443,1.2529284829462217e-06,0.12904103750664847,0.804807179550024,25,20,20
7,3848,0.06615053001484444,1.2529284840789796e-06,0.11798782614672537,0.815860390909946,25,20,20
7,3849,0.06615053001484444,1.2529284840803003e-06,0.11798782814417978,0.8158603889124918,25,20,20
7,3850,0.06615053001484444,1.252928488370617e-06,0.1179880233913668,0.8158601936653004,25,20,20
7,3851,0.06615053001484525,1.2529284883713286e-06,0.11761654349517853,0.8162316735614878,25,20,20
7,3852,0.06615053001315943,1.2529283292597893e-06,0.10364803576111671,0.8302001812973948,25,20,20
7,3853,0.0661505292965988,1.0344535478496115e-06,0.10364825527414875,0.8302001809757048,25,20,20
7,3854,0.06615075194369897,0.0007782478010298213,0.10287079927028943,0.830200200984982,25,20,20
7,3855,0.06615075194369903,0.0007782478010255323,0.1028753044424053,0.8301956958128704,25,20,20
7,3856,0.06615071169394107,1.4935207555758779e-05,0.10363865689588754,0.8301956962026159,25,20,20
7,3857,0.06615071169394346,1.4935207551542425e-05,0.1036431631646918,0.8301911899338136,25,20,20
7,3858,0.06615071169394353,1.493520755161899e-05,0.1036432842981693,0.8301910688003359,25,20,20
7,3859,0.06615071169394353,1.4935207551618994e-05,0.10364325151635267,0.8301911015821526,25,20,20
7,3860,0.06615071169398906,1.4935207551692963e-05,0.10364329292367386,0.8301910601747859,25,20,20
7,3861,0.07754807667642255,1.4924227039194885e-05,0.09224692842836234,0.8301900706681764,25,20,20
7,3862,0.07754808062497182,2.9061998318962594e-05,0.09223276839618003,0.8301900889805289,25,20,20
7,3863,0.0775480806249726,2.906199832332901e-05,0.09223739010741597,0.8301854672692878,25,20,20
7,3864,0.0775480806249734,2.9061998319187102e-05,0.09223738861268849,0.8301854687640189,25,20,20
7,3865,0.07754808062497259,2.9061998319039173e-05,0.09223280042910922,0.8301900569475988,25,20,20
7,3866,0.07754808062497254,2.906199831896408e-05,0.09214050741790412,0.8302823499588038,25,20,20
7,3867,0.07754808062497257,2.9061998318965403e-05,0.0921427876609505,0.8302800697157572,25,20,20
7,3868,0.07754808062497257,2.9061998318966684e-05,0.09214267518910757,0.8302801821876001,25,20,20
7,3869,0.07754808062492702,2.9061998318891413e-05,0.09214258106321051,0.830280276313543,25,20,20
7,3870,0.07754808062492702,2.906199831896406e-05,0.09214258246610395,0.8302802749106494,25,20,20
7,3871,0.077548080624927,2.9061998323254388e-05,0.09214044511113809,0.830282412265611,25,20,20
7,3872,0.07754808062493013,2.9061998565593543e-05,0.09250922213704962,0.829913635239454,25,20,20
7,3873,0.07754808062492699,2.9061998565592263e-05,0.09251221979086079,0.829910637585646,25,20,20
7,3874,0.07754808062493018,2.906199856559356e-05,0.09251227526275418,0.8299105821137494,25,20,20
7,3875,0.07754808062493336,2.9061998325302978e-05,0.09250576749044281,0.8299170898862976,25,20,20
7,3876,0.0775480806249302,2.906199808303779e-05,0.09213231908076487,0.830290538296221,25,20,20
7,3877,0.07754808062493021,2.9061998083110427e-05,0.09213884279892941,0.8302840145780565,25,20,20
7,3878,0.071482964729406,2.9062000759271315e-05,0.09820278565362722,0.8302851876162066,25,20,20
7,3879,0.071482964729406,2.9062000759270014e-05,0.09820286614732744,0.8302851071225064,25,20,20
7,3880,0.07148296472940595,2.9062000759196007e-05,0.09819816548900137,0.8302898077808326,25,20,20
7,3881,0.07148296472940276,2.9062000759120767e-05,0.09819167504846832,0.8302962982213689,25,20,20
7,3882,0.06493767493962901,2.9067671614827515e-05,0.10473811845828954,0.8302951389304657,25,20,20
7,3883,0.06493767493946807,2.906767161110984e-05,0.10007932428555283,0.8349539331033672,25,20,20
7,3884,0.06493767089641009,9.649653274397076e-05,0.10000509763553796,0.8349607349353069,25,20,20
7,3885,0.06493767089624841,9.649653231170988e-05,0.09534608169795958,0.8396197508734793,25,20,20
7,3886,0.06493753466311238,8.259568486205672e-05,0.09536013917118469,0.8396197304808415,25,20,20
7,3887,0.06493753466311157,8.259568485769027e-05,0.09535543360580011,0.839624436046231,25,20,20
7,3888,0.06493753466311078,8.25956848576137e-05,0.0953538099325542,0.8396260597194777,25,20,20
7,3889,0.0649375346631563,8.259568510220865e-05,0.09535853052564092,0.8396213391261007,25,20,20
7,3890,0.06679341799760449,8.157674286572924e-05,0.09350860609114793,0.8396163991683825,25,20,20
7,3891,0.06679341799760449,8.157674286580323e-05,0.093508719980062,0.8396162852794683,25,20,20
7,3892,0.06679337184589111,8.178668913109098e-05,0.09350855619189465,0.8396162852730836,25,20,20
7,3893,0.06679337184589111,8.178668913109101e-05,0.09350855619189476,0.8396162852730836,25,20,20
7,3894,0.06679337184589111,8.178668913109104e-05,0.09350855676748304,0.8396162846974956,25,20,20
7,3895,0.0667933718458943,8.178668913109104e-05,0.09351317723883394,0.8396116642261415,25,20,20
7,3896,0.08329888772776245,2.2020029054964576e-07,0.07709372975032396,0.8396071623216227,25,20,20
7,3897,0.08329888772776245,2.2020029047697235e-07,0.07710021944854306,0.8396006726234035,25,20,20
7,3898,0.08329888772776245,2.2020029047697235e-07,0.07710022086029078,0.8396006712116558,25,20,20
7,3899,0.08329888772771772,2.2020004588332606e-07,0.0770955032226833,0.8396053888495526,25,20,20
7,3900,0.08329888772771772,2.2020004603286155e-07,0.07736183473100836,0.8393390573412275,25,20,20
7,3901,0.08329888772771779,2.2020004595891354e-07,0.07736175414960153,0.8393391379226341,25,20,20
7,3902,0.08329888772771779,2.2020004596155374e-07,0.077361836622582,0.8393390554496536,25,20,20
7,3903,0.08329888772771786,2.2020004596025603e-07,0.07736188597113214,0.8393390061011032,25,20,20
7,3904,0.08329888772771785,2.2020004588368936e-07,0.07736180430383344,0.8393390877684023,25,20,20
7,3905,0.08329888772771704,2.2019980361742783e-07,0.07708097623956839,0.8396199158329104,25,20,20
7,3906,0.08329888772771704,2.201998036926967e-07,0.07708100963495919,0.8396198824375196,25,20,20
7,3907,0.08329888772771701,2.2019980369267432e-07,0.07708084585153156,0.8396200462209472,25,20,20
7,3908,0.08329888772772025,2.201998036940124e-07,0.07708398178167011,0.8396169102908054,25,20,20
7,3909,0.0832988877278992,2.2019980791149852e-07,0.0770810279541064,0.839619864118186,25,20,20
7,3910,0.08329888772789845,2.2019981212655485e-07,0.07708103109493508,0.8396198609773539,25,20,20
7,3911,0.08329888772808056,2.2020005672280542e-07,0.07708586519887821,0.8396150268729841,25,20,20
7,3912,0.08329888772807736,2.2020005664621638e-07,0.07708578069348108,0.8396151113783845,25,20,20
7,3913,0.0832988877280774,2.2020006093631044e-07,0.07708145378189772,0.8396194382899635,25,20,20
7,3914,0.0832988877280774,2.202000608620637e-07,0.07681740147759678,0.8398834905942646,25,20,20
7,3915,0.08875429317334374,2.1877898156922243e-07,0.07136085628433411,0.8398846317633403,25,20,20
7,3916,0.050937334863549275,2.1877901143960607e-07,0.10917781627180245,0.8398846300856374,25,20,20
7,3917,0.0509373348637314,2.1877901573120106e-07,0.10917573434750599,0.8398867120097475,25,20,20
7,3918,0.05093734230323577,2.2019342187086386e-07,0.11388212394051107,0.8351803135628317,25,20,20
7,3919,0.05093734230323736,2.2019342179581783e-07,0.11379223064360343,0.8352702068597379,25,20,20
7,3920,0.05093734230305528,2.2019341743023262e-07,0.11379211349423488,0.8352703240092929,25,20,20
7,3921,0.050937342303055216,2.201934174302318e-07,0.1137920339497592,0.8352704035537686,25,20,20
7,3922,0.050937342303055216,2.2019341742893407e-07,0.11379203195212804,0.8352704055513998,25,20,20
7,3923,0.050937342303058436,2.2019366202129135e-07,0.11379678636268284,0.8352656511405973,25,20,20
7,3924,0.06214429887783529,2.3440034910040657e-07,0.10259193458151097,0.8352635321403049,25,20,20
7,3925,0.06214429888043058,2.3440059377630598e-07,0.10259584292453891,0.8352596237944371,25,20,20
7,3926,0.06214429887783529,2.3440034910168194e-07,0.10259201423501352,0.8352634524868024,25,20,20
7,3927,0.06134124966267025,2.2005399489959105e-07,0.09130353487614437,0.8473549954071911,25,20,20
7,3928,0.06134124966266867,2.2005399497351593e-07,0.09130124966246536,0.8473572806208715,25,20,20
7,3929,0.061341249665243736,2.2005448088929223e-07,0.09156291823277062,0.8470956120475054,25,20,20
7,3930,0.06134124966524375,2.200544808893154e-07,0.09156291300363453,0.8470956172766413,25,20,20
7,3931,0.059746508313669365,2.2043479574306195e-07,0.07434037046134906,0.8659129007901855,25,20,20
7,3932,0.059746508313669365,2.2043479581704684e-07,0.07434499121887528,0.8659082800326591,25,20,20
7,3933,0.05974650831366612,2.2043479581570877e-07,0.07434185528873676,0.8659114159628011,25,20,20
7,3934,0.05974650831366697,2.2043479589229513e-07,0.07434352280719451,0.8659097484443424,25,20,20
7,3935,0.059746508313667804,2.2043503618462377e-07,0.07434791628020722,0.8659053549710884,25,20,20
7,3936,0.05974650831353118,2.2043527655067136e-07,0.07435287245075439,0.8659003988004375,25,20,20
7,3937,0.05974650831353112,2.2043527655063902e-07,0.07435745838339664,0.8658958128677954,25,20,20
7,3938,0.05974650831353112,2.2043527655193294e-07,0.0743593613149089,0.8658939099362831,25,20,20
7,3939,0.05974650831353112,2.2043527655455048e-07,0.07436406310806229,0.8658892081431298,25,20,20
7,3940,0.0597465083135311,2.2043527648057917e-07,0.07436414701268829,0.8658891242385037,25,20,20
7,3941,0.0597465083135311,2.2043527648188683e-07,0.07437063591487213,0.8658826353363199,25,20,20
7,3942,0.05974650831353105,2.2043527219153923e-07,0.07437062934399333,0.8658826419072031,25,20,20
7,3943,0.059746508310952844,2.2043478620184638e-07,0.07410426022999582,0.8661490110242649,25,20,20
7,3944,0.059746508310952864,2.2043478627583987e-07,0.07410426165775491,0.8661490095965056,25,20,20
7,3945,0.05974650831110655,2.2043499274090792e-07,0.08035432644819133,0.8598989448057097,25,20,20
7,3946,0.05974650832141957,2.2043523566249568e-07,0.08062057829197197,0.8596326929513731,25,20,20
7,3947,0.05974650832141957,2.2043523558594153e-07,0.08061397410317324,0.8596392971401718,25,20,20
7,3948,0.05974650832142031,2.2043523573518178e-07,0.08061412761240946,0.8596391436309345,25,20,20
7,3949,0.06675426891281018,2.16365366288373e-07,0.07360752515920602,0.8596379895626173,25,20,20
7,3950,0.06675426891281018,2.1636536621442422e-07,0.07360752373188033,0.859637990989943,25,20,20
7,3951,0.06675426891299237,2.163656108270209e-07,0.07360267009303566,0.8596428446283609,25,20,20
7,3952,0.06675426891299152,2.1636561503348475e-07,0.07369329678087853,0.8595522179405147,25,20,20
7,3953,0.06675431408184372,2.490398020824368e-07,0.07369321893772754,0.8595522179406262,25,20,20
7,3954,0.06675431408188846,2.4903955750265597e-07,0.07368666480223551,0.8595587720763183,25,20,20
7,3955,0.06675431408188846,2.490395532209262e-07,0.07359445214603286,0.8596509847325252,25,20,20
7,3956,0.06762174756374016,4.5409610332350737e-07,0.08476380651900925,0.8476139918211468,25,20,20
7,3957,0.06762174755343028,4.5409586882986006e-07,0.08487054300003241,0.8475072553506681,25,20,20
7,3958,0.06762174026163799,4.526812266768518e-07,0.08017332652279247,0.8522044805343425,25,20,20
7,3959,0.06913846769818187,2.550670096129374e-07,0.07871154774846459,0.8521497294863436,25,20,20
7,3960,0.06913846769804481,2.5506676492507214e-07,0.07908379739292695,0.8517774798422632,25,20,20
7,3961,0.06913846769804481,2.550667649237293e-07,0.07908371445549295,0.8517775627796971,25,20,20
7,3962,0.06913846769804487,2.5506676070869893e-07,0.07908362765302708,0.8517776495821672,25,20,20
7,3963,0.06913846769804488,2.550667649996033e-07,0.07909023357090951,0.8517710436642804,25,20,20
7,3964,0.06913846755015148,2.550667564932651e-07,0.0790763807941753,0.8517848965889165,25,20,20
7,3965,0.0691692330330721,2.5488414635215873e-07,0.07904561635680345,0.8517848957259779,25,20,20
7,3966,0.0691692330330721,2.5488414627948527e-07,0.07904564345325654,0.8517848686295248,25,20,20
7,3967,0.06916923303306893,2.548841377775513e-07,0.0786725412042416,0.8521579708785515,25,20,20
7,3968,0.06916923303306899,2.548841378528202e-07,0.0786725426564295,0.8521579694263635,25,20,20
7,3969,0.06916923303306577,2.548838932604634e-07,0.0786677096324652,0.8521628024505756,25,20,20
7,3970,0.06916926649824895,2.5488414020882454e-07,0.07898334070262875,0.8518471379149818,25,20,20
7,3971,0.05859322353937097,4.63833661655877e-07,0.08955718292109313,0.8518491297058739,25,20,20
7,3972,0.058593223400172374,4.6345309262247745e-07,0.0683744690495836,0.873031844097151,25,20,20
7,3973,0.0585932234001755,4.6424251965686697e-07,0.06864401235613413,0.8727623000011704,25,20,20
7,3974,0.0585932234020819,4.642426993265431e-07,0.07925264631435275,0.8621536660408655,25,20,20
7,3975,0.05859322340208194,4.64242699252607e-07,0.07924766439390997,0.8621586479613085,25,20,20
7,3976,0.05859322340208194,4.64242699253927e-07,0.07924777824310146,0.862158534112117,25,20,20
7,3977,0.05859322340212746,4.642429438361481e-07,0.07925448085282062,0.8621518315021076,25,20,20
7,3978,0.0585932234002658,4.64242772672167e-07,0.0686503975124576,0.8727559148445035,25,20,20
7,3979,0.0585932234002658,4.634535885568264e-07,0.0686470908303178,0.8727592223158276,25,20,20
7,3980,0.030864808687181042,3.209437781208508e-07,0.09637155009731,0.8727633202717309,25,20,20
7,3981,0.0308648086975171,3.209435379027302e-07,0.09636718054491769,0.8727676898140274,25,20,20
7,3982,0.030864808697472032,3.2094353797671394e-07,0.09599326332781058,0.8731416070311794,25,20,20
7,3983,0.011748155442697346,4.336645979692666e-07,0.11509347736628005,0.8731579335264246,25,20,20
7,3984,0.011748155442700487,4.3366459804322916e-07,0.1150965569393931,0.8731548539533084,25,20,20
7,3985,0.011748155442700475,4.3366459800521495e-07,0.1154630543365067,0.8727883565561949,25,20,20
7,3986,0.01174815559060093,4.336643593765968e-07,0.11520815679627885,0.8730432539487609,25,20,20
7,3987,0.011748155600958933,4.336646034330079e-07,0.11530112701171026,0.8729502837227276,25,20,20
7,3988,0.01174815560091346,4.3366435884948046e-07,0.11529604414346652,0.8729553665912613,25,20,20
7,3989,0.01174815560091346,4.3366436310038545e-07,0.1156675252474137,0.8725838854873099,25,20,20
7,3990,0.01174815560091346,4.336643589227642e-07,0.11529453721885576,0.872956873515872,25,20,20
7,3991,0.011748155600868669,4.336643674997889e-07,0.11529912407700299,0.872952286657761,25,20,20
7,3992,0.011748155600867869,4.336643589175046e-07,0.11529450169948545,0.8729569090352879,25,20,20
7,3993,0.011748155600867869,4.3366435891748233e-07,0.11529450112389718,0.8729569096108765,25,20,20
7,3994,0.011748155600871035,4.336646013347004e-07,0.11566762358688337,0.8725837871476447,25,20,20
7,3995,0.011748155600825505,4.33664592827685e-07,0.11566303296641076,0.8725883777681714,25,20,20
7,3996,0.011748155590447118,4.3366459282717195e-07,0.11566730396049353,0.8725841067844671,25,20,20
7,3997,0.011748155590447118,4.3366459275452066e-07,0.11567188989144367,0.8725795208535169,25,20,20
7,3998,0.011748163964349684,4.336786773920844e-07,0.11594521428306004,0.8723061880739134,25,20,20
7,3999,0.011748163964395203,4.3367868168191794e-07,0.11594521738364065,0.8723061849732828,25,20,20
7,4000,0.01174816396529368,4.337474631711341e-07,0.15247889334928647,0.8357725089379572,25,20,20
7,4001,0.011748118855460083,1.9114089354827285e-07,0.15247918105939656,0.8357725089442504,25,20,20
7,4002,0.011748118855414552,1.9114088918317918e-07,0.15247455716267072,0.8357771328410262,25,20,20
7,4003,0.0015763875490742297,7.272963754507717e-08,0.16264917854344407,0.835774361177844,25,20,20
7,4004,0.0015763875489660745,7.272943537095853e-08,0.1564057210720149,0.8420178186495845,25,20,20
7,4005,0.0015763875489660745,7.272943536966118e-08,0.1564056461075824,0.8420178936140168,25,20,20
7,4006,0.0015763875489660894,7.272943544495363e-08,0.15640564730999157,0.8420178924116075,25,20,20
7,4007,0.029849671807857046,2.7963953412392244e-07,0.12814569356161978,0.8420043549909897,25,20,20
7,4008,0.02984967180786104,2.796534733526708e-07,0.12815789923822368,0.8419921493004426,25,20,20
7,4009,0.029849671807861054,2.796534734272597e-07,0.1285310030788677,0.8416190454597985,25,20,20
7,4010,0.029849671807861054,2.796534734259616e-07,0.12853096311578188,0.8416190854228844,25,20,20
7,4011,0.02984967180786185,2.7965347350121866e-07,0.12853756869572971,0.8416124798429356,25,20,20
7,4012,0.02984967180786185,2.796534735025387e-07,0.1285374882263715,0.8416125603122938,25,20,20
7,4013,0.02984967180786185,2.796534734986219e-07,0.12853756882773115,0.841612479710934,25,20,20
7,4014,0.02984967180786185,2.79653473499942e-07,0.12853757218817946,0.8416124763504855,25,20,20
7,4015,0.029849671807858656,2.796534692083053e-07,0.12853745599394442,0.8416125925447279,25,20,20
7,4016,0.029921880109998505,7.0828273041857045e-06,0.12845844434604184,0.8416125927166554,25,20,20
7,4017,0.029921880109998522,7.0828275465270814e-06,0.12883156484028102,0.841239472222174,25,20,20
7,4018,0.029921880110180255,7.08282779065815e-06,0.12892424619770293,0.8411467908643262,25,20,20
7,4019,0.02992188011017626,7.082813851354133e-06,0.128911925234661,0.8411591118413113,25,20,20
7,4020,0.029921880110173067,7.082813851278828e-06,0.12890722139084576,0.8411638156851299,25,20,20
7,4021,0.029921880110173868,7.0828138513541205e-06,0.12890733731734788,0.8411636997586267,25,20,20
7,4022,0.029921871736268164,7.082799766641988e-06,0.12862760364676507,0.8414434418171999,25,20,20
7,4023,0.029921871736268105,7.082799766569313e-06,0.1286322218870208,0.8414388235769442,25,20,20
7,4024,0.029921871736270506,7.082799770784129e-06,0.12863447647602036,0.8414365689879381,25,20,20
7,4025,0.02992187173631603,7.08279977936639e-06,0.12863918238310793,0.8414318630807963,25,20,20
7,4026,0.029921871736497758,7.082799783646845e-06,0.12872679031605921,0.8413442551476591,25,20,20
7,4027,0.0283658516144911,7.016367906830122e-06,0.13028896452477448,0.8413381674928279,25,20,20
7,4028,0.0283658516144911,7.016367911118919e-06,0.1302865422701859,0.841340589747412,25,20,20
7,4029,0.02836585161449111,7.016367906828825e-06,0.1302843792033761,0.841342752814226,25,20,20
7,4030,0.028296268372739953,2.0890529978125407e-07,0.13036074939172207,0.8413427733302383,25,20,20
7,4031,0.02829626837273916,2.0890529970597465e-07,0.1303541443873619,0.8413493783345994,25,20,20
7,4032,0.028296268372739145,2.0890529977993354e-07,0.13036063268015075,0.8413428900418105,25,20,20
7,4033,0.028296268372921284,2.089052999305159e-07,0.13036077851328073,0.8413427442084983,25,20,20
7,4034,0.028296268372921228,2.089052956056422e-07,0.1299876764068463,0.841715846314937,25,20,20
7,4035,0.028296268372739495,2.0890505147462036e-07,0.12989502911218076,0.8418084936100283,25,20,20
7,4036,0.028296268372739523,2.0890481334901703e-07,0.12952210389195526,0.842181418830492,25,20,20
7,4037,0.02829626837184334,2.0883605453617227e-07,0.13112953515024484,0.8405739876418575,25,20,20
7,4038,0.02829626837184334,2.0883605453747e-07,0.13112953653767112,0.8405739862544312,25,20,20
7,4039,0.0282962683718434,2.0883605882778664e-07,0.13112973178467788,0.8405737910074201,25,20,20
7,4040,0.028296268371797884,2.0883605032191471e-07,0.13121731970991207,0.84048620308224,25,20,20
7,4041,0.028296268371801075,2.0883605461284122e-07,0.13122392421591442,0.8404795985762301,25,20,20
7,4042,0.03985530486551865,5.319620132345298e-09,0.11966510842188452,0.8404795813929771,25,20,20
7,4043,0.039855304865476296,5.3196201044561215e-09,0.11992483463184027,0.8402198551830636,25,20,20
7,4044,0.039855304865476296,5.319620029199478e-09,0.11991823128914243,0.8402264585257616,25,20,20
7,4045,0.039855304865476296,5.319620029221846e-09,0.11991823131348452,0.8402264585014195,25,20,20
7,4046,0.03985267973357581,1.394483757953941e-05,0.11990693762165966,0.8402264378071854,25,20,20
7,4047,0.039852679733579,1.3944837583829204e-05,0.11982124973739401,0.8403121256914435,25,20,20
7,4048,0.03985267958567537,1.3944837579463507e-05,0.11981002534609685,0.8403233502306487,25,20,20
7,4049,0.03985267959605567,1.3944851516406915e-05,0.1198168298957605,0.8403165456566678,25,20,20
7,4050,0.03985315853873326,1.3944851520906855e-05,0.11996053287593272,0.8401723637338135,25,20,20
7,4051,0.03985315853873331,1.3944851520907572e-05,0.11959213166672696,0.8405407649430192,25,20,20
7,4052,0.03985315853873331,1.3944851520907568e-05,0.1195922107202096,0.8405406858895366,25,20,20
7,4053,0.03985315853873018,1.3944851761155308e-05,0.11958734184056434,0.8405455547689447,25,20,20
7,4054,0.03983807592954352,2.6927642171147626e-05,0.11958944341706632,0.8405455530112195,25,20,20
7,4055,0.039838076452388724,2.6927654486197668e-05,0.12424658808566842,0.8358884078074571,25,20,20
7,4056,0.03983807645239193,2.692765448627394e-05,0.1242495552879317,0.8358854406051904,25,20,20
7,4057,0.039838073508046384,1.3948645949357567e-05,0.12426251951224611,0.8358854583337583,25,20,20
7,4058,0.03983807350804637,1.3948645707016214e-05,0.12388951147977208,0.8362584663664747,25,20,20
7,4059,0.03983807350804637,1.394864570709146e-05,0.12388959311159953,0.8362583847346472,25,20,20
7,4060,0.039838073508046426,1.3948645711297946e-05,0.1239818044085716,0.8361661734376709,25,20,20
7,4061,0.039838073510633,1.3948659607041102e-05,0.12411892889491986,0.8360290489348402,25,20,20
7,4062,0.039838073510633,1.394865960285281e-05,0.12411894352435718,0.8360290343054071,25,20,20
7,4063,0.03983807351063295,1.3948659602778825e-05,0.12411432194385588,0.8360336558859086,25,20,20
7,4064,0.03983807351267013,9.573315925890072e-09,0.09473713684304619,0.865424780070968,25,20,20
7,4065,0.039838073512670186,9.573320217280984e-09,0.09473933535685364,0.8654225815571563,25,20,20
7,4066,0.03983807351283117,9.573536348865987e-09,0.09939824397435784,0.860763672939275,25,20,20
7,4067,0.03983803331543658,1.0302886152205365e-08,0.09939830150520738,0.8607636548764702,25,20,20
7,4068,0.03983803331543651,1.0302641538262212e-08,0.09939656386120822,0.8607653925207142,25,20,20
7,4069,0.03983803331543018,1.0302637173000856e-08,0.09939351485477457,0.8607684415271585,25,20,20
7,4070,0.03983803279258178,1.0290317906834418e-08,0.09474060246210231,0.8654213544549983,25,20,20
7,4071,0.03983803278222379,1.0290073775155235e-08,0.09465641525278035,0.8655055416749226,25,20,20
7,4072,0.03983821752657385,2.538903307886908e-07,0.0946559869017855,0.8655055416813101,25,20,20
7,4073,0.03983821752657075,2.538903350066251e-07,0.0943920055575804,0.865769523025514,25,20,20
7,4074,0.03983821752657069,2.5389033078919313e-07,0.09439633075737996,0.8657651978257188,25,20,20
7,4075,0.039838032795655696,0.0007765666111004876,0.09362020277391489,0.8657651978193293,25,20,20
7,4076,0.039838032795656494,0.0007765666111047778,0.09362248853738533,0.8657629120558537,25,20,20
7,4077,0.039838032795656494,0.0007765666111047764,0.0936224074864484,0.8657629931067906,25,20,20
7,4078,0.03983803279565651,0.0007765666113493599,0.09362911252834326,0.8657562880646512,25,20,20
7,4079,0.03983803279565648,0.0007765666113493599,0.0936202142105963,0.8657651863823982,25,20,20
7,4080,0.03983803279570202,0.0007765666113494353,0.0936138414759334,0.8657715591170154,25,20,20
7,4081,0.039838032797523286,1.4429696679661645e-05,0.09437597838215493,0.8657715591236423,25,20,20
7,4082,0.03122088429896941,1.4424540475932377e-05,0.10299313256134165,0.8657715585992131,25,20,20
7,4083,0.03122088429880843,1.4424540259800794e-05,0.09834071428244603,0.8704239768784859,25,20,20
7,4084,0.03979187466065933,1.4429603616038021e-05,0.08976967049743284,0.870424025238292,25,20,20
7,4085,0.03979187466065933,1.4429603371531092e-05,0.0897630485445292,0.8704306471914401,25,20,20
7,4086,0.039791874658620954,1.4429019377700535e-05,0.07915425933062331,0.8810394369913779,25,20,20
7,4087,0.039791874658617755,1.4429019377623924e-05,0.07915417738400377,0.8810395189380006,25,20,20
7,4088,0.039791874658618616,1.4429019377700535e-05,0.07915406478845742,0.881039631533546,25,20,20
7,4089,0.039791874658618616,1.4429019377701834e-05,0.07915406617588366,0.8810396301461197,25,20,20
7,4090,0.03979187465862175,1.4429019377777105e-05,0.07915406667703116,0.8810396296449688,25,20,20
7,4091,0.039791874658621745,1.4429019377700493e-05,0.0791539516254305,0.8810397446965696,25,20,20
7,4092,0.03979187465862167,1.442901937340779e-05,0.0791515848112365,0.881042111510768,25,20,20
7,4093,0.03979187465862167,1.4429019377689522e-05,0.07923727424405107,0.8809564220779491,25,20,20
7,4094,0.03979187465862169,1.4429019377692163e-05,0.07923738948751581,0.8809563068344843,25,20,20
7,4095,0.03979187465862167,1.4429019377689522e-05,0.07924207232276406,0.8809516239992361,25,20,20
7,4096,0.03979187465880289,1.4429033316916927e-05,0.07925427587759085,0.8809394204302889,25,20,20
7,4097,0.039791395716125305,1.4429033312490909e-05,0.07911054081298716,0.8810836344375749,25,20,20
7,4098,0.039791395716079765,1.4429033312415643e-05,0.07911039052506752,0.88108378472554,25,20,20
7,4099,0.03979139571612529,1.44290472516457e-05,0.07911610729993529,0.8810780679366875,25,20,20
7,4100,0.039791395716170824,1.4429047247439238e-05,0.0790239582251509,0.8811702170114306,25,20,20
7,4101,0.03979139571617476,1.4429047492022732e-05,0.0790306602865592,0.881163514949774,25,20,20
7,4102,0.039791362250990774,1.4429047244999078e-05,0.07871498909709591,0.881479219604668,25,20,20
7,4103,0.03979136225103638,1.4429047249366009e-05,0.07871519943963691,0.8814790092620771,25,20,20
7,4104,0.039791405253673647,1.4432904026569946e-05,0.08051162416605621,0.8796825376762436,25,20,20
7,4105,0.039791405253673605,1.443290402236348e-05,0.08041944571273402,0.8797747161295697,25,20,20
7,4106,0.03979140524329325,1.4432890081128458e-05,0.08041244392870767,0.8797817179379176,25,20,20
7,4107,0.039791405243290064,1.4432890076837533e-05,0.08040595389700603,0.8797882079696268,25,20,20
7,4108,0.03979140524310798,1.4432876141823812e-05,0.08039382960180574,0.879800332278944,25,20,20
7,4109,0.03979140523301797,1.0611998355125168e-08,0.08040825188266558,0.8798003322723176,25,20,20
7,4110,0.03979136294295893,6.821220072227526e-09,0.08046599759987476,0.8797426326359471,25,20,20
7,4111,0.03979136294296298,6.8212202241142755e-09,0.08047077081276482,0.8797378594230528,25,20,20
7,4112,0.03979136294296303,6.8212160077915936e-09,0.08047065673672167,0.8797379734991,25,20,20
7,4113,0.039791362943055006,5.160213681776051e-09,0.0804575694170628,0.8797510624796686,25,20,20
7,4114,0.03979136294319163,5.146278743367735e-09,0.08044545177018136,0.8797631801403483,25,20,20
7,4115,0.03979136294324228,5.216117742257659e-09,0.11683806328592782,0.8433705685547132,25,20,20
7,4116,0.03979136294319675,5.216117665668734e-09,0.11683791815441154,0.8433707136862749,25,20,20
7,4117,0.03979136294061332,5.20246650019964e-09,0.11670828829592325,0.8435003435609978,25,20,20
7,4118,0.03979136297995688,2.3140948905231075e-07,0.11320303742939192,0.847005368181163,25,20,20
7,4119,0.03979136297995688,2.3140948897965965e-07,0.11320306883502812,0.8470053367755268,25,20,20
7,4120,0.03979136313508472,2.3141026395326335e-07,0.11321615765720526,0.846992247797447,25,20,20
7,4121,0.03979136313490257,2.3141025966161362e-07,0.11322255852921854,0.84698584692562,25,20,20
7,4122,0.03979166573000801,5.146017836409729e-09,0.1167273887615119,0.8434809403624629,25,20,20
7,4123,0.03979166573000879,5.146017835099725e-09,0.11673391271496661,0.8434744164090074,25,20,20
7,4124,0.03979166573000879,5.146017759830396e-09,0.11673383239485124,0.8434744967291228,25,20,20
7,4125,0.03979166572982665,5.14601760929356e-09,0.11673384235785603,0.8434744867663002,25,20,20
7,4126,0.03979166572982344,5.145773034200149e-09,0.11672629840587823,0.8434820307185258,25,20,20
7,4127,0.03979166572982343,5.145773031536368e-09,0.11672618118939136,0.8434821479350127,25,20,20
7,4128,0.04075376082653228,5.137126743890727e-09,0.11576422007438791,0.8434820139619535,25,20,20
7,4129,0.040753760826532294,5.137131036160195e-09,0.11577082740655116,0.8434754066297859,25,20,20
7,4130,0.04075376082910351,5.137135363586514e-09,0.11614003648319801,0.8431061975505634,25,20,20
7,4131,0.04075376082910271,5.1371353635764146e-09,0.11613351249442566,0.8431127215393366,25,20,20
7,4132,0.04075376083948223,5.137131221897756e-09,0.11613710772982352,0.8431091262935633,25,20,20
7,4133,0.0407537608394791,5.137134438572111e-09,0.12079577647398866,0.8384504575493978,25,20,20
7,4134,0.0407537608394791,5.137134515179312e-09,0.12079805205259317,0.8384481819707931,25,20,20
7,4135,0.04075376083948229,5.137134515183513e-09,0.12079585842060807,0.8384503756027749,25,20,20
7,4136,0.0407537608394791,5.137134439937754e-09,0.12079588905331588,0.8384503449700703,25,20,20
7,4137,0.04075376083947983,5.137131149292073e-09,0.11613721984318971,0.8431090141801991,25,20,20
7,4138,0.04078287966112533,5.136351606151829e-09,0.11610810102481287,0.8431090141777099,25,20,20
7,4139,0.040782879650749,5.1363558217894616e-09,0.11610450704533333,0.8431126081675616,25,20,20
7,4140,0.04078287965079772,5.136360114044186e-09,0.11611103143257993,0.843106083780262,25,20,20
7,4141,0.040754273420219776,5.136100147653297e-09,0.11613963362002476,0.843106087823655,25,20,20
7,4142,0.04075443658827337,8.913190010283956e-09,0.11959499027020046,0.8396505642283357,25,20,20
7,4143,0.04075443658570211,8.913185684155375e-09,0.11922098488272921,0.8400245696183828,25,20,20
7,4144,0.04075443658570291,8.913190051069762e-09,0.11922110793911987,0.8400244465619869,25,20,20
7,4145,0.04075443658569891,8.912945467527885e-09,0.11921440490392714,0.840031149597428,25,20,20
7,4146,0.040754436585698925,8.912949717856984e-09,0.11958750682605901,0.8396580476752924,25,20,20
7,4147,0.04075443717553704,8.926851744723151e-09,0.119719038075302,0.8395265158223091,25,20,20
7,4148,0.04075443717548912,8.926847378519458e-09,0.11971913243977078,0.8395264214578926,25,20,20
7,4149,0.06343780312306008,8.927036346215591e-09,0.09685689195448394,0.8397052959954193,25,20,20
7,4150,0.06343780312306008,8.92703634622781e-09,0.09685040305196635,0.8397117848979369,25,20,20
7,4151,0.06343780312305602,8.927036194341062e-09,0.09684562983907616,0.8397165581108312,25,20,20
7,4152,0.06343780312305922,8.927280788018831e-09,0.09685046332786701,0.8397117246217926,25,20,20
7,4153,0.06343780312305924,8.927280785423367e-09,0.09685057944015052,0.8397116085095091,25,20,20
7,4154,0.06343780312305924,8.927280788019248e-09,0.0968506611839419,0.8397115267657178,25,20,20
7,4155,0.06343780312305917,8.927280713356695e-09,0.09685709758870256,0.8397050903609571,25,20,20
7,4156,0.06343780312305915,8.927280713334328e-09,0.09685694948392172,0.839705238465738,25,20,20
7,4157,0.06343780312305917,8.927280789675446e-09,0.09698638912858643,0.8395757988210731,25,20,20
7,4158,0.06343780312324128,8.927280788377561e-09,0.09699110567465116,0.8395710822748262,25,20,20
7,4159,0.06343764004892648,5.080347691656617e-09,0.07207430931963549,0.86448804555109,25,20,20
7,4160,0.06343764004892648,5.080347732480567e-09,0.0717059095620082,0.8648564453087172,25,20,20
7,4161,0.06343764004892648,5.080347658531745e-09,0.07170594094321223,0.8648564139275133,25,20,20
7,4162,0.06343764005074887,5.080630968807709e-09,0.07158276153969478,0.864979593328925,25,20,20
7,4163,0.06343764005074808,5.080626677380568e-09,0.07158039472528734,0.8649819601433376,25,20,20
7,4164,0.06343764005079318,5.080869018771777e-09,0.07195340040332494,0.8646089544650125,25,20,20
7,4165,0.06343764005079318,5.080868943458182e-09,0.07195328706477917,0.8646090678035584,25,20,20
7,4166,0.06351795354046766,5.176940425403493e-09,0.07187302216928541,0.8646090191133063,25,20,20
7,4167,0.06351795354028555,5.176940499365721e-09,0.07187292570220585,0.864609115580568,25,20,20
7,4168,0.06351795294867056,5.162755237504055e-09,0.07187126226426949,0.8646107796243047,25,20,20
7,4169,0.06351795294867056,5.162755238824155e-09,0.07187137669914702,0.8646106651894273,25,20,20
7,4170,0.0635179529512553,5.1625149229013734e-09,0.07199630824145789,0.8644857336447721,25,20,20
7,4171,0.06351795295125845,5.162519184641513e-09,0.07226252529866455,0.864219516587558,25,20,20
7,4172,0.06351795295125529,5.162514924199216e-09,0.07200089360553243,0.8644811482806977,25,20,20
7,4173,0.06351795295125529,5.162514924181634e-09,0.07226711233173395,0.8642149295544962,25,20,20
7,4174,0.06351795295125533,5.16251499839247e-09,0.0721398698863448,0.8643421719998853,25,20,20
7,4175,0.06351795295125612,5.162515074981636e-09,0.07214010095902723,0.8643419409272021,25,20,20
7,4176,0.06351795295125613,5.1625192913333966e-09,0.07214012801980056,0.8643419138664246,25,20,20
7,4177,0.06351795295130166,5.16251936663882e-09,0.07187607663332604,0.8646059652528534,25,20,20
7,4178,0.06255555741118689,5.162442057869119e-09,0.0728384732894708,0.8646059641369002,25,20,20
7,4179,0.0625555573172611,5.162685843688426e-09,0.05794452456244237,0.8794999129576107,25,20,20
7,4180,0.06255555731726112,5.162685919002421e-09,0.057944637901142924,0.87949979961891,25,20,20
7,4181,0.06255555731726038,5.1626816286769935e-09,0.05794463073181768,0.8794998067882404,25,20,20
7,4182,0.06255555731726045,5.162685919785493e-09,0.05794921813621836,0.8794952193838351,25,20,20
7,4183,0.06255555731726042,5.162685921083231e-09,0.057949218735540306,0.8794952187845133,25,20,20
7,4184,0.06255555731726287,5.162685922404761e-09,0.057942647940713694,0.8795017895793376,25,20,20
7,4185,0.06255555732764204,5.162930493135213e-09,0.057950998376194975,0.8794934391332326,25,20,20
7,4186,0.04061872888515003,6.581710207487699e-05,0.08000060712637676,0.8793148468863984,25,20,20
7,4187,0.04061872888515076,6.581710207066114e-05,0.07999602248348543,0.8793194315292933,25,20,20
7,4188,0.0406187288851507,6.581710207066112e-05,0.0800006084294924,0.8793148455832863,25,20,20
7,4189,0.04061872888515076,6.581710207066112e-05,0.0800004964668816,0.8793149575458972,25,20,20
7,4190,0.0406187288825629,6.581710207067369e-05,0.0798709266725113,0.8794445273428552,25,20,20
7,4191,0.04061872888255971,6.58171020663088e-05,0.07986443594352088,0.8794510180718531,25,20,20
7,4192,0.040618728882514665,6.581710182825771e-05,0.07949151307506688,0.87982394094059,25,20,20
7,4193,0.05720866477996858,6.581710175035532e-05,0.06290157839686915,0.8798239397214115,25,20,20
7,4194,0.05720866477997178,6.581710175464517e-05,0.06290628059035228,0.8798192375279211,25,20,20
7,4195,0.08959491439004218,5.23769426749338e-09,0.030586129178424137,0.8798189511938393,25,20,20
7,4196,0.08959491439004218,5.2376941195591285e-09,0.030586127654984172,0.8798189527172795,25,20,20
7,4197,0.08959491439004214,5.2376898279447434e-09,0.03058593299382035,0.8798191473784478,25,20,20
7,4198,0.0895949143899966,5.2376897500167015e-09,0.03058388176594352,0.8798211986063701,25,20,20
7,4199,0.0904419500917514,0.0016131259409189497,0.028121315929024095,0.8798236080383055,25,20,20
7,4200,0.09044195009175458,0.0016131259409146636,0.028116775616967318,0.8798281483503634,25,20,20
7,4201,0.07302349956267469,5.24665373758969e-09,0.047150756188227116,0.879825739002444,25,20,20
7,4202,0.07258331097859382,2.813765077918448e-07,0.047590644297207746,0.8798257633476904,25,20,20
7,4203,0.072583310978597,2.8216593482624307e-07,0.04785560165775152,0.8795608051977165,25,20,20
7,4204,0.07329976244826035,2.907093298099342e-07,0.04713914091769518,0.8795608059247146,25,20,20
7,4205,0.07329976244821482,2.907093297346773e-07,0.04713245368011372,0.8795674931623416,25,20,20
7,4206,0.07329976244821487,2.907093297333795e-07,0.04712783434623404,0.8795721124962215,25,20,20
7,4207,0.07329976244816948,2.9070908590098577e-07,0.04699841600581656,0.879701530836928,25,20,20
7,4208,0.07318057552923649,1.4596069102821455e-08,0.04711790253931676,0.8797015073353777,25,20,20
7,4209,0.07318057552923649,1.4596069102798288e-08,0.04711786457723055,0.8797015452974637,25,20,20
7,4210,0.07334338973383987,1.4511785469970376e-08,0.04695366853516291,0.8797029272192115,25,20,20
7,4211,0.07339550547858509,1.4502822023301624e-08,0.04690155283998056,0.879702927178612,25,20,20
7,4212,0.07339550547858509,1.4502822024599361e-08,0.046901552264412914,0.8797029277541797,25,20,20
7,4213,0.07339550547858513,1.4502822023324388e-08,0.04690155206236425,0.8797029279562284,25,20,20
7,4214,0.07339550547858432,1.4502821946735422e-08,0.04690143474843582,0.8797030452701577,25,20,20
7,4215,0.07339550547858427,1.4502821946713057e-08,0.046901354219598276,0.8797031257989955,25,20,20
7,4216,0.07339550547858659,1.4502825050646014e-08,0.05795927506404977,0.8686452049545383,25,20,20
7,4217,0.07339550547876689,1.4502825051975847e-08,0.05836406006535191,0.8682404199530559,25,20,20
7,4218,0.07339550547876694,1.4502825126765817e-08,0.05863039267099667,0.867974087347411,25,20,20
7,4219,0.073395505478767,1.4502825203300067e-08,0.05863509278145093,0.8679693872369567,25,20,20
7,4220,0.07339550546838704,1.4502580631272224e-08,0.05862655124295126,0.8679779287860809,25,20,20
7,4221,0.07339550546856756,5.9212758934243246e-08,0.059149573496434085,0.8674548618222392,25,20,20
7,4222,0.07339550761684045,6.209795507081438e-08,0.09659736615922423,0.830007064125981,25,20,20
7,4223,0.07339550761665993,1.7387772626743186e-08,0.09607890285643578,0.8305255721391325,25,20,20
7,4224,0.0733955082044842,1.740162002487214e-08,0.08528847249652698,0.8413160018973699,25,20,20
7,4225,0.0733955082044842,1.7401615808526613e-08,0.08528839311627674,0.841316081277624,25,20,20
7,4226,0.07339550820448101,1.6612188698845884e-08,0.08501881499800935,0.8415856601853217,25,20,20
7,4227,0.0733955082044842,1.6612188700189576e-08,0.08501875800712753,0.8415857171762003,25,20,20
7,4228,0.07339550820443869,1.661218448321493e-08,0.08501222715714919,0.8415922480262283,25,20,20
7,4229,0.07339550820443558,1.6612188773307693e-08,0.08501444925662013,0.8415900259267562,25,20,20
7,4230,0.07339550820443563,1.661218869934601e-08,0.08500974989601195,0.8415947252873643,25,20,20
7,4231,0.0733955082044356,1.6612188626673032e-08,0.08500974847033564,0.8415947267130407,25,20,20
7,4232,0.0733955082044356,1.6612188552701357e-08,0.08500971049812601,0.8415947646852504,25,20,20
7,4233,0.07339550820442922,1.6612188548739416e-08,0.08500954861669946,0.8415949265666832,25,20,20
7,4234,0.07339550820442917,1.661218854873861e-08,0.08500954814188713,0.8415949270414955,25,20,20
7,4235,0.07339550820442989,1.6612184332590504e-08,0.08500889223697959,0.8415955829464066,25,20,20
7,4236,0.07492423721518532,1.7440387608307375e-08,0.08347994137586244,0.8415958039685648,25,20,20
7,4237,0.07492423721518528,1.7440387533015275e-08,0.08347985923244731,0.8415958861119802,25,20,20
7,4238,0.08107229626889527,8.821714924373914e-09,0.0773318095244114,0.8415958853849783,25,20,20
7,4239,0.08107229626889607,8.821719212705499e-09,0.07733830225175432,0.8415893926576302,25,20,20
7,4240,0.08107229626889607,8.821723429053912e-09,0.07733687585837036,0.8415908190510101,25,20,20
7,4241,0.08107229626889283,8.821723427710219e-09,0.07733682650884262,0.841590868400541,25,20,20
7,4242,0.08087809694567107,8.821750790100208e-09,0.07753102583177619,0.8415908684008018,25,20,20
7,4243,0.08087809694567104,8.821750862797404e-09,0.0775288147128568,0.8415930795197211,25,20,20
7,4244,0.08087809635789318,8.807900510032733e-09,0.0772644870860886,0.8418574077481175,25,20,20
7,4245,0.08087809635789318,8.80790051007747e-09,0.07726425652502701,0.841857638309179,25,20,20
7,4246,0.08087809635784451,8.807900436071454e-09,0.07726120758120564,0.8418606872530493,25,20,20
7,4247,0.08087809635784449,8.807900436049087e-09,0.07726120557901493,0.8418606892552402,25,20,20
7,4248,0.08087809635784769,8.807904727685844e-09,0.07726140087548625,0.8418604939587613,25,20,20
7,4249,0.08087809635784772,8.807907832558552e-09,0.08831920202689228,0.8308026928073522,25,20,20
7,4250,0.08087809635784698,8.807907758587422e-09,0.08831908754727519,0.8308028072869701,25,20,20
7,4251,0.08087809635784698,8.807907684625082e-09,0.08831438826476454,0.8308075065694809,25,20,20
7,4252,0.08087809635766668,8.807907684615353e-09,0.08790948881420398,0.8312124060202214,25,20,20
7,4253,0.08087809636024232,8.82174856850536e-09,0.08821608597299962,0.8309058088450092,25,20,20
7,4254,0.08087809636024232,8.821748641776615e-09,0.08822249522706054,0.8308993995909484,25,20,20
7,4255,0.08087809637062322,8.82199331074944e-09,0.08822725134603848,0.8308946434613449,25,20,20
7,4256,0.08087809637062318,8.821993237257203e-09,0.08796099923005625,0.831160895577327,25,20,20
7,4257,0.08087809637062325,8.82199331382427e-09,0.08796108136315302,0.8311608134442301,25,20,20
7,4258,0.08087809637062322,8.82199331382387e-09,0.0879611613930531,0.8311607334143299,25,20,20
7,4259,0.0808780963706232,8.821993312525729e-09,0.08796108147418356,0.8311608133331994,25,20,20
7,4260,0.08089552238489878,9.327652866273025e-09,0.10249497422222151,0.8166094940652264,25,20,20
7,4261,0.08089552239528051,9.327652941562525e-09,0.10249662784484327,0.8166078404322228,25,20,20
7,4262,0.08089552239528051,9.32765301553383e-09,0.10249665487226894,0.8166078134047972,25,20,20
7,4263,0.0808955223952805,9.327652940242204e-09,0.10249665542150341,0.8166078128555629,25,20,20
7,4264,0.10744404944859166,8.49944405720772e-09,0.07594835026198353,0.8166075917899804,25,20,20
7,4265,0.11877957035272768,8.512016785873584e-09,0.06461282934420524,0.8166075917910502,25,20,20
7,4266,0.11877957054374529,8.701173169440894e-09,0.067111867876419,0.814108552878662,25,20,20
7,4267,0.11877957053336438,8.700932790807088e-09,0.06710722792673385,0.8141131928389684,25,20,20
7,4268,0.11877957052298264,8.700936398834078e-09,0.07335515354130594,0.8078652672347748,25,20,20
7,4269,0.10577250085304712,1.682371938530485e-07,0.08632016201040076,0.8079071688993581,25,20,20
7,4270,0.10577250085304706,1.6823719377643697e-07,0.08632013017564168,0.8079072007341171,25,20,20
7,4271,0.10577249864471795,2.0526382832333245e-07,0.05096144639253206,0.8432658496989215,25,20,20
7,4272,0.10577249864471716,2.0526382403039795e-07,0.05096133157948273,0.843265964511976,25,20,20
7,4273,0.10577249864471716,2.0526382402907785e-07,0.0509613295820284,0.8432659665094304,25,20,20
7,4274,0.10577249864471717,2.0526382410566688e-07,0.05096133020420708,0.8432659658872517,25,20,20
7,4275,0.10577249864471636,2.0526381988998592e-07,0.05095483886742033,0.8432724572240433,25,20,20
7,4276,0.10577249864471634,2.0526382111000935e-07,0.04027002714194258,0.8539572689495197,25,20,20
7,4277,0.10577249864471634,2.0526382103475812e-07,0.04026544221437404,0.8539618538770886,25,20,20
7,4278,0.10577249864471952,2.0526381742540457e-07,0.03402056450493267,0.8602067315865303,25,20,20
7,4279,0.10577249864471952,2.0526381742536957e-07,0.03402705236281614,0.8602002437286468,25,20,20
7,4280,0.10577249864471952,2.052638173501231e-07,0.0340269365107113,0.8602003595807516,25,20,20
7,4281,0.10577249864471952,2.0526381734884772e-07,0.03402685601095103,0.8602004400805119,25,20,20
7,4282,0.10577249864476505,2.0526381742540245e-07,0.03403358807199911,0.8601937080194183,25,20,20
7,4283,0.10577249864705501,2.052753120782401e-07,0.041056524015079594,0.8531707720625529,25,20,20
7,4284,0.10577249865743595,2.052755566731892e-07,0.04106135812937932,0.8531659379376277,25,20,20
7,4285,0.10577249865743907,2.0528946376120272e-07,0.04115358911107991,0.8530737069420171,25,20,20
7,4286,0.1057550726431635,2.047840464748252e-07,0.02699273527575885,0.8672519872970309,25,20,20
7,4287,0.10575507264311802,2.047840464735394e-07,0.02698608371010612,0.8672586388627291,25,20,20
7,4288,0.10575507264311802,2.0478404647356177e-07,0.02698608170834874,0.8672586408644866,25,20,20
7,4289,0.10575507264311802,2.0478404222267907e-07,0.026615258438726502,0.867629464134113,25,20,20
7,4290,0.10575507264311801,2.0478404214872015e-07,0.02660865560802981,0.8676360669648098,25,20,20
7,4291,0.10575507264311808,2.0478404222270543e-07,0.026613243474828265,0.8676314790980111,25,20,20
7,4292,0.10575507264311808,2.0478404222400295e-07,0.026619848238215938,0.867624874334623,25,20,20
7,4293,0.10575507264311806,2.0478404214998956e-07,0.026617682081910097,0.8676270404909289,25,20,20
7,4294,0.10575507279058309,2.0478404650274296e-07,0.026747615242643224,0.8674971071827264,25,20,20
7,4295,0.10575507279080754,2.0478404650275916e-07,0.026747686773411584,0.8674970356517335,25,20,20
7,4296,0.10575507279080755,2.0478404657673068e-07,0.02674780172188274,0.8674969207032622,25,20,20
7,4297,0.1057550727908075,2.0478380423409237e-07,0.026374681928450307,0.8678700404969371,25,20,20
7,4298,0.0993055701074934,2.039662113384655e-07,0.03282556783873849,0.8678686580875558,25,20,20
7,4299,0.09930557010753878,2.0396621141223845e-07,0.03295498454039172,0.8677392413858571,25,20,20
7,4300,0.09930557010754193,2.0396621141223853e-07,0.0329549531587235,0.8677392727675222,25,20,20
7,4301,0.0993055702550066,2.039801139994454e-07,0.03308509447128527,0.8676091312935932,25,20,20
7,4302,0.08543287192731969,3.571544548821622e-07,0.0469576016533563,0.8676091692648683,25,20,20
7,4303,0.08543287191693877,3.571542145768427e-07,0.046959370809409554,0.8676074001194362,25,20,20
7,4304,0.0854328719169356,3.571542145015737e-07,0.04695940277576746,0.8676073681530815,25,20,20
7,4305,0.08543287191953362,3.571544590640059e-07,0.04696947735880807,0.8675972935671983,25,20,20
7,4306,0.08543287191953362,3.571544590627092e-07,0.046962873286430604,0.8676038976395758,25,20,20
7,4307,0.08543287191953043,3.571405520498094e-07,0.04687206919553932,0.8676947017443775,25,20,20
7,4308,0.08543287191724046,3.5712905310535743e-07,0.03984893742966347,0.8747178335240422,25,20,20
7,4309,0.08543287191724123,3.571290573969942e-07,0.03984913273641583,0.8747176382172848,25,20,20
7,4310,0.08543287191724123,3.5712905739958926e-07,0.03984913470950288,0.8747176362441976,25,20,20
7,4311,0.08543287191464317,3.571288127631863e-07,0.039839091526154044,0.8747276794303892,25,20,20
7,4312,0.0854333509310719,3.5714271240835456e-07,0.039847233355509264,0.8747190585707055,25,20,20
7,4313,0.08543335093121991,3.576594298647612e-07,0.053835023117975236,0.8607312682913745,25,20,20
7,4314,0.0854333508002617,3.175584428714823e-07,0.049248778092113005,0.865317553549182,25,20,20
7,4315,0.0854333508002617,3.175584428727795e-07,0.04924877759976286,0.8653175540415322,25,20,20
7,4316,0.0854333508002617,3.175584429480489e-07,0.04924881699383856,0.8653175146474565,25,20,20
7,4317,0.08543335080044391,3.1755844295068835e-07,0.04925044564294453,0.8653158859981684,25,20,20
7,4318,0.08543335080044386,3.1755844299790276e-07,0.06322031524588628,0.8513460163952266,25,20,20
7,4319,0.08543335080044066,3.175584386329948e-07,0.06321378979758664,0.8513525418435337,25,20,20
7,4320,0.08543335080021301,3.1755843426809295e-07,0.06320719279411083,0.8513591388472415,25,20,20
7,4321,0.08543335080021301,3.1755843426813773e-07,0.06320719475703519,0.851359136884317,25,20,20
7,4322,0.08543335079763743,3.1754459760008655e-07,0.06290523310280895,0.8516610985549556,25,20,20
7,4323,0.08543287178116334,3.17530697956438e-07,0.06276764003726447,0.8517991706508738,25,20,20
7,4324,0.08543287178116653,3.175306981056731e-07,0.06276914714550967,0.8517976635426254,25,20,20
7,4325,0.08543287178116653,3.1753069388932756e-07,0.06276906776525959,0.8517977429228799,25,20,20
7,4326,0.09240371586445399,3.132538365822332e-07,0.05579822831526046,0.8517977425664489,25,20,20
7,4327,0.09240371636322305,3.1274887035221236e-07,0.04808096460714428,0.8595150062807622,25,20,20
7,4328,0.09240371621576159,3.12734967841592e-07,0.047952448380845045,0.8596435226684251,25,20,20
7,4329,0.09240371571684769,3.12723216617191e-07,0.04167551431799658,0.8659204572419387,25,20,20
7,4330,0.09240371571684847,3.127234612879922e-07,0.04168025733080841,0.8659157142288815,25,20,20
7,4331,0.09240371571703065,3.1272346136197785e-07,0.041684880260165286,0.8659110912993424,25,20,20
7,4332,0.09240371571720903,3.1272345714539305e-07,0.04180991823045816,0.8657860533288754,25,20,20
7,4333,0.09240371571720903,3.127234527786426e-07,0.04180841054190044,0.8657875610174375,25,20,20
7,4334,0.09240371571720896,3.127234527020624e-07,0.04180379116470025,0.8657921803946378,25,20,20
7,4335,0.09240371571720896,3.1272345277473534e-07,0.041803904352531035,0.865792067206807,25,20,20
7,4336,0.09240371571720896,3.127234527747345e-07,0.04180390368603327,0.8657920678733048,25,20,20
7,4337,0.09240371571702738,3.127234526983848e-07,0.04167866844615685,0.8659173031133629,25,20,20
7,4338,0.09240371571702422,3.127234526244219e-07,0.04167404742289998,0.865921924136623,25,20,20
7,4339,0.09240371571702514,3.127234527010775e-07,0.041675529083030544,0.8659204424764912,25,20,20
7,4340,0.09240371571702596,3.1272345270237527e-07,0.04167555811359804,0.8659204134459231,25,20,20
7,4341,0.09240371571702997,3.1272345277896494e-07,0.04167560098771437,0.8659203705718028,25,20,20
7,4342,0.09240371571702997,3.1272345270369627e-07,0.04167556229468558,0.8659204092648315,25,20,20
7,4343,0.09240371571702592,3.1272345684274177e-07,0.041682008968114574,0.8659139625914024,25,20,20
7,4344,0.09240371571702592,3.1272345255443287e-07,0.04167540648050742,0.8659205650790139,25,20,20
7,4345,0.09240371571702656,3.127335443944207e-07,0.052733853312748734,0.8548621182366805,25,20,20
7,4346,0.09240371571702656,3.127335443944205e-07,0.05273385493020118,0.854862116619228,25,20,20
7,4347,0.06690434511161988,4.0780822053779864e-05,0.07818939768467385,0.8548654763816522,25,20,20
7,4348,0.06690434511144086,4.078082205799181e-05,0.07819239011317217,0.8548624839533286,25,20,20
7,4349,0.06638985845118102,4.078117508328368e-05,0.07870678523100395,0.8548625751427312,25,20,20
7,4350,0.06638985845118102,4.078117532784431e-05,0.06473921880637595,0.8688301415671146,25,20,20
7,4351,0.06638985845118012,4.0781175327767646e-05,0.06473762128521882,0.8688317390882727,25,20,20
7,4352,0.06638985845117694,4.0781175568071476e-05,0.06473775261463012,0.8688316077586242,25,20,20
7,4353,0.06638985845117619,4.078117557236109e-05,0.06474423998399924,0.8688251203892515,25,20,20
7,4354,0.06638985845117933,4.078117557225794e-05,0.06500396824397739,0.8685653921292704,25,20,20
7,4355,0.06638985845117933,4.078117557218396e-05,0.06501045715543696,0.868558903217811,25,20,20
7,4356,0.06638985845117933,4.078117557210739e-05,0.06501038027839721,0.8685589800948508,25,20,20
7,4357,0.06534645124670027,4.0781178304800566e-05,0.06605378532607133,0.868558982248923,25,20,20
7,4358,0.0653464512467446,4.0781191873652534e-05,0.06642219250059993,0.8681905750607812,25,20,20
7,4359,0.06534645124674458,4.0781191629043364e-05,0.06641996697763729,0.8681928005839886,25,20,20
7,4360,0.0653464512467446,4.078119163333321e-05,0.06642309050731365,0.8681896770543079,25,20,20
7,4361,0.0653464512467446,4.078119163762467e-05,0.06642471336388177,0.8681880541977356,25,20,20
7,4362,0.0653464512467446,4.0781191637623374e-05,0.06642471475534562,0.8681880528062716,25,20,20
7,4363,0.0653464512467446,4.07811916376234e-05,0.06642463568772657,0.8681881318738905,25,20,20
7,4364,0.06534645124674461,4.078119164191503e-05,0.06642483293252271,0.8681879346290902,25,20,20
7,4365,0.06534645124674542,4.078120558307541e-05,0.06643175045887627,0.8681810170887947,25,20,20
7,4366,0.06534645124656323,4.0781205583000115e-05,0.06643171653520778,0.8681810510126453,25,20,20
7,4367,0.06534645124656323,4.0781205583001416e-05,0.0664317970248704,0.8681809705229828,25,20,20
7,4368,0.06689027773980974,4.0780849936979025e-05,0.064888064237155,0.8681808771730978,25,20,20
7,4369,0.06688985409593379,4.0780850272274144e-05,0.06488848782096922,0.8681808772328242,25,20,20
7,4370,0.06688985409593064,4.078085026808637e-05,0.06462226923614275,0.8684470958176581,25,20,20
7,4371,0.06688985409593064,4.078085026387181e-05,0.06461764864533517,0.8684517164084699,25,20,20
7,4372,0.0804134422304855,4.062130143365852e-05,0.05113612172526344,0.8684098147428171,25,20,20
7,4373,0.0804134422304855,4.062130143373247e-05,0.0511296000054509,0.8684163364626296,25,20,20
7,4374,0.0804134422304855,4.062130143373244e-05,0.051129600923518946,0.8684163355445615,25,20,20
7,4375,0.08041344223053022,4.062128750115501e-05,0.051124346493271126,0.8684215899886972,25,20,20
7,4376,0.08041344223057559,4.062128750115376e-05,0.051283294006631175,0.8682626424752918,25,20,20
7,4377,0.08041344223317068,4.0621287741520955e-05,0.05128980408780232,0.8682561323912852,25,20,20
7,4378,0.08041344223317066,4.0621287741596225e-05,0.051289916900837035,0.8682560195782504,25,20,20
7,4379,0.0804134422331253,4.06212877415962e-05,0.05113088832222673,0.8684150481569062,25,20,20
7,4380,0.08041344223312845,4.062128750126429e-05,0.051392386355181695,0.8681535501241884,25,20,20
7,4381,0.08040776716689592,4.062128906790191e-05,0.05139806141237842,0.8681535501316574,25,20,20
7,4382,0.08040776716689592,4.0621289067900655e-05,0.05139807142237252,0.8681535401216632,25,20,20
7,4383,0.08040776716430083,4.0621288823317127e-05,0.0513979694777953,0.8681536420690802,25,20,20
7,4384,0.0804585639762957,1.1364927723655425e-05,0.05137980979102642,0.8681502613049537,25,20,20
7,4385,0.08045856397629651,1.1364927728021814e-05,0.05137981048500216,0.8681502606109729,25,20,20
7,4386,0.08045856382883149,1.1364927723671652e-05,0.051249877338623656,0.8682801939048207,25,20,20
7,4387,0.08045856382878636,1.1364913910150169e-05,0.05087672914891448,0.8686533421083885,25,20,20
7,4388,0.08045856382878315,1.1364913910000935e-05,0.05087522000379177,0.8686548512535147,25,20,20
7,4389,0.0804585638289645,1.1364913910150143e-05,0.0508834492831754,0.8686466219739496,25,20,20
7,4390,0.08045856382901002,1.1364914159034934e-05,0.050888283481021875,0.8686417877758086,25,20,20
7,4391,0.08045856382883113,1.1364914158959668e-05,0.05088163682364316,0.8686484344333664,25,20,20
7,4392,0.08045856382883121,1.1364914162752614e-05,0.05554042153370954,0.8639896497232961,25,20,20
7,4393,0.08045856382882804,1.1364914158564846e-05,0.05527420387907577,0.8642558673779374,25,20,20
7,4394,0.07997622935317956,3.421976791006799e-07,0.05576757803222996,0.8642558504169108,25,20,20
7,4395,0.07997622935336177,3.4219767917856236e-07,0.055770742193613755,0.8642526862553449,25,20,20
7,4396,0.07997622935331623,3.421976706709112e-07,0.055769079684546606,0.8642543487644658,25,20,20
7,4397,0.0799762293534983,3.421976707461719e-07,0.05577379550776933,0.8642496329410615,25,20,20
7,4398,0.07997622935331618,3.421976706709112e-07,0.05576907823353375,0.8642543502154793,25,20,20
7,4399,0.07997622935331936,3.421979136639087e-07,0.05603531628566328,0.8639881121631034,25,20,20
7,4400,0.07938939496623303,3.4221013849217343e-07,0.05662214895558699,0.8639881138680413,25,20,20
7,4401,0.07938939496623303,3.422101384934488e-07,0.05662215091860083,0.8639881119050272,25,20,20
7,4402,0.07938939496623297,3.422101385674022e-07,0.05662677010608477,0.8639834927175433,25,20,20
7,4403,0.07938939496622971,3.422101384947076e-07,0.05663175117053276,0.8639785116530987,25,20,20
7,4404,0.07938939496622963,3.422101347770315e-07,0.051972967047327415,0.8686372957763079,25,20,20
7,4405,0.079389394966229,3.4220004293704293e-07,0.04091451894854952,0.8796957438851781,25,20,20
7,4406,0.0793893949662298,3.422000472281648e-07,0.04091910725557476,0.8796911555781479,25,20,20
7,4407,0.07938939496623065,3.42213860751004e-07,0.041292176134478255,0.87931808668543,25,20,20
7,4408,0.07938939496623071,3.4222779990447806e-07,0.041299794930666295,0.8793104678753028,25,20,20
7,4409,0.07938939496623071,3.4222779990447885e-07,0.041299794939423436,0.8793104678665457,25,20,20
7,4410,0.0793893949662276,3.4222755698544754e-07,0.04103660418684174,0.8795736586193733,25,20,20
7,4411,0.0793893949662276,3.4222755691145366e-07,0.04103649028562609,0.879573772520589,25,20,20
7,4412,0.0793893949660454,3.422275568335489e-07,0.04103332470239627,0.8795769381040013,25,20,20
7,4413,0.06302998688514277,3.422151413227033e-07,0.05738954668255726,0.8795801242171585,25,20,20
7,4414,0.06302998688514277,3.422151456142953e-07,0.05738974391649007,0.8795799269832214,25,20,20
7,4415,0.06302998688514193,3.422013363817504e-07,0.05701679123068081,0.8799528796828407,25,20,20
7,4416,0.06282585931488832,6.307620879804348e-07,0.05722063024021873,0.8799528796828048,25,20,20
7,4417,0.06282585931488752,6.30762083690602e-07,0.0572206279061829,0.8799528820168457,25,20,20
7,4418,0.06282896192795205,2.9371731107214645e-07,0.05721786233902642,0.8799528820157101,25,20,20
7,4419,0.06303532585274713,5.154993335410541e-09,0.05701178698384674,0.8799528820084123,25,20,20
7,4420,0.0630353258527472,5.154993410679921e-09,0.05701184244437352,0.8799528265478854,25,20,20
7,4421,0.06303532585274718,5.141298720583553e-09,0.057001258535613754,0.87996341047034,25,20,20
7,4422,0.06303532585274718,5.141298720561187e-09,0.0570012251760849,0.8799634438298688,25,20,20
7,4423,0.06303532585274724,5.141298646589847e-09,0.05700584560718101,0.8799588233987727,25,20,20
7,4424,0.06303532585274724,5.141298645292113e-09,0.0570057651175184,0.8799589038884353,25,20,20
7,4425,0.06303532585274402,5.141294354151337e-09,0.057001056471243546,0.8799636125347174,25,20,20
7,4426,0.06303532585274402,5.141294429420196e-09,0.057001172333446794,0.8799634966725144,25,20,20
7,4427,0.06303532585274403,5.141290214391033e-09,0.057003254731102126,0.8799614142748632,25,20,20
7,4428,0.07994486057735965,5.172539156643206e-09,0.040096902752537196,0.8799582314975636,25,20,20
7,4429,0.07994486057735965,5.1725391540258026e-09,0.040090414464506015,0.8799647197855949,25,20,20
7,4430,0.07994486057735965,5.172534863839405e-09,0.04008879300546186,0.8799663412446435,25,20,20
7,4431,0.07994486057735965,5.172534788570545e-09,0.04008879358997131,0.879966340660134,25,20,20
7,4432,0.07994486057735964,5.172693904291656e-09,0.05405206285642327,0.8660030713935231,25,20,20
7,4433,0.07994486057735964,5.172693978285209e-09,0.05405214393716202,0.8660029903127843,25,20,20
7,4434,0.04344755736161683,3.1447532318437604e-08,0.09054929776822865,0.8660031134226225,25,20,20
7,4435,0.04344755736161683,3.1447536610051984e-08,0.09054937856554723,0.8660030326252997,25,20,20
7,4436,0.04001060932709045,5.624210836945779e-09,0.09358781711334299,0.8664015679353559,25,20,20
7,4437,0.040010609327093646,5.624210838289313e-09,0.09358781714280814,0.8664015679058877,25,20,20
7,4438,0.04001060932709371,5.6242108409535e-09,0.09358782011415484,0.866401564934541,25,20,20
7,4439,0.04001060932709371,5.624210765684579e-09,0.09358773964360109,0.8664016454050949,25,20,20
7,4440,0.040010609327093764,5.624453762702302e-09,0.09385407100699922,0.8661353140414536,25,20,20
7,4441,0.04001060932704823,5.624204951882986e-09,0.09384931785527417,0.8661400671934729,25,20,20
7,4442,0.040010609327048245,5.624205027162188e-09,0.0938559206861261,0.8661334643626207,25,20,20
7,4443,0.04000750679490284,2.0200271837549242e-05,0.09383882857799582,0.8661334643552643,25,20,20
7,4444,0.04000750679490286,2.0200271833332922e-05,0.09383874723144225,0.866133545701822,25,20,20
7,4445,0.04000750679490292,2.0200271837622548e-05,0.09384065188907381,0.866131641044186,25,20,20
7,4446,0.04000750679489973,2.020027184191215e-05,0.09384255489241883,0.8661297380408399,25,20,20
7,4447,0.04000750679489972,2.020027184183686e-05,0.09384243899494119,0.8661298539383177,25,20,20
7,4448,0.04000750679490046,2.0200271841835547e-05,0.09384898856037693,0.8661233043728812,25,20,20
7,4449,0.04000750679494527,2.0200272086436165e-05,0.09384629565739379,0.8661259972755749,25,20,20
7,4450,0.04000750679494605,2.0200271927320193e-05,0.08000594547883218,0.8799663474542946,25,20,20
7,4451,0.04000750679499153,2.0200271682856835e-05,0.08000443987885797,0.8799678530544677,25,20,20
7,4452,0.04000752063424095,1.4021686436665353e-06,0.08001654130107687,0.8799745358960388,25,20,20
7,4453,0.04000944277030639,1.4021686478829973e-06,0.08002625432334741,0.8799629007376987,25,20,20
7,4454,0.04000944277030639,1.4021686478077062e-06,0.08002617126949638,0.8799629837915498,25,20,20
7,4455,0.04000944277026079,1.4021684031331313e-06,0.0800223715649079,0.8799667834964287,25,20,20
7,4456,0.001040546961061462,1.402642952526973e-06,0.11899100193894428,0.879967048457042,25,20,20
7,4457,0.001040546961061462,1.4026429525282706e-06,0.11899100391205657,0.8799670464839298,25,20,20
7,4458,6.421276368101536e-05,1.4317075636824868e-06,0.1199675790636255,0.8799667764651304,25,20,20
7,4459,6.421276386236175e-05,1.4317075637579994e-06,0.11983822042174619,0.8800961351068284,25,20,20
7,4460,0.0251393403098333,1.4313131958056e-06,0.0951122101187471,0.8797470182582245,25,20,20
7,4461,0.025137418173722323,1.431313191513869e-06,0.09510234812044656,0.8797588023926403,25,20,20
7,4462,0.0018975174017650375,1.431256197587335e-06,0.11839179052079929,0.8797092608212387,25,20,20
7,4463,0.0018975174043600928,1.4312564464552736e-06,0.11839912234138744,0.8797019289978065,25,20,20
7,4464,0.0019411540028082162,2.253596831922225e-06,0.11835452580226952,0.8797020665980909,25,20,20
7,4465,0.0019411540028090135,2.2535968277072e-06,0.11835444645785279,0.8797021459425111,25,20,20
7,4466,0.0019411540028089437,2.2535968276319365e-06,0.11835128669644951,0.8797053057039144,25,20,20
7,4467,0.0019411540028089437,2.253596827630639e-06,0.1183511722716704,0.8797054201286935,25,20,20
7,4468,0.0019411540028096861,2.2535970678479744e-06,0.11835127081261142,0.8797053215875114,25,20,20
7,4469,0.0019411540028096857,2.2535970679232434e-06,0.11835127022810193,0.8797053221720208,25,20,20
7,4470,0.001941154002812825,2.2535968250014863e-06,0.11808963980661266,0.8799669525937497,25,20,20
7,4471,0.00194115400281602,2.2535968250754716e-06,0.11809434135870661,0.8799622510416526,25,20,20
7,4472,0.0019411540028160205,2.2535968251494655e-06,0.11809442243944528,0.8799621699609136,25,20,20
7,4473,0.0019411540028160066,2.2535968250742087e-06,0.11808793207035853,0.8799686603300004,25,20,20
7,4474,0.0019411540028160216,2.253596829364526e-06,0.11808804826421765,0.879968544136137,25,20,20
7,4475,0.001941154002860616,2.25359682936431e-06,0.11821316132145045,0.8798434310788594,25,20,20
7,4476,0.0019411540028582198,2.25359683365544e-06,0.11821316197429274,0.8798434304260154,25,20,20
7,4477,0.0019411540028581643,2.253596833654074e-06,0.11821323949260865,0.8798433529076994,25,20,20
7,4478,0.0019411540028581665,2.2535968336553724e-06,0.1182132817742177,0.8798433106260904,25,20,20
7,4479,0.0019411540028581667,2.2535968337306516e-06,0.11821988653876161,0.8798367058615465,25,20,20
7,4480,0.0028598658661322897,1.4016943799254332e-06,0.11730216188653525,0.8798365705529524,25,20,20
7,4481,0.0028598658661322905,1.4016943800007024e-06,0.11730224361839825,0.8798364888210893,25,20,20
7,4482,0.02607615928199759,9.263093146896437e-12,0.0940940346942512,0.8798298060144879,25,20,20
7,4483,0.02607615928181545,9.262942609351876e-12,0.09409387145890521,0.8798299692500161,25,20,20
7,4484,0.02607615928181465,9.01835906806521e-12,0.09408716641631992,0.8798366742928468,25,20,20
7,4485,0.02607615928181465,9.018283776367107e-12,0.09408716714117103,0.8798366735679957,25,20,20
7,4486,0.02607615928181465,9.018283799143444e-12,0.09408716622310304,0.8798366744860638,25,20,20
7,4487,0.026076159281860183,9.022501032431704e-12,0.09409149572180638,0.8798323449873106,25,20,20
7,4488,0.02419752792536134,9.036900448040016e-12,0.09597012459998505,0.8798323474656171,25,20,20
7,4489,0.024197527933079034,2.263840013401339e-11,0.09623023848504815,0.8795722335592348,25,20,20
7,4490,0.024197527933079038,2.263840013401339e-11,0.09623023732714021,0.8795722347171427,25,20,20
7,4491,0.02419752793307905,2.26426173061932e-11,0.09622833670040473,0.8795741353438739,25,20,20
7,4492,0.024197527933079065,2.2884959956583477e-11,0.09660145773360879,0.8792010143104275,25,20,20
7,4493,0.024197527933079863,2.2889177599440763e-11,0.09660154006933551,0.8792009319746958,25,20,20
7,4494,0.0241975279356722,2.2893469218311204e-11,0.09659707401671558,0.8792053980247191,25,20,20
7,4495,0.024197527935716927,2.313376187150439e-11,0.09659903856648244,0.8792034334746672,25,20,20
7,4496,0.024197527935671533,2.3133685521834686e-11,0.09647383605746436,0.8793286359837308,25,20,20
7,4497,0.02419752793567159,2.3133685522179452e-11,0.09647386887460659,0.8793286031665883,25,20,20
7,4498,0.02419752793567159,2.3133685544550054e-11,0.09647378980698741,0.8793286822342075,25,20,20
7,4499,0.024197527935674788,2.3133613192021485e-11,0.09647131787544548,0.8793311541657463,25,20,20
7,4500,0.024197527935674742,2.313354051822744e-11,0.09647120601031588,0.8793312660308759,25,20,20
7,4501,0.024197527935675544,2.3378048768225194e-11,0.09647782799905025,0.8793246440418963,25,20,20
7,4502,0.0241975279356756,2.3378124060732632e-11,0.09647790825494443,0.8793245637860018,25,20,20
7,4503,0.02419752793567571,2.3378199395468296e-11,0.09647953126728233,0.8793229407736638,25,20,20
7,4504,0.024197527935675697,2.3373908468538234e-11,0.09647300725165239,0.879329464789298,25,20,20
7,4505,0.024197527935675697,2.337390976627404e-11,0.09647292675795223,0.8793295452829981,25,20,20
7,4506,0.024197527935715932,3.569718558145029e-11,0.10113172642328205,0.8746707456053048,25,20,20
7,4507,0.024197527935715918,3.569289399023185e-11,0.10113152987956338,0.8746709421490279,25,20,20
7,4508,0.0241975279357159,3.568860153904276e-11,0.10112682632744088,0.8746756457011547,25,20,20
7,4509,0.0241975279357159,3.5688526247753806e-11,0.10112674188643124,0.8746757301421643,25,20,20
7,4510,0.024197527935716702,3.568867551023479e-11,0.10112682500573994,0.8746756470228547,25,20,20
7,4511,0.024197527935716702,3.568874898010397e-11,0.10139307569512086,0.8744093963334737,25,20,20
7,4512,0.024197527933121174,3.5684457347082885e-11,0.10139295408473786,0.8744095179464564,25,20,20
7,4513,0.023293911608061893,1.3845149665413063e-06,0.10191894183140424,0.8747857620455669,25,20,20
7,4514,0.023304336653795953,2.724661345777932e-11,0.10228601131593958,0.8744096520030173,25,20,20
7,4515,0.02323638671998709,3.619771626163312e-11,0.10235409763169284,0.8744095156121219,25,20,20
7,4516,0.015048770562361586,3.0691371627385797e-10,0.11054171290272183,0.8744095162280024,25,20,20
7,4517,0.0150487705623616,3.0691371757079114e-10,0.1105418009266476,0.8744094282040767,25,20,20
7,4518,0.015048770562316871,3.066690611224142e-10,0.1105351741700826,0.8744160549609312,25,20,20
7,4519,0.015048770562316873,3.066689871550323e-10,0.11053289853425975,0.8744183305967542,25,20,20
7,4520,0.015048770562316873,3.066690611038495e-10,0.11053297958020375,0.87441824955081,25,20,20
7,4521,0.015048770562316903,3.066691348317151e-10,0.11066239618353892,0.8742888329474748,25,20,20
7,4522,0.015098980012330992,3.15294118179048e-10,0.11061218442831178,0.874288835244064,25,20,20
7,4523,0.015098980012330194,3.1529825926416266e-10,0.11061222035189004,0.8742887993204823,25,20,20
7,4524,0.015098980014901458,3.2911142386070393e-10,0.1109864033353529,0.873914616320635,25,20,20
7,4525,0.015098980014902244,3.2887337363793505e-10,0.11061798501912559,0.8742830346370997,25,20,20
7,4526,0.01509898001233178,3.1506028436594406e-10,0.1102504104654474,0.8746506092071614,25,20,20
7,4527,0.015098980012331753,3.150602093403464e-10,0.11012088084908064,0.8747801388235281,25,20,20
7,4528,0.015098980012289416,3.150602830439471e-10,0.11012304201181829,0.8747779776608327,25,20,20
7,4529,0.029087742300993334,1.058316255874151e-07,0.0945549678869749,0.876357183980407,25,20,20
7,4530,0.029087742300993334,1.0583162551216856e-07,0.09455488625514752,0.8763572656122345,25,20,20
7,4531,0.029087742300989337,1.0583162121942815e-07,0.09455268303557494,0.8763594688318151,25,20,20
7,4532,0.02961238082449028,1.0583128623554165e-07,0.0940280444713098,0.8763594688729143,25,20,20
7,4533,0.02961238082449028,1.0583128631081068e-07,0.09402796996899522,0.8763595433752287,25,20,20
7,4534,0.029612380824487087,1.0583128194590269e-07,0.09402147791491514,0.8763660354293163,25,20,20
7,4535,0.029612380824487142,1.0583128202114053e-07,0.0940261783551097,0.8763613349891217,25,20,20
7,4536,0.02961238082448635,1.0583128202241492e-07,0.09402617609153065,0.8763613372527016,25,20,20
7,4537,0.01555456877882118,1.3090390605245816e-06,0.10965575634987172,0.8747883658322471,25,20,20
7,4538,0.015554568778821125,1.3090390604505905e-06,0.10965416236275713,0.8747899598193617,25,20,20
7,4539,0.015554568778821127,1.3090390605997992e-06,0.10965641300362185,0.8747877091784969,25,20,20
7,4540,0.015554568778821973,1.309039302940291e-06,0.11002989102910388,0.8744142311527716,25,20,20
7,4541,0.015554568778867508,1.3090393029402904e-06,0.11002995390934693,0.8744141682724831,25,20,20
7,4542,0.015554568778867453,1.3090393028663505e-06,0.11002536648218386,0.8744187556996462,25,20,20
7,4543,0.015554568778867453,1.3090393028663734e-06,0.11002544693731647,0.8744186752445137,25,20,20
7,4544,0.015554568778867508,1.309039302866396e-06,0.11002541462801065,0.8744187075538195,25,20,20
7,4545,0.015554568778867494,1.3090393028650863e-06,0.11003197742311417,0.8744121447587159,25,20,20
7,4546,0.015554568778867508,1.3090393028663846e-06,0.11003189905652289,0.8744122231253073,25,20,20
7,4547,0.015554568778827278,1.309026979590561e-06,0.10537771817021695,0.8790664040239767,25,20,20
7,4548,0.015554568778826477,1.309026975373379e-06,0.10537312988129599,0.8790709923129028,25,20,20
7,4549,0.015554568778827278,1.3090269753007638e-06,0.10536880539498356,0.8790753167992145,25,20,20
7,4550,0.015554568778827334,1.3090269754499983e-06,0.10537042696100894,0.8790736952331889,25,20,20
7,4551,0.015554568778827329,1.3090272185177857e-06,0.10563673750257876,0.8788073846913761,25,20,20
7,4552,0.015554568778827329,1.3090272185177632e-06,0.10563682294520894,0.878807299248746,25,20,20
7,4553,0.04373716038313452,4.050805488548103e-08,0.07725407686937825,0.8790087222394325,25,20,20
7,4554,0.04373716038313373,4.0507811815075695e-08,0.07698784080327088,0.8792749583057838,25,20,20
7,4555,0.04373716038313367,4.0507811739792664e-08,0.07698564419085635,0.8792771549181984,25,20,20
7,4556,0.04373716038313687,4.050781603071582e-08,0.076987548881626,0.8792752502274213,25,20,20
7,4557,0.04373716038313368,4.050781174109909e-08,0.0769810254469727,0.879281773662082,25,20,20
7,4558,0.04373716038313367,4.05078116658078e-08,0.07698102343333017,0.8792817756757246,25,20,20
7,4559,0.04373716038313367,4.050756715885548e-08,0.07697443629036207,0.8792883628189372,25,20,20
7,4560,0.04373716038308815,4.050757137471734e-08,0.07697899529646242,0.8792838038128781,25,20,20
7,4561,0.043211287945706445,4.0498952875535807e-08,0.07750486774151749,0.8792838038138227,25,20,20
7,4562,0.043211287945705605,4.049871061031382e-08,0.07713142825375034,0.8796572433018326,25,20,20
7,4563,0.043211287945705605,4.049871061035976e-08,0.07713131695758807,0.879657354597995,25,20,20
7,4564,0.04321128794570562,4.0498710685651046e-08,0.07713128557701494,0.8796573859785681,25,20,20
7,4565,0.043211287945705605,4.049871075961015e-08,0.0771378863500209,0.8796507852055622,25,20,20
7,4566,0.031604878950321824,2.8738285280988795e-10,0.08895199822123459,0.8794431225410603,25,20,20
7,4567,0.031604878950321824,2.873828553817857e-10,0.08895211197946688,0.8794430087828282,25,20,20
7,4568,0.031604878950324225,2.876275119532053e-10,0.0889564652579227,0.8794386555041253,25,20,20
7,4569,0.031604878950324225,2.876317282758137e-10,0.08895662254239305,0.8794384982196507,25,20,20
7,4570,0.0316048789503274,2.8762743844328764e-10,0.08895208222344861,0.8794430385385962,25,20,20
7,4571,0.031604878950326605,2.876231455087948e-10,0.08895188494358665,0.8794432358184631,25,20,20
7,4572,0.03160487895032662,2.8762736116666303e-10,0.08895837557485425,0.8794367451871912,25,20,20
7,4573,0.031604878950509535,2.8787195365786697e-10,0.08896375220827223,0.8794313685533456,25,20,20
7,4574,0.043130070259893696,2.8986531969966374e-10,0.07743467438304923,0.8794352550671912,25,20,20
7,4575,0.043130070259893676,2.8986524311064154e-10,0.07743459187974407,0.8794353375704965,25,20,20
7,4576,0.043130070259893676,2.8986531708183045e-10,0.07743456049871761,0.8794353689515231,25,20,20
7,4577,0.04313007025989366,2.8986102747504887e-10,0.07743265582686909,0.8794372736233759,25,20,20
7,4578,0.043130070259893676,2.898611014463304e-10,0.07742806990257023,0.8794418595476746,25,20,20
7,4579,0.04313007025989448,2.898611741079127e-10,0.07743456103330663,0.8794353684169373,25,20,20
7,4580,0.04313007025989767,2.8986125069694625e-10,0.07743464495301781,0.8794352844972227,25,20,20
7,4581,0.04313007025989769,2.898612506967308e-10,0.07744117088978139,0.8794287585604593,25,20,20
7,4582,0.04313007040627403,2.898655726077662e-10,0.07785874357305181,0.8790111857308083,25,20,20
7,4583,0.04313007025989767,2.8986125069694625e-10,0.07743464495301784,0.8794352844972227,25,20,20
7,4584,0.04313007024958499,2.7601088439403935e-10,0.07716727749666073,0.8797026519777432,25,20,20
7,4585,0.04313007024958579,2.760108843708687e-10,0.07716739127277454,0.8797025382016286,25,20,20
7,4586,0.043130070249582646,2.7601509941858833e-10,0.07716750401183843,0.8797024254625636,25,20,20
7,4587,0.043130070249582625,2.760150978539427e-10,0.07729695279670262,0.8795729766776994,25,20,20
7,4588,0.04313007024958264,2.760150991740428e-10,0.07729706926845774,0.8795728602059444,25,20,20
7,4589,0.04313007024958264,2.760150997839028e-10,0.0773034785173078,0.8795664509570943,25,20,20
7,4590,0.04313007024958264,2.760150245278751e-10,0.07729687443948449,0.8795730550349178,25,20,20
7,4591,0.04313007024958257,2.760148752703789e-10,0.07729536466879619,0.8795745648056064,25,20,20
7,4592,0.04313007024957943,2.7577021865275746e-10,0.07728873453210626,0.879581194942544,25,20,20
7,4593,0.043130070249624904,2.757702926246274e-10,0.07728888709542227,0.8795810423791824,25,20,20
7,4594,0.04313007024962251,2.757703652853901e-10,0.077295330319196,0.879574599155411,25,20,20
7,4595,0.05146241758583389,8.712440103244582e-12,0.06896298288932919,0.8795745995161242,25,20,20
7,4596,0.05146241758583389,8.712440125612503e-12,0.06896298088757181,0.8795746015178817,25,20,20
7,4597,0.051462417585833836,8.708223167798226e-12,0.06895799585003354,0.8795795865554241,25,20,20
7,4598,0.0514624175858338,8.708297275765082e-12,0.06920156839883146,0.8793360140066262,25,20,20
7,4599,0.05146241758583385,8.708224700013798e-12,0.06883316751432872,0.879704414891129,25,20,20
7,4600,0.05146241758583385,8.704008323541554e-12,0.06883316236053269,0.8797044200449292,25,20,20
7,4601,0.05241424021474786,8.70348169759601e-12,0.06788133977367554,0.8797044200028726,25,20,20
7,4602,0.05241424021474784,8.707743451325025e-12,0.06814766902969242,0.8794380907468516,25,20,20
7,4603,0.05241424021474784,8.707666917078104e-12,0.06814299477708999,0.8794427649994542,25,20,20
7,4604,0.05241424021475104,8.70345189172651e-12,0.068142882038456,0.8794428777380889,25,20,20
7,4605,0.052414240217292865,8.712006616218243e-12,0.06826881466878999,0.8793169451052045,25,20,20
7,4606,0.0524142402172929,8.716221676426501e-12,0.06826240713438153,0.8793233526396088,25,20,20
7,4607,0.0524142402172929,8.716146409995423e-12,0.06826090012356388,0.8793248596504264,25,20,20
7,4608,0.06398664876879107,3.709547234023868e-10,0.05669237763344351,0.8793209732268101,25,20,20
7,4609,0.06398664876638667,3.709503858551711e-10,0.056571043323691075,0.8794423075389713,25,20,20
7,4610,0.06398664876620376,3.707100092482454e-10,0.05657028777351585,0.87944306308957,25,20,20
7,4611,0.06398664876638588,3.7071001056019695e-10,0.05657497023648528,0.8794383806264184,25,20,20
7,4612,0.0642624226216899,4.058868904231113e-12,0.056299098204635065,0.8794384791696157,25,20,20
7,4613,0.06426242262168916,4.063085255582324e-12,0.05629912321756793,0.8794384541566795,25,20,20
7,4614,0.0642624226216923,4.058793641199568e-12,0.05630912710672271,0.8794284502675259,25,20,20
7,4615,0.0642624226216923,4.063159824577239e-12,0.056305532496751284,0.8794320448774929,25,20,20
7,4616,0.06426242262174102,4.071742412394722e-12,0.056308714109148825,0.8794288632650381,25,20,20
7,4617,0.064262422621741,4.0717411382287615e-12,0.056308714092895784,0.8794288632812913,25,20,20
7,4618,0.06426242262174191,4.071746351978132e-12,0.05630862964948595,0.8794289477247003,25,20,20
7,4619,0.06426242262174196,4.071748947552871e-12,0.0563132176212879,0.8794243597528982,25,20,20
7,4620,0.06426242262174119,4.071674966266791e-12,0.05630669165419064,0.8794308857199963,25,20,20
7,4621,0.06426242262174436,4.071600995485595e-12,0.05630669177191492,0.879430885602269,25,20,20
7,4622,0.06426242262174443,4.071674989475646e-12,0.05630675809453622,0.8794308192796475,25,20,20
7,4623,0.06426242262174443,4.067460425642309e-12,0.05630216982858141,0.8794354075456065,25,20,20
7,4624,0.06426242262169571,4.063170266239547e-12,0.056303577908845215,0.8794339994653956,25,20,20
7,4625,0.06426242262169572,4.067421880977621e-12,0.056676600732482686,0.8790609766417541,25,20,20
7,4626,0.06426242263201103,4.071754469939634e-12,0.0569429291909901,0.8787946481729269,25,20,20
7,4627,0.0642624226320565,4.316349915206669e-12,0.056681431536881405,0.8790561458267456,25,20,20
7,4628,0.06331065382251323,4.1869739853673924e-12,0.05763317556507493,0.8790561706082244,25,20,20
7,4629,0.057259221453141,6.666404229475097e-12,0.06368470584412618,0.879056072696066,25,20,20
7,4630,0.05725922145314095,6.666330212308537e-12,0.06368471989580732,0.8790560586443852,25,20,20
7,4631,0.05725922145332306,6.9109877129348625e-12,0.06369134389329031,0.8790494346464754,25,20,20
7,4632,0.03488984983152949,2.7803342120487522e-08,0.08606043270846825,0.8790496896566612,25,20,20
7,4633,0.034889849831529436,2.7803342121761685e-08,0.0860605186934402,0.8790496036716892,25,20,20
7,4634,0.03488984983152945,2.780358511739052e-08,0.08632679012494913,0.8787833322399373,25,20,20
7,4635,0.03488984983152945,2.780358933308337e-08,0.08632679106765227,0.8787833312972301,25,20,20
7,4636,0.03488984983152866,2.7803589333070428e-08,0.08669979341774324,0.87841032894714,25,20,20
7,4637,0.05722135042068603,2.1539015008606984e-10,0.06436857642142445,0.8784100729424995,25,20,20
7,4638,0.05722135042068284,2.1539014876556207e-10,0.06436849383553518,0.878410155528392,25,20,20
7,4639,0.057221350420500736,2.151497816039558e-10,0.06436198600734495,0.8784166633570046,25,20,20
7,4640,0.0572213504205008,2.1515407146022515e-10,0.06436657572032412,0.878412073644021,25,20,20
7,4641,0.06775342896920618,4.313287025383082e-09,0.05383449307183386,0.8784120736456731,25,20,20
7,4642,0.06775342895888997,4.313282687556797e-09,0.053574739612823545,0.8786718271150039,25,20,20
7,4643,0.07385175433869508,4.310607578899305e-09,0.04747641453153778,0.8786718268191598,25,20,20
7,4644,0.07385175433869508,4.310607726817021e-09,0.04747831690948785,0.8786699244412094,25,20,20
7,4645,0.07385175433869509,4.310607717395056e-09,0.04756592078634452,0.8785823205643527,25,20,20
7,4646,0.07385175433869512,4.310603454344394e-09,0.04729970399637338,0.8788485373543281,25,20,20
7,4647,0.07385175433869515,4.310603527625754e-09,0.04729970399360587,0.8788485373570954,25,20,20
7,4648,0.07385175434745145,4.3225697967272916e-09,0.05356360090325066,0.8725846404267281,25,20,20
7,4649,0.07385175434745073,4.322565508419215e-09,0.05355699754388312,0.8725912437861006,25,20,20
7,4650,0.07385175434744755,4.322561143533976e-09,0.05355042005733221,0.8725978212726591,25,20,20
7,4651,0.07385175434744759,4.3225611422362275e-09,0.05355042540509575,0.8725978159248956,25,20,20
7,4652,0.07385175434744765,4.322561142258599e-09,0.05355033795840978,0.8725979033715815,25,20,20
7,4653,0.07385175434726551,4.322561065700955e-09,0.05354554071807103,0.8726027006121022,25,20,20
7,4654,0.07385175434726313,4.322805585384209e-09,0.053550291709391046,0.87259794962054,25,20,20
7,4655,0.07385175433850999,4.310839391527108e-09,0.04729288427471456,0.8788553570759359,25,20,20
7,4656,0.07385188600064611,7.467952474022064e-09,0.08428750631358292,0.8418606002178186,25,20,20
7,4657,0.07385188600064606,7.467948149148337e-09,0.08391440441481873,0.8422337021165872,25,20,20
7,4658,0.07385188600064599,7.467948147804251e-09,0.0839145156763145,0.8422335908550914,25,20,20
7,4659,0.07385188600068802,7.481798441037223e-09,0.08417535975428439,0.8419727467632293,25,20,20
7,4660,0.07385188600068723,7.481553844764937e-09,0.08417052425756726,0.8419775822601919,25,20,20
7,4661,0.0738518860006872,7.481553843479739e-09,0.08379740754125763,0.8423506989765015,25,20,20
7,4662,0.07385188600068722,7.481553842182006e-09,0.08379729452822621,0.842350811989533,25,20,20
7,4663,0.0738518860006872,7.481549550567621e-09,0.0837970978591732,0.8423510086585903,25,20,20
7,4664,0.049930335769494544,0.00038537849013958606,0.10733324825391985,0.8423510374864465,25,20,20
7,4665,0.04993033576949448,0.0003853784901395108,0.10733312704529324,0.8423511586950732,25,20,20
7,4666,0.0499303357694493,0.0003853784762890684,0.10706568006729833,0.8426186056869637,25,20,20
7,4667,0.04993033576945011,0.00038537847628914367,0.10706568349735109,0.8426186022569098,25,20,20
7,4668,0.04993028156760132,0.0003853784873546043,0.0752430794905229,0.8744412604545211,25,20,20
7,4669,0.04993028156760371,0.0003853784873588067,0.07537249679708925,0.8743118431479481,25,20,20
7,4670,0.04993028156760691,0.00038537848735895725,0.07537719896477102,0.874307140980263,25,20,20
7,4671,0.04993028156760691,0.00038537848735895725,0.07537059451195936,0.8743137454330747,25,20,20
7,4672,0.04993028156760371,0.00038537848735880676,0.07536597423773657,0.8743183657073007,25,20,20
7,4673,0.049930281567604526,0.00038537847627002913,0.0671953367483687,0.8824890032077566,25,20,20
7,4674,0.049930281567604526,0.00038537847627002924,0.0671954181303473,0.8824889218257781,25,20,20
7,4675,0.04993028156760453,0.0003853784762701045,0.06719556064574231,0.8824887793103829,25,20,20
7,4676,0.04993028156742156,0.0003853784762658108,0.06719080635194578,0.8824935336043667,25,20,20
7,4677,0.056071398453958705,0.0003853741662959509,0.06104969378698413,0.8824935335927612,25,20,20
7,4678,0.05607139845395553,0.0003853741662916612,0.061052304663692054,0.8824909227160606,25,20,20
7,4679,0.0739041143597329,3.236037486084301e-09,0.04360498821998262,0.882490894184247,25,20,20
7,4680,0.0739041143597321,3.236037484786348e-09,0.04359581580481163,0.8825000665994187,25,20,20
7,4681,0.07390411435973204,3.236037335548426e-09,0.04358921298321662,0.8825066694210139,25,20,20
7,4682,0.07389588966578928,3.333172882696202e-09,0.0435974120560224,0.8825066949450153,25,20,20
7,4683,0.07389588966579247,3.333172956658705e-09,0.04360199910946912,0.8825021078915654,25,20,20
7,4684,0.07389588966579252,3.3471136814400295e-09,0.04361024496677606,0.8824938620203178,25,20,20
7,4685,0.07389588966579333,3.3471137580289992e-09,0.043610280399578066,0.8824938265875149,25,20,20
7,4686,0.07389588966584187,3.3610035884656155e-09,0.043764524901995935,0.8823395820711585,25,20,20
7,4687,0.07389588966584182,3.3609992968452345e-09,0.04376908381106821,0.8823350231620906,25,20,20
7,4688,0.07389588966579633,3.360758979396994e-09,0.04389377042428142,0.8822103365491629,25,20,20
7,4689,0.07389588966582933,3.3609347895724356e-09,0.054947173718932346,0.8711569332543034,25,20,20
7,4690,0.07389588966582931,3.360934864828472e-09,0.05495374946417745,0.8711503575090582,25,20,20
7,4691,0.07389588966578084,3.347289644501105e-09,0.05480186390782541,0.871302243079104,25,20,20
7,4692,0.07389588966578083,3.3472896418824596e-09,0.054801821615815045,0.8713022853711143,25,20,20
7,4693,0.07389588966577763,3.347289569218102e-09,0.054797232568935136,0.8713068744179977,25,20,20
7,4694,0.07389588966577769,3.34728957183635e-09,0.05479723261576805,0.8713068743711646,25,20,20
7,4695,0.07389588966577763,3.3333489223116704e-09,0.054795591562270055,0.8713085154386033,25,20,20
7,4696,0.07389588966578083,3.3333489962743524e-09,0.054800214491377675,0.8713038925094925,25,20,20
7,4697,0.07348995987130853,3.3276111267752903e-09,0.055204801227682926,0.8713052355733972,25,20,20
7,4698,0.07348995987130849,3.3276111994027465e-09,0.055204835647630485,0.8713052011534497,25,20,20
7,4699,0.07348995987130849,3.3276111241463027e-09,0.05519831191622882,0.8713117248848515,25,20,20
7,4700,0.0734899598713093,3.327611200736479e-09,0.05519842914013537,0.8713116076609441,25,20,20
7,4701,0.07390762536425564,3.2361580854398787e-09,0.05478213233401813,0.871310239065568,25,20,20
7,4702,0.07391000821380884,0.00037204636064170314,0.05711548537045395,0.8686024600550951,25,20,20
7,4703,0.07391000821380879,0.0003720463606417771,0.05711556595186078,0.8686023794736883,25,20,20
7,4704,0.0739100082138056,0.0003720463606374981,0.0569861117864959,0.8687318336390607,25,20,20
7,4705,0.07999791453124051,0.00037204628227419274,0.05089820626910847,0.8687318329173767,25,20,20
7,4706,0.07999791453123972,0.00037204628227419144,0.050898209488657205,0.8687318296978286,25,20,20
7,4707,0.0799979145312429,0.0003720462822741913,0.050990362502654596,0.8686396766838281,25,20,20
7,4708,0.07999791453123971,0.00037204628227411474,0.050985625095225105,0.8686444140912609,25,20,20
7,4709,0.07999791453123971,0.00037204628227411474,0.05098570756203759,0.8686443316244484,25,20,20
7,4710,0.07999791453123971,0.000372046282274116,0.050985707572155876,0.86864433161433,25,20,20
7,4711,0.07999791453123971,0.00037204628251645875,0.05135882748072971,0.8682712117055139,25,20,20
7,4712,0.07999791453123967,0.00037204628251638345,0.0513589744989922,0.8682710646872516,25,20,20
7,4713,0.07999791453128509,0.00037204629641472334,0.051481992820474304,0.8681480463518259,25,20,20
7,4714,0.07999791453123971,0.00037204628251638345,0.05135245277387583,0.868277586412368,25,20,20
7,4715,0.07999791454166366,0.0003720462825206037,0.05126253113920627,0.8683675080366093,25,20,20
7,4716,0.07999791454166362,0.0003720462825206037,0.051262504087095234,0.8683675350887207,25,20,20
7,4717,0.07999791454166362,0.000372046282278261,0.05089828052317676,0.8687317586528814,25,20,20
7,4718,0.07999791453123647,0.000372046282274041,0.05089602191489204,0.8687340172715976,25,20,20
7,4719,0.07999791453383154,0.00037204628251869855,0.05090268927771187,0.8687273499059378,25,20,20
7,4720,0.0799979145337985,0.00037204628233870483,0.050902497308133156,0.8687275418757295,25,20,20
7,4721,0.07999791454418022,0.0003720462823430716,0.05090424239527011,0.8687257967782065,25,20,20
7,4722,0.07950295016835922,0.0003720463752383972,0.0513992058226837,0.8687257976337186,25,20,20
7,4723,0.07950295016835922,0.0003720463752383972,0.05139912674485903,0.8687258767115432,25,20,20
7,4724,0.07950295016858605,0.0003720463754829769,0.051406344591117585,0.8687186588648133,25,20,20
7,4725,0.07950295016858683,0.0003720463754872678,0.051404052220431255,0.8687209512354945,25,20,20
7,4726,0.07950295016858683,0.00037204637548726786,0.05140632839654989,0.8687186750593758,25,20,20
7,4727,0.07950295016858683,0.00037204637548726916,0.051406212260267446,0.8687187911956583,25,20,20
7,4728,0.07950295016858688,0.00037204637548734446,0.0514108316557755,0.8687141718001502,25,20,20
7,4729,0.07950295016858688,0.0003720463754873457,0.05178385443986519,0.8683411490160604,25,20,20
7,4730,0.07950295016863239,0.00037204637573185146,0.05179107255045684,0.8683339309051789,25,20,20
7,4731,0.0435295309060808,0.00037204628311557906,0.08776449058136096,0.8683339322294428,25,20,20
7,4732,0.04352953091646249,0.00037204628336440996,0.08776619703030779,0.8683322257698656,25,20,20
7,4733,0.043529530926821415,0.0003720462972767857,0.08785106909346643,0.8682473536824357,25,20,20
7,4734,0.04352953091646243,0.00037204628336433466,0.08776149517808562,0.8683369276220878,25,20,20
7,4735,0.04352953091641694,0.00037204628311982897,0.08775430454361612,0.8683441182568474,25,20,20
7,4736,0.04352953091642012,0.00037204628311562384,0.08766669984501561,0.8684317229554489,25,20,20
7,4737,0.04352953091382506,0.00037204628287104024,0.08766010839004162,0.8684383144132627,25,20,20
7,4738,0.04352953091382586,0.00037204628287111695,0.08766022696065265,0.8684381958426505,25,20,20
7,4739,0.043529530914004,0.00037204629675212494,0.08783507409500682,0.8682633486942373,25,20,20
7,4740,0.043529530914004,0.00037204629675212494,0.08783749776739821,0.8682609250218459,25,20,20
7,4741,0.0435295309140032,0.0003720462967478353,0.08783089325113826,0.8682675295381108,25,20,20
7,4742,0.043529530914003176,0.00037204629674355785,0.08770145416331226,0.868396968625941,25,20,20
7,4743,0.04352953091418571,0.0003720462967521206,0.08779113627117695,0.868307286517885,25,20,20
7,4744,0.04352953091436783,0.00037204629699664164,0.0877958887432926,0.8683025340453427,25,20,20
7,4745,0.04352953091696594,0.00037204631093662525,0.08780669136106288,0.8682917314110344,25,20,20
7,4746,0.04352953091696912,0.00037204631118114493,0.087811410995553,0.8682870117762965,25,20,20
7,4747,0.04352953092709976,0.0003720463250313633,0.08807871613423625,0.8680197066136324,25,20,20
7,4748,0.04352953092709976,0.0003720463250313633,0.08807879523647254,0.8680196275113959,25,20,20
7,4749,0.04352953092709906,0.00037204632503507975,0.0927375412594431,0.8633608814884224,25,20,20
7,4750,0.04352953092709907,0.00037204632503507964,0.09274216004307105,0.8633562627047945,25,20,20
7,4751,0.04352953092709986,0.00037204632503933763,0.08168436763661871,0.874414055111242,25,20,20
7,4752,0.04352953092714539,0.00037204632503941293,0.08167981094651264,0.8744186118013024,25,20,20
7,4753,0.04303596514730141,0.0003720463251217582,0.08217337629855273,0.8744186122290242,25,20,20
7,4754,0.04303596514730461,0.0003720463253663421,0.0821799267926307,0.8744120617346985,25,20,20
7,4755,0.04303596513710509,0.00037204632536626947,0.08217983928814901,0.8744121492493795,25,20,20
7,4756,0.04303596513723368,0.000372046335210345,0.09323165396557119,0.8633603345619849,25,20,20
7,4757,0.04303596513723368,0.00037204633521034376,0.09285863120589313,0.8637333573216628,25,20,20
7,4758,0.043033450640048064,2.576370511032477e-07,0.09326404451594068,0.86370224720696,25,20,20
7,4759,0.04303345064000253,2.576370511019501e-07,0.09326398243827551,0.8637023092846706,25,20,20
7,4760,0.043033450640006514,2.576370596647247e-07,0.0933535854328737,0.8636127062900602,25,20,20
7,4761,0.043033450640006514,2.576370596647023e-07,0.09335358600846129,0.8636127057144722,25,20,20
7,4762,0.043033450640006514,2.57637059738665e-07,0.09335358601971383,0.8636127057032198,25,20,20
7,4763,0.043033450640006576,2.576370597399851e-07,0.09335366793597766,0.8636126237869558,25,20,20
7,4764,0.04303345064000737,2.5763730424826693e-07,0.09335567114569093,0.8636106205769974,25,20,20
7,4765,0.04303345064001048,2.576375471685992e-07,0.09361732179480976,0.8633489699276324,25,20,20
7,4766,0.04303345064001048,2.576375471673014e-07,0.09361735716617382,0.8633489345562686,25,20,20
7,4767,0.043033450640010476,2.5763730684750886e-07,0.09361519346711474,0.8633510982555679,25,20,20
7,4768,0.043033450637412395,2.576233669405081e-07,0.09360443140572818,0.8633618603334924,25,20,20
7,4769,0.04303345063736686,2.5762312235952186e-07,0.09359709634921101,0.8633691953902993,25,20,20
7,4770,0.04352923020940129,2.5762303997190864e-07,0.0931013172049828,0.8633691949625755,25,20,20
7,4771,0.043529230199088526,2.5760918960288863e-07,0.09283403140332583,0.8636364807883956,25,20,20
7,4772,0.043529230199130076,2.576091811893768e-07,0.09274457936326008,0.8637259328284281,25,20,20
7,4773,0.03999895127492637,2.57617724877457e-07,0.09627485802047704,0.8637259330868714,25,20,20
7,4774,0.039998951274925566,2.576174802952126e-07,0.09626815498561857,0.8637326361219754,25,20,20
7,4775,0.03999895127474338,2.5761772058460937e-07,0.09627320243475969,0.8637275886727761,25,20,20
7,4776,0.03999899739565848,4.957246856615139e-07,0.09627291820061151,0.8637275886790444,25,20,20
7,4777,0.039998997395479144,4.957246813885952e-07,0.09618793828623373,0.8638125685936058,25,20,20
7,4778,0.03999899739547921,4.95724685652989e-07,0.09645411425247417,0.863546392627361,25,20,20
7,4779,0.03999899739548238,4.957246856529843e-07,0.09645635205573874,0.8635441548240931,25,20,20
7,4780,0.04000091910419742,4.957523223626941e-07,0.09647034976994905,0.8635282353735309,25,20,20
7,4781,0.04000091910419742,4.957523265803429e-07,0.0964703768115058,0.8635282083319699,25,20,20
7,4782,0.04000091910419422,4.957523222891665e-07,0.09646567264490657,0.8635329124985767,25,20,20
7,4783,0.039998997395476056,4.957246855693212e-07,0.0964535444762305,0.8635469624036075,25,20,20
7,4784,0.039998997395476056,4.957246854553196e-07,0.09682652544506397,0.8631739814347741,25,20,20
7,4785,0.03999899739547685,4.957246854566407e-07,0.09682652548076627,0.863173981399071,25,20,20
7,4786,0.039998997395659826,4.957246897504083e-07,0.0968312741126953,0.8631692327669547,25,20,20
7,4787,0.03987511628502956,4.95724717142579e-07,0.09695515522329849,0.8631692327669548,25,20,20
7,4788,0.03987511628489777,4.957146284091128e-07,0.08589670898664357,0.8742276790138304,25,20,20
7,4789,0.0398750705232107,0.02119308162288496,0.06470416867842191,0.8742276791754819,25,20,20
7,4790,0.03987507052321066,0.021193081623125255,0.06471073080776671,0.8742211170458971,25,20,20
7,4791,0.03994423289688465,0.021193081614305317,0.06464157088038239,0.874221114608427,25,20,20
7,4792,0.03994423348238105,0.021193081641904796,0.06504945422121211,0.8738132306545013,25,20,20
7,4793,0.03994423348238419,0.021193081641664578,0.06504749779510019,0.8738151870808504,25,20,20
7,4794,0.04006464618595549,0.021193081641665154,0.06492708508393029,0.8738151870884484,25,20,20
7,4795,0.040064645600276914,0.02119308161406146,0.06452106073118938,0.8742212120544716,25,20,20
7,4796,0.040064645600276935,0.021193081614062293,0.06438498557313149,0.8743572872125286,25,20,20
7,4797,0.04006464560009488,0.02119308161381785,0.06438026640858642,0.8743620063775002,25,20,20
7,4798,0.04006464522703847,0.024877126160241694,0.06069622220613059,0.8743620064065887,25,20,20
7,4799,0.04006464522703526,0.02487712615999787,0.06056606129946184,0.8744921673135044,25,20,20
7,4800,0.04006464522703526,0.02487712615999787,0.0605661403426693,0.8744920882702969,25,20,20
7,4801,0.04006464522703521,0.02487712615999787,0.060566084901143825,0.8744921437118225,25,20,20
7,4802,0.040064645227034366,0.02487712615999366,0.060570589454052665,0.8744876391589189,25,20,20
7,4803,0.040064645227034366,0.024877126159993584,0.060570589457575374,0.8744876391553962,25,20,20
7,4804,0.040064645227076694,0.0248771261599978,0.06057491844755729,0.8744833101653678,25,20,20
7,4805,0.040064645227258014,0.0248771261599978,0.06057301522172773,0.874485213391016,25,20,20
7,4806,0.040064645227258014,0.024877126159997803,0.0605745536334775,0.8744836749792663,25,20,20
7,4807,0.040064645226582804,0.00027238964947297263,0.08517929034176294,0.8744836747821814,25,20,20
7,4808,0.0400646452265796,0.0002723896494686075,0.08517465616070159,0.8744883089632502,25,20,20
7,4809,0.040064645226579654,0.0002723896494686814,0.08517963948980803,0.8744833256341437,25,20,20
7,4810,0.040064645226579654,0.0002723896494687562,0.08544585798378476,0.8742171071401666,25,20,20
7,4811,0.04006464522653412,0.0002723896494644666,0.08543933029795285,0.8742236348260485,25,20,20
7,4812,0.040064645226352,0.00027238964946439264,0.08543462790121892,0.8742283372229646,25,20,20
7,4813,0.04006464522635194,0.00027238964946442066,0.08517299228977471,0.8744899728344088,25,20,20
7,4814,0.04006464522635204,0.0002723896492199138,0.08516791026015676,0.8744950548642711,25,20,20
7,4815,0.04090443300722277,0.00027239012082737454,0.0839191390838816,0.8749040377880677,25,20,20
7,4816,0.040064641040913646,0.0002723896493797032,0.08516791440349568,0.8744950549062109,25,20,20
7,4817,0.040064641040913646,0.0002723896493797032,0.08516791485926933,0.8744950544504373,25,20,20
7,4818,0.03999427163642722,0.00029217082737461827,0.08512419199596322,0.8745893655402348,25,20,20
7,4819,0.03999427163642801,0.00029217082737032716,0.08512613968537391,0.8745874178508276,25,20,20
7,4820,0.03999427163642795,0.0002921708273701779,0.08511956391760077,0.8745939936186009,25,20,20
7,4821,0.03999427163642796,0.0002921708276089954,0.08501281240531058,0.8747007451306525,25,20,20
7,4822,0.03999427163647344,0.0002921708276132774,0.08510282411867491,0.8746107334172383,25,20,20
7,4823,0.03999427163651856,0.00029217082761335064,0.08547591657116234,0.8742376409647057,25,20,20
7,4824,0.03999427163651856,0.00029217082761342724,0.08548240488883671,0.8742311526470313,25,20,20
7,4825,0.03999427163670075,0.00029217082761350384,0.08548248688267915,0.8742310706530065,25,20,20
7,4826,0.039994271636746286,0.0002921708278580887,0.08548907551792043,0.8742244820174752,25,20,20
7,4827,0.03999427163674627,0.00029217082761350774,0.0854889752107694,0.8742245823248705,25,20,20
7,4828,0.039994271636745474,0.00029217082737043867,0.08522273716755423,0.8744908203683296,25,20,20
7,4829,0.0399942716367,0.0002921708273662319,0.08513933025818592,0.8745742272777476,25,20,20
7,4830,0.03999427163665575,0.0002921708273662339,0.08476629451091004,0.8749472630250676,25,20,20
7,4831,0.03999427163665576,0.000292170827608574,0.08513281224351771,0.8745807452922177,25,20,20
7,4832,0.03999427178427208,0.00029217082761285717,0.08521812929287007,0.8744954280952447,25,20,20
7,4833,0.03999427178408988,0.00029217082761277927,0.08521813471880614,0.874495422669491,25,20,20
7,4834,0.039711874631250414,0.0002921758860586487,0.0854991530044874,0.8744967964782036,25,20,20
7,4835,0.03971187006950632,0.0002723978698753969,0.08561240223217272,0.8744033298284455,25,20,20
7,4836,0.03971187005912778,0.000272397869868908,0.08598369713718873,0.8740320349338146,25,20,20
7,4837,0.03214229725740454,0.00027239690213954064,0.08994385947773406,0.8776414463627219,25,20,20
7,4838,0.03214229725735904,0.00027239690189495715,0.08993719436725348,0.8776481114734926,25,20,20
7,4839,0.0321422972573135,0.0002723969018948819,0.08993707821173613,0.8776482276290554,25,20,20
7,4840,0.03214229725749395,0.0002723969157080452,0.09031125753622497,0.8772740482905729,25,20,20
7,4841,0.03984214393311738,0.0002723928296725285,0.08622217559973962,0.8736632876374704,25,20,20
7,4842,0.03984214393293698,0.00027239281585943913,0.0858526961401169,0.8740327671110866,25,20,20
7,4843,0.03984214393293699,0.00027239281585951313,0.08585261069396348,0.8740328525572401,25,20,20
7,4844,0.03984214393293699,0.000272392815859437,0.08558628032388672,0.8742991829273169,25,20,20
7,4845,0.039842143932936974,0.0002723928158593618,0.08557978996484591,0.8743056732863578,25,20,20
7,4846,0.039842143932937044,0.0002723928158592891,0.08557975653895333,0.8743057067122503,25,20,20
7,4847,0.039842143932937,0.00027239281585557276,0.08092251132901795,0.8789629519221893,25,20,20
7,4848,0.03984214393293384,0.00027239281561315545,0.08054955263871232,0.8793359106127405,25,20,20
7,4849,0.03984214393293384,0.00027239281561315545,0.08054944126173019,0.8793360219897228,25,20,20
7,4850,0.03984214393293384,0.00027239281561308146,0.08054952670788369,0.8793359365435695,25,20,20
7,4851,0.03984214393293385,0.00027239281561308016,0.0805497542217358,0.8793357090297172,25,20,20
7,4852,0.03984214398924485,2.4782169531253987e-07,0.08082189880038466,0.8793357093886758,25,20,20
7,4853,0.03984214398924485,2.478216953125171e-07,0.0808218983012365,0.8793357098878241,25,20,20
7,4854,0.025393507234107472,4.376600701949538e-07,0.09522052664295798,0.8793855284628649,25,20,20
7,4855,0.025393507184085114,4.407382245544388e-07,0.09522136808839829,0.8793846839892935,25,20,20
7,4856,0.02539350718408506,4.4073822447916996e-07,0.09522133277456843,0.8793847193031233,25,20,20
7,4857,0.02539350718408506,4.407379822130855e-07,0.09484829406576804,0.8797577580121658,25,20,20
7,4858,0.02539350718408506,4.4073798221565734e-07,0.09485466905426597,0.8797513830236678,25,20,20
7,4859,0.025395202655817566,5.838150144948072e-07,0.09253987173014684,0.882064341799022,25,20,20
7,4860,0.025395202655817607,5.838150144947841e-07,0.0925399142606233,0.8820642992685456,25,20,20
7,4861,0.02539520265581749,5.83815014418152e-07,0.09253828986101036,0.8820659236681585,25,20,20
7,4862,0.001554117953444322,3.9691265744242297e-07,0.07991523861228964,0.9185302465216081,25,20,20
7,4863,0.0015541179534443368,3.9691266173408284e-07,0.07991531941037269,0.9185301657235208,25,20,20
7,4864,0.0015541179534443372,3.96912661808077e-07,0.07991523396421926,0.9185302511696741,25,20,20
7,4865,0.0015541179534443372,3.96912661808077e-07,0.07991523396421928,0.9185302511696743,25,20,20
7,4866,0.0015541179534442804,3.9691266173153597e-07,0.07991372845277779,0.9185317566811159,25,20,20
7,4867,0.0015541179534442823,3.9691266173153677e-07,0.07991372988095465,0.9185317552529391,25,20,20
7,4868,0.0015541179534442823,3.969126617302167e-07,0.07991372652050636,0.9185317586133873,25,20,20
7,4869,0.0015541179534443383,3.969126617302614e-07,0.07991388774515638,0.9185315973887375,25,20,20
7,4870,0.0015541179534443372,3.9691266165370725e-07,0.07990728299086769,0.9185382021430263,25,20,20
7,4871,0.0015541179534443934,3.969126659466699e-07,0.07990742729075377,0.9185380578431359,25,20,20
7,4872,0.0015541179637927835,3.969131536062176e-07,0.08003730254288366,0.91840818258017,25,20,20
7,4873,0.0015542781534152472,0.0006993335114694256,0.07933820579814943,0.9184081825369657,25,20,20
7,4874,0.001554278153415248,0.0006993335114694282,0.07933820581250398,0.9184081825226111,25,20,20
7,4875,0.0015542781532338526,0.0006993334975883436,0.0791586579108145,0.918587730438363,25,20,20
7,4876,0.001554278005617534,0.0006993334975839867,0.07933497221390114,0.9184114162828968,25,20,20
7,4877,0.001554278005617479,0.0006993334975796962,0.07933486926269018,0.9184115192341121,25,20,20
7,4878,0.0015542780056182206,0.0006993334975796976,0.07933028529998419,0.9184161031968174,25,20,20
7,4879,0.0015542780056182484,0.0006993334975797735,0.07970338913427204,0.9180429993625294,25,20,20
7,4880,0.0015542780056182481,0.0006993334975797735,0.0797033537195887,0.9180430347772129,25,20,20
7,4881,0.001554278005617449,0.0006993334975796971,0.07970323583007259,0.9180431526667299,25,20,20
7,4882,0.0015542779952721986,0.0006993334970921114,0.07957336163096752,0.9181730268766678,25,20,20
7,4883,0.0015542779952721977,0.0006993334970921101,0.07931173026707851,0.9184346582405568,25,20,20
7,4884,0.0015542779952722526,0.0006993334970964003,0.07931335172823642,0.9184330367793947,25,20,20
7,4885,0.0015542779952722526,0.0006993334971006919,0.0793133851892699,0.918433003318357,25,20,20
7,4886,0.0015542779954543604,0.0006993334973452124,0.07894511685207899,0.9188012716551213,25,20,20
7,4887,1.8557192866538975e-06,0.0006993305705162771,0.07714133256716948,0.9221574811430274,25,20,20
7,4888,1.8557192865980952e-06,0.0006993305705120607,0.07714125118491161,0.9221575625252896,25,20,20
7,4889,1.8557192866521831e-06,0.0006993305705121361,0.07714578926413206,0.9221530244460687,25,20,20
7,4890,1.8557192866811614e-06,0.0006993305705122125,0.07714798687573614,0.9221508268344646,25,20,20
7,4891,1.8557193313618665e-06,0.0006993305705164288,0.07714810105987766,0.9221507126502742,25,20,20
7,4892,1.8557195130699906e-06,0.0006993305705164202,0.07724021354115014,0.92205860016882,25,20,20
7,4893,1.855732315284729e-06,0.0006993305705167916,0.11377782675239603,0.8855209869447718,25,20,20
7,4894,1.8557323608169207e-06,0.0006993305707614744,0.11378007539079085,0.8855187383060869,25,20,20
7,4895,1.8557321787370088e-06,0.0006993305705212042,0.11414834377981414,0.8851504699174858,25,20,20
7,4896,1.8557322241941805e-06,0.0006993305707657864,0.11415496641329685,0.8851438472837129,25,20,20
7,4897,1.855732224194179e-06,0.0006993305707658603,0.11415712938092117,0.8851416843160884,25,20,20
7,4898,1.85573222696231e-06,0.0006993305707658516,0.11881130168533433,0.8804875120116727,25,20,20
7,4899,1.8855196249244984e-06,0.0006993305709819393,0.12348382445155931,0.8758149594578337,25,20,20
7,4900,1.8855198070663944e-06,0.0006993305709819406,0.12348391810154055,0.8758148658076702,25,20,20
7,4901,1.885519807052153e-06,0.0006993305709819379,0.12347739358211364,0.8758213903270972,25,20,20
7,4902,1.9012780318171778e-07,0.0006991874648393816,0.12579216073285862,0.8735084616744997,25,20,20
7,4903,1.9012780635488052e-07,0.0006991874648393814,0.12605927951049845,0.8732413428968567,25,20,20
7,4904,1.9847691130712282e-07,0.0006991874650815759,0.12645684584547695,0.872843768212531,25,20,20
7,4905,1.9847686579290606e-07,0.0006991874648369923,0.1264502572352781,0.8728503568230199,25,20,20
7,4906,1.9847682345275706e-07,0.0006991874648327009,0.12645016893311922,0.8728504451252254,25,20,20
7,4907,1.984791132564289e-07,0.0006992274314051214,0.1311616185653649,0.8681389555241172,25,20,20
7,4908,1.9847911320114923e-07,0.0006992274314008705,0.13078859772299734,0.868511976366489,25,20,20
7,4909,3.904681594986374e-08,5.438688082329625e-07,0.131487441033567,0.8685119760508094,25,20,20
7,4910,3.904681392642468e-08,5.43869052837266e-07,0.12683330989002356,0.8731661071941105,25,20,20
7,4911,3.904663497167072e-08,5.438692968207738e-07,0.12692548387797337,0.8730739332060955,25,20,20
7,4912,3.9046634943647274e-08,5.438692967454982e-07,0.1269211253115997,0.8730782917724692,25,20,20
7,4913,3.904663813888438e-08,5.438693010358148e-07,0.12692124149553877,0.8730781755885226,25,20,20
7,4914,1.2069829074574292e-05,8.211291564618221e-07,0.1269089631690554,0.8730781458727144,25,20,20
7,4915,1.2069829073774773e-05,8.211289160826438e-07,0.12690434116214452,0.8730827678798664,25,20,20
7,4916,1.2069826783957303e-05,7.811623435853376e-07,0.12219292421806038,0.8777942247928131,25,20,20
7,4917,1.2070325700456483e-05,7.81174099028845e-07,0.12846996830655658,0.8715171801936448,25,20,20
7,4918,1.2070325745868803e-05,7.811743428621757e-07,0.12833236331045172,0.8716547851894605,25,20,20
7,4919,1.2070336042837001e-05,7.811743429368851e-07,0.12864802112671953,0.8713391273628956,25,20,20
7,4920,1.2070336039651612e-05,7.811604445216342e-07,0.12851839677129345,0.8714687517322233,25,20,20
7,4921,1.2070336039666352e-05,7.811604445216345e-07,0.12851842961492008,0.8714687188885967,25,20,20
7,4922,1.2070336220597031e-05,7.811742952593104e-07,0.12878482303370758,0.8712023254557774,25,20,20
7,4923,1.2070325965969277e-05,7.811742951846466e-07,0.12846921060328612,0.8715179378964535,25,20,20
7,4924,1.2070325962837429e-05,7.811740554157035e-07,0.12838161808769447,0.871605530412288,25,20,20
7,4925,1.2070325962837212e-05,7.811740554156811e-07,0.12838150302838744,0.8716056454715951,25,20,20
7,4926,1.2070325784309575e-05,7.811740511352268e-07,0.12828935712098763,0.8716977913791777,25,20,20
7,4927,1.2070325738776408e-05,7.811738064498213e-07,0.12828699658206064,0.8717001519183948,25,20,20
7,4928,0.0007454404111232069,8.058277831834258e-07,0.127553601806644,0.8717001519544499,25,20,20
7,4929,0.0007454404112415697,8.06344500639334e-07,0.14154637338676807,0.8577073798574898,25,20,20
7,4930,0.0007454106238444065,8.063442888419075e-07,0.13686934605532286,0.862384436976544,25,20,20
7,4931,0.0007454106238921804,8.063442889043915e-07,0.13699871804787542,0.8622550649839437,25,20,20
7,4932,0.0007454106238921381,8.063442846885295e-07,0.13699413084805048,0.8622596521837729,25,20,20
7,4933,0.014396066535374672,3.158606248855558e-07,0.12334207690777405,0.862261540696227,25,20,20
7,4934,0.014396066535374672,3.1586062481290484e-07,0.12334204213121513,0.8622615754727857,25,20,20
7,4935,0.014396066535374674,3.158606248889615e-07,0.12360829401925098,0.86199532358475,25,20,20
7,4936,0.014396066535374674,3.158606291779577e-07,0.12360845130194305,0.8619951663020534,25,20,20
7,4937,0.01439606603646137,3.1584887373447307e-07,0.11733144540297291,0.8682721727116923,25,20,20
7,4938,0.014396066036461415,3.158488738097419e-07,0.11733144529598453,0.8682721728186806,25,20,20
7,4939,0.01439606681814902,3.1592366035994975e-07,0.12072779635168539,0.8648758209065062,25,20,20
7,4940,0.014396066818152215,3.159236603612921e-07,0.12073259324892699,0.8648710240092611,25,20,20
7,4941,0.0014313664905528836,0.003685352307307774,0.13000873645198927,0.8648745447501507,25,20,20
7,4942,0.0014313664905496904,0.003685352307303483,0.13000856763227983,0.8648747135698676,25,20,20
7,4943,0.0006859655419015027,0.0036850495827351875,0.1259861011436476,0.8696428837317167,25,20,20
7,4944,0.0006859655418529853,0.0036850495827309092,0.12585664776568625,0.8697723371097308,25,20,20
7,4945,0.000685965541856149,0.0036850495827394116,0.12622972353793924,0.8693992613374661,25,20,20
7,4946,0.0006859655418537524,0.003685049582739337,0.12623192025240393,0.8693970646230038,25,20,20
7,4947,0.0006859655418529547,0.0036850495827394124,0.12623191812034684,0.8693970667550616,25,20,20
7,4948,0.0006859655418043686,0.0036850495824955793,0.12610232387618459,0.8695266609995163,25,20,20
7,4949,0.0006878259603392387,0.003685050365265624,0.12739614312245867,0.8682309805519373,25,20,20
7,4950,0.0006878260414790148,0.0036850512013612254,0.13216428308608857,0.863462839671072,25,20,20
7,4951,0.00068782604147896,0.0036850512013611504,0.13216416873107634,0.8634629540260843,25,20,20
7,4952,0.0006878260414781612,0.0036850512013612245,0.13215759995790008,0.8634695227992613,25,20,20
7,4953,0.0006878596746546027,0.003685051201609414,0.13226958884979673,0.8633575002739401,25,20,20
7,4954,0.000687859674657487,0.0036850512018254717,0.136662128869794,0.8589649602537237,25,20,20
7,4955,0.0006878596746543774,0.00368505120181697,0.1362891071496166,0.8593379819739126,25,20,20
7,4956,0.0006878596746551749,0.003685051201816969,0.13629559266636387,0.8593314964571644,25,20,20
7,4957,0.000687859674655161,0.003685051201816895,0.13629547772816786,0.8593316113953605,25,20,20
7,4958,0.0006878260416576668,0.003685051201573071,0.13617891648171676,0.8594482062750529,25,20,20
7,4959,0.0006878280231787552,0.003685051129100441,0.12972044373018027,0.8659066771175411,25,20,20
7,4960,2.1482863924746146e-06,7.568559320465348e-09,0.1340894903748417,0.8659083537702071,25,20,20
7,4961,2.148288983914313e-06,7.568559468401613e-09,0.13410333316239312,0.8658945109800642,25,20,20
7,4962,2.1482889839132034e-06,7.568559467698915e-09,0.1344763211055595,0.8655215230368977,25,20,20
7,4963,2.1482889810420056e-06,7.568347626286387e-09,0.12982215229432426,0.8701756918483475,25,20,20
7,4964,2.1455139882539807e-06,7.566033350332862e-09,0.1363454519407106,0.8636523949792683,25,20,20
7,4965,2.145513988254107e-06,7.566033277064029e-09,0.1359724645718217,0.8640253823481574,25,20,20
7,4966,2.1455113968144144e-06,7.566033203098951e-09,0.13595854247099898,0.8640393044515714,25,20,20
7,4967,2.1455113968698608e-06,7.56603746356359e-09,0.13622479465173787,0.8637730522708285,25,20,20
7,4968,2.1455114000645883e-06,7.566282121478948e-09,0.13623142620069556,0.8637664207216228,25,20,20
7,4969,2.1455113993215506e-06,7.566277905319818e-09,0.1364911528592798,0.8635066940630435,25,20,20
7,4970,2.1455113961270616e-06,7.566277831349109e-09,0.1364910586765044,0.863506788245822,25,20,20
7,4971,2.145511215196419e-06,7.55242709631302e-09,0.13622936843820624,0.8637684784981517,25,20,20
7,4972,2.1455112607233875e-06,7.55242288127573e-09,0.13623590583852033,0.8637619410977964,25,20,20
7,4973,2.145511260723146e-06,7.552427097620849e-09,0.13623598721198815,0.8637618597243243,25,20,20
7,4974,2.1455111423182523e-06,7.035705425520046e-09,0.12224170873663993,0.8777561387165126,25,20,20
7,4975,2.1455111423192184e-06,7.035705499482537e-09,0.12224632951857775,0.8777515179345747,25,20,20
7,4976,2.145511142306187e-06,7.035705498184805e-09,0.12224621446866875,0.8777516329844838,25,20,20
7,4977,2.1455111423054625e-06,7.03570542292048e-09,0.12224405080967074,0.8777537966434817,25,20,20
7,4978,2.1455111454449148e-06,7.035701235121017e-09,0.12198242106849368,0.8780154263846599,25,20,20
7,4979,2.1455111461880824e-06,7.035701236920422e-09,0.12171620577678015,0.8782816416763728,25,20,20
7,4980,2.145513730082231e-06,7.0359490345623675e-09,0.1218957409459444,0.8781021065043767,25,20,20
7,4981,2.1455137332765687e-06,7.035949111124823e-09,0.12189801929329247,0.8780998281570254,25,20,20
7,4982,2.145513730082653e-06,7.035949037162321e-09,0.12189335574127048,0.8781044917090506,25,20,20
7,4983,2.1455137300622773e-06,7.035944745519414e-09,0.12189783420536578,0.8781000132449596,25,20,20
7,4984,2.145515001357462e-06,7.035946883198174e-09,0.1615540164025653,0.8384438310464856,25,20,20
7,4985,2.1455150014135335e-06,7.035946884518123e-09,0.16155872127467108,0.8384391261743798,25,20,20
7,4986,2.145515001413546e-06,7.035946810555477e-09,0.16155872126341858,0.8384391261856323,25,20,20
7,4987,2.1455151828545612e-06,7.049832423524649e-09,0.1617082636260218,0.838289583808962,25,20,20
7,4988,2.1455153203030296e-06,7.049836713403161e-09,0.1617062786669537,0.8382915687678882,25,20,20
7,4989,2.1455151381952505e-06,7.049836640737579e-09,0.1617081790586626,0.8382896683763615,25,20,20
7,4990,2.1455151381955097e-06,7.049836643378191e-09,0.1617082909782069,0.8382895564568171,25,20,20
7,4991,2.1455151381394425e-06,7.049836642080611e-09,0.1617035880791234,0.8382942593559009,25,20,20
7,4992,2.1455151381384417e-06,7.049836640759701e-09,0.1617035616043851,0.8382942858306391,25,20,20
7,4993,2.145515141333893e-06,7.049836788702268e-09,0.16169897712613626,0.8382988703088847,25,20,20
7,4994,1.5863333706231102e-05,7.05682222854968e-09,0.16168019454322985,0.8383039350662407,25,20,20
7,4995,1.5863333526450924e-05,7.056817864735492e-09,0.1616754753194901,0.8383086542901645,25,20,20
7,4996,2.454573330246682e-06,7.569179210182271e-09,0.16169515564151532,0.838302382215975,25,20,20
7,4997,2.454573331059191e-06,7.569179285438305e-09,0.16170175911836016,0.8382957787391294,25,20,20
7,4998,2.454573331057963e-06,7.569179284095429e-09,0.16170171775783992,0.8382958200996495,25,20,20
7,4999,2.4545733303143185e-06,7.569423821462064e-09,0.16169684990339533,0.8383006879538505,25,20,20
7,5000,2.4545733303143185e-06,7.569423820165332e-09,0.16169685212979742,0.8383006857274483,25,20,20
7,5001,0.003596601712409399,7.050220290805544e-09,0.15810270551000044,0.8383006857273692,25,20,20
7,5002,0.003596601722787135,7.050224580665735e-09,0.1581074216397068,0.8382959695872807,25,20,20
7,5003,0.0035966017227879897,7.050469174320325e-09,0.15811214265757567,0.8382912485691665,25,20,20
7,5004,0.0035966017229701326,7.050473465935214e-09,0.15811225782761582,0.8382911333989399,25,20,20
7,5005,0.0035966017227886775,7.036583560492892e-09,0.15795801271480148,0.8384453785258256,25,20,20
7,5006,0.003596601722788679,7.036587851441984e-09,0.15796461862190656,0.8384387726187162,25,20,20
7,5007,0.0035966017229707927,7.036596433340618e-09,0.15797122826190535,0.838432162978527,25,20,20
7,5008,0.0035966017229716054,7.036596507323044e-09,0.1579778484159969,0.8384255428244345,25,20,20
7,5009,0.00359660172297162,7.0366007995700635e-09,0.157984454323937,0.83841893691649,25,20,20
7,5010,0.0035966017229715503,7.036356185626485e-09,0.15798271727073634,0.8384206739699355,25,20,20
7,5011,0.003596601733138787,7.036351882849503e-09,0.15810565059454945,0.8382977406359595,25,20,20
7,5012,0.003596601733135593,7.036107223659976e-09,0.15809901847200789,0.8383043727587488,25,20,20
7,5013,0.003597123442261591,7.884126420295424e-09,0.15844222970365884,0.8379606389699523,25,20,20
7,5014,0.003597123442264017,7.884126422936852e-09,0.1584422297273829,0.8379606389462261,25,20,20
7,5015,0.003597128092387491,7.866133681200655e-09,0.15834593106588948,0.83805693297559,25,20,20
7,5016,0.0036539734446835188,7.0332266547739615e-09,0.15828908257953658,0.8380569369425532,25,20,20
7,5017,0.0036539734343025887,7.033222289644683e-09,0.15828898376605574,0.8380570357664198,25,20,20
7,5018,0.0036539734342993934,7.0332222896210825e-09,0.15829555808866932,0.8380504614438092,25,20,20
7,5019,0.0036539734342985386,7.032977695943722e-09,0.1582907245655284,0.8380552949671958,25,20,20
7,5020,0.0036539734342985403,7.032977698561568e-09,0.158290838917459,0.8380551806152652,25,20,20
7,5021,0.003653973434298539,7.0329776959668885e-09,0.15829087838864125,0.8380551411440829,25,20,20
7,5022,0.003653973434298554,7.032977772578219e-09,0.1582909982546681,0.8380550212780556,25,20,20
7,5023,0.0036521130157181757,6.2502077279232e-09,0.15700367580195562,0.8393442049321189,25,20,20
7,5024,0.0036521130157181753,6.2502077279000325e-09,0.1570035219788428,0.8393443587552316,25,20,20
7,5025,0.003652108290496733,2.7720357081169434e-08,0.1566709246122329,0.8396769393769133,25,20,20
7,5026,0.0036521082904999273,2.772035708114587e-08,0.15668112431170303,0.83966673967744,25,20,20
7,5027,0.0035952522538800894,2.7706022904115163e-08,0.15672489552144622,0.8396798245186505,25,20,20
7,5028,0.0035952522538800756,2.7706022978063727e-08,0.15671835959189773,0.839686360448199,25,20,20
7,5029,0.0035952522538801168,2.7706022904092617e-08,0.15671824175867824,0.8396864782814185,25,20,20
7,5030,0.003595252253880186,2.7706022979385164e-08,0.15671368362966415,0.8396910364104326,25,20,20
7,5031,0.0035952522538801723,2.7706022904115898e-08,0.15671356964957323,0.8396911503905236,25,20,20
7,5032,0.0035952596981211303,2.7718547689227724e-08,0.16139658819428074,0.8350081243890506,25,20,20
7,5033,0.0035952596877717813,2.7718543485442895e-08,0.16126712968045012,0.8351375829132348,25,20,20
7,5034,0.003594983464442922,8.706167030940205e-05,0.16118745781813537,0.8351304970471116,25,20,20
7,5035,0.003594983464442923,8.706167030511302e-05,0.16119196241125006,0.8351259924540011,25,20,20
7,5036,0.003594976020201963,8.706165778032532e-05,0.15650233966807905,0.8398156226539392,25,20,20
7,5037,0.0035949760200198215,8.706165777610896e-05,0.1565087462175844,0.8398092161046202,25,20,20
7,5038,0.003594976020019807,8.706165777603371e-05,0.1565086303302046,0.8398093319919999,25,20,20
7,5039,0.003594967670914925,8.706165777683619e-05,0.1563774139471053,0.839940556724203,25,20,20
7,5040,0.000948037881768437,8.706213999444141e-05,0.15902434095495585,0.8399405590232816,25,20,20
7,5041,0.000965665947417967,8.703445177732267e-05,0.15943564244050132,0.8395116571603041,25,20,20
7,5042,0.0009656659474179658,8.703445177717214e-05,0.15942903824269314,0.8395182613581125,25,20,20
7,5043,0.0009656659474219593,8.70344517815386e-05,0.15942690162271844,0.8395203979780788,25,20,20
7,5044,0.0009656659474218903,8.70344517815373e-05,0.15942687379213663,0.8395204258086605,25,20,20
7,5045,0.0009656659474218914,8.703445178161259e-05,0.15942695494841197,0.8395203446523851,25,20,20
7,5046,0.0009656659474186967,8.70344517816139e-05,0.15941675581225045,0.8395305437885499,25,20,20
7,5047,0.000965665947418794,8.703445178161319e-05,0.15941177279137933,0.8395355268094208,25,20,20
7,5048,0.0009656659474220445,8.703445178590303e-05,0.15941647497604478,0.8395308246247478,25,20,20
7,5049,0.0009656659474227864,8.703445179019334e-05,0.1594119704183308,0.8395353291824567,25,20,20
7,5050,0.0009656659474227864,8.703445179019338e-05,0.15941208288009595,0.8395352167206915,25,20,20
7,5051,0.0009656659474639026,8.703445200014214e-05,0.1656618355412152,0.83328546405932,25,20,20
7,5052,0.0009656659474662993,8.703445224046443e-05,0.16566337639620504,0.8332839232040874,25,20,20
7,5053,0.0009656659500205133,8.7034452039023e-05,0.15941683958894054,0.8395304600090003,25,20,20
7,5054,0.0009656659500213112,8.703445203894773e-05,0.1594307302967999,0.8395165693011403,25,20,20
7,5055,0.002559002475560129,8.708148317946005e-05,0.1578504354103395,0.8395034806309214,25,20,20
7,5056,0.0025590024756049195,8.708148318375021e-05,0.1578454506883123,0.8395084653528992,25,20,20
7,5057,0.002559002475559316,8.708148317938343e-05,0.15784370216533158,0.8395102138759298,25,20,20
7,5058,0.002559002475556121,8.708148317923287e-05,0.15784358543611307,0.8395103306051517,25,20,20
7,5059,0.0025590024755560658,8.70814831835219e-05,0.15784377925993093,0.8395101367813296,25,20,20
7,5060,0.0025590024755528713,8.708148293890664e-05,0.15784212359189173,0.8395117924496165,25,20,20
7,5061,0.0025590024755528713,8.708148293890664e-05,0.15784212359189173,0.8395117924496165,25,20,20
7,5062,0.0025590024755520733,8.708148293890793e-05,0.15782819809735454,0.8395257179441544,25,20,20
7,5063,0.0025590024755488493,8.70814829388287e-05,0.15782819662072592,0.8395257194207864,25,20,20
7,5064,0.00255900247554878,8.708148269583178e-05,0.15756184469575468,0.8397920713460004,25,20,20
7,5065,0.002559002475531765,8.708148293450782e-05,0.15782490643298097,0.8395290096085526,25,20,20
7,5066,0.0025590024782127744,8.708225008473236e-05,0.15921387889416766,0.8381400363775345,25,20,20
7,5067,0.002559002478211899,8.708282455033184e-05,0.17029985148060028,0.8270540632166369,25,20,20
7,5068,0.002559002478211955,8.708282455048238e-05,0.17030213113659007,0.827051783560647,25,20,20
7,5069,0.002559002478250376,8.70828245505446e-05,0.17655227434995338,0.8208016403472453,25,20,20
7,5070,0.0025590024782503767,8.70828245505459e-05,0.17655227376411045,0.8208016409330883,25,20,20
7,5071,0.002559002478476598,8.708225008524783e-05,0.20200163212863262,0.795352283142805,25,20,20
7,5072,0.002559002478476598,8.708225008524783e-05,0.20200163212863267,0.7953522831428051,25,20,20
7,5073,0.00255900248885752,8.708225032984407e-05,0.2020064676750736,0.7953474475857386,25,20,20
7,5074,0.0025590021094464856,3.057763585372198e-07,0.2020932445683391,0.7953474475458561,25,20,20
7,5075,0.001963706661350617,3.1517680806030124e-07,0.20268593740698534,0.7953500407548556,25,20,20
7,5076,0.001963709902702911,3.1517816520200503e-07,0.20608117855557972,0.7919547963635519,25,20,20
7,5077,0.001963710422970823,3.151779249865321e-07,0.2105609314253142,0.7874750429737898,25,20,20
7,5078,0.0019637099001190163,3.151779174030422e-07,0.2059017238434734,0.79213425107849,25,20,20
7,5079,0.0019637099001612985,3.151779216948083e-07,0.2058987652242691,0.7921372096976478,25,20,20
7,5080,0.001963709900161298,3.1517792583538713e-07,0.20590118969559673,0.7921347852263161,25,20,20
7,5081,0.0019637099001613527,3.1517792576137027e-07,0.2059058101177212,0.7921301648041915,25,20,20
7,5082,0.001963709900305049,3.151781703431919e-07,0.19966445731089077,0.7983715176106341,25,20,20
7,5083,0.001963709900305105,3.1517817034191753e-07,0.1996599176097668,0.7983760573117581,25,20,20
7,5084,0.0019637099003082994,3.1517841493559544e-07,0.19966005128466485,0.7983759236366121,25,20,20
7,5085,0.001963706815998882,3.151770574987092e-07,0.19971411024709831,0.7983218677598454,25,20,20
7,5086,0.0019637068159988817,3.1517705750132747e-07,0.19971414225860765,0.798321835748336,25,20,20
7,5087,0.0019637068159988813,3.15177057500007e-07,0.19971402975339803,0.7983219482535456,25,20,20
7,5088,0.0019637068159988253,3.1517705321019625e-07,0.19970944005085986,0.7983265379560882,25,20,20
7,5089,0.00196370681599968,3.151770533594476e-07,0.19971260211394562,0.7983233758930014,25,20,20
7,5090,0.0019637068160020497,3.151770575771286e-07,0.19970960882295596,0.7983263691839845,25,20,20
7,5091,0.0019637068134237897,3.151768103950638e-07,0.19944337063348955,0.7985926073762764,25,20,20
7,5092,0.001963706813469269,3.1517681468539913e-07,0.19944348694197458,0.7985924910677414,25,20,20
7,5093,0.0019637068107882035,3.1440966024460443e-07,0.19805759287007343,0.7999783859094782,25,20,20
7,5094,0.0019637068107882026,3.1440966024465033e-07,0.1980575111043385,0.7999784676752134,25,20,20
7,5095,0.001964052916713498,3.1498193671852917e-07,0.20925560326438059,0.7887800288369691,25,20,20
7,5096,0.0019640529063333894,3.149816921261989e-07,0.2092530888575985,0.7887825432543759,25,20,20
7,5097,0.0016130584205140688,3.0561893071039043e-07,0.20960668817144149,0.7887799477891135,25,20,20
7,5098,0.0016130584205148676,3.056189308609507e-07,0.2096067726781737,0.7887798632823804,25,20,20
7,5099,0.0016130584204701308,3.0561893078696094e-07,0.20960673250597733,0.7887799034546217,25,20,20
7,5100,0.0016127123145448495,3.05046658605533e-07,0.19841334389786566,0.799973638740931,25,20,20
7,5101,0.0016135718587994665,3.3412050547486394e-07,0.19841245536982544,0.7999736386508696,25,20,20
7,5102,0.0016135718589815851,3.341207501222061e-07,0.19842103626922566,0.7999650577510422,25,20,20
7,5103,0.0016135718589807733,3.3412075012088536e-07,0.19841874358926334,0.7999673504310052,25,20,20
7,5104,0.0016135718589807872,3.341207544124762e-07,0.19841894013282718,0.799967153887437,25,20,20
7,5105,0.0016135718589807826,3.341346050745522e-07,0.19868524632498277,0.7997008476814312,25,20,20
7,5106,0.001612644959326576,3.336145590490854e-07,0.19868603476659716,0.7997009866595173,25,20,20
7,5107,0.0016126449013333889,7.627658979557222e-08,0.19868629216267591,0.7997009866594008,25,20,20
7,5108,0.001612644901333389,7.627658979425212e-08,0.1986862941745109,0.7997009846475658,25,20,20
7,5109,0.001612644901336583,7.627658979608469e-08,0.19868131268523,0.7997059661368435,25,20,20
7,5110,0.0016126449013333882,7.627658550328066e-08,0.19867991825287987,0.7997073605692012,25,20,20
7,5111,0.04131415770037582,7.628291527341894e-08,0.1589914929193896,0.7996942730973206,25,20,20
7,5112,0.0413141577003766,7.62829109831027e-08,0.15899141262426397,0.7996943533924497,25,20,20
7,5113,0.0413141577003766,7.628291098182853e-08,0.15899152708231157,0.799694238934402,25,20,20
7,5114,0.04129569720710948,4.7209061647035385e-08,0.15901001899504616,0.7996942365887838,25,20,20
7,5115,0.04129569720710948,4.7209061647035385e-08,0.15900978703655014,0.7996944685472798,25,20,20
7,5116,0.041295697207109426,4.720906157179753e-08,0.15900519961946466,0.7996990559643653,25,20,20
7,5117,0.04129569720711261,4.720906586292797e-08,0.15900978733056184,0.7996944682532606,25,20,20
7,5118,0.041295697207067085,4.7209057280031426e-08,0.159008043044317,0.7996962125395597,25,20,20
7,5119,0.04129569720706312,4.720905298885984e-08,0.15900368853905758,0.7997005670448271,25,20,20
7,5120,0.0678047290819983,4.370794072145979e-10,0.13249456720132985,0.7997007032795932,25,20,20
7,5121,0.06780472908199511,4.3683481223909195e-10,0.13248973228039776,0.7997055382007732,25,20,20
7,5122,0.06780472909649876,2.535021006340551e-07,0.1324894792006262,0.7997055382007752,25,20,20
7,5123,0.06780472909649955,2.535021007067163e-07,0.13249605720779098,0.7996989601936096,25,20,20
7,5124,0.10629392403846284,2.7344531199088173e-07,0.09400142583071931,0.7997043766855068,25,20,20
7,5125,0.10629392403846288,2.7344530777501744e-07,0.09399834522856121,0.799707457287669,25,20,20
7,5126,0.10629392403846288,2.7344530777629286e-07,0.09399834662608512,0.799707455890145,25,20,20
7,5127,0.10629392403846288,2.734453077776353e-07,0.09399846171043442,0.7997073408057953,25,20,20
7,5128,0.10631048529019767,2.7344559130822094e-07,0.09397495350458389,0.7997142877596276,25,20,20
7,5129,0.10631048529019763,2.7344559130692567e-07,0.09397344586644878,0.7997157953977627,25,20,20
7,5130,0.10631048529019757,2.7344559123165684e-07,0.0939734444142608,0.7997157968499508,25,20,20
7,5131,0.07829399484469225,2.731944480097941e-07,0.12199006909385686,0.7997156628670032,25,20,20
7,5132,0.06659621780072557,2.734382255443984e-07,0.13368784473215622,0.7997156640288934,25,20,20
7,5133,0.06659621780090713,2.7345212553713867e-07,0.1338131590589573,0.7995903496880109,25,20,20
7,5134,0.06659621780091034,2.7345212982981695e-07,0.13381553027987547,0.7995879784670852,25,20,20
7,5135,0.0665962178009072,2.734523701487491e-07,0.13381318704778536,0.7995903216989381,25,20,20
7,5136,0.06659621780090796,2.7346630650659793e-07,0.13382126216069673,0.7995822465720893,25,20,20
7,5137,0.06652766025536942,2.739579511853354e-07,0.13388981930047328,0.7995822464862066,25,20,20
7,5138,0.0665276602551905,2.739577066145797e-07,0.13388286290164902,0.7995892028854543,25,20,20
7,5139,0.06652766025500838,2.7395746196921523e-07,0.133873958645925,0.7995981071416051,25,20,20
7,5140,0.06652766025500757,2.7395746196921486e-07,0.1338738437041386,0.7995982220833922,25,20,20
7,5141,0.06652766025500438,2.7395746189394846e-07,0.13387233305275362,0.7995997327347805,25,20,20
7,5142,0.06652766025500038,2.7394352124316076e-07,0.13386420305666014,0.7996078627448187,25,20,20
7,5143,0.06652766025500044,2.7394352550753235e-07,0.13413041988015342,0.799341645921321,25,20,20
7,5144,0.06652766025500044,2.7394352550621225e-07,0.13413042046581874,0.7993416453356557,25,20,20
7,5145,0.0665276602549997,2.739435255049145e-07,0.13413042043063206,0.799341645370843,25,20,20
7,5146,0.0782163610284428,2.736996488627132e-07,0.1224417210338129,0.7993416442380956,25,20,20
7,5147,0.07821636102848822,2.7369965315539204e-07,0.12244392410186046,0.7993394411699982,25,20,20
7,5148,0.07821636102848822,2.7369965322938307e-07,0.12244546448228462,0.7993379007895739,25,20,20
7,5149,0.07821636102848988,2.736996533059732e-07,0.12244549230757816,0.7993378729642785,25,20,20
7,5150,0.039518286945195075,2.737025968337947e-07,0.16114356640628533,0.7993378729459217,25,20,20
7,5151,0.039518286945016676,2.736887011041597e-07,0.1612845869958189,0.7991968523704623,25,20,20
7,5152,0.039518286945014316,2.7368869688777697e-07,0.1614117430440389,0.7990696963222489,25,20,20
7,5153,0.038690178687008685,0.0008912245305768191,0.16134887675220683,0.7990697200302067,25,20,20
7,5154,0.03869017868700874,0.0008912245305768205,0.16144117203260855,0.798977424749805,25,20,20
7,5155,0.03869017868700557,0.000891224530576849,0.16117495951960925,0.7992436372628074,25,20,20
7,5156,0.038690178687004834,0.0008912245167261129,0.16090868412210152,0.7995099126741668,25,20,20
7,5157,0.038690178687004834,0.0008912245167261867,0.16090865274107505,0.7995099440551934,25,20,20
7,5158,0.038690178687004834,0.0008912245167261867,0.16090867918321972,0.7995099176130487,25,20,20
7,5159,0.07688782303705015,0.0008923523710508165,0.12270981655795525,0.7995100080339435,25,20,20
7,5160,0.0768878230370502,0.0008923523710508152,0.12270970421165496,0.7995101203802438,25,20,20
7,5161,0.0697857565413513,0.000891228048888235,0.1298118931885624,0.7995111222211979,25,20,20
7,5162,0.032609406227857275,0.0008933789243079822,0.16699150277908884,0.7995057120687457,25,20,20
7,5163,0.032609406227856484,0.0008933789243079071,0.1668666777180497,0.7996305371297858,25,20,20
7,5164,0.032609406227856484,0.0008933789243078344,0.1668666757498431,0.7996305390979924,25,20,20
7,5165,0.036179271788731586,0.000893379845053532,0.16330389520411004,0.7996234531621055,25,20,20
7,5166,0.0361792717887316,0.0008933798450535333,0.1633023903137695,0.799624958052446,25,20,20
7,5167,0.03617927178891418,0.0008933798450579653,0.1633946321452885,0.7995327162207402,25,20,20
7,5168,0.036179305292793174,0.0008933798589159921,0.1636598297062151,0.7992674851420765,25,20,20
7,5169,0.03617930529279631,0.0008933798589159933,0.1636598297311206,0.7992674851171678,25,20,20
7,5170,0.036014853320084736,2.472220334084007e-06,0.16471521309024273,0.7992674613693389,25,20,20
7,5171,0.036014853320084736,2.472220334084053e-06,0.1647152131147622,0.7992674613448194,25,20,20
7,5172,0.036014853320084736,2.4722200895505335e-06,0.16471296806753494,0.7992697063922912,25,20,20
7,5173,0.0360148533200392,2.4722200852591516e-06,0.16471060321329595,0.79927207124658,25,20,20
7,5174,0.0360148533226346,2.4722200811180587e-06,0.16471288486106647,0.7992697895962181,25,20,20
7,5175,0.03601485332263454,2.4722200810427897e-06,0.16471288340887852,0.799269791048406,25,20,20
7,5176,0.03601485332263454,2.472220081118071e-06,0.16470636145884715,0.7992763129984374,25,20,20
7,5177,0.03601485332263767,2.472220081193331e-06,0.16471106182674902,0.7992716126305323,25,20,20
7,5178,0.036014853322455104,2.472220081053819e-06,0.16462340805010328,0.7993592664073604,25,20,20
7,5179,0.03601485332245504,2.4722200809772518e-06,0.16462329273840975,0.7993593817190542,25,20,20
7,5180,0.03601485332245185,2.4722200809032673e-06,0.1646187047514949,0.7993639697059723,25,20,20
7,5181,0.03601485332245502,2.4722203247354303e-06,0.1647481127093853,0.7992345617478349,25,20,20
7,5182,0.03601485332245822,2.4722203247367495e-06,0.16475279454732022,0.7992298799098969,25,20,20
7,5183,0.007161984789780778,3.2162040102442557e-06,0.1933992958648385,0.7994355031413701,25,20,20
7,5184,0.00727678908535295,3.1729920588229054e-06,0.1932845347823116,0.7994355031402762,25,20,20
7,5185,0.0072767890854016784,3.1729920631881083e-06,0.19328837283570466,0.79943166508683,25,20,20
7,5186,0.007276789082809485,3.172992067404468e-06,0.19328611451438718,0.7994339234107355,25,20,20
7,5187,0.00727678908281268,3.172992071695849e-06,0.19328848642741284,0.7994315514977024,25,20,20
7,5188,0.012844628944371266,3.1730171538855376e-06,0.18772064654073475,0.7994315514977396,25,20,20
7,5189,0.012844628944371266,3.1730173941034652e-06,0.18772720724070768,0.7994249907975265,25,20,20
7,5190,0.012844628944550192,3.173017149595207e-06,0.1877253005234549,0.799426897514845,25,20,20
7,5191,0.01284462894455018,3.173016905689041e-06,0.18786297792499465,0.799289220113549,25,20,20
7,5192,0.035593910978952044,3.1729935298881645e-06,0.1651136959034769,0.7992892201240409,25,20,20
7,5193,0.035593910978769926,3.1729935298142008e-06,0.16511550231304825,0.7992874137146515,25,20,20
7,5194,0.03559391097876994,3.1729935298141885e-06,0.16548850717777763,0.7989144088499223,25,20,20
7,5195,0.035593910978769884,3.1729935298154883e-06,0.16539632577099958,0.7990065902567003,25,20,20
7,5196,0.03559391097876987,3.172993529889472e-06,0.1650233223334191,0.7993795936942806,25,20,20
7,5197,0.03559391097876987,3.172993529962124e-06,0.16501680065234875,0.7993861153753508,25,20,20
7,5198,0.03559391097876993,3.172993530037393e-06,0.16501688114774418,0.7993860348799552,25,20,20
7,5199,0.03559391097876993,3.1729935300360726e-06,0.16501676923695752,0.7993861467907419,25,20,20
7,5200,0.03559391097876993,3.1729935300266718e-06,0.16510436094342965,0.7992985550842701,25,20,20
7,5201,0.03297041669609378,3.1720725058751347e-06,0.16772785614563296,0.7992985550857674,25,20,20
7,5202,0.03297041669609379,3.1720725058751347e-06,0.16772782344021286,0.7992985877911875,25,20,20
7,5203,0.03297038319221481,3.1720586521395335e-06,0.16746267606073129,0.7995637686884018,25,20,20
7,5204,0.03297038319216609,3.1720586477716907e-06,0.1674587594804715,0.7995676852687146,25,20,20
7,5205,0.03297038317766236,3.171996551177378e-06,0.16745875955707284,0.7995676852687126,25,20,20
7,5206,0.03297038317765998,3.171996551251381e-06,0.16719167486578332,0.7998347699600046,25,20,20
7,5207,0.032970383177656805,3.171996555541698e-06,0.1671870738375315,0.7998393709882552,25,20,20
7,5208,0.03297038332559363,3.171996564124526e-06,0.16718956142233535,0.7998368832555058,25,20,20
7,5209,0.03297038317765686,3.171996555617012e-06,0.1671871543413997,0.7998392904843868,25,20,20
7,5210,0.03204214129226165,3.172253774626759e-06,0.16811141268622098,0.7998432737677419,25,20,20
7,5211,0.03204214129226169,3.172253778887223e-06,0.16837766419871475,0.799577022255244,25,20,20
7,5212,0.03204214129225849,3.172253774595797e-06,0.16837529426887837,0.7995793921850879,25,20,20
7,5213,0.03204214129225849,3.172253770378146e-06,0.1683798005245014,0.799574885929469,25,20,20
7,5214,0.032042141292258484,3.172253770301556e-06,0.16837968454475494,0.7995750019092154,25,20,20
7,5215,0.03965678362894869,3.1798458703492636e-06,0.15390295988496747,0.8064370766402129,25,20,20
7,5216,0.07199698281596492,3.171999732867704e-06,0.1284288265840097,0.7995710186002924,25,20,20
7,5217,0.07199698281596412,3.171999737084027e-06,0.1284289072625767,0.7995709379217221,25,20,20
7,5218,0.07199698281596419,3.1719997414088993e-06,0.12880198270892093,0.7991978624753733,25,20,20
7,5219,0.07199698281596419,3.1719997371186275e-06,0.1288017874813758,0.7991980577029224,25,20,20
7,5220,0.07199698281855652,3.1719997456266173e-06,0.12879739767514203,0.7992024475065554,25,20,20
7,5221,0.07199698281855646,3.1719997498422524e-06,0.12880392110596706,0.7991959240757265,25,20,20
7,5222,0.0719969828185564,3.171999745626387e-06,0.1288038692885808,0.7991959758931171,25,20,20
7,5223,0.07199698281868877,3.17200983441429e-06,0.1398623155524058,0.7881375296190708,25,20,20
7,5224,0.07199702979076783,2.9189311776363577e-06,0.13986252165886912,0.7881375296191848,25,20,20
7,5225,0.07199702979076783,2.9189311775623863e-06,0.13986248684777963,0.7881375644302744,25,20,20
7,5226,0.0719970297883545,2.9189311689804797e-06,0.1398638841620606,0.7881361671184155,25,20,20
7,5227,0.07199702978850024,2.9189311723153755e-06,0.14805529090733174,0.7799447603729948,25,20,20
7,5228,0.07200351698529156,2.918929577909433e-06,0.1480488037271946,0.7799447603579349,25,20,20
7,5229,0.07200351698533661,2.9189433868096646e-06,0.14815665191146704,0.7798369121598087,25,20,20
7,5230,0.07200351698533661,2.918943386809687e-06,0.14815664993837546,0.7798369141329003,25,20,20
7,5231,0.0720035169853398,2.918957325965784e-06,0.14816888638502143,0.7798246776723119,25,20,20
7,5232,0.07200351698533983,2.9189573217507503e-06,0.1481733917439596,0.779820172313378,25,20,20
7,5233,0.07200351698533984,2.918957321826042e-06,0.1481734742242803,0.7798200898330573,25,20,20
7,5234,0.07200351698533984,2.9189573175351613e-06,0.14816702225969186,0.7798265417976501,25,20,20
7,5235,0.07200351698529472,2.9189435043718563e-06,0.14779295527477776,0.7802006087964224,25,20,20
7,5236,0.0720035169854768,2.918943500185355e-06,0.1475314203335671,0.7804621437374553,25,20,20
7,5237,0.07200351698547759,2.9189435001866526e-06,0.14753142237115788,0.7804621416998637,25,20,20
7,5238,0.0720035169854808,2.9189435002619224e-06,0.1475314258256219,0.7804621382453963,25,20,20
7,5239,0.0720035169854808,2.9189435002632646e-06,0.14753142527457386,0.7804621387964445,25,20,20
7,5240,0.07200351698548077,2.9189435002632646e-06,0.14753138217823117,0.7804621818927872,25,20,20
7,5241,0.07228973589102221,7.489669136318104e-07,0.14724711470268476,0.780462400439379,25,20,20
7,5242,0.07228973589102301,7.489669093514017e-07,0.1471548624763925,0.7805546526656745,25,20,20
7,5243,0.07228973589102296,7.489669092774304e-07,0.14715948121932215,0.780550033922745,25,20,20
7,5244,0.07228973589102218,7.489669092034588e-07,0.1471593673255686,0.7805501478164993,25,20,20
7,5245,0.07228973589102218,7.489669134665326e-07,0.14742558611788475,0.7802839290241789,25,20,20
7,5246,0.07228973590137075,7.489671573738027e-07,0.1475551434422457,0.7801543716892257,25,20,20
7,5247,0.07228973590118865,7.489671615881485e-07,0.147556951610544,0.7801525635211053,25,20,20
7,5248,0.07228973590118862,7.489671615881027e-07,0.14755691352837436,0.780152601603275,25,20,20
7,5249,0.07228973590104204,7.489671581779604e-07,0.139365404466062,0.7883441106657374,25,20,20
7,5250,0.07228973590104198,7.489671538517898e-07,0.13899232763032388,0.7887171875014799,25,20,20
7,5251,0.07228973590108753,7.489673985220019e-07,0.1389971361070654,0.7887123790244481,25,20,20
7,5252,0.07228973590104518,7.489671582179723e-07,0.1389989070934879,0.7887106080383084,25,20,20
7,5253,0.07228973590104598,7.48967162583402e-07,0.139000530669718,0.7887089844620729,25,20,20
7,5254,0.07228973590104601,7.489671625834484e-07,0.1390005697085337,0.7887089454232573,25,20,20
7,5255,0.07228973590106742,7.490601976922826e-07,0.1743135897082459,0.7533959253304885,25,20,20
7,5256,0.07228973590106742,7.490601976923049e-07,0.1743135897084233,0.753395925330311,25,20,20
7,5257,0.07228973590106669,7.490601977662499e-07,0.1743151712638734,0.7533943437748616,25,20,20
7,5258,0.07071966433461319,3.4823635541108152e-06,0.17588273428735005,0.753394119014482,25,20,20
7,5259,0.07071966433478989,3.4823496148054672e-06,0.17618618020624754,0.7530906731093471,25,20,20
7,5260,0.07071966433478989,3.482349614805489e-06,0.1761860637696333,0.7530907895459613,25,20,20
7,5261,0.07071966433478989,3.482349614804191e-06,0.17618606323411645,0.7530907900814783,25,20,20
7,5262,0.07071967357672555,2.364517761686637e-05,0.18084816721210287,0.7484085140335546,25,20,20
7,5263,0.07071967357672315,2.36451776167911e-05,0.18085481732062061,0.7484018639250393,25,20,20
7,5264,0.08228361979145399,2.3645175390011123e-05,0.1692908711185146,0.7484018639146416,25,20,20
7,5265,0.08228361989837453,2.3677915845201374e-05,0.18038285582752525,0.737309846358255,25,20,20
7,5266,0.08228361989819234,2.3677915845200012e-05,0.18038114537995736,0.7373115568060051,25,20,20
7,5267,0.08228361067597016,3.858602266587056e-06,0.18040094570317533,0.737311585018588,25,20,20
7,5268,0.08228361067596776,3.8586022665877606e-06,0.18039450040013963,0.7373180303216261,25,20,20
7,5269,0.08228361067601249,3.858602511171726e-06,0.18039440159251793,0.7373181291289587,25,20,20
7,5270,0.08226683065395982,1.1450425550469616e-06,0.18040830102778443,0.7373237232757005,25,20,20
7,5271,0.0822703634249603,1.1450409598522416e-06,0.18040476825877497,0.7373237232753049,25,20,20
7,5272,0.08227038168672322,8.014411925906049e-07,0.18040512028402675,0.7373236965880575,25,20,20
7,5273,0.08227038168654252,8.014411925893169e-07,0.18008935340165322,0.7376394634706118,25,20,20
7,5274,0.08227038168654566,8.014411925153488e-07,0.18009406964815688,0.7376347472241049,25,20,20
7,5275,0.08227033478718658,1.5224699370210426e-05,0.18007969328282605,0.7376347472306177,25,20,20
7,5276,0.10080231607962864,3.251876525021354e-05,0.16153037216268293,0.7376347929924387,25,20,20
7,5277,0.10080231607962864,3.251876525450382e-05,0.16153052746253707,0.7376346376925801,25,20,20
7,5278,0.10079059704120598,3.249820992533051e-05,0.16154786141293653,0.7376290433359319,25,20,20
7,5279,0.10079059704116129,3.249820992531859e-05,0.1615498070824437,0.7376270976664695,25,20,20
7,5280,0.10079059704116129,3.24982099252446e-05,0.16154972600170495,0.7376271787472082,25,20,20
7,5281,0.10041741069435449,3.1750436905549824e-05,0.16213037791897345,0.7374204609497663,25,20,20
7,5282,0.10044460208393537,3.175059538625426e-05,0.16196380458778323,0.7375598427328957,25,20,20
7,5283,0.10044460208393861,3.175059538625431e-05,0.16197053347223636,0.7375531138484392,25,20,20
7,5284,0.10044460208393861,3.1750595381989965e-05,0.16170420078594408,0.7378194465347357,25,20,20
7,5285,0.10044460208393861,3.175059538206653e-05,0.1617042312433464,0.7378194160773335,25,20,20
7,5286,0.10044460208412076,3.175059539057451e-05,0.16170441712101716,0.7378192301994718,25,20,20
7,5287,0.10044460208412082,3.175059539072237e-05,0.16207751883293003,0.7374461284875586,25,20,20
7,5288,0.10044460208416632,3.175059563101557e-05,0.1620840266584884,0.7374396206617145,25,20,20
7,5289,0.10044460208421502,3.17505956395965e-05,0.1620887416235493,0.7374349056965964,25,20,20
7,5290,0.1004446020841663,3.1750595631016825e-05,0.16208398961780685,0.7374396577023962,25,20,20
7,5291,0.12162400424872483,3.319118635068517e-08,0.14093635062614016,0.7374396119339487,25,20,20
7,5292,0.11078208789713621,3.3191267529179584e-08,0.1517782669666677,0.737439611944929,25,20,20
7,5293,0.11078208789718483,3.320516167466928e-08,0.1519076654476012,0.7373102134500524,25,20,20
7,5294,0.11078208789713541,3.3191267453218456e-08,0.15178471223884996,0.7374331666727474,25,20,20
7,5295,0.11078209623410791,7.797880667867096e-08,0.152235081752184,0.7369827440349016,25,20,20
7,5296,0.11078209622375931,7.79785670625541e-08,0.15211022797905321,0.7371075978186207,25,20,20
7,5297,0.11078209622375931,7.797881158093965e-08,0.15211503244206928,0.7371027933553601,25,20,20
7,5298,0.11078208788678685,3.319127228157077e-08,0.15166004285174367,0.7375578360701975,25,20,20
7,5299,0.11078208788679081,3.3191272343448676e-08,0.15178300477701848,0.7374348741449184,25,20,20
7,5300,0.0981607632121677,1.9759574887241316e-07,0.16440415128777708,0.7374348879043062,25,20,20
7,5301,0.0981607632121677,1.975957445812823e-07,0.16439952819167952,0.737439511000408,25,20,20
7,5302,0.10294393856732104,1.9767541170782574e-07,0.15961635275494812,0.7374395110023194,25,20,20
7,5303,0.1029439385673203,1.9767540741491443e-07,0.15961615756366332,0.7374397061936092,25,20,20
7,5304,0.10294393871445846,1.9846609589098496e-07,0.15981557555638568,0.73724028726306,25,20,20
7,5305,0.10294393871445846,1.9846610000491148e-07,0.15970880513774371,0.7373470576816981,25,20,20
7,5306,0.10294393871445767,1.9846609563948142e-07,0.15971378433754516,0.7373420784819015,25,20,20
7,5307,0.1029439386075372,1.6572564052450567e-07,0.14862840179082037,0.7484274938760018,25,20,20
7,5308,0.12140594884849071,1.6619261240487858e-07,0.13016639028401164,0.7484274946748849,25,20,20
7,5309,0.1214059488485349,1.6697852075879669e-07,0.13059225133308947,0.7480016328398544,25,20,20
7,5310,0.12140594884848985,1.661923678315605e-07,0.13015781008487784,0.748436074874264,25,20,20
7,5311,0.12140594884848914,1.6619236347877902e-07,0.1300330399503498,0.7485608450087972,25,20,20
7,5312,0.1214059488484892,1.6619236355407154e-07,0.13003312350548224,0.7485607614536647,25,20,20
7,5313,0.1214059488484892,1.6619236355407157e-07,0.1300331235054823,0.7485607614536647,25,20,20
7,5314,0.12140594943597056,1.6619261066087038e-07,0.1303241309606715,0.748269753410747,25,20,20
7,5315,0.12140594943597056,1.6619261066087038e-07,0.13032405049544118,0.7482698338759773,25,20,20
7,5316,0.10483477071899008,1.779727425542833e-07,0.14689521642967387,0.7482698348785933,25,20,20
7,5317,0.1048347701315087,1.779724954474609e-07,0.14660420848794656,0.7485608434080491,25,20,20
7,5318,0.1048347701315087,1.7797249545003278e-07,0.14660428829692043,0.7485607635990753,25,20,20
7,5319,0.10483477013150554,1.779724954500322e-07,0.1465980655222301,0.7485669863737685,25,20,20
7,5320,0.10483477013150556,1.7797249545003302e-07,0.1465981474258185,0.7485669044701801,25,20,20
7,5321,0.10483477013150236,1.779724954526052e-07,0.14659369610520778,0.7485713557907939,25,20,20
7,5322,0.08263615620181984,1.9400138220353265e-07,0.16878487249243485,0.7485787773043623,25,20,20
7,5323,0.08263615620181979,1.940013822048179e-07,0.16879139419069733,0.7485722556060999,25,20,20
7,5324,0.08263615620181984,1.94001382203521e-07,0.16879127980751943,0.7485723699892778,25,20,20
7,5325,0.08263615620200189,1.9400138228010151e-07,0.16879601405839192,0.7485676357382232,25,20,20
7,5326,0.08263615620200189,1.9400137809180901e-07,0.1687960139833395,0.7485676358132798,25,20,20
7,5327,0.08263615620200189,1.9400137801784665e-07,0.1687914270721279,0.7485722227244916,25,20,20
7,5328,0.1038356534024133,1.9397500502858874e-07,0.14759192793483686,0.748572224687745,25,20,20
7,5329,0.10383565340241642,1.9397500924362602e-07,0.14758551903627468,0.7485786335862998,25,20,20
7,5330,0.10383565340241642,1.9397500924492293e-07,0.14758559944964736,0.7485785531729272,25,20,20
7,5331,0.11645926109011548,2.957053223328405e-08,0.13496216992594426,0.748578539413408,25,20,20
7,5332,0.1164592610901155,2.9570532381217902e-08,0.13496217144250372,0.7485785378968484,25,20,20
7,5333,0.11645926109011544,2.957053245516672e-08,0.1349621719942274,0.7485785373451247,25,20,20
7,5334,0.1164592610901155,2.957053253173083e-08,0.13496379495409758,0.7485769143852543,25,20,20
7,5335,0.11645926814332822,2.9570536036963107e-08,0.1415059083147048,0.7420347939714311,25,20,20
7,5336,0.11645926814332822,2.957054032857669e-08,0.14150602307998922,0.7420346792061426,25,20,20
7,5337,0.11645926814332822,2.957054032859036e-08,0.14151064185919052,0.7420300604269413,25,20,20
7,5338,0.11645926814319585,2.9560451541962146e-08,0.1304521975848968,0.7530885047114562,25,20,20
7,5339,0.1164592681431926,2.9560451541962156e-08,0.13044739980986367,0.7530933024864926,25,20,20
7,5340,0.11645049559475966,5.8380419426077413e-08,0.13059552733171687,0.7529539186931037,25,20,20
7,5341,0.11645049559476046,5.8380423718988733e-08,0.13059572410239417,0.7529537219224213,25,20,20
7,5342,0.11645049544757675,5.758949066069625e-08,0.1303962057624617,0.7531532412004706,25,20,20
7,5343,0.11645049559453349,5.760358401291028e-08,0.13065707002428004,0.7528923767776021,25,20,20
7,5344,0.11802821915494574,4.838412586241534e-08,0.12880378764500425,0.7531679448159242,25,20,20
7,5345,0.11802821915494567,4.838412579024321e-08,0.12853745845953704,0.7534342740013915,25,20,20
7,5346,0.11802821900798895,4.8370032439327144e-08,0.1282699934300963,0.7537017391918823,25,20,20
7,5347,0.11802824846784139,4.843317126587638e-08,0.128269825535275,0.7537018775637122,25,20,20
7,5348,0.134433949039129,4.822245588193482e-08,0.11186412710900413,0.7537018756294112,25,20,20
7,5349,0.13916526988618194,4.7728757169311916e-08,0.10713275126243457,0.7537019311226268,25,20,20
7,5350,0.13916526283296995,4.7728753514848305e-08,0.1005972571397571,0.7602374322985199,25,20,20
7,5351,0.13916526283296995,4.7728753513550994e-08,0.10059065440246748,0.7602440350358094,25,20,20
7,5352,0.1391652628329699,4.7728753438285434e-08,0.10058903295549299,0.7602456564827841,25,20,20
7,5353,0.1391652628329691,4.77287491453733e-08,0.10058883709747711,0.7602458523408049,25,20,20
7,5354,0.1391652628329691,4.77287491453733e-08,0.10058883710775231,0.7602458523305298,25,20,20
7,5355,0.10049758419310115,9.636488623454644e-08,0.13925635116742227,0.7602459682745902,25,20,20
7,5356,0.10049758419310115,9.636488623454645e-08,0.1392563510886928,0.7602459683533198,25,20,20
7,5357,0.10049758419310109,9.636488194293208e-08,0.13925615441981998,0.7602461650221969,25,20,20
7,5358,0.10049758419310109,9.636488194288733e-08,0.13925615438537953,0.7602461650566373,25,20,20
7,5359,0.07211181858160112,9.631036885453353e-08,0.1676419199460289,0.7602461651619998,25,20,20
7,5360,0.07211181858141902,9.631036885451888e-08,0.16763726736513046,0.7602508177430805,25,20,20
7,5361,0.07211181858142221,9.631036893113055e-08,0.16763743046420332,0.7602506546440044,25,20,20
7,5362,0.07211181858142221,9.631036892980964e-08,0.16763742845444873,0.760250656653759,25,20,20
7,5363,0.07211181858142234,9.6310369079096e-08,0.16763754237014494,0.7602505427380625,25,20,20
7,5364,0.07211181858142234,9.63103691530124e-08,0.16764216170642526,0.7602459234017822,25,20,20
7,5365,0.07211181858142238,9.631036922570123e-08,0.1676464904822469,0.7602415946259606,25,20,20
7,5366,0.07211181858142238,9.631036922570123e-08,0.1676464904822469,0.7602415946259606,25,20,20
7,5367,0.07211181858142235,9.631036914913456e-08,0.16764640673379422,0.7602416783744134,25,20,20
7,5368,0.07211181858142157,9.631037343945068e-08,0.16763770507441797,0.7602503800337861,25,20,20
7,5369,0.07210309823630699,9.631040336624644e-08,0.16764642498631638,0.7602503804669725,25,20,20
7,5370,0.07210309823630691,9.631040750728258e-08,0.1676464499773064,0.7602503554759784,25,20,20
7,5371,0.07210309823889358,9.632430324786816e-08,0.1677837342410685,0.7601130711957339,25,20,20
7,5372,0.0889003084693596,9.632060176334257e-08,0.1509865803076872,0.7601130149023514,25,20,20
7,5373,0.08890030846940489,9.632084483148698e-08,0.15125330253547342,0.7598462926742768,25,20,20
7,5374,0.0834033300257004,9.630342773167976e-08,0.1567501640823991,0.7598464095884725,25,20,20
7,5375,0.08340333002570036,9.630342765639545e-08,0.1567457229522583,0.7598508507186134,25,20,20
7,5376,0.08340333002570036,9.630342765507538e-08,0.15674580002174318,0.7598507736491282,25,20,20
7,5377,0.08340333002570034,9.630342336343861e-08,0.15674571922381447,0.7598508544470612,25,20,20
7,5378,0.0834024806712507,6.725445923758468e-08,0.15674673604232706,0.7598507160319626,25,20,20
7,5379,0.0834024806712483,6.725470329618716e-08,0.15683886821186824,0.7597585838621796,25,20,20
7,5380,0.08340248066866161,6.724081184462008e-08,0.15670177718673017,0.7598956749037958,25,20,20
7,5381,0.08340248066865846,6.724080762697718e-08,0.15670170113586768,0.7598957509546654,25,20,20
7,5382,0.08340248066847634,6.724079904635001e-08,0.1567015050166148,0.759895947074109,25,20,20
7,5383,0.08340248066847954,6.724080333748085e-08,0.156706206599913,0.7598912454908034,25,20,20
7,5384,0.08340248066848277,6.724080761791317e-08,0.15679850528753753,0.7597989468031712,25,20,20
7,5385,0.0834024806684867,6.724081183384684e-08,0.15680263224679464,0.7597948198439058,25,20,20
7,5386,0.0834024806684867,6.724080754289775e-08,0.1567961422007162,0.7598013098899886,25,20,20
7,5387,0.08088525398019415,4.8651518129595025e-08,0.15959637788843348,0.7595183194798538,25,20,20
7,5388,0.06817042688652043,4.914713074626266e-08,0.17231119984140789,0.7595183241249402,25,20,20
7,5389,0.06817042688652046,4.9147130744734077e-08,0.17243412610266554,0.7593953978636825,25,20,20
7,5390,0.06802598372894016,4.9239219025130814e-08,0.17257856916228562,0.7593953978695549,25,20,20
7,5391,0.06802598372894021,4.92392190251395e-08,0.17257395040810358,0.7594000166237371,25,20,20
7,5392,0.06802598372893627,4.923921473398291e-08,0.17256973138093237,0.7594042356509166,25,20,20
7,5393,0.06802598372893626,4.9239214732639226e-08,0.17256970362596255,0.7594042634058864,25,20,20
7,5394,0.06802598372889176,4.923921892319095e-08,0.17256933392289134,0.7594046331089979,25,20,20
7,5395,0.06802598373148698,4.923898291049118e-08,0.17256924876657695,0.7594047182629532,25,20,20
7,5396,0.06802598373166832,4.923874306823426e-08,0.17247714985841267,0.7594968171711761,25,20,20
7,5397,0.10755523601835501,5.435754398493068e-08,0.13294800906408555,0.7594967005600155,25,20,20
7,5398,0.10755314890557804,5.4357269206044475e-08,0.1329500921372117,0.7594967045999411,25,20,20
7,5399,0.10755376204722575,5.4357273175249554e-08,0.12018417618918711,0.7722620074063137,25,20,20
7,5400,0.1075537620474054,5.437083915445736e-08,0.1202920049902044,0.7721541785915508,25,20,20
7,5401,0.07129278497277383,5.428673225764861e-08,0.15655285860536103,0.7721543021351327,25,20,20
7,5402,0.07129278497277379,5.428672796605156e-08,0.1565527556642843,0.7721544050762139,25,20,20
7,5403,0.07129278497259336,5.427291472946773e-08,0.15617869081030708,0.7725284699441848,25,20,20
7,5404,0.07129278497259336,5.427291473076627e-08,0.15617877132239996,0.7725283894320921,25,20,20
7,5405,0.07129278556427787,5.427291909570684e-08,0.1561855012739675,0.7725216588888357,25,20,20
7,5406,0.07129278556427793,5.42729192449224e-08,0.1561921040609451,0.7725150561018578,25,20,20
7,5407,0.07129278556427794,5.427292353526141e-08,0.15619222023023777,0.7725149399325606,25,20,20
7,5408,0.07129278556427794,5.427292346080484e-08,0.15645194862896047,0.7722552115338379,25,20,20
7,5409,0.07129278556428113,5.427316807600046e-08,0.1564536862759023,0.7722534738866486,25,20,20
7,5410,0.07129278556168589,5.4273159569016756e-08,0.15644905179823648,0.7722581083669182,25,20,20
7,5411,0.08398514345032075,5.377766256779668e-08,0.1437566990496431,0.7722581037223736,25,20,20
7,5412,0.08398514345032078,5.3777658352748886e-08,0.14375661769206718,0.7722581850799536,25,20,20
7,5413,0.11790631543407121,1.1611871065815508e-06,0.10983445908736886,0.772258064291453,25,20,20
7,5414,0.1179063154340712,1.1611871065091212e-06,0.10970508260264868,0.7723874407761734,25,20,20
7,5415,0.11790631543407125,1.1611871065825901e-06,0.10997133470629833,0.7721211886725237,25,20,20
7,5416,0.11790631484261782,1.1611871025984176e-06,0.14640448513977622,0.7356880388305029,25,20,20
7,5417,0.11790631484261782,1.1611871025244242e-06,0.1464043712508621,0.7356881527194171,25,20,20
7,5418,0.11790631484261782,1.1611871025244246e-06,0.14640437125101688,0.7356881527192626,25,20,20
7,5419,0.11790631484262101,1.1611871025970983e-06,0.14640441140857205,0.7356881125617042,25,20,20
7,5420,0.11790631484262104,1.1611871025958324e-06,0.14639982611849195,0.7356926978517841,25,20,20
7,5421,0.11790631484262099,1.1611871025970615e-06,0.1463997989407934,0.7356927250294828,25,20,20
7,5422,0.11790631484261778,1.1611870983893025e-06,0.14630761214462848,0.735784911825655,25,20,20
7,5423,0.11758984622359554,1.1619007072021272e-06,0.14662407996029025,0.7357849119154067,25,20,20
7,5424,0.11791485382783609,1.1568678878932606e-06,0.14629907737746892,0.7357849119268067,25,20,20
7,5425,0.11791485382765396,1.156867883601623e-06,0.14630548664172566,0.7357785026627365,25,20,20
7,5426,0.11791485382765482,1.1568678836782093e-06,0.14630765197356022,0.7357763373309009,25,20,20
7,5427,0.11791485382783697,1.1568678838287692e-06,0.14630767997264155,0.7357763093316373,25,20,20
7,5428,0.11791485382783773,1.1568678837547986e-06,0.14631646297933576,0.7357675263249425,25,20,20
7,5429,0.11791485382783774,1.1568678837547986e-06,0.14631646297955223,0.7357675263247261,25,20,20
7,5430,0.11791485382784084,1.1568681260967243e-06,0.14668946888050005,0.7353945204235327,25,20,20
7,5431,0.11791485382783763,1.1568681218081886e-06,0.14668946650705805,0.7353945227969824,25,20,20
7,5432,0.11791485382783767,1.1568681218834801e-06,0.1466829753820113,0.735401013922029,25,20,20
7,5433,0.11791485382783767,1.1568681218821596e-06,0.14668293529808313,0.7354010540059572,25,20,20
7,5434,0.11791485383700874,1.1568683379052962e-06,0.15135988361870703,0.7307241056759463,25,20,20
7,5435,0.11791485383700874,1.1568683379782651e-06,0.15162610092328566,0.7304578883713675,25,20,20
7,5436,0.11791485383700875,1.1568683422694183e-06,0.15163080310304322,0.7304531861916057,25,20,20
7,5437,0.11791485383700556,1.1568680976555204e-06,0.15162906744345753,0.7304549218514392,25,20,20
7,5438,0.12008943228233253,6.965780203577135e-08,0.14945557937187345,0.7304549186879921,25,20,20
7,5439,0.12008943228233254,6.965780210973065e-08,0.14946218217844578,0.7304483158814196,25,20,20
7,5440,0.12008943228215045,6.965780196046823e-08,0.14946674121742148,0.7304437568426262,25,20,20
7,5441,0.1200894322821512,6.965780625029268e-08,0.1494713295081908,0.7304391685518518,25,20,20
7,5442,0.12008943228215122,6.965805075775529e-08,0.1492117013568735,0.7306987967029245,25,20,20
7,5443,0.1200894322821512,6.965805075773291e-08,0.1492116884458245,0.7306988096139736,25,20,20
7,5444,0.120089386615784,6.966668404825551e-08,0.14920383853558014,0.7307067051819517,25,20,20
7,5445,0.12008938661578394,6.966668412224672e-08,0.1492007565065834,0.7307097872109485,25,20,20
7,5446,0.12008938661837941,6.966668833959072e-08,0.1489346607875256,0.7309758829274067,25,20,20
7,5447,0.12008938661841889,6.967900616703878e-08,0.15360048165673282,0.7263100620458421,25,20,20
7,5448,0.12008938661841889,6.967900624278448e-08,0.1533407532603263,0.7265697904422486,25,20,20
7,5449,0.11816241502028783,1.0383048601366725e-07,0.15526303212734519,0.7265744490218808,25,20,20
7,5450,0.11816241502028788,1.0383049037876067e-07,0.1552676190647737,0.7265698620844476,25,20,20
7,5451,0.11816241502029108,1.0383049045405187e-07,0.1552677350325425,0.7265697461166757,25,20,20
7,5452,0.11816241502047278,1.0383073021968526e-07,0.1553603002202996,0.7264771809284971,25,20,20
7,5453,0.11816241502047271,1.0383048571143521e-07,0.15535371012232224,0.7264837710267193,25,20,20
7,5454,0.11816241540181528,1.0434103007571045e-07,0.15891382531987605,0.7229236549372782,25,20,20
7,5455,0.11816241540199422,1.0434103858368739e-07,0.15891392992401113,0.7229235503329557,25,20,20
7,5456,0.11816241540199426,1.0434121129071782e-07,0.16996715044900781,0.7118703298077866,25,20,20
7,5457,0.12038116727397165,6.948227278798319e-08,0.16775309046031783,0.7118656727834378,25,20,20
7,5458,0.12038116727138011,6.948251225719523e-08,0.1678824163567534,0.7117363468893544,25,20,20
7,5459,0.12038116727138323,6.948251218371621e-08,0.1678779102171533,0.7117408530289515,25,20,20
7,5460,0.1203811672713793,6.948226834762544e-08,0.16774842932730824,0.7118703339190443,25,20,20
7,5461,0.12038116727137856,6.948226398382995e-08,0.16774842756601419,0.7118703356803434,25,20,20
7,5462,0.12038116727142402,6.948226398512739e-08,0.1677576339737953,0.7118611292725169,25,20,20
7,5463,0.12038116727137849,6.948226405909857e-08,0.16774837411024834,0.7118703891361092,25,20,20
7,5464,0.12038116727133825,6.946994623165038e-08,0.1630738087704933,0.7165449544882223,25,20,20
7,5465,0.1203811672713382,6.946994608243466e-08,0.16307190579719122,0.7165468574615246,25,20,20
7,5466,0.12038116726217032,6.946997471723567e-08,0.15840158906035967,0.7212171742074949,25,20,20
7,5467,0.1412475395430789,2.102161212963307e-08,0.13753243293693662,0.721220006498372,25,20,20
7,5468,0.10503216253045004,1.254412224405092e-06,0.17374069780736207,0.7212258852499626,25,20,20
7,5469,0.10503154874899705,1.254412224563255e-06,0.1465132674613211,0.748453929377457,25,20,20
7,5470,0.10503154874899699,1.2544122245632556e-06,0.1465132674452378,0.7484539293935404,25,20,20
7,5471,0.1050315487488149,1.2544122159826048e-06,0.14651531974055107,0.7484518770984177,25,20,20
7,5472,0.10503154874881485,1.2544122159800092e-06,0.14651061789938222,0.7484565789395866,25,20,20
7,5473,0.10503154874863313,1.2544119719240366e-06,0.14641793654217763,0.7485492602972168,25,20,20
7,5474,0.10503154874863227,1.254411971848771e-06,0.14641573581456727,0.7485514610248281,25,20,20
7,5475,0.10503458536547736,1.2589184142034876e-06,0.1464126943143183,0.7485514614017899,25,20,20
7,5476,0.10503458536547736,1.2589184142035342e-06,0.1464104193450209,0.7485537363710875,25,20,20
7,5477,0.10503458536547738,1.2589182414956895e-06,0.13535269191161575,0.7596114638046652,25,20,20
7,5478,0.10503458536547738,1.2589182414944152e-06,0.13535261136989876,0.7596115443463822,25,20,20
7,5479,0.10503157295481796,2.7861357095309827e-06,0.13535409473427554,0.7596115461751967,25,20,20
7,5480,0.10503157295481796,2.78613570953096e-06,0.1353540941586872,0.759611546750785,25,20,20
7,5481,0.10504603767785665,1.2766812547146218e-06,0.13499446400870702,0.7599582216321814,25,20,20
7,5482,0.10504603767785665,1.2766812547159194e-06,0.13499454524325785,0.7599581403976307,25,20,20
7,5483,0.10503183251697244,8.826195404571946e-05,0.13526831458188654,0.759611590947095,25,20,20
7,5484,0.12237042920710188,8.826176008525916e-05,0.11793266465957593,0.7596086443732359,25,20,20
7,5485,0.12237042920710188,8.826176008525916e-05,0.11793485974471718,0.7596064492880947,25,20,20
7,5486,0.12237042920710188,8.826176008962479e-05,0.11793490038762007,0.7596064086451874,25,20,20
7,5487,0.12237042920710188,8.826176008954952e-05,0.11793487136420923,0.7596064376685985,25,20,20
7,5488,0.12237042920728398,8.82617600981301e-05,0.11794136514729953,0.7595999438853173,25,20,20
7,5489,0.12237042920728401,8.826176009813271e-05,0.11794147960660933,0.7595998294260075,25,20,20
7,5490,0.12237042920728401,8.82617600981314e-05,0.1179367777849871,0.7596045312476298,25,20,20
7,5491,0.12237042920728401,8.826176009813144e-05,0.11793677920683318,0.7596045298257836,25,20,20
7,5492,0.12237042920728403,8.826176010241975e-05,0.11794327125269202,0.7595980377799205,25,20,20
7,5493,0.12237042920987591,8.826177380321097e-05,0.11794364015843226,0.7595976688578875,25,20,20
7,5494,0.12237042920987591,8.826177379891935e-05,0.11794354747368459,0.7595977615426396,25,20,20
7,5495,0.12237042920987591,8.826177379892064e-05,0.11794787409032108,0.7595934349260031,25,20,20
7,5496,0.12237042920987594,8.826177379899461e-05,0.11794328818423301,0.7595980208320908,25,20,20
7,5497,0.12237042920987594,8.826177379899463e-05,0.11794174979110536,0.7595995592252186,25,20,20
7,5498,0.12237042920987594,8.826177379470632e-05,0.11793514596013237,0.7596061630561958,25,20,20
7,5499,0.12237042920987587,8.826177379462973e-05,0.11793503065875298,0.7596062783575753,25,20,20
7,5500,0.14793968609707334,8.845057841634367e-05,0.09237346474182934,0.7595983985826805,25,20,20
7,5501,0.14793968609707414,8.84505784162697e-05,0.09237995682169566,0.7595919065028134,25,20,20
7,5502,0.14793968609711966,8.845057841634367e-05,0.09238648279772141,0.759585380526742,25,20,20
7,5503,0.1479396860973018,8.845057841634368e-05,0.09238004319293683,0.7595918201313444,25,20,20
7,5504,0.1479396860973018,8.845057841634628e-05,0.0923847435642441,0.7595871197600371,25,20,20
7,5505,0.1479396860973018,8.845057841205726e-05,0.09238682446243107,0.7595850388618546,25,20,20
7,5506,0.1479396860973018,8.84505784119833e-05,0.09238687647986422,0.7595849868444214,25,20,20
7,5507,0.147939686097305,8.845057841213123e-05,0.09238229200161534,0.759589571322667,25,20,20
7,5508,0.14793968609730498,8.845059235135867e-05,0.09239447051204736,0.7595773927982957,25,20,20
7,5509,0.14793968609712366,8.845059235557303e-05,0.09240091188519145,0.7595709514253286,25,20,20
7,5510,0.14793968609453176,8.845057841441484e-05,0.09240051592600296,0.7595713474010501,25,20,20
7,5511,0.14793968609453176,8.845057841441354e-05,0.09240062768668483,0.7595712356403682,25,20,20
7,5512,0.14793968609193664,8.845057841012133e-05,0.09239398089252901,0.7595778824371235,25,20,20
7,5513,0.14793968609193664,8.845057864619825e-05,0.09239407771270586,0.7595777856167106,25,20,20
7,5514,0.1479396860919335,8.845057864836453e-05,0.09202766028147488,0.7599442030479424,25,20,20
7,5515,0.1479396860919303,8.84505786440749e-05,0.09202109373935718,0.7599507695900677,25,20,20
7,5516,0.1479396860919303,8.845057864415017e-05,0.09202120960156042,0.7599506537278644,25,20,20
7,5517,0.14793968609193034,8.845057839964194e-05,0.09201462577839056,0.7599572375512789,25,20,20
7,5518,0.14793968609197589,8.845057840400752e-05,0.09201471063095161,0.7599571526986678,25,20,20
7,5519,0.14793968609197589,8.845056446899643e-05,0.09200251156124603,0.7599693517823084,25,20,20
7,5520,0.14793968609197908,8.845056447328675e-05,0.09200266886949054,0.7599691944740564,25,20,20
7,5521,0.1479396860920246,8.845056447750419e-05,0.09199843091731187,0.7599734324261853,25,20,20
7,5522,0.1479396860920246,8.84505644817199e-05,0.09200492156238224,0.7599669417811107,25,20,20
7,5523,0.1479396860920246,8.845056448171858e-05,0.0920048410971313,0.7599670222463617,25,20,20
7,5524,0.1479396860920214,8.845056448156805e-05,0.09200472486702964,0.7599671384764668,25,20,20
7,5525,0.1479397059310158,1.4425116902924091e-06,0.09209184076014106,0.7599670107971521,25,20,20
7,5526,0.147939705931015,1.442511690291112e-06,0.0920852742813961,0.7599735772758978,25,20,20
7,5527,0.1479397059310118,1.4425116859994981e-06,0.09208523144528226,0.7599736201120189,25,20,20
7,5528,0.14793970593096945,1.4425116859858266e-06,0.09221239979961787,0.7598464517577257,25,20,20
7,5529,0.1479397059309694,1.442511685911855e-06,0.09221698040251518,0.7598418711548285,25,20,20
7,5530,0.14793970593096628,1.4425116859100658e-06,0.09222156207126052,0.7598372894860863,25,20,20
7,5531,0.14793970593096625,1.442511685908768e-06,0.09222140905963672,0.7598374424977099,25,20,20
7,5532,0.13662409285797375,1.3265456999883083e-05,0.10352518195533002,0.7598374597296956,25,20,20
7,5533,0.13662409285797375,1.326545699988049e-05,0.10352460798410387,0.7598380337009217,25,20,20
7,5534,0.13662409285797372,1.3265456999879194e-05,0.1035245345914527,0.7598381070935729,25,20,20
7,5535,0.1477470805202747,1.447472991478259e-06,0.09241338215500478,0.7598380898517283,25,20,20
7,5536,0.14774708052031943,1.4474729873378758e-06,0.09241152212060577,0.7598399498860867,25,20,20
7,5537,0.14821794851849165,1.4474792811882794e-06,0.0919406557772121,0.7598399482250143,25,20,20
7,5538,0.14821794851844616,1.4474792768226847e-06,0.09220680464225108,0.7595737993600251,25,20,20
7,5539,0.14821794851840064,1.4474792768226732e-06,0.09220031281977809,0.7595802911825436,25,20,20
7,5540,0.1784441516063895,2.1408246768920103e-07,0.06198122351931608,0.7595744107918263,25,20,20
7,5541,0.19285158394632604,2.5268899096366578e-08,0.04757399577843116,0.7595743950063433,25,20,20
7,5542,0.19285158394632596,2.526889924559825e-08,0.04731234949944767,0.7598360412853267,25,20,20
7,5543,0.1928515839485154,2.5268902868031398e-08,0.05356861536556015,0.7535797754170211,25,20,20
7,5544,0.19256672334540595,2.5262718617644625e-08,0.053853475975052294,0.7535797754168228,25,20,20
7,5545,0.1819418157530605,3.655594084699204e-08,0.06447826474188938,0.7535798829491085,25,20,20
7,5546,0.1819418157530605,3.655594084828977e-08,0.06447826612931562,0.7535798815616823,25,20,20
7,5547,0.18194181575310583,3.65561803908503e-08,0.064603094801601,0.7534550528891121,25,20,20
7,5548,0.1814260301688172,3.628750551660263e-08,0.06511887901700485,0.7534550545266719,25,20,20
7,5549,0.1814260301688172,3.628750551658026e-08,0.06511896090822898,0.7534549726354478,25,20,20
7,5550,0.18142603016662773,3.628750618576109e-08,0.058861188115490924,0.7597127454303749,25,20,20
7,5551,0.1829438357264718,3.643328623762458e-05,0.05713345486509943,0.759886276122191,25,20,20
7,5552,0.18294383572665354,3.64332862376995e-05,0.05722563994464057,0.759794091042468,25,20,20
7,5553,0.18294383572665354,3.6433286237773455e-05,0.057221053985221565,0.759798677001887,25,20,20
7,5554,0.18294383572665354,3.6433286237774777e-05,0.05722116853764112,0.7597985624494674,25,20,20
7,5555,0.16108650256977217,6.54986613762923e-05,0.07904465767427299,0.7598033410945786,25,20,20
7,5556,0.16108650256977217,6.549866137621833e-05,0.0790422339381613,0.7598057648306904,25,20,20
7,5557,0.15961179964982863,6.549866793927557e-05,0.08051675016625058,0.7598059515159822,25,20,20
7,5558,0.1596117996496924,6.549866818748476e-05,0.0805141352744801,0.7598085664076407,25,20,20
7,5559,0.15989777901877908,6.549867426713528e-05,0.0802281559286055,0.759808566378349,25,20,20
7,5560,0.15989777901877913,6.549867426713655e-05,0.0802327783725564,0.759803943934398,25,20,20
7,5561,0.1598978127438947,6.549867451600683e-05,0.08024046268264506,0.7597962258989449,25,20,20
7,5562,0.16026442923912543,2.9894433353664912e-05,0.08007926551649446,0.759626410811027,25,20,20
7,5563,0.16026442923912543,2.9894433353663635e-05,0.08007937798833746,0.7596262983391839,25,20,20
7,5564,0.1602644292417237,2.989443359824331e-05,0.08008663089402898,0.7596190454306498,25,20,20
7,5565,0.16026442924172626,2.9894950319941306e-05,0.09408091079395912,0.7456247650139951,25,20,20
7,5566,0.16026442925206205,2.9894950560789998e-05,0.09399479135273639,0.7457108844446414,25,20,20
7,5567,0.16026442925206094,2.9894959630239193e-05,0.10796489197469693,0.7317407838136125,25,20,20
7,5568,0.16026442925206094,2.989495963016395e-05,0.10796477612259196,0.7317408996657174,25,20,20
7,5569,0.1602644292520584,2.9894442912756268e-05,0.09397057832919727,0.7457350979758322,25,20,20
7,5570,0.16026442924185869,2.9894442911207773e-05,0.09409696816754744,0.7456087081476832,25,20,20
7,5571,0.16026442924444578,2.9894442911195155e-05,0.09422681162818312,0.7454788646844603,25,20,20
7,5572,0.1602644292444458,2.9894442911197754e-05,0.09422681164253766,0.7454788646701058,25,20,20
7,5573,0.16026442924444584,2.9894442906909423e-05,0.09422023466973649,0.7454854416429113,25,20,20
7,5574,0.14850566191246803,3.028088777170926e-05,0.10303638969080414,0.7484276675089567,25,20,20
7,5575,0.14850566191242265,3.0280887527950135e-05,0.10327996072149777,0.748184096478552,25,20,20
7,5576,0.14850566191237713,3.028088752780219e-05,0.10327749237267864,0.7481865648274166,25,20,20
7,5577,0.14170845638793478,3.028642169830159e-05,0.11007479987699371,0.7481864573133734,25,20,20
7,5578,0.14170845638793472,3.0286421698407863e-05,0.12113271216633162,0.7371285450240351,25,20,20
7,5579,0.14305897203360243,0.00010538987988634811,0.11971069530428645,0.7371249427822251,25,20,20
7,5580,0.14305897203359924,0.00010538987988207035,0.11958124117345148,0.7372543969130674,25,20,20
7,5581,0.1430589720336,0.00010538987988214431,0.1195813295385934,0.7372543085479246,25,20,20
7,5582,0.1430589720335979,0.0001053898708084048,0.10561114610635931,0.7512244919892346,25,20,20
7,5583,0.14305897203101078,0.00010538987080412708,0.1054812198359597,0.7513544182622256,25,20,20
7,5584,0.14333107418436689,0.00010538481729333969,0.10520912315881137,0.7513544178395286,25,20,20
7,5585,0.14333107418436689,0.00010538481729333965,0.10520912207400852,0.7513544189243313,25,20,20
7,5586,0.1260337706728739,7.822934879675793e-05,0.12253828063188273,0.751349719346447,25,20,20
7,5587,0.0993490282933507,7.824795213146376e-05,0.14922294625445395,0.7513497775000643,25,20,20
7,5588,0.09934902829335067,7.824795213139047e-05,0.1488499234891585,0.7517228002653598,25,20,20
7,5589,0.0993490282933507,7.82479521356821e-05,0.14885012073379988,0.751722603020714,25,20,20
7,5590,0.09934902829334989,7.824795213560553e-05,0.14885000284428382,0.7517227209102311,25,20,20
7,5591,0.09934902829334988,7.824795213560296e-05,0.14884780573557388,0.7517249180189409,25,20,20
7,5592,0.09934902829334988,7.824795213549531e-05,0.1377898922459975,0.7627828315085173,25,20,20
7,5593,0.09934902829353201,7.824795213549791e-05,0.13779152226127056,0.7627812014930622,25,20,20
7,5594,0.09934902829353201,7.824795213549791e-05,0.1377915236730184,0.7627812000813147,25,20,20
7,5595,0.0992082260493409,7.824795213040625e-05,0.1379323017362312,0.762781224262298,25,20,20
7,5596,0.09920822604915885,7.824796582505148e-05,0.13793791820201443,0.7627756077830021,25,20,20
7,5597,0.09920822605135987,7.824796582505487e-05,0.14401783616395072,0.7566956898188647,25,20,20
7,5598,0.09920822605135986,7.824796582076321e-05,0.14401763753181854,0.7566958884510016,25,20,20
7,5599,0.09935065999634159,7.824796428825772e-05,0.1438752277617549,0.756695864277616,25,20,20
7,5600,0.09935065999634471,7.824795034895764e-05,0.14386452989516432,0.7567065621581428,25,20,20
7,5601,0.09935065999634551,7.82479503490329e-05,0.1438644992171282,0.7567065928361779,25,20,20
7,5602,0.1063465601788921,7.786149894461049e-05,0.13981139767938225,0.7537641806427813,25,20,20
7,5603,0.10634656017889292,7.786149894468447e-05,0.1398179236464795,0.7537576546756831,25,20,20
7,5604,0.10634656017889287,7.786149894468448e-05,0.1398154983109407,0.7537600800112219,25,20,20
7,5605,0.10634656017889205,7.786149894461054e-05,0.13980889327622437,0.7537666850459391,25,20,20
7,5606,0.10634656017889212,7.78614989489633e-05,0.13993841537999743,0.7536371629421618,25,20,20
7,5607,0.10634656017888892,7.786149894895936e-05,0.13993690815468582,0.7536386701674764,25,20,20
7,5608,0.07265921421560416,7.786153421791447e-05,0.17362411594976968,0.7536388083004071,25,20,20
7,5609,0.07265921421542203,7.786153422220347e-05,0.17362260213770914,0.7536403221126455,25,20,20
7,5610,0.07265921421546756,7.786153422656777e-05,0.17362274683719348,0.7536401774131112,25,20,20
7,5611,0.07265921421546756,7.786153422656781e-05,0.17362274880011785,0.7536401754501868,25,20,20
7,5612,0.07265921421546996,7.786153423078394e-05,0.17362497184380868,0.7536379524064895,25,20,20
7,5613,0.07265921421565204,7.786153423072385e-05,0.17349782282451748,0.7537651014255986,25,20,20
7,5614,0.07265921421547046,7.78615337473559e-05,0.17336798735829542,0.7538949368924858,25,20,20
7,5615,0.07240344722244287,7.786153527481832e-05,0.17362375435727073,0.7538949368850105,25,20,20
7,5616,0.07240344722501399,7.786153527478056e-05,0.17399983038451414,0.7535188608551961,25,20,20
7,5617,0.07240344722501081,7.786153551507138e-05,0.17400422862587683,0.7535144626135962,25,20,20
7,5618,0.07240344722243974,7.786153551089278e-05,0.17362815280135915,0.7538905384406891,25,20,20
7,5619,0.07240344722243969,7.786153551089277e-05,0.17362811463630767,0.7538905766057407,25,20,20
7,5620,0.07240344722243967,7.786153526630921e-05,0.1736214082070768,0.7538972830352162,25,20,20
7,5621,0.07240344721984465,7.78615350216569e-05,0.17361420903256572,0.753904482212567,25,20,20
7,5622,0.07240344721764365,7.786153502165479e-05,0.16754085753748504,0.759977833709849,25,20,20
7,5623,0.07240344721746152,7.786153501736341e-05,0.16753848645063443,0.7599802047968859,25,20,20
7,5624,0.07240344721746152,7.786153501736469e-05,0.16780481762841618,0.7597138736191041,25,20,20
7,5625,0.07240344721746152,7.786153501743734e-05,0.16780478622278003,0.7597139050247403,25,20,20
7,5626,0.07240344721965151,7.786153522376482e-05,0.1740523484762315,0.7534663427688928,25,20,20
7,5627,0.07240344721965151,7.786153522384007e-05,0.17405246291658852,0.7534662283285352,25,20,20
7,5628,0.07240344734448051,7.78615354302435e-05,0.18030258594716148,0.7472161051729274,25,20,20
7,5629,0.05879308271453951,7.788813510039971e-05,0.19391285835867675,0.7472161707916826,25,20,20
7,5630,0.058793082714540305,7.788814901178068e-05,0.19400528797208078,0.7471237411643663,25,20,20
7,5631,0.05879308271454117,7.788814925636291e-05,0.19400971486499663,0.747119314271205,25,20,20
7,5632,0.05879308271454117,7.788814925636422e-05,0.1940097128531615,0.7471193162830403,25,20,20
7,5633,0.05879308272492303,7.788814950524953e-05,0.1937479388733445,0.7473810902522265,25,20,20
7,5634,0.058793082724923826,7.788816341662916e-05,0.19384025266453495,0.7472887764471239,25,20,20
7,5635,0.058793082724927025,7.788816341677844e-05,0.1938403623426646,0.7472886667689909,25,20,20
7,5636,0.05879308272492622,7.788814950539752e-05,0.19374793520143052,0.7473810939241372,25,20,20
7,5637,0.05879308272492942,7.788814950539885e-05,0.19374947572206744,0.7473795534034972,25,20,20
7,5638,0.05879308272497465,7.788816335995555e-05,0.19401680932209586,0.7471122197895688,25,20,20
7,5639,0.05879308272497472,7.78881633599582e-05,0.19401684742431854,0.747112181687346,25,20,20
7,5640,0.08596169398188495,7.786955394589914e-05,0.16684831293092933,0.7471121235332393,25,20,20
7,5641,0.08596169398183973,7.786954009141772e-05,0.16658556534219168,0.7473748711358766,25,20,20
7,5642,0.09982499520971545,7.784293883691097e-05,0.1527223563345682,0.7473748055168792,25,20,20
7,5643,0.0998139075130353,7.78429391797733e-05,0.152733444026754,0.7473748055210307,25,20,20
7,5644,0.0998139075130353,7.784293917984986e-05,0.15273814477499237,0.7473701047727923,25,20,20
7,5645,0.0998139075130353,7.784293917984985e-05,0.15273822666621648,0.7473700228815682,25,20,20
7,5646,0.09981390750265345,7.784293893096196e-05,0.1527338980321155,0.7473743515262997,25,20,20
7,5647,0.12323922774628202,7.782611805791304e-05,0.12930849765077124,0.7473744484848888,25,20,20
7,5648,0.12323919402116645,7.782611780904278e-05,0.12930073345716722,0.747382246403857,25,20,20
7,5649,0.12323919402116645,7.782611780911805e-05,0.12930081453842887,0.7473821653225954,25,20,20
7,5650,0.146405000843612,3.48847158109639e-06,0.1062093946457476,0.7473821160390594,25,20,20
7,5651,0.146405000843612,3.4884715852369603e-06,0.10621398718598392,0.7473775234988189,25,20,20
7,5652,0.1464050008436112,3.4884576738560376e-06,0.1061215595355043,0.7474699511632107,25,20,20
7,5653,0.18029023676665676,3.4884224504779365e-06,0.07223646214592713,0.7474698126649655,25,20,20
7,5654,0.18632334500083073,3.4884256508443424e-06,0.06620335388598841,0.7474698126875299,25,20,20
7,5655,0.18632334500082753,3.4884256507677337e-06,0.06620173031167803,0.7474714362618436,25,20,20
7,5656,0.18613922908841793,3.488422382335269e-06,0.06638584624271092,0.7474714362464888,25,20,20
7,5657,0.19831694046368611,1.9690954944029152e-06,0.05420953123249947,0.7474715592083201,25,20,20
7,5658,0.19831694046364143,1.9690954943300153e-06,0.054211638901310005,0.7474694515395547,25,20,20
7,5659,0.19831694046145143,1.969095287925949e-06,0.0479617985104764,0.7537192919327848,25,20,20
7,5660,0.19831694046145146,1.9690952837848483e-06,0.04796820606075939,0.7537128843825057,25,20,20
7,5661,0.19831694034700342,1.9690950816738517e-06,0.041722836970338954,0.7599582535875763,25,20,20
7,5662,0.19784405350883996,1.969101037288103e-06,0.042195723776181616,0.7599582536139412,25,20,20
7,5663,0.1987111082517722,1.93503479378327e-06,0.041328865460651176,0.7599580912527828,25,20,20
7,5664,0.1987111082517722,1.93503479370801e-06,0.04132886542003195,0.7599580912934022,25,20,20
7,5665,0.19871110825177227,1.935034793709331e-06,0.04133048838547095,0.7599564683279632,25,20,20
7,5666,0.1987111082517722,1.9350347935601387e-06,0.04132392356201995,0.7599630331514143,25,20,20
7,5667,0.1987111082413913,1.9350347935593352e-06,0.04131931112282152,0.7599676456009936,25,20,20
7,5668,0.19871110824139127,1.9350347935443673e-06,0.041446473861780665,0.7598404828620346,25,20,20
7,5669,0.19871110824139518,1.935034802125862e-06,0.04144719193241274,0.75983976479139,25,20,20
7,5670,0.19871110824139523,1.9350348064174987e-06,0.04144730671006135,0.759839650013737,25,20,20
7,5671,0.1987721986407988,1.9351269648547336e-06,0.04138621536974906,0.7598396508624874,25,20,20
7,5672,0.19919834348714002,1.929952156517381e-06,0.040960100369992834,0.7598396261907108,25,20,20
7,5673,0.19919834348714313,1.92996600259472e-06,0.04122740689150708,0.7595723196553473,25,20,20
7,5674,0.19919834348714394,1.9299660068863114e-06,0.04122756419989559,0.7595721623469537,25,20,20
7,5675,0.19923945960783962,1.929959424221363e-06,0.04118654506851315,0.7595720653642232,25,20,20
7,5676,0.1992394596078428,1.9299594242979522e-06,0.041186629573910345,0.7595719808588227,25,20,20
7,5677,0.22837512147090944,1.1433408620186535e-10,0.012052960300965945,0.7595719181137907,25,20,20
7,5678,0.22837512147090616,1.1433408356004767e-10,0.012052937952095633,0.7595719404626642,25,20,20
7,5679,0.22837512147090616,1.143340848585893e-10,0.012052939386261905,0.7595719390284978,25,20,20
7,5680,0.22837512147090297,1.1433400829192364e-10,0.012052969325819958,0.759571909088943,25,20,20
7,5681,0.22837512147090297,1.1433400831428904e-10,0.012053048868270001,0.7595718295464929,25,20,20
7,5682,0.22873533382191158,5.180810654768702e-09,0.011692807288053775,0.7595718537092239,25,20,20
7,5683,0.22873533382191166,5.180810579499781e-09,0.011692806701012463,0.7595718542962652,25,20,20
7,5684,0.22873533382191166,5.180810580798323e-09,0.011692694344541354,0.7595719666527363,25,20,20
7,5685,0.22873533382191166,5.1808105820968645e-09,0.011692580600632375,0.7595720803966454,25,20,20
7,5686,0.22823609846387996,5.5519474468495e-09,0.012191813905431345,0.7595720820787413,25,20,20
7,5687,0.22823609846387988,5.5517028646281244e-09,0.012191843477207207,0.75957205250721,25,20,20
7,5688,0.22162540320852436,1.4234461956797417e-08,0.018801360841974212,0.7595732217150395,25,20,20
7,5689,0.2216254032085699,1.4234466248420877e-08,0.01879685829653788,0.7595777242604259,25,20,20
7,5690,0.22162540320856672,1.4220615880759885e-08,0.01852941094070804,0.7598451716301093,25,20,20
7,5691,0.22162540320856672,1.4220615879485534e-08,0.01852280536274322,0.7598517772080742,25,20,20
7,5692,0.22162540320856672,1.4220615802927728e-08,0.018518104951517098,0.7598564776193002,25,20,20
7,5693,0.1875600878498067,9.14795991832971e-09,0.052583449513446956,0.7598564534887855,25,20,20
7,5694,0.15854035529080499,9.208374035595217e-09,0.07851208480159783,0.7629475506992223,25,20,20
7,5695,0.15854035529080418,9.20836545282564e-09,0.07851145478460504,0.7629481807162246,25,20,20
7,5696,0.15854035529080412,9.208365450203328e-09,0.07851361389633923,0.7629460216044903,25,20,20
7,5697,0.15854035529080412,9.208369741823943e-09,0.07851375536257382,0.7629458801382515,25,20,20
7,5698,0.151304447009367,7.031106132706122e-10,0.08574992470626037,0.762945627581262,25,20,20
7,5699,0.15130444700936704,7.131992737689779e-10,0.09680609254435917,0.7518894597330745,25,20,20
7,5700,0.15130444700936704,7.131992724936128e-10,0.09680601405230767,0.7518895382251258,25,20,20
7,5701,0.14552384525048007,1.533177422243795e-06,0.1025848314675447,0.751889790104553,25,20,20
7,5702,0.17237126197384328,7.151280215443068e-10,0.07573918284347296,0.7518895544675551,25,20,20
7,5703,0.1723712619738425,7.151237438108538e-10,0.07560968033733345,0.7520190569736995,25,20,20
7,5704,0.1723712619738425,7.151237438100478e-10,0.0756096802565789,0.7520190570544542,25,20,20
7,5705,0.1723712619738425,7.1512374510778e-10,0.07560979414503677,0.7520189431659962,25,20,20
7,5706,0.1723712619738425,7.151237450622407e-10,0.07560971456594441,0.7520190227450887,25,20,20
7,5707,0.17250221803103852,6.22963854418611e-10,0.07547875945709226,0.7520190218889049,25,20,20
7,5708,0.1725022180310385,6.229638543960274e-10,0.07548528396725464,0.7520124973787425,25,20,20
7,5709,0.1725022180310384,6.128751199300419e-10,0.06443153768314798,0.763066243672938,25,20,20
7,5710,0.1725022180310376,6.128751186097437e-10,0.06442491951593805,0.7630728618401487,25,20,20
7,5711,0.17250221803103444,6.131154109746498e-10,0.06442692036635468,0.7630708609894952,25,20,20
7,5712,0.17250221803103447,6.13115409676108e-10,0.06442708206129819,0.7630706992945515,25,20,20
7,5713,0.17250221803103447,6.131154849450291e-10,0.06442704866825906,0.7630707326875905,25,20,20
7,5714,0.1464685745045787,4.9554009902280547e-08,0.09046144077789274,0.7630699351635185,25,20,20
7,5715,0.14652056947071926,4.955247741915928e-08,0.09040944580569064,0.7630699351711128,25,20,20
7,5716,0.13737584353327523,4.9622568288477844e-08,0.09955310497184405,0.7630710018723126,25,20,20
7,5717,0.13737584353327528,4.9622568363770265e-08,0.09955299031475234,0.7630711165294041,25,20,20
7,5718,0.1495174169468932,6.883133164626063e-08,0.08741131933150356,0.7630711948902715,25,20,20
7,5719,0.15029671565071961,5.492688405668686e-08,0.08663208070694609,0.7630711487154501,25,20,20
7,5720,0.15029671565071967,5.492688413062618e-08,0.08663675550856242,0.7630664739138338,25,20,20
7,5721,0.15029671565072047,5.4926884205914406e-08,0.08663907521430207,0.7630641542080933,25,20,20
7,5722,0.15029671565072128,5.49268842812167e-08,0.08664572507707077,0.7630575043453238,25,20,20
7,5723,0.17337785287492335,5.808546977281442e-09,0.06356475511094486,0.7630573862055842,25,20,20
7,5724,0.17337785287492335,5.808546978556806e-09,0.06356467240286587,0.7630574689136636,25,20,20
7,5725,0.17337785287492335,5.808547052527535e-09,0.06356478864774509,0.7630573526687842,25,20,20
7,5726,0.17337785287492413,5.808551343846522e-09,0.06356134557031776,0.7630607957462062,25,20,20
7,5727,0.17337785287492413,5.808551493069398e-09,0.0635613456221895,0.7630607956943344,25,20,20
7,5728,0.17337785287492413,5.808551417778109e-09,0.06356126512729367,0.7630608761892304,25,20,20
7,5729,0.17337785287488178,5.808551417077807e-09,0.06356767236349964,0.7630544689530667,25,20,20
7,5730,0.173377852874881,5.808551343095305e-09,0.06356572232077204,0.7630564189957952,25,20,20
7,5731,0.18232719704252737,5.738460993304825e-09,0.05461744492415276,0.7630553522948587,25,20,20
7,5732,0.1823271970425266,5.738456701668064e-09,0.05461736211385532,0.7630554351051616,25,20,20
7,5733,0.18232719704252656,5.738216409792137e-09,0.054610799960041125,0.7630619972592159,25,20,20
7,5734,0.18239759130521618,5.73816105744882e-09,0.05454040571244764,0.7630619972441751,25,20,20
7,5735,0.18239759130521618,5.73815676712594e-09,0.05454026483209653,0.7630621381245306,25,20,20
7,5736,0.18239759130521624,5.738156768423268e-09,0.05454026377345226,0.7630621391831748,25,20,20
7,5737,0.18239759130521616,5.738160984316239e-09,0.05454026604832785,0.7630621369082953,25,20,20
7,5738,0.18239759130521613,5.738165199141012e-09,0.05454242969961154,0.7630599732570071,25,20,20
7,5739,0.19918525438806772,5.738321535544128e-09,0.03775476673809011,0.7630599731355211,25,20,20
7,5740,0.19918525438806764,5.7383214602516966e-09,0.03775465083368679,0.7630600890399246,25,20,20
7,5741,0.18758490517331264,4.141144007460085e-07,0.049354590765833796,0.7630600899464529,25,20,20
7,5742,0.1875849051733126,4.141144008200029e-07,0.0493545573567239,0.7630601233555627,25,20,20
7,5743,0.18758490517331253,4.141143965283885e-07,0.049354474557218087,0.7630602061550731,25,20,20
7,5744,0.18758490517331253,4.141143922385558e-07,0.04934988555630123,0.763064795155994,25,20,20
7,5745,0.15279649426332279,4.1477481440451577e-07,0.08357528352213758,0.7636278074397252,25,20,20
7,5746,0.15279649426332598,4.147748144798083e-07,0.0835753673502585,0.7636277236116008,25,20,20
7,5747,0.18605416563985738,4.3329351747255045e-07,0.05087565419704168,0.7630697468695838,25,20,20
7,5748,0.18605417259213677,4.333050128752421e-07,0.057897079851837036,0.7560483142510133,25,20,20
7,5749,0.186054172592136,4.3330525739360844e-07,0.057899593634374594,0.7560458004682319,25,20,20
7,5750,0.1860541725923149,4.3330525310398356e-07,0.05789778543590268,0.7560476086665291,25,20,20
7,5751,0.1860541725923157,4.3330525310484896e-07,0.057902033532259624,0.7560433605701716,25,20,20
7,5752,0.18605417259236046,4.333054935015655e-07,0.05789932796812385,0.7560460661340223,25,20,20
7,5753,0.18605417259236046,4.333054935028856e-07,0.05789929458420396,0.7560460995179424,25,20,20
7,5754,0.186304924926885,4.141447879942508e-07,0.05764817601036611,0.7560464849179611,25,20,20
7,5755,0.18630492492688502,4.141447879956164e-07,0.057648213423061846,0.7560464475052653,25,20,20
7,5756,0.18630492492683953,4.141445433064202e-07,0.05764647423249551,0.7560481866961218,25,20,20
7,5757,0.18630492492683956,4.141445433412002e-07,0.058017298590149174,0.7556773623384682,25,20,20
7,5758,0.16712849465154167,3.128944714636407e-05,0.07715760280356614,0.7556826130977454,25,20,20
7,5759,0.1671284946515409,3.128944714214804e-05,0.07715456012231407,0.7556856557790026,25,20,20
7,5760,0.1671284946515409,3.128944689755569e-05,0.07714972863217104,0.7556904872693901,25,20,20
7,5761,0.16712848769930347,3.128943540640458e-05,0.0704997115895314,0.7623405112757589,25,20,20
7,5762,0.1671284876991214,3.128943540640279e-05,0.0707612464556897,0.7620789764097826,25,20,20
7,5763,0.16712848769912217,3.128944934138193e-05,0.07040046409834176,0.7624397587531946,25,20,20
7,5764,0.1727850458956141,3.088115062268311e-05,0.06474431509437875,0.7624397578593844,25,20,20
7,5765,0.17278504589556903,3.0881150618434105e-05,0.06437347361267334,0.7628105993411394,25,20,20
7,5766,0.17265797120130497,3.0881090163547463e-05,0.06759163329286833,0.759719514415663,25,20,20
7,5767,0.17265797120130488,3.0881090163472674e-05,0.06732538256835008,0.7599857651401812,25,20,20
7,5768,0.17265797120130494,3.088109016354924e-05,0.0673276581224352,0.7599834895860961,25,20,20
7,5769,0.17265797120130494,3.088109016355186e-05,0.06732766000898409,0.7599834876995472,25,20,20
7,5770,0.1785995673366358,3.0881014395067174e-05,0.061386063962011246,0.7599834876869578,25,20,20
7,5771,0.17881075485240444,3.087570797589109e-05,0.061174929810674676,0.759983439628945,25,20,20
7,5772,0.1788107548524468,3.087572191654187e-05,0.06118309187162581,0.7599752775540106,25,20,20
7,5773,0.17881075485244685,3.087572192075769e-05,0.06118771294639631,0.7599706564792359,25,20,20
7,5774,0.1788107548524469,3.087572192083296e-05,0.06118779506514649,0.7599705743604857,25,20,20
7,5775,0.17881075485245002,3.0875721920908204e-05,0.06119431688454068,0.7599640525410882,25,20,20
7,5776,0.17860980534909282,3.087599307421645e-05,0.061395241119840654,0.7599640775379922,25,20,20
7,5777,0.1786098053490896,3.087599307414121e-05,0.06138871880139995,0.7599705998564361,25,20,20
7,5778,0.17860980534908968,3.087599307846478e-05,0.06176174161433349,0.7595975770434983,25,20,20
7,5779,0.17860980534908968,3.08759930827551e-05,0.06176182372313029,0.7595974949346973,25,20,20
7,5780,0.17860980534944138,3.087599308335637e-05,0.06176012860617739,0.7595991900512977,25,20,20
7,5781,0.17860980534944138,3.0875993083432225e-05,0.062133117730656225,0.7592262009268188,25,20,20
7,5782,0.1786098053494414,3.087599308335696e-05,0.06213307897917341,0.7592262396783016,25,20,20
7,5783,0.17860980535203677,3.087599309193844e-05,0.062133289803422725,0.7592260288514484,25,20,20
7,5784,0.1692651105963619,3.1324355660790736e-05,0.07147751706032746,0.7592260479876497,25,20,20
7,5785,0.16926511059636265,3.132435565646719e-05,0.07110456772409435,0.7595989973238864,25,20,20
7,5786,0.16926511059636273,3.13243556607562e-05,0.07110006317561915,0.7596035018723574,25,20,20
7,5787,0.1705349816846695,4.492596179584968e-07,0.0696991909294628,0.7597653781262496,25,20,20
7,5788,0.170534981687265,4.492596264651844e-07,0.06969722651105345,0.7597673425420548,25,20,20
7,5789,0.17053498168726502,4.4925962224988837e-07,0.06982655145268943,0.759638017600423,25,20,20
7,5790,0.17053498168867542,4.493664523587518e-07,0.06982659338003781,0.759637975564834,25,20,20
7,5791,0.17053498168867542,4.4936644814403333e-07,0.06991418355521266,0.7595503853896634,25,20,20
7,5792,0.17988190799067752,1.0038238468968244e-09,0.060567725185259554,0.7595503658202386,25,20,20
7,5793,0.17988190799067752,1.0038238468973123e-09,0.06056768210107253,0.7595504089044257,25,20,20
7,5794,0.18123090144620208,1.0760676636060191e-09,0.059224109083172174,0.759544988394558,25,20,20
7,5795,0.1812309014461597,1.0621354407503485e-09,0.05958896740612896,0.7591801300855756,25,20,20
7,5796,0.1812309014463188,1.0621354392634368e-09,0.0652501308703525,0.7535189666211929,25,20,20
7,5797,0.18123090144649956,1.0759783955052268e-09,0.06544633555067052,0.7533227619268511,25,20,20
7,5798,0.1812309014464995,1.07597410516581e-09,0.06544614027910466,0.7533229571984215,25,20,20
7,5799,0.18072713259007994,1.3465739281658452e-09,0.06594988364222264,0.7533229824211233,25,20,20
7,5800,0.18072713259007686,1.3465654249801047e-09,0.06557694320373944,0.7536959228596181,25,20,20
7,5801,0.18072713259007686,1.346565425003275e-09,0.06557705614195758,0.7536958099213998,25,20,20
7,5802,0.18072713259007686,1.3465654250036824e-09,0.06557701360315525,0.7536958524602025,25,20,20
7,5803,0.18072713259007686,1.3465654250268588e-09,0.06557693453756128,0.7536959315257963,25,20,20
7,5804,0.18072713258748144,1.3465568409466612e-09,0.06557444607296797,0.7536984199929936,25,20,20
7,5805,0.19864424974067935,7.688616884269204e-10,0.047824458192231606,0.753531291298227,25,20,20
7,5806,0.1986442497404985,7.550187310643425e-10,0.04753607507368742,0.753819674430795,25,20,20
7,5807,0.1986442497404993,7.552631957394471e-10,0.04753311086721622,0.7538226386370209,25,20,20
7,5808,0.19519300244731183,5.131928929009571e-09,0.0509843782290315,0.7538226141917274,25,20,20
7,5809,0.19519300246579543,5.025132250613257e-09,0.050984348931200144,0.7538226435778719,25,20,20
7,5810,0.19519300246579538,5.025132174272146e-09,0.050854943191480685,0.7539520493175915,25,20,20
7,5811,0.19519300246579457,5.0111971600657245e-09,0.05084732579002577,0.7539596667329823,25,20,20
7,5812,0.19519300246579457,5.0111971600425584e-09,0.050847325866527224,0.7539596666564808,25,20,20
7,5813,0.19519300359510003,5.013064432705993e-09,0.05075337794101961,0.7540536134508156,25,20,20
7,5814,0.1951930037144744,5.024554911947188e-09,0.05777620849768616,0.7470307827632844,25,20,20
7,5815,0.19519300371447443,5.024554913239098e-09,0.05777626286597574,0.7470307283949945,25,20,20
7,5816,0.19519300371447756,5.024554915875511e-09,0.05777630675027999,0.7470306845106872,25,20,20
7,5817,0.19519300371447687,5.024554989837858e-09,0.05778085569861362,0.7470261355623542,25,20,20
7,5818,0.19406197454849658,4.9400723482372035e-09,0.058911883730702955,0.7470261367807278,25,20,20
7,5819,0.18293101670365114,1.2214878155622933e-08,0.06998635779645579,0.7470826132850147,25,20,20
7,5820,0.18293101670365425,1.2214878155605656e-08,0.06998327937203987,0.7470856917094275,25,20,20
7,5821,0.18293101670365478,1.221488094925173e-08,0.08395315194104792,0.733115819140416,25,20,20
7,5822,0.18293101670365158,1.2214876656782218e-08,0.08394848499467661,0.7331204860867948,25,20,20
7,5823,0.18293101658168484,1.220337767085758e-08,0.07692542522443813,0.7401435459904989,25,20,20
7,5824,0.18293101658152583,1.220337774633631e-08,0.07126587991495188,0.7458030913001441,25,20,20
7,5825,0.18293101658152583,1.220337774765722e-08,0.0712657655567234,0.7458032056583727,25,20,20
7,5826,0.18293101658152502,1.2203133132439295e-08,0.07126402788970061,0.7458049433256408,25,20,20
7,5827,0.1829310165815219,1.2203137348099419e-08,0.07126900929674924,0.7457999619185911,25,20,20
7,5828,0.14440846904629115,1.220345046313702e-08,0.10979155441337576,0.7457999643368831,25,20,20
7,5829,0.1443922584365635,1.2203148709180464e-08,0.10980763185139582,0.7458000975088923,25,20,20
7,5830,0.1443922584365635,1.2203148635209597e-08,0.10980759397021593,0.7458001353900724,25,20,20
7,5831,0.1443922584365635,1.2203148635231966e-08,0.10980759399455793,0.7458001353657303,25,20,20
7,5832,0.1443922584365635,1.2203148635231162e-08,0.10980759391380332,0.7458001354464849,25,20,20
7,5833,0.1443922584365667,1.2203148710542716e-08,0.10980921747574887,0.7457985118845362,25,20,20
7,5834,0.14439225843656994,1.2203148637309574e-08,0.10944245315300999,0.746165276207272,25,20,20
7,5835,0.1443922584365699,1.2203148560722283e-08,0.10944083156799739,0.7461668977922846,25,20,20
7,5836,0.14834713823758952,7.555938917568792e-09,0.10548595718387047,0.7461668970226014,25,20,20
7,5837,0.14834713823777249,7.55594321133074e-09,0.10549067228306967,0.7461621819232152,25,20,20
7,5838,0.14835728145324067,7.555721982781617e-09,0.10548052993378333,0.7461621810572545,25,20,20
7,5839,0.14835728160114556,7.569906641735455e-09,0.10549070366887449,0.7461520071600738,25,20,20
7,5840,0.14835728160114556,7.569906640392984e-09,0.10549070305882578,0.7461520077701225,25,20,20
7,5841,0.14835728160114556,7.569906641690713e-09,0.10549078213674068,0.7461519286922075,25,20,20
7,5842,0.14835728160114633,7.569906716924196e-09,0.10549722394314283,0.7461454868858045,25,20,20
7,5843,0.1483572816011503,7.569911082328417e-09,0.10549942398706795,0.7461432868418711,25,20,20
7,5844,0.1483572816011471,7.569911007040029e-09,0.10549784097037902,0.7461448698585634,25,20,20
7,5845,0.1483572816011471,7.569911005742687e-09,0.10549784154623724,0.7461448692827052,25,20,20
7,5846,0.1483572816011471,7.569911008382889e-09,0.10549792124447605,0.7461447895844664,25,20,20
7,5847,0.14835728160114708,7.569911009656901e-09,0.10550258251876671,0.7461401283101757,25,20,20
7,5848,0.14835728160114703,7.569911009656492e-09,0.10550265699049666,0.7461400538384457,25,20,20
7,5849,0.14835728160114703,7.569911083605405e-09,0.10549807103107758,0.7461446397978648,25,20,20
7,5850,0.1483572816011438,7.569911082284085e-09,0.10549173379211195,0.7461509770368336,25,20,20
7,5851,0.1483572816011438,7.569911080963172e-09,0.10549822585775358,0.7461444849711918,25,20,20
7,5852,0.14835728160114303,7.569915296633248e-09,0.10549822676139589,0.7461444840675462,25,20,20
7,5853,0.1483572816011438,7.56991537319985e-09,0.10549834408542205,0.746144366743519,25,20,20
7,5854,0.1483572816011438,7.569915447171055e-09,0.10549834475185735,0.7461443660770836,25,20,20
7,5855,0.14835728160114303,7.569915371902596e-09,0.10549822952646393,0.7461444813024779,25,20,20
7,5856,0.1483572816011431,7.569919738808393e-09,0.10549838690612398,0.7461443239228133,25,20,20
7,5857,0.14823042189955543,7.573044339760594e-09,0.10562524660419344,0.746144323923207,25,20,20
7,5858,0.1482304218995514,7.573039975676473e-09,0.10562304657056414,0.7461465239568446,25,20,20
7,5859,0.1482304218995514,7.573039900429977e-09,0.10562763419243364,0.7461419363349752,25,20,20
7,5860,0.14823042189955143,7.573039973091153e-09,0.10563415787133316,0.7461354126560756,25,20,20
7,5861,0.147335251074817,7.581834151656655e-09,0.10652933020056554,0.7461354111427831,25,20,20
7,5862,0.1473352510748169,7.581829860707776e-09,0.10652280478260304,0.7461419365607501,25,20,20
7,5863,0.14733525107482012,7.581830009947767e-09,0.10652292008977803,0.7461418212535719,25,20,20
7,5864,0.14733525107482018,7.5818300112448e-09,0.10652761925313291,0.746137122090217,25,20,20
7,5865,0.14733525107482018,7.581830011222436e-09,0.10652750679136767,0.7461372345519822,25,20,20
7,5866,0.14733525107482015,7.58182564695765e-09,0.10652742469770692,0.7461373166456475,25,20,20
7,5867,0.147335251074817,7.581825497695134e-09,0.10653201086757205,0.7461327304757855,25,20,20
7,5868,0.147335251074817,7.58182978798861e-09,0.10653220602311914,0.7461325353202344,25,20,20
7,5869,0.14733525107481704,7.581829788010977e-09,0.10653228655195673,0.7461324547913967,25,20,20
7,5870,0.14733525107482023,7.581829863279866e-09,0.10653228232861846,0.7461324590147317,25,20,20
7,5871,0.14733525107482015,7.58182986328017e-09,0.10652766158544422,0.7461370797579059,25,20,20
7,5872,0.14733525107482096,7.58182993592631e-09,0.10652982543263606,0.7461349159107132,25,20,20
7,5873,0.147335251074821,7.581830009889044e-09,0.10653444620049254,0.7461302951428566,25,20,20
7,5874,0.14733525107482096,7.581830008599689e-09,0.10652986023555783,0.7461348811077915,25,20,20
7,5875,0.14733525107482093,7.581825715664793e-09,0.1065296629791876,0.7461350783641659,25,20,20
7,5876,0.15855057956964833,3.739703790189185e-11,0.09537084352253056,0.7460785768704241,25,20,20
7,5877,0.15855057958000598,5.1305697367282984e-11,0.08149340711550286,0.7599560132531855,25,20,20
7,5878,0.15855057958000598,5.130991372502687e-11,0.08148699959560028,0.7599624207730836,25,20,20
7,5879,0.15855057958000598,5.1309912426874926e-11,0.08148707817430231,0.7599623421943816,25,20,20
7,5880,0.15855057958000607,5.130998901705219e-11,0.08148249060466949,0.7599669297640145,25,20,20
7,5881,0.1585505795800516,5.1314280464796305e-11,0.08148423859743424,0.7599651817711996,25,20,20
7,5882,0.15855057958005153,5.131420647009079e-11,0.08148420376863877,0.7599652165999952,25,20,20
7,5883,0.15855057958005156,5.131420707995083e-11,0.08149061301730857,0.7599588073513253,25,20,20
7,5884,0.15855057958005475,8.434113998214791e-10,0.08162581102058106,0.7598236085559524,25,20,20
7,5885,0.15855057958005483,8.434156148695931e-10,0.08162592651329759,0.7598234930632317,25,20,20
7,5886,0.15855057959036775,8.436586082167642e-10,0.08189257352980843,0.7595568460361649,25,20,20
7,5887,0.15855057959037086,8.436543913473485e-10,0.0821587244434113,0.7592906951225632,25,20,20
7,5888,0.15855057958024077,8.436559700664522e-10,0.0819005764008865,0.7595488431752164,25,20,20
7,5889,0.1585505816271666,5.211365227994462e-09,0.0819297094964568,0.7595197036650102,25,20,20
7,5890,0.1585505814792585,5.197180493771678e-09,0.0819195323069015,0.7595298810166581,25,20,20
7,5891,0.15855058147926243,9.117361637795197e-09,0.11845159853850422,0.7229978108648702,25,20,20
7,5892,0.15855058147926243,9.117365927424188e-09,0.11845812398035838,0.7229912854230119,25,20,20
7,5893,0.1585505814793078,9.11760546433809e-09,0.11858179488057691,0.7228676145225085,25,20,20
7,5894,0.15855069682409478,9.1175495172422e-09,0.11858167954357626,0.7228676145147789,25,20,20
7,5895,0.1585506968240948,9.11754530288213e-09,0.11857515613977633,0.722874137918583,25,20,20
7,5896,0.158550730455428,9.131451697758783e-09,0.11869413288948319,0.7227551275236366,25,20,20
7,5897,0.1348027810724324,1.0349541927509741e-07,0.14244108894862606,0.7227560264835222,25,20,20
7,5898,0.1348027810724324,1.034954193477708e-07,0.14244112376030507,0.7227559916718432,25,20,20
7,5899,0.13480278106207422,1.0348150789463696e-07,0.1423486895714162,0.7228484258850016,25,20,20
7,5900,0.13480278106207103,1.0348150774405408e-07,0.14234857930779568,0.7228485361486255,25,20,20
7,5901,0.1347356886525165,1.034815175037712e-07,0.14241580575282875,0.7228484021131375,25,20,20
7,5902,0.13473568866675978,9.956401430208342e-08,0.1458096356958235,0.7194545760734025,25,20,20
7,5903,0.13473568866675975,9.956401859242881e-08,0.14580507509913448,0.7194591366700872,25,20,20
7,5904,0.1347356886667142,9.95640142996378e-08,0.14580332370927895,0.7194608880599925,25,20,20
7,5905,0.1347356886667142,9.956401422434658e-08,0.14580320839764158,0.71946100337163,25,20,20
7,5906,0.13473568866671506,9.956401000801432e-08,0.14580534595421676,0.7194588658150584,25,20,20
7,5907,0.13473568866671198,9.956401422488376e-08,0.14553919504049576,0.719725016728778,25,20,20
7,5908,0.13473568866652907,9.956376972678897e-08,0.145530756655543,0.719733455114158,25,20,20
7,5909,0.1347356886665746,9.956376980341934e-08,0.145533039841917,0.7197311719277384,25,20,20
7,5910,0.13473568866657382,9.956376972808665e-08,0.14553076155087485,0.7197334502187813,25,20,20
7,5911,0.13473569294387136,9.519415923584906e-08,0.11014679778078774,0.7551174140811817,25,20,20
7,5912,0.09725846097302401,9.521013463464177e-08,0.11691573158475264,0.7858257122320886,25,20,20
7,5913,0.09725846097302399,9.521013041831901e-08,0.11691565023755164,0.7858257935792939,25,20,20
7,5914,0.09725846097305692,9.521048441396013e-08,0.12797350320929832,0.77476794060716,25,20,20
7,5915,0.09725846097305692,9.521048441655603e-08,0.12796689887190463,0.774774544944554,25,20,20
7,5916,0.09725846097305692,9.521048433996701e-08,0.12796693222962607,0.7747745115868325,25,20,20
7,5917,0.09725756436532187,9.521062616337382e-08,0.1279678288778099,0.7747745115462417,25,20,20
7,5918,0.097185116889105,9.520908915290284e-08,0.12804027635570595,0.7747745115460997,25,20,20
7,5919,0.09333817870642305,9.5368927953885e-08,0.13188717122470564,0.7747745546999437,25,20,20
7,5920,0.09333817870624332,9.536892366275874e-08,0.13197470372661818,0.7746870221982151,25,20,20
7,5921,0.09333817870624332,9.536891937116674e-08,0.13197458752340563,0.774687138401432,25,20,20
7,5922,0.09207719589875793,9.534676213819439e-08,0.12395060628985625,0.7839721024646239,25,20,20
7,5923,0.09207719589871241,9.53467621381942e-08,0.1239439860988734,0.7839787226556523,25,20,20
7,5924,0.09207718842493166,9.534676214321897e-08,0.11939918080411306,0.7885235354241934,25,20,20
7,5925,0.09207718842493166,9.534676214064708e-08,0.11939910115261432,0.788523615075692,25,20,20
7,5926,0.09207718842493166,9.534676214196718e-08,0.11939909914077922,0.788523617087527,25,20,20
7,5927,0.0920771547935985,9.533285582235945e-08,0.11928020544474581,0.7886425444288002,25,20,20
7,5928,0.09692580053931601,7.718640959172708e-06,0.11442328775210253,0.7886431930676224,25,20,20
7,5929,0.09692580053928307,7.718640605252326e-06,0.1033719584938055,0.7996945223263059,25,20,20
7,5930,0.09692580054966356,7.71864060540291e-06,0.10337868749034232,0.7996877933193887,25,20,20
7,5931,0.09692580054966043,7.71784850821281e-06,0.10324347543715406,0.7998230061646774,25,20,20
7,5932,0.0969258005496636,7.717848512503721e-06,0.10325000465818217,0.7998164769436416,25,20,20
7,5933,0.09116247816464122,7.717924262616994e-06,0.109013326962069,0.7998164769490276,25,20,20
7,5934,0.09116247816464124,7.717924262692285e-06,0.10901552654712056,0.799814277363976,25,20,20
7,5935,0.09116247816464128,7.717924266908146e-06,0.10902008760188768,0.7998097163092046,25,20,20
7,5936,0.09116247816464128,7.717924266908125e-06,0.10901997514012245,0.79980982877097,25,20,20
7,5937,0.09116247816464128,7.717924266834176e-06,0.10901989409417848,0.7998099098169139,25,20,20
7,5938,0.09116247816459663,7.717924023080296e-06,0.10889622229069505,0.7999335816206857,25,20,20
7,5939,0.09116247816459744,7.717924023007678e-06,0.10889156112134621,0.7999382427900339,25,20,20
7,5940,0.09116247816459659,7.717924022932368e-06,0.1088892812623764,0.7999405226490047,25,20,20
7,5941,0.09116247816459654,7.717924018641239e-06,0.1088845796999232,0.7999452242114623,25,20,20
7,5942,0.0911627156617604,7.740306166734076e-06,0.10895181188118101,0.7998777321508928,25,20,20
7,5943,0.09116271566176361,7.74030616688459e-06,0.10895192776193977,0.7998776162701308,25,20,20
7,5944,0.09116271566176286,7.740306166885891e-06,0.10895002401590613,0.7998795200161649,25,20,20
7,5945,0.09116271566175965,7.740306166735331e-06,0.10894990670100163,0.7998796373310728,25,20,20
7,5946,0.09711725132115502,7.740228857148727e-06,0.10299537113160348,0.7998796373183843,25,20,20
7,5947,0.09711725132115502,7.740228857072172e-06,0.10298876637731479,0.7998862420726731,25,20,20
7,5948,0.09711725132115821,7.740228861437787e-06,0.1029888015570883,0.799886206892892,25,20,20
7,5949,0.09711725132375346,7.74022887002004e-06,0.10299355188668219,0.7998814565606943,25,20,20
7,5950,0.09711725132379578,7.740228865730452e-06,0.1029870519000005,0.799887956547338,25,20,20
7,5951,0.09711725132379581,7.740228865733093e-06,0.10298707954787993,0.7998879288994586,25,20,20
7,5952,0.09226828718437692,3.7011965896832765e-07,0.10784404125728778,0.7998873014386776,25,20,20
7,5953,0.09226828718433139,3.701196588917156e-07,0.10784389671130395,0.7998874459847071,25,20,20
7,5954,0.09226828718433223,3.7011965904226463e-07,0.10784706016181594,0.7998842825341942,25,20,20
7,5955,0.13176084749954145,3.47734939215155e-07,0.06835452594655492,0.7998842788189647,25,20,20
7,5956,0.13176084749954226,3.477349392152012e-07,0.06835689802217926,0.7998819067433396,25,20,20
7,5957,0.0978477801514565,6.714952362853582e-07,0.10226964116012434,0.7998819071931831,25,20,20
7,5958,0.0978477801514565,6.714952362853814e-07,0.10226964120349873,0.7998819071498088,25,20,20
7,5959,0.09784778015145967,6.714954792809967e-07,0.10253599312925196,0.7996155552238092,25,20,20
7,5960,0.09784778015145967,6.714954792796982e-07,0.10253599369606256,0.7996155546569986,25,20,20
7,5961,0.09784778015145966,6.714954792044062e-07,0.10253587780868387,0.799615670544377,25,20,20
7,5962,0.09784777932475887,4.183017664109777e-07,0.06266397767989172,0.8394878246935826,25,20,20
7,5963,0.09784777932471334,4.1830176633436973e-07,0.06266169588085377,0.8394901064926663,25,20,20
7,5964,0.0978477793221181,4.183017578273637e-07,0.06265706140336476,0.839494740972759,25,20,20
7,5965,0.09784777932229982,4.1830176211045814e-07,0.06274936857065526,0.8394024338052825,25,20,20
7,5966,0.09784777932229982,4.1830176211177803e-07,0.06275407039227755,0.8393977319836601,25,20,20
7,5967,0.09784777932229982,4.1830176211177803e-07,0.06275406838456865,0.8393977339913691,25,20,20
7,5968,0.09784777932229982,4.1830176211177803e-07,0.06276067538605962,0.8393911269898782,25,20,20
7,5969,0.10182376622112162,4.181387987092319e-07,0.05878473180457203,0.8393910838355076,25,20,20
7,5970,0.10182376621074114,4.181387986345472e-07,0.059151104990063715,0.8390247106603964,25,20,20
7,5971,0.10182376621055943,4.181390389349941e-07,0.059065500305890424,0.8391103153445111,25,20,20
7,5972,0.08292518344946576,9.137503938733427e-06,0.07558507255842999,0.8414806064881653,25,20,20
7,5973,0.08292518344951434,9.13750418256453e-06,0.07571502853903202,0.841350650507271,25,20,20
7,5974,0.08292518345210935,9.137504427134598e-06,0.07571923157149904,0.8413464474719643,25,20,20
7,5975,0.08292518345229069,9.137504431498842e-06,0.07571702916216352,0.8413486498811141,25,20,20
7,5976,0.0829251834522875,9.137504431423392e-06,0.07571850297966896,0.8413471760636121,25,20,20
7,5977,0.08292518345228744,9.137504431349429e-06,0.07571850292880972,0.8413471761144716,25,20,20
7,5978,0.0829251834521053,9.137504426983821e-06,0.07571830620034817,0.8413473728431196,25,20,20
7,5979,0.0829251834521508,9.137504182550851e-06,0.07572089007580964,0.8413447889678571,25,20,20
7,5980,0.08292518345215086,9.137504182550853e-06,0.07572096981359863,0.8413447092300678,25,20,20
7,5981,0.08292518345210309,9.137503938722392e-06,0.07559104488005083,0.8414746341639072,25,20,20
7,5982,0.08292518345209993,9.137503695803353e-06,0.0753312971474811,0.841734381896723,25,20,20
7,5983,0.0829251834521006,9.137515460853374e-06,0.08157619116928778,0.8354894878631507,25,20,20
7,5984,0.0666754277612268,9.25450306111435e-06,0.09782671145881902,0.8354886062768927,25,20,20
7,5985,0.0666754277612276,9.25450306118833e-06,0.09783331652815265,0.8354820012075582,25,20,20
7,5986,0.06667542776122436,9.254503061185671e-06,0.09774098507289214,0.8355743326628214,25,20,20
7,5987,0.06667542776117946,9.254488918375456e-06,0.09761796025062079,0.8356973574992808,25,20,20
7,5988,0.06667542776099734,9.254488918298897e-06,0.09761316450874549,0.8357021532413381,25,20,20
7,5989,0.06667542796461846,9.043213808805895e-06,0.09754590409218439,0.8357696247293877,25,20,20
7,5990,0.06114272978987202,1.2270887432453664e-06,0.10545670952340473,0.8333993335979796,25,20,20
7,5991,0.06114272978987195,1.22708874339197e-06,0.10546134434324438,0.8333946987781397,25,20,20
7,5992,0.061142729790054,1.2270889880360137e-06,0.10547016743913146,0.833385875681826,25,20,20
7,5993,0.061142729790053266,1.2270889923262993e-06,0.1054701951868668,0.8333858479340871,25,20,20
7,5994,0.06114272979005246,1.2270889923249553e-06,0.10547024521516128,0.8333857979057935,25,20,20
7,5995,0.06114272979005246,1.227088992324979e-06,0.10547024590611045,0.8333857972148444,25,20,20
7,5996,0.06114272979005166,1.2270889922510425e-06,0.10546716497266372,0.8333888781482919,25,20,20
7,5997,0.023059735023153564,1.227340901717433e-06,0.14355015716895556,0.8333888804669896,25,20,20
7,5998,0.023059735023199145,1.2273411463019453e-06,0.14318372232749288,0.8337553153081619,25,20,20
7,5999,0.023059735023202285,1.2273411505182676e-06,0.14318383649432506,0.8337552011413224,25,20,20
7,6000,0.01748037483557459,2.89284130797108e-06,0.14876153160902159,0.8337552007140963,25,20,20
7,6001,0.017480374835574533,2.8928413079425025e-06,0.14902779645964073,0.8334889358634772,25,20,20
7,6002,0.017480374832979526,2.8928410633724133e-06,0.14902549861766354,0.8334912337082937,25,20,20
7,6003,0.017502793879781,1.959616006723519e-06,0.1487219727069059,0.8337732737973067,25,20,20
7,6004,0.017502793879780258,1.9596160067230295e-06,0.14898169885579082,0.8335135476484222,25,20,20
7,6005,0.017502793879598154,1.959615762080283e-06,0.14897749631102558,0.8335177501936144,25,20,20
7,6006,0.017502793879598154,1.9596157620802835e-06,0.14897757677625595,0.8335176697283841,25,20,20
7,6007,0.01750279387959817,1.9596157620829246e-06,0.14897985631312058,0.8335153901915194,25,20,20
7,6008,0.017502793879597495,1.959603997106863e-06,0.14273686526254756,0.8397583812538582,25,20,20
7,6009,0.017502793879600697,1.95960399718036e-06,0.14285978292693038,0.8396354635894722,25,20,20
7,6010,0.01750279387955511,1.9596037525213165e-06,0.14285311621544516,0.8396421303012477,25,20,20
7,6011,0.01750279387955511,1.95960374823113e-06,0.14285157385863723,0.8396436726580597,25,20,20
7,6012,0.016554963437425053,1.9593519648262176e-06,0.14379940449251935,0.8396436727180909,25,20,20
7,6013,0.01655496343742504,1.959351964750961e-06,0.1437928807645867,0.8396501964460239,25,20,20
7,6014,0.017348196959345002,9.033238744361187e-07,0.14328274139716737,0.8393681583196133,25,20,20
7,6015,0.017348196959345058,9.033238744633843e-07,0.14301660538813946,0.8396342943286413,25,20,20
7,6016,0.017348196959299546,9.033238743141556e-07,0.14300747090425284,0.8396434288125733,25,20,20
7,6017,0.01734819695929955,9.033238744632891e-07,0.1433739674630555,0.8392769322537705,25,20,20
7,6018,0.01734819695929955,9.033238787542159e-07,0.1433804916514583,0.8392704080653636,25,20,20
7,6019,0.017348196959296364,9.033238828950693e-07,0.1432575757161592,0.8393933240006618,25,20,20
7,6020,0.020028619118635897,9.037957632574689e-07,0.1405771554243442,0.8393933216612567,25,20,20
7,6021,0.04396988072840035,5.683143216616565e-10,0.11663679537136366,0.8393933233319214,25,20,20
7,6022,0.04396988072840114,5.68314247712689e-10,0.11664341412307909,0.8393867045802051,25,20,20
7,6023,0.04396988072840035,5.683142477128983e-10,0.1166367605600973,0.8393933581431878,25,20,20
7,6024,0.04396988072840035,5.683142467279511e-10,0.11689839164499581,0.8391317270582894,25,20,20
7,6025,0.04396988072840035,5.683142467503217e-10,0.11689831257737676,0.8391318061259082,25,20,20
7,6026,0.043969881318815386,5.683185285009804e-10,0.1169842412919147,0.839045876820951,25,20,20
7,6027,0.043969881318815386,5.683142375743255e-10,0.11697775048745251,0.8390523676254176,25,20,20
7,6028,0.04396994740957227,9.628280908531959e-11,0.11697768483062744,0.8390523676635169,25,20,20
7,6029,0.043969947409572274,9.628280778701236e-11,0.1169823839780541,0.8390476685160906,25,20,20
7,6030,0.04396994740957233,9.628709940180311e-11,0.11698257864760936,0.8390474738465309,25,20,20
7,6031,0.04396994740957233,9.628710069874e-11,0.11698257936842849,0.8390474731257117,25,20,20
7,6032,0.043969947409572344,9.65032986239155e-11,0.12164143933307343,0.8343886131608513,25,20,20
7,6033,0.04037013523175702,2.962892208074394e-05,0.12520910255555176,0.8343911332906105,25,20,20
7,6034,0.040370135231757025,2.962892208503296e-05,0.12520454318171118,0.8343956926644469,25,20,20
7,6035,0.040370135231756976,2.962892208503294e-05,0.1252045431728899,0.8343956926732682,25,20,20
7,6036,0.04037013523175699,2.9628922329626595e-05,0.12520937667144227,0.8343908591744713,25,20,20
7,6037,0.04037013523175704,2.9628922325337014e-05,0.12520285268013723,0.8343973831657806,25,20,20
7,6038,0.040370135231757046,2.9628922329613432e-05,0.1253323728033719,0.8342678630425416,25,20,20
7,6039,0.040370135231757004,2.9628922325397055e-05,0.12533878035432836,0.8342614554915895,25,20,20
7,6040,0.04037013523175702,2.9628922325380514e-05,0.1297313093549036,0.8298689264910141,25,20,20
7,6041,0.040370135231760196,2.9628922325322777e-05,0.12507715094935906,0.8345230848965554,25,20,20
7,6042,0.060379796486201974,2.9629104167070884e-05,0.10506744098132263,0.8345231334283079,25,20,20
7,6043,0.060379796496581824,2.962910441585773e-05,0.10506974275220447,0.8345208316467972,25,20,20
7,6044,0.060379796496578625,2.9629104411566114e-05,0.105076150256107,0.8345144241429022,25,20,20
7,6045,0.060379796496581824,2.962910441164138e-05,0.10507153293988196,0.834519041459124,25,20,20
7,6046,0.06037979649662734,2.962910419551875e-05,0.1004128269508204,0.8391777474483562,25,20,20
7,6047,0.060379796496627336,2.9629104191316277e-05,0.10028338786495056,0.8393071865342304,25,20,20
7,6048,0.06037979649662734,2.9629104191391545e-05,0.10028555307175957,0.8393050213274214,25,20,20
7,6049,0.0603797964966243,2.9629104191466893e-05,0.10028094502227315,0.8393096293769108,25,20,20
7,6050,0.060379796496624304,2.962910419146949e-05,0.10028094644483955,0.8393096279543443,25,20,20
7,6051,0.06037979648624445,2.9629103942608688e-05,0.10027204184326104,0.8393185325665516,25,20,20
7,6052,0.06037979648624445,2.9629103942608688e-05,0.10027207522720159,0.8393184991826108,25,20,20
7,6053,0.06037979648624445,2.9629103942607343e-05,0.10026547301249321,0.8393251013973192,25,20,20
7,6054,0.06037979648624445,2.9629103942609986e-05,0.10026558491302533,0.8393249894967871,25,20,20
7,6055,0.0603797964862445,2.9629103942610006e-05,0.10026558633962662,0.8393249880701857,25,20,20
7,6056,0.060379796486244516,2.9629103938393683e-05,0.10026701273063328,0.8393235616791833,25,20,20
7,6057,0.0603797964862445,2.9629103938467635e-05,0.10027133934549182,0.8393192350643247,25,20,20
7,6058,0.060379796496625,2.9629103938536028e-05,0.10027288940763202,0.8393176849918039,25,20,20
7,6059,0.0603797964862445,2.9629103698164297e-05,0.10026670109412647,0.8393238733159304,25,20,20
7,6060,0.060379796496602724,2.9629103702446028e-05,0.10035889755327586,0.8392316768464185,25,20,20
7,6061,0.060379796496648236,2.9629103702446028e-05,0.10035889971047249,0.8392316746891764,25,20,20
7,6062,0.0603797964966487,2.9629103861562268e-05,0.11406243968283818,0.8255281347166514,25,20,20
7,6063,0.06037979649660317,2.9629103861487004e-05,0.11406023893489198,0.8255303354646432,25,20,20
7,6064,0.060379796496603216,2.9629103861487004e-05,0.1140602403859049,0.8255303340136302,25,20,20
7,6065,0.06037979649660317,2.962910386148698e-05,0.11406019843103966,0.8255303759684955,25,20,20
7,6066,0.06037979649676466,2.9629104081259145e-05,0.11871924294623555,0.8208713314529184,25,20,20
7,6067,0.06037979649676552,2.9629104325933784e-05,0.11872314870735666,0.8208674256915516,25,20,20
7,6068,0.060379796499356465,2.9629118232414267e-05,0.11884203514856,0.8207485392338509,25,20,20
7,6069,0.06037979648901965,2.9629119865758612e-05,0.1540518868791904,0.7855386875119237,25,20,20
7,6070,0.06037979648642865,2.9629105959279423e-05,0.15393292194205446,0.7856576524655572,25,20,20
7,6071,0.07584139459226051,8.440847205484997e-09,0.13850132217281738,0.7856572747940747,25,20,20
7,6072,0.07584139572764693,1.4531136524948269e-08,0.143104784894948,0.7810538048462692,25,20,20
7,6073,0.09954649144767708,6.370884253532355e-09,0.1194018398704728,0.7810516623109652,25,20,20
7,6074,0.07701595575125877,6.373328914085043e-09,0.14193237414488222,0.7810516637305308,25,20,20
7,6075,0.07701595580231553,4.060543945379949e-06,0.14089402638278217,0.7820859572709579,25,20,20
7,6076,0.10032986982088188,4.06054128900484e-06,0.11758011378696934,0.7820859558508606,25,20,20
7,6077,0.10032991504729184,2.5427094400805295e-07,0.11868447494922157,0.7809853557325432,25,20,20
7,6078,0.1003299150472463,2.5427094393146285e-07,0.11868440000672784,0.7809854306750826,25,20,20
7,6079,0.10032991504984091,2.542710293992605e-07,0.10472123416899869,0.7949485965101316,25,20,20
7,6080,0.10032991504988929,2.542712681738158e-07,0.10498807822855094,0.7946817524502923,25,20,20
7,6081,0.10032991563991323,2.5428517028889264e-07,0.10510690742443415,0.7945629226504829,25,20,20
7,6082,0.1003298720008719,6.3686253182378075e-09,0.10510836519457178,0.7945617564359314,25,20,20
7,6083,0.10032991008402128,1.0069295028488413e-08,0.1051073171206403,0.7945627627260439,25,20,20
7,6084,0.10032991008397288,1.0069051963616872e-08,0.10484027828870712,0.7948298015582685,25,20,20
7,6085,0.10032991008397288,1.0069052037587189e-08,0.10484035360343304,0.7948297262435424,25,20,20
7,6086,0.10032990949399437,1.005514990865062e-08,0.10485091751988751,0.7948191629309685,25,20,20
7,6087,0.10734501232529485,9.96623789141866e-09,0.09783585157219925,0.7948191261362685,25,20,20
7,6088,0.10732453869928561,9.966349733050185e-09,0.09785632519805114,0.7948191261363141,25,20,20
7,6089,0.11923597959042445,9.957874246979702e-09,0.08594489806700921,0.7948191123846926,25,20,20
7,6090,0.11923597959042452,9.957874322240835e-09,0.08594706188341097,0.7948169485682907,25,20,20
7,6091,0.11923597960080494,9.95812319411573e-09,0.08595376468353733,0.7948102457575349,25,20,20
7,6092,0.119235979600805,9.958127411071055e-09,0.0859602881229975,0.7948037223180705,25,20,20
7,6093,0.11923597960080494,9.958123120144543e-09,0.08595379606456385,0.7948102143765086,25,20,20
7,6094,0.11923597960080573,9.958127408475809e-09,0.0859602881380006,0.7948037223030667,25,20,20
7,6095,0.1189418725397257,9.964452828111797e-09,0.08625429891447531,0.7948038185813466,25,20,20
7,6096,0.11894187253972968,1.0753880013823718e-08,0.08652387706760534,0.7945342396387853,25,20,20
7,6097,0.11894187253973357,1.1540032939809943e-08,0.08695823709049476,0.7940998788297391,25,20,20
7,6098,0.1189418725397296,1.0750605754075652e-08,0.08668857848223205,0.794369538227433,25,20,20
7,6099,0.1189418725397304,1.076451713502031e-08,0.086781006122614,0.7942771105731389,25,20,20
7,6100,0.11894213505592609,4.7815433807463715e-09,0.08687342729336073,0.7941844328691705,25,20,20
7,6101,0.11894213505592606,4.781543306755341e-09,0.08687126110236802,0.794186599060163,25,20,20
7,6102,0.11894213505592599,4.781547448653763e-09,0.08687368556155647,0.7941841746009706,25,20,20
7,6103,0.11894213505592599,4.781547522624937e-09,0.08687376464468455,0.7941840955178425,25,20,20
7,6104,0.11894213505592599,4.781547597881375e-09,0.08688025498657054,0.7941776051759564,25,20,20
7,6105,0.11894213505592602,4.7815475965614896e-09,0.08688025502599243,0.7941776051365345,25,20,20
7,6106,0.11894213505333091,4.781307230674082e-09,0.08687366875076892,0.7941841914145935,25,20,20
7,6107,0.11894213505333098,4.781311595559321e-09,0.08688027278015287,0.794177587385205,25,20,20
7,6108,0.11894213504295056,4.7810627976556114e-09,0.08687364906315395,0.7941842111128331,25,20,20
7,6109,0.11894213504294975,4.781058506728877e-09,0.08686715697536261,0.7941907032006296,25,20,20
7,6110,0.11894213504294975,4.7810584301982726e-09,0.0868606346777441,0.7941972254982481,25,20,20
7,6111,0.11894213504314305,4.78105835511443e-09,0.1238752759844853,0.7571825841913135,25,20,20
7,6112,0.11894213504314304,4.781058353839851e-09,0.12387512282768597,0.7571827373481128,25,20,20
7,6113,0.11894213504314304,4.7810582060040205e-09,0.12350213369217145,0.7575557264836275,25,20,20
7,6114,0.11894213504314304,4.781058208599906e-09,0.12350205532554832,0.7575558048502503,25,20,20
7,6115,0.11894213504314304,4.781058208599906e-09,0.12350194089069147,0.7575559192851073,25,20,20
7,6116,0.11894213505345595,4.7813012000360295e-09,0.12376886839687001,0.7572889917683727,25,20,20
7,6117,0.118942135053456,4.781297058145346e-09,0.12376428062049753,0.7572935795447495,25,20,20
7,6118,0.118942135053456,4.7813013496071116e-09,0.12376590404255561,0.7572919561226871,25,20,20
7,6119,0.11894213505345595,4.781301200367522e-09,0.12376582765449572,0.7572920325107472,25,20,20
7,6120,0.11894213505345907,4.7815414291364805e-09,0.12376405664936803,0.7572938035156315,25,20,20
7,6121,0.08013235173648187,1.3247760222849531e-05,0.16255840237575367,0.757295998127541,25,20,20
7,6122,0.08013235173648185,1.3247760222772968e-05,0.16255832187005975,0.7572960786332349,25,20,20
7,6123,0.08013235173648271,1.3247760227139326e-05,0.1625629930977081,0.7572914074055815,25,20,20
7,6124,0.08013235173648271,1.3247760227139284e-05,0.1625631542972311,0.7572912462060585,25,20,20
7,6125,0.08013235173648268,1.324776022284766e-05,0.16256314768136482,0.757291252821929,25,20,20
7,6126,0.08013642150248942,2.4686819919486354e-05,0.1625493186697286,0.757289573007862,25,20,20
7,6127,0.08013642150249263,2.4686819919488936e-05,0.16254935878164292,0.7572895328959446,25,20,20
7,6128,0.08013642150249183,2.4686806008108008e-05,0.16245693164040884,0.7573819600510909,25,20,20
7,6129,0.0794363072534857,1.1473344640731747e-05,0.1631724556448554,0.7573797637570177,25,20,20
7,6130,0.07943630725332407,1.147334442081157e-05,0.1585133181261797,0.7620389012760758,25,20,20
7,6131,0.07943630725332324,1.1473344176136957e-05,0.15851168854117711,0.7620405308613236,25,20,20
7,6132,0.07943630725332328,1.147334417621093e-05,0.1585118017540469,0.7620404176484538,25,20,20
7,6133,0.07943630725332328,1.1473344176135663e-05,0.15851172075338554,0.7620404986491152,25,20,20
7,6134,0.07943626665010876,1.8622541996225704e-05,0.1585056240216338,0.7620394867862617,25,20,20
7,6135,0.07943626665010882,1.862254199630097e-05,0.15850570601549252,0.7620394047924031,25,20,20
7,6136,0.07943626665010803,1.8622541992011153e-05,0.15850106819576448,0.7620440426121359,25,20,20
7,6137,0.05686129285621511,1.8631100320845156e-05,0.18107608886454402,0.7620439871789209,25,20,20
7,6138,0.05686129285621586,1.8631100321348002e-05,0.2163781765665883,0.7267418994768751,25,20,20
7,6139,0.05686129285617042,1.8631100317070218e-05,0.21624864053145082,0.7268714355120623,25,20,20
7,6140,0.05686129286890649,1.8631100565133842e-05,0.17937663901254894,0.76374343701798,25,20,20
7,6141,0.056861292868906475,1.8631100565058578e-05,0.1793750160786197,0.7637450599519091,25,20,20
7,6142,0.05686129286908542,1.8631100320540237e-05,0.1793724192759748,0.7637476567546198,25,20,20
7,6143,0.05686129286908542,1.863110032054021e-05,0.17937241857486622,0.7637476574557285,25,20,20
7,6144,0.056861292856159276,1.8631100072626965e-05,0.17922484139859932,0.7638952346451693,25,20,20
7,6145,0.056709527669196715,1.8631101326399225e-05,0.17937655852708098,0.7638952827023958,25,20,20
7,6146,0.04201403558939534,3.878379335574246e-05,0.19405190109422812,0.7638952795230209,25,20,20
7,6147,0.04201403557908309,3.878380487780234e-05,0.20003445496813213,0.757912725647907,25,20,20
7,6148,0.04201403557908304,3.8783804877801044e-05,0.20003442082302805,0.7579127597930112,25,20,20
7,6149,0.04201403557908305,3.878380487787501e-05,0.20003225857112053,0.7579149220449183,25,20,20
7,6150,0.042043132469724805,3.1631690767924776e-05,0.20000986553506414,0.757915370304443,25,20,20
7,6151,0.0420431324697256,3.1631690776485636e-05,0.20010216547934004,0.7578230703601575,25,20,20
7,6152,0.04204313246990772,3.1631690780701496e-05,0.20010680327726377,0.7578184325620476,25,20,20
7,6153,0.04204313246990772,3.1631690780701496e-05,0.20010676531180924,0.7578184705275022,25,20,20
7,6154,0.042043611674096155,3.1678906557559996e-05,0.20010646442540092,0.7578182449939451,25,20,20
7,6155,0.0420436116740961,3.1678906557483403e-05,0.20010646498504808,0.7578182444342978,25,20,20
7,6156,0.042043611674092964,3.1678906557557346e-05,0.2001129859514712,0.757811723467878,25,20,20
7,6157,0.04204361167408976,3.1678906561697955e-05,0.20011602267300582,0.7578086867463425,25,20,20
7,6158,0.04204361167408976,3.16789065574065e-05,0.2001144006626955,0.7578103087566573,25,20,20
7,6159,0.06492374771269635,3.167034224248558e-05,0.17723431227069053,0.7578102696743705,25,20,20
7,6160,0.0649237477126964,3.1670342242484305e-05,0.1772342262857185,0.7578103556593425,25,20,20
7,6161,0.06492374771269648,3.1670342242634874e-05,0.17723422621258783,0.7578103557324729,25,20,20
7,6162,0.06493331664858078,3.1670341787705634e-05,0.1772246590394491,0.7578103539701823,25,20,20
7,6163,0.06493331664858078,3.1670341787780885e-05,0.17722477347980617,0.7578102395298251,25,20,20
7,6164,0.06493331664858157,3.1670341787856637e-05,0.1772202524529754,0.7578147605566551,25,20,20
7,6165,0.05457739574995715,3.167040912556729e-05,0.18757617296375076,0.7578147608771664,25,20,20
7,6166,0.05457306233236906,2.023133670336955e-05,0.18274900377583556,0.7626577025550921,25,20,20
7,6167,0.05457306233241436,2.02313367118204e-05,0.18301526212411345,0.7623914442067604,25,20,20
7,6168,0.054573062332459885,2.023133671611334e-05,0.183015460073891,0.7623912462569331,25,20,20
7,6169,0.05457306233245995,2.0231336716187274e-05,0.18302015984744735,0.7623865464833761,25,20,20
7,6170,0.054573062332456006,2.0230550563261293e-05,0.18259232433490738,0.7628143827820731,25,20,20
7,6171,0.054573062332410736,2.023055055480974e-05,0.1826990880853121,0.7627076190317221,25,20,20
7,6172,0.054573062332410674,2.0230550560869634e-05,0.1937568873681629,0.7516498197488655,25,20,20
7,6173,0.05457306233241067,2.0230550554659182e-05,0.1826990881584428,0.7627076189585918,25,20,20
7,6174,0.05457269192116281,2.018251993875818e-05,0.18269973975062256,0.762707385808276,25,20,20
7,6175,0.05457269192116288,2.0182520183277886e-05,0.182704459384582,0.7627026661740719,25,20,20
7,6176,0.05457269192116607,2.0182520425619663e-05,0.18307782238053785,0.7623293031778704,25,20,20
7,6177,0.054572691931478935,2.018252066860977e-05,0.18334486182442064,0.762062263723432,25,20,20
7,6178,0.054572691931478935,2.018252091266243e-05,0.18343790484185757,0.7619692207057508,25,20,20
7,6179,0.05457269193147576,2.018252067032065e-05,0.18306450786600148,0.7623426176818523,25,20,20
7,6180,0.054572691931293695,2.0182520666104812e-05,0.18305982119442185,0.7623473043536183,25,20,20
7,6181,0.054572691920980826,2.018252042311469e-05,0.18279278171592175,0.7626143438426741,25,20,20
7,6182,0.05457269192098077,2.01825204230394e-05,0.1827926986372291,0.7626144269213668,25,20,20
7,6183,0.054572691920980805,2.018252042311467e-05,0.18278620751199526,0.7626209180466006,25,20,20
7,6184,0.05457269192098396,2.0182520427396593e-05,0.18287074094124484,0.7625363846173436,25,20,20
7,6185,0.0545726919209839,2.018252042739789e-05,0.18287071450782538,0.7625364110507631,25,20,20
7,6186,0.0545726919209807,2.0182520423040702e-05,0.18278147980222123,0.7626256457563748,25,20,20
7,6187,0.05457270941247267,2.02764874526187e-05,0.18602359276973585,0.7593834213303384,25,20,20
7,6188,0.0545727099576967,0.0005627195955693201,0.18773788150086457,0.7571266889458692,25,20,20
7,6189,0.0545727099576967,0.0005627195955693941,0.18774448424892246,0.7571200861978113,25,20,20
7,6190,0.05457301905006934,0.0005626900751538085,0.18774420459221383,0.7571200862825626,25,20,20
7,6191,0.054573019050114066,0.0005626900751495922,0.1877442535120096,0.7571200373627265,25,20,20
7,6192,0.05457301904993272,0.0005626900751538065,0.18774862233487968,0.7571156685400336,25,20,20
7,6193,0.05457301904993273,0.0005626900753983148,0.18775526035332465,0.7571090305213442,25,20,20
7,6194,0.05457301904993273,0.0005626900753983148,0.18775537285859667,0.757108918016072,25,20,20
7,6195,0.05457301904993273,0.000562690075398241,0.18774877009150706,0.7571155207831617,25,20,20
7,6196,0.05457301904993231,0.0005626900892071125,0.18812275359620778,0.7567415372646523,25,20,20
7,6197,0.05457301904993242,0.0005626900892071139,0.18812745708125736,0.7567368337796024,25,20,20
7,6198,0.05457301904993562,0.0005626900892071905,0.18812756861569865,0.7567367222451579,25,20,20
7,6199,0.05457300614586969,0.0005639990943981989,0.18958172705611606,0.7552812677036151,25,20,20
7,6200,0.054573006145870365,0.0005639990943981254,0.1954588807175386,0.7494041140421921,25,20,20
7,6201,0.05457300614591589,0.000563999094398276,0.1954589489645996,0.7494040457950853,25,20,20
7,6202,0.05457300614591516,0.0005639990943897878,0.19536827020748176,0.7494947245522127,25,20,20
7,6203,0.054573006145915176,0.0005639990943940781,0.19536835297373883,0.7494946417859515,25,20,20
7,6204,0.06478348650900782,0.0005639991160859304,0.185157872485535,0.749494641889371,25,20,20
7,6205,0.06478348650900469,0.0005639991158419505,0.1850694905359921,0.7495830238391612,25,20,20
7,6206,0.079669379482475,0.0005438464210889876,0.1702037947043819,0.7495829793920538,25,20,20
7,6207,0.07966937948247436,0.0005438464210889867,0.16395364681537106,0.7558331272810647,25,20,20
7,6208,0.07966937948242885,0.0005438464210889127,0.16395569442717656,0.7558310796693049,25,20,20
7,6209,0.07966937948243198,0.0005438464210888897,0.16395944040613736,0.755827333690341,25,20,20
7,6210,0.07966937948243283,0.0005438464213333982,0.16396383288612573,0.7558229412101073,25,20,20
7,6211,0.07966937948243612,0.000543846423418716,0.15798168651554403,0.7618050875786008,25,20,20
7,6212,0.07966937948243612,0.0005438464234187147,0.15798168510377575,0.7618050889903691,25,20,20
7,6213,0.0796693794824776,0.0005438876596046567,0.16157201284846845,0.7582147200094488,25,20,20
7,6214,0.07968516980029858,0.000542485602765944,0.16155065326020318,0.7582216913367317,25,20,20
7,6215,0.07968516980029779,0.0005424856027616544,0.16154416017833914,0.7582281844186007,25,20,20
7,6216,0.07968516980025629,0.000542444366571496,0.157953718242856,0.7618186675903155,25,20,20
7,6217,0.07988987681089892,0.0005424442777642141,0.15774901175137962,0.7618186671599565,25,20,20
7,6218,0.07988987681089892,0.0005424442777641401,0.15774893078601276,0.7618187481253235,25,20,20
7,6219,0.07988987681094431,0.0005424442777642889,0.15787404577897124,0.7616936331323194,25,20,20
7,6220,0.07988987681094036,0.0005424442639139199,0.15760659834232277,0.7619610805828222,25,20,20
7,6221,0.0798898768109435,0.000542444263918061,0.15760019013236007,0.7619674887927776,25,20,20
7,6222,0.07988987681094345,0.0005424442639180623,0.1576000825167585,0.7619675964083794,25,20,20
7,6223,0.08083709226036662,0.0005432324719902986,0.15655007796791004,0.7620695972997328,25,20,20
7,6224,0.08083709226036982,0.0005432324719903751,0.15655022039811556,0.7620694548695238,25,20,20
7,6225,0.08083937667404749,7.930480047458682e-07,0.159675566381573,0.7594842638963741,25,20,20
7,6226,0.08083937667404749,7.930482493395229e-07,0.1596803998801254,0.7594794303975771,25,20,20
7,6227,0.08083937667404753,7.93048249413494e-07,0.1596805137697193,0.7594793165079833,25,20,20
7,6228,0.0808393766740443,7.93048009132354e-07,0.15967853878738686,0.7594812914905592,25,20,20
7,6229,0.07994671685096245,4.434744268467729e-09,0.16068107682762733,0.7593722018866658,25,20,20
7,6230,0.07994973051396288,7.116912984060329e-06,0.16063804925169534,0.7594051033213576,25,20,20
7,6231,0.07994973051396487,7.116922060692236e-06,0.1746032211462542,0.74543993141772,25,20,20
7,6232,0.10388535377448616,7.116969029723359e-06,0.14797808658495945,0.7481294426715249,25,20,20
7,6233,0.10388535377448611,7.116969029648033e-06,0.14797338274114472,0.7481341465153397,25,20,20
7,6234,0.10388535377448527,7.1169687851383065e-06,0.1479668271916783,0.7481407020650512,25,20,20
7,6235,0.10388535377448527,7.116968785063015e-06,0.14796671204131576,0.7481408172154138,25,20,20
7,6236,0.08071587955828206,7.116917662032388e-06,0.17113617661225886,0.7481408269117965,25,20,20
7,6237,0.08071587955827965,7.116917661958418e-06,0.17113607556761765,0.7481409279564402,25,20,20
7,6238,0.06638096551363651,7.125838713894401e-06,0.1854686386317866,0.7481432700158624,25,20,20
7,6239,0.06638096551363645,7.12583871381911e-06,0.18546863721428544,0.7481432714333637,25,20,20
7,6240,0.06638096551363566,7.1258387138178134e-06,0.18546871019073052,0.7481431984569195,25,20,20
7,6241,0.06638096551386181,7.125838956888196e-06,0.18573506153561703,0.7478768471115638,25,20,20
7,6242,0.06625690968307472,7.125840512286059e-06,0.18585911735779878,0.7478768471186144,25,20,20
7,6243,0.06625691027348414,7.125854427778925e-06,0.18595040779148625,0.7477855560806019,25,20,20
7,6244,0.06625691027325797,7.12585418470984e-06,0.185684057022208,0.7480519068503493,25,20,20
7,6245,0.06625691027325797,7.12585418042151e-06,0.18567753161506131,0.7480584322575003,25,20,20
7,6246,0.06625691028363889,7.1258544250164816e-06,0.18568225326752621,0.7480537105944101,25,20,20
7,6247,0.06625691028382177,7.125868364319223e-06,0.1856944937209778,0.7480414701268362,25,20,20
7,6248,0.06625691028639104,7.125859530029905e-06,0.17209775654952827,0.7616382073045507,25,20,20
7,6249,0.06622823410061256,7.175673593828713e-06,0.17212637882172532,0.7616382114040674,25,20,20
7,6250,0.06622823351020389,7.175659682626974e-06,0.1720381689066934,0.7617264219234191,25,20,20
7,6251,0.06622823350000508,7.175659682608415e-06,0.17204099119651428,0.7617235996437971,25,20,20
7,6252,0.06622823349743691,7.1756594402657956e-06,0.17193505424510902,0.7618295365980129,25,20,20
7,6253,0.06622823349761903,7.175659684850657e-06,0.1719417606850404,0.7618228301576547,25,20,20
7,6254,0.08216330255568872,7.1806762753848945e-06,0.1586961975177983,0.7591333192502376,25,20,20
7,6255,0.08351059211331069,7.130832703622615e-06,0.1573485891596472,0.7591336878943383,25,20,20
7,6256,0.08351059211331148,7.130832703771855e-06,0.15734855930437003,0.7591337177496146,25,20,20
7,6257,0.08351060051438765,7.130832947400028e-06,0.15737418284208718,0.7591080858105776,25,20,20
7,6258,0.08351060051438684,7.130832947249491e-06,0.1573740984507775,0.7591081702018883,25,20,20
7,6259,0.08351370820167693,7.1257601322871885e-06,0.1573709962680558,0.759108169770135,25,20,20
7,6260,0.0835136998007371,7.125759888585339e-06,0.15731253471142115,0.7591666397279531,25,20,20
7,6261,0.0835136998007371,7.125759888587958e-06,0.15731261521137951,0.7591665592279948,25,20,20
7,6262,0.08351369980069476,7.1257598885140116e-06,0.15731252620969152,0.759166648229725,25,20,20
7,6263,0.08351369980069795,7.125759892804923e-06,0.15731905543071967,0.7591601190086895,25,20,20
7,6264,0.0835136998011437,7.125759648228281e-06,0.19381666757067018,0.7226625068685373,25,20,20
7,6265,0.08351370061171902,7.125759671761787e-06,0.1972436755617119,0.7192354980668967,25,20,20
7,6266,0.08351370002130397,7.12575966748006e-06,0.19715122088599885,0.7193279533330292,25,20,20
7,6267,0.08351370002125887,7.1257458543167775e-06,0.19677704143925012,0.7197021327936364,25,20,20
7,6268,0.08351370002125885,7.125745609797072e-06,0.19677228899691698,0.7197068852362141,25,20,20
7,6269,0.0835137000212415,7.125745545322019e-06,0.20782273567396417,0.7086564385592488,25,20,20
7,6270,0.0835137000212415,7.1257455453194e-06,0.20782265458831972,0.7086565196448932,25,20,20
7,6271,0.08351370002124071,7.125745540955605e-06,0.20782455514501508,0.7086546190882029,25,20,20
7,6272,0.08351370002107593,7.12574536085297e-06,0.19676807290151466,0.7197111013320483,25,20,20
7,6273,0.07206026903974688,7.125872229292666e-06,0.20822150344322085,0.7197111016448026,25,20,20
7,6274,0.07206026903974692,7.125872233582478e-06,0.20822620549215254,0.7197063995958666,25,20,20
7,6275,0.07206026903956521,7.125872237797688e-06,0.2081339350992334,0.7197986699889632,25,20,20
7,6276,0.07206026903956522,7.125872237798985e-06,0.20813242872559182,0.7198001763626048,25,20,20
7,6277,0.07206026903938234,7.125858302784574e-06,0.20812671367928692,0.7198058914230276,25,20,20
7,6278,0.07206026903938235,7.125858307077024e-06,0.20813141781690356,0.7198011872854068,25,20,20
7,6279,0.07206026903938317,7.125858311356081e-06,0.20826085760299087,0.7196717474993144,25,20,20
7,6280,0.06532713542545623,7.125856481654669e-06,0.21499399121394913,0.719671747504113,25,20,20
7,6281,0.06532713542545626,7.1258564859455965e-06,0.2150004812357592,0.7196652574822986,25,20,20
7,6282,0.06532713542545308,7.125856485871601e-06,0.2150003422134298,0.7196653965046312,25,20,20
7,6283,0.06532713542545314,7.125856481657061e-06,0.21499575464332868,0.7196699840747365,25,20,20
7,6284,0.06532713542545314,7.1258564773661345e-06,0.21498914872612596,0.7196765899919435,25,20,20
7,6285,0.06532713466728562,7.1258564546057535e-06,0.21148477835358637,0.7231809611226728,25,20,20
7,6286,0.06532713466728643,7.125856454681605e-06,0.21185788182632911,0.7228078576499293,25,20,20
7,6287,0.06398002786162092,9.006580513168712e-06,0.21269238037044985,0.7233185851874159,25,20,20
7,6288,0.06398002786162091,9.006580517457044e-06,0.21269898285737732,0.7233119827004841,25,20,20
7,6289,0.0640090368137598,7.125856240310519e-06,0.21318295498150416,0.7228008823484956,25,20,20
7,6290,0.07074278513424508,7.125854947348046e-06,0.20644920666710992,0.7228008823436973,25,20,20
7,6291,0.0707427851342419,7.125854947348055e-06,0.2061820073834685,0.7230680816273418,25,20,20
7,6292,0.0707427851342419,7.125854947348079e-06,0.20618204127847914,0.7230680477323311,25,20,20
7,6293,0.07074278513424197,7.125854947422073e-06,0.20618218227244636,0.7230679067383637,25,20,20
7,6294,0.07074278513423875,7.1258549431317115e-06,0.20618209948015334,0.7230679895306642,25,20,20
7,6295,0.07074278508240762,7.1258549427800115e-06,0.20975510080966892,0.7194949882529806,25,20,20
7,6296,0.06839822127686673,7.116905101184362e-06,0.21210202331114814,0.7194926385068839,25,20,20
7,6297,0.06839822127686673,7.116905096894551e-06,0.21209740167568225,0.719497260142354,25,20,20
7,6298,0.07158850935349462,5.287708360715657e-06,0.20894286305703746,0.7194633398811073,25,20,20
7,6299,0.0715885093534938,5.287708356437923e-06,0.20881342185507465,0.7195927810830751,25,20,20
7,6300,0.0715885093668735,5.287709737590447e-06,0.20874395294088785,0.7196622499825008,25,20,20
7,6301,0.0715885093668735,5.2877099134033165e-06,0.21979526212504694,0.7086109407981657,25,20,20
7,6302,0.0715885093668735,5.287709913404616e-06,0.21979537787940917,0.7086108250438035,25,20,20
7,6303,0.0715885093668735,5.287709913478611e-06,0.21979549174604343,0.7086107111771692,25,20,20
7,6304,0.0715885093668743,5.287723852781354e-06,0.21980781131155946,0.708598391597713,25,20,20
7,6305,0.07158850936669225,5.287723608273105e-06,0.21980113670638723,0.708605066203312,25,20,20
7,6306,0.07158850936669225,5.287723608347019e-06,0.21980762656424846,0.7085985763454505,25,20,20
7,6307,0.09326555653279503,5.287733929013219e-06,0.1981305775723483,0.7085985781609273,25,20,20
7,6308,0.0932655565327951,5.287733933230152e-06,0.19813706821556423,0.7085920875177071,25,20,20
7,6309,0.09326709336287657,5.287758721536476e-06,0.16571747411077267,0.7410101447676288,25,20,20
7,6310,0.09326553486262572,5.287724820558252e-06,0.15840342710623817,0.7483257503063153,25,20,20
7,6311,0.09326553486262647,5.287725065153205e-06,0.15840818010100544,0.7483209973113027,25,20,20
7,6312,0.09326553486262651,5.287725069369585e-06,0.15840177254165758,0.7483274048706463,25,20,20
7,6313,0.09007924676408781,4.5081487410316706e-09,0.16159335142771084,0.748327397300052,25,20,20
7,6314,0.09007927186770669,3.998433002219926e-09,0.16159332435857124,0.7483273997752892,25,20,20
7,6315,0.09007927186770981,3.998428786561928e-09,0.16158680234638864,0.7483339217874729,25,20,20
7,6316,0.09007927186770981,3.99843300362185e-09,0.16121389557791943,0.7487068285559378,25,20,20
7,6317,0.09007927186770902,3.9981884826184225e-09,0.1612091759434055,0.7487115481906972,25,20,20
7,6318,0.09007927187806164,3.998432336382761e-09,0.1613230357454412,0.7485976883780652,25,20,20
7,6319,0.09007927187806082,3.984493033641296e-09,0.16131082867637725,0.7486098954610694,25,20,20
7,6320,0.09007927186770828,3.984249107249311e-09,0.1611991646666767,0.7487215594813662,25,20,20
7,6321,0.09006997328317945,2.947690616915445e-10,0.16120846726207952,0.7487215591599721,25,20,20
7,6322,0.09006997328335718,2.9476905989209383e-10,0.16147514368330332,0.7484548827385707,25,20,20
7,6323,0.0900699732833572,2.9477331022119525e-10,0.16184813310898274,0.7480818933128869,25,20,20
7,6324,0.09006997334062224,4.657002555472163e-09,0.1618481286893739,0.7480818933130015,25,20,20
7,6325,0.09000081136370693,4.665484525946954e-09,0.16191729313378062,0.7480818908370288,25,20,20
7,6326,0.1078003647309564,4.655276266967211e-09,0.1441177415929544,0.7480818890208134,25,20,20
7,6327,0.10780036817003552,0.0006987702813814006,0.1434189545384372,0.7480819070101464,25,20,20
7,6328,0.10780037144492031,0.0006987702813595129,0.14348726198999925,0.7480135962837212,25,20,20
7,6329,0.10780037144492347,0.0006987702815982168,0.14375349348550637,0.7477473647879722,25,20,20
7,6330,0.10780036816885717,0.0006987702802607468,0.1401846215959217,0.7513162399549606,25,20,20
7,6331,0.10780036816885477,0.0006987702802606732,0.14018034900151502,0.7513205125493695,25,20,20
7,6332,0.10780036816885398,0.0006987702802563805,0.14017797717867864,0.751322884372211,25,20,20
7,6333,0.10780036816885395,0.0006987702802521289,0.1398048738691208,0.751695987681773,25,20,20
7,6334,0.10780036816885392,0.0006987702802478386,0.139804703685084,0.7516961578658141,25,20,20
7,6335,0.1078003681688508,0.0006987702802477645,0.13980687099665112,0.7516939905542501,25,20,20
7,6336,0.09131035038753257,0.0006987925326733992,0.15629676222904598,0.7516940948507479,25,20,20
7,6337,0.09131035038753257,0.0006987925326733252,0.1562966483745722,0.7516942087052217,25,20,20
7,6338,0.09692555249818331,0.0006987924097762697,0.15068142568517928,0.7516942294068616,25,20,20
7,6339,0.09692555249800237,0.0006987924097762716,0.15042126952294546,0.7519543855692763,25,20,20
7,6340,0.09692555248668945,0.0006987924099338518,0.12460002618472124,0.7777756289186557,25,20,20
7,6341,0.09692555248668944,0.0006987924099295138,0.12433377538381066,0.7780418797195707,25,20,20
7,6342,0.09692555248687508,0.000698792423845203,0.12442384152342954,0.7779518135658503,25,20,20
7,6343,0.09692555248687194,0.0006987924236022825,0.12416409448192339,0.7782115606076025,25,20,20
7,6344,0.09692555248496414,0.0006987924234224793,0.1135554136549393,0.7888202414366742,25,20,20
7,6345,0.09692555248496428,0.0006987924236670938,0.11355699453509711,0.7888186605562716,25,20,20
7,6346,0.09692555248496669,0.000698792423667093,0.11356343667011984,0.7888122184212465,25,20,20
7,6347,0.09692555248496668,0.0006987924234869903,0.1025055216942155,0.7998701333973308,25,20,20
7,6348,0.09692555248496985,0.0006987924234869165,0.10249899940812318,0.7998766556834201,25,20,20
7,6349,0.09692555248478413,0.0006987924095712248,0.1024066828703252,0.7999689722353195,25,20,20
7,6350,0.09692555248478409,0.0006987924095711495,0.10240654038812341,0.7999691147175213,25,20,20
7,6351,0.09692555248478403,0.0006987924095669323,0.10240001694823167,0.7999756381574172,25,20,20
7,6352,0.09692555263270275,0.0006987924100560912,0.10240739392583352,0.7999682610314076,25,20,20
7,6353,0.10269201659151922,0.0006987924060851444,0.09664095098537973,0.7999682400170159,25,20,20
7,6354,0.10269201659151922,0.000698792406085143,0.09664083957380379,0.7999683514285918,25,20,20
7,6355,0.10269201659151916,0.0006987924060894782,0.0969048939955183,0.799704297006873,25,20,20
7,6356,0.10269201659151922,0.0006987924060852156,0.0966386819465202,0.7999705090558753,25,20,20
7,6357,0.10269315410307754,0.0006987931995971852,0.05764353177881573,0.8389645209185094,25,20,20
7,6358,0.10269315410307829,0.0006987931996014734,0.05764811938934881,0.8389599333079711,25,20,20
7,6359,0.10281640280943438,1.1628541801175355e-05,0.05821203629464023,0.8389599323541234,25,20,20
7,6360,0.10281640280943438,1.1628541801176628e-05,0.05821215026380469,0.838959818384959,25,20,20
7,6361,0.10281640280943753,1.1628542045004851e-05,0.058342075794542,0.8388298928539746,25,20,20
7,6362,0.10281640280947596,1.166671279573781e-05,0.06463914593464551,0.8325327845430819,25,20,20
7,6363,0.10281640280947592,1.166671279573781e-05,0.06463914288675543,0.832532787590972,25,20,20
7,6364,0.10281640280947593,1.1666712800027642e-05,0.06464381996324733,0.8325281105144764,25,20,20
7,6365,0.10282062307217725,1.1666712856246281e-05,0.06463959926881305,0.8325281109461531,25,20,20
7,6366,0.10282062307217725,1.1666712856246236e-05,0.06463959787137862,0.8325281123435876,25,20,20
7,6367,0.1028206230721773,1.1666712856246214e-05,0.06464418490067748,0.8325235253142889,25,20,20
7,6368,0.08078432731953028,1.1644460627957266e-05,0.08668060716012985,0.8325234210597127,25,20,20
7,6369,0.0807843273195303,1.1644460627957266e-05,0.08668072140677895,0.8325233068130635,25,20,20
7,6370,0.08078432731957902,1.164446062381799e-05,0.08667764363117123,0.8325263845886266,25,20,20
7,6371,0.07986319959290848,5.110946789309383e-05,0.0875559485121513,0.8325297424270478,25,20,20
7,6372,0.07986319959290926,5.110946789309253e-05,0.0875559507902134,0.8325297401489848,25,20,20
7,6373,0.06519083391218777,5.1119131430749953e-05,0.10217813147260045,0.8325799154837817,25,20,20
7,6374,0.06519083391218455,5.111913118684647e-05,0.10204817749189443,0.8327098694647348,25,20,20
7,6375,0.06519083391218455,5.111913118684782e-05,0.10204817996400203,0.8327098669926272,25,20,20
7,6376,0.06519083391218457,5.11191311868491e-05,0.10204968228073559,0.8327083646758936,25,20,20
7,6377,0.06519083391218457,5.1119131186849086e-05,0.10204964887769993,0.8327083980789294,25,20,20
7,6378,0.06519083391218777,5.111913118699964e-05,0.1020562536787881,0.8327017932778378,25,20,20
7,6379,0.06519083392250054,5.111914503736856e-05,0.1023237013928488,0.8324343455396139,25,20,20
7,6380,0.06519083392249735,5.111914503744248e-05,0.10232373407096729,0.8324343128614984,25,20,20
7,6381,0.06519083392249654,5.111914503736852e-05,0.10231715408894246,0.8324408928435241,25,20,20
7,6382,0.06519083392253887,5.111914504158488e-05,0.10231080786096243,0.8324472390714577,25,20,20
7,6383,0.06519083392253887,5.111914504158485e-05,0.10231089585984555,0.8324471510725745,25,20,20
7,6384,0.06519083392253967,5.111914504580251e-05,0.10231092492468591,0.8324471220077291,25,20,20
7,6385,0.06519083392253969,5.1119145050092823e-05,0.10231112108455573,0.832446925847855,25,20,20
7,6386,0.06519083392253969,5.111914505009411e-05,0.10231123685520227,0.8324468100772084,25,20,20
7,6387,0.06519083392249417,5.111914504572981e-05,0.1023110921557179,0.8324469547767427,25,20,20
7,6388,0.06519083392249417,5.111914504565454e-05,0.10230955112220923,0.8324484958102515,25,20,20
7,6389,0.06519083392249414,5.111914504565451e-05,0.10230951724986247,0.8324485296825982,25,20,20
7,6390,0.0650428159560275,5.1119146599664214e-05,0.10245616159823809,0.832449903299135,25,20,20
7,6391,0.06504281600950666,5.111943354340658e-05,0.1280148108581843,0.8068912536987659,25,20,20
7,6392,0.0650428159991939,5.111941969303766e-05,0.12774736315439877,0.8071587014267146,25,20,20
7,6393,0.09881010245085477,5.111920944412333e-05,0.10842021072751269,0.7927185676121888,25,20,20
7,6394,0.09881010245085556,5.11192094441986e-05,0.10842021540966588,0.7927185629300348,25,20,20
7,6395,0.09877321962972871,5.1123499336404736e-05,0.10845828157804611,0.7927173752928891,25,20,20
7,6396,0.09877321962972953,5.112349933648003e-05,0.1084584315753799,0.7927172252955547,25,20,20
7,6397,0.09877321962972876,5.1123499513456495e-05,0.11951622606357094,0.7816594308071871,25,20,20
7,6398,0.09883619725586439,5.112856169050087e-05,0.11945456916019634,0.7816581050222492,25,20,20
7,6399,0.09883619725586439,5.112856169050087e-05,0.11945445271348369,0.7816582214689618,25,20,20
7,6400,0.09883619725586427,5.112856144596046e-05,0.11945287384503453,0.7816598003376554,25,20,20
7,6401,0.09883619726622239,5.1128561690016434e-05,0.11953903217367604,0.7815736419984117,25,20,20
7,6402,0.1320545302532657,3.952307574132319e-05,0.08633232135336502,0.781573625317628,25,20,20
7,6403,0.13205453025326572,3.95230757413232e-05,0.08633240266998009,0.7815735440010129,25,20,20
7,6404,0.13205453025326575,3.952307574132452e-05,0.08633243561671869,0.7815735110542741,25,20,20
7,6405,0.1320545302532657,3.95230757413245e-05,0.08633246841627613,0.7815734782547168,25,20,20
7,6406,0.13205453025340938,3.948490499059286e-05,0.08004011354767117,0.7878658712939283,25,20,20
7,6407,0.1320545302534094,3.948490499488531e-05,0.08004465306263614,0.787861331778959,25,20,20
7,6408,0.13205453025340944,3.948490523780567e-05,0.08031088970726746,0.7875950951340849,25,20,20
7,6409,0.1320521790835592,3.9484102770004776e-05,0.07930734014414366,0.7886009966695267,25,20,20
7,6410,0.13205221263967604,3.948411689278464e-05,0.07951361161360586,0.7883946916298248,25,20,20
7,6411,0.13205221249193944,3.948411640791695e-05,0.07951096549725595,0.7883973378943965,25,20,20
7,6412,0.13205221249193944,3.948411640791695e-05,0.07951088639501962,0.7883974169966329,25,20,20
7,6413,0.13205217893577387,3.948410228498654e-05,0.0793030175911831,0.788605319370758,25,20,20
7,6414,0.1320521789357731,3.9484102284837294e-05,0.0793095372722509,0.7885987996896909,25,20,20
7,6415,0.1320521789357731,3.948410228491259e-05,0.07930962032610192,0.7885987166358399,25,20,20
7,6416,0.13205217893559096,3.948410228062012e-05,0.07930500390383309,0.7886033330582951,25,20,20
7,6417,0.13205217892523285,3.948410203656288e-05,0.0792122428569337,0.7886960941157968,25,20,20
7,6418,0.13205217892523607,3.94841159758643e-05,0.07922444993624916,0.7886838870225388,25,20,20
7,6419,0.13205217892523524,3.948411597157398e-05,0.07922438676501813,0.788683950193775,25,20,20
7,6420,0.13205217892523533,3.948411597583573e-05,0.07949063828435766,0.7884176986744312,25,20,20
7,6421,0.13205217892523527,3.948411597583446e-05,0.07948604429250125,0.7884222926662879,25,20,20
7,6422,0.14679981720818608,3.9474452438222956e-05,0.06478859100057238,0.7883721173388036,25,20,20
7,6423,0.15267885735195363,3.947017589180302e-05,0.058909531456829006,0.7883721410153259,25,20,20
7,6424,0.15267885735195366,3.9470175896094185e-05,0.058914119155866806,0.7883675533162838,25,20,20
7,6425,0.15267885735195366,3.947017589609421e-05,0.058914121128888865,0.7883675513432616,25,20,20
7,6426,0.1249853197866417,3.947055417809795e-05,0.0862903191829155,0.7886848904762648,25,20,20
7,6427,0.12498531978664255,3.947055442267766e-05,0.08629765365300864,0.7886775560059262,25,20,20
7,6428,0.12498531978664261,3.9470554426968e-05,0.0862978489243575,0.788677360734573,25,20,20
7,6429,0.1224629384585861,3.9470183323840225e-05,0.0891374638689598,0.7883601274891303,25,20,20
7,6430,0.12246293845877908,3.947018353115655e-05,0.09523809758339138,0.7822594937742986,25,20,20
7,6431,0.12246293845877902,3.94701835268654e-05,0.09523339343764096,0.7822641979200533,25,20,20
7,6432,0.12246293845878214,3.94701835311557e-05,0.09523342137913632,0.7822641699785505,25,20,20
7,6433,0.12246293845878208,3.947018352693852e-05,0.09522883394277021,0.7822687574149211,25,20,20
7,6434,0.12246293845878208,3.947018352693852e-05,0.09522883394277022,0.7822687574149211,25,20,20
7,6435,0.12246293845878434,3.9470183525752104e-05,0.10628655951587293,0.7712110318418172,25,20,20
7,6436,0.12246293845878434,3.947018328275779e-05,0.1060202895109884,0.7714773018469446,25,20,20
7,6437,0.12246293845878434,3.947018328268382e-05,0.1060202084648669,0.7714773828930663,25,20,20
7,6438,0.12246293845878747,3.947018328697365e-05,0.10602483012951242,0.7714727612284134,25,20,20
7,6439,0.12246293845878668,3.947018304246923e-05,0.10601757815242595,0.7714800132057451,25,20,20
7,6440,0.12246293845878674,3.947018304246923e-05,0.10601754535304528,0.7714800460051258,25,20,20
7,6441,0.12246293845878599,3.947018304246793e-05,0.10601893728030448,0.7714786540778674,25,20,20
7,6442,0.12246293845878599,3.9470183042502494e-05,0.10639184393115558,0.771105747427016,25,20,20
7,6443,0.12242275085298888,3.947543092595257e-05,0.1064320262665049,0.7711057474495802,25,20,20
7,6444,0.11941040498647697,3.947790333754541e-05,0.10870619383060875,0.7718439232795764,25,20,20
7,6445,0.08120803852034417,7.082470560376271e-05,0.1467277372924494,0.7719933994816014,25,20,20
7,6446,0.08597625520937685,0.00018385885695844308,0.14257531085456837,0.7712645750790952,25,20,20
7,6447,0.08597625520937364,0.00018385885695415148,0.14257516947211404,0.7712647164615569,25,20,20
7,6448,0.08597625520937684,0.00018385964310707741,0.1430096099804259,0.7708302751670888,25,20,20
7,6449,0.08597625520955905,0.00018385964310715531,0.1430096921679133,0.7708301929794191,25,20,20
7,6450,0.08597625520955977,0.00018385964310715534,0.1430146762104176,0.7708252089369141,25,20,20
7,6451,0.08597625520955977,0.00018385964310715399,0.14301467478837415,0.7708252103589576,25,20,20
7,6452,0.08597625520937768,0.000183859643107154,0.14300991843264205,0.7708299667148717,25,20,20
7,6453,0.08597625520937768,0.00018385964310304017,0.14275018995237393,0.7710896951951437,25,20,20
7,6454,0.1249437208274358,0.00014439463552783907,0.10382554390021634,0.7710863406368185,25,20,20
7,6455,0.12494372082743502,0.00014439463552776513,0.10382554163125651,0.7710863429057793,25,20,20
7,6456,0.1249437208274326,0.00014439463552776385,0.1038255087491222,0.7710863757879158,25,20,20
7,6457,0.12494372082743181,0.00014439463552773726,0.1040852354782523,0.7708266490587866,25,20,20
7,6458,0.12494372082742865,0.00014439462183302818,0.10407774943563039,0.7708341351151067,25,20,20
7,6459,0.12494372082742862,0.0001443946220775364,0.10408437141487946,0.7708275131356133,25,20,20
7,6460,0.12494372082742546,0.00014439383592461177,0.10365004336172857,0.7712618419749202,25,20,20
7,6461,0.12494372082742544,0.00014439383568002823,0.10364333970723937,0.7712685456296541,25,20,20
7,6462,0.12494372082742465,0.00014439383567566315,0.1036386755006642,0.7712732098362344,25,20,20
7,6463,0.12520589234617072,0.0001443937487866135,0.1033765276989222,0.7712731862061196,25,20,20
7,6464,0.1252058923461707,0.00014439374860956045,0.09231861066948677,0.7823311032357322,25,20,20
7,6465,0.1252058923462158,0.00014439374885190094,0.09269208838039054,0.7819576255245408,25,20,20
7,6466,0.1252058923462166,0.00014439374885205148,0.09269679043759343,0.7819529234673371,25,20,20
7,6467,0.12520589234621737,0.00014439374885212542,0.09269689349654824,0.7819528204083813,25,20,20
7,6468,0.12044265304530617,3.135713291576608e-05,0.09758262299436612,0.7819433668274111,25,20,20
7,6469,0.12044265304512396,3.135713291568687e-05,0.09758251436324183,0.7819434754587177,25,20,20
7,6470,0.12044265304512437,3.135713267342168e-05,0.09721564236437288,0.7823103474578281,25,20,20
7,6471,0.12044265304512118,3.1357132669131836e-05,0.0972109401952319,0.7823150496269767,25,20,20
7,6472,0.11881637773929456,5.342269707654441e-09,0.09901797294689611,0.7821656439715392,25,20,20
7,6473,0.11881637774967667,5.342274071939746e-09,0.0990180844259299,0.782165532482119,25,20,20
7,6474,0.11881637774967672,5.342274073261057e-09,0.09901816448996115,0.7821654524180875,25,20,20
7,6475,0.11881637774967672,5.342274074603529e-09,0.09901816788502674,0.782165449023022,25,20,20
7,6476,0.11881637774967592,5.342273999352479e-09,0.0990135052118019,0.7821701116962478,25,20,20
7,6477,0.11881637774967586,5.342273924083558e-09,0.09901342355495535,0.7821701933530943,25,20,20
7,6478,0.11881637774985794,5.342029405717713e-09,0.09901021316579611,0.7821734037423161,25,20,20
7,6479,0.11881637774985794,5.342029408357486e-09,0.09901681651313413,0.7821668003949779,25,20,20
7,6480,0.08488444001253548,7.109538204378998e-05,0.13287756028118544,0.7821669043242345,25,20,20
7,6481,0.08488444002291445,7.109538204505133e-05,0.12182308969840751,0.7932213748966322,25,20,20
7,6482,0.08488444002273232,7.109538204497475e-05,0.12182146516715181,0.7932229994280701,25,20,20
7,6483,0.08487565798256978,7.112473919617186e-05,0.12183028595097514,0.7932229313272581,25,20,20
7,6484,0.08487565798516453,7.112475313555115e-05,0.12184260611319109,0.7932106111485081,25,20,20
7,6485,0.08487565798516374,7.112475313540321e-05,0.12184906581953961,0.7932041514421603,25,20,20
7,6486,0.08487565798520925,7.112475338007083e-05,0.12184729662201775,0.7932059206393922,25,20,20
7,6487,0.08487565798261457,7.112473944069413e-05,0.12183725318060383,0.7932159640973402,25,20,20
7,6488,0.08487565798256905,7.11247391960239e-05,0.1218325340900945,0.7932206831881397,25,20,20
7,6489,0.08487565798256906,7.112473919609917e-05,0.12183261517135616,0.793220602106878,25,20,20
7,6490,0.07900495512417874,6.358165256997459e-08,0.12777447879210677,0.793220502502061,25,20,20
7,6491,0.07900495512417868,6.358165256735555e-08,0.1277743967407196,0.7932205845534481,25,20,20
7,6492,0.07900495511379657,6.358164820307022e-08,0.12777428526836052,0.7932206960361938,25,20,20
7,6493,0.0551047204765643,8.625695912683454e-08,0.15167442784795462,0.7932207654185208,25,20,20
7,6494,0.050928379212031985,8.580390664916673e-08,0.15585079585356623,0.7932207391304946,25,20,20
7,6495,0.050928379212035184,8.580390672445939e-08,0.15584430745547467,0.7932272275285831,25,20,20
7,6496,0.05086061445549759,8.543486777695166e-08,0.15591207728737433,0.7932272228222597,25,20,20
7,6497,0.05086061445549764,8.543486785224337e-08,0.15591216084027182,0.7932271392693621,25,20,20
7,6498,0.05086061445549764,8.543486785226574e-08,0.1559120449691475,0.7932272551404864,25,20,20
7,6499,0.050860614455497624,8.543486777567673e-08,0.15591196188015638,0.7932273382294777,25,20,20
7,6500,0.05086061445549763,8.543486770038495e-08,0.15591200437730482,0.7932272957323292,25,20,20
7,6501,0.05086061445549763,8.543486777435707e-08,0.15590980868131862,0.7932294914283153,25,20,20
7,6502,0.05086061445814147,8.54348720666238e-08,0.15590985823449172,0.7932294418724942,25,20,20
7,6503,0.05086061445814148,8.543487221454837e-08,0.15591444649859665,0.7932248536083891,25,20,20
7,6504,0.05086061445814148,8.543487221325167e-08,0.15590784300174582,0.7932314571052401,25,20,20
7,6505,0.05086061445814154,8.543487650547592e-08,0.1559144489194687,0.7932248511875128,25,20,20
7,6506,0.0508606144581415,8.543511869901008e-08,0.15628094850175547,0.7928583516049841,25,20,20
7,6507,0.050860614458141516,8.543511870160476e-08,0.1562808430147059,0.7928584570920337,25,20,20
7,6508,0.0508606144581415,8.543511870158159e-08,0.15628080505096206,0.7928584950557774,25,20,20
7,6509,0.050860614458141606,8.543511870424577e-08,0.1562808606224211,0.7928584394843183,25,20,20
7,6510,0.0508606144581416,8.543487636022188e-08,0.15590775733023002,0.7932315427767517,25,20,20
7,6511,0.05086061444776352,8.543487636055944e-08,0.15590444943789636,0.7932348506794635,25,20,20
7,6512,0.050860614447763616,8.543487621135973e-08,0.1559044840624791,0.7932348160548809,25,20,20
7,6513,0.050860614447763616,8.543487621133738e-08,0.15590448407257676,0.7932348160447832,25,20,20
7,6514,0.050860614447945755,8.543488050424865e-08,0.1559046805435801,0.7932346195735934,25,20,20
7,6515,0.050860614447945755,8.543488050420273e-08,0.15590468004446328,0.7932346200727102,25,20,20
7,6516,0.09065732742550223,9.049823765733061e-08,0.11610796566765139,0.7932346164086086,25,20,20
7,6517,0.09065732742545989,9.051217873980848e-08,0.11610835794084698,0.7932342241215141,25,20,20
7,6518,0.09065732742545675,9.051217866451669e-08,0.11611294505047144,0.793229637011893,25,20,20
7,6519,0.09065732742545675,9.051217881504877e-08,0.11611456603730738,0.7932280160250569,25,20,20
7,6520,0.09061566696656483,8.543376730777309e-08,0.11615623199194189,0.7932280156077259,25,20,20
7,6521,0.09061566696656484,8.54337715142358e-08,0.11624845646375773,0.7931357911359058,25,20,20
7,6522,0.09061566696656484,8.543376725248198e-08,0.11598374467274693,0.7934005029269204,25,20,20
7,6523,0.0906156669665648,8.54337671759145e-08,0.1159883657101578,0.7933958818895096,25,20,20
7,6524,0.09061566696641486,8.613510684516966e-08,0.11458022587486384,0.7948040210236139,25,20,20
7,6525,0.09061566696641807,8.613510684519323e-08,0.11458193688384367,0.794802310014631,25,20,20
7,6526,0.09061566696641794,8.61351068451473e-08,0.11458188398658024,0.7948023629118944,25,20,20
7,6527,0.09061566696623592,8.613510262829232e-08,0.11484802667200351,0.7945362202266574,25,20,20
7,6528,0.0906156669662359,8.613510262699548e-08,0.11484652165660447,0.7945377252420565,25,20,20
7,6529,0.09061566696619294,8.543355571668032e-08,0.11015414691331346,0.7992301006869372,25,20,20
7,6530,0.09061566696619289,8.543355579016388e-08,0.11028354785581101,0.7991006997444398,25,20,20
7,6531,0.09061566696619602,8.543355150973e-08,0.11019132300267298,0.799192924597579,25,20,20
7,6532,0.09061566696373513,8.543354729147862e-08,0.11018633766350591,0.799197909939211,25,20,20
7,6533,0.09102140177961342,1.4028710527748397e-06,0.10959321772785945,0.7993839776214735,25,20,20
7,6534,0.0910214017796134,1.4028710527722444e-06,0.10959332816695111,0.7993838671823817,25,20,20
7,6535,0.09102140177961347,1.402871052774886e-06,0.10959560830847652,0.7993815870408564,25,20,20
7,6536,0.09102140177965891,1.4028849642269873e-06,0.10968803400204422,0.7992891613333319,25,20,20
7,6537,0.09102140177965891,1.4028849642282627e-06,0.10968800063243761,0.7992891947029385,25,20,20
7,6538,0.09102140178241593,1.4028849685690639e-06,0.10993804184138402,0.7990391534912308,25,20,20
7,6539,0.09102140178225084,1.4028849685204597e-06,0.10969294320155504,0.7992842521312248,25,20,20
7,6540,0.09102140178225074,1.4028849685217582e-06,0.10968832166369627,0.7992888736690837,25,20,20
7,6541,0.09102140178225072,1.402884968523056e-06,0.10969022295310957,0.7992869723796703,25,20,20
7,6542,0.09102140178224753,1.4028710274405592e-06,0.10968792479322151,0.7992892705535027,25,20,20
7,6543,0.09102140178224748,1.4028710274392378e-06,0.10968564606346445,0.7992915492832599,25,20,20
7,6544,0.09102140178225145,1.40287103173194e-06,0.10968801800191003,0.7992891773448059,25,20,20
7,6545,0.09102140178225143,1.4028710359936802e-06,0.10995426835929661,0.7990229269874153,25,20,20
7,6546,0.09925922008505225,1.3804043917733393e-06,0.10171654423344619,0.7990228552771093,25,20,20
7,6547,0.09925922008505542,1.380404400275249e-06,0.10208965828028264,0.7986497412302613,25,20,20
7,6548,0.09925922008505622,1.3804044003492302e-06,0.1020961842473799,0.7986432152631632,25,20,20
7,6549,0.09925922008523835,1.3804044002753141e-06,0.1020931359281159,0.7986462635822451,25,20,20
7,6550,0.09925922008523835,1.3804044002740162e-06,0.10209310051346382,0.7986462989968973,25,20,20
7,6551,0.09925922008523516,1.3804043959084023e-06,0.10209307064057577,0.7986463288697929,25,20,20
7,6552,0.0992592200852351,1.3804043916162015e-06,0.10208646465648454,0.7986529348538884,25,20,20
7,6553,0.09925922008523591,1.3804043916187735e-06,0.10208669474400071,0.7986527047663715,25,20,20
7,6554,0.09925922008523273,1.3804043831168417e-06,0.10171358066254703,0.7990258188478369,25,20,20
7,6555,0.09565531365504128,1.5185813685154146e-06,0.10531607547324107,0.7990270922903487,25,20,20
7,6556,0.09565531365504125,1.5185813685153915e-06,0.10531604073852895,0.7990271270250606,25,20,20
7,6557,0.09565531366537677,1.5185674614271214e-06,0.10522841300586915,0.7991147547612921,25,20,20
7,6558,0.0956555962542846,1.488968634764563e-06,0.10522802107837062,0.7991148936987096,25,20,20
7,6559,0.09565559625428455,1.4889686347632425e-06,0.1052234340400644,0.799119480737016,25,20,20
7,6560,0.09565559625428455,1.4889686390422976e-06,0.1053528735586255,0.7989900412184504,25,20,20
7,6561,0.09565559625410242,1.4889686390396559e-06,0.10535133448977257,0.7989915802874856,25,20,20
7,6562,0.09565559625410236,1.4889686390401656e-06,0.10508502450413379,0.7992578902731244,25,20,20
7,6563,0.09565559625150805,1.4889686347505874e-06,0.10507841157946408,0.7992645032003928,25,20,20
7,6564,0.0757680198846716,1.4892026397844709e-06,0.1249658664084035,0.799264624504285,25,20,20
7,6565,0.0757680198872667,1.4892028842945489e-06,0.1248430516484503,0.7993874392613987,25,20,20
7,6566,0.0757680198872667,1.489202888584894e-06,0.12484308006696652,0.7993874108428781,25,20,20
7,6567,0.07576801988744884,1.4892028929516534e-06,0.12484471427188457,0.7993857766377735,25,20,20
7,6568,0.07576801988744963,1.4892031360207608e-06,0.12511106481155174,0.7991194260978624,25,20,20
7,6569,0.07576773734839751,1.4891850407263627e-06,0.12511148878114073,0.7991192846854207,25,20,20
7,6570,0.07576773734839679,1.4891852853187202e-06,0.12511609368056736,0.7991146797857502,25,20,20
7,6571,0.07576773734580167,1.4891850406585696e-06,0.12510938635444713,0.7991213871147101,25,20,20
7,6572,0.07576773734580165,1.4891850405578474e-06,0.13907763580725355,0.7851531376619043,25,20,20
7,6573,0.07576773734584008,1.4891850406198481e-06,0.1453274259764844,0.7789033474926349,25,20,20
7,6574,0.07576773734584014,1.4891850449097045e-06,0.14532552535085505,0.77890524811826,25,20,20
7,6575,0.075767737345841,1.4891850492032463e-06,0.14533205036036304,0.7788987231087467,25,20,20
7,6576,0.07576773734584025,1.4891850492032586e-06,0.14532552639660984,0.7789052470725006,25,20,20
7,6577,0.07576773734584025,1.4891850449242038e-06,0.1451960049969222,0.7790347684721927,25,20,20
7,6578,0.07924866569871475,1.3510096965989316e-06,0.14171648826193145,0.7790334950296574,25,20,20
7,6579,0.07924866569871475,1.351009696598932e-06,0.14171652623766123,0.7790334570539276,25,20,20
7,6580,0.07924866569871473,1.3510096965490998e-06,0.127746653214722,0.7930033300768669,25,20,20
7,6581,0.07924866569871387,1.3510096922581357e-06,0.12800634694577007,0.7927436363458239,25,20,20
7,6582,0.07924866569871394,1.3510096880417846e-06,0.12800631992868264,0.7927436633629155,25,20,20
7,6583,0.07924866569871682,1.3510096881747836e-06,0.1326651056369439,0.7880848776546512,25,20,20
7,6584,0.07924866569871285,1.3510096839573615e-06,0.13266933791683894,0.7880806453747641,25,20,20
7,6585,0.07924866569871276,1.3510094393624087e-06,0.13266450299626448,0.7880854802955832,25,20,20
7,6586,0.07884182333991868,5.224747210427158e-09,0.13325875805694354,0.7878994133783901,25,20,20
7,6587,0.0788418233399195,5.224747287004204e-09,0.1332653684892463,0.7878928029460865,25,20,20
7,6588,0.07884182333991877,5.224508507729709e-09,0.13300372011388253,0.7881544513216899,25,20,20
7,6589,0.07652227725586697,2.7257546444011825e-05,0.13529385594948934,0.7881566092481997,25,20,20
7,6590,0.07652227725586692,2.7257546688520516e-05,0.13530037360498234,0.7881500915924623,25,20,20
7,6591,0.076592413581103,2.7258564421486862e-05,0.13523023379444576,0.7881500940600296,25,20,20
7,6592,0.076592413581103,2.7258564421562157e-05,0.13523034965647215,0.7881499781980031,25,20,20
7,6593,0.07659262034963428,2.7258395024760785e-05,0.13523014386496107,0.7881499773903797,25,20,20
7,6594,0.07659262034981562,2.7258395269443328e-05,0.1352324986050642,0.7881476226498506,25,20,20
7,6595,0.07659262034999459,2.7258395273763077e-05,0.13496853334764988,0.7884115879070818,25,20,20
7,6596,0.07659262034999777,2.725839527376439e-05,0.13496201304902042,0.7884181082057081,25,20,20
7,6597,0.07659262034999777,2.7258395273764392e-05,0.13496201246333436,0.7884181087913942,25,20,20
7,6598,0.07659262034999784,2.7258395273756315e-05,0.13504960269437827,0.7883305185603501,25,20,20
7,6599,0.07659262034981809,2.7258395273754963e-05,0.13505263727083017,0.788327483984078,25,20,20
7,6600,0.07659262034981808,2.7258395029170964e-05,0.13504600513174936,0.7883341161234033,25,20,20
7,6601,0.07659262034963593,2.7258395020589497e-05,0.135043638869956,0.7883364823853873,25,20,20
7,6602,0.07659262034963275,2.7258395020514206e-05,0.13504363543990744,0.7883364858154391,25,20,20
7,6603,0.07659262033925188,2.725839501622302e-05,0.13504353666684452,0.7883365845988871,25,20,20
7,6604,0.07659262033943232,2.725839525863766e-05,0.1351503260642913,0.7882297952010171,25,20,20
7,6605,0.07659262033961443,2.725839525434785e-05,0.13515042021663823,0.7882297010484923,25,20,20
7,6606,0.10916467845206458,5.782606299829834e-09,0.10260789457026386,0.7882274211950648,25,20,20
7,6607,0.10916467845202617,5.782606236530961e-09,0.09635810435753132,0.794477211407836,25,20,20
7,6608,0.10916467845202696,5.782610527431579e-09,0.09636474180208486,0.7944705739632775,25,20,20
7,6609,0.10916467845202617,5.782606236507787e-09,0.09635810435550679,0.7944772114098606,25,20,20
7,6610,0.10916467845202328,5.782606178765079e-09,0.09170584237097067,0.7991294733943995,25,20,20
7,6611,0.1091646784520265,5.782606329301154e-09,0.09171244842105232,0.7991228673443146,25,20,20
7,6612,0.10916467845202654,5.782606405858967e-09,0.09171715054797196,0.7991181652173949,25,20,20
7,6613,0.10916467845184613,5.7823639912369804e-09,0.09134403197087733,0.7994912837949123,25,20,20
7,6614,0.10916467845184613,5.7823639172666015e-09,0.09134395136445138,0.7994913644013383,25,20,20
7,6615,0.10916467845166401,5.78235962709279e-09,0.09134447936524344,0.7994908364007324,25,20,20
7,6616,0.10916467845166405,5.782359551827256e-09,0.09134228321477053,0.7994930325512054,25,20,20
7,6617,0.10916467845166405,5.782359627118559e-09,0.09134228522856735,0.7994930305374085,25,20,20
7,6618,0.109164678451664,5.782359625797649e-09,0.09134228334198669,0.7994930324239892,25,20,20
7,6619,0.11530963216659487,5.630397092849443e-09,0.08519733014298397,0.7994930320600236,25,20,20
7,6620,0.11530963216659475,5.630392811096152e-09,0.08510511684987293,0.7995852453531391,25,20,20
7,6621,0.11530963216659554,5.630392811096151e-09,0.0851053434407454,0.7995850187622657,25,20,20
7,6622,0.11530963216659551,5.6303928097983416e-09,0.08510537621362635,0.7995849859893849,25,20,20
7,6623,0.11530963216659551,5.630392734541701e-09,0.08509877202467071,0.7995915901783406,25,20,20
7,6624,0.11530963216659551,5.6303927345420334e-09,0.08510096912296466,0.7995893930800466,25,20,20
7,6625,0.11530963216677645,5.644243103522905e-09,0.08536841799629721,0.7993219441926827,25,20,20
7,6626,0.11530963216659551,5.630392735839769e-09,0.08510097054483069,0.7995893916581805,25,20,20
7,6627,0.11530963216659551,5.630392735839768e-09,0.08510100393904642,0.7995893582639648,25,20,20
7,6628,0.11530963216659551,5.630392812419944e-09,0.08510570577211858,0.7995846564308924,25,20,20
7,6629,0.11530963216659788,5.630392885082484e-09,0.08509917268153618,0.7995911895214725,25,20,20
7,6630,0.11530963216641897,5.630152566785857e-09,0.08509692162035946,0.7995934405830686,25,20,20
7,6631,0.11636980229525974,4.9975750322770646e-05,0.08398678135967717,0.7995934405947395,25,20,20
7,6632,0.11636980229530526,4.997575081089157e-05,0.0840791239656842,0.7995010979881988,25,20,20
7,6633,0.11636980229530205,4.9975750810818894e-05,0.0840745015261268,0.7995057204277595,25,20,20
7,6634,0.11636980229530533,4.997575081510911e-05,0.08407142439074936,0.7995087975631294,25,20,20
7,6635,0.1163698022953022,4.997575081924972e-05,0.08407601122370152,0.7995042107301762,25,20,20
7,6636,0.11995139316426534,4.997473308046155e-05,0.08049442384079596,0.7995042082618575,25,20,20
7,6637,0.11995139316421981,4.997473259234066e-05,0.08040208207094932,0.7995965500322381,25,20,20
7,6638,0.11995145681637226,4.99748216228793e-05,0.08040201791286851,0.7995965504491358,25,20,20
7,6639,0.11995145681655436,4.997482186747354e-05,0.08040668063478185,0.7995918877267958,25,20,20
7,6640,0.10250853844496778,4.997252385855332e-05,0.09784899477996038,0.7995924942512137,25,20,20
7,6641,0.10250853844496774,4.997252385426475e-05,0.09784431966738875,0.7995971693637897,25,20,20
7,6642,0.10250853844496774,4.99725238542674e-05,0.09784443273929273,0.7995970562918856,25,20,20
7,6643,0.10250853844500067,4.997253412017695e-05,0.10890225334592078,0.7885392356749586,25,20,20
7,6644,0.10250822371805336,4.997299897375652e-05,0.10890256753028513,0.7885392357526879,25,20,20
7,6645,0.10250822371805336,4.997299897383177e-05,0.10890268197064228,0.7885391213123308,25,20,20
7,6646,0.10250822371805336,4.997299897383177e-05,0.10890268067423411,0.7885391226087388,25,20,20
7,6647,0.10250822371791672,4.997299897819731e-05,0.10889808166146901,0.7885437216216361,25,20,20
7,6648,0.10250822371791678,4.997299897834524e-05,0.10890033229227201,0.7885414709908329,25,20,20
7,6649,0.10250822371791676,4.997299897402036e-05,0.10852734283165714,0.7889144604514524,25,20,20
7,6650,0.10250822371796214,4.997299897829682e-05,0.10865687185381662,0.7887849314292432,25,20,20
7,6651,0.10250822371796212,4.997299898258666e-05,0.10865687169105662,0.7887849315919989,25,20,20
7,6652,0.10250822371796361,4.997299915958353e-05,0.11971456590031058,0.7777272373825664,25,20,20
7,6653,0.10250822371796049,4.99729991594797e-05,0.11998075482424139,0.7774610484586388,25,20,20
7,6654,0.10250822371796366,4.997301309441732e-05,0.11998837382311857,0.7774534294458236,25,20,20
7,6655,0.10144898111351748,2.8930870845702806e-09,0.12109758655924291,0.7774534294341525,25,20,20
7,6656,0.10144898111353325,2.9615453461833772e-09,0.1576520986493999,0.7408989172755218,25,20,20
7,6657,0.10144898111353007,2.9476061187333218e-09,0.15763980814376535,0.7409112077950988,25,20,20
7,6658,0.10144898111354271,2.937344572785613e-09,0.14658851477087,0.7519625011782431,25,20,20
7,6659,0.1014489811135403,2.937344559245283e-09,0.14671211937169745,0.751838896577418,25,20,20
7,6660,0.10144898111354023,2.9373402961628094e-09,0.14644578669100028,0.7521052292581196,25,20,20
7,6661,0.1014506593574724,2.8483376325930608e-09,0.1464441089605391,0.7521052288336514,25,20,20
7,6662,0.1014506593574724,2.8483376325706934e-09,0.14644410896071597,0.7521052288334746,25,20,20
7,6663,0.1014506593574724,2.848337558621934e-09,0.14644410753339027,0.7521052302608005,25,20,20
7,6664,0.1014506593574724,2.8483375586218133e-09,0.14644415958939078,0.7521051782047999,25,20,20
7,6665,0.10145065935729035,2.848337571896485e-09,0.1464417767287452,0.7521075610656274,25,20,20
7,6666,0.10145065935724498,2.848333295433077e-09,0.14631224900299378,0.7522370887914285,25,20,20
7,6667,0.09780147988791915,2.223299366433824e-07,0.1499611909831138,0.7522371067990307,25,20,20
7,6668,0.09780148003538278,2.22329940214255e-07,0.15008923809099708,0.7521090595436801,25,20,20
7,6669,0.0978014800457637,2.2233018488452555e-07,0.15009407469963762,0.752104222924414,25,20,20
7,6670,0.09780148004573443,2.22401123462214e-07,0.18652347202912614,0.7156748255240153,25,20,20
7,6671,0.09780147989831628,2.2240087957347563e-07,0.18639971072163233,0.715798586979171,25,20,20
7,6672,0.09780150121314798,2.2236767584609034e-07,0.1880402062541202,0.7141580701650557,25,20,20
7,6673,0.09780150121314567,2.2236749884665586e-07,0.1769823979036326,0.7252158785157231,25,20,20
7,6674,0.09780150121314568,2.2236749892038373e-07,0.17711181450696778,0.7250864619123877,25,20,20
7,6675,0.09780149010184447,2.2233644383060014e-07,0.17891297282357194,0.7232853147381398,25,20,20
7,6676,0.09780149010179974,2.2233668413460656e-07,0.17891116157299006,0.7232871259885261,25,20,20
7,6677,0.09780149010437027,2.2233668188327015e-07,0.1792795028173109,0.722918784741637,25,20,20
7,6678,0.0978014901043702,2.2233668609895903e-07,0.17928140744806143,0.7229168801108824,25,20,20
7,6679,0.09780149011475066,2.223366861729642e-07,0.17928796161454685,0.7229103259340165,25,20,20
7,6680,0.09780149011475066,2.2233668609901539e-07,0.17928796222409857,0.7229103253244646,25,20,20
7,6681,0.09780149011475066,2.2233668181068416e-07,0.1792814701906173,0.7229168173579502,25,20,20
7,6682,0.09780149011475066,2.223366818093861e-07,0.17927919462468375,0.7229190929238841,25,20,20
7,6683,0.09784978904393621,2.2233824477049209e-07,0.17923089568647932,0.7229190929313403,25,20,20
7,6684,0.0910586656801777,2.2233798747823686e-07,0.18602201870114118,0.7229190932806939,25,20,20
7,6685,0.09105866566983568,2.2233819387087706e-07,0.1922649413773546,0.716676170614616,25,20,20
7,6686,0.1307540746667926,2.223442509191391e-07,0.1525695323743358,0.7166761706146211,25,20,20
7,6687,0.1307540746667926,2.223442509931103e-07,0.1525696134307324,0.7166760895582245,25,20,20
7,6688,0.13075407466674702,2.223442466282045e-07,0.15256308820944503,0.7166826147795617,25,20,20
7,6689,0.13075407466692915,2.2234424670476862e-07,0.15256471073299185,0.7166809922558328,25,20,20
7,6690,0.13075407466692915,2.2234424670476862e-07,0.15256470869611427,0.7166809942927104,25,20,20
7,6691,0.13075296864395544,6.202364659216671e-06,0.1525302930736509,0.7167105359177347,25,20,20
7,6692,0.13075296864395544,6.202364659217947e-06,0.1525302576690858,0.7167105713222999,25,20,20
7,6693,0.1307529686439554,6.202364659067417e-06,0.1525279794248438,0.7167128495665419,25,20,20
7,6694,0.13075296864381963,6.202364659068752e-06,0.15253300676537804,0.7167078222261435,25,20,20
7,6695,0.1307556320687187,6.206697636459921e-06,0.15610071981357357,0.7131374414200713,25,20,20
7,6696,0.13075566374143854,6.207443912232761e-06,0.15854216253778128,0.710695966276868,25,20,20
7,6697,0.13075566374143852,6.207443912158792e-06,0.15854216053643946,0.7106959682782099,25,20,20
7,6698,0.13075566373886718,6.207443669815154e-06,0.1581690982649631,0.7110690305524998,25,20,20
7,6699,0.13075566373886716,6.207443669813852e-06,0.15817134808517022,0.7110667807322928,25,20,20
7,6700,0.13075566372848704,6.207443429481433e-06,0.1584328506412211,0.7108052781868622,25,20,20
7,6701,0.13075566372848704,6.2074434294801355e-06,0.15843284864358986,0.7108052801844933,25,20,20
7,6702,0.130755663728487,6.207443429480137e-06,0.15843276881586732,0.7108053600122157,25,20,20
7,6703,0.130755663728487,6.207443433657758e-06,0.1588057896526007,0.7104323391754782,25,20,20
7,6704,0.13075566372848701,6.207443433657758e-06,0.15880601880234796,0.710432110025731,25,20,20
7,6705,0.1307556637286683,6.207443433596955e-06,0.158685495333675,0.7105526334942229,25,20,20
7,6706,0.1307556638752319,6.207443671600459e-06,0.1587927152657268,0.7104454134153694,25,20,20
7,6707,0.1307556638752319,6.2074436716017565e-06,0.15879271725308278,0.7104454114280135,25,20,20
7,6708,0.13075566372866754,6.2074434292630215e-06,0.15842143632577466,0.7108166925021283,25,20,20
7,6709,0.13075687435147823,6.207439387321418e-06,0.15842393114339037,0.7108129870657439,25,20,20
7,6710,0.13075687435147823,6.207439631934374e-06,0.15842561246056025,0.7108113057483294,25,20,20
7,6711,0.1330845280731835,6.208158986565971e-06,0.15609795928622855,0.7108113044816011,25,20,20
7,6712,0.09895446032203152,6.208171008168894e-06,0.1902280270295179,0.7108113044774425,25,20,20
7,6713,0.11381137750312245,6.2058608865799134e-06,0.17537172063052422,0.7108106960054664,25,20,20
7,6714,0.11381137750312244,6.205860886579913e-06,0.17537171996605141,0.7108106966699392,25,20,20
7,6715,0.11381137750312247,6.20586088657994e-06,0.1753695227773296,0.7108128938586611,25,20,20
7,6716,0.11381137750315767,6.205860890050569e-06,0.18161251814165957,0.7045698984942927,25,20,20
7,6717,0.11381137750324875,6.205860894415961e-06,0.18161480624308965,0.7045676103927673,25,20,20
7,6718,0.11381137751362916,6.205860898676177e-06,0.1816198297344555,0.7045625868910166,25,20,20
7,6719,0.11381137751362921,6.205860898676223e-06,0.1816197777977933,0.7045626388276786,25,20,20
7,6720,0.11350788846315715,6.206212685632759e-06,0.18192317088349685,0.70456273444066,25,20,20
7,6721,0.11351776538438539,6.205735471808343e-06,0.18190960817853552,0.704566420701607,25,20,20
7,6722,0.11351773371166564,6.204989200325619e-06,0.17947033057317158,0.7070057307259623,25,20,20
7,6723,0.11351773371166876,6.204989204615475e-06,0.17947275645923466,0.7070033048398918,25,20,20
7,6724,0.11351773371166562,6.20498920039959e-06,0.17946813537299328,0.7070079259261405,25,20,20
7,6725,0.11351773371166558,6.204989204617239e-06,0.1794681958854287,0.707007865413701,25,20,20
7,6726,0.1135177337116192,6.204989204540616e-06,0.17946165790761476,0.7070144033915611,25,20,20
7,6727,0.11351773371161919,6.204989200248972e-06,0.17946151631372534,0.7070145449854549,25,20,20
7,6728,0.13417607128185607,6.204959499334458e-06,0.15880686520855336,0.7070108585500909,25,20,20
7,6729,0.13417607128185607,6.2049594993331605e-06,0.15880675078377415,0.7070109729748701,25,20,20
7,6730,0.13417607128185607,6.204959499334481e-06,0.15880671739985425,0.70701100635879,25,20,20
7,6731,0.13417607128185607,6.204959499334528e-06,0.158806604485206,0.7070111192734382,25,20,20
7,6732,0.13417607187356773,6.204959507918093e-06,0.15881149869672354,0.7070062244702003,25,20,20
7,6733,0.1341760718735677,6.204959507918337e-06,0.1586820507123618,0.707135672454562,25,20,20
7,6734,0.13417607187353248,6.2049593014529885e-06,0.15243250082337043,0.7133852223437951,25,20,20
7,6735,0.13417607187353245,6.204959301452967e-06,0.15243227025177705,0.7133854529153887,25,20,20
7,6736,0.13417607187353509,6.204959460689931e-06,0.16640228870884868,0.6994154344581552,25,20,20
7,6737,0.15086252133755584,6.20475374297158e-06,0.14971583869743507,0.6994154352112658,25,20,20
7,6738,0.15086252132735714,6.204753738158474e-06,0.14980143692214395,0.6993298369967603,25,20,20
7,6739,0.15086252970363334,6.204767827157743e-06,0.15006456968021495,0.6990666958483241,25,20,20
7,6740,0.15086137643075465,9.159972417404272e-09,0.1501002936707384,0.6990383207385337,25,20,20
7,6741,0.15086137643965875,4.8010115733764596e-08,0.1554244700493683,0.6937141055008563,25,20,20
7,6742,0.11790187437609187,4.802509588762736e-08,0.18838398726669536,0.6937140903321175,25,20,20
7,6743,0.11820413439993854,4.801832818967522e-08,0.1880817289980988,0.6937140885836349,25,20,20
7,6744,0.11820412602348107,4.800447949989121e-08,0.18781780361948364,0.6939780223525561,25,20,20
7,6745,0.11820412602348107,4.800448371554839e-08,0.18782432655785186,0.6939714994141837,25,20,20
7,6746,0.11820412602347793,4.8004488050779606e-08,0.1880906305193515,0.6937051954526826,25,20,20
7,6747,0.15233358662480082,4.7990875122225285e-08,0.15396116993494352,0.6937051954493805,25,20,20
7,6748,0.15233358662480076,4.799087511958347e-08,0.15396114336725347,0.6937052220170706,25,20,20
7,6749,0.15233358662476232,4.799087149841902e-08,0.1477115425385284,0.6999548228458378,25,20,20
7,6750,0.15233358662476232,4.7990871499739524e-08,0.14771165708884174,0.6999547082955244,25,20,20
7,6751,0.15233358662476149,4.799062690042069e-08,0.14771434861428015,0.6999520167703314,25,20,20
7,6752,0.15233358662476154,4.7990870885226696e-08,0.14780652926680865,0.699859836117559,25,20,20
7,6753,0.15233358662476154,4.799087088263122e-08,0.14780644960301031,0.6998599157813572,25,20,20
7,6754,0.15233817161449614,9.735983951036282e-06,0.14779218339370628,0.6998599090078466,25,20,20
7,6755,0.15233817078909412,0.021588884906578686,0.1262142101506231,0.699858734153704,25,20,20
7,6756,0.15233817078909404,0.021588884906574398,0.1262076056304242,0.6998653386739073,25,20,20
7,6757,0.15233817079947432,0.02158888490681905,0.12621493775527093,0.6998580065384357,25,20,20
7,6758,0.15233817079947432,0.021588884906819053,0.12620844749009147,0.6998644968036152,25,20,20
7,6759,0.15233817139897038,0.02158888490682775,0.12638882953894368,0.6996841141552582,25,20,20
7,6760,0.15233817139897352,0.021588884906587988,0.1263031724392735,0.6997697712551649,25,20,20
7,6761,0.15233817139897352,0.02158888490658791,0.12630317042624115,0.6997697732681973,25,20,20
7,6762,0.15233817139897352,0.02158888490658791,0.12630325088329905,0.6997696928111395,25,20,20
7,6763,0.15233817138859324,0.021588884906347548,0.12629611244537656,0.6997768312596827,25,20,20
7,6764,0.15233817138863878,0.021588884906347625,0.12630268038408268,0.6997702633209308,25,20,20
7,6765,0.1523381713886395,0.02158888490634341,0.12630052195983743,0.6997724217451795,25,20,20
7,6766,0.1523381713886395,0.02158888490634341,0.1263005219944547,0.6997724217105622,25,20,20
7,6767,0.11599021952610485,0.02158891129767536,0.16264139901292882,0.6997794701632912,25,20,20
7,6768,0.11599021953648377,0.021588911297679654,0.16263503992289052,0.6997858292429464,25,20,20
7,6769,0.11599021953639273,0.02158891129767544,0.1626373400943227,0.6997835290716093,25,20,20
7,6770,0.11599021953639273,0.02158891129767529,0.1626392443640081,0.6997816248019242,25,20,20
7,6771,0.09882261366977968,0.021588911711788977,0.1798067935153931,0.6997816811030384,25,20,20
7,6772,0.09882261366977968,0.02158891171179327,0.17980907108295852,0.6997794035354687,25,20,20
7,6773,0.09882261366996183,0.021588911711797557,0.17980915369459766,0.6997793209236431,25,20,20
7,6774,0.07760418653571842,0.02158891131211017,0.20102763753068958,0.6997792646214817,25,20,20
7,6775,0.07760418653571835,0.02158891131210583,0.2007612941883345,0.7000456079638411,25,20,20
7,6776,0.07600542917628055,0.02158891129808528,0.20236005149085362,0.7000456080347803,25,20,20
7,6777,0.07600542917628055,0.02158891129808528,0.2023599377223668,0.7000457218032671,25,20,20
7,6778,0.07600542917614397,0.021588911311654385,0.20264181401642736,0.6997638454957741,25,20,20
7,6779,0.07600443000756901,0.021588911326020036,0.20264281324031025,0.6997638454261005,25,20,20
7,6780,0.0760044299971877,0.02158891132601153,0.20264481319366062,0.6997618454831399,25,20,20
7,6781,0.07600442999718698,0.021588911326015748,0.20264917800349402,0.699757480673303,25,20,20
7,6782,0.07600442999736791,0.021588911326015824,0.20291552567278714,0.6994911330038289,25,20,20
7,6783,0.07600442999736791,0.021588911326015894,0.20291556363472169,0.6994910950418943,25,20,20
7,6784,0.07600442999718698,0.021588911326015824,0.20264921726180546,0.6997574414149915,25,20,20
7,6785,0.07600442999700563,0.02158891132601581,0.20277854908073073,0.6996281095962477,25,20,20
7,6786,0.08267513322354664,0.021588911324664683,0.19610782175129907,0.6996281337004896,25,20,20
7,6787,0.08267513322573661,0.021588911324664017,0.20235547183937846,0.6933804836102212,25,20,20
7,6788,0.0832726375235549,0.021588910966773033,0.2017580635113659,0.6933803879983063,25,20,20
7,6789,0.0832726375235557,0.021588910966768817,0.2018873885095221,0.6932510630001534,25,20,20
7,6790,0.08327263751465158,0.02158887211662132,0.19619481007318262,0.6989436802955444,25,20,20
7,6791,0.08327263751465239,0.021588872116621395,0.19619708775417602,0.6989414026145502,25,20,20
7,6792,0.08327263751460931,0.02158887211188486,0.2097927818072312,0.6853457085662745,25,20,20
7,6793,0.08322201465463942,0.021588872094278035,0.2098434095498144,0.685345703701268,25,20,20
7,6794,0.08322201405514335,0.02158887209426934,0.209663028095602,0.6855260857549851,25,20,20
7,6795,0.0832220140551434,0.02158887209427359,0.21003143015894588,0.6851576836916371,25,20,20
7,6796,0.0832220140551442,0.021588872094273667,0.21003146653212684,0.6851576473184551,25,20,20
7,6797,0.0832220140551434,0.02158887209426946,0.20990202003153793,0.6852870938190491,25,20,20
7,6798,0.0832220140551426,0.02158887209426939,0.20990198436130963,0.6852871294892782,25,20,20
7,6799,0.08322201405510027,0.021588872094269313,0.2098954171396988,0.6852936967109317,25,20,20
7,6800,0.08322201405510027,0.02158887209426939,0.20989549761007503,0.685293616240555,25,20,20
7,6801,0.08322201405510032,0.02158887209426939,0.20989541927618277,0.6852936945744473,25,20,20
7,6802,0.08322201346338867,0.021588872094260886,0.20989064617373004,0.68529846826862,25,20,20
7,6803,0.08322201346338867,0.02158887209426081,0.209890677554934,0.6852984368874161,25,20,20
7,6804,0.08322201346338867,0.02158887209426081,0.2098907565792666,0.6852983578630836,25,20,20
7,6805,0.08322201346338787,0.021588872094260733,0.20988847948411618,0.685300634958235,25,20,20
7,6806,0.07964672552157073,0.021589642485239348,0.21346624780090337,0.6852973841922864,25,20,20
7,6807,0.07964672552157068,0.021589642485235025,0.21309314251734882,0.6856704894758452,25,20,20
7,6808,0.07964672551938073,0.021589642485235757,0.2069727349678463,0.691790897027537,25,20,20
7,6809,0.07964672551937867,0.02158964247615912,0.1930028615874858,0.7057607704169763,25,20,20
7,6810,0.0796467255193786,0.021589642476154833,0.19299621850718515,0.7057674134972812,25,20,20
7,6811,0.03965890934741807,0.02160368979463478,0.23296994616595465,0.7057674546919916,25,20,20
7,6812,0.039658909347418024,0.02160368979463478,0.23296997178305065,0.7057674290748956,25,20,20
7,6813,0.039658909347418045,0.021603689794879363,0.23297659578412677,0.7057608050735747,25,20,20
7,6814,0.039658909347418045,0.021603689794879435,0.23324292871298125,0.7054944721447199,25,20,20
7,6815,0.03965890934741803,0.021603689794634853,0.23323622564419869,0.7055011752137471,25,20,20
7,6816,0.03965890934741542,0.02160368979447988,0.21953253845155335,0.7192048624065501,25,20,20
7,6817,0.039658909347415436,0.02160368979447988,0.21926628861169006,0.7194711122464134,25,20,20
7,6818,0.03965890934741542,0.021603689794479887,0.21925979605888785,0.719477604799216,25,20,20
7,6819,0.03960727081572753,0.02160368997047287,0.21931143453842206,0.7194776046753769,25,20,20
7,6820,0.03960727081572754,0.021603689970477166,0.21931613609274142,0.7194729031210534,25,20,20
7,6821,0.03960727081572755,0.021603689970477166,0.21919322089300308,0.7195958183207916,25,20,20
7,6822,0.03960727081573154,0.021603689970481385,0.21919710001669526,0.7195919391970914,25,20,20
7,6823,0.04117014111994965,0.021603736044864562,0.21762187822026513,0.7196042446149202,25,20,20
7,6824,0.04117014111994965,0.021603736044864638,0.21788813010830083,0.7193379927268841,25,20,20
7,6825,0.04116729630357505,0.02158994204045261,0.21790481012488264,0.719337951531089,25,20,20
7,6826,0.04116729630364709,0.014186630168722578,0.22530813174294143,0.7193379417846889,25,20,20
7,6827,0.041167296303647086,0.01418663016871836,0.2253081294381996,0.7193379440894349,25,20,20
7,6828,0.04118576161370201,0.014185833896535245,0.22529412192665346,0.7193342825631095,25,20,20
7,6829,0.04214722155041528,0.014185833395162524,0.22433266312300407,0.7193342819314184,25,20,20
7,6830,0.04214722155041534,0.014185833395162524,0.22406641374909242,0.7196005313053299,25,20,20
7,6831,0.042147221550415316,0.014185833395162521,0.2240663872952961,0.7196005577591261,25,20,20
7,6832,0.042147221550415316,0.014185833395162446,0.22406630821216855,0.7196006368422537,25,20,20
7,6833,0.04214722169832623,0.014185833395411306,0.2240748537115972,0.719592091194665,25,20,20
7,6834,0.04213997334178723,0.014176141077501911,0.22409060494964475,0.7195932806310656,25,20,20
7,6835,0.04213997334178718,0.01417614107749756,0.22396108480888555,0.7197228007718292,25,20,20
7,6836,0.0421399750722241,0.024537247284872124,0.2135999766766814,0.7197228009662219,25,20,20
7,6837,0.0421399750722241,0.024537247284872124,0.21359986280305776,0.719722914839846,25,20,20
7,6838,0.04213997492430999,0.024537247284623264,0.21359123609283348,0.7197315416982332,25,20,20
7,6839,0.042139974924309945,0.024537247284623188,0.21359343278093715,0.7197293450101298,25,20,20
7,6840,0.04212317914171714,0.02453724814528639,0.21361022770439103,0.7197293450086051,25,20,20
7,6841,0.041160864220323,0.024537248136531756,0.2145726781633036,0.7197292094798415,25,20,20
7,6842,0.041160864220319004,0.02453724813652747,0.21456876106740178,0.7197331265757516,25,20,20
7,6843,0.04116086422031899,0.024537248136527398,0.21456875441780301,0.7197331332253506,25,20,20
7,6844,0.041160863272841575,0.0007795689402531053,0.23832643475587187,0.7197331330310335,25,20,20
7,6845,0.041175276428111134,0.0007803242477301886,0.23830406853437902,0.7197403307897797,25,20,20
7,6846,0.041175276428114325,0.0007803242477260743,0.23816725768666774,0.7198771416374918,25,20,20
7,6847,0.041175276428296465,0.0007803242477260756,0.2381689667453052,0.7198754325786723,25,20,20
7,6848,0.008399019444893033,0.00991499143361468,0.26181034144247095,0.7198756476790216,25,20,20
7,6849,0.008399019444896213,0.009914991433614757,0.2618081727338658,0.7198778163876234,25,20,20
7,6850,0.008399065547144478,0.009135723091483616,0.26258739496737443,0.7198778163939977,25,20,20
7,6851,0.00839906554714528,0.009135723091483765,0.26258742556104697,0.7198777858003241,25,20,20
7,6852,0.008399065547142084,0.009135723091483689,0.2625874304733183,0.7198777808880561,25,20,20
7,6853,0.008399065547142098,0.009135723091483689,0.26259403548797605,0.7198711758733982,25,20,20
7,6854,0.0015970089246341924,0.0382825811760861,0.24024947346353973,0.7198709364357402,25,20,20
7,6855,0.0015970089246342004,0.03828258117608661,0.2755513548842596,0.6845690550150195,25,20,20
7,6856,0.0016551877836765696,0.03828260564724202,0.27547985387509005,0.6845823526939911,25,20,20
7,6857,0.0016551877836765844,0.0382826056472421,0.275482017070064,0.6845801894990171,25,20,20
7,6858,0.0016551877836765852,0.0382826056472421,0.27548198367584814,0.6845802228932328,25,20,20
7,6859,0.0016551877836766002,0.038282605647242174,0.27548212472884526,0.6845800818402356,25,20,20
7,6860,0.0016551877836766013,0.03828260564724646,0.27548682689264914,0.6845753796764273,25,20,20
7,6861,0.001655187783721711,0.03828260566105963,0.275861006244296,0.6842012003109224,25,20,20
7,6862,0.0016551877837240768,0.0382826056613019,0.2762339836888304,0.6838282228661433,25,20,20
7,6863,0.0016551877837240774,0.03828260566130197,0.2762340966151584,0.6838281099398152,25,20,20
7,6864,0.0016551877837240774,0.03828260566130197,0.27623417904331327,0.6838280275116605,25,20,20
7,6865,0.001655187783724863,0.03828260567524128,0.2762398935698295,0.6838223129712042,25,20,20
7,6866,0.001655187783724918,0.03828260567524549,0.2762444827731877,0.6838177237678419,25,20,20
7,6867,0.0016551877837256968,0.03828260568908204,0.2764216241985886,0.6836405823286036,25,20,20
7,6868,0.001655188550129466,0.03828260561271752,0.27642280605030417,0.6836393997868487,25,20,20
7,6869,0.001655200607455854,0.038283090732247935,0.2764222471077338,0.6836394615525627,25,20,20
7,6870,0.0016552006074558967,0.03828309073224801,0.2766885764070343,0.6833731322532621,25,20,20
7,6871,0.0016552006074558962,0.038283090732247935,0.27668391512146007,0.6833777935388364,25,20,20
7,6872,0.0016552006074558338,0.03997914118881225,0.2749878646647999,0.6833777935389324,25,20,20
7,6873,0.0016552006074705913,0.038762815374988824,0.27620419047870604,0.6833777935388349,25,20,20
7,6874,0.007307203003530422,0.038762790056138675,0.2705655110783359,0.6833644958619955,25,20,20
7,6875,0.007307203003887942,0.03876279005613816,0.2752635952910904,0.678666411648884,25,20,20
7,6876,0.007307203003705865,0.03876279005614243,0.2755282175052046,0.6784017894349474,25,20,20
7,6877,0.0073072030037027134,0.038762790056144594,0.27516180007401503,0.6787682068661381,25,20,20
7,6878,0.0073072030037026735,0.03876279005614038,0.2751572125107899,0.6787727944293674,25,20,20
7,6879,0.0073072030038636,0.038762790056144095,0.2798159792542162,0.6741140276857759,25,20,20
7,6880,0.007307156118841596,0.03876279434452021,0.27981602185723387,0.6741140276794039,25,20,20
7,6881,0.007307156118796502,0.03876279433070712,0.27944195597935084,0.6744880935711451,25,20,20
7,6882,0.00730715611879657,0.03876279434455785,0.27970830671078045,0.6742217428258646,25,20,20
7,6883,0.007307156118978637,0.03876279433071141,0.27944365897908735,0.6744863905712221,25,20,20
7,6884,0.007307156118978582,0.038762794330711337,0.27917740814073566,0.6747526414095738,25,20,20
7,6885,0.03376841708409086,0.03876280250457866,0.25271502623623454,0.6747537541750954,25,20,20
7,6886,0.03376841708413597,0.03876280250457866,0.253088483949608,0.674380296461677,25,20,20
7,6887,0.033768417104006444,0.038762802504578676,0.2530884841535677,0.6743802962378469,25,20,20
7,6888,0.033768417114386856,0.03876280250482748,0.25309511410751895,0.6743736662732664,25,20,20
7,6889,0.03376841711438684,0.0387628025048274,0.25309283307849645,0.6743759473022891,25,20,20
7,6890,0.0337684171142259,0.03876280250482361,0.2484339517339912,0.6790348286469592,25,20,20
7,6891,0.033768417114211136,0.040001519218521915,0.24719523502030769,0.6790348286469592,25,20,20
7,6892,0.033737899870709,0.040000763928678504,0.24723356638266344,0.679027769817949,25,20,20
7,6893,0.03373789987070511,0.04000076391484609,0.24692702360263316,0.6793343126118156,25,20,20
7,6894,0.033737899870522975,0.0400007639148418,0.2469253625224085,0.6793359736922266,25,20,20
7,6895,0.03373789987052218,0.04000076391484181,0.24719157429735478,0.6790697619172813,25,20,20
7,6896,0.03380706844400244,0.04000002598313789,0.24712320298660695,0.6790697025862527,25,20,20
7,6897,0.03380706843362203,0.04000002598288902,0.24711657405753487,0.679076331525954,25,20,20
7,6898,0.03380706843357693,0.04000002598288902,0.24674314917566467,0.6794497564078693,25,20,20
7,6899,0.033807068433576934,0.04000002598288895,0.24674316070304783,0.6794497448804863,25,20,20
7,6900,0.033807068433576934,0.04000002598288895,0.24674319409726372,0.6794497114862706,25,20,20
7,6901,0.033808530814233066,0.04000002548088422,0.2467417346532451,0.6794497090516378,25,20,20
7,6902,0.032245881221293016,0.039999979411265124,0.2295254012114399,0.6982287381560017,25,20,20
7,6903,0.03224588122129223,0.03999997939757042,0.22951791516881823,0.6982362242123188,25,20,20
7,6904,0.03224591472668414,0.039999979411424885,0.2297862343842137,0.6979678714776769,25,20,20
7,6905,0.03224592116715431,0.039999980105408894,0.19532689273630122,0.7324272059911351,25,20,20
7,6906,0.03224588766176242,0.03999998009155458,0.1950632776506686,0.732690854596014,25,20,20
7,6907,0.03576936830994314,0.03999998007392569,0.1915399359116822,0.7326907157044491,25,20,20
7,6908,0.04359583897824826,0.03999997188708439,0.18371458619787304,0.7326896029367944,25,20,20
7,6909,0.04359583897824826,0.039999971887084464,0.18371455276354365,0.7326896363711238,25,20,20
7,6910,0.04359583897824826,0.03999997188708446,0.18371443880316377,0.7326897503315035,25,20,20
7,6911,0.0435958389782482,0.039999971887080196,0.1834481055329578,0.7329560836017138,25,20,20
7,6912,0.0435958389782514,0.039999971887080196,0.1831864761293089,0.7332177130053594,25,20,20
7,6913,0.0435958389782514,0.039999971887080196,0.18318650813410656,0.7332176810005617,25,20,20
7,6914,0.04333329484705037,0.039999976927119374,0.18344899879086163,0.7332177294349685,25,20,20
7,6915,0.04333329484705043,0.03999997692711945,0.18344899940274167,0.7332177288230883,25,20,20
7,6916,0.043333287582065554,0.03999997623040887,0.17790836647818303,0.7387583697093425,25,20,20
7,6917,0.04333328758206556,0.03999997623040887,0.17790998794905286,0.7387567482384725,25,20,20
7,6918,0.04333328758206876,0.03999997623065339,0.1779147023264106,0.7387520338608671,25,20,20
7,6919,0.04333328758206874,0.03999997623065339,0.17791316332235327,0.7387535728649245,25,20,20
7,6920,0.04333328758206874,0.03999997623065339,0.17791319532510513,0.7387535408621726,25,20,20
7,6921,0.0433332875820656,0.03999997623040887,0.17790848098452394,0.7387582552030014,25,20,20
7,6922,0.04333328758206873,0.03999997623040895,0.1779149652008759,0.7387517709866462,25,20,20
7,6923,0.04333328758207337,0.039999976230412106,0.18897281018385845,0.7276939260036558,25,20,20
7,6924,0.04333328758206879,0.039999976230409025,0.17791496723874975,0.7387517689487721,25,20,20
7,6925,0.043333287582250885,0.03999997623065362,0.17791968629278376,0.7387470498943115,25,20,20
7,6926,0.043333287582250885,0.03999997623065362,0.17791976682441782,0.7387469693626774,25,20,20
7,6927,0.04333328758225093,0.03999997623089805,0.1779217691238831,0.7387449670629676,25,20,20
7,6928,0.03980950040030163,0.03999997623089606,0.18144541767963948,0.7387451056891624,25,20,20
7,6929,0.039809500400301644,0.039999976230896135,0.1814520210879172,0.7387385022808847,25,20,20
7,6930,0.039808288166292366,0.039999976239859895,0.18145336954055008,0.7387383660532975,25,20,20
7,6931,0.03980851434450411,0.04000120860454404,0.18145191093520516,0.7387383661157463,25,20,20
7,6932,0.03980851434450417,0.040001208604539755,0.18144731632579408,0.7387429607251618,25,20,20
7,6933,0.03980851434450411,0.040001208604539824,0.18144732266049224,0.7387429543904634,25,20,20
7,6934,0.04087712846951068,0.04000120889697162,0.17308377501323435,0.7460378876202831,25,20,20
7,6935,0.0408771284695107,0.0400012088969717,0.17308381509157883,0.7460378475419386,25,20,20
7,6936,0.0408771284695115,0.04000120889697177,0.1730837843217939,0.7460378783117227,25,20,20
7,6937,0.04087721120435557,0.04000000125278499,0.17308490681876573,0.7460378807240935,25,20,20
7,6938,0.04087721120437097,0.039563110918059696,0.1735217968399836,0.7460378810375855,25,20,20
7,6939,0.04113409121634486,0.03956310587807649,0.1732649698693072,0.7460378330362716,25,20,20
7,6940,0.04113386150658694,0.03956310585867365,0.15205982513265343,0.7672432075020861,25,20,20
7,6941,0.041133861506586884,0.03956310585867365,0.15205985791598717,0.7672431747187524,25,20,20
7,6942,0.04113386150663236,0.03956310585843335,0.1520597980016113,0.7672432346333231,25,20,20
7,6943,0.04113386150658683,0.03956310585818875,0.1520566236387721,0.7672464089964525,25,20,20
7,6944,0.04113386150662918,0.03956310585819296,0.1520522654537694,0.7672507671814085,25,20,20
7,6945,0.04113386150662911,0.03956310585818868,0.15205222546957828,0.7672508071656041,25,20,20
7,6946,0.0411338615066291,0.039563105858188674,0.15205221929455032,0.7672508133406322,25,20,20
7,6947,0.0411338615066291,0.03956310585819289,0.15205870992531498,0.7672443227098633,25,20,20
7,6948,0.041133861506635484,0.03956310585843695,0.15215089408368893,0.7671521385512389,25,20,20
7,6949,0.04113386150663547,0.03956310585843695,0.1521444045645021,0.7671586280704257,25,20,20
7,6950,0.04472832705782591,0.0395631058496111,0.14854994145822115,0.7671586256343419,25,20,20
7,6951,0.044728327057825944,0.03956310584936658,0.14855171130486242,0.7671568557879452,25,20,20
7,6952,0.04472832705781956,0.039563105849122523,0.14845952807671708,0.7672490390163411,25,20,20
7,6953,0.04472832705781956,0.03956310584912245,0.1484595273383527,0.7672490397547055,25,20,20
7,6954,0.047240493369455724,0.039563105556692624,0.15324216825914083,0.7599542328147111,25,20,20
7,6955,0.047240493369273606,0.03956310555644818,0.1532420345786243,0.7599543664956541,25,20,20
7,6956,0.0469275663683721,0.03956310555644823,0.15355496157538057,0.7599543664997994,25,20,20
7,6957,0.04692756636837454,0.03956310555644823,0.15364113425426548,0.759868193820912,25,20,20
7,6958,0.04692756636832898,0.03956310555644386,0.15363896810779515,0.7598703599674321,25,20,20
7,6959,0.046927566368329,0.03956310555644394,0.15364545908040764,0.7598638689948196,25,20,20
7,6960,0.046927566368329,0.03956310555644379,0.15364079778039164,0.7598685302948358,25,20,20
7,6961,0.04692756636832895,0.03956310555644371,0.15363423100990914,0.7598750970653184,25,20,20
7,6962,0.08595612666636848,0.03956307648102224,0.11460570057169576,0.7598750962809133,25,20,20
7,6963,0.08595612666636536,0.03956307648102646,0.11460760354014805,0.75987319331246,25,20,20
7,6964,0.08595612666636536,0.039563076481026534,0.1146057008403979,0.75987509601221,25,20,20
7,6965,0.08595612667667812,0.03956307648103072,0.11487281936202928,0.7596079774802617,25,20,20
7,6966,0.08595612667667812,0.03956307648102643,0.11486621429108432,0.7596145825512111,25,20,20
7,6967,0.0859561266663661,0.03956307648102217,0.11461301926064615,0.7598677775919656,25,20,20
7,6968,0.08595612666636612,0.03956307648102224,0.11498600807315898,0.7594947887794525,25,20,20
7,6969,0.0859564898793958,0.03967429644840796,0.12464919524531887,0.7497200184268779,25,20,20
7,6970,0.08595648987939584,0.03967429644840804,0.1246556848845285,0.7497135287876682,25,20,20
7,6971,0.08595648987939584,0.03967429644840804,0.12465579874379767,0.7497134149283989,25,20,20
7,6972,0.0859564898794109,0.040088217856280625,0.1242418776493987,0.7497134146149104,25,20,20
7,6973,0.0859564898794109,0.0400882178562807,0.12424415381366863,0.7497111384506403,25,20,20
7,6974,0.08595612666638201,0.03997699788889518,0.11458100885754562,0.7594858665871772,25,20,20
7,6975,0.08595612666636615,0.03828109428765121,0.11627691215547503,0.7594858668905076,25,20,20
7,6976,0.08612612840776684,0.03828109428764999,0.1161069108366829,0.7594858664679003,25,20,20
7,6977,0.08612612840776604,0.03828109428764999,0.11609760605995045,0.7594951712446335,25,20,20
7,6978,0.08612612840776604,0.03828109428764991,0.11610193265731204,0.7594908446472721,25,20,20
7,6979,0.08612612890289316,0.03828109428786293,0.08126815638398499,0.7943246204252595,25,20,20
7,6980,0.08612612890289321,0.03828109428786285,0.08152789976335274,0.7940648770458918,25,20,20
7,6981,0.08612612890288246,0.039946086610103945,0.07986290774445394,0.7940648767425597,25,20,20
7,6982,0.08254898576336768,0.03994608661893091,0.08343991443968568,0.7940650131780161,25,20,20
7,6983,0.08254898576336768,0.03997702312987323,0.08340897792864758,0.7940650131781121,25,20,20
7,6984,0.08254898576336775,0.03997702313011781,0.08341564439837428,0.7940583467081405,25,20,20
7,6985,0.08254898576332222,0.039977023130113525,0.08340900327672177,0.7940649878298427,25,20,20
7,6986,0.08254898576332222,0.039977023130113525,0.08340904378240213,0.7940649473241623,25,20,20
7,6987,0.04271489957898134,0.03997702313916582,0.12324312758125697,0.7940649497005967,25,20,20
7,6988,0.042705576416502744,0.03998776949874103,0.12324094194867075,0.7940657121360863,25,20,20
7,6989,0.04270557641654784,0.03998776949874513,0.12360935883747812,0.7936972952472299,25,20,20
7,6990,0.04270557641654459,0.03998776949874505,0.12351658053799013,0.7937900735467212,25,20,20
7,6991,0.042705576416547784,0.039987769512595424,0.12378394890710721,0.7935227051637505,25,20,20
7,6992,0.042705575901192665,0.03998776951238239,0.11861775784447501,0.7986888967419509,25,20,20
7,6993,0.042705575901147555,0.03998776951237814,0.11824463682590501,0.7990620177605702,25,20,20
7,6994,0.04270557590118522,0.03998776952414301,0.12449442499162493,0.7928122295830476,25,20,20
7,6995,0.04270557590118522,0.03998776952414301,0.12449434452637394,0.7928123100482984,25,20,20
7,6996,0.042705575901185205,0.03998776952389843,0.12448766793230845,0.7928189866426086,25,20,20
7,6997,0.04270557590377234,0.03998776952390263,0.12424410263401857,0.7930625519383072,25,20,20
7,6998,0.03905477094929448,0.039987769528380415,0.12789496439430273,0.7930624951280228,25,20,20
7,6999,0.03905477094929766,0.03998776952838056,0.12789507770334346,0.7930623818189787,25,20,20
7,7000,0.03905477094929766,0.03998776952838056,0.12789508108813383,0.7930623784341883,25,20,20
7,7001,0.0390547709492977,0.03998776952838056,0.12816129838198642,0.7927961611403356,25,20,20
7,7002,0.03905477094929759,0.03998776952838056,0.12789503127834667,0.7930624282439754,25,20,20
7,7003,0.03905477109563675,0.03998777031453361,0.12832947353485932,0.7926279850549706,25,20,20
7,7004,0.039054771093095145,0.03998777031477392,0.12820726993904852,0.7927501886530827,25,20,20
7,7005,0.039054771093098316,0.039987770328624286,0.12847471879767647,0.7924827397806011,25,20,20
7,7006,0.039054771093098316,0.039987770328624356,0.12847480076675596,0.7924826578115216,25,20,20
7,7007,0.0390547710930983,0.039987770328620144,0.12847289672957665,0.7924845618487051,25,20,20
7,7008,0.039054771095866816,0.03998777032886404,0.12860495268700778,0.7923525058882614,25,20,20
7,7009,0.039054771217876504,0.039987770983509814,0.13565780894051951,0.7852996488580943,25,20,20
7,7010,0.03905477121783895,0.03998777097174916,0.1294102430850114,0.7915472147254005,25,20,20
7,7011,0.03905477121783895,0.03998777097174908,0.1294056231304826,0.7915518346799294,25,20,20
7,7012,0.03905477121783969,0.03998777097174908,0.12940782089797215,0.7915496369124391,25,20,20
7,7013,0.03905477121788521,0.03998777097174908,0.12942174641754747,0.7915357113928182,25,20,20
7,7014,0.039054771217885226,0.03998777097174908,0.12942167064219737,0.7915357871681682,25,20,20
7,7015,0.039054771217882034,0.03998777097174894,0.1294217171101131,0.7915357407002559,25,20,20
7,7016,0.03905477121788198,0.03998777097174894,0.12915549978098556,0.7918019580293835,25,20,20
7,7017,0.03905477121788199,0.03998777097175323,0.12916194249163612,0.7917955153187286,25,20,20
7,7018,0.03905477121788199,0.0399877709717533,0.12916191110929018,0.7917955467010743,25,20,20
7,7019,0.03905477121529517,0.03998777176430889,0.12912967503347766,0.7918277819869181,25,20,20
7,7020,0.039054771215295256,0.03829183997128513,0.1308256065232651,0.7918277822901544,25,20,20
7,7021,0.03905477121529446,0.03829183997128498,0.13082559772571936,0.7918277910877011,25,20,20
7,7022,0.039046773930261444,0.038281119817183316,0.13084521403649493,0.7918268922160601,25,20,20
7,7023,0.03904739216736279,0.03828111982213885,0.1308446652740188,0.7918268227364804,25,20,20
7,7024,0.03904739216736042,0.038281119808288556,0.13057733372931918,0.7920941542950325,25,20,20
7,7025,0.0390473921673149,0.03828111980828856,0.130563441630454,0.7921080463939433,25,20,20
7,7026,0.039047392167314954,0.03828111980829285,0.1305681173200403,0.7921033707043525,25,20,20
7,7027,0.039047392167314995,0.038281119808536615,0.13069760095694619,0.7919738870672027,25,20,20
7,7028,0.039047392167315446,0.0382811190157415,0.13059786530529094,0.7920736235116526,25,20,20
7,7029,0.0390473921673187,0.038281119015741424,0.1305994029568646,0.7920720858600755,25,20,20
7,7030,0.0390473921673179,0.0382811190157456,0.13097238894783447,0.7916990998691023,25,20,20
7,7031,0.03904739216727237,0.038281119015501026,0.13096505645009493,0.7917064323671319,25,20,20
7,7032,0.03904739216727311,0.03828111901525652,0.13108787365039032,0.7915836151670804,25,20,20
7,7033,0.0390473921672722,0.038281119015252156,0.13108568270323084,0.7915858061142451,25,20,20
7,7034,0.039047392167272196,0.03828111900164838,0.13119133796490334,0.7914801508661763,25,20,20
7,7035,0.039047392167272196,0.038281119001644125,0.1308183485091965,0.7918531403218875,25,20,20
7,7036,0.03904739216727219,0.038281119001644125,0.13081823404764775,0.7918532547834362,25,20,20
7,7037,0.039047392167090106,0.03828111900163983,0.1309103297791251,0.7917611590521452,25,20,20
7,7038,0.03904739216709027,0.0399461142418956,0.12924533484219955,0.7917611587488147,25,20,20
7,7039,0.03904739216708948,0.03994611424189552,0.12911585117217753,0.7918906424188379,25,20,20
7,7040,0.03904739216708944,0.03994611424189552,0.1290236398051331,0.7919828537858823,25,20,20
7,7041,0.03909798769677861,0.039946142782027634,0.12897288431792292,0.7919829852032707,25,20,20
7,7042,0.03909798757476892,0.03994614212738186,0.1219200280644113,0.7990358422334378,25,20,20
7,7043,0.03909798757476893,0.03994614212738615,0.12191356625246709,0.7990423040453776,25,20,20
7,7044,0.04006322727170239,0.039946142115162175,0.12094832825825662,0.7990423023548787,25,20,20
7,7045,0.04006322727170239,0.039946142115162175,0.12094821438463281,0.7990424162285025,25,20,20
7,7046,0.04006322727170239,0.039946142115162175,0.12094829343811536,0.7990423371750199,25,20,20
7,7047,0.040063227271702424,0.0399461421151621,0.12094983325547493,0.7990407973576604,25,20,20
7,7048,0.04006322712536326,0.03994614132900913,0.12052009141018835,0.7994705401354392,25,20,20
7,7049,0.04006322712536326,0.03994614132900913,0.12052020529406668,0.7994704262515608,25,20,20
7,7050,0.04006322712536326,0.039946141329009206,0.12052028258392773,0.7994703489616997,25,20,20
7,7051,0.0009131561328229305,0.03994614132903632,0.15967035152851655,0.799470351009624,25,20,20
7,7052,0.0009131561328229305,0.03994614132903632,0.159670270487678,0.7994704320504625,25,20,20
7,7053,0.0009131561328237424,0.03994614132903639,0.15967031060715559,0.799470391930984,25,20,20
7,7054,0.000913156132824242,0.03994614184551426,0.17353518191988523,0.785605520101776,25,20,20
7,7055,0.0009131561328242416,0.03994614184551426,0.17353506654918602,0.7856056354724753,25,20,20
7,7056,0.0009131561328236859,0.03994614132879257,0.1595406735204267,0.7996000290179569,25,20,20
7,7057,0.0009131561328692215,0.03994614132880115,0.15954091087975203,0.7995997916585774,25,20,20
7,7058,0.0009131561328692225,0.03994614132880115,0.159540912867108,0.7995997896712214,25,20,20
7,7059,0.0009131561328692621,0.03994614132904483,0.15967028068452907,0.7994704218535567,25,20,20
7,7060,0.0009131561330513278,0.03994614132904491,0.1596733952086242,0.7994673073292793,25,20,20
7,7061,0.000913156133051327,0.03994614132904491,0.1596734748275968,0.799467227710307,25,20,20
7,7062,0.0009131561330513829,0.039946141329049126,0.1596735890265983,0.7994671135113012,25,20,20
7,7063,0.0013414050485523713,0.03994611303237835,0.15924543359969476,0.7994670483193742,25,20,20
7,7064,0.0013414050485524276,0.039946113032378425,0.15924763230013864,0.7994648496189302,25,20,20
7,7065,0.0013414050485946987,0.0399461130463178,0.15925830033957078,0.7994541815655165,25,20,20
7,7066,0.0013415606546925871,0.03870240404359833,0.16050183625579595,0.7994541990459134,25,20,20
7,7067,0.001341560654692601,0.03870240404360262,0.16050191903087285,0.7994541162708322,25,20,20
7,7068,0.0013415606546934428,0.038702404043602694,0.16050001758456656,0.7994560177171378,25,20,20
7,7069,0.0013415606650738167,0.03870240404360699,0.16050204526854517,0.7994539900227745,25,20,20
7,7070,0.0013415606650761564,0.03870240404360278,0.16049745753628528,0.7994585777550363,25,20,20
7,7071,0.0013415606650761564,0.03870240404360278,0.16049745695061976,0.7994585783407017,25,20,20
7,7072,0.0013415606650761713,0.03870240404384739,0.16049908014576933,0.7994569551453075,25,20,20
7,7073,0.0013415606648940503,0.03870240404384731,0.16049904455993033,0.7994569907313286,25,20,20
7,7074,0.0013415606648939944,0.03870240404384302,0.16049884986585547,0.7994571854254079,25,20,20
7,7075,0.0013415606648939954,0.03870240404408334,0.16050344905657174,0.7994525862344513,25,20,20
7,7076,0.0013415606648971906,0.038702404044087625,0.16050359043902598,0.7994524448519894,25,20,20
7,7077,0.0013415606648516554,0.03870240404407905,0.1605033550860884,0.7994526802049812,25,20,20
7,7078,0.001341560675158431,0.038702404044079125,0.16079406747327474,0.799161967807488,25,20,20
7,7079,0.004924298725935889,0.03870237782992336,0.15721123176039548,0.7991620916837455,25,20,20
7,7080,0.004924298715555459,0.03870237782991478,0.15720458097981965,0.7991687424747105,25,20,20
7,7081,0.004924298715555445,0.03870237782991057,0.1572044995973815,0.7991688238571527,25,20,20
7,7082,0.0049242987155522664,0.03870237782966397,0.15683139631308926,0.7995419271416948,25,20,20
7,7083,0.004924298715555427,0.038702377829419425,0.15709600695519238,0.7992773164998331,25,20,20
7,7084,0.004428192548921195,0.03870237757685108,0.15759218194664157,0.7992772479275863,25,20,20
7,7085,0.004428192549103317,0.03870237757685537,0.15759688500966418,0.7992725448643774,25,20,20
7,7086,0.0044281925491033314,0.03870237757709989,0.15760160464346767,0.7992678252303292,25,20,20
7,7087,0.0044281925491033314,0.03870237757709989,0.15760171706185916,0.7992677128119378,25,20,20
7,7088,0.004428192549325468,0.03870237759089962,0.15801415926208123,0.7988552705976939,25,20,20
7,7089,0.00442819254950726,0.038702377591143755,0.15810650462862721,0.7987629252307221,25,20,20
7,7090,0.004428192549285125,0.03870237757733981,0.15769403540127847,0.799175394472097,25,20,20
7,7091,0.004426955992386727,0.038702390836487605,0.15769519432862528,0.7991754588425012,25,20,20
7,7092,0.004426955992386727,0.038702390836487674,0.15769522193019006,0.7991754312409364,25,20,20
7,7093,0.004426955992386741,0.03870239083649197,0.15769747240666013,0.7991731807644621,25,20,20
7,7094,0.0044269559936053185,0.03870239092959228,0.19287014214029446,0.7640005109365079,25,20,20
7,7095,0.004426955993606174,0.03870239092959657,0.19287670122003736,0.7639939518567597,25,20,20
7,7096,0.004426955993602998,0.0387023909295965,0.1926104673827847,0.7642601856940157,25,20,20
7,7097,0.004426800387501041,0.039999443999409315,0.19131358739947232,0.7642601682136171,25,20,20
7,7098,0.004426800387501041,0.039999443999409315,0.19131347498108134,0.764260280632008,25,20,20
7,7099,0.004426800387501041,0.039999443999409315,0.19131347350707512,0.7642602821060142,25,20,20
7,7100,0.004426800387497832,0.03999944399940922,0.19157743992942855,0.763996315683664,25,20,20
7,7101,0.004426800387455504,0.03999944398546991,0.19156982190142124,0.7640039337256529,25,20,20
7,7102,0.004444057585399275,0.03999944398546996,0.19155256466243561,0.7640039337666947,25,20,20
7,7103,0.004444057585402467,0.039999443985470055,0.191292837924204,0.764263660504923,25,20,20
7,7104,0.00444405758540167,0.03999944398547006,0.19129055965221906,0.764265938776909,25,20,20
7,7105,0.00444405758539849,0.03999944398546998,0.19129704714131063,0.7642594512878205,25,20,20
7,7106,0.004444057585395295,0.03999944398546562,0.19129044262539122,0.7642660558037474,25,20,20
7,7107,0.005199220428005894,0.03999944401389631,0.19053506055941294,0.7642662749986842,25,20,20
7,7108,0.005199220428005894,0.03999944401389623,0.190534980088859,0.764266355469238,25,20,20
7,7109,0.005199220417702342,0.03999944401389624,0.19024591785419187,0.7645554177142087,25,20,20
7,7110,0.005199220417703141,0.03999944401389639,0.19024603911359297,0.7645552964548067,25,20,20
7,7111,0.005199220417703938,0.03999944401414093,0.19024774775720485,0.7645535878109494,25,20,20
7,7112,0.005199220417522161,0.03999944401414141,0.1901570627337967,0.7646442728345387,25,20,20
7,7113,0.005199220417521376,0.03999944401389687,0.19015544096409734,0.7646458946044835,25,20,20
7,7114,0.005200448604169767,0.039999444022860355,0.190154208070283,0.7646458993026859,25,20,20
7,7115,0.005212828300507721,0.040016068985029435,0.1948229838712088,0.7599481188432532,25,20,20
7,7116,0.005212828300507769,0.040016068985235916,0.2010678634777026,0.7537032392365535,25,20,20
7,7117,0.005209840557543679,0.04001609463748672,0.2010707080077464,0.7537033567972229,25,20,20
7,7118,0.005209840557543679,0.04001609463748672,0.20107731165771867,0.7536967531472506,25,20,20
7,7119,0.03785375298646865,0.0400163181789698,0.16836779614094777,0.7537621326936136,25,20,20
7,7120,0.03785375298628653,0.04001631817896551,0.16836309165605925,0.7537668371786885,25,20,20
7,7121,0.037841373349639766,0.06455651444480964,0.14383528833948436,0.7537668238660659,25,20,20
7,7122,0.03784137328872915,0.0799772690349449,0.12841454490158669,0.7537668127747389,25,20,20
7,7123,0.03784137328872915,0.0799772690349449,0.12841454536611746,0.7537668123102081,25,20,20
7,7124,0.03784137328872915,0.0799772690349449,0.12841451200658852,0.753766845669737,25,20,20
7,7125,0.03784137328872911,0.07997726903473844,0.12216504507650647,0.7600163126000256,25,20,20
7,7126,0.03936702450292846,0.08001403196430511,0.12060269929121929,0.7600162442415466,25,20,20
7,7127,0.03936702450292847,0.08001403196430511,0.12060273335397625,0.7600162101787896,25,20,20
7,7128,0.03936702450292931,0.08001403197791088,0.12086534730602716,0.7597535962131323,25,20,20
7,7129,0.07732839571290188,0.0799772433871298,0.0829408186725502,0.7597535422274181,25,20,20
7,7130,0.07732839571290188,0.07997724338712973,0.08293611741506622,0.7597582434849021,25,20,20
7,7131,0.07732839571290508,0.07997724338713402,0.08293620021508921,0.7597581606848717,25,20,20
7,7132,0.07732839571308721,0.07997724338713832,0.0829379417676774,0.759756419132097,25,20,20
7,7133,0.0773283957130904,0.0799772433871426,0.08294253079616722,0.7597518301035997,25,20,20
7,7134,0.07734110302809581,0.07997724338685709,0.08292994735703303,0.7597517062280137,25,20,20
7,7135,0.0773411030280958,0.0799772433866125,0.08292531970282667,0.7597563338824646,25,20,20
7,7136,0.07734110302814452,0.07997724338685708,0.08293286366905235,0.7597487899159455,25,20,20
7,7137,0.0773411030280958,0.0799772433866125,0.08292520725124641,0.7597564463340447,25,20,20
7,7138,0.0773411030280982,0.07997724338661664,0.08292528126397833,0.7597563723213062,25,20,20
7,7139,0.0773411030280982,0.07994632843143289,0.08295619621916206,0.7597563723213062,25,20,20
7,7140,0.07734110302810139,0.07994632843167747,0.08295819943996507,0.7597543691002555,25,20,20
7,7141,0.07734110302809825,0.07994632843167325,0.08322433536170852,0.7594882331785193,25,20,20
7,7142,0.0773411030280982,0.07994632843167318,0.08295808322131469,0.7597544853189133,25,20,20
7,7143,0.07734110302813577,0.07994632843167251,0.08921755321151618,0.753495015328675,25,20,20
7,7144,0.07734110302813577,0.07994632843167251,0.08921755462739171,0.7534950139127993,25,20,20
7,7145,0.07734110302813256,0.07994632843142792,0.0892109640198439,0.7535016045205951,25,20,20
7,7146,0.07734110302812938,0.07994632843142371,0.08921737222025676,0.7534951963201896,25,20,20
7,7147,0.0773411030281262,0.07994632843142364,0.08921267270107228,0.7534998958393776,25,20,20
7,7148,0.07734110304048418,0.07992334569038295,0.08923565542420364,0.7534998958449289,25,20,20
7,7149,0.11270607445562533,0.07992447585287478,0.05386955384618558,0.753499895845314,25,20,20
7,7150,0.1127060744556253,0.07992447585287471,0.05386295012702339,0.7535064995644761,25,20,20
7,7151,0.11247917323279738,0.07992334570272988,0.05409098144216881,0.7535064996223035,25,20,20
7,7152,0.11247917323279738,0.07992334570272988,0.05409098228842659,0.7535064987760457,25,20,20
7,7153,0.11247917323261523,0.07992334570272566,0.05409584302812199,0.7535016380365367,25,20,20
7,7154,0.11247917323261843,0.07992334570272573,0.054095925517032656,0.753501555547623,25,20,20
7,7155,0.11247917323261843,0.07992334570272566,0.05408932133817472,0.7535081597264809,25,20,20
7,7156,0.1131335051032088,0.07992334604821952,0.053434989151550705,0.7535081596970208,25,20,20
7,7157,0.11313350510320883,0.07992334604821959,0.053439689562579426,0.7535034592859919,25,20,20
7,7158,0.113133505103212,0.07992334604821966,0.05344131254893664,0.7535018362996314,25,20,20
7,7159,0.12036509821394317,0.07992310924127284,0.04627539931321903,0.7534363932315649,25,20,20
7,7160,0.12036509821394317,0.07992310924127277,0.046268910314973946,0.7534428822298099,25,20,20
7,7161,0.12036509820189295,0.05415337519478029,0.07203864437906944,0.7534428822242569,25,20,20
7,7162,0.12036509820189614,0.05415337519478029,0.07203880761205561,0.7534427189912677,25,20,20
7,7163,0.12036509820189295,0.054153375194776004,0.07203421858145959,0.7534473080218711,25,20,20
7,7164,0.12036509820189295,0.054153375194776004,0.07202772828159322,0.7534537983217375,25,20,20
7,7165,0.12036509820190844,0.054145623308837994,0.07203548016751568,0.7534537983217375,25,20,20
7,7166,0.12073283665674385,0.054145623310509795,0.07166633897770153,0.7534552010550445,25,20,20
7,7167,0.12085509628985402,0.05414562330738582,0.0715440801964295,0.7534552002063303,25,20,20
7,7168,0.12085509628985402,0.05414562330738582,0.07154408150714277,0.753455198895617,25,20,20
7,7169,0.12085509628955007,0.0799306115171501,0.04575909298103922,0.7534551992122605,25,20,20
7,7170,0.12085509628955006,0.07993061151690556,0.045757547415332986,0.7534567447782112,25,20,20
7,7171,0.12085509628955007,0.07993061151690556,0.04575754861922677,0.7534567435743175,25,20,20
7,7172,0.12047596632603673,0.07993061117750459,0.04613667889227004,0.7534567436041884,25,20,20
7,7173,0.12047596632603678,0.07993061117751217,0.05079554429742686,0.748797878199024,25,20,20
7,7174,0.12047596632599843,0.07993061117750855,0.04452959798181821,0.7550638245146746,25,20,20
7,7175,0.12047596632859033,0.07993061117751277,0.04453462178961683,0.7550588007042799,25,20,20
7,7176,0.12047596632863578,0.07993061119141112,0.04466409565045236,0.7549293268295005,25,20,20
7,7177,0.12047596632863553,0.0799378131113966,0.044656893730467176,0.7549293268295005,25,20,20
7,7178,0.12060348803673782,0.07993781310972527,0.04453077475734341,0.7549279240961934,25,20,20
7,7179,0.12060348803673782,0.07993781310972527,0.04453065901167705,0.7549280398418599,25,20,20
7,7180,0.12060348803673776,0.0799378131097252,0.04452838126786884,0.754930317585668,25,20,20
7,7181,0.12060348803674177,0.07993781310972956,0.044528578528615324,0.7549301203249132,25,20,20
7,7182,0.12060348803669711,0.07993781309583542,0.044405633858644454,0.7550530650088229,25,20,20
7,7183,0.12060348803669636,0.0799378130958312,0.044403690632497,0.7550550082349753,25,20,20
7,7184,0.12060348803669636,0.07993781309583128,0.044403771678440965,0.7550549271890312,25,20,20
7,7185,0.12060348803669636,0.07993781309582804,0.04001123845848306,0.7594474604089925,25,20,20
7,7186,0.11903340619685725,0.07993781309690559,0.04158154154013263,0.759447239166104,25,20,20
7,7187,0.11903340619426533,0.07993781309690569,0.041581500694032936,0.7594472800147956,25,20,20
7,7188,0.11903340619426533,0.07993781309690567,0.04158149928226465,0.7594472814265639,25,20,20
7,7189,0.11903340619426539,0.07993781309690996,0.04158620283399435,0.7594425778748299,25,20,20
7,7190,0.11903340619426539,0.0799378130969099,0.04158611979041922,0.7594426609184051,25,20,20
7,7191,0.11903340619431006,0.07993781308330411,0.04132537542431571,0.7597034052980698,25,20,20
7,7192,0.1190334061943556,0.07993781308330425,0.04133458187485958,0.7596941988474802,25,20,20
7,7193,0.1190334061943556,0.07993781308330426,0.041334581918304,0.7596941988040361,25,20,20
7,7194,0.11903340619435239,0.0799378130833042,0.041334497423005254,0.7596942832993382,25,20,20
7,7195,0.11903340619434921,0.07993781308330421,0.041337547159414345,0.7596912335629322,25,20,20
7,7196,0.1189022397045809,0.07993781308494743,0.04146871364714309,0.7596912335633286,25,20,20
7,7197,0.11890223970475983,0.07993781308519204,0.04147028802262591,0.759689659187422,25,20,20
7,7198,0.1189022397045777,0.07993781308494743,0.041468578863755975,0.7596913683467187,25,20,20
7,7199,0.11890223970457775,0.0799378130849475,0.041473278133741326,0.7596866690767332,25,20,20
7,7200,0.1404997733354642,0.07993781325534431,0.019869762256247158,0.7596926511529445,25,20,20
7,7201,0.14049977333546415,0.07993781325534431,0.0198651003537674,0.7596973130554242,25,20,20
7,7202,0.14049977333541863,0.0799378132550998,0.019858478360804555,0.7597039350486771,25,20,20
7,7203,0.1404997733354187,0.07993781325509987,0.02012481165587015,0.7594376017536112,25,20,20
7,7204,0.1342960186426413,0.07993781348314041,0.02632852492737581,0.7594376429468422,25,20,20
7,7205,0.13429601864263888,0.07993781348314034,0.026322115660133368,0.7594440522140873,25,20,20
7,7206,0.13429601864263888,0.07993781348314027,0.026322080848867117,0.7594440870253536,25,20,20
7,7207,0.13429601864264043,0.07993781348313608,0.03737980635825219,0.7483863615159712,25,20,20
7,7208,0.13429601864454763,0.0799378134933817,0.047988244260630086,0.73777792360144,25,20,20
7,7209,0.13429601864454843,0.07993781349362628,0.04799483482489356,0.7377713330369313,25,20,20
7,7210,0.13429601864454488,0.0799760733789015,0.047956575256167824,0.7377713327203855,25,20,20
7,7211,0.13429601864537116,0.07875987254811645,0.049172776080739944,0.7377713327257722,25,20,20
7,7212,0.1342960186453711,0.07875987254811223,0.04916818780535067,0.7377759210011656,25,20,20
7,7213,0.1342960186453711,0.07875987254811223,0.04916815325222383,0.7377759555542924,25,20,20
7,7214,0.13429601864555152,0.07875987254835883,0.04954127204520048,0.7374028367608887,25,20,20
7,7215,0.1342960190168298,0.06110127274295762,0.06716890518231025,0.7374338030579018,25,20,20
7,7216,0.13429601901682744,0.061101272742957555,0.06717535956284204,0.7374273486773726,25,20,20
7,7217,0.13429601901678193,0.061101272742957485,0.0671661865428092,0.7374365216974508,25,20,20
7,7218,0.13429601901678193,0.06110127274295741,0.06716618712749542,0.7374365211127646,25,20,20
7,7219,0.13429601901678118,0.06110127274271283,0.06715956458685993,0.7374431436536455,25,20,20
7,7220,0.13429601901678123,0.0611012727427129,0.06716608831113194,0.7374366199293734,25,20,20
7,7221,0.13429601901678123,0.06110127274271291,0.06716799128222141,0.7374347169582839,25,20,20
7,7222,0.13429601901678126,0.06110114373118456,0.06716812029374973,0.7374347169582839,25,20,20
7,7223,0.1404997373028639,0.06110114350314354,0.06096444342893473,0.7374346757650574,25,20,20
7,7224,0.14049973730286383,0.06110114350314347,0.06095792112053826,0.737441198073454,25,20,20
7,7225,0.14049973730545878,0.061101143503152044,0.06096718273714115,0.7374319364542475,25,20,20
7,7226,0.14049973730545878,0.061101143503152044,0.060967264018835295,0.7374318551725534,25,20,20
7,7227,0.14049973730545878,0.06107035396300876,0.060998053553520004,0.7374318551780119,25,20,20
7,7228,0.1404997373056409,0.061070353963253415,0.0610052721923633,0.737424636538742,25,20,20
7,7229,0.1406230157247192,0.06107035396320365,0.06088199334069061,0.7374246369713859,25,20,20
7,7230,0.14062301572472,0.061070353963203726,0.060882030154660656,0.737424600157415,25,20,20
7,7231,0.1406230157249021,0.061070353963203684,0.060615856603348624,0.7376907737085451,25,20,20
7,7232,0.14062301572490526,0.061070353963203754,0.060620443656795385,0.7376861866550952,25,20,20
7,7233,0.14062301572231115,0.06107035396343976,0.0606177872386922,0.7376888430755564,25,20,20
7,7234,0.140623015722129,0.061070353963195115,0.06061045415059061,0.7376961761640848,25,20,20
7,7235,0.14062301572212899,0.06107035396319512,0.060605835342223545,0.7377007949724522,25,20,20
7,7236,0.1327480108817812,0.06107036601640464,0.06847971711170069,0.7377019059901133,25,20,20
7,7237,0.1327480108817812,0.06107036601640457,0.06847979162170417,0.7377018314801097,25,20,20
7,7238,0.13274801088178126,0.06107036601640464,0.06847990551131523,0.7377017175904986,25,20,20
7,7239,0.1327480108921598,0.061070366016413156,0.06847697759487541,0.7377046454965513,25,20,20
7,7240,0.14025182389423396,0.06107035396478354,0.06097426362477012,0.737703558516212,25,20,20
7,7241,0.14025182389423393,0.06107035396478356,0.06071021106380086,0.7379676110771815,25,20,20
7,7242,0.14025182389423388,0.06107035396478347,0.06071009776003269,0.7379677243809497,25,20,20
7,7243,0.1242713378029931,0.061070353971379665,0.07668734706284028,0.7379709611627867,25,20,20
7,7244,0.12427133780299628,0.061070353971383884,0.07668960365413087,0.7379687045714887,25,20,20
7,7245,0.12427133780304178,0.06107035397162839,0.0766897039321206,0.7379686042932089,25,20,20
7,7246,0.12427133780299945,0.0610703539713881,0.07668319611975015,0.737975112105862,25,20,20
7,7247,0.12427133780109234,0.06107035396114251,0.06607638110478199,0.748581927132983,25,20,20
7,7248,0.12427133780108994,0.061070353961138295,0.06607412651578246,0.7485841817219892,25,20,20
7,7249,0.12427133780108995,0.061070353961142666,0.0660741604618252,0.7485841477759421,25,20,20
7,7250,0.12427133780129768,0.05937514995118274,0.06776936447713186,0.7485841477703876,25,20,20
7,7251,0.1242713378012977,0.05937514995118274,0.06776936525904784,0.7485841469884715,25,20,20
7,7252,0.12427133780110493,0.06109354289103216,0.0660509723192953,0.7485841469885675,25,20,20
7,7253,0.12431912000000686,0.06109354289414085,0.06600321372498728,0.748584123380865,25,20,20
7,7254,0.12431912000000538,0.0610935436863199,0.05507644528412538,0.7595108910295494,25,20,20
7,7255,0.12431912000018748,0.061093543686324185,0.05508114667996518,0.7595061896335232,25,20,20
7,7256,0.1243191200001875,0.06109354368632427,0.05508114810772426,0.7595061882057641,25,20,20
7,7257,0.12398203444393158,0.06109358339292559,0.05541809726561778,0.7595062848975251,25,20,20
7,7258,0.12398203444393072,0.06109358339316591,0.05541313034316931,0.7595112518197341,25,20,20
7,7259,0.12398203444392998,0.06109358339317012,0.05541320968801593,0.759511172474884,25,20,20
7,7260,0.12398203444392993,0.06109358339317012,0.05541158946473483,0.7595127926981653,25,20,20
7,7261,0.12398203444374783,0.06109358339317012,0.055416133883429836,0.7595082482796524,25,20,20
7,7262,0.12398203444374702,0.061093583392925546,0.05540950162275738,0.75951488054057,25,20,20
7,7263,0.12398203444379254,0.06109358339292984,0.05541416656675832,0.7595102155965193,25,20,20
7,7264,0.12398203444379174,0.06109358339292984,0.05578715223657791,0.7591372299267007,25,20,20
7,7265,0.1239820344437917,0.06109358339292977,0.05578407184540717,0.7591403103178717,25,20,20
7,7266,0.1239820344437917,0.06109358339292978,0.05578703839968377,0.7591373437635949,25,20,20
7,7267,0.12398203444379167,0.0610935833929297,0.05578498822723655,0.7591393939360422,25,20,20
7,7268,0.12398203444378851,0.061093583392925484,0.05578190749236758,0.7591424746709186,25,20,20
7,7269,0.12398203444378847,0.061093583392925484,0.055781940265402834,0.7591424418978834,25,20,20
7,7270,0.11995867632405574,0.061093844304718384,0.059805037509844235,0.7591424418613816,25,20,20
7,7271,0.11995867633604633,0.06109384504985674,0.061918336812042785,0.7570291418020542,25,20,20
7,7272,0.11684612970178014,0.06109359440310423,0.06207856312199818,0.7599817127731174,25,20,20
7,7273,0.11684612970178325,0.06109359440309994,0.06234471355071051,0.7597155623444061,25,20,20
7,7274,0.11684612970178403,0.06109359440309994,0.062343161183258944,0.759717114711857,25,20,20
7,7275,0.11684612970174169,0.06109359440309564,0.06243070760374673,0.7596295682914159,25,20,20
7,7276,0.11684612970173852,0.06109359440309557,0.0621645900170952,0.7598956858780705,25,20,20
7,7277,0.11572426780291742,0.06109357448158769,0.06328656730301628,0.7598955904124787,25,20,20
7,7278,0.11572426780292062,0.06109357448158777,0.06328656839117848,0.7598955893243132,25,20,20
7,7279,0.11572426780292062,0.06109357448158777,0.06328656905724313,0.7598955886582485,25,20,20
7,7280,0.11572426780292068,0.06109357448158777,0.06291816794428773,0.7602639897712039,25,20,20
7,7281,0.11572426794948334,0.061093574481591945,0.06329206431311628,0.7598900932558085,25,20,20
7,7282,0.11572426794948258,0.06109357448176894,0.0743499198875641,0.7488322376811845,25,20,20
7,7283,0.11572426794948262,0.06109357448176901,0.07435003843206173,0.7488321191366866,25,20,20
7,7284,0.11572426794948262,0.06109357448176901,0.07435003703453778,0.7488321205342104,25,20,20
7,7285,0.11572426794930052,0.06109357448176901,0.07434540127043231,0.7488367562984979,25,20,20
7,7286,0.11572426794947947,0.06109357448176901,0.0742532184700074,0.7489289390987439,25,20,20
7,7287,0.11572426794948218,0.06109357448197533,0.08050316725227778,0.7426789903162648,25,20,20
7,7288,0.11572426794948297,0.0610935744957885,0.08087734799668764,0.7423048095580411,25,20,20
7,7289,0.11572426794948293,0.0610935744957885,0.0808727614022354,0.7423093961524934,25,20,20
7,7290,0.11493030650065314,0.06109358579318297,0.08166989348276804,0.7423062142233958,25,20,20
7,7291,0.11493030650065124,0.06109358580688795,0.07551225706453929,0.7484638506279212,25,20,20
7,7292,0.09272506550770844,0.06109357449924142,0.09771710669266585,0.7484642533003842,25,20,20
7,7293,0.09272506549750885,0.061093574499237135,0.09772003584495695,0.748461324158297,25,20,20
7,7294,0.09272506549766979,0.06109357449924085,0.10237883610745868,0.743802523895631,25,20,20
7,7295,0.0717270614682525,0.06115271393686743,0.12304180823210052,0.7440784163627798,25,20,20
7,7296,0.07172706146807437,0.061152713937111976,0.12304405813121604,0.7440761664635979,25,20,20
7,7297,0.07172706146807435,0.06115271393710775,0.12305059389881233,0.7440696306960056,25,20,20
7,7298,0.0717270614680744,0.06115271393710782,0.12305044640575728,0.7440697781890604,25,20,20
7,7299,0.0717270614680704,0.06115271393686336,0.12305278672708077,0.7440674378679855,25,20,20
7,7300,0.0717270614680736,0.06115271393686336,0.12305088548773863,0.7440693391073243,25,20,20
7,7301,0.07172706146807353,0.061152713936863286,0.12305076485469968,0.7440694597403633,25,20,20
7,7302,0.07172706146807355,0.06115271392305442,0.12267678081456604,0.744443443794306,25,20,20
7,7303,0.07172706146807434,0.0611527139230587,0.12267683105008022,0.7444433935587865,25,20,20
7,7304,0.07172706146807355,0.061152713909147324,0.12258440390884613,0.7445358207139329,25,20,20
7,7305,0.07172706146807434,0.061152713909147255,0.1225798199349666,0.7445404046878117,25,20,20
7,7306,0.07172706146811901,0.061152713130909336,0.12245566564578471,0.7446645597551869,25,20,20
7,7307,0.07172706146811901,0.06115271313090927,0.12245566425332269,0.7446645611476491,25,20,20
7,7308,0.07172706146811897,0.06115271313073227,0.11139774154856869,0.7557224838525799,25,20,20
7,7309,0.07172706146807344,0.06115271311679419,0.12244865701036538,0.7446715684047668,25,20,20
7,7310,0.07293667811966983,0.06109357347912476,0.12158005453979287,0.7443896938614121,25,20,20
7,7311,0.07293667811966915,0.061093573478880225,0.12158307263059522,0.7443866757708547,25,20,20
7,7312,0.07290870416522649,0.06109357432400895,0.12159841668648093,0.7443993048242836,25,20,20
7,7313,0.07290870415305627,0.061093573578624064,0.11911860162773451,0.7468791206405855,25,20,20
7,7314,0.07290870415388201,0.05983890968402606,0.1203732655215097,0.7468791206405825,25,20,20
7,7315,0.07290870415388201,0.059838909684022897,0.10931546445884668,0.757936921703248,25,20,20
7,7316,0.07388310172646556,0.05983890980781831,0.108354016330095,0.7579239721356208,25,20,20
7,7317,0.07388310172651376,0.05983890982162445,0.10874837023048813,0.7575296182213731,25,20,20
7,7318,0.07290766416753974,0.05983895586723143,0.1097175649692132,0.757535814996015,25,20,20
7,7319,0.07290766416754214,0.059838955867231515,0.10984697580440551,0.7574064041608203,25,20,20
7,7320,0.07290766416754141,0.059838955867231446,0.10984037218195698,0.7574130077832696,25,20,20
7,7321,0.07290766416754141,0.05983895586723136,0.1098419120687034,0.7574114678965234,25,20,20
7,7322,0.07290766402097958,0.059838955867231404,0.10946964833989677,0.7577837317718918,25,20,20
7,7323,0.07290766402098033,0.05983895586723577,0.10947277908109554,0.7577806010306878,25,20,20
7,7324,0.07290766402356662,0.059838955867231466,0.10959755855917694,0.7576558215500249,25,20,20
7,7325,0.07290766402356662,0.05983895586723576,0.10960225997417158,0.757651120135026,25,20,20
7,7326,0.07290766402356581,0.059838955867231466,0.10960220810040862,0.7576511720087941,25,20,20
7,7327,0.07290766402356341,0.059838955867235685,0.10960411110795346,0.7576492690012475,25,20,20
7,7328,0.07106942302279086,0.05983895587523011,0.11144222828300075,0.7576493928189785,25,20,20
7,7329,0.07106942302279087,0.05983895587523011,0.11143772303956792,0.7576538980624113,25,20,20
7,7330,0.07106942302279004,0.059838955875230165,0.11170230731593177,0.7573893137860483,25,20,20
7,7331,0.07106942302278924,0.05983895587522586,0.1117022245056314,0.7573893965963536,25,20,20
7,7332,0.07106942302278929,0.059838955875225947,0.11170219320405503,0.7573894278979298,25,20,20
7,7333,0.0710694230227861,0.059838955875225794,0.11157277891420354,0.7575188421877848,25,20,20
7,7334,0.07106942302278604,0.059838955875225794,0.11156815848221768,0.7575234626197707,25,20,20
7,7335,0.0710694230229681,0.059838955875225794,0.1115728737286976,0.7575187473731085,25,20,20
7,7336,0.07106942302296732,0.05983895587522151,0.11156630716742438,0.757525313934387,25,20,20
7,7337,0.0710694230229673,0.05983895587521717,0.11130008815721493,0.7577915329446008,25,20,20
7,7338,0.07106942360887678,0.05983895586165748,0.11129938719343617,0.7577922333360297,25,20,20
7,7339,0.07106942302291905,0.059838955861411025,0.11090556907433116,0.7581860520413389,25,20,20
7,7340,0.07106942302291905,0.05983895586141117,0.11117190339183834,0.7579197177238316,25,20,20
7,7341,0.07107060893652892,0.059838955871119266,0.11117084124442071,0.7579195939479311,25,20,20
7,7342,0.07107060893671382,0.059838955871123624,0.11126336693858299,0.7578270682535795,25,20,20
7,7343,0.04292189037915546,0.059838941380753734,0.13941205285190922,0.7578271153881818,25,20,20
7,7344,0.04292189037915544,0.059838941380749515,0.1394119714577168,0.7578271967823784,25,20,20
7,7345,0.04292189037915862,0.05983894138074953,0.1395040435671083,0.7577351246729838,25,20,20
7,7346,0.04292189037916501,0.05983894138074953,0.1395056401536602,0.7577335280864256,25,20,20
7,7347,0.04292189037934674,0.05983894138075388,0.13959782820901065,0.7576413400308891,25,20,20
7,7348,0.04292806321155568,0.059839649398574675,0.13959094740018926,0.7576413399896809,25,20,20
7,7349,0.04292806321160079,0.059839649398817016,0.13996431268394502,0.7572679747056378,25,20,20
7,7350,0.04292806321160074,0.059839649398821304,0.1399709157574185,0.7572613716321601,25,20,20
7,7351,0.042928063211601544,0.05983964939882138,0.13997088498763355,0.7572614024019443,25,20,20
7,7352,0.04292806321160152,0.0598396493988171,0.13996439293911803,0.757267894450464,25,20,20
7,7353,0.042928063211601496,0.0598396493988171,0.13996442634538298,0.7572678610441992,25,20,20
7,7354,0.042928063211602294,0.05983964939882146,0.1399691299377454,0.7572631574518316,25,20,20
7,7355,0.042928063211602294,0.05983964939882146,0.1399690154782795,0.7572632719112975,25,20,20
7,7356,0.04292806321160231,0.05983964939881717,0.13997352171858796,0.7572587656709935,25,20,20
7,7357,0.04292806321160231,0.059839649399057386,0.13997552259691853,0.7572567647924227,25,20,20
7,7358,0.042928063211603106,0.05983964939905753,0.13998022522970907,0.7572520621596311,25,20,20
7,7359,0.04292806321144218,0.05983964939905374,0.13532145836024692,0.761910829029258,25,20,20
7,7360,0.04292806321143978,0.059839649399053674,0.13532149175478808,0.7619107956347192,25,20,20
7,7361,0.04292806562936804,0.07829207517379103,0.11690002986442571,0.7618798293324158,25,20,20
7,7362,0.04292806562936811,0.07829207517379111,0.11690003457360922,0.7618798246232322,25,20,20
7,7363,0.04292806562918319,0.07829207517378682,0.1168122087392094,0.7619676504578211,25,20,20
7,7364,0.042928065629320236,0.07829207517354886,0.11643892772214985,0.7623409314749817,25,20,20
7,7365,0.0436547958260669,0.07829206490832256,0.11866477843096124,0.7593883608346499,25,20,20
7,7366,0.07235660212114067,0.0782920596089142,0.08996302622567257,0.7593883120442729,25,20,20
7,7367,0.07235660212113428,0.0782920596089142,0.08996791992890929,0.7593834183410425,25,20,20
7,7368,0.07235660212095217,0.0782920596089142,0.08996323750106015,0.7593881007690737,25,20,20
7,7369,0.07235660212077047,0.07829205960890992,0.08987097694558589,0.759480361324734,25,20,20
7,7370,0.11209314154396723,0.07829201267145298,0.050140794187600514,0.7594740515969792,25,20,20
7,7371,0.11209314154312658,0.07911909486799003,0.04931371199199686,0.7594740515968864,25,20,20
7,7372,0.1120931415431273,0.07911909486799011,0.049313714093110396,0.759474049495772,25,20,20
7,7373,0.10030950959096172,0.07911925975741946,0.06109641869668463,0.759474811954934,25,20,20
7,7374,0.10030950973413998,0.07911925977091343,0.06238626555027789,0.7581849649446687,25,20,20
7,7375,0.10030950973413995,0.07911925977091343,0.06239275377983385,0.7581784767151127,25,20,20
7,7376,0.10030950973413677,0.07911925977091772,0.062305155236311235,0.7582660752586342,25,20,20
7,7377,0.10030950694410352,0.0783252772471556,0.06309914024307087,0.7582660755656699,25,20,20
7,7378,0.10030950694410352,0.07832527724715546,0.06320592661250662,0.7581592891962344,25,20,20
7,7379,0.10030950694410772,0.0395407916982732,0.10198926865665929,0.7581604327009596,25,20,20
7,7380,0.10030950694410777,0.03954079169827749,0.10199143377644843,0.758158267581166,25,20,20
7,7381,0.10153192612772534,0.03954079169827565,0.1007690145923265,0.7581582675816724,25,20,20
7,7382,0.10153196602115598,0.038761541592333464,0.10154832860061612,0.7581581637858942,25,20,20
7,7383,0.10153196602115677,0.03876154159233783,0.1015483731205983,0.7581581192659068,25,20,20
7,7384,0.10153196602115681,0.03876154159233361,0.10154837084502237,0.7581581215414869,25,20,20
7,7385,0.10173033737838509,0.03876154166641599,0.1013499591604193,0.7581581617947794,25,20,20
7,7386,0.11823978501379019,0.03876083363352626,0.08484121953385655,0.7581581618188277,25,20,20
7,7387,0.11823978501379019,0.0387608336335304,0.08484312342371415,0.7581562579289658,25,20,20
7,7388,0.14005277862356713,0.038760853491291845,0.06303001369062441,0.7581563541945162,25,20,20
7,7389,0.14005277862361176,0.03876085349153589,0.06311571188519981,0.7580706559996522,25,20,20
7,7390,0.14005277862356633,0.03876085349128756,0.06302340857972392,0.7581629593054218,25,20,20
7,7391,0.14005277862356627,0.03876085349128326,0.06302112901497954,0.7581652388701705,25,20,20
7,7392,0.14005277862356866,0.038760853491287404,0.06302120350524727,0.7581651643798963,25,20,20
7,7393,0.14005277862338653,0.03876085349128304,0.0630210858546105,0.75816528203072,25,20,20
7,7394,0.1400527786233873,0.038760853491283116,0.06302131692729293,0.7581650509580367,25,20,20
7,7395,0.14005277862339052,0.0387608534912874,0.0631070202465239,0.7580793476387983,25,20,20
7,7396,0.14005277862339052,0.03876085349128732,0.06310232038676139,0.7580840474985608,25,20,20
7,7397,0.10165667988748156,0.03876089936886988,0.10148622705288972,0.7580961936907589,25,20,20
7,7398,0.10165667988748081,0.03876089936862962,0.10185262589272917,0.7577297948511602,25,20,20
7,7399,0.10165667988489448,0.0387608993686255,0.10172324802306688,0.7578591727234131,25,20,20
7,7400,0.10165667988489373,0.0387608993686255,0.10172313449354833,0.7578592862529322,25,20,20
7,7401,0.10165667988491701,0.03997373495317847,0.10051029889936,0.7578592862625443,25,20,20
7,7402,0.1089942459764327,0.039980850421063564,0.0931657732270818,0.757859130375422,25,20,20
7,7403,0.10899424597643273,0.039980850421067846,0.0932951794436298,0.7577297241588696,25,20,20
7,7404,0.10899424597643272,0.039980850421067846,0.09329514144526865,0.7577297621572308,25,20,20
7,7405,0.10899424597902746,0.039980850421072064,0.0932952229365089,0.7577296806633916,25,20,20
7,7406,0.10899424597902425,0.039980850421067776,0.09329502657663717,0.7577298770232709,25,20,20
7,7407,0.10899424597642952,0.03998085042106348,0.09342431357332892,0.7576005900291781,25,20,20
7,7408,0.10834126556916543,0.039980832143464394,0.09406766877026643,0.7576102335171038,25,20,20
7,7409,0.10834126556934756,0.03998083214346447,0.09407246512232671,0.7576054371648613,25,20,20
7,7410,0.10834126556934676,0.039980832143464394,0.09407223605737387,0.7576056662298148,25,20,20
7,7411,0.11304845078784181,0.03997355169429175,0.0893729619772731,0.7576050355405934,25,20,20
7,7412,0.11537105389859022,0.03997355011149645,0.08706010022747242,0.7575952957624408,25,20,20
7,7413,0.11537105389858943,0.039973550111496454,0.08693069162039496,0.7577247043695191,25,20,20
7,7414,0.11537105389863495,0.03997355011150074,0.08693080851923561,0.7577245874706284,25,20,20
7,7415,0.11537105375545748,0.03997355009825139,0.08564566185017744,0.7590097342961134,25,20,20
7,7416,0.11537105375541197,0.03997355009849169,0.08565029939640656,0.7590050967496896,25,20,20
7,7417,0.11554292417037684,0.039973550098830725,0.08547844900582081,0.7590050767249714,25,20,20
7,7418,0.11523224571770285,0.03997355010527142,0.0857891274504669,0.7590050767265586,25,20,20
7,7419,0.15304026336187393,0.03997350423396911,0.04799330186979529,0.7589929305343616,25,20,20
7,7420,0.15304026336187393,0.0399735042339691,0.047993302479980265,0.7589929299241766,25,20,20
7,7421,0.15303431009037163,0.039973504235563645,0.04799923149077579,0.7589929541832889,25,20,20
7,7422,0.15303431009037405,0.03997350423556779,0.047999343651216435,0.7589928420228418,25,20,20
7,7423,0.1530343100903741,0.03997350423556771,0.04799626379058955,0.7589959218834685,25,20,20
7,7424,0.15303427019719268,0.039973756691551586,0.04792848347282981,0.7590634896384257,25,20,20
7,7425,0.1530342701974474,0.039973504313351144,0.047928646677506716,0.7590635788116945,25,20,20
7,7426,0.15303427019744734,0.03997350431335109,0.04779932180766644,0.759192903681535,25,20,20
7,7427,0.11411961104312254,0.03997350431600725,0.08671397859304868,0.7591929060478219,25,20,20
7,7428,0.11411961104312336,0.03997350431625192,0.08671881151819433,0.7591880731224309,25,20,20
7,7429,0.1141196110431233,0.039973504316251844,0.08671411035723105,0.7591927742833943,25,20,20
7,7430,0.11411961104312249,0.03997350431600718,0.08670927686527433,0.7591976077755964,25,20,20
7,7431,0.11411961104294037,0.03997350431600289,0.0867045741207078,0.7592023105203494,25,20,20
7,7432,0.11411961104294038,0.03997350431600289,0.08670457412070778,0.7592023105203495,25,20,20
7,7433,0.11411961104293718,0.03997350431599867,0.08707748070849274,0.7588294039325716,25,20,20
7,7434,0.11411961104293714,0.03997350431599435,0.08670449128183852,0.7592023933592301,25,20,20
7,7435,0.11411961104293394,0.03997350431599007,0.08661229766274124,0.759294586978335,25,20,20
7,7436,0.11411961104293399,0.03997350431599007,0.08623927690079004,0.7596676077402863,25,20,20
7,7437,0.11411961104293314,0.03997350431598578,0.08623461194971163,0.7596722726913699,25,20,20
7,7438,0.11411961104297826,0.039973504316228044,0.0866076516394586,0.7592992330013351,25,20,20
7,7439,0.11411961104297826,0.03997350431622856,0.12190942120859807,0.7239974634321947,25,20,20
7,7440,0.11411961104297907,0.039973504316228634,0.12190953709172606,0.7239973475490661,25,20,20
7,7441,0.11411961104297905,0.03997350431622856,0.12190293428537148,0.7240039503554206,25,20,20
7,7442,0.1141196110430174,0.0399735043162321,0.12815245262110816,0.7177544320196422,25,20,20
7,7443,0.1141196110430174,0.0399735043162321,0.12815245262313263,0.7177544320176178,25,20,20
7,7444,0.1141196110430166,0.03997350431598743,0.1281477915445057,0.7177590930964902,25,20,20
7,7445,0.11411983774211269,0.039973504411370424,0.1281279788338144,0.7177786790127024,25,20,20
7,7446,0.07504023375826145,0.04047225653206687,0.16666785582592625,0.7178196538837449,25,20,20
7,7447,0.07504023375826142,0.04047225653182235,0.16666310338377058,0.7178244063261451,25,20,20
7,7448,0.07504023375826142,0.04047225653182235,0.16666318303727304,0.7178243266726426,25,20,20
7,7449,0.07504023375826142,0.04047225653182235,0.1666631830006313,0.7178243267092844,25,20,20
7,7450,0.07504023375826148,0.040472256531822424,0.1662901307246919,0.7181973789852236,25,20,20
7,7451,0.07504023375822755,0.040487190702646,0.16627519687054917,0.7181973786685768,25,20,20
7,7452,0.07504023375822755,0.040487190702646,0.16627519656797748,0.7181973789711484,25,20,20
7,7453,0.0750402337581825,0.040487190702403746,0.16590218971162207,0.7185703858277912,25,20,20
7,7454,0.07504023375839551,0.04045935813132165,0.1659300219659483,0.7185703861443341,25,20,20
7,7455,0.0750400089859173,0.04045935808212917,0.16832394618799032,0.7161766867439625,25,20,20
7,7456,0.0750400089859173,0.04045935808212924,0.16832387167798676,0.716176761253966,25,20,20
7,7457,0.07504000898591724,0.04045935808212924,0.16869685936035542,0.7158037735715973,25,20,20
7,7458,0.07504000898591724,0.04045935808212917,0.16832383686627,0.7161767960656829,25,20,20
7,7459,0.07504000899629897,0.04045935808212925,0.1683254119540871,0.716175220967484,25,20,20
7,7460,0.07455332779811796,0.0404593585677038,0.1688120949508305,0.7161752186833471,25,20,20
7,7461,0.07455332779807956,0.040459358567700325,0.16256719540989564,0.7224201182243238,25,20,20
7,7462,0.07455332779808037,0.04045935856770041,0.16256731129302668,0.7224200023411919,25,20,20
7,7463,0.07455332779808037,0.04045935856770041,0.16256730931991442,0.7224200043143041,25,20,20
7,7464,0.07455332779808037,0.04045935856770041,0.1625672302176781,0.7224200834165405,25,20,20
7,7465,0.07455332779808041,0.04045935856770041,0.16257194742626604,0.7224153662079524,25,20,20
7,7466,0.07455332779807963,0.04045935856770458,0.16294493337584323,0.7220423802583719,25,20,20
7,7467,0.07455332779807962,0.040459358567700325,0.16257194400503322,0.7224153696291862,25,20,20
7,7468,0.0745537240763906,0.04045935850139167,0.1296634965863385,0.7553234208358793,25,20,20
7,7469,0.07455372407643603,0.040459358501635574,0.12975187912260783,0.7552350382993207,25,20,20
7,7470,0.07364160724099363,0.03996124498152437,0.1312031086080327,0.7551940391694495,25,20,20
7,7471,0.07364160724099683,0.03996124498152429,0.13120469165022566,0.7551924561272533,25,20,20
7,7472,0.07364160724099687,0.03996124498152429,0.13120461304714362,0.7551925347303352,25,20,20
7,7473,0.07364160724099687,0.03996124498152422,0.13120453057897866,0.7551926171985002,25,20,20
7,7474,0.07364160724117823,0.03996124498152851,0.1312046113809379,0.7551925363963552,25,20,20
7,7475,0.07364160724100245,0.03996124498152851,0.13146657398448594,0.7549305737929831,25,20,20
7,7476,0.07364160724104798,0.039961244981532806,0.13146665740972113,0.7549304903676979,25,20,20
7,7477,0.07364160724108716,0.0399612449815328,0.1312065042006099,0.7551906435767699,25,20,20
7,7478,0.0736416072410871,0.039961244981532876,0.1312066166426388,0.7551905311347409,25,20,20
7,7479,0.07367071120677858,0.03996060639442542,0.1311777002825555,0.75519098211624,25,20,20
7,7480,0.0736707112067786,0.039960606394429755,0.13144391907189434,0.754924763326897,25,20,20
7,7481,0.047862176873907335,0.03996081136150075,0.15719934381969916,0.7549776679448926,25,20,20
7,7482,0.08772564758352987,0.03996081087009783,0.11733587368376032,0.7549776678626121,25,20,20
7,7483,0.05742434709707535,0.0399608108025616,0.14763719519220964,0.7549776469081538,25,20,20
7,7484,0.05742434709707528,0.0399608108025616,0.14763557460736731,0.7549792674929964,25,20,20
7,7485,0.05737744581917857,0.03996081081042898,0.14768235181607348,0.7549793915543194,25,20,20
7,7486,0.05737767796765558,0.03996081086099659,0.14992068774478984,0.7527408234265586,25,20,20
7,7487,0.056921949325635476,0.03996081103535977,0.15037641579318414,0.7527408238458212,25,20,20
7,7488,0.0830276935895662,0.039960606061848036,0.12432378112234828,0.752687919226238,25,20,20
7,7489,0.0830283069307528,0.03996060604677582,0.12432361877797696,0.752687468244495,25,20,20
7,7490,0.08302830693079835,0.039960606046775975,0.12432380061273929,0.7526872864096866,25,20,20
7,7491,0.08302791065197887,0.039960606035280545,0.11730094822952614,0.7597105350832147,25,20,20
7,7492,0.08302791065197888,0.03996060603528055,0.11730091612605087,0.7597105671866901,25,20,20
7,7493,0.08302791065197569,0.03996060603528055,0.11742881512172985,0.759582668191014,25,20,20
7,7494,0.08302789965134297,0.03996060606578846,0.11742882191106287,0.7595826723718059,25,20,20
7,7495,0.08302789965134298,0.03996060606578853,0.11780192375425252,0.7592095705286162,25,20,20
7,7496,0.043844735280319236,0.03996063013365575,0.15697874877590803,0.759215885810117,25,20,20
7,7497,0.043844735280319284,0.039960630133655674,0.1569802879007232,0.7592143466853021,25,20,20
7,7498,0.04384473528036487,0.03996063013365576,0.15698195384574518,0.7592126807402344,25,20,20
7,7499,0.04384473528036487,0.039960630133655826,0.15698855802460307,0.7592060765613765,25,20,20
7,7500,0.043844735280364894,0.03996063013365576,0.15698199323153245,0.7592126413544471,25,20,20
7,7501,0.04384473528031941,0.03996063013365147,0.15698183532737542,0.7592127992586538,25,20,20
7,7502,0.04384473528013727,0.0399606301336471,0.1569817530725142,0.7592128815137015,25,20,20
7,7503,0.043844735280091834,0.03996063013340304,0.15688874970356945,0.7593058848829357,25,20,20
7,7504,0.04384473528013735,0.039960630147342344,0.15690103127150778,0.7592936033010125,25,20,20
7,7505,0.04384513518473298,0.039960630147545854,0.1636155447252487,0.7525786899424709,25,20,20
7,7506,0.043845135184732945,0.039960630147550066,0.16361778358391899,0.7525764510837963,25,20,20
7,7507,0.0793699332637364,0.03996061357114236,0.1280427985632744,0.7526266546018467,25,20,20
7,7508,0.07936993326369164,0.039960613571142216,0.1280448956105457,0.7526245575546204,25,20,20
7,7509,0.07936993326369164,0.03996061357114214,0.1276717903825656,0.7529976627826006,25,20,20
7,7510,0.07936953335905053,0.03996061357093856,0.12095075171116366,0.7597191013588475,25,20,20
7,7511,0.07936953334866882,0.03996061357093427,0.12094906244192466,0.7597207906384723,25,20,20
7,7512,0.07936953334871405,0.03996061358478471,0.1212165114030674,0.7594533416634337,25,20,20
7,7513,0.07936953334871406,0.03996061358478471,0.121086992463623,0.759582860602878,25,20,20
7,7514,0.07936953334871405,0.039960613584789,0.12109197607382209,0.7595778769926746,25,20,20
7,7515,0.07936953334889499,0.03996061358479326,0.12135832456985408,0.7593115284964574,25,20,20
7,7516,0.07936953334889499,0.03996061358479326,0.12135832459419608,0.7593115284721152,25,20,20
7,7517,0.07936953334903159,0.03996061357085396,0.12135080135473876,0.7593190517253753,25,20,20
7,7518,0.07936953334903164,0.03996061357085396,0.12135234129207101,0.7593175117880431,25,20,20
7,7519,0.07936953334903164,0.03996061357085396,0.12135226082684068,0.7593175922532732,25,20,20
7,7520,0.07936953335162142,0.0399606135847497,0.12148475081268374,0.7591851022509448,25,20,20
7,7521,0.07936953335162142,0.039960613584749775,0.12149135255872194,0.7591785005049065,25,20,20
7,7522,0.07936953335162458,0.03996061358498848,0.12175542482820932,0.7589144282351772,25,20,20
7,7523,0.0793695333516286,0.039960613584992706,0.12158139405724765,0.7590884590061306,25,20,20
7,7524,0.07936953335158571,0.039960613584999874,0.1278293158503893,0.7528405372130246,25,20,20
7,7525,0.07936953335158639,0.039960613584999936,0.1340787924830461,0.7465910605803672,25,20,20
7,7526,0.07936953335140427,0.039960613584999936,0.1340739941931901,0.7465958588704052,25,20,20
7,7527,0.0793695333539956,0.03996061358499996,0.13398418067020657,0.7466856723907973,25,20,20
7,7528,0.07936953335140579,0.03996061357110421,0.13384689297601504,0.7468229601014744,25,20,20
7,7529,0.07934034667927838,0.03996061355586659,0.1338760838075025,0.7468229559573516,25,20,20
7,7530,0.07934034667927838,0.039960613555623664,0.13387607956819347,0.7468229601969035,25,20,20
7,7531,0.07934034667906503,0.039968384799391694,0.13386830864118346,0.7468229598803591,25,20,20
7,7532,0.0793403466790198,0.03996838478554554,0.13360105623533344,0.7470902123001005,25,20,20
7,7533,0.07934034667901986,0.039968384785549836,0.133601199137785,0.7470900693976446,25,20,20
7,7534,0.07934034667901992,0.039968384785545694,0.13369329618877668,0.746997972346657,25,20,20
7,7535,0.079340346679202,0.039968384785545694,0.13369334081794812,0.7469979277173036,25,20,20
7,7536,0.07934034667924754,0.039968384785790366,0.1336981777425062,0.7469930907924553,25,20,20
7,7537,0.07934034667942962,0.03996838478579029,0.13360600610853646,0.7470852624262431,25,20,20
7,7538,0.0757376093837549,0.039968384779070366,0.13720872610211474,0.7470852797350593,25,20,20
7,7539,0.07573760938375489,0.0399683847790703,0.13720223623570463,0.7470917696014696,25,20,20
7,7540,0.07573760938375171,0.03996838477907022,0.13693588996102876,0.7473581158761488,25,20,20
7,7541,0.07574678280887079,0.03996860104159433,0.1369256105207821,0.7473590056287521,25,20,20
7,7542,0.07574678280887076,0.03996860104159433,0.13692572296828304,0.7473588931812514,25,20,20
7,7543,0.0757467828086899,0.039968601041590064,0.13665937789224838,0.7476252382574711,25,20,20
7,7544,0.06904715275534047,0.03996859355362999,0.14341553360231318,0.7475687200887157,25,20,20
7,7545,0.06904715275534051,0.03996859355363,0.14341781176660415,0.7475664419244247,25,20,20
7,7546,0.0690471527553413,0.03996859355363429,0.14342441870775735,0.7475598349832664,25,20,20
7,7547,0.06904715275538684,0.039968593553634434,0.1434246363654656,0.7475596173255125,25,20,20
7,7548,0.06905161107536173,0.03997478831096289,0.1434698900758721,0.7475037105378033,25,20,20
7,7549,0.06905161107536506,0.03997478831096305,0.1372226046617062,0.7537509959519659,25,20,20
7,7550,0.06905161107518291,0.03997478831096305,0.13722909778582204,0.753744502828032,25,20,20
7,7551,0.06905161107518365,0.039974788310962975,0.13722987588799604,0.7537437247258574,25,20,20
7,7552,0.06905161107518291,0.03997478831096298,0.13723239390249323,0.7537412067113607,25,20,20
7,7553,0.06905161107522764,0.039974788311203276,0.13723249146770578,0.7537411091458632,25,20,20
7,7554,0.06905161107522759,0.039974788311203276,0.13723241093886815,0.7537411896747009,25,20,20
7,7555,0.06904243548321508,0.03997458076943138,0.13724282483160816,0.7537401589157449,25,20,20
7,7556,0.06904243548321823,0.03997458078336782,0.13724446419590705,0.7537385195375065,25,20,20
7,7557,0.06904243548321749,0.03997458079730712,0.13725438463240647,0.7537285990870686,25,20,20
7,7558,0.06904243548321824,0.039974580797307195,0.13724973014244773,0.7537332535770264,25,20,20
7,7559,0.06904243548321744,0.03997458079730712,0.13724958635856807,0.7537333973609069,25,20,20
7,7560,0.06904243548321819,0.03997458079730727,0.13724970714315682,0.7537332765763172,25,20,20
7,7561,0.069042435483215,0.03997458078336655,0.13733375548357135,0.7536492282498467,25,20,20
7,7562,0.06904243548321813,0.03997458078336226,0.13733364210653315,0.7536493416268861,25,20,20
7,7563,0.06904243548321813,0.03997458078336226,0.13733364299481154,0.7536493407386078,25,20,20
7,7564,0.0690424354831734,0.03997458078311775,0.13732705581247207,0.7536559279212365,25,20,20
7,7565,0.035979126850680034,0.03997458066235221,0.16767907792349848,0.7563672145634692,25,20,20
7,7566,0.03597912685067603,0.039974580662352065,0.16768337502268213,0.7563629174642899,25,20,20
7,7567,0.03597912685078755,0.021249989864786847,0.18640796582018165,0.756362917464244,25,20,20
7,7568,0.03597912685078749,0.02124998985084755,0.18639572535691543,0.7563751579414496,25,20,20
7,7569,0.03597912684819216,0.021249989851083558,0.18639807187914081,0.7563728114215834,25,20,20
7,7570,0.03597455638079463,0.02126246269204601,0.18641969558393046,0.7563432853432291,25,20,20
7,7571,0.035974556380794644,0.0212624626920503,0.1863340078791226,0.7564289730480327,25,20,20
7,7572,0.0359745563807915,0.021262462692050375,0.18633409423067607,0.7564288866964823,25,20,20
7,7573,0.03597455638079151,0.021262462692050378,0.18633420720351135,0.7564287737236468,25,20,20
7,7574,0.03597455638079151,0.021262462692050378,0.18633420662792297,0.7564287742992353,25,20,20
7,7575,0.03597455638079151,0.02126246269205467,0.1863363717215326,0.7564266092056212,25,20,20
7,7576,0.03597455638092806,0.02126246269205467,0.1863362950896208,0.7564266858373963,25,20,20
7,7577,0.03597455638092806,0.021262462692054743,0.1863409969224956,0.7564219840045214,25,20,20
7,7578,0.03597455638092615,0.0212624626920518,0.1800915289312811,0.7626714519957409,25,20,20
7,7579,0.0359740436266345,0.02126246267731266,0.1800920417370248,0.7626714519590277,25,20,20
7,7580,0.03597404362663689,0.02126246267731251,0.1800919740516284,0.7626715196444218,25,20,20
7,7581,0.03597404362663689,0.021262462677312587,0.18009667587440506,0.7626668178216452,25,20,20
7,7582,0.03597404362663689,0.02126246267731251,0.18009007369331523,0.762673420002735,25,20,20
7,7583,0.03597404362663695,0.0212624626775528,0.1800944991966424,0.7626689944991675,25,20,20
7,7584,0.035974043626641,0.02126246267755288,0.18009450168426447,0.7626689920115414,25,20,20
7,7585,0.035974043626637815,0.021262462677552878,0.18009467668439874,0.7626688170114103,25,20,20
7,7586,0.035974043626637815,0.021262462677552878,0.18009459019665655,0.7626689034991526,25,20,20
7,7587,0.0359740436268207,0.021262462677308438,0.18009137950162019,0.7626721141942505,25,20,20
7,7588,0.029628116295622387,0.02126246262063565,0.1891468697030588,0.7599625513806835,25,20,20
7,7589,0.029628116295625565,0.021262462620640018,0.18915324565511427,0.7599561754286204,25,20,20
7,7590,0.029628116295443423,0.02126246262063994,0.1891531249548345,0.7599562961290824,25,20,20
7,7591,0.029628160495762588,0.021262700624998514,0.1890898869117922,0.7600192519674467,25,20,20
7,7592,0.02962816049576253,0.021262700624754008,0.18908326492357364,0.7600258739559098,25,20,20
7,7593,0.029628160495580386,0.021262700624753855,0.18908312106346575,0.7600260178161998,25,20,20
7,7594,0.02962816049557959,0.021262700624753782,0.18908300622174667,0.7600261326579197,25,20,20
7,7595,0.02962816049557959,0.021262700624753782,0.18908300483432047,0.760026134045346,25,20,20
7,7596,0.02962816049571618,0.021262700624513405,0.18908287512694794,0.7600262637528223,25,20,20
7,7597,0.029628160495716233,0.021262700624513405,0.18908290796033986,0.7600262309194303,25,20,20
7,7598,0.029628160495716246,0.021262700624513405,0.18908948652257782,0.7600196523571924,25,20,20
7,7599,0.02962816049571545,0.02126270062450911,0.1890893667756287,0.7600197721041466,25,20,20
7,7600,0.02962811621215041,0.021262462621998632,0.18905959233752212,0.7600498288283286,25,20,20
7,7601,0.029628116192298378,0.02126246262031371,0.15733123228323428,0.7917781889041539,25,20,20
7,7602,0.039803758994142166,0.021262462616841143,0.1471555901155224,0.7917781882734946,25,20,20
7,7603,0.039803759028978446,0.021262453965742886,0.14715559909695575,0.7917781879083232,25,20,20
7,7604,0.039803759031573675,0.02126245396599177,0.1471604363572666,0.7917733506451683,25,20,20
7,7605,0.03980375903157362,0.021262453965991693,0.14716040154554974,0.7917733854568852,25,20,20
7,7606,0.039803759031573675,0.02126245396599177,0.14716035091762408,0.7917734360848107,25,20,20
7,7607,0.03980375903139156,0.02126245396598748,0.14715564708522894,0.7917781399173923,25,20,20
7,7608,0.03980375903139157,0.021262453965987485,0.14715564850794904,0.7917781384946722,25,20,20
7,7609,0.039803759031572496,0.02126245396598756,0.14742284779751394,0.7915109392049263,25,20,20
7,7610,0.039803759031573335,0.02126245396622635,0.14766794058142885,0.7912658464207715,25,20,20
7,7611,0.0019052775492527899,0.021262453979050418,0.18556642200997664,0.7912658464617208,25,20,20
7,7612,0.02309717869389663,0.02126245396626106,0.1643745209192026,0.7912658464206396,25,20,20
7,7613,0.02309717869389673,0.02126245396626106,0.16437622793223233,0.7912641394076096,25,20,20
7,7614,0.02309717869389673,0.021262453966261058,0.16437622595912008,0.7912641413807221,25,20,20
7,7615,0.05124085310016799,0.021262453965729886,0.13623255155337993,0.7912641413807221,25,20,20
7,7616,0.051240853100167995,0.021262453965734177,0.13623266772267267,0.7912640252114249,25,20,20
7,7617,0.05124085310002241,0.021262453965536148,0.12805576813568795,0.7994409247987533,25,20,20
7,7618,0.05124085310002239,0.021262453965536145,0.12804916112357578,0.7994475318108654,25,20,20
7,7619,0.06210744443603052,0.021262453965750567,0.11718256972908712,0.7994475318691316,25,20,20
7,7620,0.06210744443603052,0.021262453965750567,0.11718905861723065,0.7994410429809881,25,20,20
7,7621,0.06210744443593067,0.03999585598519837,0.0984556565979328,0.7994410429809379,25,20,20
7,7622,0.06210744443851886,0.03999585598544237,0.09856992132793305,0.7993267782481055,25,20,20
7,7623,0.02407528734171143,0.03999585648331519,0.13660207561185383,0.7993267805631196,25,20,20
7,7624,0.02407528737223287,0.024580030094620776,0.15201790196996667,0.7993267805631799,25,20,20
7,7625,0.02407528737223281,0.024580030094377765,0.151766320592198,0.7995783619411916,25,20,20
7,7626,0.024075287372235996,0.024580030094377845,0.15176626769000903,0.7995784148433772,25,20,20
7,7627,0.02407528737228542,0.024580030108289755,0.1515899638020097,0.7997547187174153,25,20,20
7,7628,0.02407528737228542,0.02458003010828983,0.1515900790785269,0.7997546034408981,25,20,20
7,7629,0.02407528734176398,0.03999585649698424,0.13617425272041406,0.7997546034408378,25,20,20
7,7630,0.02407528733916875,0.03999585649673536,0.1361695293439816,0.7997593268201144,25,20,20
7,7631,0.02407522241148695,0.03997776106390128,0.13618632551611498,0.7997606910084971,25,20,20
7,7632,0.024075222411486092,0.039977761063901204,0.1361817057010153,0.7997653108235978,25,20,20
7,7633,0.024075222411474403,0.03995823848594598,0.13620122827898218,0.7997653108235978,25,20,20
7,7634,0.024075222411474417,0.03995823848595019,0.13620584794063492,0.7997606911619408,25,20,20
7,7635,0.024075222411475215,0.0399582384859502,0.13621245496463652,0.7997540841379386,25,20,20
7,7636,0.024075222411475236,0.0399582384859502,0.13620783622075283,0.7997587028818223,25,20,20
7,7637,0.024075222411520464,0.03995823848619746,0.13647418705467973,0.7994923520476028,25,20,20
7,7638,0.024075222411520464,0.039958238486201746,0.1364788881337004,0.7994876509685779,25,20,20
7,7639,0.024075222411520523,0.03995823848620182,0.13648358799828664,0.7994829511039913,25,20,20
7,7640,0.040475797972708255,0.03995823849790531,0.12008301242344968,0.7994829511059371,25,20,20
7,7641,0.040475797972705056,0.03995823849790102,0.12008301066434474,0.7994829528650496,25,20,20
7,7642,0.04047579797275053,0.039958238498145546,0.1200822222140176,0.7994837413150867,25,20,20
7,7643,0.040475797975344834,0.03995823849839013,0.12008881164036771,0.7994771518858976,25,20,20
7,7644,0.04047579797791611,0.039958238498394305,0.12045620797387063,0.7991097555498194,25,20,20
7,7645,0.04047579797791686,0.0399582384983986,0.12046088170449598,0.799105081819189,25,20,20
7,7646,0.04047579797791676,0.03995823849839868,0.12045928655981325,0.7991066769638718,25,20,20
7,7647,0.04047579797791357,0.03995823849839439,0.12046574698174795,0.7991002165419445,25,20,20
7,7648,0.04047579797791429,0.03995823849858477,0.12863793508374585,0.7909280284397555,25,20,20
7,7649,0.04047579797791435,0.03995823849858477,0.12863793559861153,0.7909280279248898,25,20,20
7,7650,0.0404757979777528,0.03995823859193413,0.16393820943835283,0.7556277539919601,25,20,20
7,7651,0.0404757979777528,0.03995823859193412,0.16393168771507124,0.7556342757152414,25,20,20
7,7652,0.04012742626526299,0.03995823858027481,0.16428005777466723,0.7556342773797947,25,20,20
7,7653,0.04012742626546697,0.0382816573952493,0.1659566386561567,0.7556342776831267,25,20,20
7,7654,0.040127426266906456,0.03828201285539923,0.17065268777121786,0.750937873106476,25,20,20
7,7655,0.04012742685674429,0.038282012869540784,0.17078415709907574,0.7508064031746388,25,20,20
7,7656,0.04012742685651399,0.03828201285562888,0.1706933756114632,0.7508971846763934,25,20,20
7,7657,0.04012742685646962,0.0382820128556262,0.17043372782918845,0.7511568324587152,25,20,20
7,7658,0.04012742685388223,0.038282012855382276,0.1703216668849539,0.7512688934057811,25,20,20
7,7659,0.04012742685383669,0.03828201285513768,0.17031775548972652,0.7512728048012985,25,20,20
7,7660,0.04012742685383675,0.03828201285513768,0.1703112338040321,0.751279326486993,25,20,20
7,7661,0.040127426853836703,0.0382820128551419,0.17031131516099784,0.751279245130023,25,20,20
7,7662,0.04012742685402197,0.03828201285514619,0.17031374007568434,0.7512768202151474,25,20,20
7,7663,0.040127427314797764,0.0382816579197379,0.13920862720969862,0.7823822875557659,25,20,20
7,7664,0.04012742731479772,0.0382816579197379,0.13920213833181308,0.7823887764336512,25,20,20
7,7665,0.04012742732131835,0.0003821290378039924,0.17710166733822644,0.7823887763026509,25,20,20
7,7666,0.040127633917390534,0.0003822647571248299,0.1771026887001003,0.7823874126253852,25,20,20
7,7667,0.04012763391739293,0.0003822647573694135,0.17710278671852403,0.7823873146067144,25,20,20
7,7668,0.040127634416306145,0.0003822647691241931,0.18337521389582254,0.7761148869187481,25,20,20
7,7669,0.04012779251621975,0.0003824880640325415,0.18337483218422646,0.7761148872355225,25,20,20
7,7670,0.04012779251622233,0.00038248806403594045,0.19155160553370998,0.7679381138860328,25,20,20
7,7671,0.04012779251622239,0.0003824880642761576,0.1915536063978082,0.7679361130216944,25,20,20
7,7672,0.04012779251622239,0.00038248806428037345,0.19155822584741358,0.7679314935720847,25,20,20
7,7673,0.040127792516225586,0.0003824880642760832,0.19156282688803417,0.7679268925314652,25,20,20
7,7674,0.04012779251622378,0.00038248806428117245,0.183478240057738,0.7760114793617582,25,20,20
7,7675,0.04012779308496007,0.00038248882810819877,0.18503138657012103,0.7744583315168119,25,20,20
7,7676,0.04012779308496258,0.000382488828073638,0.19127451586164368,0.7682152022253211,25,20,20
7,7677,0.04012779308496578,0.00038248882807356534,0.1912761370181203,0.7682135810688413,25,20,20
7,7678,0.04047603042082683,0.0003824888342688172,0.1909279012830484,0.7682135794618568,25,20,20
7,7679,0.024286261280855335,0.00038248925146737515,0.2071176660979036,0.7682135833697741,25,20,20
7,7680,0.024286123019787578,0.0007596409958009142,0.20674065259062702,0.7682135833937851,25,20,20
7,7681,0.024286122429949736,0.0007596409816593545,0.20661380200685023,0.7683404345815411,25,20,20
7,7682,0.04592449817966765,0.0007689922948532345,0.18492149050139983,0.7683850190240782,25,20,20
7,7683,0.045924497717430984,0.0007689916767620964,0.17602868405944563,0.7772778265463606,25,20,20
7,7684,0.04592449771483587,0.0007689916765174403,0.17628830991898958,0.7770182006896564,25,20,20
7,7685,0.045924497714832674,0.0007689916765174376,0.17628664625409596,0.777019864354553,25,20,20
7,7686,0.04592449771483028,0.000768991676517587,0.17628199299783937,0.7770245176108119,25,20,20
7,7687,0.04592449771482945,0.000768991676517587,0.17628199299758748,0.7770245176110646,25,20,20
7,7688,0.04592449771482945,0.000768991676517587,0.1762819530380169,0.7770245575706352,25,20,20
7,7689,0.04592449771482945,0.0007689916765175868,0.17628855579501693,0.7770179548136352,25,20,20
7,7690,0.02902048974724203,0.0007596398654639776,0.1932465023286825,0.7769733680586106,25,20,20
7,7691,0.029020489747242098,0.0007596398652193967,0.19323984004269462,0.7769800303448429,25,20,20
7,7692,0.02902048974724141,0.0007596398652193953,0.19323771943728107,0.7769821509502571,25,20,20
7,7693,0.02902048974723821,0.0007596398791562632,0.19324001438486435,0.7769798559887405,25,20,20
7,7694,0.02902048974723821,0.0007596398791562618,0.19323989992539845,0.7769799704482064,25,20,20
7,7695,0.029020489747238268,0.000759639879156337,0.19323341103897781,0.7769864593346268,25,20,20
7,7696,0.02902048974478715,0.0007596419737937666,0.23100994560471333,0.7392099226767047,25,20,20
7,7697,0.029020489744787163,0.0007596419737980581,0.2310099742501095,0.7392098940313042,25,20,20
7,7698,0.029020489744787947,0.0007596419737938404,0.23101643624881188,0.7392034320326052,25,20,20
7,7699,0.029020753381109834,0.00037844049150047407,0.23139737426695628,0.739203431860432,25,20,20
7,7700,0.02902075338110978,0.00037844049150039747,0.2313972604731849,0.7392035456542035,25,20,20
7,7701,0.029023392718895473,1.31637766164635e-06,0.23177174522157742,0.7392035456818644,25,20,20
7,7702,0.029023392718894803,1.3163774669699626e-06,0.2235950167778179,0.7473802741258194,25,20,20
7,7703,0.029023392219978374,1.316365707899234e-06,0.2173179664844066,0.7536573249299063,25,20,20
7,7704,0.029023392219978406,1.316351771105753e-06,0.2173111651619656,0.753664126266284,25,20,20
7,7705,0.02902339221997845,1.3163517710317816e-06,0.21731113178955108,0.7536641596386982,25,20,20
7,7706,0.029023392219978395,1.3163517710317592e-06,0.21731113036294988,0.7536641610652994,25,20,20
7,7707,0.02902312867863466,9.627794170570287e-07,0.21731174743335355,0.7536641611085935,25,20,20
7,7708,0.02902286623979265,2.6101652854942765e-07,0.21731271214558417,0.7536641605980924,25,20,20
7,7709,0.02902286623979265,2.6101652855072536e-07,0.21731282399716453,0.753664048746512,25,20,20
7,7710,0.029022866241870865,2.5892209393332635e-07,0.1853247149503573,0.7856521598856757,25,20,20
7,7711,0.02902286624187406,2.589223385155649e-07,0.18506508680727143,0.7859117880285139,25,20,20
7,7712,0.05944013568341682,2.589249902801195e-07,0.15464781741014033,0.7859117879814528,25,20,20
7,7713,0.059440135681218455,2.589247832905433e-07,0.14848541981657556,0.7920741855774228,25,20,20
7,7714,0.059440205111230736,2.0426869438164266e-05,0.14846518243264759,0.7920741855866836,25,20,20
7,7715,0.07488778004524192,2.042644636841297e-05,0.13301761185915834,0.7920741816492317,25,20,20
7,7716,0.07488778004524271,2.0426446368415558e-05,0.13314711445130822,0.791944679057081,25,20,20
7,7717,0.07488511756959636,2.0424313593698948e-05,0.133149779428177,0.7919446786886329,25,20,20
7,7718,0.07488511757218827,2.0424327330162995e-05,0.12690397544755683,0.7981904826529248,25,20,20
7,7719,0.07488511757219146,2.0424327334440728e-05,0.12703339621886278,0.7980610618816112,25,20,20
7,7720,0.07875515001991819,2.0424324455627383e-05,0.12316336378774677,0.7980610618678796,25,20,20
7,7721,0.07875515001991813,2.0424324459815155e-05,0.12342961387377764,0.7977948117818445,25,20,20
7,7722,0.07875507943306642,2.563779331590843e-07,0.12344985242553978,0.7977948117634611,25,20,20
7,7723,0.07875507943047433,2.5636398674739933e-07,0.12353811649997912,0.7977065477055603,25,20,20
7,7724,0.07875507943047433,2.563639867486971e-07,0.12353811848733522,0.7977065457182043,25,20,20
7,7725,0.07875507886173799,2.556001554325958e-07,0.12198035049759115,0.7992643150405163,25,20,20
7,7726,0.07875507886155585,2.5560015106566735e-07,0.12198015435479492,0.7992645111834988,25,20,20
7,7727,0.07877351090652006,3.1254512757346336e-07,0.12195392385300367,0.7992722526953492,25,20,20
7,7728,0.07877351090651688,3.125451233697013e-07,0.12182447170067111,0.7994017048476891,25,20,20
7,7729,0.07877351090651687,3.125448787874804e-07,0.12181780804683065,0.7994083685017742,25,20,20
7,7730,0.07877351090651687,3.1254487871348685e-07,0.12181783946254399,0.799408337086061,25,20,20
7,7731,0.07877351090651684,3.1254463413128804e-07,0.12181124885552659,0.7994149276933227,25,20,20
7,7732,0.07877351090652022,3.125564027070435e-07,0.12806100756081068,0.7931651689762667,25,20,20
7,7733,0.07877351090651766,3.125446342805512e-07,0.121811257642972,0.7994149189058765,25,20,20
7,7734,0.0787735109065184,3.1254487887550255e-07,0.12181592934453461,0.7994102472040684,25,20,20
7,7735,0.07877351090651846,3.125448789521051e-07,0.1218206294882649,0.799405547060338,25,20,20
7,7736,0.07877351090651771,3.125446386485438e-07,0.12181807355629214,0.7994081029925517,25,20,20
7,7737,0.07877351090651769,3.1254487893935173e-07,0.12182249903344258,0.7994036775151611,25,20,20
7,7738,0.07877351090652084,3.1254512135527215e-07,0.1221955070716496,0.7990306694767085,25,20,20
7,7739,0.07877351215088764,0.001086266701570815,0.12110955118034374,0.7990306699671983,25,20,20
7,7740,0.07877351243282012,0.015768169387795947,0.10642764809376988,0.7990306700856143,25,20,20
7,7741,0.0787735124328194,0.015768169387787384,0.1063369955847645,0.7991213225946291,25,20,20
7,7742,0.07877351243281623,0.015768169387545047,0.10596399436511271,0.7994943238145262,25,20,20
7,7743,0.07877351243281629,0.01576816938754512,0.10597047790660438,0.7994878402730344,25,20,20
7,7744,0.07877351243281946,0.015768169387549335,0.10596805611675796,0.7994902620628734,25,20,20
7,7745,0.07877351215088259,0.04108560761416276,0.0806506182904959,0.799490261944459,25,20,20
7,7746,0.07877351215088264,0.041085607614407355,0.08065527935287754,0.7994856008818327,25,20,20
7,7747,0.07877351215088264,0.04108560761440727,0.08064879577667818,0.7994920844580322,25,20,20
7,7748,0.0787735121508827,0.04108560761440728,0.08064871717359613,0.7994921630611139,25,20,20
7,7749,0.03884291006794159,0.041085607614715774,0.12057931921351203,0.7994921631038305,25,20,20
7,7750,0.03884291006794086,0.04108560761471578,0.12057285665835238,0.7994986256589911,25,20,20
7,7751,0.03884291006794086,0.04108560761471578,0.1205729357465424,0.799498546570801,25,20,20
7,7752,0.03884291006794082,0.04108560761471578,0.12070232374986878,0.7993691585674747,25,20,20
7,7753,0.03884291006794081,0.04108560761447126,0.1206957345701772,0.7993757477474109,25,20,20
7,7754,0.03884291006798511,0.0410856076144712,0.12107178625562835,0.7989996960619153,25,20,20
7,7755,0.038842910068167244,0.041085607614475494,0.12107407772213223,0.7989974045952251,25,20,20
7,7756,0.03884291007737579,0.04108560761423477,0.12559085476056542,0.7944806275478246,25,20,20
7,7757,0.0388429735918941,0.04000034300127228,0.1266760563315874,0.794480627075247,25,20,20
7,7758,0.038842973591894106,0.04000034300127235,0.1266760582996165,0.7944806251072178,25,20,20
7,7759,0.038842973591894044,0.04000034300127228,0.1266760515504559,0.7944806318563785,25,20,20
7,7760,0.038842973591894044,0.04000034300127229,0.1266826272914321,0.7944740561154027,25,20,20
7,7761,0.03884297359207696,0.0400003430015168,0.12668914558435154,0.7944675378220559,25,20,20
7,7762,0.03884297359208013,0.0400003430015126,0.12668957324458974,0.7944671101618187,25,20,20
7,7763,0.03884297359208013,0.04000018658352988,0.12668972966257244,0.7944671101618187,25,20,20
7,7764,0.03884297359207779,0.04000018658353003,0.12669629376029068,0.7944605460641024,25,20,20
7,7765,0.0388429735828692,0.04000018658352623,0.12217947644141419,0.7989773633921914,25,20,20
7,7766,0.03884297358282409,0.04000018658352616,0.12180330817539728,0.7993535316582535,25,20,20
7,7767,0.03884297358282403,0.04000018658352609,0.12180319426144406,0.7993536455722068,25,20,20
7,7768,0.0388429735828208,0.04000018658352602,0.12153651442922424,0.79962032540443,25,20,20
7,7769,0.03877411347068691,0.040000186609658185,0.12160537216222128,0.7996203277574344,25,20,20
7,7770,0.03877411347073244,0.0400001866096624,0.12161193423606384,0.7996137656835421,25,20,20
7,7771,0.03877411347055032,0.04000018660966248,0.12161426586793757,0.7996114340518503,25,20,20
7,7772,0.03877408085660145,0.04056072922291329,0.12105375562869047,0.7996114342917947,25,20,20
7,7773,0.03877408086580288,0.04056072922313021,0.1256035529668169,0.7950616369442511,25,20,20
7,7774,0.03877408086580283,0.040560729223130136,0.12559896469918638,0.7950662252118816,25,20,20
7,7775,0.038774080865806,0.04056072922313437,0.12546963093055719,0.7951955589805035,25,20,20
7,7776,0.03877408087618452,0.04056072922313444,0.12546909598456282,0.7951960939161192,25,20,20
7,7777,0.038774080876004806,0.04056072922288993,0.12546254633483733,0.7952026435662688,25,20,20
7,7778,0.038774080876004806,0.04056072922288993,0.12546243314194347,0.7952027567591629,25,20,20
7,7779,0.03877408086680332,0.040560729222677304,0.12091112878439256,0.799754061126127,25,20,20
7,7780,0.038774080866803264,0.040560729222677304,0.12091112828523816,0.7997540616252813,25,20,20
7,7781,0.039528586140747037,0.04056072923462878,0.1201566230282832,0.7997540615963408,25,20,20
7,7782,0.039528586140750235,0.04056072923462878,0.12015673070278979,0.799753953921831,25,20,20
7,7783,0.03952858614075099,0.040560729234628855,0.12467786801598063,0.79523281660864,25,20,20
7,7784,0.03952858614075099,0.040560729234628855,0.12467786990255494,0.7952328147220661,25,20,20
7,7785,0.03952858614075099,0.04052981152682091,0.1247087876102671,0.7952328147221618,25,20,20
7,7786,0.039528586140754635,0.03884226125858265,0.12639633787859916,0.7952328147220645,25,20,20
7,7787,0.039528586140751366,0.03884226125858265,0.1263962957078476,0.7952328568928189,25,20,20
7,7788,0.039528586140752164,0.03884226125858266,0.1263964978567569,0.7952326547439087,25,20,20
7,7789,0.03952858613037044,0.03884226125857829,0.1263947547672549,0.7952343978437969,25,20,20
7,7790,0.039528586130368894,0.03884226125857416,0.126399001834139,0.7952301507769185,25,20,20
7,7791,0.03952068165925961,0.038842261246303356,0.12640690631803686,0.7952301507764007,25,20,20
7,7792,0.039520681659298194,0.03884226125861223,0.13109155624149507,0.7905455008405952,25,20,20
7,7793,0.03952068165930059,0.03884226127255153,0.1311036471833815,0.790533409884767,25,20,20
7,7794,0.03952068165929745,0.03884226127255153,0.13110826454002494,0.7905287925281266,25,20,20
7,7795,0.03952068165929745,0.03884226127255153,0.1311017428416128,0.7905353142265388,25,20,20
7,7796,0.03952068165929989,0.03884226127255147,0.126582114095299,0.7950549429728503,25,20,20
7,7797,0.039520681659254375,0.038842261272547175,0.12657569953953046,0.7950613575286686,25,20,20
7,7798,0.03952068165925121,0.038842261272547175,0.126856524385906,0.794780532682296,25,20,20
7,7799,0.03952068165925037,0.038842261272551325,0.12685011614424418,0.7947869409239547,25,20,20
7,7800,0.03952068165925037,0.03884226127255561,0.12672072869567008,0.7949163283725244,25,20,20
7,7801,0.03952068165924797,0.03884226125862056,0.1270815113235973,0.7945555457585346,25,20,20
7,7802,0.03373486406413475,0.038842992448411516,0.1328654211041365,0.7945567223833178,25,20,20
7,7803,0.033734864064134756,0.038842992448415825,0.13258461935409488,0.794837524133355,25,20,20
7,7804,0.033734864064134736,0.038842992448415825,0.13221620188731167,0.7952059416001381,25,20,20
7,7805,0.033734864064100874,0.03884299243610695,0.1275287320007915,0.7998934114990012,25,20,20
7,7806,0.033734864064100874,0.03884299243610687,0.12752864952050263,0.7998934939792902,25,20,20
7,7807,0.03373486406411653,0.04053886605209323,0.12583277589894326,0.7998934939848474,25,20,20
7,7808,0.033734864064116514,0.04053886605208894,0.12583269312386625,0.7998935767599288,25,20,20
7,7809,0.03374184789018101,0.039992495396684286,0.12637206929225883,0.7998935874208761,25,20,20
7,7810,0.03374184789016205,0.03999322049275296,0.12637134420166887,0.7998935874154164,25,20,20
7,7811,0.03373509061240512,0.03997835886999995,0.1262985845382711,0.799987965979324,25,20,20
7,7812,0.033735090612405115,0.039978358869995664,0.1263004851535004,0.7999860653640991,25,20,20
7,7813,0.033735090612405115,0.039978358869995664,0.12630048373145691,0.7999860667861425,25,20,20
7,7814,0.03373509061239874,0.03997835886999559,0.12629892638177984,0.7999876241358261,25,20,20
7,7815,0.03373509061239953,0.03997835887023942,0.12642844967690978,0.7998581008404515,25,20,20
7,7816,0.033735090612398794,0.03997835886999559,0.1262989662702371,0.7999875842473688,25,20,20
7,7817,0.033735090612398794,0.0399783588699913,0.12629893782711168,0.7999876126904983,25,20,20
7,7818,0.033735090612398794,0.0399783588699913,0.12629893925791177,0.7999876112596983,25,20,20
7,7819,0.03373509061239885,0.0399783588699913,0.12629435329603014,0.7999921972215798,25,20,20
7,7820,0.03373509061244438,0.039978358869991376,0.126294393475916,0.7999921570416483,25,20,20
7,7821,0.03373509061244433,0.039978358869991376,0.1262989794377976,0.7999875710797667,25,20,20
7,7822,0.0337348319387722,0.03999817905746489,0.1263721490526934,0.7998948399510694,25,20,20
7,7823,0.0337348319387722,0.03999817905746489,0.12637226294539178,0.799894726058371,25,20,20
7,7824,0.033734831949152964,0.03999817905746489,0.1263744924489274,0.7998924965444545,25,20,20
7,7825,0.03373483195174795,0.03999817905771375,0.12638307419173672,0.7998839147988014,25,20,20
7,7826,0.03373483195174475,0.03999817905771375,0.12638145319771238,0.799885535792829,25,20,20
7,7827,0.033734831949149814,0.03999817905746489,0.12637295194036685,0.7998940370530182,25,20,20
7,7828,0.033734831949149814,0.03999817905746489,0.12637283750551,0.7998941514878751,25,20,20
7,7829,0.03373483195173903,0.039998179057473444,0.12651864617510736,0.7997483428156801,25,20,20
7,7830,0.03373483195173824,0.03999817905747758,0.1265251294115683,0.7997418595792157,25,20,20
7,7831,0.03373483193183469,0.03997905164941553,0.12654591519339017,0.7997402012253594,25,20,20
7,7832,0.03373483193183544,0.03997905164941553,0.12655256730536185,0.7997335491133869,25,20,20
7,7833,0.033734831931834644,0.03997905164941982,0.12655053682835657,0.7997355795903887,25,20,20
7,7834,0.03373483656648852,0.0399783589992087,0.1265511951671278,0.7997356092671747,25,20,20
7,7835,0.04001513835602701,0.03997762780936129,0.12027280117780707,0.7997344326568044,25,20,20
7,7836,0.0274869369809558,0.039978105942674085,0.13275720271558972,0.7997777543607802,25,20,20
7,7837,0.02748693698100103,0.03997810594316007,0.13302347515184568,0.799511481923993,25,20,20
7,7838,0.0274869369810011,0.039978105943404584,0.13302547836088613,0.799509478714708,25,20,20
7,7839,0.039579221148312915,0.03997791846719773,0.1209766786506509,0.7994661817338382,25,20,20
7,7840,0.03957922114826769,0.03997791846671175,0.12071692985473702,0.7997259305302835,25,20,20
7,7841,0.0396214744603788,0.03997796138410104,0.11910078171114775,0.8012997824443722,25,20,20
7,7842,0.039621524331850885,0.03997824796901316,0.11910047450202825,0.8012997531971071,25,20,20
7,7843,0.039621524331853286,0.03997824796900897,0.11901045317968156,0.8013897745194555,25,20,20
7,7844,0.03962152434213842,0.03997824796948936,0.1193776624984544,0.8010225651899172,25,20,20
7,7845,0.03962152434213524,0.039978247969484994,0.11937561197588362,0.8010246157124955,25,20,20
7,7846,0.0396214698363426,0.0399779614020645,0.11937595347877272,0.8010246152828197,25,20,20
7,7847,0.03962146983634226,0.040000364102429534,0.11935355077850543,0.8010246152827222,25,20,20
7,7848,0.03962146983634226,0.04000036410243382,0.11935825363875113,0.8010199124224723,25,20,20
7,7849,0.03962146983634226,0.04000036410243382,0.11935825225132488,0.8010199138098985,25,20,20
7,7850,0.039560784876874394,0.04000026372956202,0.0872509370860585,0.8331880143075047,25,20,20
7,7851,0.07905130930307039,0.04000026440862785,0.04776041434597257,0.8331880119423287,25,20,20
7,7852,0.07905130930307357,0.040000264408627924,0.04776049692172294,0.8331879293665752,25,20,20
7,7853,0.07905130930307357,0.040000264408632226,0.047765198835865455,0.8331832274524283,25,20,20
7,7854,0.07905130930307357,0.040000264408632226,0.04776516655129476,0.8331832597369991,25,20,20
7,7855,0.07905130930307364,0.04000026440887628,0.04785746060450205,0.8330909656835475,25,20,20
7,7856,0.07905130930307366,0.04000026440887628,0.04785733964581044,0.8330910866422392,25,20,20
7,7857,0.07905130930307047,0.040000264408876135,0.04786192412405553,0.8330865021639974,25,20,20
7,7858,0.07905130930307047,0.040000264408876135,0.047861926111411456,0.8330865001766415,25,20,20
7,7859,0.07905130930307043,0.040000264408876066,0.0478572532864644,0.8330911730015889,25,20,20
7,7860,0.06301443910627942,0.04000095599855135,0.0638933170920455,0.8330912878031234,25,20,20
7,7861,0.06301443910627942,0.04000095599855128,0.06388671290308989,0.8330978919920792,25,20,20
7,7862,0.06301443860696548,0.0400009559983449,0.05763649243404433,0.839348112960645,25,20,20
7,7863,0.06301443860696548,0.04000095599834061,0.05763179230299177,0.839352813091702,25,20,20
7,7864,0.06301443859658393,0.04000095599833633,0.057629421680285696,0.8393551837247938,25,20,20
7,7865,0.06301443859658472,0.04000095599858087,0.05762645751443372,0.8393581478904004,25,20,20
7,7866,0.06301443859658472,0.04000095599857658,0.05762835881771653,0.839356246587122,25,20,20
7,7867,0.06345387036019139,0.04000066534141467,0.057189242449317466,0.8393562218490764,25,20,20
7,7868,0.06345387036019139,0.040000665341414755,0.05719581885440089,0.839349645443993,25,20,20
7,7869,0.06345387036019455,0.04000066534141908,0.05756231812583256,0.838983146172554,25,20,20
7,7870,0.06345387035760529,0.040000665341410536,0.057416583427047245,0.8391288808739368,25,20,20
7,7871,0.06411646894596494,0.04089054928465827,0.05586407798556643,0.8391289037838099,25,20,20
7,7872,0.06411646894596496,0.04089054928466257,0.05586410646341096,0.8391288753059611,25,20,20
7,7873,0.0641164689459649,0.04089054928466264,0.055864111784412536,0.8391288699849595,25,20,20
7,7874,0.06411646894596483,0.04089054928441805,0.05585748920911248,0.8391354925605045,25,20,20
7,7875,0.06411646893567967,0.040890549283933375,0.055483673406967256,0.8395093083734194,25,20,20
7,7876,0.06411646893568348,0.04085854547319201,0.0555156772176074,0.8395093083735169,25,20,20
7,7877,0.06411646893568271,0.04085854547294747,0.055514055448061705,0.8395109301433079,25,20,20
7,7878,0.06411646893564035,0.040858545472951695,0.055514098068195024,0.8395108875232126,25,20,20
7,7879,0.0638463028372859,0.040858545564799245,0.05578426364434621,0.8395108879535684,25,20,20
7,7880,0.06384630283728274,0.04085854556479492,0.055411274097480534,0.8398838775004416,25,20,20
7,7881,0.06384630283728268,0.04085854556479486,0.055411193125834916,0.8398839584720872,25,20,20
7,7882,0.06384630283728349,0.040858545564803436,0.05541285609631152,0.8398822955016015,25,20,20
7,7883,0.06384630283728346,0.04085854556480351,0.05578595565988201,0.839509195938031,25,20,20
7,7884,0.06384630283728347,0.04085854556480359,0.05577943327353402,0.8395157183243788,25,20,20
7,7885,0.06384630283728426,0.040858545565048185,0.05578415429186686,0.8395109973058008,25,20,20
7,7886,0.06384630283728426,0.04085854556504827,0.05579075707136762,0.8395043945262999,25,20,20
7,7887,0.026348359873512046,0.040858558660472076,0.09328868626670564,0.8395043951993104,25,20,20
7,7888,0.026348359873512903,0.04085855866047216,0.09329529073617439,0.8394977907298408,25,20,20
7,7889,0.026348359873512903,0.040858558660472145,0.0932952587436771,0.8394978227223381,25,20,20
7,7890,0.026348359873695004,0.04085855866047223,0.09330175526611985,0.8394913261997131,25,20,20
7,7891,0.026348359873695854,0.04085855866047652,0.09330404532343882,0.8394890361423889,25,20,20
7,7892,0.02634835987369587,0.040858558660480736,0.0929311389986461,0.8398619424671775,25,20,20
7,7893,0.026348359873695073,0.04085855866047652,0.09292884955320725,0.8398642319126215,25,20,20
7,7894,0.026348359873695056,0.04085855866047223,0.09292876875527853,0.8398643127105545,25,20,20
7,7895,0.02634835987369192,0.04085855866046794,0.09292857490569238,0.8398645065601481,25,20,20
7,7896,0.02634835987369192,0.04085855866046801,0.09293517719784457,0.8398579042679957,25,20,20
7,7897,0.026348359873691118,0.040858558660459426,0.09293359470271664,0.8398594867631333,25,20,20
7,7898,0.041803471253346,0.04085786637137753,0.07747390915776863,0.8398647532175078,25,20,20
7,7899,0.04115715599328919,0.0399679761863725,0.07901013751270582,0.8398647303076321,25,20,20
7,7900,0.04115715599328919,0.0399679761863725,0.07900543772728201,0.8398694300930559,25,20,20
7,7901,0.04115715599329234,0.03996797618661543,0.07926516649427734,0.8396097013258144,25,20,20
7,7902,0.04115715599329234,0.03996797618661543,0.07926508741645265,0.8396097804036391,25,20,20
7,7903,0.04115715599329554,0.03996797618661113,0.0792620085699383,0.8396128592501542,25,20,20
7,7904,0.041157155993295495,0.03996797618661113,0.07926200915580461,0.8396128586642881,25,20,20
7,7905,0.04115715599329551,0.03996797618661114,0.07926853370110436,0.8396063341189882,25,20,20
7,7906,0.041157155993295565,0.03996797618661114,0.0792685371110033,0.8396063307090894,25,20,20
7,7907,0.04115715599329562,0.039967976186855644,0.07926863737594032,0.8396062304439077,25,20,20
7,7908,0.041157155993295634,0.039967976186855644,0.07926875150082104,0.8396061163190273,25,20,20
7,7909,0.041157155996070144,0.03996797620103998,0.07927982448082321,0.8395950433220659,25,20,20
7,7910,0.04115715599607019,0.039967976201040055,0.07927970979629524,0.839595158006594,25,20,20
7,7911,0.039097813936121315,0.03996797309329256,0.08133905563468477,0.8395951573359014,25,20,20
7,7912,0.039097813936121315,0.03996797309329248,0.08133905513550464,0.8395951578350815,25,20,20
7,7913,0.03909781393871683,0.039967973093301065,0.08133910011840749,0.8395951128495744,25,20,20
7,7914,0.0390978139387169,0.039967973107240366,0.08135141964929282,0.8395827933047499,25,20,20
7,7915,0.0390978139387169,0.03996797310724037,0.08135802241092448,0.8395761905431184,25,20,20
7,7916,0.03909781393872248,0.039967973106995854,0.08144571442824296,0.8394884985260387,25,20,20
7,7917,0.040938700346919994,0.03996875132771704,0.07960398472496472,0.8394885636003977,25,20,20
7,7918,0.04093870034691995,0.03996875132771704,0.07960395192689047,0.839488596398472,25,20,20
7,7919,0.04093870034692005,0.03996875132771704,0.07959904909859848,0.8394934992267639,25,20,20
7,7920,0.04093870034692006,0.03996875132771704,0.07959247339913962,0.8395000749262229,25,20,20
7,7921,0.040818284157740435,0.03996998853368895,0.07971165281445745,0.8395000744941126,25,20,20
7,7922,0.040818284157741226,0.03996998853368895,0.07971384940391404,0.8394978779046554,25,20,20
7,7923,0.040818284157741226,0.039969988533693136,0.07998009959160479,0.8392316277169605,25,20,20
7,7924,0.040818284154964316,0.03996998851950888,0.0799755240064297,0.8392362033190969,25,20,20
7,7925,0.04109867579175391,0.03996998851976435,0.07970041853821282,0.8392309171502689,25,20,20
7,7926,0.041098675791753164,0.03996998851976864,0.0797047453614094,0.8392265903270686,25,20,20
7,7927,0.0410986757917987,0.03996998851976879,0.07970479225030497,0.8392265434381275,25,20,20
7,7928,0.041098675791798704,0.039969988519768865,0.0797047922384308,0.8392265434500016,25,20,20
7,7929,0.039241527805680916,0.03996921031666057,0.08156278350125469,0.8392264783764043,25,20,20
7,7930,0.03924152780586614,0.039969210316416516,0.08147914744637114,0.8393101144313468,25,20,20
7,7931,0.03979260767926996,0.03997933129170396,0.07782850773265208,0.8423995532963735,25,20,20
7,7932,0.03979260767926998,0.03997933129170388,0.07782190697428229,0.8424061540547436,25,20,20
7,7933,0.03979260767926997,0.039979331291708144,0.07808823623014555,0.842139824798876,25,20,20
7,7934,0.0401048535947945,0.03997933129165221,0.07777608543177643,0.8421397296817764,25,20,20
7,7935,0.0401048535947945,0.03997933129165213,0.07777605899166284,0.8421397561218902,25,20,20
7,7936,0.0401048535947945,0.0399793312916565,0.0777810425390943,0.8421347725744545,25,20,20
7,7937,0.04010485359479763,0.039979331291411985,0.07777903995368148,0.8421367751601088,25,20,20
7,7938,0.04010485359484311,0.03997933129141202,0.07751931488121239,0.8423965002325323,25,20,20
7,7939,0.04010485359484627,0.03997933130522554,0.07788585776819894,0.8420299573317291,25,20,20
7,7940,0.04010485359484622,0.03997933130522554,0.07788588279603104,0.8420299323038972,25,20,20
7,7941,0.04010485359484622,0.03997933130522554,0.07788596325511402,0.842029851844814,25,20,20
7,7942,0.04010485359484627,0.039979331305225616,0.07788607655888219,0.8420297385410457,25,20,20
7,7943,0.04010485359484543,0.039979331305225616,0.07787958607832483,0.8420362290216039,25,20,20
7,7944,0.04010485364040513,0.03997933130521703,0.10485563247746425,0.8150601825769137,25,20,20
7,7945,0.04010485364040507,0.039979331305216956,0.10485559767604329,0.8150602173783348,25,20,20
7,7946,0.05506915915891384,0.039979331288485784,0.08989127402049708,0.8150602355321033,25,20,20
7,7947,0.05506915915890746,0.039979331288485714,0.0897988609760257,0.8151526485765811,25,20,20
7,7948,0.05506915915890752,0.03997933128848993,0.0897989751666358,0.8151525343859667,25,20,20
7,7949,0.05506915915908963,0.039979331288734585,0.08980559777265498,0.8151459117795209,25,20,20
7,7950,0.05506915915908963,0.039979331288734585,0.08980556991051163,0.8151459396416643,25,20,20
7,7951,0.055069159160430016,0.001097585573776675,0.1286873156156191,0.8151459396501738,25,20,20
7,7952,0.05506915916043005,0.0010975855737809352,0.12895364487613864,0.8148796103896497,25,20,20
7,7953,0.05506915916042995,0.0010975855737809339,0.12895194069231844,0.8148813145734699,25,20,20
7,7954,0.05506915916043309,0.0010975855737809619,0.12869031159253055,0.8151429436732548,25,20,20
7,7955,0.05506915916038755,0.0010975855737808125,0.12869015226621172,0.815143102999619,25,20,20
7,7956,0.05506915916038829,0.0010975855737808873,0.12869465919979917,0.8151385960660309,25,20,20
7,7957,0.05506915916038833,0.0010975855737766981,0.1284284428926651,0.815404812373169,25,20,20
7,7958,0.05478834499523822,0.0010975855675978796,0.1287092570336713,0.8154048124034919,25,20,20
7,7959,0.05478834499523822,0.0010975855675979544,0.12897547549296143,0.8151385939442019,25,20,20
7,7960,0.0398240178500353,0.0010975855664326773,0.11039559699592648,0.8486827995876051,25,20,20
7,7961,0.0398240178500353,0.00109758556643268,0.11039562544552547,0.8486827711380062,25,20,20
7,7962,0.03982401785003291,0.001097585566436915,0.11065725488432503,0.8484211416992048,25,20,20
7,7963,0.039824017849988194,0.0010975855664327745,0.11065304829373851,0.84842534828984,25,20,20
7,7964,0.03982401784998506,0.0010975855664327747,0.1106484289159519,0.8484299676676298,25,20,20
7,7965,0.03982401784998503,0.0010975855664327008,0.11064842643958966,0.848429970143992,25,20,20
7,7966,0.03982401972023008,1.964197766111378e-05,0.11172636816304939,0.8484299701390587,25,20,20
7,7967,0.03982401972022756,1.964198942180021e-05,0.11796935677726364,0.842186981513086,25,20,20
7,7968,0.039824019720226984,1.9641977660540517e-05,0.11637862813918272,0.8437777101629291,25,20,20
7,7969,0.03982401972004493,1.96419776604658e-05,0.1163736121525524,0.8437827261497417,25,20,20
7,7970,0.03982401971985963,1.9641977660538406e-05,0.1163650347356417,0.8437913035668374,25,20,20
7,7971,0.03982401971985568,1.9641963846942262e-05,0.11599199927577358,0.8441643390405231,25,20,20
7,7972,0.039220916984198946,8.524768647596993e-06,0.11580657070301235,0.8449639875441411,25,20,20
7,7973,0.039220916984198155,8.524768639147436e-06,0.11554251523499967,0.8452280430121633,25,20,20
7,7974,0.039220916984198946,8.524768639147441e-06,0.1155404681702998,0.8452300900768622,25,20,20
7,7975,0.03922091698419901,8.524768639072682e-06,0.11527421774339512,0.8454963405037668,25,20,20
7,7976,0.03922091698419906,8.524768643365135e-06,0.11527892188102831,0.8454916363661293,25,20,20
7,7977,0.03922091698438037,8.524768887861908e-06,0.1152872722840271,0.8454832859627046,25,20,20
7,7978,0.039220916986975114,8.524782827238606e-06,0.11529951278244464,0.8454710454477531,25,20,20
7,7979,0.039220916986975045,8.524768888009858e-06,0.1152873071060331,0.8454832511381041,25,20,20
7,7980,0.03922091698697498,8.52476888364363e-06,0.11528070316316644,0.8454898550809753,25,20,20
7,7981,0.03922091698697494,8.524768883569647e-06,0.11565373938408065,0.8451168188600612,25,20,20
7,7982,0.03922091698697494,8.52476888356835e-06,0.11565377793188285,0.8451167803122587,25,20,20
7,7983,0.039220916986792836,8.524768638996284e-06,0.11564527753155027,0.8451252807130181,25,20,20
7,7984,0.03922091698679598,8.524768634780446e-06,0.11564071642211013,0.8451298418224593,25,20,20
7,7985,0.039220916986841214,8.52476912077039e-06,0.1159069554743834,0.8448636027696546,25,20,20
7,7986,0.039220916986796035,8.524768634855716e-06,0.11564068549866853,0.8451298727459005,25,20,20
7,7987,0.03922091698679673,8.524768635353721e-06,0.11098842485453982,0.8497821333900277,25,20,20
7,7988,0.03922091698679674,8.524768639605323e-06,0.11136148820452711,0.8494090700400362,25,20,20
7,7989,0.03922091698679676,8.524768643806495e-06,0.11149093985245204,0.8492796183921071,25,20,20
7,7990,0.039220916986795966,8.524768639515568e-06,0.11148444776465688,0.8492861104799074,25,20,20
7,7991,0.03922091698679912,8.524768881857539e-06,0.11185745437553811,0.8489131038687806,25,20,20
7,7992,0.039220916984204435,8.524754942554814e-06,0.11184524867854152,0.8489253095823112,25,20,20
7,7993,0.039220916984207634,8.524754942480864e-06,0.11184996390951983,0.8489205943513298,25,20,20
7,7994,0.039220916984210825,8.524754946770722e-06,0.11185458702564946,0.8489159712351928,25,20,20
7,7995,0.039220916984210784,8.52475494684399e-06,0.11222760836434366,0.8485429498964986,25,20,20
7,7996,0.03922091698421077,8.5247549467687e-06,0.11222749304245486,0.8485430652183872,25,20,20
7,7997,0.03922091698420759,8.524754946694704e-06,0.11222962816379031,0.8485409300970549,25,20,20
7,7998,0.039220916984208376,8.524768887852462e-06,0.11223435000742776,0.8485362082394755,25,20,20
7,7999,0.03922091698420836,8.52476888792773e-06,0.11186783548458439,0.8489027227623189,25,20,20
7,8000,0.03922091698402632,8.52476864762172e-06,0.1119906599761043,0.8487798982712212,25,20,20
7,8001,0.039220915114186586,5.991026741369429e-07,0.11199692824132043,0.8487815575418182,25,20,20
7,8002,0.039220915114186586,5.991026741395385e-07,0.1119968948820096,0.848781590901129,25,20,20
7,8003,0.03922092352052442,5.991026742896445e-07,0.11212287580936449,0.8486556015674362,25,20,20
7,8004,0.039220923520524434,5.991026742156859e-07,0.11211627503846464,0.8486622023383361,25,20,20
7,8005,0.0392230648172415,0.0373889394665002,0.07861391819250847,0.8447740775237493,25,20,20
7,8006,0.03922306481724143,0.03738893946649585,0.07848450306303445,0.8449034926532276,25,20,20
7,8007,0.039223064817241415,0.037388939466495776,0.07811139923248879,0.8452765964837734,25,20,20
7,8008,0.03922306481723822,0.03738893946649149,0.07810669562669659,0.845281300089573,25,20,20
7,8009,0.039223064817238154,0.03738893946648728,0.07797724348643817,0.8454107522298356,25,20,20
7,8010,0.03922306481723821,0.03738893946648736,0.07797732598954243,0.8454106697267312,25,20,20
7,8011,0.03922306481723821,0.03738893946648736,0.07797732599962019,0.8454106697166536,25,20,20
7,8012,0.039223064769082994,0.037388939466487435,0.051005705879057235,0.8723822898853716,25,20,20
7,8013,0.03922306477946392,0.03738893946673211,0.051010542034671834,0.8723774537191314,25,20,20
7,8014,0.039223064779467055,0.037388939466736326,0.051010656225566574,0.8723773395282295,25,20,20
7,8015,0.03922306477946704,0.03738893946673207,0.050637552916008716,0.8727504428377917,25,20,20
7,8016,0.0009816692569734444,0.03738893997400918,0.08887894796203648,0.8727504428069808,25,20,20
7,8017,0.0009816692569726876,0.037388939974009106,0.0888812486950716,0.8727481420739467,25,20,20
7,8018,0.0009816692569726314,0.03738893997400481,0.08887962582214531,0.8727497649468771,25,20,20
7,8019,0.0009816692569726327,0.037388939974009106,0.08888432994896317,0.8727450608200549,25,20,20
7,8020,0.0009816692569695146,0.03738893997376619,0.08862269760183145,0.8730066931674326,25,20,20
7,8021,0.0009816692465893933,0.03738893997352588,0.08861805683556166,0.8730113339443228,25,20,20
7,8022,0.0009816692465925612,0.03738893997353017,0.08861996152627281,0.8730094292536044,25,20,20
7,8023,0.0009816692465925625,0.03738893997353017,0.08862000091377102,0.873009389866106,25,20,20
7,8024,0.0009816692465917625,0.03738893997352581,0.08861988405129301,0.8730095067285891,25,20,20
7,8025,0.0009816692465918046,0.03738893997352581,0.08861996254737926,0.8730094282325029,25,20,20
7,8026,0.0009795271289710994,0.03997753056403373,0.08603447662901596,0.8730084656779787,25,20,20
7,8027,0.0009795271289711003,0.0399775305640338,0.08603447804608713,0.8730084642609076,25,20,20
7,8028,0.0009795271289710994,0.03997753056402951,0.08602988837873526,0.8730130539282637,25,20,20
7,8029,0.0009795271289711565,0.039977530564029584,0.08603151079299083,0.8730114315140081,25,20,20
7,8030,0.0009795271289679325,0.03997753056402523,0.08602498529117603,0.8730179570158305,25,20,20
7,8031,0.0009795271289710858,0.039977530564029515,0.08602665200890833,0.8730162902980907,25,20,20
7,8032,0.0009795271289678913,0.0399775305640253,0.08602657060134743,0.8730163717056592,25,20,20
7,8033,0.0009795271287343144,0.039978688846706925,0.08602694559944293,0.8730148384251154,25,20,20
7,8034,0.0009795271287191545,0.039970013082254535,0.08603562136400794,0.8730148384250179,25,20,20
7,8035,0.0009795271287964375,0.039970013756363214,0.09210891767079853,0.8669415414440421,25,20,20
7,8036,0.0009795271287932415,0.039970013756363214,0.09210412139387618,0.8669463377209675,25,20,20
7,8037,0.0009795271287932415,0.03997001375636329,0.09210412138025287,0.8669463377345907,25,20,20
7,8038,0.0009795271287900767,0.03997001375612087,0.09173103747938996,0.8673194216356994,25,20,20
7,8039,0.0009795187224522414,0.03997001375612072,0.0916049820556549,0.8674454854657722,25,20,20
7,8040,0.0009795187224522963,0.03997001375612507,0.09173446419634215,0.8673160033250805,25,20,20
7,8041,0.000979518722676791,0.03997001377006162,0.09174066750807158,0.8673097999991901,25,20,20
7,8042,0.0009795187226767912,0.03997001377006162,0.09174066692238553,0.8673098005848762,25,20,20
7,8043,0.0009795187226824583,0.03997001377027859,0.09626219475575101,0.8627882727512879,25,20,20
7,8044,0.0009795187224547546,0.03997001375633783,0.09626084698888343,0.862789620532324,25,20,20
7,8045,0.0009795187224547683,0.03997001375633783,0.09626737291535116,0.8627830946058563,25,20,20
7,8046,0.023327580578199215,0.039970036992612944,0.07391928778821705,0.8627830946409704,25,20,20
7,8047,0.023327580578199215,0.03997003699261287,0.07391928837290322,0.8627830940562844,25,20,20
7,8048,0.02332758057820553,0.0399700369926128,0.07403761764632122,0.8626647647828601,25,20,20
7,8049,0.023327580578128185,0.03997003631850404,0.0679642068743118,0.8687381762290555,25,20,20
7,8050,0.0233275805781282,0.03997003633244513,0.06796650453037763,0.8687358785590488,25,20,20
7,8051,0.023327580578128258,0.03997003633244513,0.06796658502459799,0.8687357980648283,25,20,20
7,8052,0.02332758057812827,0.03997003633244513,0.06796658503860795,0.8687357980508184,25,20,20
7,8053,0.023327580578131463,0.039970036332445134,0.06796663241056365,0.8687357506788593,25,20,20
7,8054,0.023327580578131463,0.03997003633244506,0.06796667354540448,0.8687357095440187,25,20,20
7,8055,0.023327580578132265,0.039970036332445134,0.06796671035937454,0.8687356727300479,25,20,20
7,8056,0.0233275805781778,0.03997003633244942,0.06796682658420371,0.8687355565051688,25,20,20
7,8057,0.0233275805781778,0.03997003633244942,0.06796693959723511,0.8687354434921375,25,20,20
7,8058,0.023327580454109945,0.03997003633268678,0.06151290268577925,0.8751894805274236,25,20,20
7,8059,0.02332758045410995,0.03997003633268679,0.06151290477426342,0.8751894784389396,25,20,20
7,8060,0.023327580454113143,0.03997003633268679,0.061508579778913657,0.8751938034342861,25,20,20
7,8061,0.023327580454109965,0.03997003633268671,0.06150632904681297,0.8751960541663899,25,20,20
7,8062,0.0233275804542885,0.03997003633293084,0.061599250263534036,0.8751031329492462,25,20,20
7,8063,0.0233275804542885,0.03997003633293084,0.061599250287945724,0.8751031329248345,25,20,20
7,8064,0.0233275804542885,0.03997003633293084,0.06160577396703011,0.8750966092457503,25,20,20
7,8065,0.023327580454288458,0.039970036332926485,0.06147636832506742,0.8752260148877175,25,20,20
7,8066,0.023327580454242925,0.03997003633292212,0.0614762854930997,0.875226097719735,25,20,20
7,8067,0.023327580454242925,0.03997003633292205,0.06147617162852757,0.8752262115843072,25,20,20
7,8068,0.023327580454245322,0.03997003633291776,0.06147374779763214,0.8752286354152045,25,20,20
7,8069,0.023327580454424245,0.03997003633267322,0.0614768084657646,0.8752255747471378,25,20,20
7,8070,0.02332758045446898,0.03997003633292203,0.06148152677172611,0.8752208564408827,25,20,20
7,8071,0.023327580454469775,0.03997003633292203,0.061611537720868734,0.8750908454917392,25,20,20
7,8072,0.02332758045447057,0.03997003633292203,0.06173458529502101,0.8749677979175862,25,20,20
7,8073,0.023327580454469775,0.039970036318980946,0.06172761432526589,0.8749747689012835,25,20,20
7,8074,0.02332758045446976,0.03997003631898088,0.06172757880399422,0.8749748044225553,25,20,20
7,8075,0.023327580454291223,0.03997003631873689,0.061634616339095165,0.8750677668878768,25,20,20
7,8076,0.023327580454292004,0.039970036318736815,0.06163003144152887,0.8750723517854424,25,20,20
7,8077,0.023327580454292004,0.039970036318736815,0.06163655516407797,0.8750658280628933,25,20,20
7,8078,0.023327580454291265,0.039970036318736815,0.0615069853183895,0.8751953979085825,25,20,20
7,8079,0.0233275804551585,0.03994760989828154,0.06152941173788015,0.87519539790868,25,20,20
7,8080,0.02332758045516164,0.03994760989828162,0.06153403169240953,0.8751907779541473,25,20,20
7,8081,0.03996805230644528,0.039947586173503635,0.04489358186983126,0.8751907796502197,25,20,20
7,8082,0.039968058101315034,0.03994610898340643,0.044895176782288715,0.8751906561329893,25,20,20
7,8083,0.039968058101315034,0.03994610898340636,0.04489514919302524,0.875190683722253,25,20,20
7,8084,0.03996805810113371,0.03994610898340636,0.04489046876746714,0.8751953641479921,25,20,20
7,8085,0.03996805810113371,0.03994610898340636,0.04489035428510865,0.8751954786303509,25,20,20
7,8086,0.03996805810113451,0.039946108983410646,0.04489695872937114,0.8751888741860833,25,20,20
7,8087,0.03996805810113131,0.039946108983410576,0.044901283155704234,0.8751845497597536,25,20,20
7,8088,0.03996805810113132,0.039946108983410646,0.04490279014191284,0.8751830427735448,25,20,20
7,8089,0.055845545897361355,0.0399465404495626,0.029024873343750156,0.8751830403093257,25,20,20
7,8090,0.05584554589735821,0.0399465404495626,0.029020286774336334,0.8751876268787426,25,20,20
7,8091,0.05584554589754034,0.03994654044956689,0.02902487816930832,0.8751830354835842,25,20,20
7,8092,0.05584554589754034,0.03994654044956689,0.02903144433183079,0.8751764693210617,25,20,20
7,8093,0.055845545897537194,0.03994654044956682,0.02903140484003302,0.8751765088128627,25,20,20
7,8094,0.05584554589753082,0.039946540449566824,0.02891153361761044,0.8752963800352918,25,20,20
7,8095,0.05584554589753082,0.039946540449566824,0.02891156697713934,0.8752963466757627,25,20,20
7,8096,0.05584554589753082,0.039946540449566824,0.028910028575217465,0.8752978850776846,25,20,20
7,8097,0.05584554589753092,0.03994654044956689,0.029176295677071317,0.8750316179758305,25,20,20
7,8098,0.05584554589753104,0.03994654044956689,0.029176458026569624,0.8750314556263321,25,20,20
7,8099,0.055845545897530297,0.039946540449566824,0.029176343546952505,0.87503157010595,25,20,20
7,8100,0.055845545897530297,0.039946540449566824,0.02916981982440343,0.8750380938284991,25,20,20
7,8101,0.055845545897575725,0.039946540449566824,0.028910168343809807,0.8752977453090474,25,20,20
7,8102,0.05584554589976759,0.03994654112015416,0.03515398122988872,0.8690539317501892,25,20,20
7,8103,0.05584554589976759,0.03994654112015416,0.035147378466156745,0.8690605345139211,25,20,20
7,8104,0.055845545899813116,0.03994654112039882,0.03515396989946451,0.8690539430803231,25,20,20
7,8105,0.05584554589894581,0.039999891907754145,0.035100619113072204,0.8690539430802275,25,20,20
7,8106,0.05584554589894894,0.03999989189381306,0.03509524268258918,0.8690593195246485,25,20,20
7,8107,0.055845545898945755,0.03999989189381307,0.03509366109008411,0.8690609011171568,25,20,20
7,8108,0.05584554589894571,0.03999989189381307,0.03510018281520047,0.8690543793920404,25,20,20
7,8109,0.07948299247914818,0.039999431312573476,0.011463195146425626,0.8690543810618524,25,20,20
7,8110,0.07948299247915137,0.03999943131257355,0.01146329772023251,0.8690542784880424,25,20,20
7,8111,0.07948299247910584,0.03999943131232467,0.011458575949534007,0.8690590002590352,25,20,20
7,8112,0.07948299247906035,0.03999943131232467,0.011451962339982587,0.8690656138686321,25,20,20
7,8113,0.07948299247906035,0.0399994313123246,0.01145196033706853,0.8690656158715463,25,20,20
7,8114,0.07948299247906354,0.03999943131256925,0.011458479458878325,0.8690590967494888,25,20,20
7,8115,0.07948299247910906,0.039999431312577834,0.011463069469645466,0.8690545067386677,25,20,20
7,8116,0.07948299247691645,0.03999943064223079,0.005219355092712057,0.8752982217881404,25,20,20
7,8117,0.07948299247691641,0.03999943064223072,0.005225884190034808,0.8752916926908179,25,20,20
7,8118,0.0406800765795038,0.0399994311975258,0.016143674261561002,0.9031768179614094,25,20,20
7,8119,0.03951494017310539,0.039999430623335414,0.0051940207942777535,0.9152916084092815,25,20,20
7,8120,0.039514940173105376,0.03999943062333549,0.005194018561035143,0.915291610642524,25,20,20
7,8121,0.03951494017310533,0.03999943062333549,0.005194131612947633,0.9152914975906116,25,20,20
7,8122,0.03951494017310452,0.0399994306233355,0.005064206061589011,0.9154214231419708,25,20,20
7,8123,0.03951494017310456,0.03999943062333547,0.016115523939225683,0.9043701052643341,25,20,20
7,8124,0.03951494017305903,0.039999430623326886,0.01611081889069552,0.9043748103129186,25,20,20
7,8125,0.039514940173059086,0.03999943062332704,0.01611093324218553,0.9043746959614283,25,20,20
7,8126,0.03951494017305908,0.03999943062332696,0.01610441091752158,0.9043812182860923,25,20,20
7,8127,0.03951494017305913,0.03999943062332696,0.01610903335135424,0.9043765958522595,25,20,20
7,8128,0.039514940173063014,0.03999943062357155,0.016115574610690308,0.9043700545926749,25,20,20
7,8129,1.6018142365360567e-05,0.039999457540773636,0.05561446919227366,0.9043700551245867,25,20,20
7,8130,1.6018142362179972e-05,0.039999457541016484,0.05588067715588375,0.9041038471607369,25,20,20
7,8131,1.6018142365311815e-05,0.039999457541016484,0.05597288854671782,0.9040116357698996,25,20,20
7,8132,1.6018142388894564e-05,0.001086246917905885,0.09488609916980777,0.9040116357698978,25,20,20
7,8133,1.60181424342828e-05,0.0010862469179059612,0.09501567070514788,0.9038820642345122,25,20,20
7,8134,1.601814243428278e-05,0.00108624691790596,0.09501566874213392,0.9038820661975261,25,20,20
7,8135,1.6018142434262184e-05,0.0010862469315116696,0.0952764846297606,0.9036212502962938,25,20,20
7,8136,1.6018142620398027e-05,0.0010862469315118955,0.09527970635432619,0.9036180285715418,25,20,20
7,8137,1.6018142621195915e-05,0.001086246931516187,0.09527984928373855,0.9036178856421243,25,20,20
7,8138,1.601814262119593e-05,0.001086246931271679,0.09527322730449228,0.9036245076216152,25,20,20
7,8139,1.6018142621265348e-05,0.001086246931514023,0.09564634976548796,0.9032513851603777,25,20,20
7,8140,3.4984949919202016e-05,0.0010870409860453782,0.09562658989217863,0.9032513841718576,25,20,20
7,8141,3.498494991840317e-05,0.0010870409860410867,0.09562652601624883,0.9032514480477924,25,20,20
7,8142,3.498494991834688e-05,0.0010870409860410115,0.0956264435291914,0.9032515305348499,25,20,20
7,8143,3.498495009893269e-05,0.0010870417740293141,0.09558319597782815,0.9032947772980436,25,20,20
7,8144,3.49849500534605e-05,0.0010870417737848062,0.09558309490435005,0.9032948783718117,25,20,20
7,8145,3.4984960433840845e-05,0.0010870417740336791,0.09558509822557053,0.9032928750399621,25,20,20
7,8146,3.49849603884526e-05,0.001087041774033604,0.09545556008428922,0.9034224131812887,25,20,20
7,8147,3.498496038839755e-05,0.0010870417740334562,0.0954490363772314,0.9034289368883468,25,20,20
7,8148,3.498496038924446e-05,0.001087041787846618,0.09581661296249047,0.9030613602892741,25,20,20
7,8149,3.498496038924446e-05,0.001087041787846617,0.09581649852761295,0.9030614747241517,25,20,20
7,8150,3.49849603869112e-05,0.0010870417878466184,0.09572651098713371,0.9031514622646332,25,20,20
7,8151,3.498496038124265e-05,0.0010870417876296461,0.09120495469407133,0.907673018557918,25,20,20
7,8152,3.498496038039573e-05,0.0010870417738164826,0.09083077534718063,0.9080471979186222,25,20,20
7,8153,3.498496038035368e-05,0.0010870417738164074,0.09083077488326001,0.908047198382543,25,20,20
7,8154,3.498496038035391e-05,0.0010870417738164074,0.09083089075438432,0.9080470825114187,25,20,20
7,8155,3.498496038115263e-05,0.001087041773820697,0.09083749531401863,0.9080404779517796,25,20,20
7,8156,3.4984960380367594e-05,0.001087041787719033,0.09096481136685236,0.9079131618850482,25,20,20
7,8157,3.498496038036761e-05,0.0010870417877191082,0.09096481557124474,0.9079131576806556,25,20,20
7,8158,3.4984949999931215e-05,0.0010870417874702337,0.09095810876525462,0.907919864497275,25,20,20
7,8159,3.498495000004331e-05,0.0010870417874702337,0.09095970534942406,0.9079182679131056,25,20,20
7,8160,3.498495000009898e-05,0.0010870417874744966,0.09122603861580761,0.9076519346467178,25,20,20
7,8161,3.510360096943398e-05,9.784417225837262e-07,0.09231198308071027,0.907651934876598,25,20,20
7,8162,3.524823575277824e-05,2.098326581389962e-05,0.09229183385155315,0.9076519346468804,25,20,20
7,8163,3.5248235752763996e-05,2.098326581389832e-05,0.09229171795523154,0.9076520505432019,25,20,20
7,8164,3.5248235752764226e-05,2.098326581389962e-05,0.09229832215312925,0.9076454463453042,25,20,20
7,8165,3.524823575276445e-05,2.098326581390224e-05,0.09229840323877371,0.9076453652596599,25,20,20
7,8166,3.524823575269461e-05,2.0983251915488326e-05,0.09216878028303768,0.9077749882292945,25,20,20
7,8167,3.5248235752638947e-05,2.0983251911225226e-05,0.09190244840406014,0.9080413201082764,25,20,20
7,8168,3.524823575661827e-05,2.0983265851109256e-05,0.09191277796369317,0.9080309905346995,25,20,20
7,8169,3.524823575976514e-05,2.0983265851128965e-05,0.08094715141216761,0.9189966170862219,25,20,20
7,8170,3.5248235756646835e-05,2.098325200091054e-05,0.08067981832909758,0.9192639501831452,25,20,20
7,8171,3.524823575659102e-05,2.098325200091054e-05,0.08067973783487722,0.9192640306773656,25,20,20
7,8172,3.5248235756662035e-05,2.0983252005203345e-05,0.0806813606857668,0.9192624078264715,25,20,20
7,8173,3.5248235574540505e-05,2.0983252000910874e-05,0.08067688542707724,0.9192668830853475,25,20,20
7,8174,3.5248235574539766e-05,2.0983252000909573e-05,0.08067680739732333,0.9192669611151012,25,20,20
7,8175,3.5248235573741854e-05,2.0983252000833004e-05,0.08067668766526115,0.9192670808471644,25,20,20
7,8176,0.0008874088671399519,2.018886054522264e-05,0.07942754273468747,0.9196648595376269,25,20,20
7,8177,0.0008874088671398948,2.0188860541006445e-05,0.07942600158538347,0.9196664006869352,25,20,20
7,8178,0.0008874088671398948,2.0188860541006452e-05,0.07942611545475038,0.9196662868175681,25,20,20
7,8179,0.000887408867135902,2.0188860296498177e-05,0.07941952627379517,0.9196728759987718,25,20,20
7,8180,0.0008874088671358603,2.0188860296573475e-05,0.07941793182897063,0.9196744704435963,25,20,20
7,8181,0.0008871455813846973,2.7601669439806917e-08,0.07943835637350881,0.9196744704434365,25,20,20
7,8182,0.0008871455813846983,2.760166943980692e-08,0.07943827732002622,0.9196745494969193,25,20,20
7,8183,0.0008871455814301728,2.7601677871531166e-08,0.07944286744145806,0.9196699593754335,25,20,20
7,8184,0.0008871455814333682,2.7601677872829313e-08,0.07944281683975718,0.9196700099771314,25,20,20
7,8185,0.0008871455814340532,2.7601677936127844e-08,0.08569268602946596,0.9134201407874226,25,20,20
7,8186,0.0008871455814332547,2.7601673720447602e-08,0.08568619535892262,0.9134266314579713,25,20,20
7,8187,0.0008871455814308653,2.760167793627823e-08,0.0856005057866885,0.9135123210302035,25,20,20
7,8188,0.0008871455814308653,2.7601678011547082e-08,0.08560050520217902,0.9135123216147127,25,20,20
7,8189,0.0008871455814315848,2.7601888037099615e-08,0.0918500090044302,0.9072628178122508,25,20,20
7,8190,0.0008871502246148046,3.372781383670726e-08,0.09184999822617376,0.9072628178213981,25,20,20
7,8191,0.0008871502246148036,3.372781376141603e-08,0.0918498823641473,0.9072629336834246,25,20,20
7,8192,0.0008871502246108103,3.371387380207256e-08,0.09183943829459636,0.9072733777669194,25,20,20
7,8193,0.0008871502246114843,3.3713873790328554e-08,0.09808891551176256,0.9010239005497528,25,20,20
7,8194,0.0008871502246083028,3.3713873789030403e-08,0.09808900153428163,0.9010238145272368,25,20,20
7,8195,0.000887150224608358,3.371411613301195e-08,0.09846189343048967,0.9006509226307862,25,20,20
7,8196,0.0008871502246076722,3.371411606841569e-08,0.0922121032841461,0.9069007127771304,25,20,20
7,8197,0.0008871502246108124,3.371387372577726e-08,0.0918437791014297,0.9072690369600861,25,20,20
7,8198,0.0008871502246563413,3.3727814961090774e-08,0.09185077999610777,0.9072620360514213,25,20,20
7,8199,2.474735161441692e-07,1.493455669585597e-05,0.09311931362033304,0.906865504349455,25,20,20
7,8200,2.474735161299017e-07,1.4934556695854618e-05,0.09312389890815119,0.9068609190616368,25,20,20
7,8201,2.4747351692201e-07,1.4934570509016615e-05,0.09349807717025396,0.9064867407857201,25,20,20
7,8202,2.4747351697803684e-07,1.493457050909323e-05,0.09349819166991381,0.9064866262860601,25,20,20
7,8203,2.474733363247664e-07,1.4933782278447702e-05,0.09316839783789474,0.9068164209064906,25,20,20
7,8204,2.474733818382089e-07,1.4933782039743021e-05,0.09290865410251352,0.907076164642065,25,20,20
7,8205,2.474733818391749e-07,1.4933782039744343e-05,0.09290865609996789,0.9070761626446108,25,20,20
7,8206,2.4747338183893766e-07,1.4933782039743045e-05,0.09290876853719354,0.907076050207385,25,20,20
7,8207,2.4747338182566634e-07,1.4933782039817016e-05,0.09290223941483174,0.9070825793297468,25,20,20
7,8208,2.47473381825681e-07,1.4933782044031353e-05,0.09290876281931133,0.9070760559252627,25,20,20
7,8209,2.4747338434788196e-07,1.4933782048260775e-05,0.0866592922090785,0.9133255265354889,25,20,20
7,8210,2.4747333881835815e-07,1.4933782039678493e-05,0.08665466819321509,0.9133301505514065,25,20,20
7,8211,2.474733388183666e-07,1.4933782039678493e-05,0.08665455432384815,0.9133302644207733,25,20,20
7,8212,2.4747333960161957e-07,1.4933782043956224e-05,0.08678396741865693,0.9132008513259595,25,20,20
7,8213,2.474733839205941e-07,1.4933768235044533e-05,0.08678290572989383,0.9132019130284873,25,20,20
7,8214,2.4747338392083606e-07,1.4933768234971861e-05,0.08678281890315244,0.9132019998552288,25,20,20
7,8215,2.4747338403292377e-07,1.4933768234971861e-05,0.08678290164597945,0.9132019171124015,25,20,20
7,8216,2.4747319789633835e-07,1.4933768234822554e-05,0.08678438032034029,0.9132004384382272,25,20,20
7,8217,2.4747319784030473e-07,1.4933768234748593e-05,0.0867796804314119,0.9132051383271557,25,20,20
7,8218,2.474731978533541e-07,1.4933768234748617e-05,0.08677971840543092,0.9132051003531366,25,20,20
7,8219,2.474731527560338e-07,1.4933768234787917e-05,0.0864132052676666,0.913571613490946,25,20,20
7,8220,2.4747319827763886e-07,1.493376823915348e-05,0.08641336458363175,0.9135714541749309,25,20,20
7,8221,2.474731983334713e-07,1.493376823922745e-05,0.08640684288905519,0.9135779758695074,25,20,20
7,8222,2.474732438656752e-07,1.493376824352013e-05,0.08640920831890231,0.9135756104396102,25,20,20
7,8223,2.4747324704061444e-07,1.4933768243518339e-05,0.08667085464426601,0.9133139641142435,25,20,20
7,8224,2.474734107894188e-07,1.4933768247309933e-05,0.09132995283746587,0.9086548659208761,25,20,20
7,8225,2.474734100071512e-07,1.4933768243106157e-05,0.09120702807489808,0.9087777906834488,25,20,20
7,8226,2.4747341081882676e-07,1.4933768243104881e-05,0.09120711599794999,0.9087777027603959,25,20,20
7,8227,2.474734139581309e-07,1.4933768243030932e-05,0.09120865592079441,0.9087761628375486,25,20,20
7,8228,2.474734131452263e-07,1.4933768243029567e-05,0.09120853757512143,0.9087762811832224,25,20,20
7,8229,2.474734099648385e-07,1.4933768243103538e-05,0.09120703569253072,0.9087777830658161,25,20,20
7,8230,2.4747359288405695e-07,1.4933768487698535e-05,0.0912117887329453,0.9087730300249741,25,20,20
7,8231,2.474737282834245e-07,1.4933768726397715e-05,0.09147222115051555,0.9085125976070297,25,20,20
7,8232,9.908864704459939e-09,6.383965818450789e-09,0.091488634313436,0.9085113493937332,25,20,20
7,8233,9.908864592359484e-09,6.383965819747724e-09,0.09148855158072731,0.908511432126442,25,20,20
7,8234,9.908864633441032e-09,6.383965747051485e-09,0.0914900519191181,0.9085099317880514,25,20,20
7,8235,9.908864578367488e-09,6.383965747039056e-09,0.09149654079643979,0.9085034429107297,25,20,20
7,8236,9.90886453632368e-09,6.383965819712537e-09,0.09149503523636399,0.9085049484708055,25,20,20
7,8237,9.908865370172446e-09,7.172196391248525e-09,0.0918247942585362,0.9081751886604019,25,20,20
7,8238,9.908865369206557e-09,7.1721963159920955e-09,0.09181827054508608,0.908181712373852,25,20,20
7,8239,5.286013973289722e-09,3.623715418345338e-07,0.09181791995944842,0.9081817123829965,25,20,20
7,8240,5.286017166728412e-09,3.6237155033646356e-07,0.09219104587341573,0.9078085864690173,25,20,20
7,8241,5.286062681196191e-09,3.62371790626523e-07,0.09219177443646187,0.9078078579056853,25,20,20
7,8242,5.2860626812008055e-09,3.623717905525751e-07,0.0921916971464239,0.9078079351957232,25,20,20
7,8243,5.2860626812008055e-09,3.623717905525752e-07,0.0921916971464239,0.9078079351957232,25,20,20
7,8244,5.286061883704295e-09,3.623717862629693e-07,0.0921851723574481,0.907814459984704,25,20,20
7,8245,5.286016404975593e-09,3.6237178204562113e-07,0.09245130621675723,0.9075483261254447,25,20,20
7,8246,5.296329227850467e-09,3.6237178630996753e-07,0.09271850920441725,0.9072811231274674,25,20,20
7,8247,5.296326031631973e-09,3.6237178209230323e-07,0.09272499149982454,0.9072746408320675,25,20,20
7,8248,5.2961451039445595e-09,3.6237153910217473e-07,0.09245795228389009,0.9075416800484258,25,20,20
7,8249,5.296145131987812e-09,3.6237153910349605e-07,0.0924579877218557,0.9075416446104602,25,20,20
7,8250,5.296144829847481e-09,3.623715391617285e-07,0.09685051373301254,0.9031491185993035,25,20,20
7,8251,5.29633013182264e-09,3.623715391643738e-07,0.09684870725491272,0.9031509250772181,25,20,20
7,8252,5.2962846313535975e-09,3.623712945847084e-07,0.09684377330048007,0.9031558590319407,25,20,20
7,8253,5.296099314399297e-09,3.623712945080814e-07,0.09683897694769612,0.9031606553849102,25,20,20
7,8254,5.296101598483101e-09,3.6237147150530203e-07,0.10789450064968456,0.8921051316827424,25,20,20
7,8255,5.296101598258483e-09,3.623714715040043e-07,0.10789450061497707,0.8921051317174503,25,20,20
7,8256,5.297138011918649e-09,3.623712274218588e-07,0.1431918673276025,0.856807765004032,25,20,20
7,8257,5.443700169273627e-09,3.6237146983403445e-07,0.14356603496422798,0.8564335972206019,25,20,20
7,8258,5.4437001692696176e-09,3.6237146983403445e-07,0.14356592052937112,0.856433711655459,25,20,20
7,8259,5.4436973525081805e-09,3.6237171429655794e-07,0.138911788473097,0.8610878437114914,25,20,20
7,8260,5.443651823875542e-09,3.623577731364909e-07,0.13890490343052378,0.8610947287680513,25,20,20
7,8261,2.724654789948538e-08,0.0003799996662283871,0.14319128612102316,0.8564286869662004,25,20,20
7,8262,2.7246728287053293e-08,0.00037999966623674075,0.1432980634591875,0.8563219096278475,25,20,20
7,8263,2.724677373091186e-08,0.0003799996662410185,0.14342795835943645,0.8561920147275492,25,20,20
7,8264,2.7246594096709906e-08,0.0003799996662326654,0.143184378923452,0.8564355941637216,25,20,20
7,8265,2.725695219695028e-08,0.0003799996664767226,0.14327713952979093,0.8563428335467803,25,20,20
7,8266,2.7256952195708533e-08,0.00037999966647672136,0.1432770577961186,0.8563429152804528,25,20,20
7,8267,2.725695225177567e-08,0.00037999966647672267,0.14328176127078987,0.8563382118057814,25,20,20
7,8268,2.7256952253000028e-08,0.00037999966648101383,0.14328646539760773,0.8563335076789592,25,20,20
7,8269,2.724663948617668e-08,0.0003799996664769001,0.143025868591991,0.8565941044948928,25,20,20
7,8270,2.7246639431109806e-08,0.0003799996664768988,0.1430211656164413,0.8565988074704426,25,20,20
7,8271,2.7246639431351078e-08,0.0003799996664769728,0.14302116761935538,0.8565988054675284,25,20,20
7,8272,2.208350521618082e-08,0.00037999964239056496,0.14302117276449308,0.8565988055096119,25,20,20
7,8273,2.2083459684214597e-08,0.00037999964239053655,0.14328513917468036,0.8563348390994701,25,20,20
7,8274,2.208346288029976e-08,0.00037999964239061055,0.14328976164895008,0.8563302166251973,25,20,20
7,8275,0.028657104493066684,0.0003800032914606271,0.11457618022346008,0.8563867119920129,25,20,20
7,8276,0.028657104493067468,0.0003800032914564128,0.1145696916296036,0.8563932005858725,25,20,20
7,8277,0.028657104493067468,0.0003800032914563388,0.11456972301063008,0.8563931692048462,25,20,20
7,8278,0.028657104493068325,0.00038000329169665794,0.11431009479133822,0.856652797423897,25,20,20
7,8279,0.02865710449306918,0.0003800032919369402,0.11431397213022626,0.8566489200847677,25,20,20
7,8280,0.028657104495661098,0.0003800032921815237,0.11431587971556986,0.8566470124965874,25,20,20
7,8281,0.02865710449570854,0.0003800033059874506,0.11458086623260626,0.8563820259656977,25,20,20
7,8282,0.028657104495707738,0.00038000330598744926,0.11458077736649556,0.8563821148318091,25,20,20
7,8283,0.028657104495705424,0.0003800033058104507,0.10352285394982844,0.8674400382486556,25,20,20
7,8284,0.028657104485347324,0.00038000330556639485,0.10343020582968704,0.8675326863793993,25,20,20
7,8285,0.028657104485302273,0.00038000329176039315,0.1030403917889248,0.8679225004340124,25,20,20
7,8286,0.028657104485302325,0.0003800032917603932,0.1030338701032898,0.8679290221196474,25,20,20
7,8287,0.028657104485301472,0.00038000329151581096,0.10302716705815552,0.8679357251650273,25,20,20
7,8288,0.0286571044854824,0.0003800032915158844,0.10329436632337842,0.8676685258996233,25,20,20
7,8289,0.02865710448548241,0.00038000329152017607,0.10329456218061414,0.8676683300423832,25,20,20
7,8290,0.02865710433892031,0.0003800032912778392,0.10292050845794179,0.8680423839118601,25,20,20
7,8291,0.028657104338920266,0.0003800032912778392,0.10292054127635625,0.8680423510934456,25,20,20
7,8292,0.02865708253517288,1.9866918580731955e-05,0.10331245392038245,0.8680105966258637,25,20,20
7,8293,0.02865708253517282,1.986691858058274e-05,0.10330596356055269,0.8680170869856937,25,20,20
7,8294,0.028657082535169635,1.986691858050878e-05,0.10330137650710597,0.8680216740391437,25,20,20
7,8295,0.02865708253516962,1.98669185804361e-05,0.10330134169542698,0.8680217088508227,25,20,20
7,8296,0.028657082535170422,1.9866918588998272e-05,0.10339352967706036,0.8679295208691801,25,20,20
7,8297,0.028657082535170436,1.986691858907091e-05,0.10340005339522489,0.8679229971510155,25,20,20
7,8298,0.028657082535169635,1.9866918344572834e-05,0.10339375166068315,0.8679292988858025,25,20,20
7,8299,0.02865708257981977,1.951532856035727e-05,0.10339410322411009,0.86792929886751,25,20,20
7,8300,0.028657082579819755,1.9515328560356584e-05,0.10340051247225976,0.8679228896193603,25,20,20
7,8301,0.028657082579819824,1.9515328560357105e-05,0.10339565517381943,0.8679277469178005,25,20,20
7,8302,0.02865708251518717,1.985953405451273e-05,0.10339531102384253,0.867927746926916,25,20,20
7,8303,0.028657082515187185,1.9859534054661975e-05,0.10339528034399649,0.8679277776067618,25,20,20
7,8304,0.02865708251518797,1.985953405473594e-05,0.10339530699797457,0.8679277509527829,25,20,20
7,8305,0.02865708251519115,1.9859534054661972e-05,0.10339750301213732,0.867925554938617,25,20,20
7,8306,0.02865708251523908,1.985953405046489e-05,0.10330995508056368,0.868013102870147,25,20,20
7,8307,0.02865708259357926,1.993491622784876e-05,0.10330987911606425,0.8680131033741287,25,20,20
7,8308,0.028657082593579207,1.9934916227848768e-05,0.10330771523682811,0.8680152672533649,25,20,20
7,8309,0.02865708259357601,1.9934916232064434e-05,0.1033096182044126,0.8680133642857797,25,20,20
7,8310,0.02865708259357601,1.993491623206314e-05,0.10330958020783544,0.8680134022823567,25,20,20
7,8311,0.028657082593575987,1.9934916232135774e-05,0.10331606848347677,0.8680069140067153,25,20,20
7,8312,0.028657082724286055,1.993561863961977e-05,0.10796952905145804,0.8633534526056164,25,20,20
7,8313,0.02865708272428607,1.9935618639547126e-05,0.10796941719511834,0.8633535644619559,25,20,20
7,8314,0.028657082724285222,1.9934830408901618e-05,0.10763965675382173,0.863683325691484,25,20,20
7,8315,0.028657082724239693,1.9934830404611796e-05,0.10763498677428174,0.8636879956710737,25,20,20
7,8316,0.028657082724239735,1.993483040882818e-05,0.10762857921493386,0.8636944032304175,25,20,20
7,8317,0.02865708272423654,1.9934830400324955e-05,0.10725545191354013,0.8640675305318227,25,20,20
7,8318,0.028657082724233347,1.993483040024841e-05,0.10725544988728795,0.8640675325580781,25,20,20
7,8319,0.028657082724052492,1.993483040032418e-05,0.10698987220354049,0.8643331102420063,25,20,20
7,8320,0.028657082724052492,1.9934830396109157e-05,0.10698974198103589,0.8643332404645152,25,20,20
7,8321,0.02865708733557168,1.9939917405118927e-05,0.10698973228237663,0.8643332404646462,25,20,20
7,8322,0.02865708733557168,1.993991740511895e-05,0.10698973170678899,0.8643332410402338,25,20,20
7,8323,0.02865708733557168,1.9939917405120204e-05,0.10698973030299268,0.8643332424440302,25,20,20
7,8324,0.028657087335570996,1.9939917405046278e-05,0.10698966970330025,0.8643333030437234,25,20,20
7,8325,0.02865708733557105,1.9939917400757947e-05,0.10698306663050655,0.8643399061165212,25,20,20
7,8326,0.028657087335616435,1.9939917405034403e-05,0.10711248966101218,0.8642104830859658,25,20,20
7,8327,0.028657346001180417,3.9125893350221505e-05,0.1070930445166634,0.8642104835888058,25,20,20
7,8328,0.028657346001180417,3.912589335014619e-05,0.10709293121341469,0.8642105968920546,25,20,20
7,8329,0.028657346001181173,3.912589335014747e-05,0.10709951459694501,0.8642040135085236,25,20,20
7,8330,0.02865734600118123,3.912589359473098e-05,0.10710621906324881,0.8641973090419752,25,20,20
7,8331,0.02865734600118123,3.912589335014746e-05,0.10709967780478437,0.8642038503006841,25,20,20
7,8332,0.028657346001017478,3.912589334635717e-05,0.10244710325861667,0.8688564248470194,25,20,20
7,8333,0.028657346001018328,3.912589335064936e-05,0.10245370926908205,0.8688498188365488,25,20,20
7,8334,0.02865734600120251,3.9125893144907956e-05,0.09629846336116078,0.8750050647444918,25,20,20
7,8335,0.03972485522663777,3.913244379976008e-05,0.08528744211949758,0.874948570210065,25,20,20
7,8336,0.0397248552264984,3.913244379555116e-05,0.08519970946563213,0.875036302864074,25,20,20
7,8337,0.03972459691069343,0.02426808842033931,0.06097101261936431,0.8750363020496026,25,20,20
7,8338,0.03972459691064798,0.024268088420335107,0.060847721908071174,0.8751595927609455,25,20,20
7,8339,0.03972459691064798,0.024268088420339402,0.06084791573253489,0.8751593989364774,25,20,20
7,8340,0.039724596910647995,0.024268088420339402,0.06084142746954609,0.8751658871994661,25,20,20
7,8341,0.03972459691064481,0.024268088420339402,0.060839230789343064,0.8751680838796723,25,20,20
7,8342,0.03972459690805201,0.024268088420097925,0.07189044773691128,0.8641168669349382,25,20,20
7,8343,0.03972459690804972,0.024268088420094824,0.06083256689899616,0.875174747772859,25,20,20
7,8344,0.03972459690804972,0.024268088420094897,0.06083407406227893,0.875173240609576,25,20,20
7,8345,0.03972459237858146,0.024267739303900884,0.06083442771693345,0.8751732406005839,25,20,20
7,8346,0.039724592378581475,0.024267739303900887,0.06082785398538012,0.8751798143321371,25,20,20
7,8347,0.03972459237858146,0.024267739303900814,0.06082631143598673,0.8751813568815305,25,20,20
7,8348,0.039724592378581405,0.02426773930365622,0.06082157129578039,0.8751860970219816,25,20,20
7,8349,0.03972459237858142,0.02426773930365622,0.060821573289336045,0.8751860950284259,25,20,20
7,8350,0.039724592247871365,0.02426773860124874,0.05616811276061977,0.8798395563902601,25,20,20
7,8351,0.039724592248052276,0.024267738601491652,0.056435122916675746,0.8795725462337802,25,20,20
7,8352,0.03972459224805222,0.024267738601491652,0.05643512286981168,0.8795725462806445,25,20,20
7,8353,0.039724592248052235,0.02426773860149158,0.056435210308062984,0.8795724588423933,25,20,20
7,8354,0.03972459224805537,0.024267738601491732,0.0564351581758778,0.8795725109745751,25,20,20
7,8355,0.03972459224805219,0.02426773860149587,0.056435243781031035,0.8795724253694209,25,20,20
7,8356,0.03972459224805537,0.024267738601495944,0.05643521086409642,0.8795724582863522,25,20,20
7,8357,0.03972459225064327,0.024267738601500298,0.056565250181723974,0.8794424189661325,25,20,20
7,8358,0.039724591822176074,0.039977598980927335,0.040855390423115506,0.879442418773781,25,20,20
7,8359,0.03972459182217602,0.039977598980927335,0.04085542237881627,0.8794423868180803,25,20,20
7,8360,0.03972459182217602,0.03997759898092741,0.04086202317676161,0.8794357860201348,25,20,20
7,8361,0.039724591819588116,0.03997759898092306,0.04073209635558614,0.8795657128439028,25,20,20
7,8362,0.039724591819591294,0.03997759898092306,0.040734293035789196,0.8795635161636964,25,20,20
7,8363,0.03972459181959128,0.039977598980922985,0.040732785343924896,0.879565023855561,25,20,20
7,8364,0.0397245918196065,0.039955150517632695,0.040755233807199975,0.879565023855561,25,20,20
7,8365,0.039724591819606435,0.039955150517628484,0.040883006834703535,0.8794372508280618,25,20,20
7,8366,0.03972459181960326,0.039955150517628414,0.040883039751483954,0.8794372179112848,25,20,20
7,8367,0.0397245918196032,0.03995515051762834,0.0408830049153555,0.8794372527474134,25,20,20
7,8368,0.03972459181964918,0.039955151281455305,0.042434247450976036,0.8778860094479198,25,20,20
7,8369,0.039724591819649185,0.039955151281455305,0.04243428151373301,0.8778859753851626,25,20,20
7,8370,0.03972459181964925,0.03995515128145538,0.042434364566280365,0.8778858923326152,25,20,20
7,8371,0.039724591819649206,0.03995515128145117,0.04243419835480991,0.8778860585440899,25,20,20
7,8372,0.03972459183000688,0.039955151281451246,0.04252842379008417,0.8777918330984579,25,20,20
7,8373,0.03972459183000694,0.03995515128145132,0.04252839239921242,0.8777918644893297,25,20,20
7,8374,0.03972459183000699,0.03995515128145561,0.04253491780687914,0.8777853390816586,25,20,20
7,8375,0.039724591830006976,0.03995515128145132,0.04253483502004781,0.8777854218684942,25,20,20
7,8376,0.03972459182996026,0.03995515051762007,0.04097712263845502,0.8793431350139648,25,20,20
7,8377,0.03972459182977939,0.039955150517377074,0.040714783866165616,0.8796054737866783,25,20,20
7,8378,0.03972459181942569,0.03995515051737708,0.040620512793673624,0.879699744869524,25,20,20
7,8379,0.03972459181942488,0.039955150517377004,0.0406138623881868,0.8797063952750116,25,20,20
7,8380,0.03972459181942482,0.039955150517377004,0.04062035126566536,0.8796999063975331,25,20,20
7,8381,0.03265885878461871,0.039955148847541824,0.04768382877809392,0.8797021635897457,25,20,20
7,8382,0.032658858784619514,0.0399551488475419,0.04769035331720318,0.8796956390506355,25,20,20
7,8383,0.03265885878461552,0.03995514884754182,0.04769028381631535,0.8796957085515273,25,20,20
7,8384,0.0326588587846155,0.03995514884754174,0.04768368157128404,0.8797023107965586,25,20,20
7,8385,0.0326588587846155,0.03995514884754182,0.04768060268998538,0.8797053896778573,25,20,20
7,8386,0.03265885870219028,0.03997471763468139,0.04766103398552422,0.8797053896776038,25,20,20
7,8387,0.032658858702190215,0.039974717634681314,0.04766095349012889,0.879705470172999,25,20,20
7,8388,0.0326588587021902,0.03997471763468132,0.047660912211526664,0.8797055114516013,25,20,20
7,8389,0.0326588587021902,0.03997471763468132,0.04766099070368601,0.8797054329594419,25,20,20
7,8390,0.03265889660638517,0.03772975874989933,0.049905911385372814,0.8797054332583423,25,20,20
7,8391,0.03265889660898055,0.03772975874990363,0.04977875814094295,0.8798325865001724,25,20,20
7,8392,0.03265889660898373,0.03772975874990784,0.049776907003152335,0.8798344376379554,25,20,20
7,8393,0.03265889660898693,0.0377297587501525,0.04978353800106202,0.8798278066397981,25,20,20
7,8394,0.032658896608986125,0.03772975875015242,0.049776934994313043,0.8798344096465479,25,20,20
7,8395,0.032658896608986125,0.03772975874990777,0.04977033188686182,0.8798410127542436,25,20,20
7,8396,0.03265889660898613,0.03772975874990777,0.04977025283337921,0.8798410918077263,25,20,20
7,8397,0.03265889660898293,0.037729758749907694,0.04976805413953365,0.8798432905015753,25,20,20
7,8398,0.03265889660898293,0.037729758749907694,0.04976797507393954,0.8798433695671694,25,20,20
7,8399,0.032658896606387544,0.037729758749903405,0.04976572196753834,0.8798456226761701,25,20,20
7,8400,0.0326588966063876,0.03772975874990348,0.04976580246293369,0.8798455421807748,25,20,20
7,8401,0.0326588966063876,0.03772975874990348,0.04976580245063352,0.8798455421930749,25,20,20
7,8402,0.0326588966063876,0.037729758749903405,0.04976576766525472,0.8798455769784536,25,20,20
7,8403,0.03265889660638841,0.037729758749903405,0.049775054554202516,0.8798362900895051,25,20,20
7,8404,0.03265885874951282,0.038270086440767064,0.04923476501911467,0.8798362897906048,25,20,20
7,8405,0.03265885874951601,0.03827008644101165,0.04924147006154,0.8798295847479318,25,20,20
7,8406,0.03265885874951282,0.03827008644101173,0.049241555474507155,0.8798294993349677,25,20,20
7,8407,0.03265885874951596,0.03827008644101165,0.04924151378439942,0.8798295410250725,25,20,20
7,8408,0.03265885874969497,0.038270086440771366,0.049236464271113556,0.8798345905384195,25,20,20
7,8409,0.03265885874969805,0.038270086440771435,0.04924103112260237,0.8798300236869278,25,20,20
7,8410,0.03265885874988017,0.03827008644077573,0.04924578223455228,0.8798252725747912,25,20,20
7,8411,0.03265885874969805,0.03827008644077573,0.049241171427385794,0.87982988338214,25,20,20
7,8412,0.032658858749694854,0.03827008644077573,0.04924121108973788,0.8798298437197911,25,20,20
7,8413,0.032658858758867565,0.03827008714297252,0.05390100367993002,0.8751700504182296,25,20,20
7,8414,0.03265885875886751,0.03827008714297245,0.05389949462279344,0.8751715594753662,25,20,20
7,8415,0.0326588587586853,0.03827008714296815,0.053898002876474206,0.875173051221872,25,20,20
7,8416,0.03265885875868532,0.03827008714297244,0.053898085642793664,0.8751729684555479,25,20,20
7,8417,0.03265885875868532,0.03827008714297251,0.0538980870701194,0.8751729670282222,25,20,20
7,8418,0.03265885875868532,0.038270087142972586,0.053898121846501376,0.8751729322518403,25,20,20
7,8419,0.03265885875868532,0.03827008714297252,0.05389512253144978,0.875175931566892,25,20,20
7,8420,0.0326588587615509,0.03825051457308163,0.05391469509831417,0.8751759315670526,25,20,20
7,8421,0.03265885876155084,0.03825051457307735,0.05390820308338741,0.875182423581984,25,20,20
7,8422,0.03265885876155084,0.03825051457307735,0.05390808969859466,0.8751825369667767,25,20,20
7,8423,0.032658858761505385,0.03825051457308156,0.05390167922378158,0.875188947441631,25,20,20
7,8424,0.03265885876150219,0.03825051457308156,0.05390005610128075,0.8751905705641352,25,20,20
7,8425,0.03265885876150218,0.03825051457308156,0.05389993963962407,0.8751906870257917,25,20,20
7,8426,0.03265885876150223,0.03825051457307735,0.05389991263860882,0.875190714026811,25,20,20
7,8427,0.0326588587615484,0.038250514573077335,0.05402975541137476,0.8750608712539991,25,20,20
7,8428,0.032658858761548414,0.03825051457332193,0.05403447642899709,0.8750561502361321,25,20,20
7,8429,0.032658858761730525,0.03825051457357073,0.05404106611599961,0.8750495605486986,25,20,20
7,8430,0.032658858761730525,0.03825051457357073,0.05404097928730023,0.8750496473773981,25,20,20
7,8431,0.03265885876173133,0.038250514573575096,0.054041138510454674,0.8750494881542386,25,20,20
7,8432,0.03265885876173133,0.03825051457357502,0.05404114943828991,0.8750494772264034,25,20,20
7,8433,0.03265885876173452,0.03825051457357517,0.054041185665545007,0.875049440999145,25,20,20
7,8434,0.032658858761734536,0.03825051457357517,0.0540411528925097,0.8750494737721803,25,20,20
7,8435,0.03265885876173767,0.038250514573575096,0.054045835290091715,0.8750447913745952,25,20,20
7,8436,0.03265885876173773,0.03825051457381809,0.05431214783558712,0.8747784788288567,25,20,20
7,8437,0.032658858761737714,0.038250514573573494,0.05430731234967881,0.8747833143150098,25,20,20
7,8438,0.0326588587617369,0.038250514573573494,0.05429802347337506,0.8747926031913141,25,20,20
7,8439,0.03265885875887176,0.03825051457554287,0.05429802347442842,0.8747926031911564,25,20,20
7,8440,0.03265885875887176,0.03825051457554287,0.05430256317568102,0.8747880634899039,25,20,20
7,8441,0.03265885875887175,0.03825051457554294,0.054302475737429766,0.8747881509281555,25,20,20
7,8442,0.03265885875887175,0.03825051457554294,0.05430247631301736,0.8747881503525679,25,20,20
7,8443,0.03265885875887175,0.03825051457553865,0.05429943366607728,0.874791192999512,25,20,20
7,8444,0.03265885875887175,0.03825051457554294,0.05430604014876993,0.8747845865168151,25,20,20
7,8445,0.03265885875904949,0.038250514575547054,0.05457229890759456,0.8745183277578087,25,20,20
7,8446,0.03999996083355101,0.038250506045339826,0.0472334634306656,0.8745160696904435,25,20,20
7,8447,0.03999996083355101,0.03825050604533998,0.047238164191166686,0.8745113689299422,25,20,20
7,8448,0.03999996083350881,0.03825050604533577,0.047113357262186295,0.8746361758589688,25,20,20
7,8449,0.039999960833508014,0.03825050604533141,0.04711319604157754,0.8746363370795828,25,20,20
7,8450,0.03999996083368956,0.03825050604557516,0.04723686863441094,0.8745126644863239,25,20,20
7,8451,0.03999996083368956,0.03825050604557516,0.04723698307936621,0.8745125500413686,25,20,20
7,8452,0.03999996078636997,0.038736660693183184,0.04675082847907777,0.8745125500413686,25,20,20
7,8453,0.03999996078641551,0.038736660693183184,0.046744419936064284,0.8745189585843369,25,20,20
7,8454,0.039999960786415566,0.038736660693183184,0.046744529573552906,0.8745188489468478,25,20,20
7,8455,0.03999996078641551,0.038736660693183114,0.046744487056163735,0.8745188914642373,25,20,20
7,8456,0.03999996078646102,0.03873666069342771,0.04674923950439456,0.8745141390157163,25,20,20
7,8457,0.039994427969665465,0.03873666069342771,0.046754772321190116,0.8745141390157163,25,20,20
7,8458,0.03999442796966861,0.038736660693189005,0.04649016903403787,0.8747787423031044,25,20,20
7,8459,0.03999442796966863,0.03873666069318908,0.04649207035399184,0.8747768409831501,25,20,20
7,8460,0.03999442796966864,0.03873666069318908,0.04649869052242171,0.8747702208147204,25,20,20
7,8461,0.03999442796966545,0.038736660693189005,0.046493961969316135,0.8747749493678292,25,20,20
7,8462,0.03999442796948414,0.03873666069294028,0.04648741240145917,0.8747814989361161,25,20,20
7,8463,0.039994427969440915,0.038736660692698724,0.05754049968185,0.86372841165601,25,20,20
7,8464,0.0399944279694409,0.03873666069269865,0.05753389746112055,0.8637350138767396,25,20,20
7,8465,0.0399944279694409,0.03873666069269865,0.057533816410183604,0.8637350949276766,25,20,20
7,8466,0.0399944279694409,0.038736660692702936,0.05754042089524513,0.8637284904426109,25,20,20
7,8467,0.03999442796925941,0.038736660692703706,0.05741497903387102,0.8638539323041656,25,20,20
7,8468,0.03999442796925934,0.03873666069269941,0.05741478179917319,0.8638541295388681,25,20,20
7,8469,0.039994427969259394,0.03873666069269941,0.057419482714156006,0.8638494286238851,25,20,20
7,8470,0.03999442796921638,0.038736660692937554,0.05766256516983323,0.863606346168013,25,20,20
7,8471,0.03999442796921718,0.038736660692937484,0.0576601440686943,0.8636087672691513,25,20,20
7,8472,0.039994427969171645,0.03873666069293319,0.057659947506322355,0.8636089638315728,25,20,20
7,8473,0.03999442796917243,0.03873666069293319,0.05766003437294625,0.8636088769649481,25,20,20
7,8474,0.03999442796917163,0.03873666069293311,0.05766458022447238,0.8636043311134227,25,20,20
7,8475,0.03999442796916844,0.03873666069293311,0.057659784498602616,0.8636091268392957,25,20,20
7,8476,0.039994428556415516,0.038736660706769815,0.0579617449686226,0.8633071657681921,25,20,20
7,8477,0.039994428556419485,0.03873666072067194,0.05807397838033223,0.8631949323425764,25,20,20
7,8478,0.03999442855641943,0.038736660720672014,0.058080473497132266,0.8631884372257761,25,20,20
7,8479,0.039994428556422566,0.038736660720436,0.058082244999074335,0.863186665724067,25,20,20
7,8480,0.03999442855642257,0.03873666072044017,0.058448744129931146,0.8628201665932059,25,20,20
7,8481,0.039994427969175496,0.03873666070660355,0.05814211060905416,0.8631268007151667,25,20,20
7,8482,0.03999442796917556,0.03873666070660784,0.05814230784363335,0.863126603480583,25,20,20
7,8483,0.03999442796899463,0.03873666070660358,0.05787593176990424,0.8633929795544976,25,20,20
7,8484,0.03999442796899463,0.03873666070659929,0.057875817027176535,0.8633930942972293,25,20,20
7,8485,0.039994427968994634,0.03873666070659922,0.057875791358880734,0.8633931199655254,25,20,20
7,8486,0.03999442796899463,0.03873666070659929,0.05787587104752375,0.8633930402768822,25,20,20
7,8487,0.03999442796899143,0.03873666070659929,0.05787416200155777,0.8633947493228513,25,20,20
7,8488,0.03999442796899148,0.03873666070659929,0.057874325083939124,0.8633945862404699,25,20,20
7,8489,0.03999442796899073,0.038736660692701534,0.05775698179687133,0.8635119295414363,25,20,20
7,8490,0.03999442796898758,0.038736660692463405,0.05738856346140346,0.8638803478771454,25,20,20
7,8491,0.03999442796898759,0.038736660692463405,0.05738879205988453,0.8638801192786643,25,20,20
7,8492,0.03999442796898759,0.038736660692463405,0.057393493853037894,0.863875417485511,25,20,20
7,8493,0.03999442796898525,0.038736660692459186,0.05739182507118584,0.8638770862673695,25,20,20
7,8494,0.03999442796898525,0.038736660692459186,0.05739185213160962,0.8638770592069457,25,20,20
7,8495,0.03999442796898525,0.03873666069245912,0.057391771050870864,0.8638771402876846,25,20,20
7,8496,0.03999442796898211,0.03873666069245061,0.05738527993999098,0.8638836313985762,25,20,20
7,8497,0.03999442811691242,0.038736660692450686,0.057384820672001416,0.8638840905186354,25,20,20
7,8498,0.039994428116911895,0.03873666069265635,0.06363278169784539,0.8576361294925863,25,20,20
7,8499,0.03999442810773924,0.038736659990459554,0.05897307160981901,0.862295840291982,25,20,20
7,8500,0.03999442810773693,0.03873665999045645,0.04828825262723284,0.8729806592745737,25,20,20
7,8501,0.03999442811032648,0.038736659990460734,0.048375865485312405,0.8728930464139002,25,20,20
7,8502,0.03999442811032966,0.038736659990464994,0.04864219704116187,0.8726267148580433,25,20,20
7,8503,0.03999442811037397,0.03873665999046917,0.04901519581662668,0.8722537160825301,25,20,20
7,8504,0.03999442811037132,0.0387366599906241,0.06271873545136113,0.8585501764476432,25,20,20
7,8505,0.03999442811037131,0.03873665999061985,0.06234725301337259,0.858921658885636,25,20,20
7,8506,0.039994428110372154,0.03873665999086017,0.062342384187778,0.8589265277109895,25,20,20
7,8507,0.03999442811032711,0.038736659990855925,0.06196937716028576,0.859299534738531,25,20,20
7,8508,0.03999442811037257,0.03873666000479515,0.06198166825227445,0.8592872436325577,25,20,20
7,8509,0.039994428110372515,0.03873666000479507,0.06198171614802926,0.859287195736803,25,20,20
7,8510,0.039994428110372515,0.03873666000479507,0.06198179007233702,0.8592871218124952,25,20,20
7,8511,0.039994427962442194,0.03873666000479071,0.06197762766952249,0.8592912843632443,25,20,20
7,8512,0.03999442796244212,0.03873666000479063,0.06197982750113181,0.8592890845316353,25,20,20
7,8513,0.03999442796244207,0.03873666000479063,0.06197977815258171,0.8592891338801855,25,20,20
7,8514,0.03999442796244213,0.038736660004790785,0.06198630050665845,0.8592826115261084,25,20,20
7,8515,0.04292991004783803,0.03873665366147649,0.05905082476403407,0.859282611526651,25,20,20
7,8516,0.042929910047838006,0.03873665366147649,0.05905059280510464,0.8592828434855805,25,20,20
7,8517,0.042929910047838804,0.038736653661476564,0.05905071140023533,0.8592827248904489,25,20,20
7,8518,0.04292991004783886,0.03873665366148083,0.059315423213185954,0.8590180130774939,25,20,20
7,8519,0.04292991004783888,0.038736653661723165,0.05968384388738402,0.8586495924030535,25,20,20
7,8520,0.04292991004783893,0.03873665366172332,0.05969033421252691,0.8586431020779104,25,20,20
7,8521,0.0457070254199833,0.03873665365529161,0.0569132188473062,0.8586431020774182,25,20,20
7,8522,0.045707025419987266,0.03873665366913463,0.057201603400736455,0.8583547175101411,25,20,20
7,8523,0.045707025419941746,0.03873665365519961,0.057281576067625385,0.8582747448572328,25,20,20
7,8524,0.04570702541993905,0.03873665365498959,0.05103210477331881,0.864524216151752,25,20,20
7,8525,0.04570702541993899,0.03873665365498944,0.05102566376143182,0.8645306571636392,25,20,20
7,8526,0.045707025419938194,0.03873665365498944,0.05102346595880488,0.8645328549662671,25,20,20
7,8527,0.045707025419938194,0.03873665365498944,0.05102333120291881,0.8645329897221531,25,20,20
7,8528,0.045707025567849335,0.03873665365483461,0.037062748794269275,0.8784935719830463,25,20,20
7,8529,0.045707025567849335,0.03873665365483041,0.036970537641642175,0.8785857831356776,25,20,20
7,8530,0.04570702556784928,0.038736653654830484,0.03697703275859909,0.8785792880187206,25,20,20
7,8531,0.045707025567849335,0.038736653654830484,0.03698162177380437,0.8785746990035154,25,20,20
7,8532,0.04570702556784927,0.03873665365482821,0.03735300657871741,0.8782033141986046,25,20,20
7,8533,0.04570702556784927,0.03873665365482395,0.037086755787688185,0.8784695649896382,25,20,20
7,8534,0.04570702556784928,0.038736653654585895,0.036713830595443274,0.8788424901821211,25,20,20
7,8535,0.04570702556784921,0.03873665365458574,0.036711927596176384,0.8788443931813883,25,20,20
7,8536,0.04570702556784841,0.038736653654585666,0.036711807027954145,0.8788445137496115,25,20,20
7,8537,0.04570702556803318,0.0387366536543434,0.03645863683477141,0.8790976839428518,25,20,20
7,8538,0.04570702557841406,0.038736653654347766,0.03646335496770925,0.8790929657995288,25,20,20
7,8539,0.04570702557841406,0.038736653654347766,0.036090332173501286,0.8794659885937367,25,20,20
7,8540,0.04570702557841413,0.038736653654352055,0.0360922368455369,0.8794640839216967,25,20,20
7,8541,0.04570702557841406,0.038736653654347836,0.03608571209384036,0.8794706086733975,25,20,20
7,8542,0.0457070255785962,0.03873665365435213,0.03607930603087015,0.8794770147361812,25,20,20
7,8543,0.04570702557859626,0.03873665365435642,0.036079502689645236,0.8794768180774019,25,20,20
7,8544,0.045707025578596266,0.038736653654356495,0.03608178385287418,0.879474536914173,25,20,20
7,8545,0.045707025578596266,0.03873665365435657,0.03608173593208041,0.8794745848349667,25,20,20
7,8546,0.04570702557859621,0.03873665365435657,0.036077033148388254,0.8794792876186588,25,20,20
7,8547,0.045707025578596266,0.03873665365435665,0.03607704608384043,0.8794792746832063,25,20,20
7,8548,0.04570702557864052,0.03873665365435657,0.036498944700320585,0.8790573760666821,25,20,20
7,8549,0.04570702557864052,0.03873665365435657,0.03649894261190707,0.8790573781550955,25,20,20
7,8550,0.04570702543072886,0.03873665365435221,0.036489768303572825,0.8790665526113457,25,20,20
7,8551,0.045707025430728805,0.03873665365434792,0.03648961102045076,0.8790667098944722,25,20,20
7,8552,0.04570702543090974,0.03873665365459091,0.03675592383313151,0.8788003970813675,25,20,20
7,8553,0.045707025430909695,0.03873665365459091,0.03675599834717337,0.8788003225673258,25,20,20
7,8554,0.04570702543090965,0.03873665365459091,0.03675591985108714,0.878800401063412,25,20,20
7,8555,0.045707025443114196,0.036908051511780005,0.03858357179847562,0.8788013512466298,25,20,20
7,8556,0.04570702544311425,0.0369080515117843,0.03858368800233454,0.8788012350427665,25,20,20
7,8557,0.04570702544311431,0.03690805151178851,0.03858380350505119,0.8788011195400456,25,20,20
7,8558,0.04570702544570139,0.0369080515117885,0.038713144912701544,0.8786717781298081,25,20,20
7,8559,0.04570702544570137,0.03690805151178842,0.03871314349376247,0.8786717795487473,25,20,20
7,8560,0.04570702544569741,0.0369080514979454,0.03842464651318427,0.8789602765431723,25,20,20
7,8561,0.04570702544574294,0.036908051497953974,0.038429236549147476,0.878955686507155,25,20,20
7,8562,0.04570702544569743,0.0369080514979454,0.03842680821600017,0.8789581148403565,25,20,20
7,8563,0.04570702545601355,0.03690805149794554,0.03869354044737104,0.8786913825986694,25,20,20
7,8564,0.045707025456013545,0.03690805149794562,0.03895986937036183,0.8784250536756786,25,20,20
7,8565,0.04570702545601348,0.036908051497945696,0.038959815914595956,0.8784251071314444,25,20,20
7,8566,0.04570702545342636,0.03690805149794142,0.038830507833861355,0.8785544152147705,25,20,20
7,8567,0.0457070254534264,0.03690805149794142,0.038832933169102433,0.8785519898795293,25,20,20
7,8568,0.04570702545342639,0.03690805149794142,0.03883293175322691,0.8785519912954051,25,20,20
7,8569,0.04570702545342639,0.03690805149794142,0.0388328192825721,0.87855210376606,25,20,20
7,8570,0.04005478832297469,0.036908076041282746,0.04448502981743029,0.8785521058183123,25,20,20
7,8571,0.04005478832297469,0.036908076041282746,0.04448514294570014,0.8785519926900425,25,20,20
7,8572,0.040054788322793765,0.03690807604103983,0.04421887322535384,0.8788182624108125,25,20,20
7,8573,0.040054788322793765,0.03690807604103983,0.04421883917700387,0.8788182964591625,25,20,20
7,8574,0.04005478832274871,0.03690807604103983,0.04379474086732696,0.8792423947688844,25,20,20
7,8575,0.040054788322751944,0.03690807604103983,0.04379927469898,0.8792378609372282,25,20,20
7,8576,0.04005478832275275,0.036908076041039906,0.043799311547657566,0.8792378240885499,25,20,20
7,8577,0.04005478831243742,0.03690807604103983,0.043532671443260854,0.8795044642032619,25,20,20
7,8578,0.04005179476379825,0.03690807604274555,0.043535664549313874,0.8795044646441424,25,20,20
7,8579,0.04005179476379747,0.03690807604274555,0.04353782229710013,0.8795023068963569,25,20,20
7,8580,0.04005179476379747,0.03690807604274555,0.043276191201317975,0.8797639379921391,25,20,20
7,8581,0.04005179476379747,0.03690807604274554,0.0432761878062524,0.8797639413872047,25,20,20
7,8582,0.040109624758867576,0.036908051529770745,0.043218384375206205,0.8797639393361554,25,20,20
7,8583,0.04010962475886433,0.036908051529770745,0.043213701047308505,0.8797686226640564,25,20,20
7,8584,0.04010962475886433,0.036908051529770745,0.04321362196941422,0.8797687017419507,25,20,20
7,8585,0.04010962475886433,0.03690805152977067,0.043213619956559396,0.8797687037548058,25,20,20
7,8586,0.04010962475886434,0.03690805152977067,0.04321366331478578,0.8797686603965793,25,20,20
7,8587,0.040109624758865134,0.03690805152977485,0.043582065648266,0.8794002580630941,25,20,20
7,8588,0.04010962475868035,0.03690805152977478,0.0434622278457445,0.8795200958658004,25,20,20
7,8589,0.03999352156199575,0.03690805149970836,0.04357833107373171,0.879520095864564,25,20,20
7,8590,0.03999352156199496,0.036908051499704116,0.04321183234737831,0.8798865945909224,25,20,20
7,8591,0.03999352157237627,0.03690805149971262,0.043211967544165314,0.8798864593837457,25,20,20
7,8592,0.039993521560160616,0.0382565563071747,0.041864395653191916,0.8798855264794725,25,20,20
7,8593,0.03999352156016343,0.03825655630717848,0.04652098245838879,0.875228939674269,25,20,20
7,8594,0.039993521560166626,0.038256556307182776,0.04652264493105335,0.8752272772015971,25,20,20
7,8595,0.039993521560167423,0.038256556307186995,0.04652913560177676,0.8752207865308687,25,20,20
7,8596,0.03999352156016747,0.03825655630718707,0.04653137407326505,0.8752185480593804,25,20,20
7,8597,0.039993521560167465,0.03825655630718707,0.04652917670957911,0.8752207454230663,25,20,20
7,8598,0.03999352225707525,0.039520607122330124,0.04526514216331739,0.875220728457277,25,20,20
7,8599,0.03999352225707526,0.039520607122330124,0.04526514284009044,0.8752207277805042,25,20,20
7,8600,0.03999352224669315,0.03952060712232155,0.045265006190401635,0.8752208644405836,25,20,20
7,8601,0.03999352224669635,0.039520607122330124,0.045271532100697585,0.8752143385302759,25,20,20
7,8602,0.039993522246697145,0.039520607122574644,0.0452763385740039,0.8752095320567242,25,20,20
7,8603,0.039993522246697145,0.039520607122574644,0.045276258910472586,0.8752096117202557,25,20,20
7,8604,0.03999352154978553,0.039977566492354406,0.0448193005506642,0.8752096114071959,25,20,20
7,8605,0.0399935215497827,0.03997756649235062,0.04016054983177773,0.8798683621260889,25,20,20
7,8606,0.039993521549785076,0.0399775664923506,0.04042668608087492,0.8796022258769893,25,20,20
7,8607,0.03999352154982741,0.0399775664923463,0.04042672421044572,0.8796021877473806,25,20,20
7,8608,0.03999352591639721,0.0010860541410717842,0.07931823219509149,0.8796021877474394,25,20,20
7,8609,0.03999352591639721,0.0010860541410717855,0.07931823559015706,0.8796021843523738,25,20,20
7,8610,0.0399935265080817,0.0010860541410761518,0.07932488647401821,0.8795955328768238,25,20,20
7,8611,0.03999352650789961,0.001086054141076077,0.07933129426597278,0.8795891250850514,25,20,20
7,8612,0.03999352650785409,0.001086054141071786,0.07932481292127691,0.8795956064297971,25,20,20
7,8613,0.03999352650785493,0.0010860541413148523,0.07959173766495073,0.8793286816858794,25,20,20
7,8614,0.039993526507854885,0.00108605414131056,0.07958513117142242,0.8793352881794121,25,20,20
7,8615,0.039993526507858077,0.0010860541413106354,0.07958983362790169,0.8793305857229297,25,20,20
7,8616,0.03999352650785893,0.0010860541413149263,0.07959445473755344,0.879325964613273,25,20,20
7,8617,0.039993526505269376,0.001086054141310571,0.0795021420197113,0.8794182773337088,25,20,20
7,8618,0.03999352650526618,0.0010860541413062795,0.0795005600122977,0.8794198593411298,25,20,20
7,8619,0.03999352649488527,0.0010860541413019156,0.07986891720629265,0.8790515021575201,25,20,20
7,8620,0.03999352649488527,0.0010860541413019158,0.07987552000666642,0.8790448993571464,25,20,20
7,8621,0.039993526505153906,0.0010860549272103208,0.08030512704051299,0.8786152915271229,25,20,20
7,8622,0.03999352650515073,0.0010860549272102469,0.08030045362112728,0.8786199649465118,25,20,20
7,8623,0.03999353248209374,0.0010860554906935514,0.09194522361026143,0.8669751884169514,25,20,20
7,8624,0.03999353248209658,0.0010860554906935423,0.09660212381051599,0.862318288216694,25,20,20
7,8625,0.03999353248209738,0.0010860554906936162,0.09660212607947581,0.8623182859477333,25,20,20
7,8626,0.03999353248209733,0.0010860554906936175,0.09660864776517031,0.8623117642620387,25,20,20
7,8627,0.039993532482097326,0.0010860554906936147,0.09660853329352309,0.8623118787336859,25,20,20
7,8628,0.039993532482094155,0.0010860554906894282,0.09634880452894849,0.862571607498268,25,20,20
7,8629,0.039993532482094155,0.0010860554909340105,0.09635548053374983,0.8625649314932221,25,20,20
7,8630,0.03999353248209476,0.001086056065155104,0.10743702784749301,0.851483383605257,25,20,20
7,8631,0.03999353248209472,0.0010860560651508875,0.10744343619286063,0.8514769752598936,25,20,20
7,8632,0.039993532482094724,0.0010860560653953946,0.10744353647036839,0.8514768749821413,25,20,20
7,8633,0.03999353248213984,0.0010860560653954679,0.10781753523471807,0.8511028762177465,25,20,20
7,8634,0.03999148127855022,0.0010860560799646943,0.1078195864237616,0.8511028762177238,25,20,20
7,8635,0.03999148127855341,0.001086056079964768,0.1078130654889597,0.8511093971525225,25,20,20
7,8636,0.0399914812785534,0.001086056079720186,0.10780644149800186,0.851116021143725,25,20,20
7,8637,0.039991481268283974,0.0010860552935671858,0.10737208001837527,0.8515503834197741,25,20,20
7,8638,0.039991480676599474,0.0010860552935628195,0.10736546253865076,0.8515570014911876,25,20,20
7,8639,0.03999148067659869,0.0010860552935628195,0.10735897139368303,0.8515634926361559,25,20,20
7,8640,0.03999145404009344,0.001086764546712443,0.10735828876774559,0.8515634926454488,25,20,20
7,8641,0.03999145404009552,0.0010867645468744247,0.12132808249535444,0.8375936989176761,25,20,20
7,8642,0.03999145404009632,0.0010867645468787012,0.12145753668664629,0.8374642447263789,25,20,20
7,8643,0.039991454040095575,0.0010867645468744115,0.12145101265584629,0.8374707687571841,25,20,20
7,8644,0.03999145404014111,0.0010867645468743388,0.12145329788755711,0.8374684835254278,25,20,20
7,8645,0.039991454040095686,0.0010867645471174068,0.12171723092295679,0.8372045504898306,25,20,20
7,8646,0.03999146678959454,7.108118547272471e-07,0.12280326995298056,0.8372045524455709,25,20,20
7,8647,0.03999146678959454,7.108118547285896e-07,0.12280334961651171,0.8372044727820395,25,20,20
7,8648,0.039991460812650675,7.102483670589534e-07,0.11115395651498919,0.8488538724239936,25,20,20
7,8649,0.04004605257156272,7.3242399681644e-07,0.11108728780255557,0.8488659272018854,25,20,20
7,8650,0.04004605257156274,7.324239968177612e-07,0.11108721077456735,0.8488660042298736,25,20,20
7,8651,0.040046052571744824,7.324240011833671e-07,0.11108735420271426,0.8488658608015401,25,20,20
7,8652,0.040046052571744845,7.324240011846422e-07,0.11109384676987118,0.8488593682343832,25,20,20
7,8653,0.04004605316343136,7.324240054845498e-07,0.10644106487906063,0.853512149533503,25,20,20
7,8654,0.04004605316347918,7.324237667751662e-07,0.10626671026778504,0.8536865041449695,25,20,20
7,8655,0.040088918209683105,7.506530116343526e-07,0.1062247937574538,0.853685537379852,25,20,20
7,8656,0.040088918209500966,7.506530072687244e-07,0.10622464890270569,0.8536856822347865,25,20,20
7,8657,0.040088918209500966,7.506530073427185e-07,0.10621815845398162,0.8536921726835106,25,20,20
7,8658,0.040088918209500946,7.506530072674395e-07,0.10621155356504454,0.8536987775724478,25,20,20
7,8659,0.0400889182095009,7.506530072661418e-07,0.10620685066596086,0.8537034804715314,25,20,20
7,8660,0.04008891820954643,7.506530074167023e-07,0.10620708211015589,0.8537032490272907,25,20,20
7,8661,0.04008891820954648,7.506530117415753e-07,0.10658018333214724,0.8533301478052951,25,20,20
7,8662,0.04008891820954646,7.506530159577678e-07,0.10658169020091562,0.8533286409365225,25,20,20
7,8663,0.04008891820954646,7.50653015960408e-07,0.10658160750373977,0.8533287236336982,25,20,20
7,8664,0.07600896893304963,7.098448782548659e-07,0.07067268717362607,0.853317634048446,25,20,20
7,8665,0.07600896893305042,7.098448825450021e-07,0.07067434479466193,0.8533159764274051,25,20,20
7,8666,0.0760089689330503,7.098446395497758e-07,0.07040815372105659,0.8535821675012535,25,20,20
7,8667,0.07602723229500424,1.963914039766394e-05,0.07037096054931602,0.8535821680152819,25,20,20
7,8668,0.07602723229500351,1.9639140393447752e-05,0.0703694147926134,0.8535837137719895,25,20,20
7,8669,0.07602723229500351,1.963914039344773e-05,0.07036941409150482,0.8535837144730982,25,20,20
7,8670,0.07602723229500344,1.9639140389121558e-05,0.0699963108963948,0.8539568176682125,25,20,20
7,8671,0.07602723229500344,1.9639140384831397e-05,0.06999476851517533,0.8539583600494364,25,20,20
7,8672,0.07602723229495834,1.963914038475813e-05,0.0696207697405505,0.8543323588241063,25,20,20
7,8673,0.07602723229495831,1.9639140384755557e-05,0.06925231539552473,0.854700813169132,25,20,20
7,8674,0.0722822003391302,1.9639138679479968e-05,0.07299734779393649,0.8547008127282537,25,20,20
7,8675,0.07228219974744082,1.9639138675113716e-05,0.07299095259255249,0.8547072085213314,25,20,20
7,8676,0.07228219974744081,1.9639138675039747e-05,0.07299084012526799,0.854707320988616,25,20,20
7,8677,0.07228219974743762,1.963913867496448e-05,0.07299083716996883,0.8547073239439184,25,20,20
7,8678,0.07228219974743763,1.9639138679329572e-05,0.07299553932182919,0.8547026217920536,25,20,20
7,8679,0.07228219974743763,1.963913867932957e-05,0.07299553932182923,0.8547026217920538,25,20,20
7,8680,0.07228219974743763,1.963913867503973e-05,0.0729974399513841,0.8547007211625032,25,20,20
7,8681,0.07228219974743764,1.9639138675113703e-05,0.07299747429860956,0.8547006868152777,25,20,20
7,8682,0.0760255526697322,1.9639140406842646e-05,0.0692541209410556,0.8547006872488053,25,20,20
7,8683,0.076025552669733,1.963914041113362e-05,0.06926072747380493,0.8546940807160507,25,20,20
7,8684,0.07602555266968826,1.963914041523469e-05,0.06963359961054207,0.8543212085793545,25,20,20
7,8685,0.07602555266968826,1.9639140415236007e-05,0.06963368066147903,0.8543211275284175,25,20,20
7,8686,0.07602555266968626,1.963914025754549e-05,0.055668508425439064,0.8682862997646171,25,20,20
7,8687,0.07602555266968941,1.963914026176265e-05,0.055673070095476965,0.868281738094572,25,20,20
7,8688,0.07602555266968945,1.9639140261762697e-05,0.05567310553347383,0.868281702656575,25,20,20
7,8689,0.07602555266968865,1.9639140257484964e-05,0.05554357030134336,0.8684112378887106,25,20,20
7,8690,0.07602555266968863,1.9639140257483643e-05,0.0555435718962534,0.8684112362938005,25,20,20
7,8691,0.07602555266968863,1.963914025748414e-05,0.05553871455809335,0.8684160936319606,25,20,20
7,8692,0.07602555266968863,1.963914025748414e-05,0.055538795588813625,0.8684160126012404,25,20,20
7,8693,0.07602555266968801,1.963856579188244e-05,0.04445065909520185,0.8795041496693183,25,20,20
7,8694,0.07602555266968804,1.963856579617519e-05,0.04445228186270549,0.8795025269018103,25,20,20
7,8695,0.07602555266968804,1.963856579617519e-05,0.04445228186068041,0.8795025269038353,25,20,20
7,8696,0.07602555266968888,1.9638565796251787e-05,0.044447748631522364,0.8795070601329925,25,20,20
7,8697,0.07602555266968894,1.963856580051479e-05,0.044713971891649266,0.8792408368728613,25,20,20
7,8698,0.07602555266968894,1.9638565800513467e-05,0.04471389084071232,0.8792409179237984,25,20,20
7,8699,0.07602555266964027,1.9638565800447812e-05,0.04462590839851771,0.8793289003660418,25,20,20
7,8700,0.0760255526696402,1.963856579618474e-05,0.04435968311902133,0.8795951256455424,25,20,20
7,8701,0.0760255526698223,1.963856579626e-05,0.04436447943646441,0.8795903293279171,25,20,20
7,8702,0.07602555266998325,1.967858899578282e-05,0.049021306040161694,0.8749334627008594,25,20,20
7,8703,0.07602555266998325,1.9678588995784122e-05,0.04902592678237811,0.8749288419586432,25,20,20
7,8704,0.07602555266998323,1.9678588995708885e-05,0.04901932401326261,0.8749354447277586,25,20,20
7,8705,0.07602555267002875,1.9678589240376503e-05,0.04901945775733121,0.8749353109833998,25,20,20
7,8706,0.0760255526803423,1.9678603090672766e-05,0.04928679157162862,0.8746679771449386,25,20,20
7,8707,0.07602555268221839,1.967917755932817e-05,0.06037505014558585,0.863579717994637,25,20,20
7,8708,0.07603354751124394,1.9679175828135027e-05,0.060367055751821184,0.8635797175611073,25,20,20
7,8709,0.07603354751124389,1.9679175828132435e-05,0.060367052907412136,0.8635797204055161,25,20,20
7,8710,0.07603354751124707,1.9679175828135044e-05,0.06045935558855133,0.8634874177243739,25,20,20
7,8711,0.07603354751124707,1.9679175828135044e-05,0.060459274557831046,0.8634874987550941,25,20,20
7,8712,0.07603354751124787,1.9679176070477695e-05,0.06083239703170385,0.8631143762809782,25,20,20
7,8713,0.07603354751124787,1.967917607047642e-05,0.06083239700709476,0.8631143763055873,25,20,20
7,8714,0.07988330809759298,1.967917760791806e-05,0.05698263679492367,0.8631143759298756,25,20,20
7,8715,0.07988330809759298,1.9679177607916783e-05,0.05698258416740445,0.8631144285573947,25,20,20
7,8716,0.07988330809759298,1.9679177607840204e-05,0.05697606186982986,0.8631209508549692,25,20,20
7,8717,0.0798833081001752,1.9679191462780386e-05,0.05723040334830687,0.862866609360055,25,20,20
7,8718,0.07988330810022073,1.967919146285699e-05,0.05723476632502415,0.8628622463832921,25,20,20
7,8719,0.07988330810021987,1.96791914627804e-05,0.05723467711092813,0.8628623355973892,25,20,20
7,8720,0.040076453232115415,1.9679205277233684e-05,0.09704129788467815,0.862862569677929,25,20,20
7,8721,0.04007645323991413,1.967919166696243e-05,0.09679179159077368,0.863112075977645,25,20,20
7,8722,0.04007645323991398,1.9679191426569975e-05,0.09691648577675746,0.862987381791902,25,20,20
7,8723,0.040076453239868595,1.9679191422292194e-05,0.09678707250026436,0.8631167950684449,25,20,20
7,8724,0.040076453250248244,1.967919166691506e-05,0.09642067513963638,0.8634831924184486,25,20,20
7,8725,0.04007645325008816,1.963916846745387e-05,0.09188867283558844,0.8680152347458562,25,20,20
7,8726,0.04007645325008811,1.963916846316274e-05,0.09188396869817275,0.8680199388832761,25,20,20
7,8727,0.0400764532502703,1.963916846331332e-05,0.09188551213032324,0.8680183954509433,25,20,20
7,8728,0.04007645323988987,1.9639168214440145e-05,0.0918788863752701,0.8680250212166257,25,20,20
7,8729,0.040058376497515986,0.00037992874315179474,0.09153666428186455,0.8680250304774674,25,20,20
7,8730,0.07283423285455835,0.0003801669321082344,0.05876080346853255,0.8680247967448005,25,20,20
7,8731,0.07283423285455834,0.00038016693210394164,0.0587591799999204,0.8680264202134169,25,20,20
7,8732,0.07283423285268227,0.00038016635763957765,0.04767320100125818,0.8791123997884196,25,20,20
7,8733,0.07283426649769767,0.00038016635764393197,0.04777145731588135,0.8790141098287766,25,20,20
7,8734,0.07283426650801048,0.000380166357648195,0.04803857786526908,0.8787469892690719,25,20,20
7,8735,0.07283426650801293,0.0003801663576439814,0.04804156607832689,0.8787440010560159,25,20,20
7,8736,0.07283426650801378,0.0003801663578885535,0.04805006650319421,0.8787355006309033,25,20,20
7,8737,0.0728342665080522,0.0003801663578886181,0.054299937191275446,0.8724856299427838,25,20,20
7,8738,0.07283423286299129,0.0003801663578884782,0.0542038419259136,0.8725817588532065,25,20,20
7,8739,0.07283423286299134,0.00038016635788418857,0.05419731698532773,0.8725882837937968,25,20,20
7,8740,0.07283423286299213,0.00038016635788418987,0.05419731902273903,0.8725882817563844,25,20,20
7,8741,0.07283423285268252,0.000380166357884218,0.05393486544391643,0.8728507353455167,25,20,20
7,8742,0.07283423285268252,0.0003801663578842946,0.053941355763348256,0.8728442450260847,25,20,20
7,8743,0.07283423285250032,0.000380166357884144,0.05393973187606518,0.8728458689135503,25,20,20
7,8744,0.07283423285250032,0.0003801663578841441,0.053939618012649806,0.8728459827769656,25,20,20
7,8745,0.07283423285249718,0.00038016635788414276,0.05393961738904432,0.8728459834005742,25,20,20
7,8746,0.07283423285249638,0.0003801663578840688,0.05393961396104003,0.8728459868285792,25,20,20
7,8747,0.043591476674802516,0.00037992816157606885,0.08318260647205448,0.8728459886915664,25,20,20
7,8748,0.01654831878376613,0.0003799282792682626,0.11022408763947786,0.8728476652974875,25,20,20
7,8749,0.016548318783584013,0.0003799282792681873,0.11021937038965383,0.8728523825474938,25,20,20
7,8750,0.016548318783584013,0.0003799282792681873,0.11021929178656556,0.872852461150582,25,20,20
7,8751,0.016548318783584027,0.0003799282792724788,0.1102208718731151,0.8728508810640282,25,20,20
7,8752,0.016548318783584082,0.00037992827951699904,0.11022549812440734,0.8728462548124913,25,20,20
7,8753,0.016548318783584082,0.0003799282795169978,0.11022541903621721,0.8728463339006816,25,20,20
7,8754,0.01654831878358414,0.00037992827952126087,0.11049175171691447,0.8725800012199799,25,20,20
7,8755,0.016548318783584155,0.00037992827952133617,0.11049402940124756,0.8725777235356468,25,20,20
7,8756,0.01654831878358337,0.00037992827952127556,0.11037110745824723,0.8727006454786479,25,20,20
7,8757,0.016548318783544954,0.0003799282795212875,0.1041278409715327,0.878943911965401,25,20,20
7,8758,0.029509307792116215,0.00038040878517825677,0.08372763987813701,0.8863826435445686,25,20,20
7,8759,0.029509307792113734,0.0003804087853938888,0.08838175862478385,0.8817285247977086,25,20,20
7,8760,0.029509307792113786,0.00038040878563847414,0.08838836370328386,0.8817219197189639,25,20,20
7,8761,0.029509307792113786,0.0003804087856342863,0.08812365409629344,0.8819866293259584,25,20,20
7,8762,0.02950930779211379,0.0003804087856342863,0.08812373269938176,0.8819865507228702,25,20,20
7,8763,0.02950930779211385,0.000380408785634211,0.08811721042437659,0.8819930729978754,25,20,20
7,8764,0.029509307792113845,0.000380408785629921,0.08811497082055504,0.8819953126017013,25,20,20
7,8765,0.029509307792110674,0.0003804087856342562,0.08828900140713886,0.8818212820151164,25,20,20
7,8766,0.029516613689285806,6.574039380271662e-07,0.08866145641651929,0.8818212724902571,25,20,20
7,8767,0.029516613689285737,6.574039337356857e-07,0.0886597967508769,0.8818229321559039,25,20,20
7,8768,0.029516613689282503,6.574039336590821e-07,0.08866166635534205,0.8818210625514421,25,20,20
7,8769,0.029516613689282444,6.574039336590821e-07,0.0886616649043292,0.881821064002455,25,20,20
7,8770,0.029516613689283246,6.574039337343964e-07,0.08866170565288252,0.8818210232539008,25,20,20
7,8771,0.029516614280885,6.574178773291413e-07,0.08867398922465451,0.8818087390765835,25,20,20
7,8772,0.029516614280884985,6.574178773278438e-07,0.08866738279822835,0.8818153455030097,25,20,20
7,8773,0.029516614280884985,6.574178773278446e-07,0.088667303757046,0.881815424544192,25,20,20
7,8774,0.029516614280887393,6.574176350604532e-07,0.08829888479828105,0.8821838435031968,25,20,20
7,8775,0.029516614280887393,6.574176350604532e-07,0.08829899723570427,0.8821837310657736,25,20,20
7,8776,0.029516614280887393,6.574176350591331e-07,0.08829899723365829,0.8821837310678194,25,20,20
7,8777,0.029516614280887393,6.57417635134402e-07,0.08829911251017548,0.8821836157913022,25,20,20
7,8778,0.029516614280935417,6.574176598156579e-07,0.08364353524367772,0.8868391930577273,25,20,20
7,8779,0.029516614280936215,6.574176598922469e-07,0.08364365314329214,0.886839075158112,25,20,20
7,8780,0.029516614280933016,6.574176598169862e-07,0.0836389501936743,0.8868437781077332,25,20,20
7,8781,0.029516614280936146,6.574176591288946e-07,0.08376373193556955,0.8867189963658353,25,20,20
7,8782,0.029516614280939307,6.57431505160026e-07,0.08376484811216052,0.8867178801753952,25,20,20
7,8783,0.02951661428093934,6.574317115527636e-07,0.09001214924417672,0.8804705790431727,25,20,20
7,8784,0.029516614281121418,6.574317074110779e-07,0.09000570857801284,0.8804770197091588,25,20,20
7,8785,0.02951661428093929,6.574317072605394e-07,0.09000577332220486,0.880476954965149,25,20,20
7,8786,0.02951661428093934,6.574317071865915e-07,0.09000573996216785,0.8804769883251861,25,20,20
7,8787,0.029516614280938543,6.574317071865827e-07,0.09001032389562559,0.8804724043917291,25,20,20
7,8788,0.029516614280941687,6.574314668924597e-07,0.09000839453589153,0.8804743337517005,25,20,20
7,8789,0.05655302348468842,6.573137737938713e-07,0.06297366205574932,0.8804726571457884,25,20,20
7,8790,0.056553023484688485,6.57313773793894e-07,0.06297362933170346,0.8804726898698344,25,20,20
7,8791,0.05655302348468853,6.573137738691828e-07,0.06297525299109635,0.8804710662104415,25,20,20
7,8792,0.05655302348468853,6.573137738691818e-07,0.06298185575482779,0.8804644634467099,25,20,20
7,8793,0.05655302289308677,6.572998303483849e-07,0.06296964807360887,0.8804766717334742,25,20,20
7,8794,0.05655302289308674,6.572998261325418e-07,0.06296722371208606,0.8804790960950011,25,20,20
7,8795,0.05655302289312894,6.57313480640284e-07,0.06296732298215883,0.8804789968112317,25,20,20
7,8796,0.05655302289313052,6.573134806415917e-07,0.06336533182157324,0.8800809879718158,25,20,20
7,8797,0.05655302289312967,6.5731323606825e-07,0.06335675092135729,0.880089568872277,25,20,20
7,8798,0.0565530228931328,6.573132445757825e-07,0.06335743538893496,0.8800888844046877,25,20,20
7,8799,0.05655302288300325,6.572993942803077e-07,0.06338070003768499,0.8800656197799175,25,20,20
7,8800,0.056553022883004046,6.572993942790066e-07,0.06338260524705863,0.880063714570543,25,20,20
7,8801,0.056889518153057594,0.0004623070601663251,0.06254581988322004,0.8801023549035557,25,20,20
7,8802,0.05688782703647915,0.0004618265517189381,0.06998672457641945,0.8726636218353819,25,20,20
7,8803,0.05688782703643376,0.00046182653782052296,0.0698618049352055,0.8727885414905397,25,20,20
7,8804,0.056887827036433726,0.00046182655162939644,0.07023128208862542,0.8724190643233111,25,20,20
7,8805,0.05688782703624974,0.0004618265516293957,0.06994068359045787,0.8727096628216625,25,20,20
7,8806,0.05688782703624894,0.0004618265516293191,0.06994056176655596,0.8727097846455655,25,20,20
7,8807,0.05688782703883574,0.0004618273437265862,0.07007561043842052,0.872574735179017,25,20,20
7,8808,0.0568878270388808,0.0004618273437308365,0.07044864832413716,0.872201697293251,25,20,20
7,8809,0.05688782703887768,0.00046182732988475866,0.07018590301723891,0.8724644426139985,25,20,20
7,8810,0.056887827041170874,0.00046182733010460294,0.07484545136131764,0.8678048942674067,25,20,20
7,8811,0.05688782704117007,0.00046182733010460304,0.07483896018089815,0.8678113854478271,25,20,20
7,8812,0.0568878270412886,0.0004618273393374824,0.08880925615390325,0.853841089465471,25,20,20
7,8813,0.05688782740415987,0.0004618545240573867,0.10397185837580564,0.8386784596959774,25,20,20
7,8814,0.05688782740415988,0.0004618545240573128,0.10397185898568853,0.8386784590860945,25,20,20
7,8815,0.05688782740415993,0.00046185452406152864,0.10397644726107788,0.8386738708107009,25,20,20
7,8816,0.05688782740416313,0.000461854524061605,0.10406874113896947,0.8385815769328062,25,20,20
7,8817,0.05688782740187,0.0004618545238416881,0.0994090803526849,0.8432412377216038,25,20,20
7,8818,0.05654383034386795,2.824689967508222e-05,0.10022532562716811,0.843202597129289,25,20,20
7,8819,0.05654383033348703,2.8246899430411982e-05,0.10022071900443487,0.8432072037626479,25,20,20
7,8820,0.056543830333487824,2.824689967347555e-05,0.10048775677482404,0.8429401659920149,25,20,20
7,8821,0.05654383092039148,2.8247687904107364e-05,0.10081600830222953,0.842611913089475,25,20,20
7,8822,0.056543830920390635,2.8247687661116464e-05,0.10054904885380443,0.8428788725381439,25,20,20
7,8823,0.05654383092057217,2.8247687665467927e-05,0.10067846781649609,0.8427494535752664,25,20,20
7,8824,0.056543830920527116,2.8247687661217617e-05,0.10057169633773853,0.8428562250540733,25,20,20
7,8825,0.05654383092052706,2.824768765700307e-05,0.10056927033770516,0.8428586510541111,25,20,20
7,8826,0.05654383092052706,2.8247687656927805e-05,0.10057359697380891,0.8428543244180073,25,20,20
7,8827,0.05654383092040853,2.824767842404838e-05,0.08660341349725671,0.8568245079039112,25,20,20
7,8828,0.05654383092040702,2.8247678424048343e-05,0.08621010756702327,0.8572178138341457,25,20,20
7,8829,0.0565438309204078,2.8247678424049644e-05,0.08621023741758906,0.8572176839835791,25,20,20
7,8830,0.05654383092041105,2.8247678424052263e-05,0.08621471036023048,0.8572132110409345,25,20,20
7,8831,0.05667179931194202,2.4415387275821073e-07,0.08611472779470525,0.85721322873948,25,20,20
7,8832,0.05667179931194208,2.44153877049831e-07,0.08611475627237772,0.8572132002618033,25,20,20
7,8833,0.0566717993119421,2.441536748732899e-07,0.07986679833134334,0.8634611582030396,25,20,20
7,8834,0.05667179931194131,2.4415367487199184e-07,0.07986018017904667,0.8634677763553371,25,20,20
7,8835,0.05667179931194126,2.4415367487249816e-07,0.07985567329802666,0.863472283236357,25,20,20
7,8836,0.05667179931193801,2.4415367487117716e-07,0.07985108421866942,0.8634768723157176,25,20,20
7,8837,0.056671799311937957,2.4415367057826e-07,0.07985094200722795,0.8634770145271634,25,20,20
7,8838,0.0566717993119411,2.441536706529816e-07,0.07985592507226019,0.8634720314621279,25,20,20
7,8839,0.056671799311941135,2.4415391516123536e-07,0.07986035033825942,0.8634676061958841,25,20,20
7,8840,0.056671798946483116,2.1619094872905132e-07,0.06482886015162909,0.8784991247109388,25,20,20
7,8841,0.05667179894648307,2.161909487277304e-07,0.06482877823514895,0.8784992066274191,25,20,20
7,8842,0.05667179894648307,2.1619094872900497e-07,0.06482877950715264,0.8784992053554155,25,20,20
7,8843,0.05667179894648626,2.161911933116639e-07,0.06482880829945288,0.8784991765628672,25,20,20
7,8844,0.056671798949081545,2.1619143790663408e-07,0.06483353011164512,0.8784944547478353,25,20,20
7,8845,0.05667179894907915,2.1619143369022617e-07,0.06483592616272588,0.878492058696761,25,20,20
7,8846,0.0566717983621755,2.154032072747596e-07,0.06450624822038853,0.8788217380142284,25,20,20
7,8847,0.0566717983621755,2.1540320720036294e-07,0.06450631970613037,0.8788216665284867,25,20,20
7,8848,0.0566717983621755,2.15403207274357e-07,0.06450634676652191,0.8788216394680951,25,20,20
7,8849,0.05667179836212683,2.1540296274389727e-07,0.06450314032751639,0.8788248459073938,25,20,20
7,8850,0.056671798362130765,2.1541690204924384e-07,0.06424911371410312,0.8790788725068639,25,20,20
7,8851,0.05667179836213076,2.154168977589268e-07,0.06424899750864439,0.8790789887123269,25,20,20
7,8852,0.05667179836213081,2.1541689783289832e-07,0.06424903767643242,0.8790789485445387,25,20,20
7,8853,0.056671798362127664,2.1541665324940278e-07,0.0642423616592266,0.8790856245619924,25,20,20
7,8854,0.05667179836213081,2.154166533241844e-07,0.06437180102535073,0.8789561851958649,25,20,20
7,8855,0.05667179836213077,2.1541665761529194e-07,0.06437647613789897,0.8789515100833124,25,20,20
7,8856,0.056671798362127615,2.1540284445196384e-07,0.06400229679099591,0.8793256894440319,25,20,20
7,8857,0.05667179836212755,2.1540284437671817e-07,0.06400225805141592,0.879325728183612,25,20,20
7,8858,0.05667179836212754,2.1540284445066693e-07,0.06400225744186405,0.8793257287931638,25,20,20
7,8859,0.05667179836212747,2.1538899371150778e-07,0.06373586674881987,0.8795921195000587,25,20,20
7,8860,0.056671798362127414,2.15388989419871e-07,0.06373566950435877,0.8795923167445241,25,20,20
7,8861,0.05667179837250784,2.1538874491290765e-07,0.06373569397564748,0.8795922922630995,25,20,20
7,8862,0.054677144936784494,2.3507061170764906e-07,0.06573014334625957,0.879592476646344,25,20,20
7,8863,0.054677144926404006,2.3507061163239127e-07,0.06572341583053314,0.879599204172451,25,20,20
7,8864,0.054677144926586124,2.3507061170897205e-07,0.0657282141557057,0.8795944058470963,25,20,20
7,8865,0.054677144926582925,2.3507061163547524e-07,0.06560529649132288,0.8797173235114824,25,20,20
7,8866,0.054677144926582946,2.3507085621767427e-07,0.06560539675973168,0.8797172232428287,25,20,20
7,8867,0.05467714492640088,2.3507085629130655e-07,0.06569289274192103,0.8796297272608214,25,20,20
7,8868,0.05455961426529566,0.0007990586645829252,0.06501161750140019,0.8796297095687206,25,20,20
7,8869,0.054559614265295674,0.0007990586648259222,0.06527796942257173,0.8793633576473061,25,20,20
7,8870,0.0545596142627004,0.0007990586645814758,0.06540265522688869,0.8792386718458289,25,20,20
7,8871,0.0545596142627004,0.000799058664581476,0.06540265522688939,0.8792386718458283,25,20,20
7,8872,0.0545596142627004,0.0007990586645814745,0.06540265323953343,0.8792386738331842,25,20,20
7,8873,0.0545596142627004,0.0007990586645813993,0.06539608704731177,0.879245240025406,25,20,20
7,8874,0.05455961426288254,0.0007990586645815499,0.06539623149332158,0.8792450955792139,25,20,20
7,8875,0.05455961426288254,0.0007990586645815512,0.06539627401555785,0.8792450530569776,25,20,20
7,8876,0.05455961426270105,0.000799058664577201,0.06526674200117012,0.8793745850715511,25,20,20
7,8877,0.05455961426270105,0.000799058664577201,0.06526674198883765,0.8793745850838836,25,20,20
7,8878,0.05455961426270099,0.0007990586645771985,0.0652667411606798,0.8793745859120414,25,20,20
7,8879,0.054559614262697814,0.0007990586645729828,0.06526175820716858,0.8793795688655601,25,20,20
7,8880,0.054559614262697814,0.0007990586645729839,0.06526183669046187,0.8793794903822668,25,20,20
7,8881,0.07698922060443927,0.0007990586656640131,0.04283213483178543,0.8793795858981109,25,20,20
7,8882,0.0769892206042572,0.0007990586656639379,0.04283207346446825,0.8793796472656102,25,20,20
7,8883,0.07698922060425797,0.0007990586656638639,0.04283056779394953,0.8793811529361283,25,20,20
7,8884,0.07698922060425797,0.0007990586656637898,0.04283045393947589,0.879381266790602,25,20,20
7,8885,0.04016946481775919,0.0007990399074728669,0.07965024603883669,0.8793812492359308,25,20,20
7,8886,0.040169464817759196,0.0007990399074770839,0.07965486843449195,0.8793766268402714,25,20,20
7,8887,0.040169464817759175,0.0007990399074727913,0.07965024676353288,0.8793812485112348,25,20,20
7,8888,0.040169464817762374,0.0007990399074727932,0.0796457403554094,0.8793857549193551,25,20,20
7,8889,0.04016946481794012,0.0007990399077157126,0.0798197986759493,0.8792116965983944,25,20,20
7,8890,0.04016946481794012,0.0007990399077157139,0.0798151762672252,0.8792163190071185,25,20,20
7,8891,0.04016946481794012,0.0007990399077156405,0.07968793382283824,0.8793435614515055,25,20,20
7,8892,0.04016946481794014,0.0007990399077157897,0.07969226100800786,0.8793392342663356,25,20,20
7,8893,0.0401694648179402,0.0007990399079603832,0.07969709449628157,0.8793344007778174,25,20,20
7,8894,0.04016946481812233,0.0007990399077159502,0.0796905391722638,0.8793409561018976,25,20,20
7,8895,0.040169464818118346,0.0007990399077116573,0.07969048449331878,0.8793410107808508,25,20,20
7,8896,0.04016946481811833,0.0007990399077115095,0.07968604687913533,0.8793454483950345,25,20,20
7,8897,0.040169464818118346,0.000799039907711512,0.07968596841818652,0.8793455268559833,25,20,20
7,8898,0.04016946481811836,0.0007990399077115134,0.07968600242328391,0.8793454928508858,25,20,20
7,8899,0.040169464818117555,0.0007990399077157278,0.07969249101646049,0.8793390042577057,25,20,20
7,8900,0.040169464818117555,0.0007990399077157275,0.07969249356513973,0.8793390017090266,25,20,20
7,8901,0.04016946481811762,0.0007990399077200172,0.07969901896404924,0.8793324763101128,25,20,20
7,8902,0.0401694648181176,0.0007990399077200911,0.0796989855459904,0.8793325097281717,25,20,20
7,8903,0.04016946481816273,0.0007990399077242688,0.08007253614633343,0.8789589591277795,25,20,20
7,8904,0.0401694648181176,0.0007990399077200911,0.07969907237451301,0.8793324228996492,25,20,20
7,8905,0.040169464817935464,0.0007990399077199432,0.07969895169192101,0.8793325435824235,25,20,20
7,8906,0.04016946481793626,0.00079903990772431,0.0797005766799195,0.8793309185944199,25,20,20
7,8907,0.04016946481793626,0.0007990399077243114,0.07970052463985593,0.8793309706344836,25,20,20
7,8908,0.04016946481793624,0.000799039907724236,0.07970038154887261,0.879331113725467,25,20,20
7,8909,0.0401694648179363,0.0007990399077200216,0.0797003803987294,0.8793311148756144,25,20,20
7,8910,0.040169464817939475,0.0007990399077200964,0.07996671885867893,0.8790647764156617,25,20,20
7,8911,0.04016946481794261,0.000799039907720095,0.07996481704123287,0.8790666782331047,25,20,20
7,8912,0.04016946481794261,0.0007990399077200199,0.07996469979187043,0.8790667954824671,25,20,20
7,8913,0.04016946482669894,0.0007990399196863629,0.0862286315234903,0.8728028637301251,25,20,20
7,8914,0.04016946482669495,0.0007990399057470575,0.08621642645618122,0.8728150688113775,25,20,20
7,8915,0.02012065153078972,0.0007990398994738942,0.10626533598961563,0.8728149725801212,25,20,20
7,8916,0.05843787962310547,0.0007990389757999274,0.06794827564852096,0.8728148057525736,25,20,20
7,8917,0.05843787962310545,0.0007990389757999249,0.06794827164265736,0.8728148097584374,25,20,20
7,8918,0.05842744187876977,1.4419550226116626e-05,0.06874332881901121,0.8728148097519928,25,20,20
7,8919,0.058427441878589635,1.4419549987413234e-05,0.06848358200070791,0.8730745565707149,25,20,20
7,8920,0.05842744187858966,1.4419550231164978e-05,0.06834751892102753,0.8732106196501515,25,20,20
7,8921,0.05842744187858966,1.4419550231091164e-05,0.0683460906272076,0.8732120479439714,25,20,20
7,8922,0.05842744187858961,1.4419550231089866e-05,0.06834138772812401,0.873216750843055,25,20,20
7,8923,0.05842744187877171,1.441955023108987e-05,0.06834138942035697,0.8732167491506398,25,20,20
7,8924,0.05842744187877491,1.441955023116648e-05,0.06834147531309398,0.8732166632578996,25,20,20
7,8925,0.058427441878774945,1.441955023116631e-05,0.06843148998399796,0.8731266485869956,25,20,20
7,8926,0.058427441878592896,1.4419550231138232e-05,0.06869311742263086,0.8728650211485448,25,20,20
7,8927,0.058891832208512455,1.4419907097033787e-05,0.06822872667665777,0.8728650212077325,25,20,20
7,8928,0.058891832208512476,1.4419907097033753e-05,0.0682352484266157,0.8728584994577744,25,20,20
7,8929,0.05889183220851253,1.4419907341647674e-05,0.06823698547078476,0.8728567624133607,25,20,20
7,8930,0.0794733826683008,1.44199134840196e-05,0.04765543498897463,0.8728567624292404,25,20,20
7,8931,0.07947338272415924,0.0007922923410010752,0.04687756250549081,0.8728567624293485,25,20,20
7,8932,0.0794733827241569,0.0007922923412433385,0.04725127490456729,0.8724830500300321,25,20,20
7,8933,0.07947338272415684,0.0007922923412391227,0.047244751477231076,0.8724895734573727,25,20,20
7,8934,0.07947338272415684,0.0007922923412391253,0.047244863856070046,0.8724894610785338,25,20,20
7,8935,0.07947338272415444,0.0007922923409953,0.047114628473939046,0.872619696460911,25,20,20
7,8936,0.07947338272415438,0.0007922923409952251,0.04702236318828265,0.8727119617465675,25,20,20
7,8937,0.07947338272415436,0.0007922923407522295,0.046760712503047405,0.8729736124320457,25,20,20
7,8938,0.07947338271539803,0.0007922923287859618,0.04050330446046628,0.8792310204953493,25,20,20
7,8939,0.07947338271558016,0.0007922923290305613,0.0405070972486204,0.8792272277067684,25,20,20
7,8940,0.07947338271558016,0.0007922923290306377,0.0405137020130075,0.8792206229423813,25,20,20
7,8941,0.07947338271558019,0.0007922923290307117,0.04051378842459848,0.8792205365307901,25,20,20
7,8942,0.07947338271558335,0.0007922923290307115,0.04060608709987405,0.8791282378555114,25,20,20
7,8943,0.07947338271576548,0.0007922923290350779,0.04061062895087937,0.8791236960043196,25,20,20
7,8944,0.07947338271576544,0.0007922923287904843,0.04060590859298118,0.8791284163624623,25,20,20
7,8945,0.07947338271576546,0.0007922923287947746,0.04060599069967228,0.879128334255767,25,20,20
7,8946,0.07947340330619711,0.020540869350364657,0.020857393087680837,0.879128334255757,25,20,20
7,8947,0.07947340330619633,0.020540869350369025,0.02085897525170082,0.8791267520917334,25,20,20
7,8948,0.07947338265963343,0.03876124752440425,0.0026386177189404434,0.8791267520970216,25,20,20
7,8949,0.07947338265945128,0.03876124752439988,0.002634078451232393,0.8791312913649162,25,20,20
7,8950,0.07947338265945128,0.03876124752439988,0.002634051421752604,0.879131318394396,25,20,20
7,8951,0.07947338266979974,0.03876124752440844,0.0027639310748186524,0.879001438730973,25,20,20
7,8952,0.07947338266980214,0.03876124752440422,0.002757409624499322,0.8790079601812945,25,20,20
7,8953,0.07947338266996823,0.03876124757519921,0.04020100624622678,0.8415643635086053,25,20,20
7,8954,0.07947338266996583,0.038761247575199144,0.04019638265786262,0.8415689870969721,25,20,20
7,8955,0.07947338266996579,0.03876124757519914,0.04019632861267384,0.8415690411421609,25,20,20
7,8956,0.07947338266996581,0.03876124757519921,0.04020091400295943,0.8415644557518753,25,20,20
7,8957,0.07947338268034577,0.03876124757544371,0.04020289072546976,0.8415624790187405,25,20,20
7,8958,0.07947338268034577,0.038761247575443636,0.040202808936165436,0.8415625608080451,25,20,20
7,8959,0.07947338268034576,0.03876124757544356,0.04020269419036694,0.8415626755538436,25,20,20
7,8960,0.07947338268034503,0.038761247575443636,0.04020423780375098,0.8415611319404603,25,20,20
7,8961,0.07947338268034503,0.038761247575443636,0.040204275099301884,0.8415610946449094,25,20,20
7,8962,0.07947338268034497,0.038761247575201295,0.03983052016607484,0.8419348495783788,25,20,20
7,8963,0.07993510277852084,0.038761247575385537,0.039368800095647145,0.8419348495504465,25,20,20
7,8964,0.0799351027785209,0.03876124757538117,0.039368797417930756,0.8419348522281672,25,20,20
7,8965,0.07993510277076754,0.03876124757537691,0.03924553464511209,0.8420581150087435,25,20,20
7,8966,0.07993510277076676,0.03876124757537691,0.03925194385871833,0.8420517057951379,25,20,20
7,8967,0.07993510277076994,0.0387612475753727,0.039245448899688874,0.8420582007541684,25,20,20
7,8968,0.0799351027810827,0.03876124757537696,0.03950795512030058,0.8417956945232398,25,20,20
7,8969,0.07996804552406972,0.03876124721850915,0.03947501279440369,0.8417956944630173,25,20,20
7,8970,0.07996804552406973,0.03876124721851344,0.03938290738285189,0.841887799874565,25,20,20
7,8971,0.07996804552406972,0.038761247218509154,0.03938279121340442,0.8418879160440167,25,20,20
7,8972,0.07996804552406972,0.038761247218509154,0.03938279309562419,0.841887914161797,25,20,20
7,8973,0.07996804552388759,0.038761247218268846,0.0393790826138847,0.841891624643959,25,20,20
7,8974,0.07996804552129247,0.03876124721826455,0.039372437273940686,0.8418982699865023,25,20,20
7,8975,0.07996804552129241,0.03876124721826455,0.0393708967773925,0.8418998104830503,25,20,20
7,8976,0.07996804552147455,0.03876124721826455,0.03936440362642268,0.841906303633838,25,20,20
7,8977,0.07996804552147455,0.03876124721826455,0.03936445764659238,0.8419062496136683,25,20,20
7,8978,0.07996804552306196,0.038761275766237266,0.041920826525274665,0.8393498521854253,25,20,20
7,8979,0.08000306618233471,0.03876126158510964,0.04188582121214237,0.8393498510204127,25,20,20
7,8980,0.07612720924219145,0.03876126633984595,0.04576165111251946,0.8393498733054426,25,20,20
7,8981,0.0761272092423926,0.038761266340065874,0.05042100527654902,0.834690519140992,25,20,20
7,8982,0.0761272092423926,0.038761266339821264,0.050424065930630625,0.8346874584871549,25,20,20
7,8983,0.07612720924239254,0.03876126633982111,0.05033177359638096,0.8347797508214047,25,20,20
7,8984,0.07612720924239257,0.03876126635367148,0.050594424756679295,0.834517099647256,25,20,20
7,8985,0.07612720923207975,0.03876126635366715,0.050327219146261856,0.8347843052679906,25,20,20
7,8986,0.07612720923208294,0.03876126635366707,0.05032721927646502,0.8347843051377843,25,20,20
7,8987,0.07612720923208288,0.03876126635366715,0.050330299651983317,0.834781224762266,25,20,20
7,8988,0.076127209232083,0.039389361653595384,0.049702204357441604,0.8347812247568794,25,20,20
7,8989,0.05817715494621886,0.03939063819362318,0.06765092864360754,0.8347812782165501,25,20,20
7,8990,0.05817715494621566,0.03939063819362318,0.0676509600002368,0.8347812468599239,25,20,20
7,8991,0.058177154946227085,0.03999261300048103,0.06704898518780987,0.8347812468654817,25,20,20
7,8992,0.08607996954147447,0.03999280836131159,0.03914501018751015,0.8347822119097036,25,20,20
7,8993,0.08585995504341627,0.03999261316129901,0.039358470944883185,0.8347889608504012,25,20,20
7,8994,0.08585995504341307,0.03999261316129901,0.0393584688119435,0.834788962983344,25,20,20
7,8995,0.05832031041096266,0.03999287846733743,0.06683083593846445,0.8348559751832353,25,20,20
7,8996,0.0583203104107615,0.039992878467117576,0.06217614503528566,0.839510666086835,25,20,20
7,8997,0.0583203104107615,0.03999287846711329,0.062175950350032136,0.8395108607720929,25,20,20
7,8998,0.05832031041076143,0.039992878453262916,0.061908500905797165,0.8397783102301785,25,20,20
7,8999,0.05814213540591502,0.039992604584803026,0.06206851550625483,0.8397967445030268,25,20,20
7,9000,0.05814213540591582,0.039992604584807315,0.062068579382184685,0.8397966806270919,25,20,20
7,9001,0.05814213540591582,0.03999260458480724,0.06206388010789012,0.8398013799013866,25,20,20
7,9002,0.05814213540591502,0.03999260458480724,0.06206391921198842,0.8398013407972891,25,20,20
7,9003,0.058142135405914216,0.03999260458480295,0.062063888754686006,0.8398013712545966,25,20,20
7,9004,0.058142135405914216,0.039992604584803026,0.06206858861464598,0.8397966713946365,25,20,20
7,9005,0.05814213540591433,0.039992604584803026,0.062073244906306904,0.8397920151029754,25,20,20
7,9006,0.058142135405915125,0.03999260458480296,0.06207544212207283,0.8397898178872089,25,20,20
7,9007,0.05814213540591598,0.03999260458504701,0.062161134014964856,0.839704125994072,25,20,20
7,9008,0.05814213541447268,0.03999260459653811,0.06919679173652202,0.832668468252467,25,20,20
7,9009,0.05860366519922058,0.039992601929633644,0.06587313434109626,0.8355305985300491,25,20,20
7,9010,0.0586036651992658,0.03999260192987664,0.06613974049480884,0.8352639923760482,25,20,20
7,9011,0.05860366519926585,0.03999260192987671,0.06614136147148975,0.8352623713993674,25,20,20
7,9012,0.058603665199269066,0.03999260193012121,0.06614431804970523,0.8352594148209042,25,20,20
7,9013,0.058603673605594125,0.039992601930129774,0.0662703596092899,0.835133364854986,25,20,20
7,9014,0.05860367360563954,0.03999260193013835,0.06627037825354724,0.8351333462106746,25,20,20
7,9015,0.058603673605636404,0.03999260193013835,0.06627038216423481,0.83513334229999,25,20,20
7,9016,0.0586036736056364,0.03999260193013835,0.06627030178993251,0.8351334226742925,25,20,20
7,9017,0.05535414130416818,0.03999283470077014,0.06951847199878756,0.8351345519962737,25,20,20
7,9018,0.05535414129561149,0.03999283468927904,0.06248281369138756,0.8421702103237214,25,20,20
7,9019,0.05535414129561222,0.039992834689279146,0.062216641643513926,0.8424363823715941,25,20,20
7,9020,0.05535413288928723,0.03999283470308375,0.062464666934281425,0.8421883654733471,25,20,20
7,9021,0.055354132889284084,0.03999283470307947,0.06246455216664397,0.8421884802409919,25,20,20
7,9022,0.055354132889284015,0.0399928346892663,0.06209048528160504,0.842562547139844,25,20,20
7,9023,0.05535413288928396,0.039992834689266225,0.06208886313355214,0.842564169287897,25,20,20
7,9024,0.05535413288928477,0.0399928346892663,0.0622183927986199,0.8424346396228285,25,20,20
7,9025,0.05535413288923923,0.03999283468925772,0.06221375125691735,0.8424392811645851,25,20,20
7,9026,0.026045809684335848,0.03999259716389212,0.09152346359352213,0.8424381295582494,25,20,20
7,9027,0.026045809684153706,0.039992597163892044,0.09152335055334689,0.8424382425986068,25,20,20
7,9028,0.026045809684198992,0.03999259716413511,0.09178537074977328,0.8421762224018923,25,20,20
7,9029,0.0260458096841958,0.03999259716389054,0.09177782881024071,0.8421837643416726,25,20,20
7,9030,0.026045809686787137,0.03999259716413447,0.09189165724156284,0.8420699359075152,25,20,20
7,9031,0.026045809686787137,0.03999259716413454,0.09189177110613493,0.8420698220429432,25,20,20
7,9032,0.026045809686741906,0.03999259716389147,0.09162505051224201,0.8423365426371244,25,20,20
7,9033,0.026045809686696616,0.039992597163648405,0.09135832906978165,0.8426032640798731,25,20,20
7,9034,0.02604580968669656,0.039992597163648475,0.09135836242985823,0.8426032307197964,25,20,20
7,9035,0.026045810185612934,0.03999259717540747,0.09763537832907782,0.8363262143099013,25,20,20
7,9036,0.02248959032679942,0.03999259719319678,0.10119159573256574,0.836326216747438,25,20,20
7,9037,0.02248959032679942,0.03999259719319678,0.10119159911735612,0.8363262133626477,25,20,20
7,9038,0.022489590914984422,0.039992597207055655,0.1014347529045175,0.8360830589734424,25,20,20
7,9039,0.022489590914984436,0.03999259720705573,0.10143466946794383,0.8360831424100161,25,20,20
7,9040,0.02248959091498445,0.03999259720705573,0.10143478394224459,0.8360830279357152,25,20,20
7,9041,0.029418548695513535,0.03999260071723645,0.09450579145932839,0.836083059127921,25,20,20
7,9042,0.02941854869551359,0.03999260071723637,0.09450567901729937,0.8360831715699502,25,20,20
7,9043,0.029418548695513545,0.03999260071723637,0.0945057920690571,0.8360830585181924,25,20,20
7,9044,0.029418548695517518,0.03999260071724484,0.09463529063223597,0.8359535599550011,25,20,20
7,9045,0.02941854868513835,0.03999260071700042,0.09462679423775676,0.835962056360104,25,20,20
7,9046,0.02941854868513835,0.03999260071700035,0.09462209437779685,0.835966756220064,25,20,20
7,9047,0.029418548685137606,0.0399926007170002,0.09462671277014822,0.8359621378277136,25,20,20
7,9048,0.028957245267273227,0.03999260272795832,0.09331062342756656,0.8377395285772016,25,20,20
7,9049,0.028957245267272426,0.03999260272795395,0.09331046518844048,0.8377396868163328,25,20,20
7,9050,0.028957245269866858,0.03999260272820284,0.09331302276499795,0.8377371292369321,25,20,20
7,9051,0.028957245269912394,0.03999260272820291,0.09331464720618086,0.8377355047957036,25,20,20
7,9052,0.02895724541737742,0.039992602728202986,0.09344469117670988,0.8376054606777091,25,20,20
7,9053,0.028506639727088997,0.0399913373515725,0.09389358300534024,0.8376084399159981,25,20,20
7,9054,0.02850663922817576,0.0399913373398178,0.08762305886173738,0.8438789645702692,25,20,20
7,9055,0.02850663922817576,0.03999133733981788,0.08762308718410193,0.8438789362479046,25,20,20
7,9056,0.02850663922817178,0.039991337339809314,0.08749355817361851,0.8440084652584006,25,20,20
7,9057,0.028506639228171045,0.03999133734005382,0.08737073216325536,0.8441312912685196,25,20,20
7,9058,0.028506639238519167,0.039991338132237104,0.08750177775152292,0.8440002448777207,25,20,20
7,9059,0.028506639238518313,0.039991338131992966,0.08740948167992987,0.8440925409495587,25,20,20
7,9060,0.02850663923871354,0.03872865885134856,0.08867216096055458,0.8440925409493832,25,20,20
7,9061,0.02850663922836544,0.03872865805932453,0.10251087354886533,0.8302538291634444,25,20,20
7,9062,0.028506639228362246,0.03872865805932016,0.10250426692370812,0.8302604357886092,25,20,20
7,9063,0.028506639228362208,0.038728658059160925,0.08853450674493912,0.8442301959675376,25,20,20
7,9064,0.028506639228362208,0.038728658059160925,0.0885346182330208,0.8442300844794559,25,20,20
7,9065,0.028506639228362208,0.038728658059160925,0.08853462033162807,0.8442300823808487,25,20,20
7,9066,0.028506639225766975,0.03872865805891204,0.08852989893234386,0.8442348037829771,25,20,20
7,9067,0.028506639225766996,0.038728658058912194,0.08853152191679106,0.8442331807985297,25,20,20
7,9068,0.028506639225766996,0.038728658058912194,0.08853160038443077,0.84423310233089,25,20,20
7,9069,0.028506639225767065,0.03872865805891647,0.08866113291310293,0.8441035698022133,25,20,20
7,9070,0.02850663922576708,0.03872865805891647,0.08866786555337582,0.8440968371619405,25,20,20
7,9071,0.022108121068856817,0.038728658438303004,0.09494752477248726,0.8442156957203533,25,20,20
7,9072,0.022108121066265533,0.03872865843805915,0.09483369827105437,0.8443295222246209,25,20,20
7,9073,0.02210812106626555,0.03872865843805923,0.09484018860529898,0.8443230318903763,25,20,20
7,9074,0.02210812106644767,0.03872865843806352,0.09484489301330237,0.8443183274821864,25,20,20
7,9075,0.022108121066447613,0.03872865843806352,0.09484027057946964,0.8443229499160191,25,20,20
7,9076,0.022108121066629755,0.038728658438063675,0.09484031996015832,0.8443229005351482,25,20,20
7,9077,0.0221081210666298,0.03872865843822291,0.10881011355934823,0.8303531069357989,25,20,20
7,9078,0.022108121066632992,0.03872865843822728,0.10881239406782633,0.8303508264273133,25,20,20
7,9079,0.02212285616070835,0.03872865307817106,0.11353031703970697,0.8256181737214143,25,20,20
7,9080,0.022122856160708346,0.03872865307817106,0.11353037107014707,0.8256181196909742,25,20,20
7,9081,0.022122856160708356,0.03872865307801182,0.09956519990503834,0.8395832908562414,25,20,20
7,9082,0.04563632973346672,0.03872865307810716,0.07605169924901857,0.8395833179394074,25,20,20
7,9083,0.045636329733648846,0.03872865307810724,0.07604523889100356,0.8395897782972402,25,20,20
7,9084,0.06209905834574039,0.038728653077977904,0.05958256736814663,0.839589721208135,25,20,20
7,9085,0.06209905834574037,0.03872865307797798,0.059575915808435013,0.8395963727678465,25,20,20
7,9086,0.06209905834574037,0.03872865307797369,0.059573719219671875,0.8395985693566139,25,20,20
7,9087,0.07889438671097088,0.038728642947885354,0.042781337343265086,0.8395956329978783,25,20,20
7,9088,0.07889438671097089,0.03872864294788964,0.042786038922104044,0.8395909314190348,25,20,20
7,9089,0.07889438671097089,0.03872864294788964,0.04278603893220172,0.8395909314089371,25,20,20
7,9090,0.07889438671097725,0.039946082012117974,0.04156859987325353,0.8395909314036507,25,20,20
7,9091,0.07889438671079829,0.03994608201212211,0.04156865269704313,0.839590878580036,25,20,20
7,9092,0.0788943867107951,0.039946082012122075,0.04194155931804395,0.8392179719590384,25,20,20
7,9093,0.07889438656333007,0.039946082012122,0.041811513460966045,0.8393480179635813,25,20,20
7,9094,0.07889438656332688,0.039946082012122,0.04181154481759149,0.8393479866069591,25,20,20
7,9095,0.07889438656332687,0.039946082012122,0.04181154278071393,0.8393479886438368,25,20,20
7,9096,0.07889438656332765,0.03994608201212193,0.041939443679861486,0.8392200877446888,25,20,20
7,9097,0.07889438656332765,0.03994608201212193,0.04193941039378728,0.8392201210307628,25,20,20
7,9098,0.0788943865633277,0.03994608201212193,0.04193944322700168,0.8392200881975482,25,20,20
7,9099,0.0788943865633277,0.039946082012122,0.04194596694045181,0.839213564484098,25,20,20
7,9100,0.0788943865633277,0.03994608201212814,0.05300376673485816,0.8281557646896858,25,20,20
7,9101,0.07889438656337627,0.03994608201237212,0.0530967680661232,0.8280627633581281,25,20,20
7,9102,0.07889438656337548,0.03994608201237205,0.05296727262377665,0.8281922588004755,25,20,20
7,9103,0.07889438656337554,0.03994608201237205,0.052967275468401465,0.8281922559558506,25,20,20
7,9104,0.07889438656337554,0.03994608201237205,0.052967275468578975,0.828192255955673,25,20,20
7,9105,0.07890290098798151,0.03994608201237205,0.05295876104397297,0.8281922559556731,25,20,20
7,9106,0.07890290098798153,0.03994608201237205,0.052958687151387,0.828192329848259,25,20,20
7,9107,0.07890290098779947,0.03994608201236784,0.05295406438418332,0.8281969526156491,25,20,20
7,9108,0.07890290098779945,0.03994608201236356,0.05282456965368595,0.8283264473461509,25,20,20
7,9109,0.07890290039961444,0.039946081998504766,0.052587904984815206,0.8285631126170655,25,20,20
7,9110,0.07837124181209786,0.03994608097338995,0.05069358422962554,0.8309890929848861,25,20,20
7,9111,0.07837124181214308,0.0399460809733984,0.050959841263704196,0.8307228359507538,25,20,20
7,9112,0.07837124181214314,0.039946080973398475,0.05096454254005883,0.8307181346743991,25,20,20
7,9113,0.07837124181209452,0.03994608097315721,0.06484132545624025,0.8168413517585074,25,20,20
7,9114,0.07837124181227546,0.039946080987001364,0.05405085924872905,0.8276318179519936,25,20,20
7,9115,0.07837124181227545,0.039946080987001295,0.054050819287018166,0.8276318579137044,25,20,20
7,9116,0.0783712418122755,0.03994608098700558,0.054050825870217284,0.8276318513305014,25,20,20
7,9117,0.07837124181232097,0.039946081000944815,0.0540630315225636,0.8276196456641703,25,20,20
7,9118,0.07837124181232091,0.039946081000944815,0.05405836962008384,0.8276243075666503,25,20,20
7,9119,0.07837124181232091,0.039946081000944815,0.05405825715831862,0.8276244200284155,25,20,20
7,9120,0.07837124181232093,0.03994608100094474,0.05405833367051285,0.8276243435162214,25,20,20
7,9121,0.07837124181489924,0.039946081014534535,0.05436495496219184,0.8273177222083742,25,20,20
7,9122,0.07837124181468623,0.03996812276781275,0.054342913203667874,0.8273177222138329,25,20,20
7,9123,0.07837124181468626,0.039968122767808575,0.05397641411689244,0.8276842213006126,25,20,20
7,9124,0.0783712418172734,0.03996812276781286,0.054105950796111434,0.8275546846188021,25,20,20
7,9125,0.07837124181727419,0.03996812276781293,0.0541124861602373,0.8275481492546755,25,20,20
7,9126,0.07837124181469586,0.03996812275398284,0.05380386396386373,0.8278567714674574,25,20,20
7,9127,0.07837145037767562,0.03996811995885929,0.05627291143129876,0.825387518232166,25,20,20
7,9128,0.07837145037767558,0.03996811995885921,0.05627298292214553,0.8253874467413194,25,20,20
7,9129,0.07837145037767558,0.039968119958855,0.05627297775644762,0.8253874519070216,25,20,20
7,9130,0.07837145037767633,0.03996811995885508,0.056270556049790074,0.8253898736136782,25,20,20
7,9131,0.07837145038021136,0.03996811995876187,0.05653815603543597,0.8251222736255904,25,20,20
7,9132,0.06166996221893083,0.03996813033769427,0.07323973011054337,0.8251221773328311,25,20,20
7,9133,0.061669962218750686,0.039968130323848196,0.07297247794148375,0.825389429515917,25,20,20
7,9134,0.06166996221616674,0.039968130324087824,0.07297246314411089,0.8253894443156341,25,20,20
7,9135,0.06166996221616672,0.039968130324087824,0.07297230859061835,0.8253895988691268,25,20,20
7,9136,0.061669962213589356,0.03996813031024173,0.07269709056558811,0.8256648169105805,25,20,20
7,9137,0.06166996221358936,0.0399681303102418,0.07269720445518205,0.8256647030209865,25,20,20
7,9138,0.06166996221354419,0.03996813031023328,0.07243086778724975,0.8259310396889724,25,20,20
7,9139,0.061669962213499456,0.03996813031023757,0.07243399705270467,0.825927910423558,25,20,20
7,9140,0.0616699622134994,0.039968130310237646,0.07244059839725127,0.8259213090790114,25,20,20
7,9141,0.06166975145742153,0.03998770758144851,0.07249685119463578,0.8258456897664936,25,20,20
7,9142,0.06166975145742473,0.039987707581445715,0.058537185002112545,0.8398053559590166,25,20,20
7,9143,0.06166975145742552,0.039987707581688785,0.058803536929206056,0.839539004031679,25,20,20
7,9144,0.06166975145742873,0.039987707581933374,0.05881024198372886,0.8395322989769085,25,20,20
7,9145,0.061669751457427945,0.03998770758169459,0.058550495964420135,0.8397920449964568,25,20,20
7,9146,0.061669751457427945,0.03998770758169459,0.058550495964574345,0.8397920449963026,25,20,20
7,9147,0.06027914754195283,0.03998770823197102,0.059941099121056364,0.8397920451050195,25,20,20
7,9148,0.06027914754195205,0.03998770823196666,0.05993638607791334,0.8397967581481676,25,20,20
7,9149,0.06027914754194886,0.039987708231970946,0.05992632786709723,0.8398068163589827,25,20,20
7,9150,0.060279147541948845,0.039987708231970946,0.05992628721370087,0.839806857012379,25,20,20
7,9151,0.06027914754194572,0.039987708231727044,0.059796766802737183,0.8399363774235897,25,20,20
7,9152,0.060279147541944925,0.03998770823172643,0.06604615075752346,0.8336869934688049,25,20,20
7,9153,0.04483526720045635,0.03998770779565948,0.08148997541966618,0.8336870495842186,25,20,20
7,9154,0.04483526720045953,0.03998770779565519,0.08148353274486377,0.8336934922590221,25,20,20
7,9155,0.06219973435258505,0.039987696383257776,0.06411907702452552,0.8336934922396314,25,20,20
7,9156,0.06219973494181655,0.03998769639714123,0.06428500601816463,0.8335275626428773,25,20,20
7,9157,0.062199734941634416,0.03998769639714108,0.0642849566374759,0.8335276120237484,25,20,20
7,9158,0.06219973956756454,0.039968465676091684,0.06430253007169846,0.8335292646846448,25,20,20
7,9159,0.0626620662316134,0.03996846567660514,0.06384010592139769,0.8335293621703833,25,20,20
7,9160,0.06266206623161347,0.03996846567660936,0.06383524467684606,0.8335342234149308,25,20,20
7,9161,0.06266206623161345,0.03996846567660507,0.06383510433734359,0.8335343637544375,25,20,20
7,9162,0.0626620662316134,0.03996846567660499,0.06383498845027819,0.8335344796415031,25,20,20
7,9163,0.06266206623161578,0.039968465676609284,0.06383931319556133,0.8335301548962132,25,20,20
7,9164,0.06266206623161578,0.039968465676609284,0.06383934032419317,0.8335301277675814,25,20,20
7,9165,0.06266206623161978,0.03996846569054859,0.063851661852725,0.8335178062251062,25,20,20
7,9166,0.06266206623161975,0.03996846569054866,0.06385390115624758,0.8335155669215837,25,20,20
7,9167,0.06266206623161655,0.03996846569054866,0.06385373792326526,0.8335157301545693,25,20,20
7,9168,0.06266206623161653,0.03996846569054437,0.06384911625246116,0.8335203518253776,25,20,20
7,9169,0.06266206623161659,0.03996846569054084,0.05760181469731007,0.8397676533805322,25,20,20
7,9170,0.06266206623161975,0.03996846569078543,0.057606646773296195,0.8397628213042982,25,20,20
7,9171,0.06266206623161975,0.03996846569078543,0.05797962304704215,0.8393898450305523,25,20,20
7,9172,0.06266206623165271,0.039968465700877275,0.06903804228971674,0.8283314257777529,25,20,20
7,9173,0.06266206564242126,0.03996846568699382,0.06886556379164681,0.8285039048789378,25,20,20
7,9174,0.06266206564242126,0.039968465686993894,0.06886567906816402,0.8285037896024205,25,20,20
7,9175,0.0626620610979057,0.03996847440885199,0.06886729783682093,0.8285021666564208,25,20,20
7,9176,0.06266206109790252,0.03996847440885207,0.06886267810410347,0.8285067863891413,25,20,20
7,9177,0.0626620610979025,0.039968474408852,0.06885615438593894,0.828513310107306,25,20,20
7,9178,0.06266206109789853,0.03996847439491284,0.06885043832616193,0.8285190261810261,25,20,20
7,9179,0.06266206109786637,0.039968474384825294,0.05779218733641508,0.8395772771808926,25,20,20
7,9180,0.06266206109786955,0.039968474384825224,0.05778994896140836,0.8395795155558962,25,20,20
7,9181,0.06266206109791506,0.03996847438482944,0.05741913859772477,0.83995032591953,25,20,20
7,9182,0.0626620610978696,0.03996847438482944,0.05741702690623101,0.8399524376110692,25,20,20
7,9183,0.06266206109786644,0.039968474384584854,0.05741048563513593,0.8399589788824122,25,20,20
7,9184,0.06266206109786655,0.039968474384584854,0.05741364760953239,0.8399558169080157,25,20,20
7,9185,0.06266206109804803,0.03996847438458898,0.057541257732153496,0.8398282067852091,25,20,20
7,9186,0.06266206109804803,0.03996847438458898,0.05754612070572646,0.8398233438116363,25,20,20
7,9187,0.06266206109804803,0.03996847438458899,0.05754608534465827,0.8398233791727044,25,20,20
7,9188,0.07948817529446899,0.03996847417037955,0.040720027586568106,0.8398233229485832,25,20,20
7,9189,0.07948817529451117,0.03996847418401841,0.04088772644099729,0.839655624080473,25,20,20
7,9190,0.07948817529450802,0.03996847418401833,0.04088131716181396,0.8396620333596596,25,20,20
7,9191,0.07948817529450797,0.039968474184014044,0.040881121890465125,0.8396622286310128,25,20,20
7,9192,0.07948817529450797,0.03996847418401404,0.040881041380409024,0.8396623091410689,25,20,20
7,9193,0.07948817529472109,0.039967930962243735,0.040881584601966316,0.8396623091410688,25,20,20
7,9194,0.07948817529467575,0.039967930948360354,0.040709133330030525,0.8398347604269333,25,20,20
7,9195,0.07948817529467499,0.039967930948360354,0.04070259738121502,0.8398412963757496,25,20,20
7,9196,0.07948817529467495,0.039967930948360354,0.04070487208645126,0.8398390216705135,25,20,20
7,9197,0.07948817529467482,0.03996793094836036,0.040701742104552165,0.8398421516524127,25,20,20
7,9198,0.07948817529467476,0.039967930948356226,0.04083106694594751,0.8397128268110216,25,20,20
7,9199,0.07948817529726186,0.039967930948356226,0.04096102329849843,0.8395828704558835,25,20,20
7,9200,0.07948817529725866,0.039967930948356295,0.04096109775981553,0.8395827959945694,25,20,20
7,9201,0.07948817529725866,0.039967930948356226,0.04095449496854073,0.8395893987858442,25,20,20
7,9202,0.07948817529725867,0.03996793094835615,0.04096098611844968,0.8395829076359352,25,20,20
7,9203,0.07948817529725867,0.039967930948356226,0.04096095471281339,0.8395829390415714,25,20,20
7,9204,0.07948817529725861,0.039967930948356226,0.040960954687774394,0.8395829390666105,25,20,20
7,9205,0.0794881752972618,0.039967930948356226,0.040962577113939976,0.8395813166404418,25,20,20
7,9206,0.07948817529726183,0.03996793094860005,0.04109209825484768,0.83945179549929,25,20,20
7,9207,0.07948817529726818,0.03996793094860005,0.04138273152362189,0.8391611622305095,25,20,20
7,9208,0.07948817529726812,0.03996793094859998,0.04138283922082734,0.8391610545333044,25,20,20
7,9209,0.07948817529731357,0.039967930948599906,0.04139676271264697,0.8391471310414392,25,20,20
7,9210,0.07948817529731676,0.03996793094859983,0.041390241739194644,0.8391536520148887,25,20,20
7,9211,0.07948817529731678,0.039967930948599906,0.04137638030019864,0.8391675134538845,25,20,20
7,9212,0.07948817529736203,0.039967930948842996,0.041628072119161016,0.8389158216346339,25,20,20
7,9213,0.0794881752973589,0.039967930948842996,0.04162810350104125,0.8389157902527568,25,20,20
7,9214,0.07948817529735887,0.03996793094884284,0.04149869585992303,0.8390451978938751,25,20,20
7,9215,0.07948817529735881,0.039967930948838555,0.04149399172250735,0.8390499020312951,25,20,20
7,9216,0.07948817529735877,0.03996793094883863,0.041493910992753236,0.8390499827610491,25,20,20
7,9217,0.07948817529735877,0.03996793094883863,0.04149163486000897,0.8390522588937935,25,20,20
7,9218,0.07948817529731357,0.03996793094884012,0.04124664610982642,0.8392972476440198,25,20,20
7,9219,0.07948817529731357,0.03996793094884013,0.04124668607116547,0.839297207682681,25,20,20
7,9220,0.07948817529731358,0.039967930948840207,0.041251304890985996,0.8392925888628604,25,20,20
7,9221,0.07948817529731443,0.039967930948844405,0.0413761325964085,0.8391677611574327,25,20,20
7,9222,0.07948817529731757,0.03996793094860412,0.04136962482410378,0.8391742689299747,25,20,20
7,9223,0.07948817529731443,0.03996793094860419,0.04136812296592578,0.8391757707881556,25,20,20
7,9224,0.07948817529731443,0.03996793094860412,0.04136812157328694,0.8391757721807945,25,20,20
7,9225,0.07948817529735991,0.039967930948844516,0.04136387817742903,0.8391800155763666,25,20,20
7,9226,0.07948817529735991,0.03996793094884444,0.04136376432313216,0.8391801294306636,25,20,20
7,9227,0.07948817529735991,0.03996793094884444,0.04136368161566058,0.8391802121381352,25,20,20
7,9228,0.07948817529735361,0.039967930948844516,0.041073083148307356,0.8394708106054947,25,20,20
7,9229,0.07948817529739918,0.039967930948609266,0.04095113836230203,0.8395927553916895,25,20,20
7,9230,0.07948817529740237,0.03996793094860934,0.04095110842274396,0.8395927853312444,25,20,20
7,9231,0.07948817529965893,0.03996793165354602,0.04546519152149939,0.8350787015252956,25,20,20
7,9232,0.07948817529965574,0.039967931653545945,0.045465109690323253,0.835078783356475,25,20,20
7,9233,0.07948817530996799,0.03996793244297306,0.04573466192403743,0.8348092303230215,25,20,20
7,9234,0.07948817530975133,0.039968485283528615,0.045734109083698425,0.8348092303230216,25,20,20
7,9235,0.07948817530957296,0.03996848528352434,0.04560438310024865,0.8349389563066539,25,20,20
7,9236,0.07948817837760068,0.03998181257676427,0.04559106203196135,0.834938947013673,25,20,20
7,9237,0.07948817837760075,0.03998181257676434,0.04559110517673519,0.834938903868899,25,20,20
7,9238,0.0794881783776008,0.03998181257676442,0.045584619308198945,0.8349453897374353,25,20,20
7,9239,0.04315858898449352,0.03998183555725826,0.08155229478359295,0.8353072806746566,25,20,20
7,9240,0.04315858898444878,0.039981835557262466,0.08164445768046777,0.8352151177778221,25,20,20
7,9241,0.04315858898444877,0.039981835557262466,0.08164599810981352,0.8352135773484765,25,20,20
7,9242,0.04315858898214663,0.03998183485231728,0.07712595752862964,0.8397336186369059,25,20,20
7,9243,0.043158588982278416,0.03998183485249428,0.0881838875215775,0.8286756886436512,25,20,20
7,9244,0.04315858898214668,0.03998183485231728,0.0771260650484052,0.8397335111171302,25,20,20
7,9245,0.04315858897960512,0.03998183485232157,0.07699622421598279,0.83986335195209,25,20,20
7,9246,0.04315858957133555,0.039981834852566185,0.0769074887209451,0.8399520868551528,25,20,20
7,9247,0.04315858897960432,0.039981834852317294,0.07690391865982658,0.8399556575082514,25,20,20
7,9248,0.043158588979603466,0.039981834852312936,0.07677439046831568,0.8400851856997675,25,20,20
7,9249,0.04315858897960033,0.039981834852312936,0.0767742550995528,0.8400853210685336,25,20,20
7,9250,0.04315858897960191,0.039981834852312936,0.07714817479063038,0.8397114013774547,25,20,20
7,9251,0.04315858897960197,0.03998183485231301,0.07715478013327827,0.8397047960348067,25,20,20
7,9252,0.043158588979559626,0.0399818348523088,0.07715469816074426,0.8397048780073872,25,20,20
7,9253,0.043158588979559626,0.0399818348523088,0.07715920508263521,0.8397003710854963,25,20,20
7,9254,0.043158588979559626,0.039981834852308724,0.07715920311460614,0.8397003730535255,25,20,20
7,9255,0.043158588979559626,0.03998183485231301,0.07715931927299288,0.8397002568951345,25,20,20
7,9256,0.04315858956704928,0.039981834852312985,0.07744939691343737,0.8394101786672004,25,20,20
7,9257,0.04315858956704928,0.039981834852312985,0.077449509185164,0.8394100663954738,25,20,20
7,9258,0.04007753295023929,0.0399818123657665,0.08088482583254333,0.8390558288514514,25,20,20
7,9259,0.04007753295462455,0.014189321650427123,0.10667731014648871,0.8390558352484601,25,20,20
7,9260,0.04007753295462449,0.01418932165042712,0.10668189609227964,0.839051249302669,25,20,20
7,9261,0.04007753295462769,0.014189321650431413,0.10668209138875465,0.8390510540061865,25,20,20
7,9262,0.04007753295462769,0.014189321650431413,0.10668209201110368,0.8390510533838377,25,20,20
7,9263,0.040077532954627654,0.014189321650431488,0.10668858792577557,0.8390445574691657,25,20,20
7,9264,0.04007753295462759,0.014189321650431413,0.10668846877965406,0.8390446766152873,25,20,20
7,9265,0.04007753295462759,0.014189321650431337,0.10668376895431138,0.8390493764406302,25,20,20
7,9266,0.040077532954624455,0.014189321650675778,0.10668848713541015,0.83904465825929,25,20,20
7,9267,0.04007753295457892,0.014189321650431169,0.10668840218545338,0.8390447432095368,25,20,20
7,9268,0.040077532954578964,0.014189321650431096,0.1066818792452263,0.839051266149764,25,20,20
7,9269,0.040077532954757904,0.014189321650426879,0.10667882719573685,0.8390543181990787,25,20,20
7,9270,0.040077532954757904,0.014189321650426951,0.10667894104127656,0.8390542043535387,25,20,20
7,9271,0.040077532965139634,0.0141893216504271,0.10668065221030008,0.8390524931741333,25,20,20
7,9272,0.040077532965139585,0.014189321650427102,0.1066872285338807,0.839045916850553,25,20,20
7,9273,0.04007753296513886,0.014189321650427179,0.10631553468045524,0.839417610703979,25,20,20
7,9274,0.04007753296532094,0.014189321650427252,0.10631558462079108,0.839417560763461,25,20,20
7,9275,0.040077532965366,0.014189321650669516,0.10668708382875451,0.8390460615552102,25,20,20
7,9276,0.0400775329609957,0.04000538754959053,0.0808710243367653,0.8390460551526489,25,20,20
7,9277,0.04007753296081358,0.04000538754959045,0.08086948714247194,0.8390475923471244,25,20,20
7,9278,0.040077532960812776,0.040005387549586165,0.08086940630932261,0.8390476731802786,25,20,20
7,9279,0.040077532960809584,0.04000538754958195,0.08086932490176167,0.8390477545878469,25,20,20
7,9280,0.039993339661513964,0.04000557806889952,0.08096106261221143,0.8390400196573751,25,20,20
7,9281,0.039993339074024366,0.040005578068895334,0.08067087080642839,0.8393302120506521,25,20,20
7,9282,0.03951199159817571,0.04000557807530706,0.08115221824531443,0.8393302120812026,25,20,20
7,9283,2.4582393700538945e-06,0.04000565878499521,0.12066166411536386,0.8393302188602715,25,20,20
7,9284,2.4582402137540297e-06,0.03957727923092081,0.12109004366850161,0.8393302188603645,25,20,20
7,9285,2.4582428092819326e-06,0.039577279230925105,0.12109016527906148,0.8393300972472049,25,20,20
7,9286,2.4582428092819326e-06,0.039577279230925105,0.12109019808743432,0.8393300644388322,25,20,20
7,9287,2.458242809282157e-06,0.039577279230929394,0.12109039285923057,0.8393298696670314,25,20,20
7,9288,2.458232497029735e-06,0.03957727844150229,0.12082072757779809,0.8395995357482032,25,20,20
7,9289,2.4582324970985786e-06,0.03957727844150658,0.1208224690880357,0.8395977942379611,25,20,20
7,9290,2.4582324970432716e-06,0.039577278441506505,0.12082243041127219,0.8395978329147248,25,20,20
7,9291,2.458232500224615e-06,0.03957727844150651,0.12082401967372698,0.8395962436522667,25,20,20
7,9292,2.458232500224856e-06,0.03957727844150651,0.1208305102386036,0.8395897530873901,25,20,20
7,9293,2.4582325002386195e-06,0.039577278441510724,0.1208305443109966,0.8395897190149927,25,20,20
7,9294,2.4582325002381185e-06,0.03957727844151065,0.12082838060820125,0.839591882717788,25,20,20
7,9295,4.3249476456911286e-07,0.054250530387125274,0.10615717026168614,0.8395918668564235,25,20,20
7,9296,4.298334683373813e-07,0.05424535780947806,0.10384966734785715,0.8419045450091963,25,20,20
7,9297,4.298308728085336e-07,0.054245357809473704,0.10384943057631721,0.841904781783336,25,20,20
7,9298,4.298308760162259e-07,0.05424535780971828,0.10385665068664914,0.8418975616727564,25,20,20
7,9299,4.298308728208501e-07,0.05424535780971828,0.10385494706218493,0.8418992652972238,25,20,20
7,9300,1.8560464551066162e-09,0.054245277093618365,0.10385546256271798,0.8418992584876176,25,20,20
7,9301,1.8456647225871684e-09,0.05424527709361822,0.10385374939624013,0.8419009716644773,25,20,20
7,9302,2.9206940054905295e-05,0.054245277093636676,0.10382454019178441,0.8419009757745242,25,20,20
7,9303,2.920694005483621e-05,0.05424527709363246,0.10382940143617912,0.8418961145301337,25,20,20
7,9304,2.9206940236570772e-05,0.05424527709387652,0.10391555692635518,0.841809959039532,25,20,20
7,9305,2.9206940418712244e-05,0.054245277093872384,0.10391552550972527,0.8418099904559838,25,20,20
7,9306,1.0524179013936703e-08,0.054245277093853926,0.10394472589416237,0.841809986487805,25,20,20
7,9307,1.0523996941300884e-08,0.05424527709385806,0.10394931373297571,0.8418053986491695,25,20,20
7,9308,1.052399699639584e-08,0.05424527709385806,0.1039493143997068,0.8418053979824386,25,20,20
7,9309,1.0523814853696e-08,0.05424527709385792,0.1039491491579915,0.8418055632243362,25,20,20
7,9310,1.0523633118884649e-08,0.05424527709361387,0.1038565011257905,0.841898211256963,25,20,20
7,9311,1.0523633119143214e-08,0.05424527709361387,0.10385001149040947,0.8419047008923439,25,20,20
7,9312,1.0523632264497951e-08,0.0542452770936138,0.10384781904697311,0.8419068933357812,25,20,20
7,9313,1.0523632262531568e-08,0.05424527709361373,0.10384619760129853,0.8419085147814558,25,20,20
7,9314,1.0523633062291462e-08,0.05424527709361802,0.10385090116673672,0.8419038112160124,25,20,20
7,9315,1.0523633131401762e-08,0.054245277093622236,0.1038444393272387,0.8419102730555064,25,20,20
7,9316,1.0681512865675442e-08,0.05424527709363078,0.10395364229355726,0.8418010699312994,25,20,20
7,9317,1.0681513590440108e-08,0.054245277094020015,0.11213053405005668,0.83362417817441,25,20,20
7,9318,1.0681512879686356e-08,0.05424527709363085,0.10395375760519468,0.8418009546196619,25,20,20
7,9319,9.64641939853547e-09,0.07954941277786633,0.07864962307232064,0.8418009545033933,25,20,20
7,9320,9.64646473052948e-09,0.0795494127778706,0.07877966100111589,0.8416709165745486,25,20,20
7,9321,9.646713988529786e-09,0.040377536183834925,0.1179515375885198,0.8416709165809312,25,20,20
7,9322,9.646713988766826e-09,0.040377536183834925,0.11795142572686179,0.841671028442589,25,20,20
7,9323,9.646714787598573e-09,0.040377536183834925,0.11795145606411256,0.8416709981053375,25,20,20
7,9324,9.646711690536603e-09,0.04037753618359042,0.11803642368719912,0.8415860304824986,25,20,20
7,9325,1.1513004259284619e-06,0.03957796158364414,0.11883434426846722,0.8415865428474625,25,20,20
7,9326,1.1513004259284657e-06,0.03957796158364844,0.1188344590109784,0.841586428104947,25,20,20
7,9327,1.1513006084365044e-06,0.03957796159755901,0.11892933115545569,0.8414915559463766,25,20,20
7,9328,1.037721290644251e-08,0.03957183414289578,0.11547501352905586,0.844953141950835,25,20,20
7,9329,1.0377167836770807e-08,0.039571834142656595,0.12615980640943067,0.8342683490707445,25,20,20
7,9330,1.0376985341963626e-08,0.039571834128750295,0.12619437393786173,0.8342337815564023,25,20,20
7,9331,1.0376985299678785e-08,0.039571834128505776,0.1261896215308496,0.8342385339636587,25,20,20
7,9332,1.0376984500825774e-08,0.039571834128505776,0.12618967154348953,0.8342384839510197,25,20,20
7,9333,1.037698451433236e-08,0.03957183412850585,0.126189672302708,0.8342384831918013,25,20,20
7,9334,1.0377014090406624e-08,0.03957183413757947,0.1401598543227618,0.8202683011626444,25,20,20
7,9335,1.0377014104190942e-08,0.03957183413758376,0.14016645823293536,0.8202616972524664,25,20,20
7,9336,1.0377014104453774e-08,0.03957183413758376,0.1401664609071564,0.8202616945782455,25,20,20
7,9337,1.0377059567572816e-08,0.039571834137583764,0.14016407409263493,0.8202640813927218,25,20,20
7,9338,5.193574939884297e-07,0.03956366627322514,0.1424844029449747,0.817951411424307,25,20,20
7,9339,5.193574939744437e-07,0.03956366627322086,0.14235499527481818,0.818080819094468,25,20,20
7,9340,5.193574947738873e-07,0.03956366627346544,0.14236169764318526,0.8180741167258556,25,20,20
7,9341,5.193574939751467e-07,0.03956366627322086,0.1423549945980515,0.8180808197712346,25,20,20
7,9342,5.193574940304663e-07,0.03956366627322086,0.14235499995475012,0.8180808144145361,25,20,20
7,9343,5.193576747773979e-07,0.039563666287057486,0.14266154789697358,0.8177742664582952,25,20,20
7,9344,5.193578564315516e-07,0.03956366628705327,0.14275373527481391,0.8176820790802773,25,20,20
7,9345,5.193578979307107e-07,0.0395637075232435,0.14634414579458369,0.8140916273242758,25,20,20
7,9346,5.193578683125906e-07,0.039563707514169814,0.1323738518933281,0.8280619212346346,25,20,20
7,9347,5.193576875526274e-07,0.03956370750033312,0.13206726912912983,0.8283685040128503,25,20,20
7,9348,9.889796572133166e-09,0.04012809307372558,0.1315034213836797,0.8283684756527989,25,20,20
7,9349,9.731919233075032e-09,0.0401280930737171,0.1313961207898858,0.8284757764044787,25,20,20
7,9350,5.2242890122619e-07,0.040128093936071065,0.13139537301910165,0.8284760106159272,25,20,20
7,9351,5.224289012264145e-07,0.040128093936071065,0.13139537305380908,0.8284760105812197,25,20,20
7,9352,5.224289012264188e-07,0.04012809393607114,0.1313954541100282,0.8284759295250005,25,20,20
7,9353,0.039594144216603164,0.03956336624225953,0.09236656027093822,0.8284759292701996,25,20,20
7,9354,0.039594144808287546,0.03956336624250833,0.09237321706506187,0.8284692718841429,25,20,20
7,9355,0.03959414480828753,0.03956336624250825,0.09237310167695836,0.8284693872722464,25,20,20
7,9356,0.03959414480824604,0.039563325006318095,0.08878265974129772,0.8320598704441388,25,20,20
7,9357,0.03959414480824923,0.03956332500632239,0.08878285500315165,0.832059675182277,25,20,20
7,9358,0.039594144808250034,0.039563325006322383,0.088796780487393,0.8320457496980349,25,20,20
7,9359,0.0395941448082045,0.03956332500631809,0.08879441422138584,0.8320481159640919,25,20,20
7,9360,0.03959414480820769,0.039563325006318165,0.08879441765143824,0.8320481125340362,25,20,20
7,9361,0.03959414480820769,0.039563325006318095,0.08879444903264223,0.8320480811528322,25,20,20
7,9362,0.039594144808207686,0.03956332500631802,0.08879436795138064,0.8320481622340941,25,20,20
7,9363,0.03959414480838982,0.03956332500632231,0.08879593570204569,0.8320465944832425,25,20,20
7,9364,0.039594144808208095,0.03956332500632223,0.08870371983419371,0.8321388103512762,25,20,20
7,9365,0.03959414480837411,0.03956332500722468,0.12614075723203882,0.7947017729523626,25,20,20
7,9366,0.039594144808377287,0.03956332500722047,0.12613423524396528,0.7947082949404372,25,20,20
7,9367,0.03959414480837416,0.03956332500721611,0.1261323311370736,0.7947101990473362,25,20,20
7,9368,0.03959414480837097,0.039563325007216106,0.12613452689930288,0.7947080032851102,25,20,20
7,9369,0.039623334991941796,0.0395633241448623,0.12610557192889563,0.7947077689343004,25,20,20
7,9370,0.03962333500229675,0.0395633241448623,0.1261982672883104,0.7946150735645305,25,20,20
7,9371,0.039623335002478985,0.03956332414511033,0.1262359206177462,0.7945774202346647,25,20,20
7,9372,0.03962333500252371,0.03956332414559952,0.1262266965455579,0.794586644306319,25,20,20
7,9373,0.03962333500252377,0.039563324145599606,0.12623139789859616,0.7945819429532807,25,20,20
7,9374,0.03962333500252377,0.0395633241455996,0.12623128404940467,0.7945820568024722,25,20,20
7,9375,0.03959363244775488,0.03956332416074836,0.12626098240507586,0.794582060986421,25,20,20
7,9376,0.03959363244775562,0.039563324160752575,0.1262610285353504,0.7945820148561417,25,20,20
7,9377,0.03959369815790699,0.03956332415984703,0.1288155719869066,0.7920274056953401,25,20,20
7,9378,0.039601854136476704,0.03956332421781163,0.13226948217536777,0.7885653394703445,25,20,20
7,9379,0.039601854136476704,0.039563324217811634,0.13226959604899152,0.7885652255967207,25,20,20
7,9380,0.03960331568289589,0.039563324860161696,0.10049927553984234,0.8203340839171007,25,20,20
7,9381,0.03960331568289589,0.039563324860402,0.10050391376677524,0.8203294456899273,25,20,20
7,9382,0.039603315683078004,0.03956332486040636,0.1005104064334052,0.8203229530231109,25,20,20
7,9383,0.039603315683078004,0.03956332486040636,0.10051040643340511,0.820322953023111,25,20,20
7,9384,0.039603315683081994,0.03956332487434566,0.10052261351799358,0.820310745924579,25,20,20
7,9385,0.03960331568308201,0.03956332487434846,0.11449236637456829,0.8063409930680012,25,20,20
7,9386,0.039603315683081966,0.03956332487434416,0.11449217230348317,0.8063411871390906,25,20,20
7,9387,0.039603315685540576,0.010720229078818517,0.14333526809662017,0.8063411871390203,25,20,20
7,9388,0.03960331583314374,0.01072022907882392,0.13237004050272266,0.8173064145853093,25,20,20
7,9389,0.0396033158331437,0.010720229078823917,0.13236545455787527,0.8173110005301567,25,20,20
7,9390,0.039601788576589164,0.010720228436472815,0.12414428431394658,0.8255336986729911,25,20,20
7,9391,0.03960178857658922,0.010720228436470096,0.11017456010322332,0.8395034228837172,25,20,20
7,9392,0.03960178857659241,0.010720228436470174,0.11017464459852605,0.8395033383884113,25,20,20
7,9393,0.039601788576588415,0.010720228422530871,0.11016232501748544,0.8395156579833951,25,20,20
7,9394,0.0396017885765884,0.010720228422530868,0.11016243627898696,0.8395155467218938,25,20,20
7,9395,0.03960178857654302,0.01072022842252659,0.110032398269344,0.8396455847315865,25,20,20
7,9396,0.03960178857649749,0.010720228422037398,0.11002761635733249,0.8396503666441326,25,20,20
7,9397,0.03960178857649668,0.010720228422033105,0.11002287033791217,0.8396551126635579,25,20,20
7,9398,0.03960178856613855,0.010720228422033028,0.10993020694485517,0.8397477760669732,25,20,20
7,9399,0.03960178841853535,0.010720228422024468,0.10983754794189007,0.83984043521755,25,20,20
7,9400,0.03960178782685097,0.010720228421775592,0.10983081010182237,0.8398471736495507,25,20,20
7,9401,0.039601787826850955,0.010720228421775517,0.10982852984429048,0.8398494539070829,25,20,20
7,9402,0.039601787826850955,0.01072022842177559,0.10982860957852232,0.8398493741728511,25,20,20
7,9403,0.03960178782685331,0.01072022842177862,0.12088686069613373,0.8287911230552342,25,20,20
7,9404,0.03960178782685331,0.010720228421778697,0.12088694174225521,0.8287910420091126,25,20,20
7,9405,0.03960178782685336,0.01072022842178291,0.12089156283415464,0.8287864209172089,25,20,20
7,9406,0.03960178782685342,0.010720228421782987,0.12089381354848305,0.8287841702028804,25,20,20
7,9407,0.03960178782667131,0.01072022842177862,0.12088720702256389,0.828790776728986,25,20,20
7,9408,0.03960178782649215,0.010720228421539095,0.12076385801170714,0.8289141257402612,25,20,20
7,9409,0.03960178782649215,0.010720228421783615,0.12076847890630076,0.8289095048454231,25,20,20
7,9410,0.039601787826492145,0.010720228421783612,0.12076836445708937,0.8289096192946346,25,20,20
7,9411,0.039601787826492096,0.010720228421783535,0.12076822334940308,0.8289097604023209,25,20,20
7,9412,0.03960178782667248,0.010720228422025874,0.12113942305644222,0.8285385606948591,25,20,20
7,9413,0.03960178782667268,0.010720229210014108,0.12109581852787123,0.8285821644354416,25,20,20
7,9414,0.03960178782667268,0.01072022921001411,0.12110052031092622,0.8285774626523867,25,20,20
7,9415,0.03960178782667262,0.010720229209769516,0.12109585928325206,0.8285821236803055,25,20,20
7,9416,0.039601788417045564,0.010720229223688428,0.12119123696953867,0.828486745389727,25,20,20
7,9417,0.03960178841704956,0.01072022923762773,0.12120355653505667,0.8284744258102656,25,20,20
7,9418,0.03960178841704637,0.010720229237627655,0.12120347261534171,0.828474509729984,25,20,20
7,9419,0.03960178841704632,0.010720229237623365,0.12120537548170342,0.8284726068636266,25,20,20
7,9420,0.039601788417228466,0.010720229237623438,0.12120079636194223,0.8284771859832055,25,20,20
7,9421,0.03960178841722848,0.010720229237623512,0.1212009127221817,0.828477069622966,25,20,20
7,9422,0.03960178841722848,0.010720229237623512,0.12120550010892649,0.8284724822362213,25,20,20
7,9423,0.03960178841722613,0.010720229237620409,0.11014724830029073,0.8395307340448626,25,20,20
7,9424,0.03960178841722932,0.010720229237624774,0.11015385423824915,0.8395241281068967,25,20,20
7,9425,0.03960178841704719,0.010720229237865062,0.11015898752361522,0.8395189948214724,25,20,20
7,9426,0.03960178841704724,0.010720229237865135,0.11015910673461066,0.8395188756104767,25,20,20
7,9427,0.0396017884170473,0.010720229237869427,0.11015930340348343,0.8395186789415996,25,20,20
7,9428,0.03960178846318004,0.03996037573705785,0.08091915685263333,0.8395186789471285,25,20,20
7,9429,0.03960178846317685,0.03996037573704935,0.08091915461923199,0.8395186811805416,25,20,20
7,9430,0.03960178846317371,0.039960375737045056,0.08091266398265294,0.839525171817128,25,20,20
7,9431,0.03960178846317694,0.039960375736800474,0.08091616007437837,0.839521675725644,25,20,20
7,9432,0.03960178841477373,0.038571796874910295,0.08230473899012948,0.8395216757201862,25,20,20
7,9433,0.03960178841477373,0.03857179687491459,0.08231126439727611,0.8395151503130355,25,20,20
7,9434,0.03960178841477368,0.038571796874910295,0.0823157689744373,0.8395106457358785,25,20,20
7,9435,0.012704069045700806,0.03857215259066421,0.10911966006659281,0.8396041182970418,25,20,20
7,9436,0.012704069044657535,0.03996831964689014,0.1077234930114101,0.839604118297042,25,20,20
7,9437,0.012704069044657549,0.039968319646894436,0.10772041465839999,0.8396071966500478,25,20,20
7,9438,0.012704069044657535,0.03996831964689014,0.10771879118978779,0.8396088201186642,25,20,20
7,9439,0.012704069044520814,0.039968319646894346,0.10784159140178425,0.8394860199068002,25,20,20
7,9440,0.012704069044520856,0.03996831964689442,0.10784155800872176,0.8394860532998627,25,20,20
7,9441,0.01270406904452087,0.03996831964689442,0.10784383557256425,0.8394837757360202,25,20,20
7,9442,0.01270406904452087,0.03996831964689442,0.10784383557256426,0.8394837757360202,25,20,20
7,9443,0.01270406904452087,0.03996831964689442,0.10783913433662798,0.8394884769719565,25,20,20
7,9444,0.012704069044475536,0.03996831964689007,0.10770971414077282,0.8396178971678614,25,20,20
7,9445,0.012704069044475536,0.03996831964689015,0.10808281712452089,0.8392447941841132,25,20,20
7,9446,0.012704069044475536,0.03996831964688586,0.10807621064182821,0.8392514006668103,25,20,20
7,9447,0.01270406904447554,0.039968319646885936,0.10807632649375623,0.839251284814882,25,20,20
7,9448,0.012704069044797216,0.03996831964710196,0.1127509983733041,0.8345766129347965,25,20,20
7,9449,0.012704069044797161,0.03996831964710188,0.1127509969211162,0.8345766143869846,25,20,20
7,9450,0.012704068454425016,0.039968319647081384,0.11278524023026121,0.8345423716682322,25,20,20
7,9451,0.012704068454242887,0.03996831964708131,0.11278527199912876,0.8345423398995467,25,20,20
7,9452,0.012704068454242943,0.039968319647085526,0.11241877492300584,0.8349088369756654,25,20,20
7,9453,0.012704068454242887,0.039968319647085526,0.11241866539550076,0.8349089465031705,25,20,20
7,9454,0.012704068454242887,0.039968319647085526,0.11241878185097151,0.8349088300476999,25,20,20
7,9455,0.012704068454242887,0.039968319647085526,0.11242336782181994,0.8349042440768514,25,20,20
7,9456,0.012704068454242847,0.039968319647085526,0.11242340064060498,0.8349042112580665,25,20,20
7,9457,0.012704068454242833,0.039968319647085526,0.11242339862873703,0.8349042132699345,25,20,20
7,9458,0.012704068454242833,0.03996831964708545,0.11241691031090571,0.8349107015877658,25,20,20
7,9459,0.016153025055245428,0.039968417090062276,0.10906129153637834,0.8348172663183138,25,20,20
7,9460,0.016153025055248623,0.039968417090066495,0.10905678697308704,0.8348217708815975,25,20,20
7,9461,0.01615302505524868,0.039968417090066495,0.10905675302832428,0.8348218048263604,25,20,20
7,9462,0.01615302505529719,0.03996841710394988,0.10922917148147952,0.8346493863592732,25,20,20
7,9463,0.01615302505529719,0.03996841710394988,0.10922917255621506,0.8346493852845376,25,20,20
7,9464,0.016153025055293938,0.03996841710394996,0.10922557618713874,0.834652981653617,25,20,20
7,9465,0.016153025055297112,0.03996841710395422,0.10949179312520128,0.8343867647155472,25,20,20
7,9466,0.01615302505524939,0.03996841709007506,0.1093194567239859,0.8345591011306894,25,20,20
7,9467,0.016153025055250188,0.03996841709007506,0.10931945900188782,0.8345590988527866,25,20,20
7,9468,0.01615302505543311,0.03996841709007513,0.10932095588824804,0.8345576019662437,25,20,20
7,9469,0.01615302505547544,0.03996841708983054,0.10932540927868932,0.8345531485760044,25,20,20
7,9470,0.01614505538030104,0.03996841703068412,0.10933101593430533,0.8345555116547091,25,20,20
7,9471,0.03800674959661498,0.039968428141389546,0.08746931384683011,0.8345555084151656,25,20,20
7,9472,0.038006749596618976,0.03996842814139392,0.08747093943871219,0.834553882823275,25,20,20
7,9473,0.038006749596618976,0.03996842814139392,0.08747093943871213,0.834553882823275,25,20,20
7,9474,0.03800674959662222,0.03996842814139814,0.08746595733135677,0.8345588649306228,25,20,20
7,9475,0.038006749721388074,0.03996842814160007,0.09373044694861442,0.8282943751883974,25,20,20
7,9476,0.038006749721387276,0.039968428141595784,0.09373495082081926,0.8282898713161976,25,20,20
7,9477,0.038006749721383536,0.039999352965335654,0.09370402599717888,0.8282898713161018,25,20,20
7,9478,0.038006749721385125,0.03999935296557956,0.09383346749767674,0.8281604298153588,25,20,20
7,9479,0.038006749721381135,0.03999935295164026,0.09382114863326756,0.8281727486937109,25,20,20
7,9480,0.03800674972138223,0.01124038394240803,0.1225801176409384,0.8281727486952718,25,20,20
7,9481,0.0615542941876227,0.011239931060866492,0.09903296701047612,0.828172807741035,25,20,20
7,9482,0.06155429418762265,0.011239931060866418,0.09903288633905159,0.8281728884124595,25,20,20
7,9483,0.06155429418762265,0.011239931060866418,0.09902650990689038,0.8281792648446208,25,20,20
7,9484,0.06155429418766821,0.011239931074808114,0.09903184694816522,0.8281739277893584,25,20,20
7,9485,0.061554294187485335,0.011239931075052645,0.09903255655405437,0.8281732181834076,25,20,20
7,9486,0.06341758364533022,0.01123993164127969,0.09716915891989172,0.8281733257934982,25,20,20
7,9487,0.06341758364533022,0.011239931641279765,0.09716915962103448,0.8281733250923554,25,20,20
7,9488,0.06341758364532937,0.038281107272985906,0.07012798368755767,0.8281733253941266,25,20,20
7,9489,0.0634175836453749,0.0382811072732305,0.07012811737618768,0.8281731917052064,25,20,20
7,9490,0.06341739666944153,0.03828110727320548,0.0701306780301802,0.8281708180271724,25,20,20
7,9491,0.06341739666944232,0.03828110727320548,0.07013090595269804,0.8281705901046539,25,20,20
7,9492,0.06341739666948785,0.03828110727345008,0.07013562655586254,0.8281658695011993,25,20,20
7,9493,0.0634173966694862,0.03828110727320617,0.07000618360435182,0.8282953124529555,25,20,20
7,9494,0.06341739722130622,0.03828110728470527,0.037029351055491946,0.8612721444384965,25,20,20
7,9495,0.06341739722130628,0.03828110728470527,0.03702943378798262,0.8612720617060057,25,20,20
7,9496,0.06341739722132118,0.0399770383455002,0.035333503024949225,0.8612720614082292,25,20,20
7,9497,0.06341739722131799,0.03997703834549591,0.035333334790650726,0.8612722296425352,25,20,20
7,9498,0.06341739722131795,0.0399770383454917,0.035326844171703904,0.8612787202614862,25,20,20
7,9499,0.06341739675802423,0.039977039121311606,0.028679461738742057,0.8679261023819219,25,20,20
7,9500,0.06341739675802019,0.039977039121307394,0.028682538636526356,0.867923025484146,25,20,20
7,9501,0.06341739675802018,0.03997703912130747,0.02868239111024886,0.8679231730104232,25,20,20
7,9502,0.06341739675802023,0.03997703912131176,0.028682559319641424,0.8679230048010262,25,20,20
7,9503,0.06341739675801707,0.0399770391213075,0.0284162283983685,0.8681893357223069,25,20,20
7,9504,0.06341739675806243,0.039977039121551546,0.02850833588101291,0.8680972282393731,25,20,20
7,9505,0.06341739676842065,0.03997703912155576,0.028595972326525488,0.8680095917834979,25,20,20
7,9506,0.06341739676842063,0.03997703912155568,0.02859597032378893,0.8680095937862344,25,20,20
7,9507,0.06341739675810797,0.03997703912155155,0.028506027964633404,0.8680995361557069,25,20,20
7,9508,0.06341739675806243,0.03997703912130688,0.028501192427411434,0.8681043716932192,25,20,20
7,9509,0.0634173967580169,0.03997703912130673,0.02849879759295112,0.8681067665277251,25,20,20
7,9510,0.06341739675783628,0.039977038333080375,0.028175529166691214,0.8684300357423919,25,20,20
7,9511,0.06341739675783628,0.039977038333080375,0.028175413344477696,0.8684301515646056,25,20,20
7,9512,0.06341739675783623,0.039977038332835765,0.0281731334507872,0.8684324314585408,25,20,20
7,9513,0.06341739675783623,0.039977038332835765,0.028173081435135257,0.8684324834741929,25,20,20
7,9514,0.07891443709755398,0.03997702699114821,0.012676157845550352,0.8684323780657476,25,20,20
7,9515,0.07891443709755398,0.03997702699114821,0.01267623922759128,0.8684322966837067,25,20,20
7,9516,0.07891443709750925,0.03997702699090798,0.012676108764311416,0.8684324271472715,25,20,20
7,9517,0.07891443709719073,0.039977026990692034,0.008265506893634084,0.8728430290184829,25,20,20
7,9518,0.07891443709719125,0.03997702699069475,0.022235430242122992,0.8588731056699908,25,20,20
7,9519,0.07891443709719125,0.03997702699069475,0.022235464352069648,0.858873071560044,25,20,20
7,9520,0.07965735544027608,0.03997702664667658,0.021492549470671914,0.8588730684423751,25,20,20
7,9521,0.07965735544027927,0.03997702664692116,0.02149925204083685,0.8588663658719622,25,20,20
7,9522,0.07965735544026405,0.03999943181190089,0.021476846881429687,0.858866365866405,25,20,20
7,9523,0.079657355315495,0.03999943181169467,0.015212355345535862,0.8651308575272743,25,20,20
7,9524,0.07965735531549505,0.03999943181169896,0.014952613711277518,0.865390599161528,25,20,20
7,9525,0.07943897474614406,0.0399994325020701,0.015165630598579704,0.8653959621532061,25,20,20
7,9526,0.07943897474614325,0.03999943250206574,0.015161041998319903,0.8654005507534711,25,20,20
7,9527,0.07943897474614325,0.03999943250206566,0.015160926136293485,0.8654006666154976,25,20,20
7,9528,0.07943897474614325,0.03999943250206995,0.01516106902437415,0.8654005237274128,25,20,20
7,9529,0.07995610956004161,0.039999431444554354,0.014649394597407267,0.8653950643979968,25,20,20
7,9530,0.07995610955999617,0.03999943144430602,0.014563694604829178,0.8654807643908689,25,20,20
7,9531,0.07995610956013278,0.03999943144430602,0.01455611677396307,0.8654883422215982,25,20,20
7,9532,0.07995610956013283,0.03999943144430615,0.020805581691463813,0.8592388773040969,25,20,20
7,9533,0.07995610956013523,0.03999943144430615,0.020807055305092758,0.8592374036904655,25,20,20
7,9534,0.07995610956013523,0.039999431444301854,0.02080691102967605,0.8592375479658867,25,20,20
7,9535,0.07995610956031736,0.03999943144454655,0.020808567770097753,0.8592358912250379,25,20,20
7,9536,0.07995610956031815,0.03999943144478639,0.0208942579328398,0.8591502010620553,25,20,20
7,9537,0.07995610956031736,0.03999943143088798,0.02076691520734244,0.8592775438014519,25,20,20
7,9538,0.07995610956031741,0.03999943143088798,0.02077157649761794,0.8592728825111763,25,20,20
7,9539,0.07995610957230877,0.03876046305260166,0.022010544556780646,0.8592728828183084,25,20,20
7,9540,0.07995610957230871,0.03876046305260166,0.02201038135903905,0.8592730460160501,25,20,20
7,9541,0.07947558622773085,0.038760463052601626,0.02249090470361679,0.8592730460160501,25,20,20
7,9542,0.07769968837007143,0.038760463393280646,0.024266800597349,0.8592730476392987,25,20,20
7,9543,0.0776996883700707,0.038760463393280646,0.024265292811168567,0.8592745554254799,25,20,20
7,9544,0.07769968837007064,0.03876046339328057,0.024269878745725452,0.8592699694909232,25,20,20
7,9545,0.07769968837006824,0.03876046339327621,0.0243929245712081,0.8591469236654473,25,20,20
7,9546,0.07769968837006824,0.03876046339327621,0.024386321844193745,0.8591535263924618,25,20,20
7,9547,0.07769968837025036,0.03876046339328058,0.024384240302721013,0.8591556079337479,25,20,20
7,9548,0.07769968837025037,0.03876046339328487,0.024390844788462283,0.8591490034480025,25,20,20
7,9549,0.07769968837025037,0.03876046339328494,0.0243974509403423,0.8591423972961222,25,20,20
7,9550,0.07769968837025043,0.03876046339328495,0.02439761363893606,0.8591422345975286,25,20,20
7,9551,0.07769968837006909,0.038760463393284844,0.02440257947428724,0.8591372687623589,25,20,20
7,9552,0.07769968837007175,0.038760463393290624,0.010439147926492288,0.8731007003101454,25,20,20
7,9553,0.07769968837011648,0.03876046339305079,0.010353460041755832,0.8731863881950771,25,20,20
7,9554,0.07769968837011648,0.03876046339305079,0.010353462130200436,0.8731863861066326,25,20,20
7,9555,0.07769968837011647,0.0387604633930465,0.010346936731168259,0.873192911505669,25,20,20
7,9556,0.07769968837011647,0.038760463393046576,0.010351476444211758,0.8731883717926254,25,20,20
7,9557,0.07769968837011648,0.038760463393046576,0.010351563880681846,0.8731882843561553,25,20,20
7,9558,0.07769968837011967,0.038760463393046646,0.010351558943584473,0.8731882892932493,25,20,20
7,9559,0.07769968837011962,0.038760463393046646,0.010346897651265164,0.8731929505855688,25,20,20
7,9560,0.07769968837016515,0.0387604633930468,0.010347048586707631,0.8731927996500807,25,20,20
7,9561,0.07769968837011965,0.03876046337910939,0.010341716126317974,0.8731981321244531,25,20,20
7,9562,0.07769968837011884,0.03876046337886481,0.010335049655954092,0.8732047985950624,25,20,20
7,9563,0.07769968835812749,0.039999431757151094,0.009096081596791377,0.8732047982879301,25,20,20
7,9564,0.07769968835808512,0.03999943175738922,0.00946259529839946,0.8728382845861262,25,20,20
7,9565,0.07769968835808512,0.039999431757389146,0.009456105003419856,0.872844774881106,25,20,20
7,9566,0.07769968835808508,0.0399994317573891,0.0034728565680605815,0.8788280233164651,25,20,20
7,9567,0.07769968835808508,0.0399994317573891,0.003472894554596026,0.8788279853299298,25,20,20
7,9568,0.07769968835812745,0.03999943175714683,0.0031000041113926013,0.8792008757733331,25,20,20
7,9569,0.0776996882115713,0.039999430969832085,0.0027308487055287306,0.879570032113068,25,20,20
7,9570,0.07769968821152656,0.039999430969832016,0.0027307345752621854,0.8795701462433795,25,20,20
7,9571,0.07906678770834424,0.039999430629028866,0.0013636366391961254,0.8795701450234307,25,20,20
7,9572,0.07906678770838936,0.03999943064284203,0.0017377793917336723,0.8791960022570349,25,20,20
7,9573,0.07906678770838617,0.03999943064284203,0.001736189650930298,0.8791975919978414,25,20,20
7,9574,0.07906678770843169,0.03999943064284203,0.0017429235756821029,0.879190858073044,25,20,20
7,9575,0.0790667877084317,0.03999943064284203,0.001743001475215741,0.8791907801735104,25,20,20
7,9576,0.0790667877084317,0.03999943064284203,0.0017428890133809325,0.8791908926353451,25,20,20
7,9577,0.07906678770848043,0.03999943064308662,0.0017495542797884818,0.8791842273686443,25,20,20
7,9578,0.07906678770847723,0.03999943064284204,0.001742889782619772,0.8791908918660607,25,20,20
7,9579,0.07906678770843176,0.03999943064284617,0.0018349521033842698,0.8790988295453376,25,20,20
7,9580,0.07906678770843177,0.039999430642846244,0.0018350328115603616,0.8790987488371613,25,20,20
7,9581,0.07906678770843172,0.039999430642841956,0.0018350310917352559,0.879098750556991,25,20,20
7,9582,0.07906678770843178,0.03999943064285048,0.002101362376837844,0.8788324192718799,25,20,20
7,9583,0.07906678770838625,0.03999943064285473,0.002467731641561841,0.8784660500071972,25,20,20
7,9584,0.07906678770838625,0.03999943064285473,0.0024677316415618405,0.8784660500071972,25,20,20
7,9585,0.07906678770820731,0.039999430642859025,0.0024676455889802735,0.8784661360599535,25,20,20
7,9586,0.07906678770820812,0.0399994306428591,0.002474297424860708,0.878459484224072,25,20,20
7,9587,0.07906678770820813,0.0399994306428591,0.002208081061438718,0.878725700587494,25,20,20
7,9588,0.07906678770820812,0.039999430642859025,0.0022080789308837946,0.8787257027180491,25,20,20
7,9589,0.07906678770820817,0.03999943064285918,0.0024743714474511156,0.8784594102014814,25,20,20
7,9590,0.07906678770816308,0.03999943062904601,0.0021002306700237294,0.8788335509927673,25,20,20
7,9591,0.07906678770816,0.039999430629037436,0.0020937050585572515,0.8788400766042455,25,20,20
7,9592,0.07906678770816,0.039999430629037436,0.0020935919763985355,0.8788401896864041,25,20,20
7,9593,0.0790667877081592,0.039999430629037436,0.00196405406165264,0.8789697276011509,25,20,20
7,9594,0.07906678770815988,0.039999430629041724,0.0019705779537773967,0.8789632037090211,25,20,20
7,9595,0.07906678770988411,0.03999943062903747,0.012591148647806605,0.8683426330132721,25,20,20
7,9596,0.07906678770988491,0.03999943062903747,0.012591264809665182,0.8683425168514127,25,20,20
7,9597,0.07906678770988411,0.039999430629037394,0.01259122796098764,0.8683425537000908,25,20,20
7,9598,0.07906678770988411,0.03999943062903315,0.01221820512134024,0.8687155765397425,25,20,20
7,9599,0.07906678770988411,0.03999943062903315,0.012218169700522086,0.8687156119605608,25,20,20
7,9600,0.07906678770988336,0.03999943062902893,0.01221167963187097,0.8687221020292167,25,20,20
7,9601,0.0790667877098833,0.03999943062902893,0.012211646798479064,0.8687221348626087,25,20,20
7,9602,0.07906678770988329,0.03999943062902471,0.01230382017873501,0.868629961482357,25,20,20
7,9603,0.07906678770988008,0.03999943062902464,0.012303709219665615,0.8686300724414298,25,20,20
7,9604,0.07906678770988003,0.03999943062901611,0.012037379932850771,0.8688964017282532,25,20,20
7,9605,0.07906678770988089,0.03999943062901611,0.011945181655449846,0.8689886000056534,25,20,20
7,9606,0.07950838464080663,0.03999943062276505,0.011503585164986152,0.8689885995714423,25,20,20
7,9607,0.0795083846407579,0.039999430622520545,0.01187002146028314,0.8686221632764385,25,20,20
7,9608,0.07950838464075471,0.03999943062251625,0.011868510935126687,0.8686236738016025,25,20,20
7,9609,0.07950838464075391,0.039999430622516326,0.01186839620041701,0.8686237885363128,25,20,20
7,9610,0.07950838464075391,0.0399994306225164,0.011868396891441426,0.8686237878452883,25,20,20
7,9611,0.07950838464075471,0.03999943062252069,0.011868594265270573,0.8686235904714542,25,20,20
7,9612,0.07950838464075387,0.039999430622520614,0.011868661893048017,0.8686235228436776,25,20,20
7,9613,0.07950838464075391,0.039999430622524826,0.011868737884293436,0.8686234468524278,25,20,20
7,9614,0.07950838464075397,0.039999430622524826,0.01186221561275725,0.868629969123964,25,20,20
7,9615,0.07950838464075316,0.039999430622529045,0.011855706664957475,0.8686364780717603,25,20,20
7,9616,0.07327818262854573,0.03999943492145859,0.018084736119803456,0.8686376463301921,25,20,20
7,9617,0.07327818262854574,0.039999434921458514,0.01808477478665937,0.8686376076633363,25,20,20
7,9618,0.07327818262854574,0.03999943492145859,0.01808485386963325,0.8686375285803623,25,20,20
7,9619,0.07327818262855208,0.03999943492145874,0.018086425586295484,0.8686359568636935,25,20,20
7,9620,0.0732781826285521,0.03999943492131356,0.018086425586439022,0.8686359568636952,25,20,20
7,9621,0.07327818262855203,0.03999943492131341,0.017826697298101147,0.8688956851520334,25,20,20
7,9622,0.07327818262855204,0.03999943492131334,0.017828892393956183,0.8688934900561784,25,20,20
7,9623,0.0732781826285521,0.03999943492131334,0.01782878000417966,0.8688936024459549,25,20,20
7,9624,0.07327818262855529,0.03999943492130913,0.0178287534914576,0.868893628958678,25,20,20
7,9625,0.07327818263904264,0.039999434921313234,0.018094300763268692,0.8686280816763755,25,20,20
7,9626,0.07327818263903944,0.039999434921313165,0.018094266854722568,0.8686281155849249,25,20,20
7,9627,0.07327818263903939,0.03999943492131309,0.018089563933839783,0.8686328185058081,25,20,20
7,9628,0.07327818263903939,0.039999434921313165,0.01808967922027786,0.8686327032193699,25,20,20
7,9629,0.07327818263903939,0.03999997110190093,0.018089143039691728,0.8686327032193683,25,20,20
7,9630,0.07327818263903939,0.039999971101900934,0.01809347190243068,0.8686283743566292,25,20,20
7,9631,0.07327864537600298,0.03999997186727208,0.019317801822827652,0.8674035809338976,25,20,20
7,9632,0.07327864537600302,0.03999997186727208,0.019317811077372952,0.8674035716793523,25,20,20
7,9633,0.07327864537600308,0.0399999718763457,0.03328802713856258,0.8534333556090885,25,20,20
7,9634,0.07327864537600307,0.039999971876345776,0.03338015778818608,0.8533412249594651,25,20,20
7,9635,0.0732786453761852,0.03999997187635007,0.03338474918316605,0.8533366335642987,25,20,20
7,9636,0.0732781826287279,0.03999997111097466,0.03189792125736474,0.8548239250029326,25,20,20
7,9637,0.07327818262872865,0.03999997111097473,0.03189333567196036,0.8548285105883362,25,20,20
7,9638,0.07327818262872865,0.03999997111097481,0.03189337049334494,0.8548284757669515,25,20,20
7,9639,0.07327818262872866,0.039999971110974884,0.03189341069584071,0.8548284355644555,25,20,20
7,9640,0.07327818262873184,0.039999971110974884,0.031886967502241584,0.8548348787580515,25,20,20
7,9641,0.07327818262873104,0.03999997111097481,0.03188685160008145,0.8548349946602126,25,20,20
7,9642,0.07327818262873025,0.039999971110970596,0.031886769512867216,0.8548350767474318,25,20,20
7,9643,0.07327818262877897,0.039999971110974815,0.031888403361977596,0.8548334428982685,25,20,20
7,9644,0.07327818262877898,0.039999971110974815,0.031888555918015794,0.8548332903422303,25,20,20
7,9645,0.07327818262877979,0.039999971110974815,0.032017962298,0.8547038839622452,25,20,20
7,9646,0.07327818262877658,0.039999971110974815,0.03201780047678597,0.8547040457834625,25,20,20
7,9647,0.07327818262877654,0.03999997111097474,0.03192550662942088,0.8547963396308276,25,20,20
7,9648,0.07327818262877654,0.03999997111097466,0.03155251752955115,0.8551693287306976,25,20,20
7,9649,0.07327818262877654,0.03999997111097474,0.031557136906751326,0.8551647093534973,25,20,20
7,9650,0.07937700226322099,0.03999997188428936,0.025459484325588838,0.8551635415269009,25,20,20
7,9651,0.07937700226303966,0.03999997188428936,0.02546138502847799,0.855161640824193,25,20,20
7,9652,0.07937700226303968,0.03999997188428928,0.02545668518191969,0.8551663406707513,25,20,20
7,9653,0.07937700226303968,0.03999997188428936,0.02545679947044724,0.8551662263822237,25,20,20
7,9654,0.07937700226303973,0.039999971884293654,0.025456861810369606,0.855166164042297,25,20,20
7,9655,0.07937700226303974,0.039999971884297866,0.02545688883642384,0.8551661370162386,25,20,20
7,9656,0.07937700226303894,0.03999997188429358,0.02545031075355147,0.855172715099116,25,20,20
7,9657,0.07937700226303888,0.03999997188429358,0.02545014558278781,0.8551728802698797,25,20,20
7,9658,0.07937700226322103,0.039999971884293654,0.025450255238172556,0.8551727706143126,25,20,20
7,9659,0.07937700227355837,0.03999997189817283,0.02553049524145974,0.8550925305868088,25,20,20
7,9660,0.07937700227355843,0.039999971898412374,0.025659876077138283,0.8549631497508908,25,20,20
7,9661,0.07934788639912661,0.039999991991560534,0.025688970176721056,0.8549631514325917,25,20,20
7,9662,0.07934788639912661,0.03999999199156482,0.02556415298150608,0.8550879686278025,25,20,20
7,9663,0.0793478863990779,0.03999999199156061,0.025562486359183637,0.8550896352501779,25,20,20
7,9664,0.07934788639907789,0.03999999199156061,0.025562447809306384,0.8550896738000552,25,20,20
7,9665,0.07934788639907708,0.039999991991556245,0.02555774418418004,0.8550943774251866,25,20,20
7,9666,0.0793478865454593,0.03999999199179851,0.02593119221367068,0.8547209292490714,25,20,20
7,9667,0.07934788654545924,0.03999999199155468,0.025801709037211917,0.8548504124257741,25,20,20
7,9668,0.0793478863988957,0.03999999199131241,0.02543259318657102,0.8552195284232208,25,20,20
7,9669,0.07954817840960648,0.03999997260686494,0.025232322211315758,0.8552195267722128,25,20,20
7,9670,0.07954817840981798,0.03824922336702658,0.026983071450847714,0.8552195267723077,25,20,20
7,9671,0.079548178409818,0.03824922336702659,0.026983186500756717,0.8552194117223987,25,20,20
7,9672,0.07954817840981794,0.03824922336702237,0.026983110375241794,0.8552194878479179,25,20,20
7,9673,0.0795481784098188,0.038249223367026734,0.02698311897906789,0.8552194792440865,25,20,20
7,9674,0.07954817840981881,0.03824922336702681,0.026983232843639952,0.8552193653795144,25,20,20
7,9675,0.0795481784098188,0.038249223367026734,0.026983198032550493,0.8552194001906039,25,20,20
7,9676,0.07954817841217347,0.03824922336722134,0.03516044448406976,0.8470421537365354,25,20,20
7,9677,0.07954817841217512,0.03824922336722571,0.03516493669772108,0.8470376615228781,25,20,20
7,9678,0.07954817841235723,0.03824922335815209,0.021194761567962052,0.8610078366615288,25,20,20
7,9679,0.07954817841235635,0.038249223358147726,0.02119464051105825,0.8610079577184377,25,20,20
7,9680,0.0795481784100048,0.038249223357953124,0.013018982560556185,0.869183615671486,25,20,20
7,9681,0.0795481784100048,0.038249223357953124,0.013018981245115824,0.8691836169869264,25,20,20
7,9682,0.06341149856480047,0.03824922264925247,0.029155660827439846,0.8691836179585073,25,20,20
7,9683,0.0634114985648005,0.0382492226492524,0.029157817716655196,0.869181461069292,25,20,20
7,9684,0.0634114985648005,0.0382492226492524,0.029157703333384234,0.8691815754525629,25,20,20
7,9685,0.06341149856480048,0.03824922264925661,0.02915774126039232,0.8691815375255506,25,20,20
7,9686,0.06341149856498261,0.038249222649256696,0.02916002102014976,0.8691792577656109,25,20,20
7,9687,0.06341149856498657,0.038249222663154524,0.02929138015504249,0.8690478986168163,25,20,20
7,9688,0.06341149856498657,0.038249222663154524,0.029284889816433946,0.869054388955425,25,20,20
7,9689,0.06341149856498658,0.038249222663154524,0.029287118914304487,0.8690521598575546,25,20,20
7,9690,0.06341149855464918,0.03824922264927114,0.029114700422574993,0.8692245783735046,25,20,20
7,9691,0.06341149855458558,0.03824922264958945,0.04308230227956302,0.8552569765162616,25,20,20
7,9692,0.06341149855272475,0.03824922264983396,0.03246327122275537,0.8658760075746856,25,20,20
7,9693,0.06341149855272475,0.03824922264983828,0.03283409697632589,0.8655051818211108,25,20,20
7,9694,0.0634114986990971,0.038249222635944775,0.0331267629833232,0.8652125156816346,25,20,20
7,9695,0.06341149869909792,0.038249222635944775,0.03350027530717983,0.8648390033577771,25,20,20
7,9696,0.06341149869909792,0.038249222635944775,0.033506767883891654,0.8648325107810654,25,20,20
7,9697,0.06341149869909792,0.038249222635944775,0.03350206714704092,0.8648372115179161,25,20,20
7,9698,0.06341149869905237,0.038249222635700166,0.03350693358173176,0.8648323450835155,25,20,20
7,9699,0.0634114986990523,0.03824922263569595,0.03350464415561122,0.8648346345096403,25,20,20
7,9700,0.06341149869905234,0.03824922263569602,0.03363417310533981,0.8647051055599115,25,20,20
7,9701,0.06341149869910101,0.03824922263569617,0.03372639375414122,0.8646128849110614,25,20,20
7,9702,0.06341149869910102,0.03824922263569617,0.03371981801774868,0.8646194606474539,25,20,20
7,9703,0.06341164440939544,0.038249226130220616,0.07068381831495109,0.8276553111454323,25,20,20
7,9704,0.06341164440939544,0.038249226130220616,0.0706837424224119,0.8276553870379715,25,20,20
7,9705,0.06341164440944015,0.0382492261304652,0.07031690673063508,0.828022222729459,25,20,20
7,9706,0.06341164426306384,0.03824922613070548,0.06989756253125921,0.8284415670749711,25,20,20
7,9707,0.06341164426301836,0.038249226130709614,0.06980545810110828,0.8285336715051633,25,20,20
7,9708,0.06341164426320046,0.03824922613071383,0.06967612528823858,0.8286630043178467,25,20,20
7,9709,0.06341164426319729,0.03824922613071383,0.06967453630759371,0.8286645932984947,25,20,20
7,9710,0.06341164426319734,0.038249226130709545,0.06967669343424253,0.8286624361718503,25,20,20
7,9711,0.06341164426298991,0.039977037948411946,0.0679488816168407,0.8286624361717572,25,20,20
7,9712,0.06341164426280776,0.03997703794841192,0.06821501665337819,0.8283963011354019,25,20,20
7,9713,0.0634116442653405,0.0399770379484146,0.068474670904426,0.8281366468818185,25,20,20
7,9714,0.06341164426522199,0.03997703794809622,0.05450490317155857,0.8421064146151229,25,20,20
7,9715,0.06341164426522283,0.03997703794810057,0.054634432049428854,0.8419768857372475,25,20,20
7,9716,0.06341164426504069,0.0399770379481005,0.05463439047047532,0.8419769273163833,25,20,20
7,9717,0.06341164426504076,0.03997703794810485,0.05475731302323749,0.8418540047636166,25,20,20
7,9718,0.0634115004722231,0.039977153937155924,0.05778813897437135,0.8388232066162492,25,20,20
7,9719,0.0634115004722231,0.039977153937155924,0.05778834050887117,0.8388230050817493,25,20,20
7,9720,0.06341150047226864,0.03997715393715607,0.05778846258350053,0.8388228830070743,25,20,20
7,9721,0.06341150047227183,0.03997715393715607,0.05778842596973835,0.8388229196208333,25,20,20
7,9722,0.06341150047227177,0.03997715393715607,0.057786264273802936,0.8388250813167687,25,20,20
7,9723,0.06341151770990786,0.03997852004233975,0.057785438802692116,0.8388245234450598,25,20,20
7,9724,0.06700595537138565,0.03997703445357619,0.05419248887306646,0.8388245213019713,25,20,20
7,9725,0.06700595537357565,0.03997703445377833,0.06017599505397755,0.832841015118668,25,20,20
7,9726,0.06700595537362117,0.03997703445353803,0.06017134257023807,0.8328456676026024,25,20,20
7,9727,0.06700595537362115,0.03997703445353795,0.06017126006693295,0.8328457501059077,25,20,20
7,9728,0.06700595537362121,0.03997703445354167,0.06483004792434165,0.8281869622484952,25,20,20
7,9729,0.0667424214734879,0.039977029387608165,0.06509221801364855,0.8281883311252554,25,20,20
7,9730,0.06674242147344556,0.039977029387608165,0.06509223939749503,0.8281883097414512,25,20,20
7,9731,0.06674242148398198,0.03997702938760817,0.06519771432564711,0.8280828348027627,25,20,20
7,9732,0.06674242148398198,0.03997702938760817,0.06519771432769302,0.8280828348007168,25,20,20
7,9733,0.06674242148397797,0.0382815227842946,0.06689322093091897,0.8280828348008085,25,20,20
7,9734,0.06674242148397477,0.038281522784298735,0.06689778052458785,0.8280782752071387,25,20,20
7,9735,0.06674242148397477,0.03828152278429874,0.0668977805252882,0.8280782752064383,25,20,20
7,9736,0.06674242148397164,0.038281522784298666,0.06689931747744125,0.8280767382542885,25,20,20
7,9737,0.06674242149314451,0.038281522784302455,0.07155846091247506,0.8234175948100781,25,20,20
7,9738,0.06674242149418695,0.03828107720909384,0.07155890618340084,0.8234175951133185,25,20,20
7,9739,0.06674242149606412,0.0382810772193595,0.08261291980362823,0.8123635814809486,25,20,20
7,9740,0.06674041095112687,0.0382810776844426,0.08261480349248444,0.8123637078719468,25,20,20
7,9741,0.06674041095112689,0.0382810776844426,0.08274428574467477,0.8122342256197562,25,20,20
7,9742,0.06674041095112689,0.0382810776844426,0.08274417385636186,0.8122343375080692,25,20,20
7,9743,0.06674041095112693,0.0382810776844426,0.08273966696320637,0.8122388444012246,25,20,20
7,9744,0.06674041094893694,0.038281077684236275,0.07661934974226867,0.818359161624558,25,20,20
7,9745,0.0666563912154075,0.038281363179509545,0.07670442897556545,0.8183578166295175,25,20,20
7,9746,0.06665639121541064,0.03828136317974928,0.07642362174068892,0.818638623864151,25,20,20
7,9747,0.06665639121565822,0.038281363179749284,0.08875438750258496,0.8063078581020079,25,20,20
7,9748,0.06665639121565815,0.03828136317974493,0.08862485936007954,0.8064373862445177,25,20,20
7,9749,0.0666563912156581,0.03828136317974114,0.08396598901564983,0.8110962565889512,25,20,20
7,9750,0.06665639120512167,0.03828136317974106,0.0838604792653693,0.8112017663497683,25,20,20
7,9751,0.06665639120512483,0.03828136317974533,0.08412681079694367,0.8109354348181864,25,20,20
7,9752,0.06665639120512477,0.03828136317974104,0.08412661554993693,0.8109356300651974,25,20,20
7,9753,0.06665639120516711,0.03828136317974111,0.08413112322782051,0.8109311223872716,25,20,20
7,9754,0.06665639120412839,0.039968248978067944,0.0824442377338644,0.8109311220839396,25,20,20
7,9755,0.06665639120413158,0.039968248991918316,0.0827116865924979,0.8106636732114526,25,20,20
7,9756,0.06665639120413158,0.039968248991918316,0.08271171993293683,0.8106636398710135,25,20,20
7,9757,0.06665639120413164,0.03996824899192261,0.0827164204637805,0.8106589393401655,25,20,20
7,9758,0.06315129770540373,0.039968278014225714,0.08622133956763195,0.8106590847127387,25,20,20
7,9759,0.06315129770540373,0.03996827801422572,0.0862213408544472,0.8106590834259232,25,20,20
7,9760,0.0631512977051561,0.03996827801422572,0.07388895422068358,0.8229914700599343,25,20,20
7,9761,0.06315129770515929,0.0399682780144703,0.07376606555551658,0.8231143587248537,25,20,20
7,9762,0.06315129770515929,0.0399682780144703,0.07376606497992824,0.8231143593004421,25,20,20
7,9763,0.06315129769598647,0.03996827801446666,0.06910699737114012,0.8277734269184066,25,20,20
7,9764,0.06315129769598647,0.039968278014462476,0.06910701200051046,0.8277734122890403,25,20,20
7,9765,0.06315129769598653,0.039968278014462476,0.06910855380852805,0.8277718704810227,25,20,20
7,9766,0.0631512976959897,0.039968278014466764,0.06910852050651822,0.8277719037830252,25,20,20
7,9767,0.06315129769598972,0.039968278000616475,0.06884118742525586,0.8280392368781377,25,20,20
7,9768,0.06315129769599045,0.03996827800061633,0.06884111302296009,0.8280393112804331,25,20,20
7,9769,0.06315129769594492,0.03996827800061196,0.06883652251036673,0.8280439017930763,25,20,20
7,9770,0.06315129769594253,0.03996827800060774,0.06883655631362147,0.8280438679898282,25,20,20
7,9771,0.06315129770632068,0.039968278014542696,0.06871934828618166,0.8281610759929547,25,20,20
7,9772,0.06315129770632075,0.039968278014542696,0.06872096974373562,0.8281594545354009,25,20,20
7,9773,0.06315129770632388,0.03996827801454277,0.06872405101715962,0.8281563732619737,25,20,20
7,9774,0.06306425415675365,0.03996824852715942,0.06881139581767094,0.8281561014984156,25,20,20
7,9775,0.0630642542781898,0.039968248527159404,0.07597786184319967,0.8209896353514508,25,20,20
7,9776,0.063064254278189,0.03996824852715933,0.07597771182129837,0.820989785373353,25,20,20
7,9777,0.0630642542781858,0.039968248526914746,0.07597116131828457,0.8209963358766146,25,20,20
7,9778,0.06306425430465953,0.03996824852715933,0.0688134862271776,0.8281540109410033,25,20,20
7,9779,0.06306425430483131,0.03996824927343173,0.07125492188436705,0.8257125745373698,25,20,20
7,9780,0.06306425430483133,0.0399682492734318,0.07125503508451035,0.8257124613372264,25,20,20
7,9781,0.06306425429815865,0.03996824927343447,0.07125503509043002,0.8257124613379767,25,20,20
7,9782,0.06306425696409301,0.03779542539015058,0.07342783923723686,0.8257124784085194,25,20,20
7,9783,0.06306425696409301,0.0377954253901505,0.07343437518989923,0.825705942455857,25,20,20
7,9784,0.06306425696409301,0.0377954253901505,0.0734343757757827,0.8257059418699736,25,20,20
7,9785,0.07950110466166431,0.03779542539059391,0.05699752734718413,0.8257059426005573,25,20,20
7,9786,0.07950110465128532,0.03779542537665461,0.05698532026527174,0.825718149706788,25,20,20
7,9787,0.07950110465165036,0.03779542537665469,0.056980375000829274,0.8257230949708654,25,20,20
7,9788,0.07950110465128529,0.03779542537665469,0.05698527320263213,0.8257181967694277,25,20,20
7,9789,0.04036762508998365,0.03779675933404249,0.09611741854638359,0.825718197029591,25,20,20
7,9790,0.04036762508998365,0.037796759334046776,0.0961240217779938,0.8257115937979767,25,20,20
7,9791,0.04036762509257898,0.03779675933404685,0.09612168822712018,0.8257139273462548,25,20,20
7,9792,0.03952062036839666,0.037795425376373114,0.09697002885993207,0.825713925395299,25,20,20
7,9793,0.03952062036839985,0.03779542537637748,0.09697655433264397,0.8257073999225792,25,20,20
7,9794,0.03952062036839984,0.03779542537638059,0.10803284707024804,0.814651107184972,25,20,20
7,9795,0.039520620368581956,0.03779542537638059,0.10803104063103351,0.8146529136240045,25,20,20
7,9796,0.03952062036841098,0.03779542463010826,0.10558964439195177,0.8170943106095298,25,20,20
7,9797,0.039520620365821976,0.037795424630103894,0.10558898644603451,0.8170949685580403,25,20,20
7,9798,0.03952062036563987,0.03779542463010382,0.1055842286681936,0.8170997263360634,25,20,20
7,9799,0.03952062036563993,0.03779542463010382,0.10558893156727717,0.8170950234369798,25,20,20
7,9800,0.03952061769970177,0.03999971613513116,0.10338465979873067,0.8170950063664371,25,20,20
7,9801,0.039869351919970965,0.039999430635163695,0.10303623454318181,0.8170949829016838,25,20,20
7,9802,0.039869351917392756,0.03999943063515878,0.10314299767754827,0.8169882197699007,25,20,20
7,9803,0.03986935191739281,0.03999943063516313,0.10323526374704196,0.8168959537004024,25,20,20
7,9804,0.03986935191551485,0.03999943062489748,0.09217683733687554,0.8279543801227125,25,20,20
7,9805,0.03986935191551479,0.03999943062489742,0.09208472657599322,0.8280464908835949,25,20,20
7,9806,0.039869348212848224,0.039999430634065004,0.09208473022726198,0.8280464909258254,25,20,20
7,9807,0.03986934821284817,0.03999943063382691,0.09208471165047806,0.8280465095028474,25,20,20
7,9808,0.032221525620694386,0.03999966040469081,0.09973228610132688,0.8280465278732883,25,20,20
7,9809,0.032221525620694386,0.03999966040469081,0.09973224955985889,0.8280465644147563,25,20,20
7,9810,0.03222152562069435,0.039999660404690815,0.09973415308720147,0.8280446608874137,25,20,20
7,9811,0.032221525623281455,0.039999660404690815,0.09986418918080614,0.8279146247912219,25,20,20
7,9812,0.03222152562328465,0.03999966040469089,0.09986877900582904,0.8279100349661955,25,20,20
7,9813,0.032221525623284696,0.03999966040469089,0.09986878935966319,0.8279100246123615,25,20,20
7,9814,0.032221525623284654,0.03999966040468786,0.0888109896007194,0.8389678243713083,25,20,20
7,9815,0.032220058197895224,0.039999660413353524,0.08881245705875833,0.8389678243299933,25,20,20
7,9816,0.032220058197895224,0.039999660413353524,0.08881234463161031,0.8389679367571413,25,20,20
7,9817,0.02911115533843399,0.0399994307720289,0.09192149604164791,0.8389679178478897,25,20,20
7,9818,0.02911115533843399,0.03999943077202464,0.09154839273674954,0.8393410211527924,25,20,20
7,9819,0.02911115533843399,0.03999943077202464,0.0915484307022042,0.8393409831873377,25,20,20
7,9820,0.02911115533843399,0.03999943077202464,0.09154831827708124,0.8393410956124605,25,20,20
7,9821,0.0291111553384308,0.03999943077202457,0.09154361696794937,0.8393457969215956,25,20,20
7,9822,0.02911115533856683,0.03999943077202456,0.09167332375780018,0.8392160901316089,25,20,20
7,9823,0.029111155338566827,0.03999943077202456,0.09167328636791323,0.8392161275214959,25,20,20
7,9824,0.03234628865360979,0.03999943119616104,0.08843815070850886,0.839216129441721,25,20,20
7,9825,0.03234628865360979,0.039999431196160964,0.08843818212439962,0.8392160980258302,25,20,20
7,9826,0.03234628865360985,0.03999943119615668,0.08843165938700973,0.8392226207632243,25,20,20
7,9827,0.03234628865360991,0.03999943119615675,0.08880461487288911,0.8388496652773447,25,20,20
7,9828,0.032346288653610694,0.03999943119616105,0.08879820581019439,0.8388560743400342,25,20,20
7,9829,0.029110876427029853,0.03999943077180863,0.0920334841096915,0.8388562086914702,25,20,20
7,9830,0.02911087627911757,0.039999430771564135,0.09202472184060786,0.8388649711087106,25,20,20
7,9831,0.02911087627911789,0.03828112006019712,0.09374303255197464,0.8388649711087106,25,20,20
7,9832,0.02911087627911789,0.03828112006019712,0.09374963474216344,0.8388583689185218,25,20,20
7,9833,0.029110876279114732,0.03828112006019705,0.09348329058962795,0.8391247130710606,25,20,20
7,9834,0.029110876279108338,0.03828112006019705,0.09348169399299831,0.8391263096676966,25,20,20
7,9835,0.02911084971666432,0.038281120051373935,0.09348172052147322,0.8391263097104894,25,20,20
7,9836,0.029110849716664333,0.038281120051373935,0.09348168774859164,0.839126342483371,25,20,20
7,9837,0.02911086911842618,0.038281172210588035,0.09348161404906755,0.8391263446219192,25,20,20
7,9838,0.02911086911842618,0.038281172210588035,0.09348164107709568,0.8391263175938911,25,20,20
7,9839,0.02911086911842932,0.038281172210588035,0.09348318157689971,0.8391247770940837,25,20,20
7,9840,0.02911086911842853,0.038281172210588035,0.0931123499046283,0.8394956087663562,25,20,20
7,9841,0.029110869118428515,0.03828117221058796,0.09311018609719335,0.8394977725737911,25,20,20
7,9842,0.029110869118425326,0.038281172210343904,0.09301792940903553,0.8395900292621963,25,20,20
7,9843,0.029110869118642267,0.039967756416871954,0.09133134520219464,0.8395900292622922,25,20,20
7,9844,0.029110869118642267,0.039967756416871954,0.0913312327647715,0.8395901416997152,25,20,20
7,9845,0.029110869118641487,0.039967756416872,0.09159736829512764,0.8393240061693598,25,20,20
7,9846,0.02911086911845992,0.039967756416867804,0.09146759435503592,0.8394537801096372,25,20,20
7,9847,0.02911086911846306,0.039967756416867874,0.09146759579894717,0.8394537786657227,25,20,20
7,9848,0.029110869118463004,0.039967756416867804,0.09146766953936289,0.8394537049253071,25,20,20
7,9849,0.02911086911846299,0.03996775641686773,0.09133814593017248,0.8395832285344976,25,20,20
7,9850,0.02911086911846379,0.039967756416872016,0.09133329035127569,0.8395880841133893,25,20,20
7,9851,0.02911086911846732,0.03996775641708815,0.09599268229683725,0.8349286921676079,25,20,20
7,9852,0.02911086911846379,0.039967756416872016,0.09133340621230229,0.8395879682523626,25,20,20
7,9853,0.02911086911846379,0.039967756416872016,0.09133992792715354,0.8395814465375113,25,20,20
7,9854,0.02911086911850918,0.03996775641687217,0.09146933982808568,0.8394520346365337,25,20,20
7,9855,0.02911086911851237,0.039967756416872245,0.0914694217501856,0.8394519527144304,25,20,20
7,9856,0.029110869118466987,0.03996775641687209,0.09133989746817317,0.8395814769964884,25,20,20
7,9857,0.029110869118466987,0.03996775641687217,0.09134448285433536,0.8395768916103262,25,20,20
7,9858,0.029110869118249793,0.03997761878917104,0.09133462048225369,0.8395768916103262,25,20,20
7,9859,0.029110869118249793,0.03997761878917525,0.091336279496708,0.8395752325958676,25,20,20
7,9860,0.02911086911825065,0.03997761878917533,0.09133856266259134,0.8395729494299835,25,20,20
7,9861,0.029110869118249904,0.03997761878917518,0.09134004051756227,0.8395714715750134,25,20,20
7,9862,0.02911086911824916,0.03997761878917097,0.09133992631660927,0.8395715857759711,25,20,20
7,9863,0.029110869118245966,0.03997761878917097,0.09133841777416515,0.8395730943184185,25,20,20
7,9864,0.029110869118428074,0.03997761878917519,0.09133651880001863,0.8395749932923786,25,20,20
7,9865,0.02911086911842488,0.039977618789175114,0.09133651734731738,0.8395749947450832,25,20,20
7,9866,0.02911086911842404,0.03997761878917504,0.09133427661522286,0.8395772354771787,25,20,20
7,9867,0.02911086911842723,0.039977618789419626,0.09133899765242964,0.8395725144397241,25,20,20
7,9868,0.029110869118545657,0.03997761930614138,0.10533336424129244,0.8255781473340212,25,20,20
7,9869,0.029110869118545605,0.03997761930614138,0.10533336421623447,0.8255781473590793,25,20,20
7,9870,0.029110869118724524,0.03997761930614988,0.1053352681743018,0.8255762434008244,25,20,20
7,9871,0.029110869118770075,0.039977619306149965,0.10533541131321147,0.8255761002618691,25,20,20
7,9872,0.029110869118770873,0.03997761930614989,0.10533537023061083,0.8255761413444689,25,20,20
7,9873,0.05529857449582077,0.03997761935677977,0.07914687948845157,0.8255769266589478,25,20,20
7,9874,0.0552985744960029,0.03997761935677558,0.07888071183607907,0.8258430943111423,25,20,20
7,9875,0.05529857449600609,0.039977619356779875,0.07888720249769714,0.8258366036495168,25,20,20
7,9876,0.05529857449601332,0.03828101820318068,0.08058380365129329,0.8258366036495127,25,20,20
7,9877,0.05529857449601412,0.03828101820318076,0.08058377288150835,0.8258366344192969,25,20,20
7,9878,0.05237818433815869,0.038281018072062405,0.08350414703119721,0.8258366505585816,25,20,20
7,9879,0.05838894722157101,0.0382812556179152,0.07387809223231855,0.8294517049281953,25,20,20
7,9880,0.05838894722157021,0.038281255617915046,0.07387800856174638,0.8294517885987683,25,20,20
7,9881,0.058388947221524656,0.038281255617914976,0.07387786342318038,0.8294519337373799,25,20,20
7,9882,0.05838894722152146,0.03828125561767038,0.07387302901149773,0.8294567681493104,25,20,20
7,9883,0.05838894722151832,0.03828125561790901,0.0741327749946877,0.8291970221658851,25,20,20
7,9884,0.05838894722139996,0.03828125510118727,0.06013838293746481,0.8431914147399482,25,20,20
7,9885,0.05838894722139996,0.03828125510118727,0.06013846189991761,0.8431913357774954,25,20,20
7,9886,0.05838894722139991,0.03828125510118734,0.06013692210569625,0.8431928755717166,25,20,20
7,9887,0.0583889289315383,0.03828120294388145,0.060042611302840124,0.8432872568217401,25,20,20
7,9888,0.058388928931583824,0.03828120294413034,0.060047353766061205,0.8432825143582245,25,20,20
7,9889,0.05838892893158377,0.03828120294413034,0.060047465730494985,0.8432824023937908,25,20,20
7,9890,0.058388928931583754,0.03828120294413034,0.06004757620295328,0.8432822919213326,25,20,20
7,9891,0.05838892893140244,0.03828120294412184,0.06004259163234053,0.8432872764921352,25,20,20
7,9892,0.0583889289313993,0.03828120294412176,0.06004068924610736,0.8432891788783716,25,20,20
7,9893,0.0583889289313993,0.03828120294412176,0.06004571742141665,0.8432841507030624,25,20,20
7,9894,0.05838892893139924,0.03828120294387877,0.05977936688769442,0.8435505012370276,25,20,20
7,9895,0.058388928931398035,0.03828120294412161,0.060045553834313016,0.8432843142901674,25,20,20
7,9896,0.05838892893139804,0.038281202944121615,0.06005215742144631,0.843277710703034,25,20,20
7,9897,0.05838892893161307,0.038273152209403416,0.060060208155856144,0.8432777107031274,25,20,20
7,9898,0.05838892893161307,0.038273152209403416,0.06006020534667403,0.8432777135123095,25,20,20
7,9899,0.05838892893143095,0.03827315220939913,0.06005550152455402,0.843282417334616,25,20,20
7,9900,0.05838892893143413,0.03827315220939906,0.060060216720060476,0.8432777021391064,25,20,20
7,9901,0.05838892893143333,0.03827315220939484,0.060058582469606436,0.8432793363895655,25,20,20
7,9902,0.05838892893143402,0.0382731522093949,0.06630833852076927,0.8370295803384019,25,20,20
7,9903,0.05838892773802674,0.03827315220748724,0.0664026933897053,0.8369352266647806,25,20,20
7,9904,0.058388927738026786,0.03827315220748724,0.06640281612689657,0.8369351039275895,25,20,20
7,9905,0.058388927738025995,0.038273152207487164,0.06639624602343493,0.8369416740310518,25,20,20
7,9906,0.06606135737084907,0.038272914602105024,0.062340029562987335,0.8333256984640584,25,20,20
7,9907,0.06951314661271484,0.03827291460557091,0.058888256761102424,0.8333256820206115,25,20,20
7,9908,0.06951314661271489,0.03827291460557084,0.058888224318917146,0.8333257144627969,25,20,20
7,9909,0.06951314661271808,0.03827291460557513,0.05888985070976334,0.8333240880719432,25,20,20
7,9910,0.06951314661249632,0.03999920005681386,0.057163565258931286,0.8333240880717583,25,20,20
7,9911,0.0695131466124963,0.039999200056813865,0.05715696169614008,0.8333306916345495,25,20,20
7,9912,0.06951314661249627,0.03999920005681384,0.05742155218907217,0.8330661011416176,25,20,20
7,9913,0.06951314661249311,0.03999920005680965,0.057155301229962124,0.833332352100735,25,20,20
7,9914,0.06951314661249242,0.03999920005680966,0.05090554590500318,0.8395821074256946,25,20,20
7,9915,0.06951314661249322,0.039999200056813955,0.05090705561648447,0.8395805977142082,25,20,20
7,9916,0.06951314661249318,0.039999200056809736,0.050902467376392216,0.8395851859543048,25,20,20
7,9917,0.06951314660990685,0.039999200056818264,0.05103876088231889,0.8394488924509557,25,20,20
7,9918,0.06951314660995238,0.03999920005681834,0.051045494441830395,0.8394421588913985,25,20,20
7,9919,0.0695131466099069,0.039999200056814066,0.05104311091566422,0.8394445424176147,25,20,20
7,9920,0.06951314660995243,0.039999200056814066,0.051045016802398785,0.8394426365308345,25,20,20
7,9921,0.06951314660995317,0.03999920005657382,0.05104736091486206,0.8394402924186107,25,20,20
7,9922,0.0695131465895764,0.03999920005657323,0.05094926899297031,0.8395383843608798,25,20,20
7,9923,0.06951314658953087,0.03999920005657323,0.05094261740247595,0.8395450359514197,25,20,20
7,9924,0.06951314658934994,0.03999920005653664,0.05692584603924031,0.8335618073148727,25,20,20
7,9925,0.06951314658935125,0.039999200056690096,0.070629387212391,0.8198582661415672,25,20,20
7,9926,0.06951314658935132,0.03999920005669446,0.07062947019136004,0.8198581831625938,25,20,20
7,9927,0.06951314658935204,0.03999920005669017,0.07063600688871458,0.819851646465243,25,20,20
7,9928,0.06951314658934965,0.03999920005668596,0.07063449845066859,0.8198531549032956,25,20,20
7,9929,0.06951314658963878,0.03999920005668937,0.03892416827506692,0.8515634850786042,25,20,20
7,9930,0.0695131465896388,0.039999200056933956,0.038930758838639876,0.8515568945147869,25,20,20
7,9931,0.07974283488968358,0.03999920014245634,0.02870107045132468,0.8515568945165352,25,20,20
7,9932,0.07974283488968438,0.03999920014270092,0.02870777349645569,0.8515501914711588,25,20,20
7,9933,0.0798718692392248,0.039999200142643236,0.02857873957872722,0.8515501910394047,25,20,20
7,9934,0.07987186923922479,0.039999200142643236,0.028844991010348934,0.8512839396077828,25,20,20
7,9935,0.07987186923922464,0.038281522441036005,0.030562668706636355,0.8512839396131028,25,20,20
7,9936,0.07987186923922383,0.03828152244079142,0.030560667148123725,0.8512859411718608,25,20,20
7,9937,0.07987186923893423,0.03828152244078809,0.022369160503644066,0.8594774478166335,25,20,20
7,9938,0.07987186923893105,0.03828152244078817,0.022364445307984003,0.8594821630122966,25,20,20
7,9939,0.07987186982517895,0.03828152245484366,0.022738481750745932,0.8591081259692313,25,20,20
7,9940,0.07987186982517817,0.03828152245484374,0.02274006341453345,0.8591065443054444,25,20,20
7,9941,0.07987186982517815,0.03828152245484366,0.02273998229865456,0.8591066254213234,25,20,20
7,9942,0.07987186982517815,0.03828152245483937,0.0227450017397441,0.8591016059802381,25,20,20
7,9943,0.07987186982517741,0.03828152245483937,0.022744968252972522,0.8591016394670105,25,20,20
7,9944,0.0798718698251782,0.0382815224548393,0.022745000839997944,0.8591016068799844,25,20,20
7,9945,0.06946593126210254,0.038281526337468175,0.033149916436975256,0.8591026259634539,25,20,20
7,9946,0.06946593126210222,0.039992241326394756,0.03143920145336894,0.8591026259581339,25,20,20
7,9947,0.06946593126469733,0.03999224132664356,0.031445913624799766,0.8590959137838591,25,20,20
7,9948,0.06946593126469733,0.039992241326647845,0.03144140738475824,0.8591004200238963,25,20,20
7,9949,0.06946593126469733,0.03999224132664356,0.03144591196234934,0.8590959154463096,25,20,20
7,9950,0.06946593126469731,0.039992241326398975,0.03144581393204384,0.8590960134768596,25,20,20
7,9951,0.06946593126210227,0.039992241326150174,0.03143914485359477,0.8591026825581526,25,20,20
7,9952,0.06946593126210227,0.039992241326158626,0.03169874383667801,0.8588430835750609,25,20,20
7,9953,0.06946593126210232,0.0399922413261587,0.03169225271215409,0.8588495746995847,25,20,20
7,9954,0.0694659318537867,0.03999224132640758,0.03169899254985281,0.8588428342699528,25,20,20
7,9955,0.06946593185383143,0.03999224132664374,0.031435022042202984,0.8591068047773218,25,20,20
7,9956,0.060867542209351845,0.039993465056891914,0.04003030510588989,0.8591086876278662,25,20,20
7,9957,0.060867542799657254,0.039993465849695486,0.040130132396656755,0.8590088589539904,25,20,20
7,9958,0.06086754279965732,0.03999346584969981,0.040503167074459376,0.8586358242761836,25,20,20
7,9959,0.06086754279965726,0.04000044126397676,0.04049619166018413,0.8586358242761818,25,20,20
7,9960,0.06086754279965726,0.04000044126397677,0.04049160429787163,0.8586404116384944,25,20,20
7,9961,0.06086754280223862,0.040000441277831394,0.04075893962657899,0.8583730762933509,25,20,20
7,9962,0.060867542802238626,0.040000441277831394,0.040759014591011396,0.8583730013289187,25,20,20
7,9963,0.06086754280223861,0.04000044127783133,0.04075901316325232,0.8583730027566777,25,20,20
7,9964,0.05377786205703719,0.04000091670153791,0.047847084061537294,0.8583741371798875,25,20,20
7,9965,0.05377786147079244,0.04000091668748241,0.04747296700670672,0.8587482548350183,25,20,20
7,9966,0.05377786147079323,0.040000916687482374,0.047106458477144286,0.8591147633645799,25,20,20
7,9967,0.061033772343959306,0.03999968907911103,0.039850769863302944,0.8591157687136267,25,20,20
7,9968,0.06230225078809437,0.039999213566425953,0.03858390136252424,0.8591146342829556,25,20,20
7,9969,0.06230225078804883,0.03999921356618127,0.03858153885050566,0.8591169967952642,25,20,20
7,9970,0.06230225078804888,0.03999921356618127,0.03858461791797572,0.8591139177277942,25,20,20
7,9971,0.06230225078804568,0.03999921356618127,0.03858453732969763,0.8591139983160754,25,20,20
7,9972,0.062302250788043606,0.039999213566019286,0.02461466313683804,0.8730838725090989,25,20,20
7,9973,0.06230225078804361,0.039999213579919125,0.024735265960575566,0.8729632696714615,25,20,20
7,9974,0.06230225019635923,0.03999921357967026,0.024728528085890725,0.8729700081380797,25,20,20
7,9975,0.06230225019672339,0.03999921357967026,0.024736715885464507,0.8729618203381416,25,20,20
7,9976,0.0623022501941452,0.039999213579666,0.024736715541761326,0.8729618206844273,25,20,20
7,9977,0.062302250194145155,0.039999213579666,0.02473825394471636,0.8729602822814724,25,20,20
7,9978,0.06230225019414517,0.039999213579666,0.02447852554510221,0.8732200106810866,25,20,20
7,9979,0.06230225019432581,0.03999921436789657,0.02480831741115944,0.872890218026618,25,20,20
7,9980,0.06824576314492463,0.03999921436944355,0.018864804451659844,0.872890218033972,25,20,20
7,9981,0.06824576314492542,0.03999921436944362,0.01887140795946779,0.8728836145261633,25,20,20
7,9982,0.06824576314492463,0.03999921436943933,0.018866785966346354,0.8728882365192896,25,20,20
7,9983,0.06824576314492461,0.03999921436923293,0.012617205141248118,0.8791378173445945,25,20,20
7,9984,0.06824576314492531,0.03999921436923655,0.018867074323770768,0.8728879481620675,25,20,20
7,9985,0.06824576314492531,0.03999921436923655,0.018867154778903408,0.8728878677069349,25,20,20
7,9986,0.06824576314492532,0.03999921436923662,0.018867157263595658,0.8728878652222426,25,20,20
7,9987,0.06816744479517817,0.03999921437244159,0.01894547517768557,0.8728878656546948,25,20,20
7,9988,0.06816744479517817,0.03999921437244159,0.018945587053698122,0.8728877537786822,25,20,20
7,9989,0.06816744479517822,0.039999214372441666,0.018945668159495353,0.8728876726728849,25,20,20
7,9990,0.06816744479517817,0.03999921435854601,0.019086695895130408,0.8727466449511456,25,20,20
7,9991,0.06816744479517742,0.03999921435854609,0.019086701397829895,0.8727466394484468,25,20,20
7,9992,0.06816744479522173,0.03999921435878836,0.019453219336347215,0.8723801215096428,25,20,20
7,9993,0.06816744479522173,0.039999214358788365,0.019453220760415717,0.8723801200855743,25,20,20
7,9994,0.06816744420491627,0.039999213565984786,0.01935797941565566,0.8724753628134435,25,20,20
7,9995,0.06816744420493148,0.039968122449157345,0.01938907052691177,0.8724753628189997,25,20,20
7,9996,0.06816744420493154,0.039968122449157345,0.019384489837415458,0.8724799435084958,25,20,20
7,9997,0.0681674447916546,0.03996812244915741,0.019384490104483187,0.8724799426547051,25,20,20
7,9998,0.06816744479165461,0.03996812244915315,0.019118159516830033,0.8727462732423623,25,20,20
7,9999,0.06773812693139394,0.039968533068158084,0.019549048883276746,0.8727442911171714,25,20,20
7,10000,0.06773812693139328,0.03996853306815447,0.013299294640731197,0.8789940453597215,25,20,20
